timestamp,equity
1653465600000,60.0000
1653469200000,59.9165
1653472800000,59.6171
1653476400000,58.9026
1653480000000,59.0347
1653483600000,59.3224
1653487200000,59.3709
1653490800000,59.0848
1653494400000,58.9478
1653498000000,59.1523
1653501600000,59.3992
1653505200000,59.1662
1653508800000,59.5403
1653512400000,59.5831
1653516000000,59.6011
1653519600000,59.2374
1653523200000,59.5696
1653526800000,59.6747
1653530400000,60.1970
1653534000000,59.9149
1653537600000,59.7619
1653541200000,58.8659
1653544800000,59.3937
1653548400000,59.3239
1653552000000,58.8503
1653555600000,59.2959
1653559200000,59.3662
1653562800000,59.2619
1653566400000,58.9616
1653570000000,58.6975
1653573600000,59.1143
1653577200000,59.1189
1653580800000,59.3092
1653584400000,59.7789
1653588000000,59.3097
1653591600000,59.3778
1653595200000,59.6248
1653598800000,60.0108
1653602400000,59.9248
1653606000000,59.0609
1653609600000,59.3575
1653613200000,59.6110
1653616800000,59.3735
1653620400000,59.2349
1653624000000,58.9930
1653627600000,58.4195
1653631200000,58.4289
1653634800000,58.7347
1653638400000,58.4236
1653642000000,58.6162
1653645600000,58.6719
1653649200000,58.8380
1653652800000,59.4043
1653656400000,59.3896
1653660000000,58.8782
1653663600000,59.0436
1653667200000,59.2555
1653670800000,58.4762
1653674400000,58.6316
1653678000000,59.2412
1653681600000,59.2500
1653685200000,59.5394
1653688800000,59.7694
1653692400000,59.5364
1653696000000,59.7639
1653699600000,59.0617
1653703200000,59.1263
1653706800000,58.8069
1653710400000,59.1155
1653714000000,58.9855
1653717600000,59.0900
1653721200000,59.0891
1653724800000,58.8976
1653728400000,58.8821
1653732000000,58.9326
1653735600000,58.7873
1653739200000,58.9866
1653742800000,59.3111
1653746400000,59.2708
1653750000000,59.2920
1653753600000,59.5528
1653757200000,59.3033
1653760800000,59.5355
1653764400000,59.6096
1653768000000,59.5888
1653771600000,59.7310
1653775200000,59.5419
1653778800000,59.4524
1653782400000,59.2334
1653786000000,59.1393
1653789600000,58.9812
1653793200000,58.7656
1653796800000,58.5132
1653800400000,58.6686
1653804000000,58.7431
1653807600000,58.6502
1653811200000,58.8142
1653814800000,58.6183
1653818400000,58.7764
1653822000000,58.8046
1653825600000,59.1512
1653829200000,59.0972
1653832800000,58.9997
1653836400000,58.9890
1653840000000,59.0236
1653843600000,58.9900
1653847200000,58.8997
1653850800000,58.9388
1653854400000,58.9010
1653858000000,58.9228
1653861600000,59.4082
1653865200000,59.3870
1653868800000,59.1803
1653872400000,59.9180
1653876000000,60.5542
1653879600000,60.9173
1653883200000,60.9489
1653886800000,60.7259
1653890400000,61.2678
1653894000000,61.0496
1653897600000,61.0661
1653901200000,60.7288
1653904800000,60.7221
1653908400000,60.8695
1653912000000,60.8424
1653915600000,60.3032
1653919200000,60.0261
1653922800000,60.0432
1653926400000,59.8896
1653930000000,59.8949
1653933600000,59.9088
1653937200000,59.8744
1653940800000,60.8095
1653944400000,61.2452
1653948000000,60.9755
1653951600000,60.9043
1653955200000,60.6499
1653958800000,60.6181
1653962400000,60.8732
1653966000000,60.9268
1653969600000,60.6709
1653973200000,60.8189
1653976800000,60.6565
1653980400000,60.8289
1653984000000,61.1413
1653987600000,60.9892
1653991200000,61.1597
1653994800000,61.2898
1653998400000,61.1206
1654002000000,60.8644
1654005600000,61.3046
1654009200000,61.6148
1654012800000,62.4135
1654016400000,62.5588
1654020000000,62.1133
1654023600000,61.9056
1654027200000,61.9538
1654030800000,61.8185
1654034400000,62.2458
1654038000000,62.3204
1654041600000,62.7097
1654045200000,62.6962
1654048800000,62.4115
1654052400000,62.0757
1654056000000,62.0712
1654059600000,61.7895
1654063200000,61.7585
1654066800000,61.5136
1654070400000,61.8925
1654074000000,61.9773
1654077600000,61.5575
1654081200000,61.4125
1654084800000,61.4566
1654088400000,61.3424
1654092000000,60.8417
1654095600000,59.7988
1654099200000,59.6522
1654102800000,59.2902
1654106400000,59.9908
1654110000000,59.9232
1654113600000,59.2849
1654117200000,58.8198
1654120800000,58.9976
1654124400000,59.0325
1654128000000,58.8220
1654131600000,59.2023
1654135200000,58.9577
1654138800000,59.0069
1654142400000,59.2844
1654146000000,59.3428
1654149600000,59.4413
1654153200000,59.5374
1654156800000,59.5883
1654160400000,59.6476
1654164000000,59.5957
1654167600000,59.7949
1654171200000,59.7334
1654174800000,59.7522
1654178400000,60.1300
1654182000000,60.2165
1654185600000,60.2668
1654189200000,60.2929
1654192800000,60.3695
1654196400000,60.4808
1654200000000,60.2780
1654203600000,60.6056
1654207200000,60.9145
1654210800000,60.8955
1654214400000,60.7868
1654218000000,61.2152
1654221600000,61.1419
1654225200000,61.2061
1654228800000,61.0154
1654232400000,61.1498
1654236000000,60.9216
1654239600000,60.9249
1654243200000,60.8005
1654246800000,60.6436
1654250400000,60.3209
1654254000000,59.7284
1654257600000,59.7373
1654261200000,59.9008
1654264800000,59.2075
1654268400000,59.1764
1654272000000,59.4910
1654275600000,59.6943
1654279200000,59.7809
1654282800000,59.7149
1654286400000,59.8444
1654290000000,59.5764
1654293600000,59.4311
1654297200000,59.6688
1654300800000,59.6390
1654304400000,59.4453
1654308000000,59.6929
1654311600000,59.5439
1654315200000,59.8116
1654318800000,59.7324
1654322400000,59.7554
1654326000000,59.7770
1654329600000,59.9827
1654333200000,59.9444
1654336800000,59.9506
1654340400000,59.8719
1654344000000,59.6735
1654347600000,59.7682
1654351200000,60.0197
1654354800000,60.2609
1654358400000,60.1088
1654362000000,59.9852
1654365600000,60.0686
1654369200000,59.8862
1654372800000,59.9483
1654376400000,59.8671
1654380000000,59.6995
1654383600000,59.6036
1654387200000,59.0618
1654390800000,59.0752
1654394400000,59.1477
1654398000000,59.1414
1654401600000,59.0975
1654405200000,59.2152
1654408800000,59.1901
1654412400000,59.1563
1654416000000,59.2008
1654419600000,59.1850
1654423200000,59.0798
1654426800000,59.2035
1654430400000,59.1090
1654434000000,59.0364
1654437600000,59.1301
1654441200000,59.2815
1654444800000,59.1481
1654448400000,59.1824
1654452000000,59.4273
1654455600000,59.4792
1654459200000,59.5239
1654462800000,59.4657
1654466400000,59.3507
1654470000000,59.3237
1654473600000,59.8576
1654477200000,60.5079
1654480800000,60.4302
1654484400000,60.9645
1654488000000,60.8192
1654491600000,60.8317
1654495200000,61.3318
1654498800000,61.0786
1654502400000,61.1886
1654506000000,61.0426
1654509600000,61.0260
1654513200000,60.4478
1654516800000,60.3738
1654520400000,60.3757
1654524000000,60.8761
1654527600000,60.6652
1654531200000,60.5078
1654534800000,60.7712
1654538400000,60.6577
1654542000000,60.9173
1654545600000,59.9139
1654549200000,60.0053
1654552800000,60.1055
1654556400000,59.8027
1654560000000,59.0676
1654563600000,58.1256
1654567200000,58.2005
1654570800000,57.7859
1654574400000,57.2606
1654578000000,57.2856
1654581600000,57.4684
1654585200000,57.6931
1654588800000,57.6036
1654592400000,57.2614
1654596000000,57.2119
1654599600000,56.6206
1654603200000,56.9878
1654606800000,57.0309
1654610400000,57.3733
1654614000000,57.4368
1654617600000,57.6220
1654621200000,57.6311
1654624800000,57.9471
1654628400000,59.2726
1654632000000,59.6570
1654635600000,59.8651
1654639200000,60.0489
1654642800000,59.8431
1654646400000,59.9407
1654650000000,59.8989
1654653600000,59.3044
1654657200000,58.0915
1654660800000,58.5917
1654664400000,58.8650
1654668000000,58.9453
1654671600000,59.0740
1654675200000,59.3014
1654678800000,59.3014
1654682400000,58.8774
1654686000000,58.8570
1654689600000,58.5251
1654693200000,59.5657
1654696800000,59.1956
1654700400000,59.1059
1654704000000,59.0203
1654707600000,58.9906
1654711200000,58.7542
1654714800000,58.5501
1654718400000,58.5540
1654722000000,58.6918
1654725600000,58.7908
1654729200000,58.6047
1654732800000,58.5631
1654736400000,58.3331
1654740000000,58.4479
1654743600000,58.5796
1654747200000,58.3979
1654750800000,58.4883
1654754400000,58.6208
1654758000000,58.8213
1654761600000,59.0211
1654765200000,58.9331
1654768800000,58.8575
1654772400000,58.7870
1654776000000,58.5501
1654779600000,58.7256
1654783200000,58.7166
1654786800000,58.9342
1654790400000,58.9255
1654794000000,58.9944
1654797600000,58.7977
1654801200000,58.5045
1654804800000,58.7033
1654808400000,58.6140
1654812000000,58.6178
1654815600000,58.7730
1654819200000,58.1420
1654822800000,58.3781
1654826400000,58.6348
1654830000000,58.8838
1654833600000,58.7579
1654837200000,59.0360
1654840800000,58.9445
1654844400000,58.7008
1654848000000,58.6213
1654851600000,58.5511
1654855200000,58.8748
1654858800000,59.0065
1654862400000,59.5933
1654866000000,59.3956
1654869600000,60.3407
1654873200000,59.5184
1654876800000,59.3020
1654880400000,59.2964
1654884000000,59.1078
1654887600000,59.3680
1654891200000,59.7606
1654894800000,59.7268
1654898400000,59.9619
1654902000000,59.9749
1654905600000,60.1662
1654909200000,60.1136
1654912800000,60.2541
1654916400000,60.4610
1654920000000,60.6844
1654923600000,60.3441
1654927200000,60.6210
1654930800000,60.7463
1654934400000,61.8739
1654938000000,61.4586
1654941600000,61.1431
1654945200000,60.4854
1654948800000,60.0628
1654952400000,60.4023
1654956000000,59.9969
1654959600000,59.7961
1654963200000,60.0178
1654966800000,59.8920
1654970400000,59.9597
1654974000000,59.8579
1654977600000,59.7448
1654981200000,59.9442
1654984800000,60.1348
1654988400000,59.6455
1654992000000,59.8877
1654995600000,59.1581
1654999200000,57.9000
1655002800000,57.9341
1655006400000,57.6540
1655010000000,57.7783
1655013600000,57.6348
1655017200000,58.1213
1655020800000,57.9264
1655024400000,57.7125
1655028000000,57.9005
1655031600000,57.8584
1655035200000,57.8501
1655038800000,57.8483
1655042400000,58.1653
1655046000000,58.3238
1655049600000,58.4539
1655053200000,58.9718
1655056800000,58.5167
1655060400000,58.1614
1655064000000,58.0748
1655067600000,58.0925
1655071200000,57.3287
1655074800000,56.7384
1655078400000,56.1729
1655082000000,55.2306
1655085600000,54.2573
1655089200000,54.8328
1655092800000,54.6513
1655096400000,54.7035
1655100000000,54.9724
1655103600000,54.5463
1655107200000,56.0554
1655110800000,55.2122
1655114400000,55.6447
1655118000000,55.9921
1655121600000,55.7416
1655125200000,55.2188
1655128800000,56.4513
1655132400000,55.4211
1655136000000,55.1412
1655139600000,55.1596
1655143200000,55.3680
1655146800000,55.4564
1655150400000,55.0853
1655154000000,55.4313
1655157600000,56.4226
1655161200000,55.9758
1655164800000,57.0024
1655168400000,58.9297
1655172000000,58.4598
1655175600000,56.9592
1655179200000,57.4332
1655182800000,55.4993
1655186400000,55.3052
1655190000000,55.1131
1655193600000,55.7121
1655197200000,56.4956
1655200800000,56.6244
1655204400000,56.9281
1655208000000,56.3026
1655211600000,55.7218
1655215200000,55.6301
1655218800000,54.8513
1655222400000,55.5045
1655226000000,55.8773
1655229600000,55.9847
1655233200000,56.0769
1655236800000,56.5402
1655240400000,57.0996
1655244000000,56.8846
1655247600000,56.0012
1655251200000,56.4317
1655254800000,55.6634
1655258400000,56.1168
1655262000000,56.9870
1655265600000,57.9662
1655269200000,58.3403
1655272800000,58.0020
1655276400000,59.1538
1655280000000,60.9375
1655283600000,60.8854
1655287200000,59.9618
1655290800000,58.4472
1655294400000,58.6553
1655298000000,57.8979
1655301600000,58.8312
1655305200000,58.4444
1655308800000,59.5863
1655312400000,58.6068
1655316000000,57.0178
1655319600000,57.0437
1655323200000,56.7910
1655326800000,55.5029
1655330400000,55.7608
1655334000000,55.2133
1655337600000,55.2758
1655341200000,55.8222
1655344800000,55.7350
1655348400000,55.9681
1655352000000,56.4543
1655355600000,56.7180
1655359200000,56.9066
1655362800000,57.1984
1655366400000,56.9771
1655370000000,58.2255
1655373600000,58.4015
1655377200000,58.6933
1655380800000,58.5311
1655384400000,59.0622
1655388000000,59.0231
1655391600000,58.6024
1655395200000,58.2712
1655398800000,58.7896
1655402400000,58.7907
1655406000000,59.1079
1655409600000,58.9870
1655413200000,58.9209
1655416800000,59.9098
1655420400000,59.8663
1655424000000,59.9274
1655427600000,58.7863
1655431200000,59.3364
1655434800000,59.7834
1655438400000,59.3697
1655442000000,58.9928
1655445600000,58.8684
1655449200000,59.0181
1655452800000,59.1167
1655456400000,59.1888
1655460000000,58.8645
1655463600000,59.2026
1655467200000,59.6725
1655470800000,59.1354
1655474400000,59.6678
1655478000000,59.4123
1655481600000,59.6461
1655485200000,59.5497
1655488800000,59.5384
1655492400000,59.5497
1655496000000,59.1370
1655499600000,59.5112
1655503200000,59.4327
1655506800000,59.3587
1655510400000,59.3176
1655514000000,59.6491
1655517600000,59.4690
1655521200000,59.5643
1655524800000,59.5263
1655528400000,59.5990
1655532000000,61.2059
1655535600000,61.6480
1655539200000,62.0039
1655542800000,61.8809
1655546400000,61.5668
1655550000000,61.6128
1655553600000,61.7565
1655557200000,61.7587
1655560800000,61.9456
1655564400000,62.0417
1655568000000,62.2421
1655571600000,62.7828
1655575200000,62.7828
1655578800000,62.5063
1655582400000,62.2737
1655586000000,63.7361
1655589600000,64.2652
1655593200000,62.9848
1655596800000,63.3375
1655600400000,62.5489
1655604000000,62.6396
1655607600000,62.1869
1655611200000,62.6208
1655614800000,61.7035
1655618400000,61.8744
1655622000000,62.2493
1655625600000,63.3667
1655629200000,63.6848
1655632800000,64.6644
1655636400000,64.4211
1655640000000,64.3633
1655643600000,64.3096
1655647200000,64.7288
1655650800000,64.4742
1655654400000,63.8767
1655658000000,63.8041
1655661600000,64.6200
1655665200000,63.0642
1655668800000,65.4670
1655672400000,64.2256
1655676000000,65.5679
1655679600000,65.1573
1655683200000,62.6033
1655686800000,61.0700
1655690400000,61.6395
1655694000000,61.8637
1655697600000,60.8508
1655701200000,62.2130
1655704800000,62.2234
1655708400000,61.7386
1655712000000,64.2048
1655715600000,64.6698
1655719200000,66.4244
1655722800000,66.4244
1655726400000,66.0910
1655730000000,66.8752
1655733600000,67.3010
1655737200000,67.5548
1655740800000,66.6326
1655744400000,66.0596
1655748000000,66.1600
1655751600000,66.0416
1655755200000,66.8550
1655758800000,67.1449
1655762400000,67.4610
1655766000000,66.9252
1655769600000,67.1368
1655773200000,67.4223
1655776800000,66.9475
1655780400000,67.2999
1655784000000,67.4605
1655787600000,68.1073
1655791200000,68.9062
1655794800000,68.3973
1655798400000,68.7282
1655802000000,68.4048
1655805600000,68.6636
1655809200000,67.8665
1655812800000,68.5427
1655816400000,69.4838
1655820000000,69.4611
1655823600000,69.0658
1655827200000,69.2012
1655830800000,69.0562
1655834400000,69.0018
1655838000000,68.6696
1655841600000,68.6749
1655845200000,68.8556
1655848800000,68.5431
1655852400000,68.2054
1655856000000,67.8637
1655859600000,67.4697
1655863200000,67.8998
1655866800000,67.7995
1655870400000,67.9498
1655874000000,67.9517
1655877600000,67.2821
1655881200000,67.1186
1655884800000,67.5216
1655888400000,67.7977
1655892000000,67.8336
1655895600000,68.0062
1655899200000,68.0530
1655902800000,68.5533
1655906400000,68.6815
1655910000000,67.7869
1655913600000,68.5735
1655917200000,68.3998
1655920800000,68.2701
1655924400000,68.2750
1655928000000,68.1687
1655931600000,68.4072
1655935200000,68.6147
1655938800000,68.4476
1655942400000,69.2817
1655946000000,68.7957
1655949600000,68.7423
1655953200000,68.6323
1655956800000,69.1402
1655960400000,69.1512
1655964000000,69.4494
1655967600000,69.5058
1655971200000,69.7029
1655974800000,69.7391
1655978400000,70.5811
1655982000000,69.9461
1655985600000,69.4277
1655989200000,69.4415
1655992800000,70.2421
1655996400000,69.2989
1656000000000,69.1113
1656003600000,69.2915
1656007200000,69.2495
1656010800000,70.6061
1656014400000,69.8067
1656018000000,69.6660
1656021600000,70.0322
1656025200000,70.2391
1656028800000,70.0130
1656032400000,70.1407
1656036000000,70.8261
1656039600000,70.5533
1656043200000,70.3162
1656046800000,70.1874
1656050400000,70.2689
1656054000000,70.1003
1656057600000,70.5885
1656061200000,70.1670
1656064800000,70.4286
1656068400000,69.9726
1656072000000,69.9338
1656075600000,70.1674
1656079200000,69.5316
1656082800000,68.8284
1656086400000,69.0548
1656090000000,68.8170
1656093600000,68.9951
1656097200000,69.2487
1656100800000,69.3327
1656104400000,69.9001
1656108000000,69.7262
1656111600000,69.6257
1656115200000,69.8974
1656118800000,70.0921
1656122400000,69.3364
1656126000000,69.4725
1656129600000,69.5115
1656133200000,69.5955
1656136800000,69.8480
1656140400000,70.0972
1656144000000,69.5100
1656147600000,69.7306
1656151200000,69.7468
1656154800000,69.6012
1656158400000,69.2679
1656162000000,69.2552
1656165600000,69.3075
1656169200000,68.6336
1656172800000,68.8493
1656176400000,69.1660
1656180000000,69.3579
1656183600000,69.4069
1656187200000,69.4219
1656190800000,69.1618
1656194400000,69.0309
1656198000000,69.3692
1656201600000,69.2611
1656205200000,68.8947
1656208800000,69.0298
1656212400000,69.2287
1656216000000,69.3246
1656219600000,69.2016
1656223200000,69.1599
1656226800000,69.1774
1656230400000,69.3110
1656234000000,69.1065
1656237600000,69.1412
1656241200000,69.5299
1656244800000,69.6712
1656248400000,69.9947
1656252000000,70.0699
1656255600000,69.8113
1656259200000,69.6280
1656262800000,69.2399
1656266400000,69.1065
1656270000000,69.1137
1656273600000,69.0455
1656277200000,69.0724
1656280800000,68.8742
1656284400000,68.9286
1656288000000,68.5935
1656291600000,68.5940
1656295200000,68.7067
1656298800000,69.1820
1656302400000,69.4456
1656306000000,69.3103
1656309600000,69.5018
1656313200000,69.6286
1656316800000,69.9476
1656320400000,69.7086
1656324000000,69.6303
1656327600000,69.5302
1656331200000,69.5110
1656334800000,68.3646
1656338400000,68.4018
1656342000000,68.7746
1656345600000,68.6165
1656349200000,68.6320
1656352800000,68.6158
1656356400000,68.4421
1656360000000,68.4716
1656363600000,68.3131
1656367200000,68.3306
1656370800000,68.4457
1656374400000,68.7734
1656378000000,68.5218
1656381600000,68.5414
1656385200000,69.0073
1656388800000,68.7869
1656392400000,68.8522
1656396000000,68.9297
1656399600000,68.9806
1656403200000,69.2201
1656406800000,68.8933
1656410400000,68.8071
1656414000000,68.8942
1656417600000,68.6714
1656421200000,69.0265
1656424800000,68.9434
1656428400000,68.7456
1656432000000,69.0062
1656435600000,69.0299
1656439200000,68.7404
1656442800000,68.6312
1656446400000,68.3840
1656450000000,68.4429
1656453600000,67.8369
1656457200000,67.9086
1656460800000,68.2613
1656464400000,68.2537
1656468000000,68.3409
1656471600000,67.3708
1656475200000,66.9467
1656478800000,66.6848
1656482400000,66.3516
1656486000000,66.6571
1656489600000,66.4054
1656493200000,66.5641
1656496800000,66.7009
1656500400000,67.1512
1656504000000,66.7821
1656507600000,66.9758
1656511200000,67.0767
1656514800000,66.9301
1656518400000,67.0006
1656522000000,67.2708
1656525600000,67.3051
1656529200000,67.5583
1656532800000,67.9301
1656536400000,68.0014
1656540000000,67.9547
1656543600000,67.8114
1656547200000,67.6142
1656550800000,67.6942
1656554400000,67.8850
1656558000000,67.8605
1656561600000,67.7507
1656565200000,67.5104
1656568800000,66.3874
1656572400000,66.2036
1656576000000,65.5960
1656579600000,66.2546
1656583200000,66.3284
1656586800000,66.4592
1656590400000,66.5974
1656594000000,66.1571
1656597600000,66.7275
1656601200000,66.8135
1656604800000,67.0657
1656608400000,66.9996
1656612000000,66.9230
1656615600000,66.8144
1656619200000,66.5007
1656622800000,66.2794
1656626400000,66.7928
1656630000000,68.6056
1656633600000,69.1026
1656637200000,69.9423
1656640800000,69.9323
1656644400000,69.1436
1656648000000,68.1939
1656651600000,67.9685
1656655200000,67.9946
1656658800000,68.7130
1656662400000,68.3803
1656666000000,68.1166
1656669600000,67.5462
1656673200000,67.5258
1656676800000,67.4217
1656680400000,67.4817
1656684000000,67.1315
1656687600000,66.6620
1656691200000,66.7346
1656694800000,67.1991
1656698400000,66.9892
1656702000000,67.0407
1656705600000,67.2238
1656709200000,67.0879
1656712800000,66.8599
1656716400000,66.9550
1656720000000,66.7139
1656723600000,66.4892
1656727200000,67.1039
1656730800000,67.0450
1656734400000,67.1449
1656738000000,67.2520
1656741600000,67.1280
1656745200000,67.0171
1656748800000,67.1452
1656752400000,67.4052
1656756000000,67.7579
1656759600000,67.4117
1656763200000,67.1290
1656766800000,67.1423
1656770400000,67.0837
1656774000000,66.9295
1656777600000,66.9762
1656781200000,66.9615
1656784800000,66.9392
1656788400000,66.9592
1656792000000,67.0050
1656795600000,67.0938
1656799200000,67.0578
1656802800000,66.8928
1656806400000,66.9531
1656810000000,66.8538
1656813600000,67.1901
1656817200000,67.2443
1656820800000,66.5693
1656824400000,66.5864
1656828000000,66.8922
1656831600000,66.7854
1656835200000,66.5360
1656838800000,66.5177
1656842400000,66.5825
1656846000000,66.7442
1656849600000,66.6145
1656853200000,66.5227
1656856800000,66.4868
1656860400000,66.3171
1656864000000,66.5840
1656867600000,66.6865
1656871200000,66.8553
1656874800000,67.1294
1656878400000,66.8264
1656882000000,66.7688
1656885600000,66.6921
1656889200000,66.9302
1656892800000,66.8261
1656896400000,66.6081
1656900000000,66.6047
1656903600000,66.5996
1656907200000,66.7519
1656910800000,66.8659
1656914400000,66.9082
1656918000000,66.9408
1656921600000,67.0576
1656925200000,67.3452
1656928800000,67.7131
1656932400000,67.9917
1656936000000,67.4564
1656939600000,67.5628
1656943200000,67.8688
1656946800000,67.9462
1656950400000,67.8936
1656954000000,67.8814
1656957600000,67.9840
1656961200000,67.8442
1656964800000,67.8051
1656968400000,67.9289
1656972000000,68.4095
1656975600000,68.5239
1656979200000,69.1004
1656982800000,68.8085
1656986400000,68.6693
1656990000000,69.0725
1656993600000,68.9378
1656997200000,69.0070
1657000800000,69.0160
1657004400000,68.6964
1657008000000,67.9379
1657011600000,67.7392
1657015200000,67.6632
1657018800000,67.5376
1657022400000,67.2647
1657026000000,67.3515
1657029600000,67.6988
1657033200000,67.6983
1657036800000,67.4735
1657040400000,67.7592
1657044000000,68.4365
1657047600000,68.7952
1657051200000,68.7123
1657054800000,68.6211
1657058400000,69.0104
1657062000000,68.6904
1657065600000,68.9370
1657069200000,68.4954
1657072800000,68.2098
1657076400000,68.4564
1657080000000,69.0996
1657083600000,68.9474
1657087200000,69.0420
1657090800000,69.1850
1657094400000,69.3117
1657098000000,69.4637
1657101600000,69.7382
1657105200000,69.7186
1657108800000,69.9166
1657112400000,69.9743
1657116000000,69.8736
1657119600000,69.8365
1657123200000,70.0428
1657126800000,69.9005
1657130400000,69.5980
1657134000000,69.6757
1657137600000,69.6154
1657141200000,69.4116
1657144800000,68.6277
1657148400000,68.9421
1657152000000,68.9510
1657155600000,68.7930
1657159200000,68.9922
1657162800000,68.8260
1657166400000,68.7335
1657170000000,68.7879
1657173600000,68.6453
1657177200000,68.7694
1657180800000,68.8015
1657184400000,68.7600
1657188000000,68.4599
1657191600000,68.6201
1657195200000,67.9088
1657198800000,68.1049
1657202400000,68.7309
1657206000000,68.6463
1657209600000,69.0488
1657213200000,68.5284
1657216800000,69.6263
1657220400000,70.4010
1657224000000,70.0471
1657227600000,70.1979
1657231200000,70.1962
1657234800000,69.9484
1657238400000,70.1448
1657242000000,70.6659
1657245600000,70.5865
1657249200000,71.0307
1657252800000,71.0529
1657256400000,70.6870
1657260000000,70.5728
1657263600000,70.6939
1657267200000,70.1653
1657270800000,70.4388
1657274400000,70.4982
1657278000000,70.5928
1657281600000,70.2529
1657285200000,70.4412
1657288800000,71.2771
1657292400000,71.4661
1657296000000,70.9398
1657299600000,71.1078
1657303200000,71.0856
1657306800000,70.8996
1657310400000,70.9727
1657314000000,70.9492
1657317600000,71.1342
1657321200000,71.1550
1657324800000,71.2837
1657328400000,71.1378
1657332000000,71.4197
1657335600000,71.4062
1657339200000,71.2248
1657342800000,71.3072
1657346400000,71.4823
1657350000000,71.6142
1657353600000,71.7646
1657357200000,71.6328
1657360800000,71.8490
1657364400000,71.2166
1657368000000,71.3034
1657371600000,71.4262
1657375200000,71.4936
1657378800000,71.3274
1657382400000,71.5008
1657386000000,71.9869
1657389600000,71.6926
1657393200000,71.5063
1657396800000,71.6453
1657400400000,71.7102
1657404000000,71.6127
1657407600000,71.5642
1657411200000,70.8777
1657414800000,71.0329
1657418400000,70.5087
1657422000000,70.4793
1657425600000,70.4629
1657429200000,70.6786
1657432800000,70.6779
1657436400000,70.7881
1657440000000,70.7763
1657443600000,70.8544
1657447200000,70.8276
1657450800000,70.8038
1657454400000,70.8722
1657458000000,70.3617
1657461600000,69.9241
1657465200000,70.0252
1657468800000,69.8843
1657472400000,69.8653
1657476000000,69.8536
1657479600000,69.9112
1657483200000,70.0193
1657486800000,70.1152
1657490400000,69.9132
1657494000000,70.0787
1657497600000,69.8930
1657501200000,69.5596
1657504800000,69.3711
1657508400000,69.2799
1657512000000,69.4562
1657515600000,69.3386
1657519200000,68.8871
1657522800000,69.1073
1657526400000,69.4853
1657530000000,69.6030
1657533600000,69.8326
1657537200000,69.5861
1657540800000,69.7398
1657544400000,69.3129
1657548000000,69.4051
1657551600000,69.4801
1657555200000,69.4131
1657558800000,69.7614
1657562400000,69.6678
1657566000000,69.7600
1657569600000,69.4761
1657573200000,69.3511
1657576800000,69.1031
1657580400000,69.0348
1657584000000,68.9072
1657587600000,68.9139
1657591200000,69.2959
1657594800000,69.2308
1657598400000,69.4467
1657602000000,69.4343
1657605600000,69.2634
1657609200000,69.1028
1657612800000,69.2993
1657616400000,69.0409
1657620000000,69.0537
1657623600000,69.4942
1657627200000,69.6915
1657630800000,69.6692
1657634400000,69.9703
1657638000000,69.8626
1657641600000,69.8960
1657645200000,69.9505
1657648800000,69.8138
1657652400000,69.2869
1657656000000,69.2530
1657659600000,69.1368
1657663200000,69.1300
1657666800000,68.8701
1657670400000,69.2756
1657674000000,69.1473
1657677600000,69.2268
1657681200000,69.1442
1657684800000,69.2392
1657688400000,69.1816
1657692000000,69.2674
1657695600000,69.5796
1657699200000,69.9065
1657702800000,69.8535
1657706400000,69.7004
1657710000000,69.5416
1657713600000,68.4781
1657717200000,68.4582
1657720800000,69.0775
1657724400000,68.7287
1657728000000,68.8674
1657731600000,68.9156
1657735200000,68.9882
1657738800000,68.9517
1657742400000,69.0529
1657746000000,69.3491
1657749600000,69.3553
1657753200000,69.9171
1657756800000,70.5912
1657760400000,70.6542
1657764000000,70.4085
1657767600000,70.3546
1657771200000,69.9927
1657774800000,70.1196
1657778400000,69.9659
1657782000000,70.0571
1657785600000,69.6081
1657789200000,69.7289
1657792800000,69.7867
1657796400000,69.7223
1657800000000,69.7941
1657803600000,69.6437
1657807200000,69.6663
1657810800000,70.4285
1657814400000,69.8568
1657818000000,69.6892
1657821600000,69.4632
1657825200000,69.0257
1657828800000,69.4879
1657832400000,69.2118
1657836000000,68.9952
1657839600000,69.2382
1657843200000,68.7393
1657846800000,68.6845
1657850400000,68.3628
1657854000000,68.9077
1657857600000,68.8249
1657861200000,68.7812
1657864800000,68.9596
1657868400000,69.1045
1657872000000,69.3075
1657875600000,68.9664
1657879200000,68.7264
1657882800000,68.6355
1657886400000,68.9015
1657890000000,68.6447
1657893600000,68.5661
1657897200000,68.4315
1657900800000,68.6127
1657904400000,68.3574
1657908000000,68.4904
1657911600000,68.2990
1657915200000,67.5602
1657918800000,67.8053
1657922400000,68.0135
1657926000000,68.2771
1657929600000,68.3039
1657933200000,68.2954
1657936800000,68.1768
1657940400000,68.2249
1657944000000,68.1825
1657947600000,68.1852
1657951200000,68.2766
1657954800000,68.1637
1657958400000,68.4063
1657962000000,68.5438
1657965600000,68.5777
1657969200000,68.5049
1657972800000,68.3250
1657976400000,68.0595
1657980000000,67.6149
1657983600000,67.1029
1657987200000,66.4021
1657990800000,67.2915
1657994400000,67.2155
1657998000000,66.9268
1658001600000,66.7010
1658005200000,66.7610
1658008800000,66.8070
1658012400000,66.4605
1658016000000,66.1358
1658019600000,66.6206
1658023200000,66.5955
1658026800000,67.7065
1658030400000,67.3208
1658034000000,67.5681
1658037600000,67.7031
1658041200000,67.3404
1658044800000,67.1966
1658048400000,67.1761
1658052000000,67.3390
1658055600000,67.6549
1658059200000,67.4658
1658062800000,66.9960
1658066400000,66.9036
1658070000000,66.8461
1658073600000,66.9123
1658077200000,66.4756
1658080800000,66.5784
1658084400000,66.4352
1658088000000,66.0808
1658091600000,65.7526
1658095200000,65.9254
1658098800000,65.8319
1658102400000,65.7624
1658106000000,66.1217
1658109600000,65.4955
1658113200000,65.5154
1658116800000,65.2784
1658120400000,66.5816
1658124000000,67.1188
1658127600000,66.7941
1658131200000,66.1974
1658134800000,66.0001
1658138400000,65.2718
1658142000000,65.0593
1658145600000,65.4500
1658149200000,65.0109
1658152800000,65.1584
1658156400000,66.8687
1658160000000,65.1538
1658163600000,63.7797
1658167200000,63.4709
1658170800000,62.9825
1658174400000,62.6372
1658178000000,63.2216
1658181600000,63.9760
1658185200000,66.3362
1658188800000,65.7279
1658192400000,64.4699
1658196000000,64.6882
1658199600000,63.9610
1658203200000,64.1623
1658206800000,64.5031
1658210400000,63.5534
1658214000000,63.6046
1658217600000,64.4351
1658221200000,64.3363
1658224800000,64.8703
1658228400000,64.5954
1658232000000,65.5872
1658235600000,65.9994
1658239200000,66.7770
1658242800000,67.8740
1658246400000,68.7142
1658250000000,70.5029
1658253600000,70.4315
1658257200000,69.9801
1658260800000,69.7074
1658264400000,70.5857
1658268000000,70.0012
1658271600000,69.4537
1658275200000,68.4246
1658278800000,68.8128
1658282400000,69.0856
1658286000000,69.4012
1658289600000,69.3863
1658293200000,69.9320
1658296800000,70.7817
1658300400000,69.1100
1658304000000,68.5427
1658307600000,69.4984
1658311200000,70.2463
1658314800000,70.3112
1658318400000,70.4005
1658322000000,70.2461
1658325600000,71.8982
1658329200000,71.5060
1658332800000,69.5722
1658336400000,68.8189
1658340000000,69.6899
1658343600000,69.0455
1658347200000,67.2707
1658350800000,68.6800
1658354400000,67.0538
1658358000000,66.9205
1658361600000,67.0217
1658365200000,66.7429
1658368800000,64.4843
1658372400000,64.7750
1658376000000,65.2999
1658379600000,65.5817
1658383200000,65.0103
1658386800000,65.7430
1658390400000,65.7053
1658394000000,66.2359
1658397600000,65.6637
1658401200000,65.1058
1658404800000,66.2465
1658408400000,66.0300
1658412000000,65.2849
1658415600000,65.7436
1658419200000,67.5185
1658422800000,66.6734
1658426400000,66.9913
1658430000000,68.1506
1658433600000,67.9829
1658437200000,68.3255
1658440800000,67.7474
1658444400000,68.2809
1658448000000,68.7342
1658451600000,68.1280
1658455200000,67.5977
1658458800000,67.4215
1658462400000,67.7018
1658466000000,67.6780
1658469600000,67.5700
1658473200000,67.2414
1658476800000,67.3662
1658480400000,67.4757
1658484000000,67.4249
1658487600000,67.5392
1658491200000,67.7729
1658494800000,68.0949
1658498400000,68.6182
1658502000000,68.1740
1658505600000,67.7632
1658509200000,67.7407
1658512800000,67.7359
1658516400000,67.3986
1658520000000,67.5989
1658523600000,67.7323
1658527200000,67.7271
1658530800000,67.4572
1658534400000,67.7815
1658538000000,67.9387
1658541600000,67.5008
1658545200000,67.2748
1658548800000,67.1644
1658552400000,67.2719
1658556000000,67.1646
1658559600000,67.2050
1658563200000,67.8887
1658566800000,67.6018
1658570400000,67.3378
1658574000000,65.6075
1658577600000,65.8147
1658581200000,65.8147
1658584800000,65.4567
1658588400000,65.7600
1658592000000,65.7426
1658595600000,65.5097
1658599200000,65.5783
1658602800000,65.9833
1658606400000,65.8777
1658610000000,65.8053
1658613600000,66.1662
1658617200000,65.9315
1658620800000,65.7018
1658624400000,65.2630
1658628000000,65.3949
1658631600000,65.3975
1658635200000,65.5678
1658638800000,65.6884
1658642400000,65.1831
1658646000000,65.3550
1658649600000,65.5106
1658653200000,65.5437
1658656800000,65.6363
1658660400000,65.0885
1658664000000,65.4975
1658667600000,65.8010
1658671200000,65.8259
1658674800000,65.8242
1658678400000,65.8405
1658682000000,65.7170
1658685600000,65.6023
1658689200000,65.3116
1658692800000,65.2713
1658696400000,65.3892
1658700000000,65.0616
1658703600000,65.0790
1658707200000,65.0093
1658710800000,64.9922
1658714400000,65.0458
1658718000000,65.1104
1658721600000,64.8711
1658725200000,64.8030
1658728800000,64.6753
1658732400000,64.9621
1658736000000,64.9888
1658739600000,64.8652
1658743200000,64.7276
1658746800000,64.5452
1658750400000,64.7218
1658754000000,64.8758
1658757600000,64.8301
1658761200000,64.8828
1658764800000,64.9740
1658768400000,64.9328
1658772000000,64.9615
1658775600000,65.1724
1658779200000,65.1720
1658782800000,65.0155
1658786400000,64.6866
1658790000000,64.1284
1658793600000,63.7627
1658797200000,63.8948
1658800800000,64.0424
1658804400000,63.9125
1658808000000,64.0796
1658811600000,64.0798
1658815200000,64.0021
1658818800000,64.2685
1658822400000,64.2048
1658826000000,64.2866
1658829600000,64.2571
1658833200000,64.4924
1658836800000,64.6710
1658840400000,64.5939
1658844000000,64.5849
1658847600000,64.3171
1658851200000,64.6424
1658854800000,64.8846
1658858400000,65.1588
1658862000000,65.3271
1658865600000,65.3734
1658869200000,65.1603
1658872800000,65.0826
1658876400000,64.6441
1658880000000,64.7446
1658883600000,65.1736
1658887200000,65.4754
1658890800000,65.4011
1658894400000,65.3240
1658898000000,65.4156
1658901600000,65.2609
1658905200000,64.9608
1658908800000,64.9848
1658912400000,65.0083
1658916000000,65.0478
1658919600000,65.0140
1658923200000,65.2847
1658926800000,65.5895
1658930400000,65.3297
1658934000000,65.7031
1658937600000,65.2326
1658941200000,65.3997
1658944800000,66.5802
1658948400000,67.1154
1658952000000,66.6675
1658955600000,66.4427
1658959200000,66.2872
1658962800000,66.5980
1658966400000,66.3265
1658970000000,66.1006
1658973600000,66.7241
1658977200000,66.1521
1658980800000,66.2887
1658984400000,66.4111
1658988000000,66.2013
1658991600000,66.3525
1658995200000,66.3265
1658998800000,66.3036
1659002400000,66.4462
1659006000000,66.3352
1659009600000,66.0725
1659013200000,65.7237
1659016800000,66.0460
1659020400000,66.3163
1659024000000,66.5092
1659027600000,66.5453
1659031200000,66.4400
1659034800000,66.4573
1659038400000,66.4278
1659042000000,66.4287
1659045600000,66.4974
1659049200000,66.7769
1659052800000,67.1161
1659056400000,66.8321
1659060000000,66.7413
1659063600000,67.1115
1659067200000,67.1207
1659070800000,67.4666
1659074400000,67.3752
1659078000000,67.4128
1659081600000,67.7246
1659085200000,69.7378
1659088800000,69.7747
1659092400000,69.2557
1659096000000,69.1546
1659099600000,69.1214
1659103200000,69.7267
1659106800000,71.2381
1659110400000,71.2424
1659114000000,70.9616
1659117600000,70.1569
1659121200000,70.0603
1659124800000,69.7479
1659128400000,70.1267
1659132000000,69.6779
1659135600000,69.3329
1659139200000,69.7664
1659142800000,69.9960
1659146400000,70.4810
1659150000000,70.0558
1659153600000,69.3921
1659157200000,69.2258
1659160800000,69.1539
1659164400000,69.2703
1659168000000,69.5890
1659171600000,69.7985
1659175200000,69.3940
1659178800000,69.3939
1659182400000,70.4658
1659186000000,71.3073
1659189600000,71.0161
1659193200000,71.3903
1659196800000,71.3003
1659200400000,71.2536
1659204000000,71.1975
1659207600000,70.1015
1659211200000,69.7008
1659214800000,69.5669
1659218400000,69.1488
1659222000000,68.8170
1659225600000,69.1010
1659229200000,69.4754
1659232800000,70.0190
1659236400000,69.9491
1659240000000,69.9702
1659243600000,69.9317
1659247200000,70.1012
1659250800000,69.5729
1659254400000,69.3627
1659258000000,69.7403
1659261600000,69.6344
1659265200000,69.3647
1659268800000,69.4763
1659272400000,69.2934
1659276000000,69.2211
1659279600000,69.2012
1659283200000,69.4696
1659286800000,69.4476
1659290400000,69.4345
1659294000000,68.8734
1659297600000,68.5741
1659301200000,68.3268
1659304800000,67.9022
1659308400000,67.9034
1659312000000,68.4273
1659315600000,68.5718
1659319200000,68.4402
1659322800000,68.3599
1659326400000,68.4002
1659330000000,68.0005
1659333600000,67.7965
1659337200000,68.2990
1659340800000,68.1747
1659344400000,68.2194
1659348000000,68.0962
1659351600000,68.4954
1659355200000,68.4076
1659358800000,68.5962
1659362400000,68.8035
1659366000000,68.5897
1659369600000,68.4149
1659373200000,67.8665
1659376800000,68.0757
1659380400000,68.3068
1659384000000,68.7295
1659387600000,68.5868
1659391200000,69.0122
1659394800000,69.2322
1659398400000,68.8638
1659402000000,68.7247
1659405600000,68.6261
1659409200000,68.7038
1659412800000,68.8209
1659416400000,68.8296
1659420000000,68.8697
1659423600000,68.9021
1659427200000,68.8897
1659430800000,68.8286
1659434400000,69.0196
1659438000000,69.1406
1659441600000,68.8623
1659445200000,69.0480
1659448800000,69.1369
1659452400000,68.9398
1659456000000,69.5040
1659459600000,69.2832
1659463200000,68.8455
1659466800000,68.8182
1659470400000,68.4419
1659474000000,68.3947
1659477600000,68.6115
1659481200000,68.7269
1659484800000,68.4981
1659488400000,68.4674
1659492000000,68.7301
1659495600000,68.6715
1659499200000,68.8446
1659502800000,68.9765
1659506400000,69.5356
1659510000000,69.4899
1659513600000,69.6987
1659517200000,70.0997
1659520800000,70.2029
1659524400000,69.7970
1659528000000,69.7187
1659531600000,69.9620
1659535200000,70.3533
1659538800000,71.1361
1659542400000,71.7942
1659546000000,71.7874
1659549600000,72.3187
1659553200000,72.1638
1659556800000,71.9091
1659560400000,72.2539
1659564000000,71.5728
1659567600000,71.0475
1659571200000,71.6019
1659574800000,71.2309
1659578400000,71.3679
1659582000000,72.1631
1659585600000,71.6299
1659589200000,72.0756
1659592800000,71.9460
1659596400000,72.0790
1659600000000,71.3892
1659603600000,71.4578
1659607200000,71.5921
1659610800000,71.7630
1659614400000,71.9081
1659618000000,72.4805
1659621600000,72.9719
1659625200000,72.2838
1659628800000,71.8907
1659632400000,72.0556
1659636000000,72.2958
1659639600000,73.2806
1659643200000,73.4454
1659646800000,73.2642
1659650400000,73.5153
1659654000000,73.3389
1659657600000,72.7710
1659661200000,73.2502
1659664800000,72.8223
1659668400000,73.2190
1659672000000,73.5175
1659675600000,73.2975
1659679200000,73.5787
1659682800000,73.7502
1659686400000,74.5309
1659690000000,74.5139
1659693600000,74.5491
1659697200000,73.2748
1659700800000,73.0633
1659704400000,72.9885
1659708000000,73.1751
1659711600000,72.9584
1659715200000,72.8242
1659718800000,72.6108
1659722400000,72.6712
1659726000000,72.7178
1659729600000,72.7949
1659733200000,72.7510
1659736800000,72.6457
1659740400000,72.0885
1659744000000,72.0802
1659747600000,71.8897
1659751200000,72.0089
1659754800000,71.7337
1659758400000,71.7579
1659762000000,72.2391
1659765600000,72.3033
1659769200000,72.2325
1659772800000,72.3428
1659776400000,72.3032
1659780000000,72.2655
1659783600000,72.2775
1659787200000,72.4020
1659790800000,72.6253
1659794400000,72.6984
1659798000000,72.5066
1659801600000,72.6879
1659805200000,73.2722
1659808800000,73.2976
1659812400000,72.9172
1659816000000,72.9953
1659819600000,72.8887
1659823200000,72.6634
1659826800000,72.5957
1659830400000,72.3257
1659834000000,71.9557
1659837600000,72.1352
1659841200000,72.1797
1659844800000,72.2889
1659848400000,72.2470
1659852000000,72.3073
1659855600000,72.4055
1659859200000,72.2747
1659862800000,72.3607
1659866400000,72.8720
1659870000000,72.7646
1659873600000,72.8769
1659877200000,73.0787
1659880800000,73.6951
1659884400000,73.6085
1659888000000,73.7053
1659891600000,73.8601
1659895200000,73.7535
1659898800000,73.6657
1659902400000,73.5419
1659906000000,73.8303
1659909600000,74.2256
1659913200000,73.9746
1659916800000,74.5914
1659920400000,74.6033
1659924000000,74.6008
1659927600000,74.4111
1659931200000,74.3627
1659934800000,74.6116
1659938400000,75.1850
1659942000000,75.2869
1659945600000,75.1485
1659949200000,75.0196
1659952800000,74.6133
1659956400000,74.6250
1659960000000,74.1712
1659963600000,74.0050
1659967200000,73.8560
1659970800000,73.8552
1659974400000,73.8060
1659978000000,73.9867
1659981600000,73.8549
1659985200000,73.8567
1659988800000,74.0236
1659992400000,73.5808
1659996000000,73.2081
1659999600000,73.3639
1660003200000,73.3867
1660006800000,73.4019
1660010400000,73.4230
1660014000000,73.2976
1660017600000,73.6342
1660021200000,73.6156
1660024800000,73.3930
1660028400000,73.4712
1660032000000,73.1770
1660035600000,72.7856
1660039200000,73.5103
1660042800000,73.2367
1660046400000,73.2781
1660050000000,73.0403
1660053600000,73.1473
1660057200000,73.1618
1660060800000,73.2788
1660064400000,73.3618
1660068000000,73.6438
1660071600000,73.7046
1660075200000,74.0180
1660078800000,74.3020
1660082400000,74.3904
1660086000000,74.0954
1660089600000,73.3668
1660093200000,73.6675
1660096800000,72.8694
1660100400000,73.0042
1660104000000,73.1479
1660107600000,73.2337
1660111200000,73.5586
1660114800000,73.8053
1660118400000,73.4819
1660122000000,73.3869
1660125600000,73.0840
1660129200000,72.8235
1660132800000,73.1435
1660136400000,73.6316
1660140000000,73.4732
1660143600000,73.2660
1660147200000,73.3499
1660150800000,73.0731
1660154400000,72.2168
1660158000000,72.0839
1660161600000,72.0144
1660165200000,71.8422
1660168800000,71.6156
1660172400000,71.9836
1660176000000,72.0877
1660179600000,72.2171
1660183200000,72.1786
1660186800000,72.4632
1660190400000,72.5883
1660194000000,72.6972
1660197600000,72.8287
1660201200000,72.5365
1660204800000,72.3698
1660208400000,72.2426
1660212000000,72.2421
1660215600000,72.0058
1660219200000,72.4533
1660222800000,72.4128
1660226400000,71.8626
1660230000000,71.1185
1660233600000,71.1012
1660237200000,71.1387
1660240800000,71.0180
1660244400000,70.7508
1660248000000,70.8596
1660251600000,70.7354
1660255200000,70.3708
1660258800000,70.3244
1660262400000,70.5864
1660266000000,70.1193
1660269600000,69.8799
1660273200000,69.8033
1660276800000,69.9643
1660280400000,69.8298
1660284000000,69.9985
1660287600000,70.1022
1660291200000,70.1103
1660294800000,70.4528
1660298400000,69.5264
1660302000000,69.4024
1660305600000,69.5740
1660309200000,69.5367
1660312800000,69.6747
1660316400000,69.8663
1660320000000,69.7508
1660323600000,69.7157
1660327200000,69.8703
1660330800000,69.7156
1660334400000,69.6973
1660338000000,69.4966
1660341600000,69.6379
1660345200000,69.6623
1660348800000,69.3048
1660352400000,69.5222
1660356000000,69.5376
1660359600000,69.5981
1660363200000,69.2845
1660366800000,69.6953
1660370400000,69.3007
1660374000000,68.9407
1660377600000,68.3123
1660381200000,69.1546
1660384800000,69.2217
1660388400000,69.2267
1660392000000,69.0358
1660395600000,68.9684
1660399200000,68.8623
1660402800000,68.8906
1660406400000,68.8419
1660410000000,69.1291
1660413600000,68.4971
1660417200000,68.0482
1660420800000,68.5040
1660424400000,68.5620
1660428000000,68.1802
1660431600000,68.1407
1660435200000,68.6191
1660438800000,68.9557
1660442400000,68.9604
1660446000000,68.8264
1660449600000,68.8522
1660453200000,69.0234
1660456800000,69.4177
1660460400000,69.9208
1660464000000,69.2654
1660467600000,69.6258
1660471200000,69.0941
1660474800000,68.8929
1660478400000,68.4051
1660482000000,67.8571
1660485600000,68.1889
1660489200000,68.0851
1660492800000,66.7936
1660496400000,66.6099
1660500000000,67.0068
1660503600000,67.0010
1660507200000,67.0936
1660510800000,67.0671
1660514400000,66.8834
1660518000000,66.7958
1660521600000,67.3163
1660525200000,68.0948
1660528800000,69.5149
1660532400000,68.9984
1660536000000,68.8614
1660539600000,68.6870
1660543200000,66.3815
1660546800000,66.0536
1660550400000,66.1188
1660554000000,66.5711
1660557600000,66.7302
1660561200000,65.9923
1660564800000,65.6226
1660568400000,66.6772
1660572000000,66.5113
1660575600000,66.9383
1660579200000,67.0301
1660582800000,66.4671
1660586400000,66.5051
1660590000000,66.0515
1660593600000,66.3905
1660597200000,66.3664
1660600800000,66.1816
1660604400000,66.6392
1660608000000,66.9705
1660611600000,66.7938
1660615200000,66.2361
1660618800000,66.4263
1660622400000,65.8719
1660626000000,65.8358
1660629600000,66.0074
1660633200000,66.2966
1660636800000,66.0110
1660640400000,66.3778
1660644000000,66.0194
1660647600000,66.1714
1660651200000,65.7456
1660654800000,65.5207
1660658400000,65.1151
1660662000000,65.6407
1660665600000,65.2078
1660669200000,65.3786
1660672800000,65.1895
1660676400000,65.6563
1660680000000,66.0459
1660683600000,65.9008
1660687200000,65.5569
1660690800000,65.5872
1660694400000,66.1729
1660698000000,65.8875
1660701600000,66.0714
1660705200000,66.1664
1660708800000,66.5191
1660712400000,67.0736
1660716000000,67.6048
1660719600000,65.4083
1660723200000,65.4717
1660726800000,65.6202
1660730400000,65.1268
1660734000000,64.9459
1660737600000,64.3603
1660741200000,63.3401
1660744800000,62.9617
1660748400000,63.1915
1660752000000,63.3093
1660755600000,63.6471
1660759200000,63.7282
1660762800000,63.0488
1660766400000,63.6062
1660770000000,62.9208
1660773600000,62.8589
1660777200000,63.0380
1660780800000,63.0953
1660784400000,63.2363
1660788000000,63.1967
1660791600000,63.1555
1660795200000,62.9901
1660798800000,63.1443
1660802400000,62.9861
1660806000000,63.3181
1660809600000,63.5479
1660813200000,63.7801
1660816800000,63.5058
1660820400000,63.7817
1660824000000,64.0208
1660827600000,63.5214
1660831200000,62.7693
1660834800000,63.0396
1660838400000,62.4278
1660842000000,62.2284
1660845600000,62.3685
1660849200000,62.5096
1660852800000,62.8019
1660856400000,62.5483
1660860000000,62.3517
1660863600000,61.3307
1660867200000,60.0791
1660870800000,59.3679
1660874400000,59.6263
1660878000000,59.4149
1660881600000,59.4429
1660885200000,59.4850
1660888800000,55.6723
1660892400000,56.1385
1660896000000,56.1358
1660899600000,56.0412
1660903200000,56.0412
1660906800000,56.1901
1660910400000,56.8109
1660914000000,56.5240
1660917600000,56.3421
1660921200000,56.7284
1660924800000,56.9026
1660928400000,56.8268
1660932000000,56.8876
1660935600000,56.8034
1660939200000,56.7001
1660942800000,56.6603
1660946400000,57.2847
1660950000000,57.0483
1660953600000,57.5969
1660957200000,58.2060
1660960800000,58.1261
1660964400000,58.4207
1660968000000,58.3448
1660971600000,58.0776
1660975200000,58.6675
1660978800000,58.5439
1660982400000,58.4192
1660986000000,58.6095
1660989600000,58.7579
1660993200000,58.7521
1660996800000,58.7065
1661000400000,58.8914
1661004000000,58.6624
1661007600000,58.7621
1661011200000,58.9193
1661014800000,58.6218
1661018400000,58.7553
1661022000000,58.7698
1661025600000,59.0752
1661029200000,59.0752
1661032800000,58.7273
1661036400000,58.9027
1661040000000,58.9631
1661043600000,58.9494
1661047200000,58.9792
1661050800000,59.3088
1661054400000,59.3426
1661058000000,59.8802
1661061600000,60.2152
1661065200000,61.1444
1661068800000,60.9549
1661072400000,60.6006
1661076000000,60.0213
1661079600000,60.3855
1661083200000,60.1665
1661086800000,60.4613
1661090400000,60.8195
1661094000000,60.7423
1661097600000,60.5449
1661101200000,60.5987
1661104800000,60.6775
1661108400000,60.9680
1661112000000,61.2892
1661115600000,61.4169
1661119200000,61.8210
1661122800000,61.6639
1661126400000,61.6106
1661130000000,61.5877
1661133600000,61.7104
1661137200000,61.2460
1661140800000,61.2223
1661144400000,61.1302
1661148000000,61.0876
1661151600000,60.7991
1661155200000,60.8402
1661158800000,60.8714
1661162400000,61.4793
1661166000000,61.5953
1661169600000,61.4410
1661173200000,61.8807
1661176800000,61.4325
1661180400000,61.7477
1661184000000,61.4659
1661187600000,61.2270
1661191200000,61.0167
1661194800000,61.1619
1661198400000,61.2863
1661202000000,61.4510
1661205600000,61.4933
1661209200000,60.8462
1661212800000,60.1277
1661216400000,60.0503
1661220000000,60.3186
1661223600000,60.7274
1661227200000,60.8137
1661230800000,60.5554
1661234400000,61.1048
1661238000000,61.1254
1661241600000,61.1909
1661245200000,61.1686
1661248800000,60.9057
1661252400000,60.8656
1661256000000,60.5454
1661259600000,60.4490
1661263200000,60.4111
1661266800000,60.2005
1661270400000,60.0734
1661274000000,60.0423
1661277600000,59.8822
1661281200000,60.0075
1661284800000,59.9545
1661288400000,60.0053
1661292000000,59.8928
1661295600000,59.7295
1661299200000,59.8794
1661302800000,59.7952
1661306400000,60.0512
1661310000000,60.4091
1661313600000,60.3834
1661317200000,60.1256
1661320800000,59.8526
1661324400000,59.7456
1661328000000,59.6486
1661331600000,59.5211
1661335200000,59.5112
1661338800000,59.5894
1661342400000,59.4987
1661346000000,59.4026
1661349600000,59.6215
1661353200000,59.1346
1661356800000,59.7842
1661360400000,59.7765
1661364000000,59.8078
1661367600000,59.6257
1661371200000,59.6119
1661374800000,59.4128
1661378400000,59.3191
1661382000000,59.1184
1661385600000,59.2046
1661389200000,59.2510
1661392800000,59.0364
1661396400000,58.9196
1661400000000,59.0119
1661403600000,58.9773
1661407200000,58.9832
1661410800000,59.8560
1661414400000,59.4718
1661418000000,59.4988
1661421600000,59.4924
1661425200000,59.6047
1661428800000,59.4717
1661432400000,59.5292
1661436000000,59.4359
1661439600000,59.0627
1661443200000,58.7675
1661446800000,58.9386
1661450400000,58.9268
1661454000000,59.1281
1661457600000,59.3456
1661461200000,59.1686
1661464800000,59.3247
1661468400000,59.1891
1661472000000,59.2218
1661475600000,59.2230
1661479200000,59.3211
1661482800000,59.1087
1661486400000,59.1612
1661490000000,58.9328
1661493600000,59.1109
1661497200000,59.2093
1661500800000,59.0515
1661504400000,59.1546
1661508000000,59.2129
1661511600000,59.1117
1661515200000,59.4070
1661518800000,59.4612
1661522400000,58.6984
1661526000000,58.2728
1661529600000,58.2615
1661533200000,58.3840
1661536800000,58.6247
1661540400000,58.5309
1661544000000,58.7370
1661547600000,58.4812
1661551200000,58.3581
1661554800000,58.2144
1661558400000,58.3110
1661562000000,58.5952
1661565600000,58.7081
1661569200000,58.5382
1661572800000,58.4397
1661576400000,58.5357
1661580000000,58.5296
1661583600000,58.8409
1661587200000,58.5579
1661590800000,58.5502
1661594400000,58.8285
1661598000000,58.8178
1661601600000,58.8622
1661605200000,58.8771
1661608800000,58.7024
1661612400000,58.9511
1661616000000,58.5365
1661619600000,58.2621
1661623200000,58.3489
1661626800000,58.2965
1661630400000,58.1771
1661634000000,57.9082
1661637600000,57.9252
1661641200000,57.9785
1661644800000,57.8857
1661648400000,57.7867
1661652000000,57.7187
1661655600000,57.7479
1661659200000,58.0035
1661662800000,58.0307
1661666400000,58.0091
1661670000000,58.1524
1661673600000,58.2133
1661677200000,58.1062
1661680800000,58.3795
1661684400000,58.4604
1661688000000,58.3398
1661691600000,58.3853
1661695200000,58.3452
1661698800000,58.6767
1661702400000,58.6756
1661706000000,58.6265
1661709600000,58.7047
1661713200000,58.7292
1661716800000,58.7713
1661720400000,58.8640
1661724000000,58.7572
1661727600000,58.6404
1661731200000,58.7728
1661734800000,58.7211
1661738400000,58.9079
1661742000000,58.8084
1661745600000,59.0832
1661749200000,58.8995
1661752800000,58.7635
1661756400000,58.8036
1661760000000,58.3822
1661763600000,58.2837
1661767200000,58.0699
1661770800000,58.0381
1661774400000,58.0187
1661778000000,58.4720
1661781600000,58.5537
1661785200000,58.6754
1661788800000,58.1671
1661792400000,57.7752
1661796000000,57.5743
1661799600000,57.3858
1661803200000,57.4007
1661806800000,57.8572
1661810400000,57.9356
1661814000000,58.0423
1661817600000,58.5382
1661821200000,58.3773
1661824800000,58.5092
1661828400000,58.4849
1661832000000,58.0579
1661835600000,57.8850
1661839200000,58.0142
1661842800000,58.1198
1661846400000,58.0447
1661850000000,57.8415
1661853600000,57.8278
1661857200000,57.9383
1661860800000,58.0266
1661864400000,57.8537
1661868000000,57.1151
1661871600000,56.8942
1661875200000,56.9755
1661878800000,57.2421
1661882400000,57.0472
1661886000000,56.8941
1661889600000,56.6750
1661893200000,56.8472
1661896800000,56.8137
1661900400000,57.0285
1661904000000,56.6601
1661907600000,56.9099
1661911200000,57.3145
1661914800000,57.0691
1661918400000,56.9559
1661922000000,57.0324
1661925600000,57.1335
1661929200000,56.9770
1661932800000,57.1009
1661936400000,57.1267
1661940000000,57.1110
1661943600000,56.8434
1661947200000,56.9150
1661950800000,56.8650
1661954400000,56.7146
1661958000000,56.8154
1661961600000,56.7302
1661965200000,56.4982
1661968800000,56.3738
1661972400000,56.5212
1661976000000,56.6711
1661979600000,56.5318
1661983200000,56.2270
1661986800000,56.2280
1661990400000,56.2078
1661994000000,56.2715
1661997600000,56.0452
1662001200000,56.0150
1662004800000,56.0322
1662008400000,56.0189
1662012000000,55.7427
1662015600000,55.4944
1662019200000,55.5786
1662022800000,55.5682
1662026400000,55.5181
1662030000000,55.3819
1662033600000,55.2641
1662037200000,55.2262
1662040800000,55.2312
1662044400000,54.9702
1662048000000,54.6332
1662051600000,54.3735
1662055200000,54.7274
1662058800000,54.8872
1662062400000,55.1005
1662066000000,55.0113
1662069600000,55.0316
1662073200000,55.2398
1662076800000,55.0253
1662080400000,54.9014
1662084000000,55.0726
1662087600000,55.1159
1662091200000,55.0596
1662094800000,54.9937
1662098400000,55.0140
1662102000000,55.0387
1662105600000,55.0254
1662109200000,55.1202
1662112800000,54.9569
1662116400000,55.0291
1662120000000,55.0050
1662123600000,54.7371
1662127200000,54.8756
1662130800000,54.8429
1662134400000,54.5738
1662138000000,54.2858
1662141600000,54.8367
1662145200000,54.9740
1662148800000,54.8857
1662152400000,54.6917
1662156000000,54.9423
1662159600000,55.0181
1662163200000,55.1943
1662166800000,55.0342
1662170400000,55.1618
1662174000000,55.1582
1662177600000,55.1832
1662181200000,55.0872
1662184800000,55.0063
1662188400000,55.3573
1662192000000,55.2570
1662195600000,55.1408
1662199200000,55.2707
1662202800000,55.2593
1662206400000,55.2380
1662210000000,55.2118
1662213600000,55.4056
1662217200000,55.2470
1662220800000,55.3912
1662224400000,55.3835
1662228000000,55.2155
1662231600000,55.1169
1662235200000,55.1379
1662238800000,55.1947
1662242400000,55.1934
1662246000000,55.1474
1662249600000,55.0122
1662253200000,55.1799
1662256800000,55.2478
1662260400000,55.1326
1662264000000,55.3070
1662267600000,55.1622
1662271200000,54.9831
1662274800000,54.6881
1662278400000,54.9032
1662282000000,55.2017
1662285600000,55.1281
1662289200000,55.2012
1662292800000,55.0229
1662296400000,54.9743
1662300000000,54.9969
1662303600000,54.9780
1662307200000,55.1716
1662310800000,54.9893
1662314400000,55.1421
1662318000000,54.9295
1662321600000,54.9710
1662325200000,54.7826
1662328800000,54.7840
1662332400000,55.1049
1662336000000,55.0501
1662339600000,54.6856
1662343200000,54.7845
1662346800000,54.8457
1662350400000,54.8381
1662354000000,54.4546
1662357600000,54.5064
1662361200000,54.3285
1662364800000,54.3634
1662368400000,54.2243
1662372000000,53.9302
1662375600000,53.9766
1662379200000,53.9642
1662382800000,53.9130
1662386400000,53.8193
1662390000000,53.6119
1662393600000,53.5451
1662397200000,53.6346
1662400800000,53.3686
1662404400000,53.2695
1662408000000,53.1642
1662411600000,53.2189
1662415200000,53.1827
1662418800000,52.9560
1662422400000,53.3904
1662426000000,53.2144
1662429600000,52.8836
1662433200000,52.6988
1662436800000,52.8103
1662440400000,52.4986
1662444000000,52.4037
1662447600000,52.5797
1662451200000,52.7620
1662454800000,52.6514
1662458400000,52.5841
1662462000000,52.4789
1662465600000,52.1660
1662469200000,52.3748
1662472800000,52.1958
1662476400000,52.1287
1662480000000,51.9086
1662483600000,50.3662
1662487200000,50.2811
1662490800000,49.8244
1662494400000,49.9876
1662498000000,49.8477
1662501600000,49.8679
1662505200000,49.7127
1662508800000,50.6926
1662512400000,50.8789
1662516000000,50.8848
1662519600000,51.2542
1662523200000,51.1461
1662526800000,51.1528
1662530400000,51.2798
1662534000000,51.3704
1662537600000,51.4035
1662541200000,51.3588
1662544800000,51.2514
1662548400000,51.2184
1662552000000,51.3456
1662555600000,51.1322
1662559200000,51.3854
1662562800000,51.2224
1662566400000,51.1245
1662570000000,51.0364
1662573600000,51.3428
1662577200000,51.3227
1662580800000,51.2174
1662584400000,51.3074
1662588000000,51.4101
1662591600000,51.6513
1662595200000,51.7441
1662598800000,51.8061
1662602400000,51.7668
1662606000000,51.5601
1662609600000,51.4530
1662613200000,51.5030
1662616800000,51.5813
1662620400000,51.4781
1662624000000,51.5750
1662627600000,51.4794
1662631200000,51.5141
1662634800000,51.4508
1662638400000,51.3675
1662642000000,51.5005
1662645600000,51.8495
1662649200000,51.7394
1662652800000,51.4557
1662656400000,51.5942
1662660000000,51.6184
1662663600000,51.5854
1662667200000,51.6888
1662670800000,51.7769
1662674400000,51.9948
1662678000000,51.8347
1662681600000,51.9452
1662685200000,52.0209
1662688800000,52.1263
1662692400000,53.1373
1662696000000,53.9826
1662699600000,54.2376
1662703200000,54.4955
1662706800000,54.7832
1662710400000,55.0617
1662714000000,55.0393
1662717600000,56.0565
1662721200000,55.8738
1662724800000,55.6221
1662728400000,55.2739
1662732000000,55.6171
1662735600000,56.1752
1662739200000,56.3755
1662742800000,56.3491
1662746400000,55.8354
1662750000000,56.1061
1662753600000,55.9586
1662757200000,55.8691
1662760800000,56.4815
1662764400000,56.6447
1662768000000,56.3382
1662771600000,56.3037
1662775200000,56.0306
1662778800000,56.0455
1662782400000,56.5562
1662786000000,57.1449
1662789600000,57.1025
1662793200000,56.5226
1662796800000,56.7478
1662800400000,56.6262
1662804000000,56.4742
1662807600000,56.3791
1662811200000,56.3049
1662814800000,55.8548
1662818400000,56.1862
1662822000000,56.3144
1662825600000,56.6919
1662829200000,56.2333
1662832800000,56.4633
1662836400000,56.7158
1662840000000,56.3870
1662843600000,56.4555
1662847200000,56.2917
1662850800000,56.1692
1662854400000,55.8753
1662858000000,56.1260
1662861600000,55.8926
1662865200000,55.9136
1662868800000,56.0294
1662872400000,55.9091
1662876000000,55.7588
1662879600000,56.2263
1662883200000,56.3529
1662886800000,56.2454
1662890400000,56.1654
1662894000000,56.1360
1662897600000,55.9476
1662901200000,55.6660
1662904800000,55.6952
1662908400000,55.9310
1662912000000,56.0840
1662915600000,55.8633
1662919200000,55.8491
1662922800000,56.0903
1662926400000,56.2274
1662930000000,56.1981
1662933600000,56.4700
1662937200000,56.6254
1662940800000,56.5004
1662944400000,57.4812
1662948000000,57.1436
1662951600000,57.0463
1662955200000,57.2598
1662958800000,57.4150
1662962400000,57.2891
1662966000000,57.9551
1662969600000,58.3157
1662973200000,58.3318
1662976800000,58.4702
1662980400000,58.9148
1662984000000,58.8404
1662987600000,58.9252
1662991200000,59.0035
1662994800000,58.7570
1662998400000,58.8518
1663002000000,58.6867
1663005600000,58.7911
1663009200000,59.0767
1663012800000,58.9910
1663016400000,58.8532
1663020000000,58.9684
1663023600000,59.2241
1663027200000,58.9559
1663030800000,58.7327
1663034400000,58.9273
1663038000000,58.6928
1663041600000,58.7843
1663045200000,58.8844
1663048800000,59.0911
1663052400000,58.8911
1663056000000,58.7241
1663059600000,58.7601
1663063200000,59.1228
1663066800000,59.1218
1663070400000,57.6798
1663074000000,58.0534
1663077600000,57.7734
1663081200000,57.3253
1663084800000,56.6874
1663088400000,56.5332
1663092000000,55.9509
1663095600000,55.2131
1663099200000,54.9550
1663102800000,54.9139
1663106400000,55.1710
1663110000000,55.4594
1663113600000,55.6414
1663117200000,55.5407
1663120800000,55.6601
1663124400000,55.4191
1663128000000,55.2971
1663131600000,55.1565
1663135200000,54.8547
1663138800000,54.8258
1663142400000,55.5714
1663146000000,55.3978
1663149600000,55.4278
1663153200000,55.3498
1663156800000,55.2162
1663160400000,55.5614
1663164000000,55.4090
1663167600000,55.2377
1663171200000,55.2103
1663174800000,54.9468
1663178400000,54.1479
1663182000000,54.2510
1663185600000,54.2264
1663189200000,54.5466
1663192800000,54.2800
1663196400000,54.0708
1663200000000,54.0782
1663203600000,54.0505
1663207200000,53.8856
1663210800000,54.0299
1663214400000,53.9656
1663218000000,53.7411
1663221600000,54.2470
1663225200000,53.6996
1663228800000,54.1014
1663232400000,54.7007
1663236000000,54.7370
1663239600000,54.6102
1663243200000,54.7958
1663246800000,54.7610
1663250400000,55.5580
1663254000000,55.5241
1663257600000,55.6732
1663261200000,55.6367
1663264800000,55.5487
1663268400000,55.7945
1663272000000,55.9175
1663275600000,56.1056
1663279200000,56.0674
1663282800000,56.2397
1663286400000,56.5927
1663290000000,56.6420
1663293600000,56.7544
1663297200000,56.6667
1663300800000,56.8376
1663304400000,56.7737
1663308000000,56.9130
1663311600000,56.7407
1663315200000,56.9274
1663318800000,57.3420
1663322400000,57.2622
1663326000000,57.3207
1663329600000,57.1698
1663333200000,57.2476
1663336800000,57.4695
1663340400000,57.4052
1663344000000,57.4118
1663347600000,57.3566
1663351200000,57.4426
1663354800000,57.6959
1663358400000,57.9122
1663362000000,57.7692
1663365600000,58.0123
1663369200000,58.2178
1663372800000,58.6364
1663376400000,58.8484
1663380000000,58.5264
1663383600000,58.4469
1663387200000,58.7230
1663390800000,58.7017
1663394400000,58.6237
1663398000000,58.6182
1663401600000,58.7634
1663405200000,58.7566
1663408800000,58.8941
1663412400000,58.9773
1663416000000,58.8582
1663419600000,58.9701
1663423200000,58.6492
1663426800000,58.7179
1663430400000,58.6576
1663434000000,58.4506
1663437600000,58.4703
1663441200000,58.4427
1663444800000,58.7847
1663448400000,58.7067
1663452000000,58.7881
1663455600000,58.6263
1663459200000,58.4900
1663462800000,58.4623
1663466400000,58.6073
1663470000000,58.5710
1663473600000,58.6189
1663477200000,58.6885
1663480800000,58.6679
1663484400000,58.7611
1663488000000,58.7558
1663491600000,58.5632
1663495200000,58.7999
1663498800000,58.7704
1663502400000,58.9230
1663506000000,59.2695
1663509600000,58.9709
1663513200000,58.7811
1663516800000,59.1249
1663520400000,59.0701
1663524000000,59.1152
1663527600000,59.2074
1663531200000,59.2170
1663534800000,58.9033
1663538400000,58.6270
1663542000000,58.7203
1663545600000,58.9159
1663549200000,58.7708
1663552800000,57.3980
1663556400000,57.6802
1663560000000,57.4415
1663563600000,56.7735
1663567200000,56.6027
1663570800000,56.3963
1663574400000,56.3414
1663578000000,56.3786
1663581600000,57.0583
1663585200000,57.1249
1663588800000,57.5285
1663592400000,58.0534
1663596000000,58.2893
1663599600000,57.7461
1663603200000,57.8873
1663606800000,57.7227
1663610400000,57.9350
1663614000000,58.6011
1663617600000,58.6774
1663621200000,58.1681
1663624800000,58.5357
1663628400000,58.7672
1663632000000,58.7113
1663635600000,58.4420
1663639200000,58.5269
1663642800000,58.5562
1663646400000,58.4959
1663650000000,58.6253
1663653600000,58.6901
1663657200000,58.5756
1663660800000,58.4001
1663664400000,58.2389
1663668000000,58.4517
1663671600000,58.3286
1663675200000,57.9457
1663678800000,57.5906
1663682400000,57.7586
1663686000000,57.7897
1663689600000,57.6636
1663693200000,57.1122
1663696800000,57.6877
1663700400000,57.6346
1663704000000,57.7072
1663707600000,57.9075
1663711200000,57.9415
1663714800000,57.8478
1663718400000,57.8240
1663722000000,57.6536
1663725600000,57.7891
1663729200000,57.9209
1663732800000,57.8493
1663736400000,57.7123
1663740000000,57.5703
1663743600000,57.6864
1663747200000,57.4672
1663750800000,57.8852
1663754400000,57.8528
1663758000000,58.2258
1663761600000,58.3790
1663765200000,58.6092
1663768800000,58.5253
1663772400000,58.1541
1663776000000,58.3602
1663779600000,58.8144
1663783200000,59.6068
1663786800000,58.5541
1663790400000,58.5596
1663794000000,58.6194
1663797600000,58.6296
1663801200000,58.7322
1663804800000,58.7702
1663808400000,58.8003
1663812000000,59.0877
1663815600000,58.9612
1663819200000,58.9291
1663822800000,59.0189
1663826400000,59.1243
1663830000000,59.3492
1663833600000,59.8952
1663837200000,59.7515
1663840800000,59.5808
1663844400000,59.7163
1663848000000,59.7643
1663851600000,59.5420
1663855200000,59.6956
1663858800000,59.9299
1663862400000,60.0105
1663866000000,60.0248
1663869600000,59.9655
1663873200000,60.1507
1663876800000,60.0281
1663880400000,60.1546
1663884000000,60.4222
1663887600000,60.4489
1663891200000,60.0500
1663894800000,60.0558
1663898400000,60.0679
1663902000000,59.9233
1663905600000,60.0239
1663909200000,60.1621
1663912800000,60.1220
1663916400000,59.8095
1663920000000,59.5518
1663923600000,60.0669
1663927200000,60.0647
1663930800000,59.9193
1663934400000,59.7146
1663938000000,59.4302
1663941600000,59.1564
1663945200000,59.1496
1663948800000,59.2780
1663952400000,59.2110
1663956000000,59.1149
1663959600000,59.4807
1663963200000,59.5783
1663966800000,59.5309
1663970400000,60.3848
1663974000000,60.4100
1663977600000,60.2987
1663981200000,60.3006
1663984800000,60.3721
1663988400000,60.5615
1663992000000,60.9266
1663995600000,61.1732
1663999200000,61.1387
1664002800000,60.5613
1664006400000,60.8930
1664010000000,60.7415
1664013600000,60.5514
1664017200000,60.4692
1664020800000,60.6756
1664024400000,60.2746
1664028000000,60.1224
1664031600000,60.1831
1664035200000,59.8848
1664038800000,59.7058
1664042400000,59.8111
1664046000000,59.8283
1664049600000,59.8550
1664053200000,59.6838
1664056800000,59.7805
1664060400000,59.4792
1664064000000,59.5494
1664067600000,59.6801
1664071200000,59.6468
1664074800000,59.7660
1664078400000,59.5634
1664082000000,59.7359
1664085600000,59.8044
1664089200000,60.0198
1664092800000,60.1865
1664096400000,60.0364
1664100000000,60.2713
1664103600000,60.2153
1664107200000,60.0765
1664110800000,59.9274
1664114400000,59.8552
1664118000000,59.9656
1664121600000,59.9344
1664125200000,60.3495
1664128800000,60.2483
1664132400000,60.0634
1664136000000,60.2132
1664139600000,59.6454
1664143200000,59.6603
1664146800000,59.8501
1664150400000,59.6833
1664154000000,59.9378
1664157600000,59.4268
1664161200000,59.5232
1664164800000,59.4904
1664168400000,59.4741
1664172000000,59.5172
1664175600000,59.8927
1664179200000,60.5079
1664182800000,59.9049
1664186400000,59.9220
1664190000000,59.4924
1664193600000,59.6803
1664197200000,59.7750
1664200800000,59.2692
1664204400000,59.4296
1664208000000,59.3127
1664211600000,59.4433
1664215200000,59.3971
1664218800000,59.5377
1664222400000,59.4786
1664226000000,59.6187
1664229600000,59.4448
1664233200000,59.6013
1664236800000,60.0588
1664240400000,60.6730
1664244000000,61.2846
1664247600000,61.3443
1664251200000,61.5371
1664254800000,61.8668
1664258400000,62.0210
1664262000000,61.9849
1664265600000,61.9652
1664269200000,61.8842
1664272800000,61.8141
1664276400000,61.5833
1664280000000,61.5501
1664283600000,61.4877
1664287200000,61.4988
1664290800000,61.0980
1664294400000,59.1869
1664298000000,58.7237
1664301600000,59.1606
1664305200000,58.8467
1664308800000,58.9711
1664312400000,58.8359
1664316000000,58.8296
1664319600000,58.8298
1664323200000,58.4980
1664326800000,58.9983
1664330400000,58.7107
1664334000000,59.1293
1664337600000,59.3018
1664341200000,59.3462
1664344800000,59.0821
1664348400000,59.3426
1664352000000,59.2185
1664355600000,59.3265
1664359200000,59.6709
1664362800000,59.8080
1664366400000,59.8088
1664370000000,59.9014
1664373600000,60.1832
1664377200000,60.8687
1664380800000,61.2141
1664384400000,60.8127
1664388000000,61.1570
1664391600000,61.2439
1664395200000,61.1703
1664398800000,61.3647
1664402400000,61.1719
1664406000000,61.0495
1664409600000,61.2294
1664413200000,61.4106
1664416800000,61.4261
1664420400000,61.4974
1664424000000,61.8517
1664427600000,61.6157
1664431200000,61.4332
1664434800000,61.3807
1664438400000,61.1274
1664442000000,61.0906
1664445600000,61.1357
1664449200000,61.0777
1664452800000,60.7821
1664456400000,60.7776
1664460000000,61.2060
1664463600000,61.1216
1664467200000,61.3048
1664470800000,60.9511
1664474400000,61.1482
1664478000000,61.3790
1664481600000,61.5428
1664485200000,61.4314
1664488800000,61.5195
1664492400000,62.0305
1664496000000,61.9501
1664499600000,61.8566
1664503200000,61.8173
1664506800000,61.8921
1664510400000,61.7923
1664514000000,61.7260
1664517600000,61.6781
1664521200000,62.2926
1664524800000,62.1885
1664528400000,62.0960
1664532000000,61.9382
1664535600000,61.6651
1664539200000,61.4276
1664542800000,61.8300
1664546400000,63.0271
1664550000000,63.0120
1664553600000,62.8094
1664557200000,62.8783
1664560800000,62.6222
1664564400000,62.1729
1664568000000,61.9157
1664571600000,61.9851
1664575200000,62.1754
1664578800000,62.5282
1664582400000,62.4241
1664586000000,62.2371
1664589600000,62.3480
1664593200000,62.2521
1664596800000,62.1335
1664600400000,61.8637
1664604000000,61.8042
1664607600000,61.8388
1664611200000,61.8507
1664614800000,61.8156
1664618400000,61.9588
1664622000000,62.0744
1664625600000,62.0533
1664629200000,62.0721
1664632800000,62.0557
1664636400000,61.9467
1664640000000,61.9996
1664643600000,61.7570
1664647200000,62.3505
1664650800000,62.2301
1664654400000,62.3325
1664658000000,62.4841
1664661600000,62.6427
1664665200000,62.5414
1664668800000,62.3819
1664672400000,62.5566
1664676000000,62.6335
1664679600000,62.5543
1664683200000,62.4024
1664686800000,62.4068
1664690400000,62.2421
1664694000000,62.2565
1664697600000,62.3291
1664701200000,62.4195
1664704800000,62.3955
1664708400000,62.7569
1664712000000,62.6949
1664715600000,62.6172
1664719200000,62.6345
1664722800000,62.7330
1664726400000,62.8931
1664730000000,62.8625
1664733600000,63.2186
1664737200000,63.3166
1664740800000,63.1072
1664744400000,63.1909
1664748000000,63.4637
1664751600000,63.5105
1664755200000,63.5619
1664758800000,63.5005
1664762400000,63.2969
1664766000000,63.3388
1664769600000,63.1715
1664773200000,63.5484
1664776800000,63.5007
1664780400000,63.4248
1664784000000,63.4219
1664787600000,63.3487
1664791200000,63.3385
1664794800000,63.4587
1664798400000,63.3884
1664802000000,63.1388
1664805600000,63.2539
1664809200000,62.9561
1664812800000,63.2194
1664816400000,63.5072
1664820000000,63.8190
1664823600000,63.4384
1664827200000,63.5311
1664830800000,63.4296
1664834400000,63.4343
1664838000000,63.6249
1664841600000,63.4766
1664845200000,63.4109
1664848800000,63.5064
1664852400000,63.4502
1664856000000,63.3593
1664859600000,63.4617
1664863200000,63.8730
1664866800000,64.1832
1664870400000,63.8942
1664874000000,64.2077
1664877600000,64.2560
1664881200000,64.2937
1664884800000,64.3860
1664888400000,65.3112
1664892000000,65.2705
1664895600000,64.9285
1664899200000,65.0026
1664902800000,65.0200
1664906400000,65.4563
1664910000000,65.6395
1664913600000,65.6819
1664917200000,65.5588
1664920800000,65.5228
1664924400000,65.6170
1664928000000,65.3190
1664931600000,65.3636
1664935200000,65.1611
1664938800000,65.2778
1664942400000,65.1742
1664946000000,65.4036
1664949600000,65.4579
1664953200000,65.2769
1664956800000,65.1423
1664960400000,64.8355
1664964000000,65.0003
1664967600000,65.0613
1664971200000,65.1935
1664974800000,65.1042
1664978400000,64.9439
1664982000000,65.3096
1664985600000,65.4429
1664989200000,65.2065
1664992800000,65.2175
1664996400000,64.9439
1665000000000,64.6877
1665003600000,64.7719
1665007200000,65.0666
1665010800000,65.1581
1665014400000,65.1208
1665018000000,65.2272
1665021600000,65.2513
1665025200000,65.2698
1665028800000,65.1581
1665032400000,65.0466
1665036000000,64.7387
1665039600000,64.9561
1665043200000,64.8067
1665046800000,64.8161
1665050400000,64.8303
1665054000000,64.9223
1665057600000,64.5884
1665061200000,64.4959
1665064800000,64.3732
1665068400000,64.3561
1665072000000,64.4098
1665075600000,64.4268
1665079200000,64.3951
1665082800000,64.3097
1665086400000,63.4351
1665090000000,62.0286
1665093600000,62.7984
1665097200000,63.4087
1665100800000,63.1835
1665104400000,62.9018
1665108000000,63.2310
1665111600000,62.8586
1665115200000,62.6925
1665118800000,62.8496
1665122400000,62.6439
1665126000000,62.7775
1665129600000,62.9478
1665133200000,62.8683
1665136800000,62.8249
1665140400000,62.9001
1665144000000,62.3147
1665147600000,62.3127
1665151200000,62.4936
1665154800000,62.3549
1665158400000,62.0535
1665162000000,62.2220
1665165600000,62.3617
1665169200000,62.3181
1665172800000,62.5087
1665176400000,62.3759
1665180000000,62.2896
1665183600000,62.2763
1665187200000,62.2174
1665190800000,62.2967
1665194400000,62.0533
1665198000000,61.9702
1665201600000,61.9547
1665205200000,62.1622
1665208800000,62.1106
1665212400000,62.0491
1665216000000,62.0571
1665219600000,62.0981
1665223200000,62.1470
1665226800000,62.2129
1665230400000,62.1273
1665234000000,62.0931
1665237600000,62.1472
1665241200000,62.1421
1665244800000,62.3197
1665248400000,62.3164
1665252000000,62.2330
1665255600000,62.0659
1665259200000,61.9455
1665262800000,61.6083
1665266400000,61.5157
1665270000000,61.5428
1665273600000,61.7539
1665277200000,61.6816
1665280800000,61.5812
1665284400000,61.4507
1665288000000,61.5155
1665291600000,61.6044
1665295200000,61.6980
1665298800000,61.7314
1665302400000,61.6330
1665306000000,61.6636
1665309600000,61.7664
1665313200000,61.6673
1665316800000,61.5889
1665320400000,61.6356
1665324000000,61.7896
1665327600000,61.8852
1665331200000,61.8469
1665334800000,61.7113
1665338400000,61.7771
1665342000000,61.8422
1665345600000,61.8326
1665349200000,61.8052
1665352800000,61.6403
1665356400000,61.6265
1665360000000,61.4389
1665363600000,61.6009
1665367200000,61.6774
1665370800000,61.6426
1665374400000,61.6235
1665378000000,61.5747
1665381600000,61.5605
1665385200000,61.5006
1665388800000,60.8945
1665392400000,61.0743
1665396000000,61.0598
1665399600000,61.1330
1665403200000,61.3899
1665406800000,61.1587
1665410400000,61.0910
1665414000000,61.1715
1665417600000,60.8348
1665421200000,61.1146
1665424800000,60.9289
1665428400000,60.9991
1665432000000,61.1725
1665435600000,61.1673
1665439200000,60.9791
1665442800000,60.9073
1665446400000,60.8061
1665450000000,60.7413
1665453600000,60.9303
1665457200000,60.8746
1665460800000,60.8490
1665464400000,60.9306
1665468000000,61.0539
1665471600000,60.9329
1665475200000,60.9807
1665478800000,60.9819
1665482400000,61.0100
1665486000000,61.2070
1665489600000,61.2486
1665493200000,61.0341
1665496800000,60.9807
1665500400000,61.1127
1665504000000,61.1077
1665507600000,61.1123
1665511200000,60.7354
1665514800000,60.6236
1665518400000,60.7633
1665522000000,60.8640
1665525600000,60.9086
1665529200000,61.0753
1665532800000,61.1459
1665536400000,61.0236
1665540000000,61.0095
1665543600000,60.8961
1665547200000,60.9301
1665550800000,60.8948
1665554400000,60.8762
1665558000000,60.7155
1665561600000,60.7673
1665565200000,60.6450
1665568800000,60.6817
1665572400000,60.5282
1665576000000,60.4050
1665579600000,60.4036
1665583200000,60.4222
1665586800000,60.4930
1665590400000,60.3394
1665594000000,60.4476
1665597600000,60.4919
1665601200000,60.5911
1665604800000,60.6337
1665608400000,60.6136
1665612000000,60.6789
1665615600000,60.6993
1665619200000,60.7813
1665622800000,60.5520
1665626400000,60.6339
1665630000000,60.6174
1665633600000,60.6313
1665637200000,60.4807
1665640800000,60.0218
1665644400000,59.7988
1665648000000,59.9366
1665651600000,60.0524
1665655200000,59.8774
1665658800000,60.1013
1665662400000,59.8755
1665666000000,59.9794
1665669600000,59.9560
1665673200000,60.8764
1665676800000,61.2547
1665680400000,61.1948
1665684000000,61.9069
1665687600000,61.6555
1665691200000,61.4947
1665694800000,61.6719
1665698400000,61.8540
1665702000000,61.6494
1665705600000,61.8412
1665709200000,62.0763
1665712800000,61.7746
1665716400000,61.7967
1665720000000,61.8145
1665723600000,61.8552
1665727200000,61.8514
1665730800000,61.3733
1665734400000,61.3318
1665738000000,61.3467
1665741600000,61.3409
1665745200000,61.0689
1665748800000,61.4117
1665752400000,61.1441
1665756000000,60.7641
1665759600000,60.7052
1665763200000,60.7052
1665766800000,60.5680
1665770400000,60.3378
1665774000000,60.4250
1665777600000,60.2857
1665781200000,60.2065
1665784800000,60.3497
1665788400000,60.4307
1665792000000,60.6151
1665795600000,60.3495
1665799200000,60.5076
1665802800000,60.5804
1665806400000,60.5577
1665810000000,60.6502
1665813600000,60.6229
1665817200000,60.7017
1665820800000,60.7243
1665824400000,60.9409
1665828000000,60.9964
1665831600000,61.0596
1665835200000,61.0502
1665838800000,60.9670
1665842400000,60.9211
1665846000000,61.0090
1665849600000,60.8635
1665853200000,60.8038
1665856800000,60.8538
1665860400000,60.8772
1665864000000,60.9182
1665867600000,60.7222
1665871200000,60.9146
1665874800000,60.7488
1665878400000,60.8603
1665882000000,60.9177
1665885600000,60.8564
1665889200000,60.8137
1665892800000,60.8268
1665896400000,60.9559
1665900000000,60.8709
1665903600000,60.9309
1665907200000,60.9624
1665910800000,60.8825
1665914400000,60.9224
1665918000000,60.9274
1665921600000,60.9211
1665925200000,60.8778
1665928800000,60.9067
1665932400000,60.9852
1665936000000,60.9853
1665939600000,61.0125
1665943200000,60.9927
1665946800000,61.2497
1665950400000,61.0203
1665954000000,60.8051
1665957600000,60.9216
1665961200000,60.8557
1665964800000,60.7220
1665968400000,60.7570
1665972000000,60.8076
1665975600000,60.6766
1665979200000,60.5921
1665982800000,60.6304
1665986400000,60.5362
1665990000000,60.6443
1665993600000,60.5094
1665997200000,60.4927
1666000800000,60.8369
1666004400000,61.0682
1666008000000,61.1988
1666011600000,60.9940
1666015200000,60.7995
1666018800000,60.9474
1666022400000,61.3248
1666026000000,61.4529
1666029600000,61.4247
1666033200000,61.1948
1666036800000,61.0696
1666040400000,61.0234
1666044000000,61.0226
1666047600000,61.1962
1666051200000,61.0458
1666054800000,60.8469
1666058400000,60.8657
1666062000000,60.9699
1666065600000,60.9139
1666069200000,60.8863
1666072800000,61.0621
1666076400000,61.1229
1666080000000,60.9319
1666083600000,60.9032
1666087200000,60.9121
1666090800000,61.0730
1666094400000,61.1471
1666098000000,61.0408
1666101600000,61.1281
1666105200000,61.0082
1666108800000,61.1068
1666112400000,61.2347
1666116000000,60.9111
1666119600000,60.8932
1666123200000,61.0847
1666126800000,60.8569
1666130400000,60.8792
1666134000000,60.9511
1666137600000,60.7527
1666141200000,60.9871
1666144800000,60.9020
1666148400000,60.9343
1666152000000,60.9359
1666155600000,60.8630
1666159200000,60.7737
1666162800000,60.7915
1666166400000,60.6862
1666170000000,60.7352
1666173600000,60.7124
1666177200000,60.6729
1666180800000,60.6566
1666184400000,60.7168
1666188000000,60.8995
1666191600000,61.0398
1666195200000,60.9226
1666198800000,61.0814
1666202400000,61.0820
1666206000000,61.2890
1666209600000,61.2478
1666213200000,61.2716
1666216800000,61.1595
1666220400000,61.2031
1666224000000,60.7019
1666227600000,60.9481
1666231200000,60.9689
1666234800000,60.9281
1666238400000,61.1904
1666242000000,60.9506
1666245600000,60.9326
1666249200000,60.8861
1666252800000,60.8904
1666256400000,61.0999
1666260000000,61.0014
1666263600000,61.0110
1666267200000,60.8981
1666270800000,60.8764
1666274400000,61.1053
1666278000000,61.0468
1666281600000,61.0180
1666285200000,60.7980
1666288800000,60.3070
1666292400000,60.5313
1666296000000,60.4866
1666299600000,60.5474
1666303200000,60.4970
1666306800000,60.5324
1666310400000,60.2433
1666314000000,60.3654
1666317600000,60.4513
1666321200000,60.2563
1666324800000,60.1798
1666328400000,60.1796
1666332000000,60.0943
1666335600000,60.0486
1666339200000,60.0257
1666342800000,60.2399
1666346400000,60.1035
1666350000000,60.0725
1666353600000,60.1649
1666357200000,60.4854
1666360800000,60.2701
1666364400000,60.4362
1666368000000,60.3509
1666371600000,60.3655
1666375200000,60.4166
1666378800000,60.3964
1666382400000,60.2616
1666386000000,60.2468
1666389600000,60.3402
1666393200000,60.3942
1666396800000,60.2020
1666400400000,60.1981
1666404000000,60.1652
1666407600000,60.1742
1666411200000,60.2081
1666414800000,60.2355
1666418400000,60.3260
1666422000000,60.3575
1666425600000,60.2263
1666429200000,60.2096
1666432800000,60.1672
1666436400000,60.1672
1666440000000,60.1267
1666443600000,60.0545
1666447200000,59.9143
1666450800000,59.8487
1666454400000,59.7753
1666458000000,59.8080
1666461600000,59.9132
1666465200000,59.8539
1666468800000,60.0313
1666472400000,59.8653
1666476000000,59.9093
1666479600000,60.0218
1666483200000,60.0639
1666486800000,60.1029
1666490400000,60.0865
1666494000000,59.9823
1666497600000,60.0426
1666501200000,60.0326
1666504800000,59.9726
1666508400000,59.9385
1666512000000,60.0086
1666515600000,60.0200
1666519200000,59.9583
1666522800000,60.1008
1666526400000,60.0102
1666530000000,60.0613
1666533600000,60.0536
1666537200000,59.9854
1666540800000,60.0548
1666544400000,60.6095
1666548000000,60.5944
1666551600000,60.7918
1666555200000,60.7756
1666558800000,60.8905
1666562400000,60.0740
1666566000000,60.0658
1666569600000,60.0942
1666573200000,59.8435
1666576800000,59.9300
1666580400000,59.9074
1666584000000,59.7133
1666587600000,59.8535
1666591200000,59.8238
1666594800000,60.0118
1666598400000,60.1307
1666602000000,60.0447
1666605600000,59.8934
1666609200000,59.8035
1666612800000,59.7003
1666616400000,59.7025
1666620000000,59.8222
1666623600000,59.7001
1666627200000,59.8738
1666630800000,59.9074
1666634400000,59.8915
1666638000000,59.7162
1666641600000,59.7140
1666645200000,59.6441
1666648800000,59.7648
1666652400000,59.8806
1666656000000,59.8191
1666659600000,59.8916
1666663200000,59.8813
1666666800000,59.7772
1666670400000,59.7529
1666674000000,59.7128
1666677600000,59.6621
1666681200000,59.5363
1666684800000,59.5301
1666688400000,59.4337
1666692000000,59.5734
1666695600000,59.4758
1666699200000,59.3849
1666702800000,59.1158
1666706400000,59.5954
1666710000000,59.7239
1666713600000,59.7347
1666717200000,59.1308
1666720800000,59.2236
1666724400000,59.3017
1666728000000,59.5351
1666731600000,59.3865
1666735200000,59.4633
1666738800000,59.2392
1666742400000,59.2031
1666746000000,59.1883
1666749600000,58.8586
1666753200000,59.0058
1666756800000,59.0612
1666760400000,58.8157
1666764000000,58.5076
1666767600000,58.2433
1666771200000,58.8290
1666774800000,58.7062
1666778400000,58.5839
1666782000000,58.8391
1666785600000,58.6580
1666789200000,58.3832
1666792800000,58.1203
1666796400000,58.2099
1666800000000,57.8250
1666803600000,58.2800
1666807200000,57.7849
1666810800000,58.1611
1666814400000,57.9993
1666818000000,57.9691
1666821600000,58.4292
1666825200000,58.1265
1666828800000,58.0268
1666832400000,57.8410
1666836000000,57.6065
1666839600000,58.0844
1666843200000,58.2769
1666846800000,58.5434
1666850400000,58.1760
1666854000000,57.7821
1666857600000,57.8349
1666861200000,57.4525
1666864800000,57.1447
1666868400000,57.3344
1666872000000,57.8732
1666875600000,56.9134
1666879200000,57.0976
1666882800000,57.1427
1666886400000,57.2017
1666890000000,57.2145
1666893600000,57.2143
1666897200000,57.4999
1666900800000,56.4876
1666904400000,56.5547
1666908000000,56.0498
1666911600000,56.2454
1666915200000,56.3667
1666918800000,56.5368
1666922400000,55.9859
1666926000000,56.2949
1666929600000,56.1891
1666933200000,56.3909
1666936800000,56.2833
1666940400000,55.5959
1666944000000,55.9177
1666947600000,56.0636
1666951200000,56.0321
1666954800000,56.1346
1666958400000,56.5609
1666962000000,57.8096
1666965600000,58.1016
1666969200000,58.6042
1666972800000,59.4095
1666976400000,59.4124
1666980000000,59.1506
1666983600000,59.1791
1666987200000,59.1697
1666990800000,58.9457
1666994400000,59.1052
1666998000000,59.0312
1667001600000,58.9862
1667005200000,58.8311
1667008800000,58.8321
1667012400000,59.4319
1667016000000,59.2714
1667019600000,59.1913
1667023200000,58.9929
1667026800000,58.9046
1667030400000,58.8747
1667034000000,58.7699
1667037600000,58.1002
1667041200000,57.9612
1667044800000,57.8242
1667048400000,57.9007
1667052000000,57.8694
1667055600000,58.1923
1667059200000,58.3809
1667062800000,58.3778
1667066400000,58.3332
1667070000000,58.4558
1667073600000,58.1823
1667077200000,58.4791
1667080800000,58.3970
1667084400000,58.5485
1667088000000,58.3560
1667091600000,58.6594
1667095200000,58.4526
1667098800000,58.9334
1667102400000,58.6449
1667106000000,58.5836
1667109600000,58.7550
1667113200000,59.8986
1667116800000,60.0007
1667120400000,59.8841
1667124000000,60.0846
1667127600000,60.1928
1667131200000,59.9443
1667134800000,59.9424
1667138400000,60.1446
1667142000000,60.2219
1667145600000,60.8760
1667149200000,60.9989
1667152800000,60.9657
1667156400000,61.0176
1667160000000,60.6842
1667163600000,60.4416
1667167200000,60.3730
1667170800000,60.5680
1667174400000,60.2302
1667178000000,60.3189
1667181600000,60.0781
1667185200000,60.2281
1667188800000,59.9754
1667192400000,59.8869
1667196000000,59.7288
1667199600000,59.8130
1667203200000,59.9960
1667206800000,62.1778
1667210400000,62.1755
1667214000000,62.7705
1667217600000,62.7561
1667221200000,62.5413
1667224800000,62.2613
1667228400000,62.0708
1667232000000,62.7136
1667235600000,62.6011
1667239200000,62.7235
1667242800000,62.7924
1667246400000,62.7552
1667250000000,62.8813
1667253600000,63.0615
1667257200000,62.4561
1667260800000,62.6035
1667264400000,62.9271
1667268000000,63.1072
1667271600000,62.6155
1667275200000,62.2742
1667278800000,62.1544
1667282400000,62.5461
1667286000000,62.3443
1667289600000,62.4712
1667293200000,62.0497
1667296800000,61.8766
1667300400000,61.6742
1667304000000,61.3151
1667307600000,61.1732
1667311200000,61.2417
1667314800000,61.3479
1667318400000,61.3748
1667322000000,61.9601
1667325600000,61.9681
1667329200000,62.0852
1667332800000,62.2069
1667336400000,62.0542
1667340000000,62.1714
1667343600000,61.9895
1667347200000,61.9737
1667350800000,61.9733
1667354400000,61.9129
1667358000000,62.0745
1667361600000,62.0316
1667365200000,61.5877
1667368800000,61.4611
1667372400000,62.0839
1667376000000,61.8799
1667379600000,61.6149
1667383200000,62.1056
1667386800000,62.0346
1667390400000,61.9027
1667394000000,61.8748
1667397600000,61.7701
1667401200000,61.6463
1667404800000,62.6036
1667408400000,61.9972
1667412000000,62.4108
1667415600000,62.1424
1667419200000,62.3779
1667422800000,62.3925
1667426400000,62.5424
1667430000000,62.4924
1667433600000,62.0002
1667437200000,62.2160
1667440800000,62.3351
1667444400000,62.2491
1667448000000,62.7037
1667451600000,63.0401
1667455200000,63.2891
1667458800000,64.0903
1667462400000,64.1893
1667466000000,64.0953
1667469600000,63.8490
1667473200000,63.3720
1667476800000,62.8484
1667480400000,62.5694
1667484000000,63.2573
1667487600000,63.1366
1667491200000,63.4006
1667494800000,63.6228
1667498400000,63.6222
1667502000000,63.6292
1667505600000,63.3882
1667509200000,63.9506
1667512800000,64.0468
1667516400000,63.6324
1667520000000,64.8939
1667523600000,64.5396
1667527200000,64.5283
1667530800000,65.0208
1667534400000,64.9458
1667538000000,65.3779
1667541600000,65.5820
1667545200000,65.0703
1667548800000,66.0187
1667552400000,66.0034
1667556000000,65.2557
1667559600000,64.9350
1667563200000,65.5389
1667566800000,65.1197
1667570400000,65.5484
1667574000000,64.6292
1667577600000,65.1166
1667581200000,64.8381
1667584800000,64.9923
1667588400000,65.3264
1667592000000,65.4657
1667595600000,65.3171
1667599200000,65.1257
1667602800000,65.5347
1667606400000,66.0144
1667610000000,65.7062
1667613600000,66.2522
1667617200000,66.4187
1667620800000,66.3424
1667624400000,66.8527
1667628000000,66.3501
1667631600000,66.7079
1667635200000,66.0689
1667638800000,65.8526
1667642400000,66.3577
1667646000000,66.1893
1667649600000,65.8433
1667653200000,65.6470
1667656800000,65.6684
1667660400000,65.6866
1667664000000,65.8609
1667667600000,65.7838
1667671200000,65.5598
1667674800000,65.6488
1667678400000,65.8279
1667682000000,65.8234
1667685600000,65.6091
1667689200000,65.6990
1667692800000,65.6016
1667696400000,65.5709
1667700000000,65.6979
1667703600000,65.7784
1667707200000,66.1624
1667710800000,65.6084
1667714400000,65.7355
1667718000000,65.9712
1667721600000,65.8291
1667725200000,65.9294
1667728800000,66.1068
1667732400000,66.0992
1667736000000,66.1366
1667739600000,66.0203
1667743200000,65.6799
1667746800000,65.8435
1667750400000,66.4328
1667754000000,66.3865
1667757600000,66.5019
1667761200000,66.4795
1667764800000,66.4279
1667768400000,66.1991
1667772000000,66.0783
1667775600000,64.9981
1667779200000,64.2004
1667782800000,64.7738
1667786400000,64.9202
1667790000000,64.6226
1667793600000,64.3140
1667797200000,64.3098
1667800800000,64.6455
1667804400000,63.5457
1667808000000,63.6527
1667811600000,63.5076
1667815200000,63.5623
1667818800000,63.4007
1667822400000,63.2822
1667826000000,62.8549
1667829600000,62.9490
1667833200000,63.4792
1667836800000,63.7261
1667840400000,63.6754
1667844000000,63.7638
1667847600000,64.4604
1667851200000,64.3481
1667854800000,64.2841
1667858400000,63.4829
1667862000000,64.1125
1667865600000,64.0761
1667869200000,64.6258
1667872800000,65.1506
1667876400000,64.6581
1667880000000,62.5064
1667883600000,62.6836
1667887200000,63.1303
1667890800000,62.9900
1667894400000,63.9352
1667898000000,63.7929
1667901600000,63.1661
1667905200000,63.0895
1667908800000,63.1956
1667912400000,63.1947
1667916000000,63.1743
1667919600000,63.4387
1667923200000,69.7295
1667926800000,69.7401
1667930400000,68.0891
1667934000000,66.7119
1667937600000,66.7000
1667941200000,67.6007
1667944800000,67.1693
1667948400000,68.5024
1667952000000,68.3087
1667955600000,68.0972
1667959200000,67.4717
1667962800000,67.8537
1667966400000,66.9034
1667970000000,67.4914
1667973600000,67.7215
1667977200000,68.0606
1667980800000,67.0072
1667984400000,65.9497
1667988000000,66.9787
1667991600000,67.2655
1667995200000,66.2100
1667998800000,65.9271
1668002400000,65.9384
1668006000000,65.4112
1668009600000,64.9124
1668013200000,64.4523
1668016800000,62.3702
1668020400000,61.7481
1668024000000,61.3886
1668027600000,62.1467
1668031200000,62.0867
1668034800000,62.7268
1668038400000,62.1298
1668042000000,62.0765
1668045600000,61.8398
1668049200000,61.4122
1668052800000,61.6709
1668056400000,61.8822
1668060000000,62.2162
1668063600000,61.8628
1668067200000,61.2000
1668070800000,61.4043
1668074400000,61.2637
1668078000000,61.0393
1668081600000,60.7824
1668085200000,60.3703
1668088800000,59.4952
1668092400000,59.3761
1668096000000,59.9885
1668099600000,60.6141
1668103200000,60.5283
1668106800000,60.1345
1668110400000,60.3607
1668114000000,60.0308
1668117600000,59.9843
1668121200000,60.2696
1668124800000,60.2358
1668128400000,60.6750
1668132000000,60.8673
1668135600000,60.9618
1668139200000,61.1729
1668142800000,60.7983
1668146400000,60.6151
1668150000000,60.4846
1668153600000,60.3575
1668157200000,60.4167
1668160800000,60.3290
1668164400000,60.4324
1668168000000,60.0404
1668171600000,60.0437
1668175200000,59.7883
1668178800000,59.7352
1668182400000,59.9894
1668186000000,59.3454
1668189600000,59.5004
1668193200000,59.1990
1668196800000,59.5925
1668200400000,59.2287
1668204000000,59.1650
1668207600000,59.2436
1668211200000,59.2487
1668214800000,59.3377
1668218400000,59.2124
1668222000000,59.8577
1668225600000,59.5587
1668229200000,59.7406
1668232800000,59.4091
1668236400000,59.3933
1668240000000,59.6092
1668243600000,59.6455
1668247200000,59.6803
1668250800000,59.7129
1668254400000,59.4183
1668258000000,59.4504
1668261600000,59.2453
1668265200000,59.3964
1668268800000,59.3809
1668272400000,59.3410
1668276000000,59.4285
1668279600000,59.5011
1668283200000,59.4024
1668286800000,59.6702
1668290400000,59.6258
1668294000000,59.6835
1668297600000,59.6608
1668301200000,59.6161
1668304800000,59.5207
1668308400000,59.4334
1668312000000,59.4960
1668315600000,59.5511
1668319200000,59.6565
1668322800000,59.8061
1668326400000,60.1709
1668330000000,60.0266
1668333600000,60.0370
1668337200000,59.8696
1668340800000,59.8673
1668344400000,59.8648
1668348000000,59.8535
1668351600000,59.9808
1668355200000,59.9291
1668358800000,60.0160
1668362400000,60.0380
1668366000000,59.9937
1668369600000,60.1647
1668373200000,59.9700
1668376800000,59.7189
1668380400000,59.6736
1668384000000,60.0490
1668387600000,60.1442
1668391200000,60.2358
1668394800000,60.1662
1668398400000,60.0439
1668402000000,59.8469
1668405600000,59.9327
1668409200000,59.6189
1668412800000,59.4050
1668416400000,59.5287
1668420000000,59.4901
1668423600000,59.6927
1668427200000,59.4689
1668430800000,59.4052
1668434400000,59.3370
1668438000000,59.5372
1668441600000,59.6966
1668445200000,59.6538
1668448800000,59.6610
1668452400000,59.6689
1668456000000,59.7225
1668459600000,59.6633
1668463200000,59.9333
1668466800000,59.6687
1668470400000,59.5985
1668474000000,59.4001
1668477600000,59.4920
1668481200000,59.7364
1668484800000,59.5410
1668488400000,59.5910
1668492000000,59.5324
1668495600000,59.4538
1668499200000,59.3758
1668502800000,59.5464
1668506400000,59.5301
1668510000000,59.4970
1668513600000,59.3955
1668517200000,59.4891
1668520800000,59.6518
1668524400000,59.8898
1668528000000,59.8269
1668531600000,59.8270
1668535200000,59.9564
1668538800000,59.8031
1668542400000,59.8803
1668546000000,60.2851
1668549600000,60.2537
1668553200000,60.0511
1668556800000,59.7883
1668560400000,59.6708
1668564000000,59.9165
1668567600000,59.8285
1668571200000,59.9171
1668574800000,59.9592
1668578400000,60.1200
1668582000000,60.1202
1668585600000,60.2973
1668589200000,60.4131
1668592800000,60.3798
1668596400000,60.6231
1668600000000,60.5009
1668603600000,60.4221
1668607200000,60.5568
1668610800000,60.9460
1668614400000,60.5681
1668618000000,60.5338
1668621600000,60.6016
1668625200000,60.7019
1668628800000,60.6355
1668632400000,60.7348
1668636000000,60.7423
1668639600000,60.7177
1668643200000,60.5700
1668646800000,60.6941
1668650400000,60.7858
1668654000000,60.7837
1668657600000,60.7364
1668661200000,60.6686
1668664800000,60.9838
1668668400000,60.9765
1668672000000,60.9167
1668675600000,61.2086
1668679200000,61.2104
1668682800000,60.9710
1668686400000,60.9283
1668690000000,61.1737
1668693600000,61.1425
1668697200000,61.1998
1668700800000,60.8731
1668704400000,60.9665
1668708000000,60.9496
1668711600000,61.0735
1668715200000,61.3090
1668718800000,61.1185
1668722400000,61.1698
1668726000000,61.3387
1668729600000,61.4597
1668733200000,61.3790
1668736800000,61.0239
1668740400000,61.0892
1668744000000,60.9810
1668747600000,61.0237
1668751200000,60.9762
1668754800000,60.9830
1668758400000,61.0181
1668762000000,60.9353
1668765600000,60.8893
1668769200000,60.9061
1668772800000,60.9521
1668776400000,60.8411
1668780000000,60.8740
1668783600000,60.9800
1668787200000,60.9985
1668790800000,60.9627
1668794400000,60.8873
1668798000000,60.9244
1668801600000,60.8676
1668805200000,60.9358
1668808800000,60.9376
1668812400000,60.9391
1668816000000,60.9289
1668819600000,60.9281
1668823200000,60.9410
1668826800000,60.8934
1668830400000,60.9297
1668834000000,60.9376
1668837600000,60.8754
1668841200000,60.8772
1668844800000,60.8757
1668848400000,60.8919
1668852000000,60.9065
1668855600000,60.9160
1668859200000,60.9696
1668862800000,60.9667
1668866400000,60.9752
1668870000000,60.9271
1668873600000,60.9098
1668877200000,60.8751
1668880800000,60.9096
1668884400000,60.8878
1668888000000,60.8815
1668891600000,60.9161
1668895200000,60.6354
1668898800000,60.7638
1668902400000,60.6488
1668906000000,60.6897
1668909600000,60.6808
1668913200000,60.6647
1668916800000,60.6608
1668920400000,60.6869
1668924000000,60.6433
1668927600000,60.7272
1668931200000,60.8732
1668934800000,60.9173
1668938400000,61.3020
1668942000000,62.0360
1668945600000,62.0668
1668949200000,61.8845
1668952800000,61.9326
1668956400000,61.8546
1668960000000,61.9339
1668963600000,61.9204
1668967200000,61.8359
1668970800000,61.5855
1668974400000,61.7333
1668978000000,62.2635
1668981600000,62.3061
1668985200000,62.2857
1668988800000,62.3172
1668992400000,62.4855
1668996000000,62.2612
1668999600000,62.3429
1669003200000,62.4158
1669006800000,62.3656
1669010400000,62.2845
1669014000000,62.3117
1669017600000,62.4008
1669021200000,62.5937
1669024800000,62.4210
1669028400000,62.3746
1669032000000,62.3712
1669035600000,62.2603
1669039200000,62.2535
1669042800000,62.3093
1669046400000,62.5308
1669050000000,62.8626
1669053600000,62.9394
1669057200000,62.6083
1669060800000,62.2950
1669064400000,62.2889
1669068000000,62.0740
1669071600000,62.2018
1669075200000,62.4347
1669078800000,62.4700
1669082400000,62.4411
1669086000000,62.4750
1669089600000,62.4912
1669093200000,62.5440
1669096800000,62.7139
1669100400000,62.6328
1669104000000,62.7332
1669107600000,62.8645
1669111200000,62.7478
1669114800000,62.8724
1669118400000,62.6543
1669122000000,62.3222
1669125600000,62.5667
1669129200000,62.4215
1669132800000,62.5175
1669136400000,62.6403
1669140000000,62.6371
1669143600000,62.6622
1669147200000,62.6544
1669150800000,62.7715
1669154400000,62.8221
1669158000000,62.9032
1669161600000,62.8881
1669165200000,63.0496
1669168800000,63.9219
1669172400000,64.0566
1669176000000,64.0016
1669179600000,63.8943
1669183200000,63.8459
1669186800000,64.4577
1669190400000,68.2071
1669194000000,68.2071
1669197600000,68.2387
1669201200000,68.2629
1669204800000,68.2617
1669208400000,68.0162
1669212000000,68.0653
1669215600000,68.0319
1669219200000,67.6679
1669222800000,68.0798
1669226400000,68.3383
1669230000000,68.0306
1669233600000,68.2965
1669237200000,67.9413
1669240800000,67.9488
1669244400000,68.1950
1669248000000,67.6843
1669251600000,68.3990
1669255200000,67.8015
1669258800000,67.9307
1669262400000,67.8812
1669266000000,67.4320
1669269600000,67.2380
1669273200000,66.8647
1669276800000,67.1804
1669280400000,67.2946
1669284000000,67.4694
1669287600000,67.4164
1669291200000,67.5364
1669294800000,67.4423
1669298400000,67.3798
1669302000000,67.5148
1669305600000,67.5803
1669309200000,67.4378
1669312800000,67.3804
1669316400000,67.4229
1669320000000,67.6069
1669323600000,67.5479
1669327200000,67.7166
1669330800000,67.5967
1669334400000,67.6542
1669338000000,67.5556
1669341600000,67.7746
1669345200000,67.7697
1669348800000,67.6869
1669352400000,67.2642
1669356000000,67.4225
1669359600000,67.2718
1669363200000,67.3939
1669366800000,67.3808
1669370400000,67.4078
1669374000000,67.6387
1669377600000,68.0933
1669381200000,67.7586
1669384800000,67.9539
1669388400000,67.9175
1669392000000,67.9120
1669395600000,67.9729
1669399200000,67.8906
1669402800000,67.8509
1669406400000,67.7547
1669410000000,67.5662
1669413600000,67.5608
1669417200000,67.6567
1669420800000,67.8594
1669424400000,67.8369
1669428000000,68.3702
1669431600000,68.7770
1669435200000,68.9039
1669438800000,68.8389
1669442400000,68.7467
1669446000000,68.9688
1669449600000,69.4766
1669453200000,69.3385
1669456800000,69.1980
1669460400000,69.1635
1669464000000,69.4052
1669467600000,69.4539
1669471200000,69.0859
1669474800000,69.1857
1669478400000,69.3394
1669482000000,69.3290
1669485600000,69.0898
1669489200000,69.2816
1669492800000,69.3706
1669496400000,69.2319
1669500000000,68.9077
1669503600000,68.9944
1669507200000,69.3720
1669510800000,69.3705
1669514400000,69.4996
1669518000000,69.3790
1669521600000,69.3379
1669525200000,68.9352
1669528800000,69.1715
1669532400000,69.2155
1669536000000,69.3769
1669539600000,69.1343
1669543200000,69.2477
1669546800000,69.1454
1669550400000,69.3463
1669554000000,69.1262
1669557600000,68.9952
1669561200000,69.1889
1669564800000,69.1350
1669568400000,68.7918
1669572000000,68.8179
1669575600000,69.0461
1669579200000,69.2449
1669582800000,69.4419
1669586400000,69.3077
1669590000000,68.7618
1669593600000,68.7601
1669597200000,66.2636
1669600800000,66.5993
1669604400000,67.1549
1669608000000,67.0738
1669611600000,66.5910
1669615200000,66.8772
1669618800000,66.9517
1669622400000,67.1265
1669626000000,66.9372
1669629600000,66.9530
1669633200000,66.9976
1669636800000,66.6230
1669640400000,66.7298
1669644000000,67.2424
1669647600000,66.5636
1669651200000,67.4331
1669654800000,66.5976
1669658400000,66.3819
1669662000000,66.6739
1669665600000,66.7895
1669669200000,66.5814
1669672800000,66.6274
1669676400000,66.8359
1669680000000,66.3375
1669683600000,66.6821
1669687200000,66.7856
1669690800000,66.8463
1669694400000,67.1604
1669698000000,67.6402
1669701600000,67.4105
1669705200000,67.4004
1669708800000,67.5044
1669712400000,67.4699
1669716000000,67.4782
1669719600000,67.1839
1669723200000,67.2136
1669726800000,66.7440
1669730400000,66.6568
1669734000000,66.7459
1669737600000,66.5718
1669741200000,66.0282
1669744800000,65.9288
1669748400000,65.7635
1669752000000,65.7700
1669755600000,65.8761
1669759200000,65.9253
1669762800000,65.7629
1669766400000,65.8395
1669770000000,65.9553
1669773600000,66.2303
1669777200000,64.9627
1669780800000,65.3272
1669784400000,65.3659
1669788000000,65.4280
1669791600000,65.6402
1669795200000,65.7401
1669798800000,65.7709
1669802400000,65.8206
1669806000000,65.7936
1669809600000,65.3667
1669813200000,65.4418
1669816800000,65.3349
1669820400000,65.2987
1669824000000,64.9282
1669827600000,64.7008
1669831200000,64.9511
1669834800000,65.1130
1669838400000,65.2433
1669842000000,65.2125
1669845600000,65.2253
1669849200000,65.4794
1669852800000,65.0950
1669856400000,65.1003
1669860000000,65.2339
1669863600000,65.1909
1669867200000,65.0572
1669870800000,65.1688
1669874400000,65.5218
1669878000000,65.3951
1669881600000,65.5396
1669885200000,65.5309
1669888800000,65.9650
1669892400000,65.6358
1669896000000,65.0097
1669899600000,64.8447
1669903200000,64.8522
1669906800000,64.4067
1669910400000,64.3287
1669914000000,64.2691
1669917600000,64.1233
1669921200000,64.0225
1669924800000,64.2467
1669928400000,64.1332
1669932000000,64.2835
1669935600000,64.2820
1669939200000,64.3348
1669942800000,63.7434
1669946400000,63.6432
1669950000000,63.5609
1669953600000,63.5542
1669957200000,63.6661
1669960800000,63.6652
1669964400000,63.8068
1669968000000,63.7850
1669971600000,63.8187
1669975200000,63.8968
1669978800000,63.6388
1669982400000,63.6400
1669986000000,63.5212
1669989600000,63.4766
1669993200000,63.6832
1669996800000,63.5946
1670000400000,63.6262
1670004000000,63.5782
1670007600000,63.5548
1670011200000,63.6188
1670014800000,63.4945
1670018400000,63.8015
1670022000000,63.9947
1670025600000,63.7385
1670029200000,63.9998
1670032800000,63.8595
1670036400000,63.9577
1670040000000,63.8458
1670043600000,63.9016
1670047200000,63.6597
1670050800000,63.9517
1670054400000,64.0336
1670058000000,64.1892
1670061600000,64.1523
1670065200000,64.1239
1670068800000,64.2328
1670072400000,64.1969
1670076000000,64.3212
1670079600000,64.3624
1670083200000,64.3421
1670086800000,64.4007
1670090400000,64.4675
1670094000000,64.5289
1670097600000,64.5366
1670101200000,64.8598
1670104800000,65.2552
1670108400000,65.2201
1670112000000,65.1394
1670115600000,65.0120
1670119200000,64.9239
1670122800000,64.9738
1670126400000,64.9162
1670130000000,64.9939
1670133600000,65.0560
1670137200000,64.9663
1670140800000,64.8527
1670144400000,64.8827
1670148000000,64.7522
1670151600000,64.6402
1670155200000,64.7772
1670158800000,64.5334
1670162400000,64.7034
1670166000000,64.7606
1670169600000,64.6379
1670173200000,64.4541
1670176800000,64.4603
1670180400000,64.3150
1670184000000,64.4581
1670187600000,64.5754
1670191200000,64.5280
1670194800000,64.4557
1670198400000,64.8130
1670202000000,65.2099
1670205600000,64.9414
1670209200000,64.7327
1670212800000,65.0428
1670216400000,65.2285
1670220000000,65.1645
1670223600000,65.0226
1670227200000,65.1005
1670230800000,64.9922
1670234400000,64.9054
1670238000000,65.0619
1670241600000,64.9454
1670245200000,64.8853
1670248800000,64.6523
1670252400000,64.6848
1670256000000,64.6519
1670259600000,64.6264
1670263200000,64.5734
1670266800000,64.1529
1670270400000,64.2029
1670274000000,64.3433
1670277600000,64.2272
1670281200000,64.3153
1670284800000,64.4277
1670288400000,64.5368
1670292000000,64.4609
1670295600000,64.4950
1670299200000,64.5330
1670302800000,64.5261
1670306400000,64.5707
1670310000000,64.5651
1670313600000,64.5312
1670317200000,64.4784
1670320800000,64.5680
1670324400000,64.5449
1670328000000,64.4429
1670331600000,64.6050
1670335200000,64.6481
1670338800000,64.6380
1670342400000,64.4791
1670346000000,64.4901
1670349600000,64.7848
1670353200000,64.7608
1670356800000,64.7272
1670360400000,64.6194
1670364000000,64.6857
1670367600000,64.4803
1670371200000,64.4305
1670374800000,64.5330
1670378400000,64.5223
1670382000000,64.4376
1670385600000,64.4909
1670389200000,64.4101
1670392800000,64.5422
1670396400000,64.2249
1670400000000,64.2671
1670403600000,64.4489
1670407200000,64.4659
1670410800000,64.3459
1670414400000,64.2512
1670418000000,64.3366
1670421600000,64.1704
1670425200000,64.0985
1670428800000,64.1669
1670432400000,64.0640
1670436000000,63.9414
1670439600000,64.1222
1670443200000,64.1734
1670446800000,64.2214
1670450400000,64.3577
1670454000000,64.3276
1670457600000,64.2432
1670461200000,64.2666
1670464800000,64.2248
1670468400000,64.2755
1670472000000,64.2540
1670475600000,64.2304
1670479200000,64.2590
1670482800000,64.4779
1670486400000,64.3715
1670490000000,64.2899
1670493600000,64.2546
1670497200000,64.1537
1670500800000,64.2086
1670504400000,64.1891
1670508000000,64.1590
1670511600000,64.3862
1670515200000,64.4808
1670518800000,64.4503
1670522400000,64.4105
1670526000000,64.4539
1670529600000,64.3314
1670533200000,64.3612
1670536800000,64.2194
1670540400000,64.5762
1670544000000,64.5586
1670547600000,64.4309
1670551200000,64.3416
1670554800000,64.2173
1670558400000,64.3015
1670562000000,64.5095
1670565600000,64.5420
1670569200000,64.4485
1670572800000,64.4354
1670576400000,64.5775
1670580000000,64.3784
1670583600000,64.3869
1670587200000,64.5560
1670590800000,64.3741
1670594400000,64.5100
1670598000000,64.4666
1670601600000,64.4077
1670605200000,64.4345
1670608800000,64.3343
1670612400000,64.3649
1670616000000,64.3378
1670619600000,64.2866
1670623200000,64.1668
1670626800000,64.2132
1670630400000,64.3070
1670634000000,64.3135
1670637600000,64.3383
1670641200000,64.3527
1670644800000,64.4132
1670648400000,64.3532
1670652000000,64.3599
1670655600000,64.4578
1670659200000,64.3847
1670662800000,64.3014
1670666400000,64.4170
1670670000000,64.4883
1670673600000,64.3883
1670677200000,64.3994
1670680800000,64.3630
1670684400000,64.4121
1670688000000,64.3638
1670691600000,64.4719
1670695200000,64.3975
1670698800000,64.3703
1670702400000,64.3883
1670706000000,64.3412
1670709600000,64.3313
1670713200000,64.4647
1670716800000,64.5464
1670720400000,64.4620
1670724000000,64.5236
1670727600000,64.7070
1670731200000,64.6664
1670734800000,64.6480
1670738400000,64.6639
1670742000000,64.6154
1670745600000,64.6801
1670749200000,64.6729
1670752800000,64.6545
1670756400000,64.6639
1670760000000,64.5989
1670763600000,64.5431
1670767200000,64.5386
1670770800000,64.5200
1670774400000,64.5327
1670778000000,64.6068
1670781600000,64.5742
1670785200000,64.6027
1670788800000,64.5584
1670792400000,64.1083
1670796000000,64.0767
1670799600000,63.8062
1670803200000,63.9800
1670806800000,63.8230
1670810400000,63.8124
1670814000000,63.7940
1670817600000,63.6534
1670821200000,63.5113
1670824800000,63.5966
1670828400000,63.4204
1670832000000,63.4625
1670835600000,63.5353
1670839200000,63.6892
1670842800000,63.7468
1670846400000,62.5554
1670850000000,62.5964
1670853600000,62.5754
1670857200000,62.6816
1670860800000,62.5788
1670864400000,62.3930
1670868000000,62.2913
1670871600000,62.2662
1670875200000,61.9413
1670878800000,62.0570
1670882400000,62.2848
1670886000000,62.2133
1670889600000,62.1261
1670893200000,61.7988
1670896800000,61.4752
1670900400000,60.6937
1670904000000,60.9645
1670907600000,60.7571
1670911200000,59.5989
1670914800000,60.3184
1670918400000,60.4774
1670922000000,61.5400
1670925600000,60.9538
1670929200000,61.1229
1670932800000,60.4103
1670936400000,61.2061
1670940000000,62.2615
1670943600000,61.3667
1670947200000,61.4668
1670950800000,60.5973
1670954400000,60.8823
1670958000000,60.9095
1670961600000,60.8858
1670965200000,61.4407
1670968800000,61.3170
1670972400000,61.3635
1670976000000,61.4757
1670979600000,61.4219
1670983200000,61.9129
1670986800000,62.0012
1670990400000,62.0607
1670994000000,61.8960
1670997600000,61.8966
1671001200000,61.7698
1671004800000,62.1040
1671008400000,61.7757
1671012000000,61.7961
1671015600000,61.4351
1671019200000,61.2209
1671022800000,60.9900
1671026400000,61.5580
1671030000000,61.4643
1671033600000,61.6012
1671037200000,61.6638
1671040800000,62.0541
1671044400000,61.1962
1671048000000,60.8305
1671051600000,61.1935
1671055200000,61.1543
1671058800000,61.1955
1671062400000,61.0064
1671066000000,60.7133
1671069600000,61.2035
1671073200000,61.2339
1671076800000,61.1208
1671080400000,61.0994
1671084000000,61.1098
1671087600000,61.1916
1671091200000,61.1442
1671094800000,61.3745
1671098400000,61.1550
1671102000000,61.2026
1671105600000,61.2101
1671109200000,60.9093
1671112800000,60.8225
1671116400000,60.8201
1671120000000,60.7770
1671123600000,60.4074
1671127200000,60.1675
1671130800000,60.3508
1671134400000,60.3056
1671138000000,60.1521
1671141600000,59.7644
1671145200000,59.9664
1671148800000,60.4259
1671152400000,60.2945
1671156000000,60.5666
1671159600000,60.6274
1671163200000,60.2905
1671166800000,60.4673
1671170400000,60.4510
1671174000000,60.8257
1671177600000,60.4918
1671181200000,60.0097
1671184800000,59.5454
1671188400000,59.8713
1671192000000,59.8983
1671195600000,59.4091
1671199200000,59.5974
1671202800000,59.3618
1671206400000,58.5625
1671210000000,58.3826
1671213600000,58.3686
1671217200000,58.5432
1671220800000,58.5197
1671224400000,58.3996
1671228000000,56.6285
1671231600000,56.3771
1671235200000,56.3569
1671238800000,56.3858
1671242400000,56.1659
1671246000000,56.1655
1671249600000,56.0502
1671253200000,56.1239
1671256800000,56.0490
1671260400000,56.0271
1671264000000,56.0913
1671267600000,56.1587
1671271200000,55.9679
1671274800000,56.0655
1671278400000,56.0481
1671282000000,56.0457
1671285600000,56.0094
1671289200000,56.0403
1671292800000,56.0890
1671296400000,56.1946
1671300000000,56.1648
1671303600000,56.1488
1671307200000,56.1427
1671310800000,56.1288
1671314400000,55.9225
1671318000000,55.9793
1671321600000,55.9825
1671325200000,56.0017
1671328800000,55.8682
1671332400000,55.8584
1671336000000,55.7765
1671339600000,55.8679
1671343200000,55.9188
1671346800000,55.9139
1671350400000,55.8998
1671354000000,56.1234
1671357600000,56.0504
1671361200000,55.9842
1671364800000,56.0547
1671368400000,56.1271
1671372000000,56.2143
1671375600000,56.2233
1671379200000,56.1247
1671382800000,56.1489
1671386400000,56.1833
1671390000000,56.0493
1671393600000,55.9874
1671397200000,56.0817
1671400800000,55.9185
1671404400000,56.0322
1671408000000,55.8905
1671411600000,55.8788
1671415200000,55.9603
1671418800000,56.0178
1671422400000,55.9979
1671426000000,56.1035
1671429600000,56.0759
1671433200000,56.1149
1671436800000,56.0588
1671440400000,56.0235
1671444000000,55.9781
1671447600000,56.0121
1671451200000,55.9069
1671454800000,55.9652
1671458400000,55.8824
1671462000000,55.9599
1671465600000,56.0182
1671469200000,56.0074
1671472800000,56.0408
1671476400000,55.9888
1671480000000,55.8974
1671483600000,55.8804
1671487200000,55.9129
1671490800000,55.7629
1671494400000,55.6547
1671498000000,55.4507
1671501600000,55.5746
1671505200000,55.6129
1671508800000,55.1636
1671512400000,55.1414
1671516000000,55.1189
1671519600000,55.1973
1671523200000,55.1495
1671526800000,55.1211
1671530400000,55.1276
1671534000000,55.0685
1671537600000,55.0274
1671541200000,55.0807
1671544800000,55.0923
1671548400000,55.1868
1671552000000,55.1500
1671555600000,55.0659
1671559200000,55.0361
1671562800000,55.1424
1671566400000,55.1751
1671570000000,55.0989
1671573600000,55.1026
1671577200000,55.1218
1671580800000,55.2853
1671584400000,55.2197
1671588000000,55.2483
1671591600000,55.2088
1671595200000,55.2320
1671598800000,55.1891
1671602400000,55.1633
1671606000000,55.1304
1671609600000,55.0933
1671613200000,55.1104
1671616800000,55.0281
1671620400000,55.0281
1671624000000,54.7752
1671627600000,54.7834
1671631200000,54.6714
1671634800000,54.8386
1671638400000,54.6448
1671642000000,54.6479
1671645600000,54.5792
1671649200000,54.2553
1671652800000,54.3434
1671656400000,54.4080
1671660000000,54.2963
1671663600000,54.2243
1671667200000,54.5216
1671670800000,54.3062
1671674400000,54.5167
1671678000000,54.6259
1671681600000,54.6050
1671685200000,54.5298
1671688800000,54.2248
1671692400000,54.2475
1671696000000,54.1750
1671699600000,54.1710
1671703200000,54.0053
1671706800000,54.0216
1671710400000,53.8512
1671714000000,53.5959
1671717600000,53.5967
1671721200000,53.7229
1671724800000,53.8300
1671728400000,53.6014
1671732000000,53.7274
1671735600000,53.8975
1671739200000,53.7081
1671742800000,53.9286
1671746400000,53.9379
1671750000000,53.9729
1671753600000,53.7947
1671757200000,53.9338
1671760800000,54.1680
1671764400000,53.9753
1671768000000,53.9012
1671771600000,53.9317
1671775200000,54.0187
1671778800000,54.0421
1671782400000,53.9833
1671786000000,53.9116
1671789600000,53.9070
1671793200000,53.8424
1671796800000,53.8945
1671800400000,53.9862
1671804000000,53.6976
1671807600000,53.8653
1671811200000,53.8981
1671814800000,54.0070
1671818400000,54.0272
1671822000000,54.0490
1671825600000,53.8790
1671829200000,53.8693
1671832800000,53.9190
1671836400000,53.8322
1671840000000,53.8257
1671843600000,53.9424
1671847200000,53.9717
1671850800000,54.0038
1671854400000,53.9632
1671858000000,53.9752
1671861600000,53.8335
1671865200000,53.8600
1671868800000,53.8087
1671872400000,53.7354
1671876000000,53.7541
1671879600000,53.5458
1671883200000,53.6284
1671886800000,53.5902
1671890400000,53.6769
1671894000000,53.6773
1671897600000,53.6424
1671901200000,53.7445
1671904800000,53.6405
1671908400000,53.5359
1671912000000,53.5987
1671915600000,53.5900
1671919200000,53.6701
1671922800000,53.6449
1671926400000,53.8588
1671930000000,53.7323
1671933600000,53.7697
1671937200000,53.7540
1671940800000,53.7423
1671944400000,53.8138
1671948000000,53.7960
1671951600000,53.7483
1671955200000,53.7023
1671958800000,53.7097
1671962400000,53.7162
1671966000000,53.7597
1671969600000,53.7151
1671973200000,53.5873
1671976800000,53.8765
1671980400000,53.6475
1671984000000,53.7441
1671987600000,53.6027
1671991200000,53.5438
1671994800000,53.6078
1671998400000,53.4825
1672002000000,53.4576
1672005600000,53.4094
1672009200000,53.4506
1672012800000,53.3535
1672016400000,53.6061
1672020000000,53.7377
1672023600000,53.7963
1672027200000,53.6912
1672030800000,53.5355
1672034400000,53.5247
1672038000000,53.4152
1672041600000,53.3716
1672045200000,53.3230
1672048800000,53.4965
1672052400000,53.4867
1672056000000,53.4611
1672059600000,53.5206
1672063200000,53.5012
1672066800000,53.3525
1672070400000,53.4462
1672074000000,53.4499
1672077600000,53.4447
1672081200000,53.4174
1672084800000,53.4074
1672088400000,53.3791
1672092000000,53.3474
1672095600000,53.5348
1672099200000,53.3929
1672102800000,53.3766
1672106400000,53.4641
1672110000000,53.3892
1672113600000,53.4662
1672117200000,53.4352
1672120800000,53.5075
1672124400000,53.4304
1672128000000,53.4452
1672131600000,53.5085
1672135200000,53.5717
1672138800000,53.5560
1672142400000,53.4802
1672146000000,53.4995
1672149600000,53.6052
1672153200000,54.0354
1672156800000,54.0259
1672160400000,53.7779
1672164000000,53.6987
1672167600000,53.9379
1672171200000,53.8135
1672174800000,53.8207
1672178400000,53.9344
1672182000000,54.0658
1672185600000,53.9537
1672189200000,54.0036
1672192800000,54.1020
1672196400000,54.0887
1672200000000,54.0883
1672203600000,53.8103
1672207200000,53.7196
1672210800000,53.9265
1672214400000,53.9299
1672218000000,53.9232
1672221600000,53.9013
1672225200000,54.0105
1672228800000,53.9338
1672232400000,53.9073
1672236000000,54.0082
1672239600000,53.7227
1672243200000,53.8532
1672246800000,54.0252
1672250400000,53.9808
1672254000000,53.8184
1672257600000,53.8813
1672261200000,53.8230
1672264800000,53.9092
1672268400000,54.0338
1672272000000,54.0419
1672275600000,53.9991
1672279200000,54.0718
1672282800000,53.9893
1672286400000,54.0814
1672290000000,53.9877
1672293600000,53.9706
1672297200000,53.9025
1672300800000,53.9254
1672304400000,54.1135
1672308000000,54.1565
1672311600000,54.1092
1672315200000,54.1266
1672318800000,54.0350
1672322400000,54.1082
1672326000000,54.1065
1672329600000,54.2023
1672333200000,54.1617
1672336800000,54.2110
1672340400000,54.1863
1672344000000,54.1519
1672347600000,54.0851
1672351200000,54.1733
1672354800000,54.2245
1672358400000,54.2117
1672362000000,54.1155
1672365600000,54.0926
1672369200000,54.0816
1672372800000,54.1525
1672376400000,53.9774
1672380000000,53.8542
1672383600000,53.6968
1672387200000,53.7363
1672390800000,53.7797
1672394400000,53.6875
1672398000000,53.6195
1672401600000,53.6138
1672405200000,53.5913
1672408800000,53.6513
1672412400000,54.0354
1672416000000,53.9289
1672419600000,53.8699
1672423200000,53.9404
1672426800000,53.7940
1672430400000,53.8988
1672434000000,53.9119
1672437600000,53.9496
1672441200000,54.0679
1672444800000,54.0535
1672448400000,54.0413
1672452000000,54.1430
1672455600000,54.0538
1672459200000,54.0114
1672462800000,54.0699
1672466400000,53.9246
1672470000000,54.0318
1672473600000,53.9911
1672477200000,53.9682
1672480800000,54.0482
1672484400000,54.0031
1672488000000,54.1122
1672491600000,54.2232
1672495200000,54.0441
1672498800000,54.1590
1672502400000,54.1522
1672506000000,54.1205
1672509600000,54.1564
1672513200000,54.0684
1672516800000,54.0766
1672520400000,54.1286
1672524000000,54.0677
1672527600000,54.1341
1672531200000,54.0600
1672534800000,54.0653
1672538400000,53.9809
1672542000000,53.9919
1672545600000,53.7042
1672549200000,53.7240
1672552800000,53.7197
1672556400000,53.6692
1672560000000,53.5630
1672563600000,53.7456
1672567200000,53.7294
1672570800000,53.7869
1672574400000,53.7454
1672578000000,53.7657
1672581600000,53.7618
1672585200000,53.8138
1672588800000,53.8711
1672592400000,53.8746
1672596000000,53.7831
1672599600000,53.8811
1672603200000,53.9009
1672606800000,53.8077
1672610400000,53.8089
1672614000000,53.8004
1672617600000,53.6456
1672621200000,53.3993
1672624800000,53.4600
1672628400000,53.7682
1672632000000,53.6051
1672635600000,53.7289
1672639200000,53.7414
1672642800000,53.9865
1672646400000,54.0264
1672650000000,53.8673
1672653600000,53.9149
1672657200000,53.9325
1672660800000,53.9825
1672664400000,53.8717
1672668000000,53.7880
1672671600000,53.9034
1672675200000,53.7751
1672678800000,53.8452
1672682400000,53.8310
1672686000000,53.8372
1672689600000,53.9700
1672693200000,54.0195
1672696800000,53.7556
1672700400000,53.5653
1672704000000,53.7091
1672707600000,53.6136
1672711200000,53.6198
1672714800000,53.6763
1672718400000,53.6421
1672722000000,53.8029
1672725600000,53.8326
1672729200000,53.8468
1672732800000,53.7840
1672736400000,53.8654
1672740000000,53.7868
1672743600000,53.7478
1672747200000,53.6623
1672750800000,53.6626
1672754400000,53.6016
1672758000000,53.7296
1672761600000,53.6149
1672765200000,53.7051
1672768800000,53.7146
1672772400000,53.7030
1672776000000,53.7147
1672779600000,53.7848
1672783200000,53.7920
1672786800000,53.7299
1672790400000,53.7084
1672794000000,53.4767
1672797600000,54.2526
1672801200000,54.9997
1672804800000,54.7306
1672808400000,54.7175
1672812000000,54.6361
1672815600000,54.6091
1672819200000,54.6075
1672822800000,54.5517
1672826400000,54.5460
1672830000000,54.4252
1672833600000,54.4448
1672837200000,54.3602
1672840800000,54.4966
1672844400000,54.6446
1672848000000,54.8705
1672851600000,55.0864
1672855200000,55.1941
1672858800000,54.8267
1672862400000,54.4720
1672866000000,54.7512
1672869600000,54.8032
1672873200000,54.9653
1672876800000,54.7037
1672880400000,54.8217
1672884000000,54.8833
1672887600000,54.8671
1672891200000,55.0134
1672894800000,55.0255
1672898400000,54.8880
1672902000000,54.8462
1672905600000,54.7511
1672909200000,54.6742
1672912800000,54.7332
1672916400000,54.6022
1672920000000,54.6289
1672923600000,54.5251
1672927200000,54.7610
1672930800000,54.8431
1672934400000,54.8088
1672938000000,54.7901
1672941600000,54.8105
1672945200000,54.9209
1672948800000,54.9218
1672952400000,54.8029
1672956000000,54.7820
1672959600000,54.7054
1672963200000,54.8465
1672966800000,54.8649
1672970400000,55.0245
1672974000000,54.9152
1672977600000,54.8418
1672981200000,54.7729
1672984800000,54.5140
1672988400000,54.6758
1672992000000,54.7301
1672995600000,54.6507
1672999200000,54.6099
1673002800000,54.6817
1673006400000,54.5031
1673010000000,54.5079
1673013600000,54.5161
1673017200000,54.7318
1673020800000,54.6050
1673024400000,54.5337
1673028000000,54.5525
1673031600000,54.7981
1673035200000,54.7267
1673038800000,54.8704
1673042400000,54.9517
1673046000000,54.9700
1673049600000,55.6067
1673053200000,55.3577
1673056800000,55.3917
1673060400000,55.5106
1673064000000,55.3535
1673067600000,55.2829
1673071200000,55.3259
1673074800000,55.2912
1673078400000,55.3018
1673082000000,55.3401
1673085600000,55.2975
1673089200000,55.2838
1673092800000,55.1493
1673096400000,55.2436
1673100000000,55.2017
1673103600000,55.3179
1673107200000,55.3491
1673110800000,55.4483
1673114400000,55.3951
1673118000000,55.4535
1673121600000,55.5030
1673125200000,55.3974
1673128800000,55.3841
1673132400000,55.4261
1673136000000,55.3618
1673139600000,55.3704
1673143200000,55.3712
1673146800000,55.4178
1673150400000,55.4298
1673154000000,55.4414
1673157600000,55.3991
1673161200000,55.3952
1673164800000,55.3867
1673168400000,55.3944
1673172000000,55.4412
1673175600000,55.4152
1673179200000,55.4079
1673182800000,55.5167
1673186400000,55.8129
1673190000000,56.3053
1673193600000,56.0746
1673197200000,56.1245
1673200800000,56.1737
1673204400000,56.5324
1673208000000,56.9153
1673211600000,56.9187
1673215200000,57.3255
1673218800000,57.5963
1673222400000,57.5967
1673226000000,57.4797
1673229600000,57.0765
1673233200000,56.9658
1673236800000,57.0865
1673240400000,56.9929
1673244000000,56.8244
1673247600000,56.7307
1673251200000,56.6353
1673254800000,56.8743
1673258400000,56.6832
1673262000000,56.7108
1673265600000,56.7858
1673269200000,56.4999
1673272800000,56.8246
1673276400000,56.4833
1673280000000,56.8215
1673283600000,56.8007
1673287200000,56.3362
1673290800000,56.1430
1673294400000,55.5103
1673298000000,55.4204
1673301600000,55.6296
1673305200000,55.4292
1673308800000,55.9229
1673312400000,55.6530
1673316000000,55.4718
1673319600000,55.5576
1673323200000,55.6147
1673326800000,55.6740
1673330400000,55.7063
1673334000000,55.7151
1673337600000,55.8171
1673341200000,55.7489
1673344800000,55.8643
1673348400000,55.7321
1673352000000,55.5936
1673355600000,55.6806
1673359200000,55.7758
1673362800000,55.9316
1673366400000,55.8028
1673370000000,55.8969
1673373600000,55.9660
1673377200000,56.0785
1673380800000,56.4518
1673384400000,56.4373
1673388000000,56.3662
1673391600000,56.4119
1673395200000,56.3674
1673398800000,56.3556
1673402400000,56.0916
1673406000000,56.1393
1673409600000,56.1365
1673413200000,56.2800
1673416800000,56.5015
1673420400000,56.5588
1673424000000,56.5405
1673427600000,56.5920
1673431200000,56.6272
1673434800000,56.4970
1673438400000,56.5770
1673442000000,56.5674
1673445600000,56.6339
1673449200000,56.5292
1673452800000,56.3357
1673456400000,56.5524
1673460000000,56.7530
1673463600000,56.9334
1673467200000,56.8970
1673470800000,56.9329
1673474400000,56.8117
1673478000000,57.1788
1673481600000,57.6882
1673485200000,57.6654
1673488800000,57.7150
1673492400000,57.9262
1673496000000,57.8038
1673499600000,57.3045
1673503200000,57.3871
1673506800000,57.4497
1673510400000,57.1106
1673514000000,57.1604
1673517600000,57.2110
1673521200000,57.3344
1673524800000,57.5579
1673528400000,57.7252
1673532000000,56.9277
1673535600000,57.1495
1673539200000,57.3653
1673542800000,58.6898
1673546400000,58.6997
1673550000000,58.7433
1673553600000,59.3220
1673557200000,58.6973
1673560800000,59.0982
1673564400000,59.3018
1673568000000,59.2499
1673571600000,59.3398
1673575200000,59.5341
1673578800000,59.6569
1673582400000,59.7272
1673586000000,59.5917
1673589600000,59.8093
1673593200000,59.5740
1673596800000,59.4764
1673600400000,59.6976
1673604000000,59.9191
1673607600000,59.6681
1673611200000,59.4016
1673614800000,59.3260
1673618400000,59.8548
1673622000000,60.4709
1673625600000,60.2282
1673629200000,60.4104
1673632800000,60.5112
1673636400000,60.8138
1673640000000,60.8179
1673643600000,61.2181
1673647200000,61.3300
1673650800000,61.7158
1673654400000,62.1188
1673658000000,63.1842
1673661600000,62.9339
1673665200000,63.0824
1673668800000,63.0311
1673672400000,62.9360
1673676000000,64.0880
1673679600000,64.0853
1673683200000,64.3768
1673686800000,63.1931
1673690400000,62.6917
1673694000000,63.1554
1673697600000,63.6055
1673701200000,63.8153
1673704800000,63.7104
1673708400000,63.5333
1673712000000,63.4765
1673715600000,63.2314
1673719200000,63.0516
1673722800000,63.2746
1673726400000,63.4511
1673730000000,63.3572
1673733600000,63.3468
1673737200000,63.2842
1673740800000,63.1224
1673744400000,63.0687
1673748000000,62.5201
1673751600000,62.4802
1673755200000,62.3580
1673758800000,62.4885
1673762400000,62.2077
1673766000000,62.1899
1673769600000,61.6389
1673773200000,61.9173
1673776800000,62.0903
1673780400000,62.1031
1673784000000,62.0486
1673787600000,62.1783
1673791200000,62.5086
1673794800000,62.5791
1673798400000,62.5055
1673802000000,62.4790
1673805600000,62.3950
1673809200000,62.4304
1673812800000,62.5303
1673816400000,62.5897
1673820000000,62.5637
1673823600000,62.5341
1673827200000,62.7439
1673830800000,63.3424
1673834400000,63.3578
1673838000000,62.8233
1673841600000,63.0907
1673845200000,63.0143
1673848800000,62.8715
1673852400000,62.7989
1673856000000,62.0481
1673859600000,62.1356
1673863200000,62.1965
1673866800000,62.0905
1673870400000,61.9970
1673874000000,61.9742
1673877600000,61.9831
1673881200000,62.2344
1673884800000,62.1631
1673888400000,62.3207
1673892000000,62.6297
1673895600000,62.1240
1673899200000,62.1556
1673902800000,61.9170
1673906400000,61.9993
1673910000000,61.9847
1673913600000,62.0980
1673917200000,62.1044
1673920800000,62.2226
1673924400000,62.4453
1673928000000,62.2665
1673931600000,62.2043
1673935200000,62.1312
1673938800000,62.6195
1673942400000,62.7396
1673946000000,62.6612
1673949600000,62.5802
1673953200000,62.9306
1673956800000,62.8960
1673960400000,62.7514
1673964000000,62.7611
1673967600000,62.7028
1673971200000,62.5526
1673974800000,62.5136
1673978400000,62.4650
1673982000000,62.5889
1673985600000,62.7531
1673989200000,62.6930
1673992800000,62.4751
1673996400000,62.2935
1674000000000,62.3110
1674003600000,62.4407
1674007200000,62.7381
1674010800000,62.6388
1674014400000,62.6129
1674018000000,62.6925
1674021600000,62.4523
1674025200000,62.4795
1674028800000,62.4032
1674032400000,62.2668
1674036000000,62.2808
1674039600000,62.4013
1674043200000,62.5093
1674046800000,62.5109
1674050400000,62.6126
1674054000000,61.7950
1674057600000,61.0347
1674061200000,61.5108
1674064800000,61.6617
1674068400000,61.4790
1674072000000,61.0183
1674075600000,61.0975
1674079200000,61.1447
1674082800000,60.9014
1674086400000,61.0105
1674090000000,61.0530
1674093600000,61.2310
1674097200000,61.1534
1674100800000,61.3164
1674104400000,61.3027
1674108000000,61.2577
1674111600000,61.2801
1674115200000,61.3255
1674118800000,61.4350
1674122400000,61.4152
1674126000000,61.2144
1674129600000,61.1237
1674133200000,61.0216
1674136800000,61.0000
1674140400000,61.2103
1674144000000,61.2553
1674147600000,61.2940
1674151200000,61.6616
1674154800000,61.7591
1674158400000,61.6902
1674162000000,61.4279
1674165600000,61.6960
1674169200000,61.8370
1674172800000,61.7769
1674176400000,61.8627
1674180000000,61.8378
1674183600000,61.7806
1674187200000,61.6017
1674190800000,60.7866
1674194400000,60.5650
1674198000000,60.5483
1674201600000,60.4961
1674205200000,60.5726
1674208800000,60.4624
1674212400000,60.4243
1674216000000,60.8179
1674219600000,60.7427
1674223200000,60.9018
1674226800000,60.8025
1674230400000,60.8949
1674234000000,60.8720
1674237600000,60.9947
1674241200000,61.2469
1674244800000,62.9018
1674248400000,63.3049
1674252000000,63.6159
1674255600000,63.8819
1674259200000,63.4493
1674262800000,63.8527
1674266400000,63.6226
1674270000000,63.4420
1674273600000,63.6707
1674277200000,63.7399
1674280800000,63.8217
1674284400000,64.0007
1674288000000,64.0827
1674291600000,64.9358
1674295200000,64.2839
1674298800000,64.5325
1674302400000,64.7379
1674306000000,64.5585
1674309600000,64.5234
1674313200000,64.5234
1674316800000,65.0617
1674320400000,65.1134
1674324000000,65.1053
1674327600000,65.0298
1674331200000,64.7834
1674334800000,64.9179
1674338400000,64.4280
1674342000000,64.2054
1674345600000,64.6488
1674349200000,64.6688
1674352800000,64.5543
1674356400000,64.5041
1674360000000,64.8407
1674363600000,64.8640
1674367200000,64.9608
1674370800000,64.9895
1674374400000,64.8868
1674378000000,64.8543
1674381600000,65.0479
1674385200000,64.8516
1674388800000,64.9269
1674392400000,65.0941
1674396000000,65.2348
1674399600000,64.6540
1674403200000,64.6746
1674406800000,65.3407
1674410400000,65.0131
1674414000000,64.5585
1674417600000,63.9801
1674421200000,64.1680
1674424800000,64.3013
1674428400000,64.6424
1674432000000,64.7700
1674435600000,64.6474
1674439200000,65.0062
1674442800000,64.5633
1674446400000,64.9700
1674450000000,64.8001
1674453600000,64.8711
1674457200000,64.5215
1674460800000,64.6383
1674464400000,64.8789
1674468000000,65.2332
1674471600000,65.3622
1674475200000,65.2461
1674478800000,65.1443
1674482400000,65.2361
1674486000000,65.2984
1674489600000,65.6955
1674493200000,65.7998
1674496800000,65.4324
1674500400000,65.3453
1674504000000,65.6887
1674507600000,65.6560
1674511200000,65.6116
1674514800000,65.5158
1674518400000,65.7447
1674522000000,66.8100
1674525600000,67.4945
1674529200000,67.4781
1674532800000,67.4192
1674536400000,67.1464
1674540000000,66.9732
1674543600000,66.8114
1674547200000,66.5281
1674550800000,66.1744
1674554400000,66.3760
1674558000000,66.2208
1674561600000,66.2528
1674565200000,66.2608
1674568800000,66.4819
1674572400000,66.6832
1674576000000,66.2085
1674579600000,65.8785
1674583200000,66.0302
1674586800000,66.0087
1674590400000,66.0539
1674594000000,65.9133
1674597600000,65.9581
1674601200000,65.5709
1674604800000,66.0000
1674608400000,65.3750
1674612000000,65.4794
1674615600000,65.8637
1674619200000,66.0544
1674622800000,66.1408
1674626400000,66.2055
1674630000000,66.2594
1674633600000,66.0416
1674637200000,65.8155
1674640800000,65.9039
1674644400000,65.8473
1674648000000,66.0423
1674651600000,65.6230
1674655200000,65.4432
1674658800000,65.8031
1674662400000,65.9330
1674666000000,65.8096
1674669600000,66.0007
1674673200000,65.9644
1674676800000,66.1296
1674680400000,67.2411
1674684000000,66.0184
1674687600000,65.8145
1674691200000,65.9940
1674694800000,65.9833
1674698400000,66.0262
1674702000000,65.7017
1674705600000,65.9428
1674709200000,66.0324
1674712800000,65.9887
1674716400000,65.6768
1674720000000,65.5159
1674723600000,65.4162
1674727200000,65.3395
1674730800000,65.4958
1674734400000,65.7570
1674738000000,65.9196
1674741600000,65.8581
1674745200000,65.7708
1674748800000,65.8307
1674752400000,65.8146
1674756000000,65.7727
1674759600000,65.8816
1674763200000,66.0197
1674766800000,65.8183
1674770400000,65.6282
1674774000000,65.6930
1674777600000,65.5111
1674781200000,65.4093
1674784800000,65.7599
1674788400000,65.9328
1674792000000,66.0110
1674795600000,66.2060
1674799200000,66.2019
1674802800000,66.4948
1674806400000,66.2837
1674810000000,66.3165
1674813600000,66.3094
1674817200000,66.3273
1674820800000,66.2239
1674824400000,66.2318
1674828000000,66.1528
1674831600000,66.1898
1674835200000,66.5619
1674838800000,66.4936
1674842400000,66.5987
1674846000000,66.6095
1674849600000,66.2163
1674853200000,66.2279
1674856800000,66.3113
1674860400000,66.4510
1674864000000,66.5880
1674867600000,66.4899
1674871200000,66.4095
1674874800000,66.5504
1674878400000,66.5728
1674882000000,66.8376
1674885600000,66.6977
1674889200000,66.4849
1674892800000,66.4537
1674896400000,66.4683
1674900000000,66.4739
1674903600000,66.5218
1674907200000,66.3334
1674910800000,66.5486
1674914400000,66.4465
1674918000000,66.6237
1674921600000,66.7796
1674925200000,66.6813
1674928800000,66.7866
1674932400000,66.7838
1674936000000,66.8142
1674939600000,66.8093
1674943200000,66.7497
1674946800000,66.8231
1674950400000,66.8784
1674954000000,66.7005
1674957600000,66.7562
1674961200000,66.7932
1674964800000,66.8271
1674968400000,66.9327
1674972000000,66.8473
1674975600000,66.9788
1674979200000,67.1614
1674982800000,67.3582
1674986400000,67.9908
1674990000000,68.2429
1674993600000,68.1403
1674997200000,68.0336
1675000800000,68.5574
1675004400000,68.6205
1675008000000,68.4861
1675011600000,68.4628
1675015200000,68.4997
1675018800000,68.2573
1675022400000,68.1323
1675026000000,68.1822
1675029600000,68.1317
1675033200000,67.8889
1675036800000,68.2553
1675040400000,67.8508
1675044000000,67.6105
1675047600000,67.7732
1675051200000,67.8266
1675054800000,67.7724
1675058400000,67.8120
1675062000000,67.4863
1675065600000,67.2171
1675069200000,66.7715
1675072800000,67.0732
1675076400000,66.7623
1675080000000,66.8552
1675083600000,66.7872
1675087200000,67.4161
1675090800000,67.1808
1675094400000,67.2730
1675098000000,67.1814
1675101600000,67.2613
1675105200000,66.7136
1675108800000,66.5115
1675112400000,66.5823
1675116000000,66.4220
1675119600000,66.7486
1675123200000,66.6558
1675126800000,67.0610
1675130400000,67.0312
1675134000000,67.4160
1675137600000,67.5896
1675141200000,67.2096
1675144800000,67.1758
1675148400000,67.3698
1675152000000,67.2962
1675155600000,67.1913
1675159200000,67.0089
1675162800000,67.0936
1675166400000,67.1672
1675170000000,67.4760
1675173600000,67.5518
1675177200000,67.5317
1675180800000,67.2769
1675184400000,67.4242
1675188000000,67.5414
1675191600000,67.5543
1675195200000,67.5365
1675198800000,67.3352
1675202400000,67.6211
1675206000000,67.5575
1675209600000,67.7503
1675213200000,67.5677
1675216800000,67.6044
1675220400000,67.6836
1675224000000,67.5285
1675227600000,67.3175
1675231200000,67.1253
1675234800000,67.0892
1675238400000,66.8913
1675242000000,66.9206
1675245600000,66.8174
1675249200000,66.9850
1675252800000,67.2487
1675256400000,67.1889
1675260000000,67.0994
1675263600000,66.7809
1675267200000,66.9581
1675270800000,67.0742
1675274400000,67.0151
1675278000000,67.5294
1675281600000,67.8275
1675285200000,68.0769
1675288800000,68.0216
1675292400000,67.9297
1675296000000,68.1762
1675299600000,67.8313
1675303200000,68.0722
1675306800000,68.9279
1675310400000,69.2144
1675314000000,69.4260
1675317600000,69.1973
1675321200000,69.1637
1675324800000,69.2620
1675328400000,69.1834
1675332000000,69.1263
1675335600000,69.2134
1675339200000,69.2905
1675342800000,68.7357
1675346400000,68.5896
1675350000000,68.8029
1675353600000,68.9219
1675357200000,69.0901
1675360800000,69.0130
1675364400000,68.7831
1675368000000,68.9572
1675371600000,68.3519
1675375200000,68.6120
1675378800000,68.3672
1675382400000,68.8343
1675386000000,68.4873
1675389600000,67.9432
1675393200000,68.1526
1675396800000,68.3759
1675400400000,68.4808
1675404000000,68.4590
1675407600000,68.3285
1675411200000,68.2458
1675414800000,68.4617
1675418400000,68.5228
1675422000000,69.1645
1675425600000,69.8805
1675429200000,69.4691
1675432800000,69.0329
1675436400000,69.2220
1675440000000,69.0629
1675443600000,69.1332
1675447200000,69.1080
1675450800000,68.6703
1675454400000,68.5876
1675458000000,68.5187
1675461600000,68.5873
1675465200000,68.9719
1675468800000,69.0660
1675472400000,68.9676
1675476000000,68.7884
1675479600000,68.6096
1675483200000,68.5858
1675486800000,68.5262
1675490400000,68.4230
1675494000000,68.3383
1675497600000,68.3887
1675501200000,68.4671
1675504800000,68.4615
1675508400000,68.4074
1675512000000,68.4960
1675515600000,68.3868
1675519200000,68.4028
1675522800000,68.2765
1675526400000,68.2464
1675530000000,68.4287
1675533600000,68.3920
1675537200000,68.2852
1675540800000,68.1159
1675544400000,68.1026
1675548000000,68.2199
1675551600000,68.3777
1675555200000,68.2802
1675558800000,68.6997
1675562400000,68.4200
1675566000000,68.4496
1675569600000,68.4790
1675573200000,68.7606
1675576800000,68.7502
1675580400000,68.6819
1675584000000,69.2041
1675587600000,69.1627
1675591200000,69.2241
1675594800000,68.8830
1675598400000,68.2214
1675602000000,68.2446
1675605600000,68.1382
1675609200000,67.9812
1675612800000,67.9987
1675616400000,67.9976
1675620000000,68.0715
1675623600000,68.3235
1675627200000,68.1986
1675630800000,68.1883
1675634400000,68.2484
1675638000000,68.2611
1675641600000,68.4824
1675645200000,68.1213
1675648800000,67.8865
1675652400000,67.8657
1675656000000,67.8290
1675659600000,67.4324
1675663200000,67.4679
1675666800000,67.8111
1675670400000,67.6576
1675674000000,67.7440
1675677600000,67.7450
1675681200000,67.9349
1675684800000,67.9837
1675688400000,67.8764
1675692000000,68.0006
1675695600000,68.2275
1675699200000,67.9988
1675702800000,68.0292
1675706400000,68.0501
1675710000000,68.0563
1675713600000,68.0311
1675717200000,67.9693
1675720800000,67.8419
1675724400000,67.7982
1675728000000,67.8118
1675731600000,67.9408
1675735200000,68.0023
1675738800000,67.8200
1675742400000,67.8359
1675746000000,67.9162
1675749600000,68.0015
1675753200000,68.1264
1675756800000,68.0396
1675760400000,68.2853
1675764000000,68.1360
1675767600000,68.1508
1675771200000,68.1851
1675774800000,68.0286
1675778400000,68.0806
1675782000000,67.9666
1675785600000,67.9936
1675789200000,68.0970
1675792800000,67.7448
1675796400000,68.0137
1675800000000,68.1523
1675803600000,68.1134
1675807200000,68.3132
1675810800000,68.2554
1675814400000,68.1224
1675818000000,67.9745
1675821600000,67.8503
1675825200000,67.7844
1675828800000,67.8134
1675832400000,67.8899
1675836000000,67.7734
1675839600000,67.8514
1675843200000,67.7422
1675846800000,67.6949
1675850400000,67.6688
1675854000000,67.7755
1675857600000,67.6366
1675861200000,67.7174
1675864800000,67.3770
1675868400000,67.1295
1675872000000,67.3842
1675875600000,67.5789
1675879200000,67.2111
1675882800000,67.1934
1675886400000,67.0991
1675890000000,67.4313
1675893600000,67.3656
1675897200000,67.5466
1675900800000,67.5441
1675904400000,67.3712
1675908000000,66.9934
1675911600000,66.2221
1675915200000,66.0928
1675918800000,66.2584
1675922400000,66.5928
1675926000000,66.6332
1675929600000,66.7416
1675933200000,66.5824
1675936800000,66.3794
1675940400000,66.3238
1675944000000,66.1905
1675947600000,66.4277
1675951200000,66.2980
1675954800000,65.9025
1675958400000,65.6642
1675962000000,65.7735
1675965600000,65.6545
1675969200000,65.1250
1675972800000,64.8181
1675976400000,65.1326
1675980000000,64.7113
1675983600000,64.8544
1675987200000,64.7720
1675990800000,65.1293
1675994400000,65.2562
1675998000000,65.0601
1676001600000,64.9502
1676005200000,64.7419
1676008800000,65.1145
1676012400000,65.1565
1676016000000,65.0885
1676019600000,65.1537
1676023200000,65.0222
1676026800000,65.0180
1676030400000,64.8447
1676034000000,65.0447
1676037600000,65.1937
1676041200000,65.2177
1676044800000,65.1788
1676048400000,65.3328
1676052000000,65.3576
1676055600000,65.4902
1676059200000,65.4708
1676062800000,65.3997
1676066400000,65.3387
1676070000000,65.4090
1676073600000,65.6549
1676077200000,65.5410
1676080800000,65.4622
1676084400000,65.6529
1676088000000,65.5908
1676091600000,65.6061
1676095200000,65.7459
1676098800000,65.6858
1676102400000,65.6440
1676106000000,65.7272
1676109600000,65.6368
1676113200000,65.7621
1676116800000,65.8470
1676120400000,65.9632
1676124000000,65.8528
1676127600000,65.8557
1676131200000,65.8219
1676134800000,65.7494
1676138400000,65.7101
1676142000000,65.7344
1676145600000,65.7121
1676149200000,65.9831
1676152800000,65.8973
1676156400000,65.8509
1676160000000,65.7390
1676163600000,65.6684
1676167200000,65.6667
1676170800000,65.4710
1676174400000,65.3170
1676178000000,65.3720
1676181600000,65.3782
1676185200000,65.4263
1676188800000,65.4209
1676192400000,65.7515
1676196000000,65.7588
1676199600000,65.8015
1676203200000,65.8061
1676206800000,65.8222
1676210400000,66.0732
1676214000000,66.4881
1676217600000,67.2604
1676221200000,67.5329
1676224800000,67.4645
1676228400000,67.4532
1676232000000,67.5477
1676235600000,67.1190
1676239200000,67.3446
1676242800000,66.7404
1676246400000,66.6950
1676250000000,66.2496
1676253600000,66.3390
1676257200000,66.6275
1676260800000,66.7016
1676264400000,67.0980
1676268000000,66.8545
1676271600000,65.8823
1676275200000,64.2229
1676278800000,64.0447
1676282400000,64.1515
1676286000000,64.1699
1676289600000,64.1586
1676293200000,63.8473
1676296800000,64.1408
1676300400000,63.5131
1676304000000,63.0503
1676307600000,63.1345
1676311200000,63.4009
1676314800000,63.4701
1676318400000,63.8124
1676322000000,63.9139
1676325600000,63.8830
1676329200000,64.2156
1676332800000,63.7036
1676336400000,63.7354
1676340000000,63.9520
1676343600000,63.7346
1676347200000,63.8286
1676350800000,63.8870
1676354400000,63.8628
1676358000000,64.0885
1676361600000,63.7626
1676365200000,64.0745
1676368800000,63.9446
1676372400000,63.9739
1676376000000,64.2647
1676379600000,63.9063
1676383200000,64.4508
1676386800000,64.0758
1676390400000,63.9467
1676394000000,63.7887
1676397600000,63.9936
1676401200000,64.0585
1676404800000,64.1683
1676408400000,64.0635
1676412000000,63.8684
1676415600000,63.8897
1676419200000,63.6831
1676422800000,63.6943
1676426400000,63.8314
1676430000000,63.9458
1676433600000,63.9174
1676437200000,64.0348
1676440800000,64.0772
1676444400000,64.0653
1676448000000,64.1322
1676451600000,64.3070
1676455200000,64.4961
1676458800000,64.7441
1676462400000,65.4472
1676466000000,65.4666
1676469600000,65.6068
1676473200000,65.5629
1676476800000,65.3218
1676480400000,65.3997
1676484000000,65.6645
1676487600000,65.8152
1676491200000,67.5783
1676494800000,67.7231
1676498400000,67.8083
1676502000000,68.1190
1676505600000,68.2778
1676509200000,68.8017
1676512800000,68.9803
1676516400000,69.1325
1676520000000,69.0463
1676523600000,69.1187
1676527200000,69.1171
1676530800000,68.9036
1676534400000,68.9742
1676538000000,69.1522
1676541600000,68.9091
1676545200000,68.7016
1676548800000,68.6779
1676552400000,68.2300
1676556000000,68.3229
1676559600000,69.3471
1676563200000,68.8433
1676566800000,68.6147
1676570400000,68.8956
1676574000000,68.5222
1676577600000,67.8328
1676581200000,67.6613
1676584800000,66.7542
1676588400000,65.5059
1676592000000,65.7675
1676595600000,66.0862
1676599200000,66.0553
1676602800000,66.2075
1676606400000,66.0163
1676610000000,65.7069
1676613600000,65.7824
1676617200000,65.8845
1676620800000,66.2569
1676624400000,66.0543
1676628000000,65.9955
1676631600000,66.0416
1676635200000,66.4285
1676638800000,66.0807
1676642400000,66.4563
1676646000000,66.6507
1676649600000,66.3872
1676653200000,66.7421
1676656800000,66.7710
1676660400000,67.2059
1676664000000,67.8277
1676667600000,67.4464
1676671200000,67.5842
1676674800000,67.4028
1676678400000,67.6161
1676682000000,67.7326
1676685600000,67.5352
1676689200000,67.6393
1676692800000,67.7734
1676696400000,68.1375
1676700000000,68.2675
1676703600000,67.9384
1676707200000,67.9519
1676710800000,67.8178
1676714400000,67.5144
1676718000000,67.6411
1676721600000,67.9110
1676725200000,67.9463
1676728800000,68.1607
1676732400000,68.1028
1676736000000,68.1312
1676739600000,68.0502
1676743200000,68.1317
1676746800000,67.9770
1676750400000,68.0629
1676754000000,68.0521
1676757600000,68.1522
1676761200000,68.1424
1676764800000,68.4194
1676768400000,68.3101
1676772000000,68.2342
1676775600000,67.9205
1676779200000,67.9334
1676782800000,68.0077
1676786400000,67.8950
1676790000000,67.6513
1676793600000,67.6777
1676797200000,67.7339
1676800800000,67.8232
1676804400000,67.9873
1676808000000,68.0428
1676811600000,67.9629
1676815200000,68.0873
1676818800000,68.2193
1676822400000,68.0412
1676826000000,67.0193
1676829600000,67.4404
1676833200000,67.5341
1676836800000,67.3949
1676840400000,67.6430
1676844000000,67.4856
1676847600000,66.9546
1676851200000,67.1674
1676854800000,67.5098
1676858400000,67.7410
1676862000000,67.8835
1676865600000,67.8253
1676869200000,67.8606
1676872800000,67.6900
1676876400000,67.7953
1676880000000,67.7999
1676883600000,68.2150
1676887200000,68.5717
1676890800000,68.2720
1676894400000,68.1040
1676898000000,68.3786
1676901600000,68.4886
1676905200000,68.4351
1676908800000,68.2043
1676912400000,67.9885
1676916000000,67.8862
1676919600000,67.8361
1676923200000,67.8334
1676926800000,67.8470
1676930400000,67.8330
1676934000000,68.0765
1676937600000,68.0251
1676941200000,68.0644
1676944800000,68.1264
1676948400000,68.2835
1676952000000,68.3567
1676955600000,68.3586
1676959200000,68.3254
1676962800000,68.3161
1676966400000,67.9427
1676970000000,68.1021
1676973600000,67.8918
1676977200000,67.7647
1676980800000,67.8202
1676984400000,67.7856
1676988000000,68.1553
1676991600000,67.8527
1676995200000,67.6765
1676998800000,67.9327
1677002400000,68.0282
1677006000000,67.9891
1677009600000,67.7795
1677013200000,67.5384
1677016800000,67.7734
1677020400000,67.7782
1677024000000,67.5480
1677027600000,67.2130
1677031200000,67.2884
1677034800000,67.1741
1677038400000,67.0477
1677042000000,67.0091
1677045600000,66.7222
1677049200000,66.8286
1677052800000,66.6721
1677056400000,67.0251
1677060000000,67.1331
1677063600000,67.0737
1677067200000,67.1083
1677070800000,67.0795
1677074400000,66.9009
1677078000000,66.5605
1677081600000,66.6046
1677085200000,66.9441
1677088800000,66.9337
1677092400000,67.1544
1677096000000,67.1552
1677099600000,67.1115
1677103200000,67.7050
1677106800000,67.8695
1677110400000,67.6558
1677114000000,67.7397
1677117600000,68.0210
1677121200000,67.8110
1677124800000,68.0305
1677128400000,67.6813
1677132000000,67.6752
1677135600000,67.6436
1677139200000,67.4771
1677142800000,67.2439
1677146400000,67.2247
1677150000000,66.3748
1677153600000,66.7314
1677157200000,66.7020
1677160800000,66.5875
1677164400000,66.5201
1677168000000,66.1939
1677171600000,66.3647
1677175200000,66.5693
1677178800000,66.6459
1677182400000,66.6298
1677186000000,66.5254
1677189600000,66.5017
1677193200000,66.5171
1677196800000,66.6048
1677200400000,66.8322
1677204000000,66.6889
1677207600000,66.7760
1677211200000,66.8300
1677214800000,66.7634
1677218400000,66.7320
1677222000000,66.6588
1677225600000,66.8150
1677229200000,66.6495
1677232800000,66.7704
1677236400000,66.8123
1677240000000,66.8549
1677243600000,66.6183
1677247200000,66.6986
1677250800000,66.0098
1677254400000,65.5609
1677258000000,65.2123
1677261600000,65.2532
1677265200000,65.2324
1677268800000,65.4384
1677272400000,65.1426
1677276000000,65.0610
1677279600000,65.3121
1677283200000,65.2753
1677286800000,65.4199
1677290400000,65.1374
1677294000000,65.0845
1677297600000,65.2495
1677301200000,65.0275
1677304800000,65.2151
1677308400000,65.1927
1677312000000,65.2047
1677315600000,64.9959
1677319200000,64.7557
1677322800000,64.8673
1677326400000,64.8918
1677330000000,64.9697
1677333600000,65.0951
1677337200000,65.1428
1677340800000,65.2208
1677344400000,65.2816
1677348000000,65.2797
1677351600000,65.3047
1677355200000,65.1845
1677358800000,65.2649
1677362400000,65.5417
1677366000000,65.6608
1677369600000,65.4101
1677373200000,65.5367
1677376800000,65.6736
1677380400000,65.6780
1677384000000,65.5999
1677387600000,65.4940
1677391200000,65.6296
1677394800000,65.5960
1677398400000,65.5293
1677402000000,65.7624
1677405600000,65.7502
1677409200000,65.7379
1677412800000,65.6411
1677416400000,65.7601
1677420000000,65.6954
1677423600000,65.8489
1677427200000,65.7858
1677430800000,65.8591
1677434400000,66.1334
1677438000000,66.1944
1677441600000,66.2684
1677445200000,66.0415
1677448800000,66.0883
1677452400000,66.0785
1677456000000,65.9575
1677459600000,66.0313
1677463200000,66.0231
1677466800000,65.9973
1677470400000,65.8071
1677474000000,65.4964
1677477600000,65.4374
1677481200000,65.4083
1677484800000,65.1198
1677488400000,65.2249
1677492000000,65.1327
1677495600000,65.2593
1677499200000,65.0976
1677502800000,65.5204
1677506400000,65.8308
1677510000000,65.3999
1677513600000,64.9300
1677517200000,64.8909
1677520800000,64.9647
1677524400000,65.1996
1677528000000,65.3214
1677531600000,65.4506
1677535200000,65.5854
1677538800000,65.5359
1677542400000,65.4608
1677546000000,65.4100
1677549600000,65.4893
1677553200000,65.5824
1677556800000,65.4149
1677560400000,65.3488
1677564000000,65.3197
1677567600000,64.9830
1677571200000,65.0177
1677574800000,65.0038
1677578400000,65.1324
1677582000000,65.0876
1677585600000,65.2293
1677589200000,65.1367
1677592800000,65.2177
1677596400000,65.3413
1677600000000,65.1793
1677603600000,65.2202
1677607200000,65.0391
1677610800000,64.8277
1677614400000,64.9036
1677618000000,65.0761
1677621600000,65.1907
1677625200000,65.1576
1677628800000,65.1001
1677632400000,65.2367
1677636000000,65.2426
1677639600000,65.2252
1677643200000,65.5796
1677646800000,65.4203
1677650400000,65.5305
1677654000000,65.2959
1677657600000,65.6115
1677661200000,65.3916
1677664800000,65.3447
1677668400000,65.1667
1677672000000,65.1926
1677675600000,65.1331
1677679200000,65.0176
1677682800000,65.0769
1677686400000,65.0407
1677690000000,64.9324
1677693600000,64.9345
1677697200000,64.6355
1677700800000,64.6506
1677704400000,64.6008
1677708000000,64.5237
1677711600000,64.5731
1677715200000,64.6215
1677718800000,64.5365
1677722400000,64.1715
1677726000000,64.3684
1677729600000,64.4186
1677733200000,64.2321
1677736800000,64.1388
1677740400000,64.1460
1677744000000,64.0529
1677747600000,64.0834
1677751200000,64.1347
1677754800000,64.1680
1677758400000,64.2183
1677762000000,64.3845
1677765600000,64.1666
1677769200000,64.3469
1677772800000,64.1225
1677776400000,64.1948
1677780000000,64.4438
1677783600000,64.3869
1677787200000,64.4202
1677790800000,64.3523
1677794400000,64.3245
1677798000000,64.2969
1677801600000,64.1543
1677805200000,62.5445
1677808800000,62.9823
1677812400000,62.9076
1677816000000,62.9013
1677819600000,62.9068
1677823200000,63.1720
1677826800000,63.0389
1677830400000,63.1277
1677834000000,63.0596
1677837600000,62.9882
1677841200000,62.9005
1677844800000,62.7514
1677848400000,62.6993
1677852000000,62.7353
1677855600000,62.7195
1677859200000,62.7034
1677862800000,62.8338
1677866400000,62.8382
1677870000000,62.8916
1677873600000,62.8589
1677877200000,62.5916
1677880800000,62.7066
1677884400000,62.8906
1677888000000,62.8893
1677891600000,62.7515
1677895200000,62.7592
1677898800000,62.7867
1677902400000,62.8262
1677906000000,62.7680
1677909600000,62.8898
1677913200000,62.8866
1677916800000,62.7496
1677920400000,62.8213
1677924000000,62.7979
1677927600000,63.0138
1677931200000,63.0097
1677934800000,62.9602
1677938400000,63.0259
1677942000000,62.9932
1677945600000,62.9982
1677949200000,62.8988
1677952800000,62.9511
1677956400000,62.6917
1677960000000,62.5701
1677963600000,62.4661
1677967200000,62.6618
1677970800000,62.8283
1677974400000,62.7613
1677978000000,63.3261
1677981600000,62.9303
1677985200000,63.0190
1677988800000,63.1192
1677992400000,63.0094
1677996000000,62.9591
1677999600000,62.9737
1678003200000,62.9407
1678006800000,62.9577
1678010400000,63.0714
1678014000000,63.1163
1678017600000,63.1986
1678021200000,63.2403
1678024800000,63.1534
1678028400000,63.1564
1678032000000,63.1710
1678035600000,63.0780
1678039200000,62.9982
1678042800000,62.9414
1678046400000,62.8866
1678050000000,63.0407
1678053600000,62.9399
1678057200000,62.9166
1678060800000,62.8831
1678064400000,62.6016
1678068000000,62.6113
1678071600000,62.6036
1678075200000,62.4307
1678078800000,62.4841
1678082400000,62.4882
1678086000000,62.3710
1678089600000,62.3318
1678093200000,62.2489
1678096800000,62.1370
1678100400000,62.1386
1678104000000,62.2359
1678107600000,62.3154
1678111200000,62.4415
1678114800000,62.6413
1678118400000,62.6985
1678122000000,62.6153
1678125600000,62.7883
1678129200000,62.6051
1678132800000,62.5891
1678136400000,62.6516
1678140000000,62.6235
1678143600000,62.6963
1678147200000,62.6480
1678150800000,62.7294
1678154400000,62.7734
1678158000000,62.6199
1678161600000,62.5824
1678165200000,62.5742
1678168800000,62.5569
1678172400000,62.3452
1678176000000,62.3817
1678179600000,62.2573
1678183200000,62.2415
1678186800000,62.1664
1678190400000,62.3612
1678194000000,62.2634
1678197600000,62.2876
1678201200000,62.4956
1678204800000,62.5260
1678208400000,62.8745
1678212000000,62.5436
1678215600000,62.3618
1678219200000,62.2678
1678222800000,62.2160
1678226400000,62.3071
1678230000000,62.5320
1678233600000,62.5105
1678237200000,62.3327
1678240800000,62.6469
1678244400000,62.4718
1678248000000,62.3789
1678251600000,61.6753
1678255200000,61.9451
1678258800000,61.7578
1678262400000,61.8961
1678266000000,61.9328
1678269600000,62.1904
1678273200000,62.1596
1678276800000,62.2049
1678280400000,61.8758
1678284000000,62.1615
1678287600000,63.0453
1678291200000,63.0432
1678294800000,62.7727
1678298400000,62.5068
1678302000000,62.4305
1678305600000,62.8107
1678309200000,62.5708
1678312800000,61.8408
1678316400000,61.9933
1678320000000,62.0705
1678323600000,62.3186
1678327200000,62.3593
1678330800000,62.2731
1678334400000,62.3660
1678338000000,62.2269
1678341600000,62.3558
1678345200000,62.1591
1678348800000,62.2016
1678352400000,62.0277
1678356000000,62.0048
1678359600000,62.2365
1678363200000,62.0397
1678366800000,62.2990
1678370400000,62.2792
1678374000000,62.1961
1678377600000,61.8044
1678381200000,61.6307
1678384800000,60.7590
1678388400000,60.2854
1678392000000,59.5732
1678395600000,59.8265
1678399200000,60.2410
1678402800000,60.2869
1678406400000,59.6247
1678410000000,59.6383
1678413600000,59.4339
1678417200000,59.3893
1678420800000,58.9956
1678424400000,59.4503
1678428000000,59.2205
1678431600000,59.5131
1678435200000,59.4191
1678438800000,58.8406
1678442400000,58.5978
1678446000000,58.9385
1678449600000,59.4127
1678453200000,59.8264
1678456800000,59.3056
1678460400000,59.6846
1678464000000,59.9139
1678467600000,59.8767
1678471200000,59.8074
1678474800000,59.9563
1678478400000,59.9067
1678482000000,60.0202
1678485600000,60.0981
1678489200000,60.2138
1678492800000,60.0343
1678496400000,60.5102
1678500000000,60.0840
1678503600000,60.0027
1678507200000,59.8525
1678510800000,59.9612
1678514400000,59.6385
1678518000000,58.9364
1678521600000,59.3204
1678525200000,59.5217
1678528800000,59.5153
1678532400000,59.6146
1678536000000,59.4332
1678539600000,59.2148
1678543200000,59.1558
1678546800000,59.0629
1678550400000,58.8294
1678554000000,58.9154
1678557600000,58.7928
1678561200000,58.7947
1678564800000,58.7838
1678568400000,58.9529
1678572000000,58.9558
1678575600000,59.2023
1678579200000,59.3830
1678582800000,59.4357
1678586400000,59.4027
1678590000000,59.2880
1678593600000,59.3790
1678597200000,59.4194
1678600800000,59.4610
1678604400000,59.3193
1678608000000,59.1833
1678611600000,59.3024
1678615200000,59.3455
1678618800000,59.4477
1678622400000,59.2953
1678626000000,59.2804
1678629600000,59.1743
1678633200000,59.1162
1678636800000,59.2019
1678640400000,59.0904
1678644000000,59.4720
1678647600000,58.9452
1678651200000,59.6797
1678654800000,59.7432
1678658400000,60.5195
1678662000000,61.2920
1678665600000,61.7404
1678669200000,61.5089
1678672800000,61.2449
1678676400000,61.3136
1678680000000,63.4928
1678683600000,64.2841
1678687200000,63.9819
1678690800000,64.3784
1678694400000,63.8447
1678698000000,62.5635
1678701600000,62.9848
1678705200000,63.0412
1678708800000,62.9155
1678712400000,63.9647
1678716000000,65.9373
1678719600000,65.9546
1678723200000,65.7344
1678726800000,65.7008
1678730400000,65.8797
1678734000000,65.7421
1678737600000,65.7904
1678741200000,65.7941
1678744800000,65.8877
1678748400000,65.7004
1678752000000,65.7794
1678755600000,66.1492
1678759200000,65.7420
1678762800000,65.8448
1678766400000,65.8516
1678770000000,65.8221
1678773600000,65.8615
1678777200000,65.5699
1678780800000,65.5439
1678784400000,65.5528
1678788000000,66.1242
1678791600000,66.4146
1678795200000,68.5234
1678798800000,68.5236
1678802400000,68.1695
1678806000000,68.0643
1678809600000,68.0612
1678813200000,67.6801
1678816800000,66.5101
1678820400000,66.7548
1678824000000,66.0091
1678827600000,65.7603
1678831200000,66.2738
1678834800000,66.1622
1678838400000,66.3196
1678842000000,66.7244
1678845600000,66.5405
1678849200000,66.4164
1678852800000,66.8641
1678856400000,66.5072
1678860000000,66.6970
1678863600000,67.0723
1678867200000,66.7903
1678870800000,66.2233
1678874400000,66.3992
1678878000000,66.8581
1678881600000,67.2752
1678885200000,67.2015
1678888800000,67.5080
1678892400000,67.1765
1678896000000,66.3074
1678899600000,66.6753
1678903200000,66.7522
1678906800000,66.6209
1678910400000,66.7433
1678914000000,66.7564
1678917600000,66.5840
1678921200000,66.5061
1678924800000,66.1737
1678928400000,66.3413
1678932000000,67.7569
1678935600000,67.1401
1678939200000,67.1812
1678942800000,67.6689
1678946400000,68.4826
1678950000000,69.4501
1678953600000,69.4374
1678957200000,69.2067
1678960800000,69.3077
1678964400000,68.9389
1678968000000,68.1682
1678971600000,68.3324
1678975200000,70.5506
1678978800000,70.7207
1678982400000,70.7987
1678986000000,70.7941
1678989600000,70.9829
1678993200000,70.7882
1678996800000,70.5822
1679000400000,71.2833
1679004000000,71.2435
1679007600000,71.0284
1679011200000,70.8122
1679014800000,72.0944
1679018400000,71.3817
1679022000000,71.8772
1679025600000,71.7378
1679029200000,71.7883
1679032800000,72.3226
1679036400000,71.9636
1679040000000,72.3372
1679043600000,72.9173
1679047200000,72.9176
1679050800000,72.6170
1679054400000,72.4553
1679058000000,72.4075
1679061600000,72.1299
1679065200000,72.4324
1679068800000,72.7546
1679072400000,72.5016
1679076000000,72.5241
1679079600000,73.0508
1679083200000,72.9900
1679086800000,73.3662
1679090400000,73.7254
1679094000000,73.3425
1679097600000,73.6726
1679101200000,73.1664
1679104800000,73.1268
1679108400000,73.2684
1679112000000,73.4116
1679115600000,74.0131
1679119200000,73.6468
1679122800000,73.3689
1679126400000,72.9436
1679130000000,73.2711
1679133600000,73.3061
1679137200000,73.4183
1679140800000,73.2147
1679144400000,73.0105
1679148000000,72.1561
1679151600000,72.1664
1679155200000,72.6532
1679158800000,72.6659
1679162400000,72.7270
1679166000000,72.7904
1679169600000,72.9118
1679173200000,72.8180
1679176800000,71.9979
1679180400000,72.1249
1679184000000,72.5682
1679187600000,72.4423
1679191200000,72.5386
1679194800000,72.3935
1679198400000,72.1905
1679202000000,72.2791
1679205600000,72.3338
1679209200000,72.5087
1679212800000,72.4639
1679216400000,72.5058
1679220000000,72.5454
1679223600000,72.7682
1679227200000,73.4114
1679230800000,73.3975
1679234400000,73.3937
1679238000000,73.5761
1679241600000,73.6196
1679245200000,73.5194
1679248800000,74.1852
1679252400000,74.1568
1679256000000,73.8685
1679259600000,73.9463
1679263200000,74.1758
1679266800000,74.3421
1679270400000,74.0485
1679274000000,74.0146
1679277600000,73.6501
1679281200000,73.3577
1679284800000,73.8592
1679288400000,73.7534
1679292000000,73.8645
1679295600000,74.1274
1679299200000,74.8874
1679302800000,74.8939
1679306400000,74.8452
1679310000000,74.8574
1679313600000,75.0438
1679317200000,74.4974
1679320800000,74.8606
1679324400000,74.4430
1679328000000,74.1163
1679331600000,74.6856
1679335200000,75.1385
1679338800000,74.6807
1679342400000,74.8036
1679346000000,74.9216
1679349600000,75.1949
1679353200000,74.6104
1679356800000,74.5291
1679360400000,74.7498
1679364000000,74.6429
1679367600000,74.7166
1679371200000,74.8402
1679374800000,74.4597
1679378400000,74.1084
1679382000000,73.7177
1679385600000,74.2497
1679389200000,74.5896
1679392800000,74.7046
1679396400000,74.7541
1679400000000,74.0794
1679403600000,73.3439
1679407200000,73.2340
1679410800000,73.7052
1679414400000,74.2637
1679418000000,74.0550
1679421600000,74.4937
1679425200000,74.5078
1679428800000,74.2047
1679432400000,74.0474
1679436000000,73.8826
1679439600000,73.6585
1679443200000,73.5583
1679446800000,73.8733
1679450400000,73.8299
1679454000000,73.9158
1679457600000,74.2623
1679461200000,74.1861
1679464800000,74.5804
1679468400000,74.2559
1679472000000,74.1656
1679475600000,73.3586
1679479200000,73.0448
1679482800000,72.6140
1679486400000,72.7502
1679490000000,72.9255
1679493600000,73.5708
1679497200000,73.4471
1679500800000,73.5588
1679504400000,73.8163
1679508000000,73.2260
1679511600000,70.7781
1679515200000,72.3079
1679518800000,72.0334
1679522400000,72.1945
1679526000000,71.9950
1679529600000,72.0410
1679533200000,71.6619
1679536800000,71.9627
1679540400000,72.0210
1679544000000,72.0262
1679547600000,72.5279
1679551200000,72.6058
1679554800000,72.6669
1679558400000,72.7094
1679562000000,72.7859
1679565600000,72.7736
1679569200000,72.6584
1679572800000,72.2784
1679576400000,72.1186
1679580000000,72.3176
1679583600000,72.9569
1679587200000,72.8332
1679590800000,72.5209
1679594400000,72.2016
1679598000000,72.9209
1679601600000,72.7778
1679605200000,72.6419
1679608800000,72.7444
1679612400000,72.9089
1679616000000,72.7597
1679619600000,72.6693
1679623200000,72.5032
1679626800000,72.4814
1679630400000,72.4193
1679634000000,72.4216
1679637600000,72.2521
1679641200000,72.1595
1679644800000,71.9938
1679648400000,72.1182
1679652000000,72.2162
1679655600000,72.3669
1679659200000,72.3669
1679666400000,72.7001
1679670000000,72.4789
1679673600000,72.2215
1679677200000,72.1436
1679680800000,72.2137
1679684400000,72.3655
1679688000000,72.1804
1679691600000,71.7959
1679695200000,71.9165
1679698800000,72.0880
1679702400000,72.2339
1679706000000,72.1811
1679709600000,72.3078
1679713200000,72.3950
1679716800000,72.4134
1679720400000,72.3734
1679724000000,72.4124
1679727600000,72.4358
1679731200000,72.3696
1679734800000,72.4776
1679738400000,72.4443
1679742000000,72.4852
1679745600000,72.4677
1679749200000,72.4426
1679752800000,72.4236
1679756400000,72.5935
1679760000000,72.5448
1679763600000,72.4382
1679767200000,72.3267
1679770800000,72.1690
1679774400000,72.3869
1679778000000,72.4895
1679781600000,72.3664
1679785200000,72.3690
1679788800000,72.3369
1679792400000,72.5253
1679796000000,72.4779
1679799600000,72.4217
1679803200000,72.4407
1679806800000,72.4052
1679810400000,72.3682
1679814000000,72.3802
1679817600000,72.2710
1679821200000,72.4497
1679824800000,72.5664
1679828400000,72.8100
1679832000000,72.8692
1679835600000,72.9544
1679839200000,72.9188
1679842800000,73.0479
1679846400000,72.9052
1679850000000,73.1114
1679853600000,73.0702
1679857200000,73.2153
1679860800000,73.1438
1679864400000,73.2085
1679868000000,73.4080
1679871600000,73.3210
1679875200000,73.2270
1679878800000,73.1811
1679882400000,73.3194
1679886000000,73.3226
1679889600000,73.4420
1679893200000,73.3448
1679896800000,73.3274
1679900400000,73.2718
1679904000000,73.4401
1679907600000,73.4829
1679911200000,73.4036
1679914800000,73.4224
1679918400000,73.3331
1679922000000,73.1705
1679925600000,71.5114
1679929200000,70.9642
1679932800000,70.9560
1679936400000,70.0467
1679940000000,70.1917
1679943600000,70.1145
1679947200000,70.1939
1679950800000,70.5930
1679954400000,70.5766
1679958000000,70.7421
1679961600000,70.5505
1679965200000,70.7458
1679968800000,70.4727
1679972400000,70.1107
1679976000000,70.0747
1679979600000,70.1410
1679983200000,70.1903
1679986800000,69.9336
1679990400000,70.1358
1679994000000,69.9214
1679997600000,69.5685
1680001200000,69.8676
1680004800000,69.8807
1680008400000,69.5864
1680012000000,69.9141
1680015600000,69.8127
1680019200000,69.7267
1680022800000,69.5702
1680026400000,69.9561
1680030000000,69.8772
1680033600000,69.7406
1680037200000,69.6796
1680040800000,69.5716
1680044400000,69.7285
1680048000000,69.6784
1680051600000,69.7670
1680055200000,69.8545
1680058800000,69.8267
1680062400000,70.0307
1680066000000,69.7653
1680069600000,70.7222
1680073200000,70.8522
1680076800000,71.5888
1680080400000,71.2579
1680084000000,71.3491
1680087600000,71.3487
1680091200000,71.3602
1680094800000,71.3939
1680098400000,71.1867
1680102000000,71.4375
1680105600000,71.1144
1680109200000,71.2995
1680112800000,71.2816
1680116400000,71.3108
1680120000000,71.3375
1680123600000,71.2002
1680127200000,71.4570
1680130800000,71.2628
1680134400000,71.3149
1680138000000,71.2178
1680141600000,72.1977
1680145200000,71.5915
1680148800000,71.5132
1680152400000,71.5686
1680156000000,71.5217
1680159600000,71.8514
1680163200000,71.9560
1680166800000,71.9031
1680170400000,71.9447
1680174000000,72.0225
1680177600000,72.0521
1680181200000,71.8944
1680184800000,71.6696
1680188400000,71.5900
1680192000000,71.4970
1680195600000,70.9957
1680199200000,71.1257
1680202800000,71.2702
1680206400000,71.3355
1680210000000,71.2083
1680213600000,70.9651
1680217200000,71.0506
1680220800000,71.2142
1680224400000,71.0929
1680228000000,71.0274
1680231600000,71.0668
1680235200000,71.0599
1680238800000,70.8414
1680242400000,71.0523
1680246000000,70.0888
1680249600000,70.6320
1680253200000,70.7592
1680256800000,70.8042
1680260400000,70.8235
1680264000000,70.8083
1680267600000,70.8399
1680271200000,70.9458
1680274800000,70.6735
1680278400000,70.7403
1680282000000,70.6074
1680285600000,70.6134
1680289200000,70.6818
1680292800000,70.6893
1680296400000,70.8331
1680300000000,71.0042
1680303600000,70.9352
1680307200000,70.8503
1680310800000,70.9585
1680314400000,70.9784
1680318000000,70.6622
1680321600000,70.8949
1680325200000,70.8688
1680328800000,70.6237
1680332400000,70.3838
1680336000000,70.4405
1680339600000,70.4827
1680343200000,70.4693
1680346800000,70.3066
1680350400000,70.3225
1680354000000,70.3995
1680357600000,70.2974
1680361200000,70.3459
1680364800000,70.3379
1680368400000,70.5526
1680372000000,70.6105
1680375600000,70.5797
1680379200000,70.6431
1680382800000,70.6959
1680386400000,70.7276
1680390000000,70.6175
1680393600000,70.5637
1680397200000,70.6203
1680400800000,70.7605
1680404400000,70.8722
1680408000000,70.7791
1680411600000,70.7918
1680415200000,70.7529
1680418800000,70.6212
1680422400000,70.5584
1680426000000,70.5483
1680429600000,70.5657
1680433200000,70.5264
1680436800000,70.4284
1680440400000,70.3574
1680444000000,70.3446
1680447600000,70.4098
1680451200000,70.4537
1680454800000,70.5022
1680458400000,70.3994
1680462000000,70.2885
1680465600000,70.5143
1680469200000,70.4600
1680472800000,70.4430
1680476400000,70.6562
1680480000000,70.6175
1680483600000,69.9404
1680487200000,69.7696
1680490800000,69.7295
1680494400000,69.6864
1680498000000,69.4992
1680501600000,69.5982
1680505200000,69.8256
1680508800000,70.4095
1680512400000,70.4111
1680516000000,70.4182
1680519600000,70.1687
1680523200000,70.1586
1680526800000,70.1434
1680530400000,69.7132
1680534000000,69.8653
1680537600000,69.4435
1680541200000,69.4951
1680544800000,69.2698
1680548400000,69.5202
1680552000000,68.1632
1680555600000,68.5807
1680559200000,68.6587
1680562800000,68.7791
1680566400000,68.8779
1680570000000,68.8195
1680573600000,69.0325
1680577200000,69.0990
1680580800000,69.0814
1680584400000,69.1434
1680588000000,69.3417
1680591600000,69.2836
1680595200000,69.1905
1680598800000,69.2672
1680602400000,69.0837
1680606000000,68.5065
1680609600000,68.3733
1680613200000,68.1698
1680616800000,68.2564
1680620400000,68.1149
1680624000000,68.0745
1680627600000,68.2431
1680631200000,68.1581
1680634800000,68.2646
1680638400000,68.1523
1680642000000,68.2205
1680645600000,68.2513
1680649200000,68.0875
1680652800000,68.1789
1680656400000,68.0942
1680660000000,68.0911
1680663600000,68.1987
1680667200000,68.1340
1680670800000,68.4207
1680674400000,68.2956
1680678000000,68.2465
1680681600000,68.2666
1680685200000,68.2671
1680688800000,68.1586
1680692400000,68.3288
1680696000000,68.2033
1680699600000,68.0138
1680703200000,67.5147
1680706800000,67.3268
1680710400000,67.2087
1680714000000,67.2877
1680717600000,67.2599
1680721200000,67.6199
1680724800000,67.5708
1680728400000,67.5654
1680732000000,67.6089
1680735600000,67.5239
1680739200000,67.3312
1680742800000,67.3999
1680746400000,67.4775
1680750000000,67.7373
1680753600000,67.8527
1680757200000,67.8190
1680760800000,67.8011
1680764400000,67.5951
1680768000000,67.7534
1680771600000,67.6224
1680775200000,67.8582
1680778800000,67.9483
1680782400000,67.9919
1680786000000,67.9502
1680789600000,68.0204
1680793200000,68.1854
1680796800000,68.0644
1680800400000,68.0604
1680804000000,68.0522
1680807600000,68.0992
1680811200000,68.1666
1680814800000,68.1338
1680818400000,68.0857
1680822000000,68.0336
1680825600000,67.9520
1680829200000,67.9538
1680832800000,67.8577
1680836400000,67.8437
1680840000000,67.7622
1680843600000,67.8920
1680847200000,67.9225
1680850800000,67.9715
1680854400000,67.9037
1680858000000,67.9078
1680861600000,68.0086
1680865200000,68.0449
1680868800000,68.0201
1680872400000,68.0227
1680876000000,68.0160
1680879600000,68.0025
1680883200000,68.0188
1680886800000,68.0157
1680890400000,68.0844
1680894000000,68.0285
1680897600000,68.0429
1680901200000,67.9443
1680904800000,67.8011
1680908400000,67.7319
1680912000000,67.9904
1680915600000,67.9332
1680919200000,67.9210
1680922800000,68.0350
1680926400000,68.0043
1680930000000,68.0372
1680933600000,68.0913
1680937200000,68.0828
1680940800000,68.0709
1680944400000,68.0133
1680948000000,68.0772
1680951600000,68.0450
1680955200000,68.0159
1680958800000,68.0531
1680962400000,68.0905
1680966000000,68.1366
1680969600000,68.1695
1680973200000,68.1767
1680976800000,68.1708
1680980400000,68.0955
1680984000000,68.0509
1680987600000,68.0856
1680991200000,68.1886
1680994800000,68.2329
1680998400000,68.3447
1681002000000,68.3484
1681005600000,68.3688
1681009200000,68.4202
1681012800000,68.4123
1681016400000,68.4062
1681020000000,68.4194
1681023600000,68.4444
1681027200000,68.3579
1681030800000,68.4080
1681034400000,68.5202
1681038000000,68.4683
1681041600000,68.5561
1681045200000,68.5403
1681048800000,68.5114
1681052400000,68.4606
1681056000000,68.4181
1681059600000,68.4453
1681063200000,68.3421
1681066800000,68.6034
1681070400000,68.5997
1681074000000,68.9266
1681077600000,68.9427
1681081200000,69.0014
1681084800000,69.0245
1681088400000,69.1360
1681092000000,68.9891
1681095600000,68.9629
1681099200000,68.8704
1681102800000,68.8798
1681106400000,68.8975
1681110000000,68.9176
1681113600000,69.0128
1681117200000,69.0364
1681120800000,68.9893
1681124400000,68.9788
1681128000000,68.9674
1681131600000,68.9046
1681135200000,68.8805
1681138800000,69.0464
1681142400000,69.8258
1681146000000,69.6822
1681149600000,69.8246
1681153200000,69.8598
1681156800000,69.7333
1681160400000,69.8403
1681164000000,70.4394
1681167600000,70.8168
1681171200000,71.1164
1681174800000,71.8980
1681178400000,71.6747
1681182000000,72.7114
1681185600000,72.7830
1681189200000,72.4493
1681192800000,73.4408
1681196400000,73.3831
1681200000000,73.1787
1681203600000,73.1500
1681207200000,73.2802
1681210800000,73.1326
1681214400000,73.1733
1681218000000,73.5084
1681221600000,73.3484
1681225200000,73.3682
1681228800000,73.0498
1681232400000,73.2286
1681236000000,73.1629
1681239600000,73.1614
1681243200000,73.2659
1681246800000,73.2290
1681250400000,73.2909
1681254000000,72.9804
1681257600000,73.0869
1681261200000,72.7706
1681264800000,72.4095
1681268400000,72.4459
1681272000000,72.6644
1681275600000,72.5918
1681279200000,72.5319
1681282800000,72.6378
1681286400000,72.5067
1681290000000,72.5874
1681293600000,72.5657
1681297200000,72.4660
1681300800000,72.6748
1681304400000,72.3440
1681308000000,71.7191
1681311600000,71.4845
1681315200000,71.5408
1681318800000,71.6311
1681322400000,71.5627
1681326000000,71.3966
1681329600000,71.5738
1681333200000,71.4034
1681336800000,71.2437
1681340400000,71.2844
1681344000000,71.6572
1681347600000,71.8459
1681351200000,71.9455
1681354800000,71.7175
1681358400000,71.6308
1681362000000,71.4203
1681365600000,71.3877
1681369200000,71.3828
1681372800000,70.8344
1681376400000,70.4680
1681380000000,70.5646
1681383600000,70.4846
1681387200000,70.3407
1681390800000,70.1038
1681394400000,70.5578
1681398000000,70.6285
1681401600000,70.3243
1681405200000,70.3677
1681408800000,70.2838
1681412400000,70.2061
1681416000000,70.0619
1681419600000,70.2625
1681423200000,70.2131
1681426800000,70.2863
1681430400000,69.2022
1681434000000,69.0342
1681437600000,68.8584
1681441200000,69.2223
1681444800000,69.5808
1681448400000,69.6699
1681452000000,69.8272
1681455600000,69.7801
1681459200000,69.5663
1681462800000,69.5086
1681466400000,69.3672
1681470000000,69.5362
1681473600000,69.6528
1681477200000,69.6525
1681480800000,69.4032
1681484400000,69.1439
1681488000000,68.7868
1681491600000,69.0274
1681495200000,68.8784
1681498800000,68.9965
1681502400000,68.8638
1681506000000,68.8466
1681509600000,68.9214
1681513200000,68.9956
1681516800000,69.0686
1681520400000,69.1318
1681524000000,69.0839
1681527600000,69.0968
1681531200000,69.1402
1681534800000,69.2705
1681538400000,69.2347
1681542000000,69.2543
1681545600000,69.2678
1681549200000,69.5660
1681552800000,69.4881
1681556400000,69.5537
1681560000000,69.4306
1681563600000,69.3147
1681567200000,69.7451
1681570800000,69.6144
1681574400000,69.2959
1681578000000,69.3874
1681581600000,69.3638
1681585200000,69.3199
1681588800000,69.4705
1681592400000,69.4415
1681596000000,69.6604
1681599600000,69.5592
1681603200000,69.4730
1681606800000,69.3741
1681610400000,69.4589
1681614000000,69.4550
1681617600000,69.4212
1681621200000,69.5338
1681624800000,69.4851
1681628400000,69.5704
1681632000000,69.6545
1681635600000,69.5696
1681639200000,69.7781
1681642800000,69.7735
1681646400000,70.4578
1681650000000,70.9527
1681653600000,71.6373
1681657200000,71.4805
1681660800000,71.4119
1681664400000,71.7552
1681668000000,71.4751
1681671600000,71.2181
1681675200000,71.2185
1681678800000,71.2587
1681682400000,71.2915
1681686000000,71.1308
1681689600000,70.5964
1681693200000,70.7870
1681696800000,71.3765
1681700400000,71.2757
1681704000000,70.9907
1681707600000,71.0115
1681711200000,70.8767
1681714800000,70.5978
1681718400000,70.6105
1681722000000,70.3692
1681725600000,70.3291
1681729200000,70.0770
1681732800000,70.0041
1681736400000,69.9397
1681740000000,69.5107
1681743600000,69.3825
1681747200000,69.4901
1681750800000,69.5425
1681754400000,69.7384
1681758000000,69.8393
1681761600000,69.7713
1681765200000,69.5351
1681768800000,69.6931
1681772400000,69.6053
1681776000000,69.3732
1681779600000,69.4904
1681783200000,69.5422
1681786800000,69.4822
1681790400000,69.6345
1681794000000,70.0684
1681797600000,70.2119
1681801200000,70.2081
1681804800000,70.0283
1681808400000,70.2554
1681812000000,70.2319
1681815600000,71.0179
1681819200000,70.8041
1681822800000,70.9492
1681826400000,70.8499
1681830000000,70.7152
1681833600000,70.8073
1681837200000,70.6470
1681840800000,70.8615
1681844400000,70.9375
1681848000000,71.1774
1681851600000,71.0474
1681855200000,71.1345
1681858800000,70.9182
1681862400000,70.9288
1681866000000,70.6974
1681869600000,70.6688
1681873200000,70.6727
1681876800000,70.6160
1681880400000,70.8196
1681884000000,70.0592
1681887600000,70.1769
1681891200000,69.3750
1681894800000,69.6861
1681898400000,69.7911
1681902000000,69.6291
1681905600000,69.4745
1681909200000,69.6679
1681912800000,69.7289
1681916400000,69.4704
1681920000000,69.6856
1681923600000,69.5733
1681927200000,69.4544
1681930800000,69.2574
1681934400000,69.3372
1681938000000,69.2251
1681941600000,69.2819
1681945200000,69.2468
1681948800000,69.5169
1681952400000,69.4361
1681956000000,69.1158
1681959600000,69.2306
1681963200000,69.2898
1681966800000,69.3273
1681970400000,69.5012
1681974000000,69.3543
1681977600000,69.3288
1681981200000,69.3715
1681984800000,69.3135
1681988400000,68.9407
1681992000000,69.1137
1681995600000,68.9320
1681999200000,68.7555
1682002800000,68.5757
1682006400000,67.9679
1682010000000,67.9574
1682013600000,67.7611
1682017200000,67.4465
1682020800000,67.4841
1682024400000,67.4610
1682028000000,67.3638
1682031600000,67.4763
1682035200000,67.6016
1682038800000,67.4952
1682042400000,67.5664
1682046000000,67.7624
1682049600000,67.6611
1682053200000,67.6291
1682056800000,67.5023
1682060400000,69.4319
1682064000000,69.2393
1682067600000,69.3262
1682071200000,69.5677
1682074800000,69.3105
1682078400000,69.5091
1682082000000,69.3621
1682085600000,69.3937
1682089200000,69.5112
1682092800000,69.4657
1682096400000,69.4214
1682100000000,69.3278
1682103600000,68.2913
1682107200000,68.5093
1682110800000,68.5613
1682114400000,68.5899
1682118000000,68.5879
1682121600000,68.5307
1682125200000,68.4330
1682128800000,68.3790
1682132400000,68.6510
1682136000000,68.7822
1682139600000,68.8034
1682143200000,68.8137
1682146800000,68.7305
1682150400000,68.7057
1682154000000,68.8733
1682157600000,69.0966
1682161200000,69.2587
1682164800000,69.5750
1682168400000,69.4785
1682172000000,69.8116
1682175600000,69.5405
1682179200000,69.8233
1682182800000,69.8897
1682186400000,69.9260
1682190000000,69.9059
1682193600000,70.1257
1682197200000,70.3076
1682200800000,70.5312
1682204400000,70.5496
1682208000000,70.2757
1682211600000,70.1987
1682215200000,70.2164
1682218800000,70.1497
1682222400000,70.3040
1682226000000,70.0859
1682229600000,70.0441
1682233200000,70.1601
1682236800000,70.2499
1682240400000,70.1772
1682244000000,69.9337
1682247600000,70.0934
1682251200000,70.0099
1682254800000,70.1775
1682258400000,70.0493
1682262000000,69.8010
1682265600000,70.0172
1682269200000,69.9866
1682272800000,70.0382
1682276400000,70.0613
1682280000000,70.0977
1682283600000,70.1484
1682287200000,70.2219
1682290800000,70.2436
1682294400000,70.4950
1682298000000,70.4700
1682301600000,70.5543
1682305200000,70.6200
1682308800000,70.5295
1682312400000,70.6374
1682316000000,70.3053
1682319600000,70.2091
1682323200000,69.8513
1682326800000,70.1997
1682330400000,70.2823
1682334000000,70.4298
1682337600000,70.5819
1682341200000,70.5272
1682344800000,70.2945
1682348400000,70.2273
1682352000000,70.2783
1682355600000,70.6224
1682359200000,70.7091
1682362800000,70.8317
1682366400000,70.7321
1682370000000,70.7370
1682373600000,70.6882
1682377200000,70.6687
1682380800000,70.6064
1682384400000,70.7101
1682388000000,70.7007
1682391600000,70.6002
1682395200000,70.6484
1682398800000,70.6886
1682402400000,70.6367
1682406000000,70.5914
1682409600000,70.7270
1682413200000,70.7439
1682416800000,70.9438
1682420400000,70.7887
1682424000000,70.8231
1682427600000,70.6947
1682431200000,70.8877
1682434800000,71.2182
1682438400000,70.9914
1682442000000,71.1708
1682445600000,71.2393
1682449200000,71.1885
1682452800000,71.6660
1682456400000,72.1335
1682460000000,72.1237
1682463600000,72.4660
1682467200000,72.3948
1682470800000,72.3753
1682474400000,72.5751
1682478000000,72.5428
1682481600000,72.4926
1682485200000,72.5985
1682488800000,72.4367
1682492400000,72.3875
1682496000000,72.9862
1682499600000,72.9865
1682503200000,72.5427
1682506800000,72.3904
1682510400000,73.8714
1682514000000,73.6315
1682517600000,73.3269
1682521200000,73.4597
1682524800000,73.4918
1682528400000,73.2255
1682532000000,73.3732
1682535600000,71.3460
1682539200000,71.7242
1682542800000,71.8208
1682546400000,71.3570
1682550000000,71.6362
1682553600000,72.2244
1682557200000,71.6883
1682560800000,71.9223
1682564400000,71.8026
1682568000000,72.1135
1682571600000,72.2451
1682575200000,71.9905
1682578800000,72.0054
1682582400000,72.1238
1682586000000,72.1089
1682589600000,72.0988
1682593200000,72.0824
1682596800000,72.0095
1682600400000,71.8453
1682604000000,72.0812
1682607600000,72.1831
1682611200000,72.2160
1682614800000,72.6096
1682618400000,73.0421
1682622000000,72.9756
1682625600000,72.9662
1682629200000,72.9815
1682632800000,72.5732
1682636400000,72.3859
1682640000000,72.1177
1682643600000,71.9630
1682647200000,71.7289
1682650800000,71.8068
1682654400000,71.7512
1682658000000,71.4909
1682661600000,71.4448
1682665200000,71.3582
1682668800000,70.5984
1682672400000,70.2549
1682676000000,70.5275
1682679600000,70.8453
1682683200000,70.9963
1682686800000,70.8952
1682690400000,70.8286
1682694000000,70.9690
1682697600000,71.2320
1682701200000,71.1797
1682704800000,71.2211
1682708400000,71.4611
1682712000000,71.5024
1682715600000,71.5012
1682719200000,71.5333
1682722800000,71.5726
1682726400000,71.4412
1682730000000,71.2966
1682733600000,71.5111
1682737200000,71.4781
1682740800000,71.4394
1682744400000,71.3336
1682748000000,71.2420
1682751600000,71.2316
1682755200000,71.1306
1682758800000,71.1627
1682762400000,71.1258
1682766000000,71.2020
1682769600000,71.0947
1682773200000,71.0672
1682776800000,70.9607
1682780400000,70.9259
1682784000000,71.0234
1682787600000,70.8394
1682791200000,70.8512
1682794800000,70.9523
1682798400000,70.8227
1682802000000,70.7767
1682805600000,70.7830
1682809200000,70.6630
1682812800000,70.5995
1682816400000,70.5848
1682820000000,70.7741
1682823600000,70.7015
1682827200000,70.9053
1682830800000,70.8816
1682834400000,70.8757
1682838000000,70.8061
1682841600000,70.8546
1682845200000,70.8333
1682848800000,70.7985
1682852400000,70.7605
1682856000000,70.8242
1682859600000,70.8835
1682863200000,71.1095
1682866800000,71.4154
1682870400000,72.6296
1682874000000,72.4246
1682877600000,72.9803
1682881200000,73.0458
1682884800000,73.2885
1682888400000,73.6785
1682892000000,73.6549
1682895600000,73.9617
1682899200000,73.8939
1682902800000,72.9946
1682906400000,72.9092
1682910000000,72.9758
1682913600000,72.9366
1682917200000,72.6547
1682920800000,72.8485
1682924400000,72.9234
1682928000000,72.8826
1682931600000,73.0286
1682935200000,72.9196
1682938800000,73.0170
1682942400000,73.0830
1682946000000,72.9490
1682949600000,72.7783
1682953200000,72.0511
1682956800000,72.2907
1682960400000,71.9759
1682964000000,71.7648
1682967600000,71.4995
1682971200000,71.3258
1682974800000,71.6809
1682978400000,71.7125
1682982000000,71.6563
1682985600000,71.3350
1682989200000,71.3673
1682992800000,71.2911
1682996400000,71.2178
1683000000000,70.8984
1683003600000,71.0042
1683007200000,70.9266
1683010800000,70.7849
1683014400000,70.8389
1683018000000,70.9641
1683021600000,71.0114
1683025200000,71.0647
1683028800000,71.1573
1683032400000,70.8238
1683036000000,71.1042
1683039600000,71.1886
1683043200000,71.0895
1683046800000,71.2845
1683050400000,71.3022
1683054000000,71.2617
1683057600000,70.9501
1683061200000,70.6601
1683064800000,70.8345
1683068400000,70.6283
1683072000000,71.0326
1683075600000,70.9854
1683079200000,71.0411
1683082800000,70.9788
1683086400000,70.8183
1683090000000,70.7259
1683093600000,70.9098
1683097200000,70.9506
1683100800000,70.9728
1683104400000,70.9449
1683108000000,70.8489
1683111600000,70.7675
1683115200000,70.4662
1683118800000,70.6290
1683122400000,70.4494
1683126000000,70.6565
1683129600000,70.6936
1683133200000,70.6142
1683136800000,70.2986
1683140400000,70.3329
1683144000000,70.6307
1683147600000,71.1994
1683151200000,71.1821
1683154800000,70.9696
1683158400000,71.0387
1683162000000,71.2874
1683165600000,71.1447
1683169200000,71.1750
1683172800000,71.3183
1683176400000,71.4653
1683180000000,71.4298
1683183600000,71.1286
1683187200000,71.1811
1683190800000,71.1474
1683194400000,71.3205
1683198000000,71.2039
1683201600000,71.2444
1683205200000,70.8877
1683208800000,70.7731
1683212400000,71.0290
1683216000000,71.1310
1683219600000,71.0149
1683223200000,71.1927
1683226800000,71.2283
1683230400000,71.1608
1683234000000,71.0583
1683237600000,71.0522
1683241200000,71.0744
1683244800000,71.3180
1683248400000,71.6070
1683252000000,71.4692
1683255600000,71.3896
1683259200000,71.5165
1683262800000,71.3581
1683266400000,71.2411
1683270000000,71.0753
1683273600000,71.0313
1683277200000,71.0902
1683280800000,70.9994
1683284400000,70.9636
1683288000000,70.6092
1683291600000,70.5341
1683295200000,70.3430
1683298800000,70.4318
1683302400000,69.9618
1683306000000,69.7480
1683309600000,69.8750
1683313200000,69.9125
1683316800000,69.7625
1683320400000,69.7577
1683324000000,69.9210
1683327600000,69.5624
1683331200000,69.8153
1683334800000,69.8763
1683338400000,69.7755
1683342000000,69.7722
1683345600000,69.7564
1683349200000,69.9763
1683352800000,69.9360
1683356400000,70.0165
1683360000000,70.2986
1683363600000,70.3650
1683367200000,70.5781
1683370800000,70.4973
1683374400000,70.6063
1683378000000,70.4797
1683381600000,70.2190
1683385200000,70.1138
1683388800000,70.4420
1683392400000,70.5827
1683396000000,70.5176
1683399600000,70.4291
1683403200000,70.3580
1683406800000,70.3674
1683410400000,70.4241
1683414000000,70.3037
1683417600000,70.3758
1683421200000,70.3347
1683424800000,70.4368
1683428400000,70.4122
1683432000000,70.5015
1683435600000,70.4928
1683439200000,70.5284
1683442800000,70.4775
1683446400000,70.3990
1683450000000,70.3061
1683453600000,70.3311
1683457200000,70.3538
1683460800000,70.3124
1683464400000,70.3168
1683468000000,70.3002
1683471600000,70.2925
1683475200000,70.2942
1683478800000,70.2101
1683482400000,70.1579
1683486000000,70.2196
1683489600000,70.1578
1683493200000,70.0431
1683496800000,69.9386
1683500400000,70.1311
1683504000000,70.2141
1683507600000,69.7744
1683511200000,69.8202
1683514800000,69.4959
1683518400000,69.4140
1683522000000,69.4896
1683525600000,69.3816
1683529200000,69.1958
1683532800000,68.7187
1683536400000,68.9662
1683540000000,69.1455
1683543600000,68.9722
1683547200000,68.7056
1683550800000,68.7910
1683554400000,68.8075
1683558000000,68.8707
1683561600000,68.8078
1683565200000,68.6169
1683568800000,68.2714
1683572400000,67.9661
1683576000000,68.1291
1683579600000,68.1182
1683583200000,68.2807
1683586800000,68.3542
1683590400000,68.3411
1683594000000,68.5028
1683597600000,68.3689
1683601200000,68.4500
1683604800000,68.4718
1683608400000,68.4115
1683612000000,68.2643
1683615600000,68.5583
1683619200000,68.5180
1683622800000,68.4880
1683626400000,68.5084
1683630000000,68.4949
1683633600000,68.6058
1683637200000,68.4532
1683640800000,68.2059
1683644400000,67.8812
1683648000000,68.2880
1683651600000,68.1087
1683655200000,68.0142
1683658800000,68.1606
1683662400000,68.0144
1683666000000,68.0656
1683669600000,67.9557
1683673200000,68.0609
1683676800000,68.3279
1683680400000,68.3178
1683684000000,68.3223
1683687600000,68.3069
1683691200000,68.3691
1683694800000,68.2786
1683698400000,68.1669
1683702000000,68.0848
1683705600000,68.0711
1683709200000,68.0329
1683712800000,68.0329
1683716400000,68.0324
1683720000000,68.8399
1683723600000,68.8010
1683727200000,68.6889
1683730800000,68.7868
1683734400000,68.7889
1683738000000,68.3024
1683741600000,68.1086
1683745200000,68.5397
1683748800000,68.9275
1683752400000,68.3416
1683756000000,68.8020
1683759600000,68.5544
1683763200000,68.4655
1683766800000,68.6383
1683770400000,68.5360
1683774000000,68.2845
1683777600000,68.3649
1683781200000,68.3240
1683784800000,68.1966
1683788400000,68.0806
1683792000000,68.2933
1683795600000,68.3637
1683799200000,68.4088
1683802800000,68.3774
1683806400000,68.3118
1683810000000,68.0908
1683813600000,67.9996
1683817200000,67.9383
1683820800000,67.6221
1683824400000,67.5067
1683828000000,67.4492
1683831600000,67.4129
1683835200000,67.4776
1683838800000,67.5365
1683842400000,67.4295
1683846000000,67.5824
1683849600000,67.6903
1683853200000,67.5206
1683856800000,67.3169
1683860400000,67.2303
1683864000000,67.5200
1683867600000,66.7364
1683871200000,66.6698
1683874800000,66.7744
1683878400000,66.6841
1683882000000,66.9688
1683885600000,66.8999
1683889200000,66.9033
1683892800000,66.9720
1683896400000,66.9659
1683900000000,66.7825
1683903600000,66.8354
1683907200000,66.6395
1683910800000,66.6712
1683914400000,66.7026
1683918000000,66.5998
1683921600000,66.5219
1683925200000,66.9068
1683928800000,66.8148
1683932400000,67.0718
1683936000000,67.1524
1683939600000,67.1797
1683943200000,67.3079
1683946800000,67.3709
1683950400000,67.4569
1683954000000,67.4251
1683957600000,67.3768
1683961200000,67.4085
1683964800000,67.4420
1683968400000,67.4795
1683972000000,67.3862
1683975600000,67.5776
1683979200000,67.5699
1683982800000,67.5296
1683986400000,67.5520
1683990000000,67.6328
1683993600000,67.6447
1683997200000,67.6412
1684000800000,67.6942
1684004400000,67.7715
1684008000000,67.7039
1684011600000,67.7867
1684015200000,67.8948
1684018800000,67.7248
1684022400000,67.5709
1684026000000,67.5225
1684029600000,67.6939
1684033200000,67.7455
1684036800000,67.7647
1684040400000,67.8022
1684044000000,67.8626
1684047600000,67.9653
1684051200000,67.9328
1684054800000,67.8086
1684058400000,67.8355
1684062000000,67.8011
1684065600000,67.7820
1684069200000,67.7777
1684072800000,67.9110
1684076400000,68.1453
1684080000000,68.0694
1684083600000,68.0247
1684087200000,68.0364
1684090800000,67.9602
1684094400000,68.0652
1684098000000,67.9510
1684101600000,68.0118
1684105200000,68.0965
1684108800000,67.9559
1684112400000,68.2480
1684116000000,68.1295
1684119600000,68.2435
1684123200000,68.3415
1684126800000,68.4715
1684130400000,68.7588
1684134000000,68.7459
1684137600000,68.7488
1684141200000,68.6202
1684144800000,68.7460
1684148400000,68.6215
1684152000000,68.8388
1684155600000,68.7658
1684159200000,68.7551
1684162800000,68.6539
1684166400000,68.7001
1684170000000,68.6231
1684173600000,68.4912
1684177200000,68.4914
1684180800000,68.3809
1684184400000,68.4731
1684188000000,68.4465
1684191600000,68.2874
1684195200000,68.3720
1684198800000,68.0399
1684202400000,68.1014
1684206000000,68.1891
1684209600000,68.1465
1684213200000,68.0762
1684216800000,68.0381
1684220400000,68.2111
1684224000000,68.0693
1684227600000,67.8695
1684231200000,67.6808
1684234800000,67.6414
1684238400000,67.4496
1684242000000,67.4094
1684245600000,67.4637
1684249200000,67.5359
1684252800000,67.4833
1684256400000,67.4971
1684260000000,67.4380
1684263600000,67.3415
1684267200000,67.3344
1684270800000,67.4647
1684274400000,67.4255
1684278000000,67.5160
1684281600000,67.6806
1684285200000,67.7957
1684288800000,67.6802
1684292400000,67.7027
1684296000000,67.7468
1684299600000,67.5537
1684303200000,67.4476
1684306800000,67.3475
1684310400000,67.2897
1684314000000,67.4810
1684317600000,67.4035
1684321200000,67.1744
1684324800000,67.2457
1684328400000,67.2125
1684332000000,67.3630
1684335600000,67.4167
1684339200000,67.5832
1684342800000,67.7694
1684346400000,67.8398
1684350000000,68.4166
1684353600000,68.4252
1684357200000,68.4385
1684360800000,68.5186
1684364400000,68.7125
1684368000000,68.5997
1684371600000,68.4837
1684375200000,68.4842
1684378800000,68.5350
1684382400000,68.4149
1684386000000,68.3217
1684389600000,68.2080
1684393200000,68.3590
1684396800000,68.3409
1684400400000,68.3688
1684404000000,68.4574
1684407600000,68.5946
1684411200000,68.2958
1684414800000,68.3389
1684418400000,68.2571
1684422000000,68.0521
1684425600000,67.9246
1684429200000,67.0796
1684432800000,67.1475
1684436400000,67.2134
1684440000000,67.1953
1684443600000,67.4028
1684447200000,67.5171
1684450800000,67.4350
1684454400000,67.4057
1684458000000,67.2076
1684461600000,67.2636
1684465200000,67.4219
1684468800000,67.4527
1684472400000,67.4680
1684476000000,67.5278
1684479600000,67.4327
1684483200000,67.4386
1684486800000,67.2342
1684490400000,67.2477
1684494000000,67.2612
1684497600000,67.2749
1684501200000,67.1913
1684504800000,67.2538
1684508400000,67.1922
1684512000000,67.1004
1684515600000,67.1460
1684519200000,67.0557
1684522800000,67.0028
1684526400000,66.9310
1684530000000,67.0681
1684533600000,67.1575
1684537200000,67.1584
1684540800000,67.0915
1684544400000,67.0572
1684548000000,67.0855
1684551600000,67.0535
1684555200000,67.0206
1684558800000,67.0728
1684562400000,67.0152
1684566000000,67.0307
1684569600000,67.1660
1684573200000,67.1507
1684576800000,67.1444
1684580400000,67.1773
1684584000000,67.2344
1684587600000,67.2505
1684591200000,67.1724
1684594800000,67.3132
1684598400000,67.2757
1684602000000,67.5836
1684605600000,67.5733
1684609200000,67.5988
1684612800000,67.5402
1684616400000,67.5102
1684620000000,67.5430
1684623600000,67.6416
1684627200000,67.7851
1684630800000,67.7898
1684634400000,67.7286
1684638000000,67.7849
1684641600000,67.7514
1684645200000,67.7837
1684648800000,67.8282
1684652400000,67.7339
1684656000000,67.7374
1684659600000,67.7302
1684663200000,67.5451
1684666800000,67.2087
1684670400000,67.3207
1684674000000,67.3351
1684677600000,67.3241
1684681200000,67.3760
1684684800000,67.3246
1684688400000,67.2804
1684692000000,67.2392
1684695600000,67.2106
1684699200000,67.1497
1684702800000,66.8202
1684706400000,66.7763
1684710000000,66.7175
1684713600000,66.6191
1684717200000,66.5414
1684720800000,66.5102
1684724400000,66.5089
1684728000000,66.5992
1684731600000,66.7414
1684735200000,66.8857
1684738800000,66.8806
1684742400000,66.9025
1684746000000,66.9536
1684749600000,66.9390
1684753200000,66.9590
1684756800000,66.8772
1684760400000,67.2676
1684764000000,67.2358
1684767600000,67.1321
1684771200000,67.2381
1684774800000,67.1385
1684778400000,67.1878
1684782000000,67.2084
1684785600000,67.2485
1684789200000,67.0945
1684792800000,67.0524
1684796400000,66.9819
1684800000000,67.0084
1684803600000,67.1066
1684807200000,67.3621
1684810800000,67.5316
1684814400000,67.7111
1684818000000,67.6730
1684821600000,67.4303
1684825200000,67.5340
1684828800000,67.5820
1684832400000,67.4147
1684836000000,67.5435
1684839600000,67.6331
1684843200000,67.5565
1684846800000,67.5031
1684850400000,67.5358
1684854000000,67.6292
1684857600000,67.5445
1684861200000,67.4348
1684864800000,67.2609
1684868400000,67.2509
1684872000000,67.3630
1684875600000,67.4581
1684879200000,67.3101
1684882800000,67.3804
1684886400000,67.2883
1684890000000,67.3425
1684893600000,67.3780
1684897200000,66.7263
1684900800000,66.6295
1684904400000,66.5294
1684908000000,66.4755
1684911600000,66.5688
1684915200000,66.6251
1684918800000,66.7628
1684922400000,66.7686
1684926000000,66.7689
1684929600000,66.5440
1684933200000,66.1393
1684936800000,65.9415
1684940400000,66.0372
1684944000000,65.9217
1684947600000,65.9338
1684951200000,65.8412
1684954800000,65.8228
1684958400000,65.8946
1684962000000,65.8627
1684965600000,65.8696
1684969200000,65.8676
1684972800000,65.7323
1684976400000,65.8844
1684980000000,65.7117
1684983600000,65.8338
1684987200000,65.9515
1684990800000,65.9941
1684994400000,66.0146
1684998000000,65.8395
1685001600000,65.9359
1685005200000,66.0653
1685008800000,65.9633
1685012400000,66.0244
1685016000000,65.9057
1685019600000,65.7326
1685023200000,65.7722
1685026800000,65.5811
1685030400000,65.4742
1685034000000,65.4657
1685037600000,65.4690
1685041200000,65.7208
1685044800000,65.7519
1685048400000,65.7352
1685052000000,65.6395
1685055600000,65.7382
1685059200000,65.6427
1685062800000,65.4367
1685066400000,65.4821
1685070000000,65.4057
1685073600000,65.3364
1685077200000,65.1350
1685080800000,65.7415
1685084400000,65.6778
1685088000000,65.7389
1685091600000,65.8273
1685095200000,65.7836
1685098800000,65.8426
1685102400000,65.6502
1685106000000,65.6199
1685109600000,66.0265
1685113200000,66.0451
1685116800000,66.0833
1685120400000,65.8633
1685124000000,65.8547
1685127600000,65.8662
1685131200000,65.8704
1685134800000,65.9548
1685138400000,65.9372
1685142000000,65.9331
1685145600000,65.8194
1685149200000,65.8715
1685152800000,65.9315
1685156400000,65.8736
1685160000000,65.9208
1685163600000,65.8482
1685167200000,65.8960
1685170800000,65.8132
1685174400000,65.6470
1685178000000,65.7549
1685181600000,65.7028
1685185200000,65.6876
1685188800000,65.6738
1685192400000,65.6037
1685196000000,65.6532
1685199600000,65.6951
1685203200000,65.6506
1685206800000,65.7875
1685210400000,65.7422
1685214000000,65.7507
1685217600000,65.7991
1685221200000,65.9221
1685224800000,66.0199
1685228400000,66.2496
1685232000000,66.3718
1685235600000,66.3876
1685239200000,66.3946
1685242800000,66.5250
1685246400000,66.4999
1685250000000,66.4746
1685253600000,66.5242
1685257200000,66.5329
1685260800000,66.4959
1685264400000,66.4184
1685268000000,66.4644
1685271600000,66.4830
1685275200000,66.5094
1685278800000,66.5608
1685282400000,66.6451
1685286000000,66.7624
1685289600000,66.7348
1685293200000,66.8880
1685296800000,67.3329
1685300400000,67.2763
1685304000000,67.1518
1685307600000,67.6967
1685311200000,67.4795
1685314800000,67.4277
1685318400000,67.6685
1685322000000,67.5886
1685325600000,67.6913
1685329200000,67.4534
1685332800000,67.4782
1685336400000,67.5668
1685340000000,67.6329
1685343600000,67.4247
1685347200000,67.3530
1685350800000,67.2957
1685354400000,67.1583
1685358000000,67.4553
1685361600000,67.6714
1685365200000,67.7489
1685368800000,67.3731
1685372400000,66.9835
1685376000000,66.9679
1685379600000,66.9793
1685383200000,66.7947
1685386800000,66.7215
1685390400000,66.6959
1685394000000,66.6993
1685397600000,66.6595
1685401200000,66.8508
1685404800000,66.7335
1685408400000,66.9113
1685412000000,66.8968
1685415600000,66.9479
1685419200000,66.8543
1685422800000,66.7659
1685426400000,66.8334
1685430000000,66.7545
1685433600000,66.8481
1685437200000,66.9013
1685440800000,67.0403
1685444400000,67.1115
1685448000000,66.8855
1685451600000,66.7134
1685455200000,66.4879
1685458800000,66.5455
1685462400000,66.6011
1685466000000,66.6078
1685469600000,66.7077
1685473200000,66.8522
1685476800000,66.7228
1685480400000,66.5906
1685484000000,66.5621
1685487600000,66.5360
1685491200000,66.5447
1685494800000,66.5694
1685498400000,66.4777
1685502000000,66.4165
1685505600000,65.6589
1685509200000,65.6114
1685512800000,65.7345
1685516400000,65.6691
1685520000000,65.6401
1685523600000,65.6380
1685527200000,65.5573
1685530800000,65.6180
1685534400000,65.5687
1685538000000,65.5377
1685541600000,65.5393
1685545200000,65.2441
1685548800000,65.3330
1685552400000,65.4718
1685556000000,65.4410
1685559600000,65.3534
1685563200000,65.5530
1685566800000,65.4553
1685570400000,65.5828
1685574000000,65.6132
1685577600000,65.2947
1685581200000,65.3358
1685584800000,64.8215
1685588400000,64.9845
1685592000000,64.9906
1685595600000,65.0936
1685599200000,64.8458
1685602800000,64.9168
1685606400000,65.0106
1685610000000,65.0591
1685613600000,64.9715
1685617200000,65.0142
1685620800000,65.0684
1685624400000,64.9744
1685628000000,65.0388
1685631600000,64.9982
1685635200000,65.2037
1685638800000,64.9627
1685642400000,64.9071
1685646000000,64.7598
1685649600000,64.7028
1685653200000,64.9330
1685656800000,64.9898
1685660400000,64.8987
1685664000000,64.7471
1685667600000,64.7657
1685671200000,65.0206
1685674800000,65.0497
1685678400000,65.0662
1685682000000,65.1879
1685685600000,65.0367
1685689200000,65.0304
1685692800000,65.1768
1685696400000,65.0053
1685700000000,64.9576
1685703600000,64.9579
1685707200000,64.9665
1685710800000,64.6639
1685714400000,64.6706
1685718000000,64.8124
1685721600000,64.8392
1685725200000,64.8024
1685728800000,64.7413
1685732400000,64.9254
1685736000000,64.8346
1685739600000,64.8584
1685743200000,64.9282
1685746800000,64.8279
1685750400000,64.6631
1685754000000,64.6209
1685757600000,64.7018
1685761200000,64.6849
1685764800000,64.6266
1685768400000,64.6223
1685772000000,64.6599
1685775600000,64.6156
1685779200000,64.5519
1685782800000,64.5230
1685786400000,64.5531
1685790000000,64.5368
1685793600000,64.7914
1685797200000,64.8427
1685800800000,64.9726
1685804400000,65.1709
1685808000000,65.1586
1685811600000,65.0773
1685815200000,64.9590
1685818800000,64.9423
1685822400000,64.8316
1685826000000,64.6063
1685829600000,64.7843
1685833200000,64.8095
1685836800000,64.6890
1685840400000,64.6733
1685844000000,64.7006
1685847600000,64.6256
1685851200000,64.6171
1685854800000,64.6308
1685858400000,64.7462
1685862000000,64.7692
1685865600000,64.8443
1685869200000,64.8206
1685872800000,64.8339
1685876400000,64.7800
1685880000000,64.7806
1685883600000,64.8104
1685887200000,64.8771
1685890800000,64.7474
1685894400000,64.7331
1685898000000,64.6736
1685901600000,64.6078
1685905200000,64.6342
1685908800000,64.7109
1685912400000,64.6243
1685916000000,64.7574
1685919600000,64.6929
1685923200000,64.5631
1685926800000,64.4977
1685930400000,64.1477
1685934000000,64.1148
1685937600000,64.0226
1685941200000,64.0412
1685944800000,63.8430
1685948400000,63.9699
1685952000000,64.0396
1685955600000,63.8941
1685959200000,63.9273
1685962800000,63.9227
1685966400000,63.8171
1685970000000,63.7173
1685973600000,63.9214
1685977200000,59.9703
1685980800000,60.3523
1685984400000,59.8216
1685988000000,59.3881
1685991600000,59.6209
1685995200000,59.4864
1685998800000,59.3356
1686002400000,59.4780
1686006000000,59.7426
1686009600000,59.9691
1686013200000,59.6557
1686016800000,59.6784
1686020400000,59.5984
1686024000000,59.8043
1686027600000,59.8126
1686031200000,59.6578
1686034800000,59.7341
1686038400000,59.5903
1686042000000,59.9294
1686045600000,59.8261
1686049200000,59.7653
1686052800000,59.2562
1686056400000,59.5322
1686060000000,59.8334
1686063600000,59.8403
1686067200000,60.3357
1686070800000,60.6118
1686074400000,60.6596
1686078000000,61.3890
1686081600000,60.7955
1686085200000,61.2597
1686088800000,61.2600
1686092400000,61.2034
1686096000000,60.9856
1686099600000,60.7331
1686103200000,60.5160
1686106800000,60.4283
1686110400000,60.4628
1686114000000,60.3021
1686117600000,60.1297
1686121200000,59.9601
1686124800000,60.1051
1686128400000,59.2880
1686132000000,59.3682
1686135600000,59.8918
1686139200000,59.8918
1686142800000,59.4068
1686146400000,56.8761
1686150000000,57.3041
1686153600000,57.2857
1686157200000,58.0392
1686160800000,57.5293
1686164400000,57.6154
1686168000000,57.4568
1686171600000,57.1059
1686175200000,57.2869
1686178800000,57.5430
1686182400000,57.6571
1686186000000,58.1376
1686189600000,57.6527
1686193200000,57.3657
1686196800000,57.6138
1686200400000,57.4882
1686204000000,57.6756
1686207600000,57.7325
1686211200000,57.9941
1686214800000,57.7097
1686218400000,58.0827
1686222000000,58.4337
1686225600000,58.5292
1686229200000,58.2281
1686232800000,58.6579
1686236400000,58.7110
1686240000000,58.1189
1686243600000,58.1855
1686247200000,58.3861
1686250800000,58.4191
1686254400000,58.5221
1686258000000,58.1507
1686261600000,58.1599
1686265200000,57.9747
1686268800000,57.7810
1686272400000,57.9322
1686276000000,57.5374
1686279600000,57.8143
1686283200000,57.8513
1686286800000,57.8757
1686290400000,57.5306
1686294000000,57.5326
1686297600000,57.8692
1686301200000,57.9604
1686304800000,58.0323
1686308400000,57.9931
1686312000000,58.4667
1686315600000,58.1444
1686319200000,58.1980
1686322800000,57.8748
1686326400000,58.1013
1686330000000,58.0450
1686333600000,57.9033
1686337200000,57.6851
1686340800000,57.9496
1686344400000,58.1744
1686348000000,57.9900
1686351600000,57.8012
1686355200000,57.5928
1686358800000,57.2970
1686362400000,56.4491
1686366000000,55.9153
1686369600000,53.8218
1686373200000,54.3534
1686376800000,54.0297
1686380400000,54.4593
1686384000000,55.1125
1686387600000,54.7469
1686391200000,54.8688
1686394800000,54.9302
1686398400000,54.3478
1686402000000,54.4707
1686405600000,54.3262
1686409200000,54.3594
1686412800000,54.3281
1686416400000,55.3106
1686420000000,54.5515
1686423600000,55.0027
1686427200000,54.7926
1686430800000,54.9648
1686434400000,55.0942
1686438000000,54.9837
1686441600000,54.8043
1686445200000,54.7688
1686448800000,54.5663
1686452400000,54.3661
1686456000000,54.2085
1686459600000,54.4735
1686463200000,54.4898
1686466800000,54.4104
1686470400000,54.4609
1686474000000,54.3735
1686477600000,54.5357
1686481200000,54.5152
1686484800000,54.3922
1686488400000,54.1742
1686492000000,54.3895
1686495600000,54.4228
1686499200000,54.5380
1686502800000,54.6442
1686506400000,54.7514
1686510000000,54.7548
1686513600000,54.8902
1686517200000,54.7667
1686520800000,54.3603
1686524400000,54.5005
1686528000000,54.6166
1686531600000,54.4081
1686535200000,52.8008
1686538800000,53.0309
1686542400000,53.2593
1686546000000,52.7218
1686549600000,52.6870
1686553200000,52.6041
1686556800000,53.6388
1686560400000,54.6162
1686564000000,54.7156
1686567600000,54.4792
1686571200000,54.3721
1686574800000,53.6992
1686578400000,54.1742
1686582000000,54.0810
1686585600000,54.0602
1686589200000,53.9413
1686592800000,53.8929
1686596400000,53.5492
1686600000000,53.7215
1686603600000,53.9879
1686607200000,53.9236
1686610800000,53.9811
1686614400000,53.8427
1686618000000,54.1528
1686621600000,54.6694
1686625200000,54.5716
1686628800000,54.4890
1686632400000,54.7153
1686636000000,54.7829
1686639600000,54.8792
1686643200000,55.4492
1686646800000,55.2190
1686650400000,55.2363
1686654000000,56.4415
1686657600000,56.2441
1686661200000,56.1090
1686664800000,55.7091
1686668400000,54.7045
1686672000000,55.0691
1686675600000,55.1013
1686679200000,55.3233
1686682800000,55.2707
1686686400000,55.6054
1686690000000,55.8962
1686693600000,55.9250
1686697200000,56.4757
1686700800000,57.5657
1686704400000,57.4514
1686708000000,57.4651
1686711600000,57.6245
1686715200000,57.5884
1686718800000,57.1979
1686722400000,57.2065
1686726000000,56.8548
1686729600000,56.8346
1686733200000,57.2013
1686736800000,57.1975
1686740400000,57.1880
1686744000000,57.3882
1686747600000,56.9058
1686751200000,57.1100
1686754800000,56.9168
1686758400000,57.1493
1686762000000,57.2035
1686765600000,56.9976
1686769200000,56.6991
1686772800000,55.4606
1686776400000,56.0403
1686780000000,55.7619
1686783600000,56.2052
1686787200000,56.6100
1686790800000,56.2604
1686794400000,56.0825
1686798000000,56.0039
1686801600000,55.8077
1686805200000,55.8036
1686808800000,55.7063
1686812400000,55.9909
1686816000000,55.9523
1686819600000,55.7829
1686823200000,55.4831
1686826800000,55.5057
1686830400000,55.1717
1686834000000,55.5037
1686837600000,55.3838
1686841200000,55.1623
1686844800000,55.2635
1686848400000,55.5561
1686852000000,56.0188
1686855600000,56.1106
1686859200000,56.3295
1686862800000,56.4461
1686866400000,56.4909
1686870000000,56.3759
1686873600000,56.2754
1686877200000,56.4738
1686880800000,56.5632
1686884400000,56.5979
1686888000000,56.4936
1686891600000,56.5734
1686895200000,56.7306
1686898800000,56.7215
1686902400000,56.4936
1686906000000,56.4419
1686909600000,56.0861
1686913200000,55.7710
1686916800000,56.0725
1686920400000,56.0192
1686924000000,56.5849
1686927600000,56.8012
1686931200000,56.9164
1686934800000,57.7065
1686938400000,57.1239
1686942000000,56.9455
1686945600000,57.0015
1686949200000,56.7578
1686952800000,56.9025
1686956400000,56.9350
1686960000000,56.5786
1686963600000,56.6149
1686967200000,56.8368
1686970800000,56.8138
1686974400000,57.1398
1686978000000,58.1254
1686981600000,58.2054
1686985200000,58.0076
1686988800000,58.1408
1686992400000,57.9592
1686996000000,58.0873
1686999600000,57.7383
1687003200000,57.7853
1687006800000,57.8553
1687010400000,57.5697
1687014000000,57.4902
1687017600000,57.6763
1687021200000,57.8589
1687024800000,58.1763
1687028400000,57.9281
1687032000000,58.1005
1687035600000,58.1328
1687039200000,58.1764
1687042800000,57.9491
1687046400000,57.5910
1687050000000,57.9790
1687053600000,58.0357
1687057200000,57.9775
1687060800000,58.0826
1687064400000,58.1252
1687068000000,58.1441
1687071600000,58.2514
1687075200000,58.1746
1687078800000,58.4593
1687082400000,58.2799
1687086000000,58.1249
1687089600000,58.2589
1687093200000,58.0989
1687096800000,58.1785
1687100400000,58.2342
1687104000000,58.2223
1687107600000,58.0530
1687111200000,58.1643
1687114800000,58.2014
1687118400000,57.7163
1687122000000,57.5756
1687125600000,57.6575
1687129200000,57.7280
1687132800000,57.4472
1687136400000,57.6269
1687140000000,57.7603
1687143600000,57.6116
1687147200000,57.5835
1687150800000,57.6341
1687154400000,57.7537
1687158000000,57.6684
1687161600000,57.6208
1687165200000,57.5048
1687168800000,57.3832
1687172400000,57.5945
1687176000000,57.7119
1687179600000,57.8058
1687183200000,57.5245
1687186800000,57.4116
1687190400000,57.3929
1687194000000,57.6740
1687197600000,57.5768
1687201200000,57.8179
1687204800000,57.8959
1687208400000,57.9129
1687212000000,57.9122
1687215600000,58.0511
1687219200000,58.4167
1687222800000,58.2158
1687226400000,58.2192
1687230000000,58.1351
1687233600000,58.4120
1687237200000,57.9973
1687240800000,57.8001
1687244400000,57.9069
1687248000000,57.6584
1687251600000,57.7876
1687255200000,57.7069
1687258800000,57.9850
1687262400000,57.8065
1687266000000,57.6944
1687269600000,57.8129
1687273200000,58.1026
1687276800000,58.6533
1687280400000,59.0418
1687284000000,59.1644
1687287600000,59.0777
1687291200000,59.4636
1687294800000,59.4509
1687298400000,59.5737
1687302000000,60.1553
1687305600000,60.2796
1687309200000,60.8283
1687312800000,61.4202
1687316400000,61.0865
1687320000000,61.0172
1687323600000,61.4483
1687327200000,61.0582
1687330800000,60.9364
1687334400000,60.5438
1687338000000,60.8607
1687341600000,60.3319
1687345200000,60.2867
1687348800000,60.2132
1687352400000,60.2132
1687356000000,60.4348
1687359600000,61.0515
1687363200000,61.0686
1687366800000,60.8100
1687370400000,60.8732
1687374000000,60.5067
1687377600000,60.3049
1687381200000,60.1461
1687384800000,60.3965
1687388400000,60.1005
1687392000000,60.1527
1687395600000,60.1804
1687399200000,61.3905
1687402800000,60.9686
1687406400000,61.0356
1687410000000,60.8036
1687413600000,60.2568
1687417200000,60.3995
1687420800000,60.5103
1687424400000,60.6742
1687428000000,60.6813
1687431600000,59.6679
1687435200000,59.9032
1687438800000,60.0617
1687442400000,58.9371
1687446000000,59.1479
1687449600000,59.2206
1687453200000,59.5915
1687456800000,59.4930
1687460400000,59.6920
1687464000000,59.3956
1687467600000,59.3087
1687471200000,58.7551
1687474800000,58.7625
1687478400000,59.1565
1687482000000,58.7945
1687485600000,58.8681
1687489200000,58.9089
1687492800000,59.1442
1687496400000,59.3168
1687500000000,59.2007
1687503600000,59.1591
1687507200000,59.1620
1687510800000,59.4686
1687514400000,59.5380
1687518000000,59.5945
1687521600000,59.4445
1687525200000,59.2979
1687528800000,59.7122
1687532400000,61.2218
1687536000000,60.6801
1687539600000,60.8142
1687543200000,60.5271
1687546800000,60.6864
1687550400000,60.8224
1687554000000,60.4905
1687557600000,60.3456
1687561200000,60.2783
1687564800000,60.1376
1687568400000,60.3485
1687572000000,60.7195
1687575600000,60.6962
1687579200000,60.7598
1687582800000,61.1432
1687586400000,61.0869
1687590000000,60.5766
1687593600000,60.5225
1687597200000,60.3582
1687600800000,60.4851
1687604400000,60.4106
1687608000000,60.2268
1687611600000,59.6403
1687615200000,59.6870
1687618800000,57.9775
1687622400000,58.2635
1687626000000,58.3719
1687629600000,58.6369
1687633200000,58.7836
1687636800000,58.5756
1687640400000,58.6758
1687644000000,58.8064
1687647600000,58.8872
1687651200000,58.8186
1687654800000,59.0876
1687658400000,59.1807
1687662000000,59.2615
1687665600000,59.1552
1687669200000,59.0355
1687672800000,58.9938
1687676400000,59.1272
1687680000000,59.1039
1687683600000,58.8044
1687687200000,58.4572
1687690800000,58.7934
1687694400000,58.7505
1687698000000,58.8102
1687701600000,58.8365
1687705200000,59.2776
1687708800000,59.1190
1687712400000,58.6510
1687716000000,58.5212
1687719600000,58.5289
1687723200000,58.2820
1687726800000,58.4985
1687730400000,58.7007
1687734000000,58.6120
1687737600000,58.3563
1687741200000,57.9910
1687744800000,58.1870
1687748400000,58.3634
1687752000000,58.3263
1687755600000,58.2385
1687759200000,58.5240
1687762800000,58.4869
1687766400000,58.6193
1687770000000,58.3801
1687773600000,58.4690
1687777200000,58.6807
1687780800000,58.6799
1687784400000,59.2075
1687788000000,58.7689
1687791600000,58.7568
1687795200000,58.5281
1687798800000,58.5562
1687802400000,59.0363
1687806000000,58.9730
1687809600000,58.6424
1687813200000,58.5119
1687816800000,58.7713
1687820400000,58.8204
1687824000000,58.8024
1687827600000,58.8624
1687831200000,59.1127
1687834800000,58.9612
1687838400000,59.1016
1687842000000,58.9350
1687845600000,58.9668
1687849200000,59.0971
1687852800000,59.0150
1687856400000,59.0858
1687860000000,59.5192
1687863600000,59.6387
1687867200000,59.6153
1687870800000,59.5078
1687874400000,59.6760
1687878000000,59.2335
1687881600000,58.8763
1687885200000,59.0543
1687888800000,59.0718
1687892400000,59.0282
1687896000000,59.0404
1687899600000,59.1507
1687903200000,58.9492
1687906800000,58.9923
1687910400000,58.9698
1687914000000,58.7910
1687917600000,58.7150
1687921200000,58.8299
1687924800000,58.8659
1687928400000,58.8785
1687932000000,58.7108
1687935600000,58.1900
1687939200000,58.1261
1687942800000,58.3658
1687946400000,58.3991
1687950000000,58.2888
1687953600000,57.9206
1687957200000,57.9293
1687960800000,58.6052
1687964400000,58.8448
1687968000000,58.4862
1687971600000,58.0801
1687975200000,58.2664
1687978800000,57.6994
1687982400000,57.9386
1687986000000,58.2946
1687989600000,58.3423
1687993200000,58.2269
1687996800000,58.2915
1688000400000,58.3681
1688004000000,58.4814
1688007600000,58.6275
1688011200000,58.5556
1688014800000,58.4716
1688018400000,58.7652
1688022000000,58.7116
1688025600000,58.7291
1688029200000,58.6131
1688032800000,59.0028
1688036400000,59.0556
1688040000000,59.0313
1688043600000,59.0915
1688047200000,58.7588
1688050800000,58.8294
1688054400000,58.8812
1688058000000,58.9166
1688061600000,58.9051
1688065200000,58.9362
1688068800000,58.6417
1688072400000,58.7407
1688076000000,58.6557
1688079600000,58.7095
1688083200000,58.7536
1688086800000,58.8339
1688090400000,59.3398
1688094000000,59.3632
1688097600000,59.5505
1688101200000,59.1910
1688104800000,59.3545
1688108400000,59.4075
1688112000000,59.5333
1688115600000,59.4764
1688119200000,59.6089
1688122800000,59.9693
1688126400000,59.8369
1688130000000,58.4706
1688133600000,58.6067
1688137200000,58.5592
1688140800000,58.5550
1688144400000,58.1249
1688148000000,57.9756
1688151600000,58.0512
1688155200000,58.0688
1688158800000,58.0804
1688162400000,58.1046
1688166000000,57.9768
1688169600000,58.5512
1688173200000,58.5464
1688176800000,58.3482
1688180400000,58.4451
1688184000000,58.5046
1688187600000,58.4271
1688191200000,58.5969
1688194800000,58.6953
1688198400000,58.8945
1688202000000,59.0723
1688205600000,58.8299
1688209200000,59.0180
1688212800000,59.3911
1688216400000,59.6914
1688220000000,60.0604
1688223600000,59.8895
1688227200000,59.9099
1688230800000,59.7465
1688234400000,60.0899
1688238000000,59.7509
1688241600000,59.8007
1688245200000,60.1061
1688248800000,59.9558
1688252400000,59.9623
1688256000000,59.9394
1688259600000,59.6199
1688263200000,59.3138
1688266800000,59.1696
1688270400000,59.6193
1688274000000,59.4256
1688277600000,59.3912
1688281200000,59.6529
1688284800000,59.4802
1688288400000,59.4815
1688292000000,59.5284
1688295600000,59.5700
1688299200000,59.5576
1688302800000,59.3940
1688306400000,59.5293
1688310000000,59.5887
1688313600000,59.4036
1688317200000,59.3156
1688320800000,59.4645
1688324400000,59.5298
1688328000000,59.6073
1688331600000,59.5237
1688335200000,59.3725
1688338800000,59.3780
1688342400000,59.4442
1688346000000,59.4907
1688349600000,59.5976
1688353200000,59.6050
1688356800000,59.2750
1688360400000,59.2943
1688364000000,59.2951
1688367600000,59.2698
1688371200000,59.2274
1688374800000,59.2689
1688378400000,59.3631
1688382000000,59.1477
1688385600000,59.1079
1688389200000,59.1424
1688392800000,59.2366
1688396400000,59.8976
1688400000000,59.5991
1688403600000,59.5665
1688407200000,59.8137
1688410800000,59.9545
1688414400000,59.8255
1688418000000,59.7148
1688421600000,59.7293
1688425200000,59.8046
1688428800000,59.6963
1688432400000,59.9448
1688436000000,59.9118
1688439600000,59.5175
1688443200000,59.5980
1688446800000,59.4434
1688450400000,59.3908
1688454000000,59.2474
1688457600000,59.2132
1688461200000,59.3224
1688464800000,59.2923
1688468400000,59.3562
1688472000000,59.2723
1688475600000,59.1197
1688479200000,59.0325
1688482800000,58.9680
1688486400000,58.9016
1688490000000,58.6532
1688493600000,58.6689
1688497200000,58.5489
1688500800000,58.6485
1688504400000,58.7289
1688508000000,58.8638
1688511600000,58.8584
1688515200000,58.7808
1688518800000,58.8125
1688522400000,58.9856
1688526000000,59.1369
1688529600000,59.1585
1688533200000,59.2481
1688536800000,59.0856
1688540400000,59.0092
1688544000000,58.9972
1688547600000,58.8858
1688551200000,58.0436
1688554800000,58.0429
1688558400000,58.1383
1688562000000,58.1923
1688565600000,58.1926
1688569200000,58.0143
1688572800000,58.3532
1688576400000,58.4447
1688580000000,58.4083
1688583600000,58.1822
1688587200000,58.2887
1688590800000,58.1989
1688594400000,58.2459
1688598000000,58.2954
1688601600000,58.1936
1688605200000,58.3251
1688608800000,58.2178
1688612400000,58.4413
1688616000000,58.3605
1688619600000,58.6268
1688623200000,58.8061
1688626800000,58.9450
1688630400000,59.6853
1688634000000,59.0710
1688637600000,59.3444
1688641200000,59.0012
1688644800000,58.7156
1688648400000,58.3975
1688652000000,58.1894
1688655600000,58.6186
1688659200000,58.2052
1688662800000,58.4924
1688666400000,58.5074
1688670000000,58.4029
1688673600000,58.5006
1688677200000,57.7908
1688680800000,57.7446
1688684400000,57.5708
1688688000000,58.0188
1688691600000,58.1536
1688695200000,58.1329
1688698800000,58.0738
1688702400000,57.8600
1688706000000,58.2572
1688709600000,58.0101
1688713200000,57.6755
1688716800000,57.6601
1688720400000,57.9388
1688724000000,57.8485
1688727600000,57.8016
1688731200000,58.1219
1688734800000,58.3588
1688738400000,58.4491
1688742000000,58.4410
1688745600000,58.3031
1688749200000,58.1456
1688752800000,58.0495
1688756400000,58.3217
1688760000000,58.2336
1688763600000,58.2384
1688767200000,58.3665
1688770800000,58.3736
1688774400000,58.3706
1688778000000,58.5949
1688781600000,58.5444
1688785200000,58.3784
1688788800000,58.4678
1688792400000,58.4366
1688796000000,58.4921
1688799600000,58.4291
1688803200000,58.6262
1688806800000,58.7620
1688810400000,58.6173
1688814000000,58.5968
1688817600000,58.6571
1688821200000,58.6124
1688824800000,58.4828
1688828400000,58.6796
1688832000000,58.6674
1688835600000,58.5791
1688839200000,58.4649
1688842800000,58.4943
1688846400000,58.5448
1688850000000,58.4901
1688853600000,58.5421
1688857200000,58.5700
1688860800000,58.6827
1688864400000,58.5291
1688868000000,58.4700
1688871600000,58.4865
1688875200000,58.3144
1688878800000,58.2884
1688882400000,58.2075
1688886000000,58.1245
1688889600000,58.2534
1688893200000,58.2322
1688896800000,58.2028
1688900400000,58.1493
1688904000000,58.1570
1688907600000,58.1331
1688911200000,58.2620
1688914800000,58.2345
1688918400000,58.2573
1688922000000,58.2005
1688925600000,58.1188
1688929200000,58.1032
1688932800000,57.9573
1688936400000,57.9150
1688940000000,57.9305
1688943600000,57.9694
1688947200000,57.9028
1688950800000,57.7521
1688954400000,58.0180
1688958000000,57.8870
1688961600000,57.9375
1688965200000,57.8778
1688968800000,57.8208
1688972400000,57.7274
1688976000000,57.7386
1688979600000,59.4008
1688983200000,59.9148
1688986800000,59.7231
1688990400000,59.6480
1688994000000,59.8461
1688997600000,60.2427
1689001200000,60.4112
1689004800000,60.3562
1689008400000,60.3640
1689012000000,60.2351
1689015600000,60.6008
1689019200000,60.5354
1689022800000,60.0726
1689026400000,59.9549
1689030000000,60.4555
1689033600000,60.3224
1689037200000,60.5006
1689040800000,60.6955
1689044400000,60.6815
1689048000000,60.6856
1689051600000,60.7801
1689055200000,60.9404
1689058800000,60.7794
1689062400000,60.8892
1689066000000,60.8898
1689069600000,60.7459
1689073200000,60.6752
1689076800000,60.7808
1689080400000,61.0100
1689084000000,61.0527
1689087600000,61.2596
1689091200000,61.2389
1689094800000,60.9936
1689098400000,60.6370
1689102000000,60.7912
1689105600000,60.8228
1689109200000,60.8555
1689112800000,60.9481
1689116400000,60.9880
1689120000000,60.9924
1689123600000,60.9523
1689127200000,61.1385
1689130800000,61.0824
1689134400000,60.9925
1689138000000,61.1000
1689141600000,61.0568
1689145200000,61.0530
1689148800000,60.7862
1689152400000,60.7816
1689156000000,60.6267
1689159600000,60.8089
1689163200000,60.5900
1689166800000,60.4746
1689170400000,60.4705
1689174000000,59.8171
1689177600000,59.5510
1689181200000,59.4392
1689184800000,59.6719
1689188400000,59.6363
1689192000000,59.7169
1689195600000,59.7972
1689199200000,59.7920
1689202800000,59.8202
1689206400000,59.6073
1689210000000,59.8606
1689213600000,59.7795
1689217200000,59.7039
1689220800000,59.7005
1689224400000,59.8382
1689228000000,59.8818
1689231600000,59.9169
1689235200000,60.2126
1689238800000,60.3490
1689242400000,60.4094
1689246000000,60.1925
1689249600000,60.2392
1689253200000,60.4223
1689256800000,60.2756
1689260400000,60.4971
1689264000000,59.9527
1689267600000,60.0496
1689271200000,60.2300
1689274800000,60.5558
1689278400000,60.1721
1689282000000,60.1311
1689285600000,60.2599
1689289200000,60.4842
1689292800000,60.4369
1689296400000,60.4662
1689300000000,60.8792
1689303600000,61.2117
1689307200000,61.0407
1689310800000,60.9041
1689314400000,60.7444
1689318000000,60.1586
1689321600000,60.5371
1689325200000,60.2311
1689328800000,60.0936
1689332400000,60.2319
1689336000000,59.8913
1689339600000,60.0297
1689343200000,60.1046
1689346800000,60.3960
1689350400000,60.2867
1689354000000,59.1912
1689357600000,58.4137
1689361200000,58.4922
1689364800000,58.7510
1689368400000,58.4974
1689372000000,58.5968
1689375600000,58.7917
1689379200000,59.0546
1689382800000,59.1750
1689386400000,59.0588
1689390000000,59.0409
1689393600000,59.1221
1689397200000,59.0312
1689400800000,59.0976
1689404400000,59.1290
1689408000000,59.3206
1689411600000,59.5444
1689415200000,59.3982
1689418800000,59.3021
1689422400000,59.3567
1689426000000,59.3331
1689429600000,59.2810
1689433200000,59.3213
1689436800000,59.3693
1689440400000,59.4051
1689444000000,59.4644
1689447600000,59.7112
1689451200000,59.5883
1689454800000,59.4688
1689458400000,59.6793
1689462000000,59.5304
1689465600000,59.4519
1689469200000,59.3313
1689472800000,59.2316
1689476400000,59.0256
1689480000000,58.9538
1689483600000,59.1546
1689487200000,59.0549
1689490800000,59.1472
1689494400000,59.2314
1689498000000,59.3302
1689501600000,59.2617
1689505200000,59.3334
1689508800000,59.0870
1689512400000,59.0271
1689516000000,59.1127
1689519600000,59.0505
1689523200000,58.7818
1689526800000,58.6169
1689530400000,58.3532
1689534000000,58.2190
1689537600000,58.1675
1689541200000,58.2530
1689544800000,58.2205
1689548400000,57.9136
1689552000000,57.7650
1689555600000,58.1956
1689559200000,57.9091
1689562800000,58.1035
1689566400000,57.8688
1689570000000,57.6855
1689573600000,57.7553
1689577200000,57.8983
1689580800000,58.1066
1689584400000,58.0064
1689588000000,58.0294
1689591600000,58.2609
1689595200000,58.2636
1689598800000,58.5221
1689602400000,58.5513
1689606000000,58.4574
1689609600000,58.3728
1689613200000,58.2218
1689616800000,58.0621
1689620400000,58.3612
1689624000000,58.2710
1689627600000,58.4750
1689631200000,58.3202
1689634800000,58.4141
1689638400000,58.8093
1689642000000,58.8947
1689645600000,58.7881
1689649200000,58.4521
1689652800000,58.4299
1689656400000,58.3546
1689660000000,58.1181
1689663600000,57.8593
1689667200000,58.0290
1689670800000,57.8500
1689674400000,57.9189
1689678000000,57.5293
1689681600000,57.4956
1689685200000,57.4171
1689688800000,57.6307
1689692400000,57.6143
1689696000000,57.3368
1689699600000,57.4803
1689703200000,57.6128
1689706800000,57.4322
1689710400000,57.4139
1689714000000,57.4542
1689717600000,57.4549
1689721200000,57.5479
1689724800000,57.8965
1689728400000,57.9331
1689732000000,57.8877
1689735600000,58.1304
1689739200000,58.1261
1689742800000,58.1614
1689746400000,58.0090
1689750000000,57.9372
1689753600000,57.6350
1689757200000,57.7976
1689760800000,57.7792
1689764400000,57.8583
1689768000000,57.7132
1689771600000,57.7889
1689775200000,57.4683
1689778800000,57.6246
1689782400000,57.5119
1689786000000,57.8102
1689789600000,57.9313
1689793200000,57.8102
1689796800000,57.9394
1689800400000,58.0802
1689804000000,57.9931
1689807600000,57.9795
1689811200000,58.2366
1689814800000,58.2529
1689818400000,58.0560
1689822000000,58.0113
1689825600000,57.9912
1689829200000,58.2329
1689832800000,58.3108
1689836400000,58.4442
1689840000000,58.5898
1689843600000,58.5413
1689847200000,58.4007
1689850800000,58.3592
1689854400000,58.3717
1689858000000,58.4284
1689861600000,57.9572
1689865200000,57.9997
1689868800000,57.8747
1689872400000,57.8242
1689876000000,57.6900
1689879600000,57.9081
1689883200000,57.8518
1689886800000,58.1172
1689890400000,58.0907
1689894000000,58.1250
1689897600000,58.1856
1689901200000,58.3313
1689904800000,58.4673
1689908400000,58.3672
1689912000000,58.2722
1689915600000,58.2386
1689919200000,58.3187
1689922800000,58.2729
1689926400000,58.2864
1689930000000,58.3396
1689933600000,58.4613
1689937200000,58.4946
1689940800000,58.5445
1689944400000,58.5509
1689948000000,58.5768
1689951600000,58.4880
1689955200000,58.4216
1689958800000,58.5467
1689962400000,58.5243
1689966000000,58.3284
1689969600000,58.3731
1689973200000,58.3639
1689976800000,58.4501
1689980400000,58.4683
1689984000000,58.6792
1689987600000,58.5827
1689991200000,58.6230
1689994800000,58.6021
1689998400000,58.5583
1690002000000,58.4886
1690005600000,58.4006
1690009200000,58.5371
1690012800000,58.5121
1690016400000,58.4636
1690020000000,58.3809
1690023600000,58.3419
1690027200000,58.2785
1690030800000,58.2463
1690034400000,58.3216
1690038000000,58.3669
1690041600000,58.3028
1690045200000,58.2382
1690048800000,58.1844
1690052400000,58.2384
1690056000000,58.1812
1690059600000,58.1714
1690063200000,58.1352
1690066800000,58.4426
1690070400000,58.5285
1690074000000,58.5282
1690077600000,58.6241
1690081200000,58.5941
1690084800000,58.6521
1690088400000,58.6059
1690092000000,58.7211
1690095600000,58.7159
1690099200000,58.7679
1690102800000,58.6109
1690106400000,58.6217
1690110000000,58.5799
1690113600000,58.6983
1690117200000,58.6582
1690120800000,58.7072
1690124400000,58.6343
1690128000000,58.6334
1690131600000,58.7528
1690135200000,58.6795
1690138800000,58.6284
1690142400000,58.6678
1690146000000,58.4689
1690149600000,58.5076
1690153200000,58.6037
1690156800000,58.5961
1690160400000,58.4825
1690164000000,58.2626
1690167600000,58.2059
1690171200000,58.2468
1690174800000,58.3229
1690178400000,58.2799
1690182000000,58.4328
1690185600000,58.3934
1690189200000,57.2967
1690192800000,57.6086
1690196400000,57.4449
1690200000000,57.4207
1690203600000,57.3040
1690207200000,57.0583
1690210800000,57.0811
1690214400000,57.1752
1690218000000,57.1081
1690221600000,57.2546
1690225200000,57.1539
1690228800000,57.2494
1690232400000,57.3925
1690236000000,57.3887
1690239600000,57.4340
1690243200000,57.2977
1690246800000,57.3093
1690250400000,57.4189
1690254000000,57.2250
1690257600000,57.0237
1690261200000,57.1549
1690264800000,57.0142
1690268400000,56.9967
1690272000000,57.1307
1690275600000,57.0986
1690279200000,57.0607
1690282800000,57.0834
1690286400000,57.0455
1690290000000,56.9841
1690293600000,56.9185
1690297200000,56.9255
1690300800000,57.0345
1690304400000,57.0348
1690308000000,56.8227
1690311600000,56.7186
1690315200000,56.7209
1690318800000,56.7384
1690322400000,56.7446
1690326000000,56.8383
1690329600000,56.6773
1690333200000,56.6482
1690336800000,56.9271
1690340400000,56.9811
1690344000000,56.9454
1690347600000,57.0063
1690351200000,56.8894
1690354800000,56.9181
1690358400000,56.9078
1690362000000,56.8865
1690365600000,56.8837
1690369200000,56.7344
1690372800000,56.8981
1690376400000,57.0457
1690380000000,56.9998
1690383600000,57.0027
1690387200000,56.9235
1690390800000,56.7876
1690394400000,56.8489
1690398000000,56.9682
1690401600000,57.2256
1690405200000,57.1566
1690408800000,57.1727
1690412400000,56.9358
1690416000000,56.9547
1690419600000,57.0720
1690423200000,57.1310
1690426800000,57.1070
1690430400000,57.2632
1690434000000,57.5417
1690437600000,57.4460
1690441200000,57.6926
1690444800000,57.6167
1690448400000,57.7179
1690452000000,57.5305
1690455600000,57.7021
1690459200000,57.5887
1690462800000,57.5395
1690466400000,57.3703
1690470000000,57.2801
1690473600000,57.3478
1690477200000,57.2580
1690480800000,57.1233
1690484400000,57.1450
1690488000000,57.1489
1690491600000,57.3161
1690495200000,57.3696
1690498800000,57.3393
1690502400000,57.5064
1690506000000,57.3970
1690509600000,57.3016
1690513200000,57.3924
1690516800000,57.4142
1690520400000,57.2417
1690524000000,57.2965
1690527600000,57.2967
1690531200000,57.3501
1690534800000,57.3742
1690538400000,57.4263
1690542000000,57.2516
1690545600000,57.4395
1690549200000,57.4314
1690552800000,57.6797
1690556400000,57.4566
1690560000000,57.4193
1690563600000,57.3230
1690567200000,57.3678
1690570800000,57.5952
1690574400000,57.5521
1690578000000,57.4042
1690581600000,57.3969
1690585200000,57.4212
1690588800000,57.5119
1690592400000,57.5765
1690596000000,57.5735
1690599600000,57.5353
1690603200000,57.5382
1690606800000,57.5022
1690610400000,57.4479
1690614000000,57.3583
1690617600000,57.3679
1690621200000,57.3530
1690624800000,57.4036
1690628400000,57.3150
1690632000000,57.3910
1690635600000,57.4185
1690639200000,57.3667
1690642800000,57.4235
1690646400000,57.4311
1690650000000,57.4155
1690653600000,57.3690
1690657200000,57.4026
1690660800000,57.3135
1690664400000,57.3200
1690668000000,57.3999
1690671600000,57.4238
1690675200000,57.3891
1690678800000,57.4029
1690682400000,57.4065
1690686000000,57.4116
1690689600000,57.4396
1690693200000,57.4092
1690696800000,57.3285
1690700400000,57.5047
1690704000000,57.5024
1690707600000,57.4192
1690711200000,57.4144
1690714800000,57.4514
1690718400000,57.5326
1690722000000,57.4506
1690725600000,57.6428
1690729200000,57.6520
1690732800000,57.7956
1690736400000,57.8246
1690740000000,57.7233
1690743600000,57.5022
1690747200000,57.7062
1690750800000,57.6514
1690754400000,57.6234
1690758000000,57.8240
1690761600000,58.0624
1690765200000,58.0413
1690768800000,58.1409
1690772400000,58.0979
1690776000000,58.1063
1690779600000,58.0018
1690783200000,58.0388
1690786800000,58.0547
1690790400000,58.1036
1690794000000,58.0418
1690797600000,58.0441
1690801200000,58.0646
1690804800000,58.1495
1690808400000,58.0447
1690812000000,57.9143
1690815600000,57.8233
1690819200000,57.7927
1690822800000,57.7042
1690826400000,57.5773
1690830000000,57.5245
1690833600000,57.5864
1690837200000,57.7028
1690840800000,57.6586
1690844400000,57.5776
1690848000000,57.7280
1690851600000,57.5998
1690855200000,57.5221
1690858800000,57.3605
1690862400000,57.4462
1690866000000,57.7927
1690869600000,57.6761
1690873200000,58.5877
1690876800000,58.7946
1690880400000,58.5046
1690884000000,58.4685
1690887600000,58.4063
1690891200000,58.5040
1690894800000,58.3831
1690898400000,58.2615
1690902000000,58.5637
1690905600000,58.5311
1690909200000,58.5719
1690912800000,58.8370
1690916400000,59.0273
1690920000000,58.7742
1690923600000,58.7343
1690927200000,58.8778
1690930800000,59.3270
1690934400000,59.4741
1690938000000,59.5155
1690941600000,59.4700
1690945200000,59.0564
1690948800000,59.1331
1690952400000,59.0453
1690956000000,58.8800
1690959600000,58.8970
1690963200000,58.8442
1690966800000,58.7705
1690970400000,58.9381
1690974000000,59.0899
1690977600000,58.9514
1690981200000,58.8191
1690984800000,58.6461
1690988400000,58.5604
1690992000000,57.2589
1690995600000,58.1399
1690999200000,57.9661
1691002800000,57.9082
1691006400000,57.9320
1691010000000,58.0284
1691013600000,57.9256
1691017200000,57.8722
1691020800000,57.7467
1691024400000,57.8532
1691028000000,57.6838
1691031600000,57.7803
1691035200000,57.6718
1691038800000,57.8227
1691042400000,57.7425
1691046000000,57.5442
1691049600000,57.6581
1691053200000,57.8289
1691056800000,57.8537
1691060400000,57.8652
1691064000000,57.7694
1691067600000,58.0424
1691071200000,58.2464
1691074800000,58.1277
1691078400000,57.9740
1691082000000,57.7870
1691085600000,57.8965
1691089200000,57.9689
1691092800000,58.0008
1691096400000,58.0290
1691100000000,58.0964
1691103600000,58.0791
1691107200000,58.2012
1691110800000,58.1536
1691114400000,58.1471
1691118000000,58.1694
1691121600000,58.2991
1691125200000,58.4356
1691128800000,58.3269
1691132400000,58.2685
1691136000000,58.2939
1691139600000,58.2165
1691143200000,58.1105
1691146800000,58.2350
1691150400000,58.3038
1691154000000,58.1990
1691157600000,58.2700
1691161200000,58.3289
1691164800000,58.3446
1691168400000,58.2156
1691172000000,58.0731
1691175600000,58.0287
1691179200000,58.0899
1691182800000,58.1250
1691186400000,58.1247
1691190000000,58.2191
1691193600000,58.1773
1691197200000,57.9522
1691200800000,58.0304
1691204400000,57.9782
1691208000000,57.9637
1691211600000,57.9977
1691215200000,58.0722
1691218800000,58.0078
1691222400000,58.0799
1691226000000,58.1024
1691229600000,58.0396
1691233200000,58.0180
1691236800000,57.9528
1691240400000,57.9133
1691244000000,58.0555
1691247600000,58.1046
1691251200000,58.1587
1691254800000,58.1710
1691258400000,58.1971
1691262000000,58.1870
1691265600000,58.2323
1691269200000,58.2437
1691272800000,58.2550
1691276400000,58.2945
1691280000000,58.4096
1691283600000,58.3381
1691287200000,58.4612
1691290800000,58.6414
1691294400000,58.5888
1691298000000,58.7055
1691301600000,58.6364
1691305200000,58.7642
1691308800000,58.8482
1691312400000,58.7657
1691316000000,58.6855
1691319600000,58.6454
1691323200000,58.5654
1691326800000,58.4137
1691330400000,58.4561
1691334000000,58.3657
1691337600000,58.5986
1691341200000,58.6074
1691344800000,58.4770
1691348400000,58.4420
1691352000000,58.5750
1691355600000,58.4460
1691359200000,58.4915
1691362800000,58.4890
1691366400000,58.5256
1691370000000,58.5710
1691373600000,58.4837
1691377200000,58.4941
1691380800000,58.5630
1691384400000,58.5336
1691388000000,58.3469
1691391600000,58.2375
1691395200000,58.2169
1691398800000,58.3093
1691402400000,58.1818
1691406000000,58.2833
1691409600000,58.2229
1691413200000,58.1516
1691416800000,58.0746
1691420400000,57.9808
1691424000000,58.0812
1691427600000,58.2098
1691431200000,58.3886
1691434800000,58.4430
1691438400000,58.4822
1691442000000,58.4786
1691445600000,58.4427
1691449200000,58.4991
1691452800000,58.4612
1691456400000,58.3504
1691460000000,58.4315
1691463600000,58.5106
1691467200000,58.5497
1691470800000,58.4927
1691474400000,58.6594
1691478000000,58.5668
1691481600000,58.6251
1691485200000,58.6457
1691488800000,58.8418
1691492400000,58.9970
1691496000000,59.1451
1691499600000,58.8146
1691503200000,58.8638
1691506800000,59.2304
1691510400000,59.3025
1691514000000,59.5141
1691517600000,59.5141
1691521200000,59.4235
1691524800000,59.3864
1691528400000,59.2351
1691532000000,59.0710
1691535600000,59.0843
1691539200000,59.0738
1691542800000,59.0109
1691546400000,58.8080
1691550000000,58.8483
1691553600000,58.9347
1691557200000,58.9116
1691560800000,58.8462
1691564400000,58.9942
1691568000000,59.0763
1691571600000,58.9196
1691575200000,58.7806
1691578800000,58.8840
1691582400000,59.2483
1691586000000,59.1485
1691589600000,58.8359
1691593200000,58.8894
1691596800000,58.4447
1691600400000,58.4168
1691604000000,58.4095
1691607600000,58.2576
1691611200000,58.4271
1691614800000,58.3787
1691618400000,58.5378
1691622000000,58.5104
1691625600000,58.5164
1691629200000,58.5710
1691632800000,58.4990
1691636400000,58.4776
1691640000000,58.4463
1691643600000,58.4836
1691647200000,58.2207
1691650800000,58.1638
1691654400000,58.1970
1691658000000,58.1962
1691661600000,58.1904
1691665200000,58.1136
1691668800000,58.2247
1691672400000,58.2826
1691676000000,58.1055
1691679600000,58.0344
1691683200000,57.9528
1691686800000,57.9312
1691690400000,57.8541
1691694000000,57.8592
1691697600000,57.8393
1691701200000,57.9326
1691704800000,57.8878
1691708400000,57.9100
1691712000000,58.0015
1691715600000,57.9545
1691719200000,57.8482
1691722800000,57.8105
1691726400000,57.8380
1691730000000,57.7796
1691733600000,57.8296
1691737200000,57.7664
1691740800000,57.7584
1691744400000,57.7369
1691748000000,57.6701
1691751600000,57.8025
1691755200000,57.7845
1691758800000,57.7909
1691762400000,57.7813
1691766000000,57.4416
1691769600000,57.5457
1691773200000,57.4470
1691776800000,57.5315
1691780400000,57.5778
1691784000000,57.5816
1691787600000,57.5572
1691791200000,57.5654
1691794800000,57.5928
1691798400000,57.6306
1691802000000,57.6559
1691805600000,57.6030
1691809200000,57.7226
1691812800000,57.6897
1691816400000,57.6653
1691820000000,57.6929
1691823600000,57.7382
1691827200000,57.6808
1691830800000,57.7628
1691834400000,57.7644
1691838000000,57.7885
1691841600000,57.7217
1691845200000,57.7014
1691848800000,57.7529
1691852400000,57.7432
1691856000000,57.8058
1691859600000,57.8211
1691863200000,57.8211
1691866800000,57.7765
1691870400000,57.8217
1691874000000,57.7047
1691877600000,57.7338
1691881200000,57.6921
1691884800000,57.7492
1691888400000,57.7133
1691892000000,57.6594
1691895600000,57.6734
1691899200000,57.6790
1691902800000,57.6681
1691906400000,57.7106
1691910000000,57.6336
1691913600000,57.6825
1691917200000,57.6965
1691920800000,57.6965
1691924400000,57.7294
1691928000000,57.6419
1691931600000,57.6697
1691935200000,57.6283
1691938800000,57.6703
1691942400000,57.6361
1691946000000,57.7382
1691949600000,57.7046
1691953200000,57.7440
1691956800000,57.7319
1691960400000,57.6854
1691964000000,57.7973
1691967600000,57.7078
1691971200000,57.6737
1691974800000,57.7147
1691978400000,57.7545
1691982000000,57.8273
1691985600000,57.9265
1691989200000,57.8201
1691992800000,57.7342
1691996400000,57.7222
1692000000000,57.8043
1692003600000,57.7717
1692007200000,57.7675
1692010800000,57.7508
1692014400000,57.7193
1692018000000,57.7327
1692021600000,57.8833
1692025200000,58.0248
1692028800000,58.1155
1692032400000,57.8504
1692036000000,57.6452
1692039600000,57.7516
1692043200000,57.8081
1692046800000,57.8235
1692050400000,57.8377
1692054000000,57.8328
1692057600000,57.8123
1692061200000,57.7634
1692064800000,57.7399
1692068400000,57.7048
1692072000000,57.6087
1692075600000,57.5602
1692079200000,57.6499
1692082800000,57.6615
1692086400000,57.7269
1692090000000,57.7262
1692093600000,57.6158
1692097200000,57.5200
1692100800000,57.5271
1692104400000,57.5671
1692108000000,57.7523
1692111600000,57.5419
1692115200000,57.4632
1692118800000,57.5489
1692122400000,57.4935
1692126000000,57.0840
1692129600000,57.4502
1692133200000,57.4068
1692136800000,57.1901
1692140400000,57.1402
1692144000000,57.1492
1692147600000,57.1811
1692151200000,57.2107
1692154800000,57.1528
1692158400000,57.1064
1692162000000,56.9097
1692165600000,56.8320
1692169200000,56.7972
1692172800000,56.7165
1692176400000,56.6856
1692180000000,56.8358
1692183600000,56.8150
1692187200000,56.6178
1692190800000,56.3867
1692194400000,56.5351
1692198000000,56.5196
1692201600000,56.6930
1692205200000,56.7084
1692208800000,56.8236
1692212400000,56.7014
1692216000000,56.4978
1692219600000,56.1178
1692223200000,56.1323
1692226800000,55.9704
1692230400000,55.7297
1692234000000,55.7502
1692237600000,55.6414
1692241200000,55.9356
1692244800000,55.8293
1692248400000,55.9495
1692252000000,56.0178
1692255600000,55.8174
1692259200000,55.7887
1692262800000,55.9375
1692266400000,55.8858
1692270000000,55.9724
1692273600000,55.8971
1692277200000,55.7218
1692280800000,55.6471
1692284400000,55.0928
1692288000000,55.1045
1692291600000,55.3107
1692295200000,55.2579
1692298800000,55.2853
1692302400000,55.1827
1692306000000,53.4598
1692309600000,53.5566
1692313200000,53.0222
1692316800000,53.1517
1692320400000,52.7493
1692324000000,52.2155
1692327600000,52.2179
1692331200000,52.1629
1692334800000,52.5058
1692338400000,52.6935
1692342000000,52.6965
1692345600000,52.8157
1692349200000,52.6489
1692352800000,52.7733
1692356400000,52.9707
1692360000000,52.5677
1692363600000,52.5713
1692367200000,52.2565
1692370800000,52.3177
1692374400000,52.0405
1692378000000,52.2554
1692381600000,52.3151
1692385200000,52.3444
1692388800000,52.3910
1692392400000,52.2537
1692396000000,52.2277
1692399600000,52.1985
1692403200000,52.1839
1692406800000,52.0787
1692410400000,51.9917
1692414000000,51.9858
1692417600000,52.0623
1692421200000,51.8537
1692424800000,51.7890
1692428400000,51.9383
1692432000000,51.9440
1692435600000,51.9260
1692439200000,51.9400
1692442800000,51.8008
1692446400000,51.7370
1692450000000,51.7770
1692453600000,51.8452
1692457200000,52.1268
1692460800000,52.3332
1692464400000,52.0930
1692468000000,52.1284
1692471600000,52.0355
1692475200000,51.9851
1692478800000,52.1414
1692482400000,52.1694
1692486000000,52.2001
1692489600000,52.3623
1692493200000,52.2101
1692496800000,52.1770
1692500400000,52.1871
1692504000000,52.2604
1692507600000,52.1542
1692511200000,52.0516
1692514800000,52.0988
1692518400000,52.1936
1692522000000,52.1644
1692525600000,52.1990
1692529200000,52.1670
1692532800000,52.1597
1692536400000,52.0581
1692540000000,52.0003
1692543600000,52.0503
1692547200000,51.9423
1692550800000,52.0625
1692554400000,52.0529
1692558000000,52.0521
1692561600000,52.0597
1692565200000,51.9965
1692568800000,52.0434
1692572400000,51.8709
1692576000000,51.8595
1692579600000,51.8073
1692583200000,51.8197
1692586800000,51.8214
1692590400000,51.7275
1692594000000,51.8567
1692597600000,51.7435
1692601200000,51.5852
1692604800000,51.6724
1692608400000,51.5150
1692612000000,50.4086
1692615600000,50.7648
1692619200000,50.4887
1692622800000,50.8292
1692626400000,50.6755
1692630000000,50.5703
1692633600000,50.6601
1692637200000,50.8591
1692640800000,50.8365
1692644400000,50.8866
1692648000000,50.9879
1692651600000,51.1384
1692655200000,51.1261
1692658800000,51.0041
1692662400000,50.9564
1692666000000,50.9037
1692669600000,50.9089
1692673200000,50.8946
1692676800000,50.6113
1692680400000,50.5761
1692684000000,50.7139
1692687600000,50.8730
1692691200000,50.9027
1692694800000,50.8346
1692698400000,50.8337
1692702000000,50.7447
1692705600000,50.7391
1692709200000,50.3917
1692712800000,50.4051
1692716400000,50.1873
1692720000000,50.6927
1692723600000,50.7112
1692727200000,51.1316
1692730800000,51.1316
1692734400000,51.2347
1692738000000,51.0899
1692741600000,51.3327
1692745200000,51.8699
1692748800000,52.5690
1692752400000,52.6495
1692756000000,52.4900
1692759600000,52.2492
1692763200000,52.4125
1692766800000,52.4616
1692770400000,52.4832
1692774000000,52.8744
1692777600000,52.5949
1692781200000,52.6193
1692784800000,52.4089
1692788400000,52.3520
1692792000000,51.9870
1692795600000,52.1572
1692799200000,52.2190
1692802800000,52.4314
1692806400000,52.6658
1692810000000,52.7323
1692813600000,52.7831
1692817200000,53.0353
1692820800000,52.8756
1692824400000,52.5538
1692828000000,52.6490
1692831600000,52.5946
1692835200000,52.6306
1692838800000,52.5344
1692842400000,52.6907
1692846000000,52.9058
1692849600000,53.1464
1692853200000,53.2494
1692856800000,53.3475
1692860400000,53.4804
1692864000000,53.7008
1692867600000,53.7239
1692871200000,53.8042
1692874800000,53.7035
1692878400000,53.4676
1692882000000,53.5336
1692885600000,53.2544
1692889200000,52.8870
1692892800000,53.1966
1692896400000,53.1140
1692900000000,52.9759
1692903600000,52.8397
1692907200000,52.6318
1692910800000,52.8422
1692914400000,53.0014
1692918000000,53.2484
1692921600000,53.0347
1692925200000,53.0211
1692928800000,52.8023
1692932400000,52.8297
1692936000000,52.2266
1692939600000,52.3907
1692943200000,52.3725
1692946800000,52.2773
1692950400000,52.5231
1692954000000,52.6128
1692957600000,52.6438
1692961200000,52.6557
1692964800000,52.6448
1692968400000,52.5862
1692972000000,52.3882
1692975600000,52.6983
1692979200000,52.8463
1692982800000,52.8498
1692986400000,53.0252
1692990000000,52.8974
1692993600000,53.0910
1692997200000,53.1425
1693000800000,52.9857
1693004400000,53.0983
1693008000000,53.0650
1693011600000,52.9669
1693015200000,52.9678
1693018800000,52.9817
1693022400000,52.9644
1693026000000,52.8130
1693029600000,52.9722
1693033200000,52.8224
1693036800000,52.8316
1693040400000,52.8590
1693044000000,52.8757
1693047600000,52.9325
1693051200000,52.7978
1693054800000,52.8569
1693058400000,52.8985
1693062000000,52.8935
1693065600000,52.8455
1693069200000,52.8454
1693072800000,52.8089
1693076400000,52.8497
1693080000000,52.7587
1693083600000,52.7983
1693087200000,52.7222
1693090800000,52.7678
1693094400000,52.7070
1693098000000,52.6460
1693101600000,52.6835
1693105200000,52.6973
1693108800000,52.6065
1693112400000,52.7012
1693116000000,52.7795
1693119600000,52.8232
1693123200000,52.8554
1693126800000,52.8991
1693130400000,52.8902
1693134000000,52.8774
1693137600000,52.9016
1693141200000,52.9906
1693144800000,53.1928
1693148400000,53.2163
1693152000000,53.4721
1693155600000,53.2220
1693159200000,53.1721
1693162800000,53.2329
1693166400000,53.1190
1693170000000,52.9588
1693173600000,53.0193
1693177200000,53.0398
1693180800000,52.8787
1693184400000,52.9671
1693188000000,52.9959
1693191600000,53.0312
1693195200000,53.0031
1693198800000,52.8864
1693202400000,52.8262
1693206000000,52.7058
1693209600000,52.7524
1693213200000,52.9486
1693216800000,52.9458
1693220400000,52.9911
1693224000000,53.0535
1693227600000,53.2495
1693231200000,53.4108
1693234800000,53.3344
1693238400000,53.3766
1693242000000,53.4067
1693245600000,53.3986
1693249200000,53.0486
1693252800000,52.9870
1693256400000,53.0241
1693260000000,53.2121
1693263600000,53.3327
1693267200000,53.3501
1693270800000,53.1881
1693274400000,53.1314
1693278000000,53.1608
1693281600000,53.0856
1693285200000,53.1603
1693288800000,53.0416
1693292400000,52.9926
1693296000000,52.9628
1693299600000,53.0424
1693303200000,53.0445
1693306800000,53.0753
1693310400000,53.2415
1693314000000,53.2238
1693317600000,56.7733
1693321200000,56.7970
1693324800000,57.3648
1693328400000,57.1555
1693332000000,57.0090
1693335600000,56.5881
1693339200000,56.1079
1693342800000,56.3644
1693346400000,56.3701
1693350000000,56.4837
1693353600000,56.1559
1693357200000,56.2076
1693360800000,55.9523
1693364400000,55.8557
1693368000000,55.9109
1693371600000,55.8904
1693375200000,55.6906
1693378800000,55.9455
1693382400000,56.0089
1693386000000,55.9519
1693389600000,55.8589
1693393200000,55.6115
1693396800000,55.5939
1693400400000,55.6394
1693404000000,55.2123
1693407600000,55.4665
1693411200000,55.3232
1693414800000,55.3529
1693418400000,55.5498
1693422000000,55.3965
1693425600000,55.5704
1693429200000,55.5516
1693432800000,55.6223
1693436400000,55.7518
1693440000000,55.5412
1693443600000,55.4880
1693447200000,55.5296
1693450800000,55.5591
1693454400000,55.6531
1693458000000,55.6321
1693461600000,55.6548
1693465200000,55.5807
1693468800000,55.5798
1693472400000,55.5325
1693476000000,55.5717
1693479600000,55.6871
1693483200000,55.4464
1693486800000,55.3975
1693490400000,55.4592
1693494000000,55.0328
1693497600000,54.0539
1693501200000,53.9835
1693504800000,53.9079
1693508400000,53.6156
1693512000000,53.4598
1693515600000,53.4639
1693519200000,53.6130
1693522800000,53.4548
1693526400000,53.6704
1693530000000,53.4760
1693533600000,53.5450
1693537200000,53.5444
1693540800000,53.3581
1693544400000,53.1620
1693548000000,53.0367
1693551600000,52.9842
1693555200000,53.1406
1693558800000,53.1535
1693562400000,53.1188
1693566000000,53.2222
1693569600000,53.2478
1693573200000,53.1654
1693576800000,52.5921
1693580400000,52.7918
1693584000000,53.0614
1693587600000,52.7337
1693591200000,52.8656
1693594800000,52.9244
1693598400000,52.9427
1693602000000,53.0165
1693605600000,52.9231
1693609200000,53.0359
1693612800000,53.0466
1693616400000,53.2318
1693620000000,53.0574
1693623600000,53.1666
1693627200000,53.1860
1693630800000,53.1986
1693634400000,53.0932
1693638000000,53.0527
1693641600000,52.9606
1693645200000,53.0647
1693648800000,53.1335
1693652400000,53.1088
1693656000000,53.0702
1693659600000,53.1204
1693663200000,53.1574
1693666800000,53.1363
1693670400000,53.0259
1693674000000,52.9156
1693677600000,52.8785
1693681200000,52.9566
1693684800000,53.0119
1693688400000,52.9736
1693692000000,53.0456
1693695600000,53.0760
1693699200000,53.0210
1693702800000,52.9973
1693706400000,52.9596
1693710000000,53.0030
1693713600000,53.0033
1693717200000,53.0931
1693720800000,53.1716
1693724400000,53.3198
1693728000000,53.1991
1693731600000,53.1861
1693735200000,53.2853
1693738800000,53.3314
1693742400000,53.2191
1693746000000,53.1587
1693749600000,53.2288
1693753200000,53.0650
1693756800000,53.1253
1693760400000,53.1656
1693764000000,53.1331
1693767600000,53.2545
1693771200000,53.2318
1693774800000,53.1983
1693778400000,53.1945
1693782000000,53.2960
1693785600000,53.2342
1693789200000,53.2170
1693792800000,53.4084
1693796400000,53.4911
1693800000000,53.4185
1693803600000,53.2197
1693807200000,53.2642
1693810800000,53.2371
1693814400000,53.2902
1693818000000,53.2016
1693821600000,53.1334
1693825200000,53.1069
1693828800000,53.0036
1693832400000,53.5331
1693836000000,53.4990
1693839600000,53.4221
1693843200000,53.5023
1693846800000,53.6444
1693850400000,53.6150
1693854000000,53.5915
1693857600000,53.4576
1693861200000,53.0856
1693864800000,53.3839
1693868400000,53.3620
1693872000000,53.2328
1693875600000,53.2850
1693879200000,53.1737
1693882800000,53.2812
1693886400000,53.2276
1693890000000,53.2729
1693893600000,53.2307
1693897200000,53.2700
1693900800000,53.2592
1693904400000,53.2069
1693908000000,53.1935
1693911600000,53.0941
1693915200000,53.2180
1693918800000,53.0139
1693922400000,53.0133
1693926000000,53.0623
1693929600000,53.0075
1693933200000,53.0395
1693936800000,53.0069
1693940400000,52.8955
1693944000000,53.0009
1693947600000,53.0058
1693951200000,53.0455
1693954800000,53.0539
1693958400000,53.1393
1693962000000,53.1287
1693965600000,53.2109
1693969200000,53.1526
1693972800000,53.1367
1693976400000,53.0881
1693980000000,53.0782
1693983600000,53.0420
1693987200000,53.0646
1693990800000,53.1300
1693994400000,53.1049
1693998000000,53.0850
1694001600000,53.0585
1694005200000,53.0863
1694008800000,52.8961
1694012400000,52.7842
1694016000000,52.7520
1694019600000,53.2282
1694023200000,52.9659
1694026800000,53.0257
1694030400000,52.9973
1694034000000,53.0535
1694037600000,53.1660
1694041200000,53.1646
1694044800000,53.1412
1694048400000,53.0908
1694052000000,53.1056
1694055600000,53.2353
1694059200000,53.2344
1694062800000,53.2365
1694066400000,53.1072
1694070000000,53.1353
1694073600000,53.1963
1694077200000,53.2166
1694080800000,53.2119
1694084400000,52.9564
1694088000000,52.8775
1694091600000,52.9293
1694095200000,53.0545
1694098800000,53.1453
1694102400000,53.1959
1694106000000,53.3031
1694109600000,53.2381
1694113200000,53.1967
1694116800000,53.5097
1694120400000,53.8814
1694124000000,54.1463
1694127600000,54.0465
1694131200000,54.2789
1694134800000,54.0777
1694138400000,54.0652
1694142000000,54.1326
1694145600000,54.2398
1694149200000,54.1365
1694152800000,53.9967
1694156400000,54.0627
1694160000000,54.0023
1694163600000,53.8068
1694167200000,53.3533
1694170800000,53.3424
1694174400000,53.3289
1694178000000,53.3654
1694181600000,53.1803
1694185200000,53.2321
1694188800000,53.1409
1694192400000,53.1865
1694196000000,53.0864
1694199600000,53.2163
1694203200000,53.1706
1694206800000,53.1960
1694210400000,53.1968
1694214000000,53.2335
1694217600000,53.1199
1694221200000,53.1884
1694224800000,53.2632
1694228400000,53.2701
1694232000000,53.2983
1694235600000,53.2056
1694239200000,53.2707
1694242800000,53.3540
1694246400000,53.2890
1694250000000,53.3584
1694253600000,53.3283
1694257200000,53.2915
1694260800000,53.2459
1694264400000,53.2765
1694268000000,53.2682
1694271600000,53.3283
1694275200000,53.3058
1694278800000,53.2844
1694282400000,53.2415
1694286000000,53.2502
1694289600000,53.1837
1694293200000,53.1830
1694296800000,53.2139
1694300400000,53.1122
1694304000000,53.1804
1694307600000,53.1527
1694311200000,53.1363
1694314800000,53.1203
1694318400000,53.0234
1694322000000,53.0128
1694325600000,53.0596
1694329200000,53.1365
1694332800000,53.0512
1694336400000,53.0045
1694340000000,52.9365
1694343600000,52.9361
1694347200000,52.9675
1694350800000,52.9556
1694354400000,52.8666
1694358000000,53.0779
1694361600000,53.0946
1694365200000,52.9784
1694368800000,52.9939
1694372400000,53.1222
1694376000000,53.2206
1694379600000,53.2621
1694383200000,53.1849
1694386800000,53.1592
1694390400000,53.0567
1694394000000,52.9806
1694397600000,52.9305
1694401200000,53.0114
1694404800000,53.0731
1694408400000,53.2981
1694412000000,53.0366
1694415600000,53.0188
1694419200000,52.9333
1694422800000,52.9084
1694426400000,52.7008
1694430000000,52.4618
1694433600000,52.7585
1694437200000,52.5274
1694440800000,52.1504
1694444400000,52.1425
1694448000000,52.4010
1694451600000,52.4271
1694455200000,52.3123
1694458800000,52.2756
1694462400000,52.6114
1694466000000,52.5688
1694469600000,52.5660
1694473200000,52.4548
1694476800000,52.4108
1694480400000,52.2027
1694484000000,52.2893
1694487600000,53.3302
1694491200000,53.2660
1694494800000,53.5542
1694498400000,53.3929
1694502000000,53.6236
1694505600000,53.4545
1694509200000,53.5964
1694512800000,54.0102
1694516400000,53.8818
1694520000000,53.9382
1694523600000,54.2998
1694527200000,54.1463
1694530800000,54.3066
1694534400000,54.3069
1694538000000,53.9099
1694541600000,54.0953
1694545200000,54.1652
1694548800000,54.1248
1694552400000,54.1956
1694556000000,53.9077
1694559600000,53.5519
1694563200000,53.6671
1694566800000,53.7523
1694570400000,53.5733
1694574000000,53.5147
1694577600000,53.6635
1694581200000,53.6951
1694584800000,53.8675
1694588400000,53.7984
1694592000000,53.9664
1694595600000,54.1765
1694599200000,54.0941
1694602800000,54.2279
1694606400000,54.2462
1694610000000,54.2353
1694613600000,54.2816
1694617200000,54.2452
1694620800000,54.3267
1694624400000,54.1284
1694628000000,54.0299
1694631600000,54.2341
1694635200000,54.3159
1694638800000,54.3190
1694642400000,54.3592
1694646000000,54.2490
1694649600000,54.4958
1694653200000,53.6445
1694656800000,53.8608
1694660400000,53.8038
1694664000000,53.7668
1694667600000,53.7021
1694671200000,53.8895
1694674800000,53.9360
1694678400000,53.8421
1694682000000,53.8897
1694685600000,53.9122
1694689200000,54.1645
1694692800000,54.1425
1694696400000,54.4839
1694700000000,54.6110
1694703600000,54.4493
1694707200000,54.2813
1694710800000,54.1939
1694714400000,54.0996
1694718000000,54.3054
1694721600000,54.1499
1694725200000,54.1429
1694728800000,54.3215
1694732400000,54.1642
1694736000000,54.1474
1694739600000,54.0439
1694743200000,54.2277
1694746800000,54.2048
1694750400000,54.3600
1694754000000,54.2769
1694757600000,54.2347
1694761200000,54.1326
1694764800000,54.4407
1694768400000,54.4505
1694772000000,54.5033
1694775600000,54.1121
1694779200000,53.9729
1694782800000,53.9861
1694786400000,53.7538
1694790000000,53.9975
1694793600000,54.0564
1694797200000,53.9484
1694800800000,53.9611
1694804400000,54.0653
1694808000000,54.1560
1694811600000,54.0807
1694815200000,54.4947
1694818800000,54.2965
1694822400000,54.4313
1694826000000,54.4875
1694829600000,54.5696
1694833200000,54.3896
1694836800000,54.4962
1694840400000,54.4830
1694844000000,54.4193
1694847600000,54.4471
1694851200000,54.2792
1694854800000,54.2467
1694858400000,54.3870
1694862000000,54.3716
1694865600000,54.3775
1694869200000,54.3686
1694872800000,54.2417
1694876400000,54.3323
1694880000000,54.3937
1694883600000,54.4709
1694887200000,54.5350
1694890800000,54.4854
1694894400000,54.4819
1694898000000,54.5445
1694901600000,54.5979
1694905200000,54.6234
1694908800000,54.5490
1694912400000,54.6910
1694916000000,54.6869
1694919600000,54.7347
1694923200000,54.7406
1694926800000,54.6804
1694930400000,54.6930
1694934000000,54.6148
1694937600000,54.7073
1694941200000,54.6940
1694944800000,54.7100
1694948400000,54.7256
1694952000000,54.7772
1694955600000,54.8703
1694959200000,55.0178
1694962800000,55.0653
1694966400000,55.0494
1694970000000,54.9805
1694973600000,55.0547
1694977200000,55.1681
1694980800000,55.0901
1694984400000,55.2243
1694988000000,55.2999
1694991600000,55.3119
1694995200000,55.3540
1694998800000,55.4924
1695002400000,55.6339
1695006000000,55.6016
1695009600000,55.3631
1695013200000,55.4496
1695016800000,55.4275
1695020400000,55.3962
1695024000000,55.4479
1695027600000,56.0448
1695031200000,56.3336
1695034800000,56.3030
1695038400000,56.4094
1695042000000,56.2635
1695045600000,56.3566
1695049200000,56.4108
1695052800000,56.2799
1695056400000,55.1593
1695060000000,55.0423
1695063600000,55.2913
1695067200000,55.0464
1695070800000,55.2114
1695074400000,55.4060
1695078000000,55.2003
1695081600000,55.2154
1695085200000,55.2121
1695088800000,55.4091
1695092400000,55.4890
1695096000000,55.5283
1695099600000,55.3544
1695103200000,55.4855
1695106800000,55.5903
1695110400000,56.1016
1695114000000,56.3929
1695117600000,56.1693
1695121200000,56.2799
1695124800000,56.1585
1695128400000,55.7325
1695132000000,55.9942
1695135600000,56.3751
1695139200000,56.1638
1695142800000,55.8242
1695146400000,55.8294
1695150000000,56.0136
1695153600000,56.0203
1695157200000,56.0520
1695160800000,56.1099
1695164400000,56.1383
1695168000000,56.0907
1695171600000,56.3532
1695175200000,56.0521
1695178800000,55.9200
1695182400000,55.8501
1695186000000,55.7794
1695189600000,55.9607
1695193200000,55.9948
1695196800000,56.1990
1695200400000,55.9554
1695204000000,56.0040
1695207600000,56.0372
1695211200000,56.0170
1695214800000,56.2042
1695218400000,56.1091
1695222000000,56.1841
1695225600000,56.1315
1695229200000,56.2555
1695232800000,56.1395
1695236400000,55.7626
1695240000000,55.8192
1695243600000,55.8262
1695247200000,55.7711
1695250800000,55.9675
1695254400000,55.8993
1695258000000,55.8645
1695261600000,55.7584
1695265200000,55.8793
1695268800000,55.8932
1695272400000,55.7434
1695276000000,55.7939
1695279600000,55.5515
1695283200000,55.4203
1695286800000,54.9428
1695290400000,54.8777
1695294000000,55.1478
1695297600000,55.3003
1695301200000,54.9892
1695304800000,55.2797
1695308400000,55.2681
1695312000000,55.1842
1695315600000,55.3136
1695319200000,55.0658
1695322800000,55.0836
1695326400000,55.1020
1695330000000,55.1911
1695333600000,55.2338
1695337200000,55.2515
1695340800000,55.3090
1695344400000,55.3161
1695348000000,55.2712
1695351600000,55.2705
1695355200000,55.2048
1695358800000,55.2174
1695362400000,55.0487
1695366000000,55.2545
1695369600000,55.1568
1695373200000,55.1003
1695376800000,54.9714
1695380400000,55.0537
1695384000000,54.9367
1695387600000,54.8360
1695391200000,55.0267
1695394800000,55.0515
1695398400000,54.9605
1695402000000,54.9954
1695405600000,54.9966
1695409200000,54.8836
1695412800000,54.8359
1695416400000,55.0109
1695420000000,55.0621
1695423600000,55.0593
1695427200000,55.0613
1695430800000,55.0177
1695434400000,54.9487
1695438000000,54.8202
1695441600000,54.8865
1695445200000,54.7940
1695448800000,54.9269
1695452400000,54.9557
1695456000000,55.0267
1695459600000,54.9819
1695463200000,54.9739
1695466800000,54.9487
1695470400000,54.9947
1695474000000,54.9797
1695477600000,54.9520
1695481200000,55.0258
1695484800000,54.9809
1695488400000,54.9634
1695492000000,54.9440
1695495600000,54.9925
1695499200000,54.9293
1695502800000,54.8782
1695506400000,54.8920
1695510000000,54.8855
1695513600000,54.8397
1695517200000,54.8724
1695520800000,54.8316
1695524400000,54.8065
1695528000000,54.8401
1695531600000,54.8402
1695535200000,54.8893
1695538800000,54.8754
1695542400000,54.9649
1695546000000,54.9084
1695549600000,54.8863
1695553200000,54.9711
1695556800000,54.9697
1695560400000,54.9011
1695564000000,54.8659
1695567600000,55.0374
1695571200000,54.9431
1695574800000,55.0324
1695578400000,54.9889
1695582000000,54.6175
1695585600000,54.6579
1695589200000,54.7350
1695592800000,54.7002
1695596400000,54.1511
1695600000000,54.2314
1695603600000,54.1523
1695607200000,54.2074
1695610800000,54.1885
1695614400000,54.2128
1695618000000,54.1236
1695621600000,54.1954
1695625200000,54.2803
1695628800000,54.2106
1695632400000,54.1216
1695636000000,54.1749
1695639600000,54.1625
1695643200000,54.1343
1695646800000,54.2988
1695650400000,54.1491
1695654000000,54.1843
1695657600000,54.4120
1695661200000,54.4185
1695664800000,54.3334
1695668400000,54.3751
1695672000000,54.3804
1695675600000,54.3361
1695679200000,54.3963
1695682800000,54.3980
1695686400000,54.3742
1695690000000,54.6896
1695693600000,54.7135
1695697200000,54.7559
1695700800000,54.7253
1695704400000,54.7088
1695708000000,54.8568
1695711600000,54.9068
1695715200000,54.9521
1695718800000,54.8396
1695722400000,54.7727
1695726000000,54.8770
1695729600000,54.6999
1695733200000,54.6937
1695736800000,54.6350
1695740400000,54.4598
1695744000000,54.6584
1695747600000,54.6816
1695751200000,54.5557
1695754800000,54.6429
1695758400000,54.3906
1695762000000,54.3632
1695765600000,54.4007
1695769200000,54.5664
1695772800000,54.6845
1695776400000,54.6339
1695780000000,54.5943
1695783600000,54.7374
1695787200000,54.7855
1695790800000,54.7945
1695794400000,54.7615
1695798000000,54.8036
1695801600000,54.7340
1695805200000,54.6542
1695808800000,54.6007
1695812400000,55.1439
1695816000000,55.0537
1695819600000,54.9491
1695823200000,54.3488
1695826800000,54.4369
1695830400000,54.4175
1695834000000,54.3007
1695837600000,54.3926
1695841200000,54.3032
1695844800000,54.3207
1695848400000,54.3614
1695852000000,54.4593
1695855600000,54.5678
1695859200000,54.6025
1695862800000,54.5540
1695866400000,54.4195
1695870000000,54.3600
1695873600000,54.3037
1695877200000,54.2338
1695880800000,54.3410
1695884400000,54.3403
1695888000000,54.2852
1695891600000,54.2270
1695895200000,54.2944
1695898800000,54.3534
1695902400000,54.3747
1695906000000,54.4450
1695909600000,54.7886
1695913200000,54.9513
1695916800000,54.9280
1695920400000,54.9788
1695924000000,54.6881
1695927600000,54.8529
1695931200000,54.8585
1695934800000,54.8479
1695938400000,54.8654
1695942000000,54.7995
1695945600000,54.8622
1695949200000,54.8198
1695952800000,54.5565
1695956400000,54.6745
1695960000000,54.6858
1695963600000,54.6725
1695967200000,54.8503
1695970800000,54.5031
1695974400000,54.3440
1695978000000,54.4745
1695981600000,54.4037
1695985200000,54.4169
1695988800000,54.4647
1695992400000,54.1561
1695996000000,54.1773
1695999600000,54.1508
1696003200000,54.1744
1696006800000,54.1685
1696010400000,54.3415
1696014000000,54.3751
1696017600000,54.2766
1696021200000,54.1014
1696024800000,54.1002
1696028400000,54.1721
1696032000000,54.2303
1696035600000,53.9920
1696039200000,53.9838
1696042800000,53.9567
1696046400000,54.0308
1696050000000,53.9209
1696053600000,53.9581
1696057200000,53.9128
1696060800000,53.9053
1696064400000,53.9526
1696068000000,53.9790
1696071600000,53.8413
1696075200000,53.8845
1696078800000,53.8833
1696082400000,53.9623
1696086000000,53.9834
1696089600000,54.1782
1696093200000,54.1388
1696096800000,54.1212
1696100400000,54.1389
1696104000000,54.1463
1696107600000,54.1346
1696111200000,54.1097
1696114800000,54.0283
1696118400000,54.0551
1696122000000,54.0864
1696125600000,54.1540
1696129200000,54.2368
1696132800000,54.1821
1696136400000,54.0423
1696140000000,54.2099
1696143600000,54.1386
1696147200000,54.1857
1696150800000,54.2731
1696154400000,54.3626
1696158000000,54.2459
1696161600000,54.2565
1696165200000,54.1509
1696168800000,54.1358
1696172400000,54.2373
1696176000000,54.1592
1696179600000,53.8934
1696183200000,53.9675
1696186800000,54.0095
1696190400000,54.0408
1696194000000,54.1674
1696197600000,55.0326
1696201200000,54.8605
1696204800000,54.8530
1696208400000,55.3013
1696212000000,55.1717
1696215600000,55.4916
1696219200000,55.4267
1696222800000,55.3531
1696226400000,55.5610
1696230000000,55.9776
1696233600000,55.7744
1696237200000,55.7798
1696240800000,55.7907
1696244400000,55.6694
1696248000000,55.8742
1696251600000,56.2844
1696255200000,56.0711
1696258800000,55.7838
1696262400000,55.9525
1696266000000,56.0169
1696269600000,55.9023
1696273200000,55.9518
1696276800000,55.8855
1696280400000,55.3375
1696284000000,55.4376
1696287600000,55.3118
1696291200000,55.2213
1696294800000,55.4333
1696298400000,55.4930
1696302000000,55.5995
1696305600000,55.7023
1696309200000,55.4171
1696312800000,55.5417
1696316400000,55.5643
1696320000000,55.6535
1696323600000,55.6262
1696327200000,55.7897
1696330800000,55.4631
1696334400000,55.3232
1696338000000,55.4609
1696341600000,55.2631
1696345200000,55.2065
1696348800000,55.2514
1696352400000,55.2288
1696356000000,55.0362
1696359600000,54.8739
1696363200000,55.0646
1696366800000,55.0912
1696370400000,55.0322
1696374000000,55.0965
1696377600000,55.0552
1696381200000,55.0564
1696384800000,55.2142
1696388400000,55.2243
1696392000000,54.9938
1696395600000,55.1406
1696399200000,55.2115
1696402800000,55.2239
1696406400000,55.3913
1696410000000,55.5051
1696413600000,55.3669
1696417200000,55.4635
1696420800000,55.5857
1696424400000,55.4836
1696428000000,55.4133
1696431600000,55.4178
1696435200000,55.6153
1696438800000,55.5903
1696442400000,55.7050
1696446000000,55.7347
1696449600000,55.8293
1696453200000,55.9280
1696456800000,55.9813
1696460400000,56.0701
1696464000000,56.0397
1696467600000,55.8905
1696471200000,55.8685
1696474800000,55.7999
1696478400000,55.8422
1696482000000,55.8648
1696485600000,55.9480
1696489200000,55.8399
1696492800000,55.8988
1696496400000,55.9254
1696500000000,56.0156
1696503600000,56.0460
1696507200000,56.0406
1696510800000,56.4137
1696514400000,56.4256
1696518000000,56.0161
1696521600000,55.8473
1696525200000,55.8400
1696528800000,55.8382
1696532400000,55.8655
1696536000000,55.8647
1696539600000,55.8424
1696543200000,55.8204
1696546800000,55.8038
1696550400000,55.8885
1696554000000,55.8754
1696557600000,55.9037
1696561200000,55.9063
1696564800000,55.8683
1696568400000,55.8545
1696572000000,55.8398
1696575600000,56.0852
1696579200000,55.8766
1696582800000,56.0085
1696586400000,56.0027
1696590000000,56.1029
1696593600000,55.3525
1696597200000,55.6285
1696600800000,55.8541
1696604400000,56.3091
1696608000000,56.2550
1696611600000,56.4611
1696615200000,56.3139
1696618800000,56.4362
1696622400000,56.4567
1696626000000,56.5330
1696629600000,56.5598
1696633200000,56.4102
1696636800000,56.3994
1696640400000,56.4465
1696644000000,56.3900
1696647600000,56.4252
1696651200000,56.5305
1696654800000,56.5263
1696658400000,56.5522
1696662000000,56.5934
1696665600000,56.6842
1696669200000,56.5030
1696672800000,56.4604
1696676400000,56.4431
1696680000000,56.4730
1696683600000,56.4119
1696687200000,56.3378
1696690800000,56.4425
1696694400000,56.4056
1696698000000,56.4032
1696701600000,56.2965
1696705200000,56.3157
1696708800000,56.3711
1696712400000,56.4640
1696716000000,56.4761
1696719600000,56.5610
1696723200000,56.4950
1696726800000,56.5311
1696730400000,56.6238
1696734000000,56.6671
1696737600000,56.3867
1696741200000,56.5141
1696744800000,56.4458
1696748400000,56.4463
1696752000000,56.4721
1696755600000,56.4344
1696759200000,56.1474
1696762800000,56.2612
1696766400000,56.1827
1696770000000,56.4671
1696773600000,56.3215
1696777200000,56.3485
1696780800000,56.3095
1696784400000,56.2728
1696788000000,56.1655
1696791600000,56.2106
1696795200000,56.2819
1696798800000,56.3187
1696802400000,56.3059
1696806000000,56.2961
1696809600000,56.1956
1696813200000,56.4780
1696816800000,56.4948
1696820400000,56.3974
1696824000000,56.4447
1696827600000,56.3779
1696831200000,56.4535
1696834800000,56.3855
1696838400000,56.3584
1696842000000,56.1677
1696845600000,55.9830
1696849200000,55.7567
1696852800000,55.8284
1696856400000,55.9134
1696860000000,55.9333
1696863600000,55.7745
1696867200000,55.8796
1696870800000,56.0776
1696874400000,56.1252
1696878000000,56.0695
1696881600000,55.9533
1696885200000,56.2104
1696888800000,56.1294
1696892400000,56.0132
1696896000000,56.0385
1696899600000,56.1185
1696903200000,56.2800
1696906800000,56.1333
1696910400000,56.0825
1696914000000,56.3281
1696917600000,56.3229
1696921200000,56.4722
1696924800000,56.4851
1696928400000,56.9642
1696932000000,56.4060
1696935600000,56.1821
1696939200000,56.0491
1696942800000,56.1276
1696946400000,56.3217
1696950000000,56.4069
1696953600000,56.6310
1696957200000,56.5685
1696960800000,56.5685
1696964400000,56.5652
1696968000000,56.5726
1696971600000,56.5698
1696975200000,56.6136
1696978800000,56.4764
1696982400000,56.2258
1696986000000,56.0662
1696989600000,55.6501
1696993200000,55.3798
1696996800000,55.6966
1697000400000,55.7014
1697004000000,55.6363
1697007600000,55.5437
1697011200000,55.4890
1697014800000,55.7912
1697018400000,55.8577
1697022000000,55.7413
1697025600000,55.6109
1697029200000,55.4955
1697032800000,55.4214
1697036400000,54.8313
1697040000000,54.8350
1697043600000,54.7550
1697047200000,54.8316
1697050800000,54.8713
1697054400000,54.7931
1697058000000,54.7676
1697061600000,54.8889
1697065200000,55.0811
1697068800000,54.9270
1697072400000,54.8226
1697076000000,55.0608
1697079600000,54.9990
1697083200000,54.9202
1697086800000,55.0042
1697090400000,54.9824
1697094000000,54.9161
1697097600000,54.8582
1697101200000,54.9395
1697104800000,54.8809
1697108400000,55.3175
1697112000000,55.3546
1697115600000,55.4335
1697119200000,55.2414
1697122800000,55.2800
1697126400000,55.4683
1697130000000,55.5792
1697133600000,55.5046
1697137200000,55.6259
1697140800000,55.4513
1697144400000,55.5368
1697148000000,55.4103
1697151600000,55.3806
1697155200000,55.5171
1697158800000,55.5740
1697162400000,55.5872
1697166000000,55.4372
1697169600000,55.3836
1697173200000,55.3701
1697176800000,55.4025
1697180400000,55.5615
1697184000000,55.3558
1697187600000,55.2284
1697191200000,55.3096
1697194800000,55.3917
1697198400000,55.5927
1697202000000,55.5088
1697205600000,55.4038
1697209200000,55.4030
1697212800000,55.4022
1697216400000,55.3782
1697220000000,55.2744
1697223600000,55.3089
1697227200000,55.6326
1697230800000,55.7068
1697234400000,55.4094
1697238000000,55.4064
1697241600000,55.5030
1697245200000,55.5708
1697248800000,55.4965
1697252400000,55.6021
1697256000000,55.6220
1697259600000,55.5601
1697263200000,55.5965
1697266800000,55.6067
1697270400000,55.5141
1697274000000,55.5552
1697277600000,55.5559
1697281200000,55.5384
1697284800000,55.5469
1697288400000,55.5284
1697292000000,55.5610
1697295600000,55.5914
1697299200000,55.5254
1697302800000,55.5104
1697306400000,55.4399
1697310000000,55.3812
1697313600000,55.3424
1697317200000,55.3307
1697320800000,55.3446
1697324400000,55.3961
1697328000000,55.5666
1697331600000,55.7530
1697335200000,55.6505
1697338800000,55.6070
1697342400000,55.6282
1697346000000,55.6602
1697349600000,55.6734
1697353200000,55.6664
1697356800000,55.6447
1697360400000,55.6477
1697364000000,55.5838
1697367600000,55.5204
1697371200000,55.4706
1697374800000,56.0258
1697378400000,56.0326
1697382000000,56.1856
1697385600000,56.2564
1697389200000,56.3106
1697392800000,56.2869
1697396400000,56.3139
1697400000000,56.6060
1697403600000,56.5883
1697407200000,56.5398
1697410800000,56.6239
1697414400000,56.7118
1697418000000,56.7478
1697421600000,56.6941
1697425200000,56.8220
1697428800000,56.9221
1697432400000,57.9771
1697436000000,57.8989
1697439600000,57.9671
1697443200000,57.8549
1697446800000,57.7217
1697450400000,57.6870
1697454000000,57.6579
1697457600000,57.8594
1697461200000,58.2713
1697464800000,58.5814
1697468400000,58.3722
1697472000000,58.4774
1697475600000,58.7927
1697479200000,59.2891
1697482800000,59.1293
1697486400000,59.0417
1697490000000,59.0731
1697493600000,59.0074
1697497200000,58.9283
1697500800000,58.5661
1697504400000,58.8052
1697508000000,58.8006
1697511600000,58.5663
1697515200000,58.4145
1697518800000,58.3824
1697522400000,58.5266
1697526000000,58.8492
1697529600000,58.6972
1697533200000,58.7170
1697536800000,58.9248
1697540400000,58.7373
1697544000000,58.4280
1697547600000,58.4745
1697551200000,58.7681
1697554800000,59.0215
1697558400000,59.2403
1697562000000,59.0546
1697565600000,59.2011
1697569200000,59.3645
1697572800000,59.2479
1697576400000,59.2400
1697580000000,59.1733
1697583600000,59.0689
1697587200000,58.9989
1697590800000,58.9240
1697594400000,59.2703
1697598000000,59.4222
1697601600000,59.8095
1697605200000,59.7852
1697608800000,59.5040
1697612400000,59.0878
1697616000000,59.2000
1697619600000,58.7135
1697623200000,58.7855
1697626800000,58.6665
1697630400000,58.5833
1697634000000,58.6046
1697637600000,58.3861
1697641200000,58.5455
1697644800000,58.7628
1697648400000,58.6452
1697652000000,58.5257
1697655600000,58.5356
1697659200000,58.4544
1697662800000,58.6159
1697666400000,58.6769
1697670000000,58.5325
1697673600000,58.6991
1697677200000,58.6233
1697680800000,58.4689
1697684400000,58.6510
1697688000000,58.7505
1697691600000,58.7669
1697695200000,58.8210
1697698800000,58.8947
1697702400000,58.9618
1697706000000,59.0513
1697709600000,59.2656
1697713200000,59.1351
1697716800000,59.2900
1697720400000,59.2191
1697724000000,59.4493
1697727600000,59.2544
1697731200000,59.1214
1697734800000,59.0459
1697738400000,59.2520
1697742000000,59.2080
1697745600000,59.1470
1697749200000,59.0033
1697752800000,59.1053
1697756400000,59.3528
1697760000000,59.2458
1697763600000,59.2359
1697767200000,59.4082
1697770800000,59.9717
1697774400000,60.2608
1697778000000,60.0472
1697781600000,60.2291
1697785200000,60.0128
1697788800000,60.5026
1697792400000,60.5699
1697796000000,60.4919
1697799600000,60.4885
1697803200000,59.9761
1697806800000,60.2904
1697810400000,60.1556
1697814000000,59.9488
1697817600000,59.8225
1697821200000,59.7797
1697824800000,59.7847
1697828400000,59.9499
1697832000000,60.0377
1697835600000,59.9783
1697839200000,60.0278
1697842800000,60.0405
1697846400000,59.9595
1697850000000,59.8494
1697853600000,59.8997
1697857200000,60.1485
1697860800000,59.9909
1697864400000,60.0432
1697868000000,60.2186
1697871600000,60.1651
1697875200000,60.0879
1697878800000,60.5050
1697882400000,60.3812
1697886000000,60.4058
1697889600000,60.3114
1697893200000,60.1657
1697896800000,60.2556
1697900400000,60.2337
1697904000000,60.1657
1697907600000,60.4498
1697911200000,60.7623
1697914800000,60.5997
1697918400000,60.4288
1697922000000,60.5483
1697925600000,60.3981
1697929200000,60.1547
1697932800000,60.2305
1697936400000,60.1939
1697940000000,60.1073
1697943600000,60.1253
1697947200000,60.2798
1697950800000,60.5185
1697954400000,60.2889
1697958000000,59.9719
1697961600000,59.9935
1697965200000,60.0669
1697968800000,60.0629
1697972400000,60.0963
1697976000000,60.0897
1697979600000,60.1374
1697983200000,60.1027
1697986800000,60.1095
1697990400000,60.1302
1697994000000,60.2484
1697997600000,60.1973
1698001200000,60.0792
1698004800000,60.0185
1698008400000,59.7929
1698012000000,60.0484
1698015600000,60.0358
1698019200000,60.0561
1698022800000,60.5095
1698026400000,60.7607
1698030000000,61.3812
1698033600000,61.1197
1698037200000,61.4216
1698040800000,61.1751
1698044400000,60.9532
1698048000000,61.2897
1698051600000,61.0224
1698055200000,61.1333
1698058800000,61.3158
1698062400000,61.2676
1698066000000,61.1324
1698069600000,61.2770
1698073200000,61.5319
1698076800000,62.0640
1698080400000,61.6711
1698084000000,61.6839
1698087600000,62.0074
1698091200000,62.2177
1698094800000,62.6528
1698098400000,64.7872
1698102000000,64.7869
1698105600000,65.7838
1698109200000,66.2915
1698112800000,66.5103
1698116400000,65.3622
1698120000000,65.6004
1698123600000,64.5702
1698127200000,64.6008
1698130800000,64.6208
1698134400000,64.8433
1698138000000,65.1600
1698141600000,65.3353
1698145200000,65.2982
1698148800000,65.6126
1698152400000,65.3081
1698156000000,65.3615
1698159600000,64.1841
1698163200000,64.6368
1698166800000,64.6045
1698170400000,64.7950
1698174000000,64.7895
1698177600000,64.5239
1698181200000,65.0019
1698184800000,65.1390
1698188400000,64.6596
1698192000000,65.0449
1698195600000,65.2128
1698199200000,65.1979
1698202800000,65.0863
1698206400000,65.3321
1698210000000,65.1595
1698213600000,65.1763
1698217200000,64.9417
1698220800000,64.9542
1698224400000,65.1283
1698228000000,65.2120
1698231600000,64.9076
1698235200000,65.1236
1698238800000,65.2729
1698242400000,65.5622
1698246000000,65.9023
1698249600000,65.2688
1698253200000,65.4300
1698256800000,65.3515
1698260400000,65.3156
1698264000000,65.1582
1698267600000,65.0410
1698271200000,64.9035
1698274800000,64.7868
1698278400000,65.1337
1698282000000,65.2459
1698285600000,65.4310
1698289200000,65.2407
1698292800000,65.2730
1698296400000,64.7765
1698300000000,64.6356
1698303600000,64.2154
1698307200000,64.3466
1698310800000,63.9119
1698314400000,63.9564
1698318000000,64.0694
1698321600000,64.2521
1698325200000,64.2884
1698328800000,64.2947
1698332400000,64.1380
1698336000000,63.9136
1698339600000,63.9228
1698343200000,64.0403
1698346800000,64.0384
1698350400000,64.2168
1698354000000,64.0452
1698357600000,64.1823
1698361200000,64.0470
1698364800000,63.9136
1698368400000,63.6343
1698372000000,64.1140
1698375600000,64.3174
1698379200000,64.2586
1698382800000,64.5606
1698386400000,64.8368
1698390000000,64.4840
1698393600000,64.7190
1698397200000,64.7475
1698400800000,65.0731
1698404400000,65.4755
1698408000000,65.3909
1698411600000,65.7009
1698415200000,64.8622
1698418800000,65.0341
1698422400000,64.9086
1698426000000,64.4230
1698429600000,64.2168
1698433200000,64.4254
1698436800000,64.4080
1698440400000,64.5909
1698444000000,64.4039
1698447600000,64.5307
1698451200000,64.8407
1698454800000,64.9680
1698458400000,65.1690
1698462000000,65.1416
1698465600000,65.2393
1698469200000,65.1652
1698472800000,65.0559
1698476400000,65.2307
1698480000000,65.1292
1698483600000,65.1401
1698487200000,65.2000
1698490800000,65.2884
1698494400000,64.9479
1698498000000,65.2543
1698501600000,65.0755
1698505200000,65.2535
1698508800000,65.1974
1698512400000,65.2189
1698516000000,65.1815
1698519600000,65.2133
1698523200000,65.3178
1698526800000,65.3533
1698530400000,65.2513
1698534000000,65.2568
1698537600000,65.1420
1698541200000,64.9834
1698544800000,64.9455
1698548400000,64.8407
1698552000000,64.9370
1698555600000,65.1038
1698559200000,65.0910
1698562800000,65.0763
1698566400000,65.2045
1698570000000,65.2103
1698573600000,65.1510
1698577200000,65.2306
1698580800000,65.3512
1698584400000,65.4335
1698588000000,65.5859
1698591600000,65.5364
1698595200000,65.4212
1698598800000,65.6913
1698602400000,65.8728
1698606000000,65.7463
1698609600000,65.7147
1698613200000,65.6196
1698616800000,65.8352
1698620400000,65.6987
1698624000000,65.5581
1698627600000,65.6392
1698631200000,65.4980
1698634800000,65.3314
1698638400000,65.3696
1698642000000,65.3613
1698645600000,65.2935
1698649200000,65.1821
1698652800000,64.9936
1698656400000,65.2534
1698660000000,65.3466
1698663600000,65.5036
1698667200000,65.5593
1698670800000,65.5310
1698674400000,65.3803
1698678000000,65.4887
1698681600000,65.3182
1698685200000,65.2678
1698688800000,65.3060
1698692400000,65.6170
1698696000000,65.6239
1698699600000,65.5825
1698703200000,65.4283
1698706800000,65.4243
1698710400000,65.4773
1698714000000,65.4833
1698717600000,65.2360
1698721200000,65.0669
1698724800000,65.1454
1698728400000,65.1522
1698732000000,65.1421
1698735600000,64.9902
1698739200000,65.3765
1698742800000,65.3888
1698746400000,65.4453
1698750000000,65.4562
1698753600000,65.2504
1698757200000,65.0236
1698760800000,65.0510
1698764400000,64.8292
1698768000000,65.0027
1698771600000,64.8947
1698775200000,64.9567
1698778800000,64.9736
1698782400000,65.1124
1698786000000,64.9340
1698789600000,65.1589
1698793200000,65.1207
1698796800000,64.8727
1698800400000,64.9056
1698804000000,64.8340
1698807600000,64.7512
1698811200000,64.7561
1698814800000,64.7450
1698818400000,64.7633
1698822000000,64.7483
1698825600000,64.7423
1698829200000,64.8559
1698832800000,64.7118
1698836400000,64.8446
1698840000000,65.1886
1698843600000,64.9997
1698847200000,64.4962
1698850800000,64.5729
1698854400000,64.8453
1698858000000,64.7777
1698861600000,64.8496
1698865200000,64.4826
1698868800000,65.6733
1698872400000,65.8417
1698876000000,65.4726
1698879600000,65.7580
1698883200000,66.0505
1698886800000,66.1494
1698890400000,66.3313
1698894000000,66.2553
1698897600000,66.0423
1698901200000,65.8089
1698904800000,65.9920
1698908400000,66.3253
1698912000000,66.5613
1698915600000,66.6718
1698919200000,66.6095
1698922800000,66.8724
1698926400000,66.9012
1698930000000,66.5261
1698933600000,66.6628
1698937200000,66.1894
1698940800000,66.3948
1698944400000,66.7314
1698948000000,66.8893
1698951600000,67.0861
1698955200000,66.9462
1698958800000,67.1030
1698962400000,66.8392
1698966000000,67.2160
1698969600000,66.3904
1698973200000,66.5414
1698976800000,66.5198
1698980400000,66.4560
1698984000000,65.9434
1698987600000,66.3054
1698991200000,66.3927
1698994800000,66.0756
1698998400000,65.8723
1699002000000,65.6575
1699005600000,65.6397
1699009200000,65.5721
1699012800000,65.7049
1699016400000,65.8457
1699020000000,66.0013
1699023600000,66.0547
1699027200000,65.7234
1699030800000,65.4518
1699034400000,65.4877
1699038000000,65.5682
1699041600000,65.4403
1699045200000,65.5284
1699048800000,65.5312
1699052400000,65.6005
1699056000000,65.5687
1699059600000,65.7237
1699063200000,65.6743
1699066800000,65.7500
1699070400000,65.6876
1699074000000,65.9360
1699077600000,65.9816
1699081200000,65.9929
1699084800000,66.4768
1699088400000,66.3335
1699092000000,66.4849
1699095600000,66.3985
1699099200000,66.6027
1699102800000,66.6991
1699106400000,66.7176
1699110000000,66.6225
1699113600000,66.6203
1699117200000,66.9540
1699120800000,66.9291
1699124400000,66.8524
1699128000000,66.8285
1699131600000,66.8078
1699135200000,67.2208
1699138800000,66.9841
1699142400000,67.1865
1699146000000,67.6256
1699149600000,67.5276
1699153200000,67.6191
1699156800000,67.4063
1699160400000,67.5231
1699164000000,67.4855
1699167600000,67.9287
1699171200000,67.9068
1699174800000,67.8664
1699178400000,68.1383
1699182000000,68.0443
1699185600000,67.9316
1699189200000,67.2750
1699192800000,67.4583
1699196400000,67.4947
1699200000000,67.7504
1699203600000,67.3827
1699207200000,67.6998
1699210800000,67.8316
1699214400000,67.9743
1699218000000,67.5857
1699221600000,68.0662
1699225200000,67.8779
1699228800000,68.0998
1699232400000,67.8010
1699236000000,67.8009
1699239600000,67.8879
1699243200000,67.6869
1699246800000,67.8622
1699250400000,67.9553
1699254000000,68.1428
1699257600000,68.0179
1699261200000,68.1313
1699264800000,68.1114
1699268400000,68.2750
1699272000000,68.3797
1699275600000,68.8586
1699279200000,69.6631
1699282800000,69.3133
1699286400000,69.2084
1699290000000,69.1403
1699293600000,69.2983
1699297200000,69.6145
1699300800000,69.7844
1699304400000,69.9818
1699308000000,69.9753
1699311600000,69.9742
1699315200000,69.4043
1699318800000,69.2790
1699322400000,69.1335
1699326000000,69.3376
1699329600000,69.2545
1699333200000,69.3979
1699336800000,69.4899
1699340400000,69.2149
1699344000000,69.2165
1699347600000,69.0336
1699351200000,68.5176
1699354800000,68.5612
1699358400000,68.7312
1699362000000,68.6152
1699365600000,68.5790
1699369200000,68.3279
1699372800000,68.1559
1699376400000,68.2646
1699380000000,69.0670
1699383600000,69.2478
1699387200000,69.4847
1699390800000,69.2554
1699394400000,69.0221
1699398000000,69.0565
1699401600000,69.0756
1699405200000,69.0655
1699408800000,68.8828
1699412400000,68.8560
1699416000000,68.8124
1699419600000,68.8772
1699423200000,69.1584
1699426800000,69.0211
1699430400000,68.9873
1699434000000,68.9899
1699437600000,69.1621
1699441200000,69.1582
1699444800000,69.0315
1699448400000,69.0551
1699452000000,68.7717
1699455600000,68.6445
1699459200000,68.9764
1699462800000,68.7888
1699466400000,69.0957
1699470000000,69.1725
1699473600000,69.2373
1699477200000,69.2512
1699480800000,69.5123
1699484400000,69.4059
1699488000000,69.6186
1699491600000,69.6256
1699495200000,70.2275
1699498800000,70.3975
1699502400000,70.8670
1699506000000,70.4421
1699509600000,70.7956
1699513200000,70.4549
1699516800000,70.9358
1699520400000,70.9361
1699524000000,70.6461
1699527600000,70.5791
1699531200000,70.5602
1699534800000,70.8307
1699538400000,70.9445
1699542000000,68.2312
1699545600000,66.6628
1699549200000,67.0054
1699552800000,66.6198
1699556400000,66.3340
1699560000000,66.2310
1699563600000,65.7872
1699567200000,65.2649
1699570800000,65.4183
1699574400000,65.8045
1699578000000,66.3061
1699581600000,66.6627
1699585200000,66.2279
1699588800000,66.1885
1699592400000,66.3555
1699596000000,65.8753
1699599600000,65.5632
1699603200000,65.9171
1699606800000,66.0571
1699610400000,66.6046
1699614000000,66.8326
1699617600000,67.1119
1699621200000,66.6541
1699624800000,66.5345
1699628400000,66.3963
1699632000000,66.8079
1699635600000,66.6409
1699639200000,66.6184
1699642800000,66.8018
1699646400000,66.9880
1699650000000,66.9730
1699653600000,67.2759
1699657200000,67.2521
1699660800000,67.1887
1699664400000,67.1814
1699668000000,67.4834
1699671600000,67.1545
1699675200000,67.0888
1699678800000,67.0817
1699682400000,67.1008
1699686000000,67.0079
1699689600000,67.0369
1699693200000,67.0110
1699696800000,66.9854
1699700400000,66.9165
1699704000000,67.2028
1699707600000,67.3382
1699711200000,67.4032
1699714800000,67.5641
1699718400000,67.5431
1699722000000,67.5723
1699725600000,67.4627
1699729200000,67.6740
1699732800000,67.6368
1699736400000,67.6819
1699740000000,67.5705
1699743600000,67.7599
1699747200000,67.0059
1699750800000,67.2666
1699754400000,67.0158
1699758000000,67.0360
1699761600000,67.0301
1699765200000,67.2691
1699768800000,67.4429
1699772400000,67.4584
1699776000000,67.3819
1699779600000,67.2870
1699783200000,67.3043
1699786800000,67.3281
1699790400000,67.1985
1699794000000,67.1489
1699797600000,67.1697
1699801200000,67.0690
1699804800000,67.1278
1699808400000,67.0805
1699812000000,67.1632
1699815600000,67.1143
1699819200000,67.1408
1699822800000,67.0980
1699826400000,66.9974
1699830000000,67.0751
1699833600000,67.0537
1699837200000,67.1837
1699840800000,66.9470
1699844400000,66.6218
1699848000000,66.4580
1699851600000,66.6414
1699855200000,66.6723
1699858800000,66.5049
1699862400000,66.4504
1699866000000,66.4953
1699869600000,66.5293
1699873200000,66.1786
1699876800000,66.2893
1699880400000,66.1038
1699884000000,65.6065
1699887600000,65.1325
1699891200000,65.3906
1699894800000,65.0700
1699898400000,64.9696
1699902000000,65.0742
1699905600000,65.1680
1699909200000,64.7932
1699912800000,64.7242
1699916400000,64.7698
1699920000000,64.6267
1699923600000,64.8771
1699927200000,64.9131
1699930800000,64.9593
1699934400000,65.1425
1699938000000,65.2777
1699941600000,65.4237
1699945200000,65.5325
1699948800000,65.9664
1699952400000,65.7355
1699956000000,66.1499
1699959600000,65.7404
1699963200000,65.7314
1699966800000,65.8572
1699970400000,66.1467
1699974000000,65.3653
1699977600000,65.5597
1699981200000,65.4393
1699984800000,64.6240
1699988400000,64.9141
1699992000000,64.8984
1699995600000,65.5875
1699999200000,65.6145
1700002800000,65.7110
1700006400000,65.8107
1700010000000,65.9913
1700013600000,66.2714
1700017200000,66.1039
1700020800000,66.3321
1700024400000,66.2896
1700028000000,66.5180
1700031600000,66.2725
1700035200000,66.5058
1700038800000,66.3282
1700042400000,66.4183
1700046000000,66.7019
1700049600000,67.3285
1700053200000,67.8027
1700056800000,67.4698
1700060400000,67.7853
1700064000000,67.9336
1700067600000,67.9541
1700071200000,68.9441
1700074800000,68.6104
1700078400000,68.6560
1700082000000,68.5905
1700085600000,68.8107
1700089200000,69.0477
1700092800000,68.5328
1700096400000,68.3234
1700100000000,68.4110
1700103600000,68.5438
1700107200000,68.3746
1700110800000,68.4853
1700114400000,68.6586
1700118000000,68.8307
1700121600000,68.4023
1700125200000,68.4137
1700128800000,68.3209
1700132400000,67.5560
1700136000000,67.7165
1700139600000,67.1927
1700143200000,67.4460
1700146800000,67.2826
1700150400000,67.3837
1700154000000,67.0381
1700157600000,67.0003
1700161200000,66.7681
1700164800000,66.6295
1700168400000,66.5893
1700172000000,67.0355
1700175600000,67.0815
1700179200000,67.2843
1700182800000,67.5273
1700186400000,67.3036
1700190000000,67.3153
1700193600000,67.2420
1700197200000,67.4917
1700200800000,67.2672
1700204400000,67.3288
1700208000000,67.5166
1700211600000,67.5612
1700215200000,67.5353
1700218800000,67.5823
1700222400000,67.7744
1700226000000,67.6784
1700229600000,67.3362
1700233200000,67.2970
1700236800000,67.5679
1700240400000,68.3193
1700244000000,68.2192
1700247600000,68.0144
1700251200000,68.0831
1700254800000,67.9383
1700258400000,67.9763
1700262000000,68.1559
1700265600000,67.7989
1700269200000,67.9458
1700272800000,67.9291
1700276400000,67.6726
1700280000000,67.8418
1700283600000,67.7073
1700287200000,67.5260
1700290800000,67.9473
1700294400000,68.0770
1700298000000,67.9197
1700301600000,68.0974
1700305200000,68.1472
1700308800000,68.0826
1700312400000,67.9323
1700316000000,68.2349
1700319600000,68.3338
1700323200000,67.9727
1700326800000,67.9157
1700330400000,68.0907
1700334000000,68.2001
1700337600000,67.9421
1700341200000,67.9410
1700344800000,67.9647
1700348400000,68.0273
1700352000000,67.8200
1700355600000,67.8444
1700359200000,67.9444
1700362800000,68.0226
1700366400000,68.0758
1700370000000,67.8967
1700373600000,67.9029
1700377200000,67.9841
1700380800000,68.1605
1700384400000,68.0465
1700388000000,67.7697
1700391600000,67.8291
1700395200000,67.8942
1700398800000,67.7697
1700402400000,67.7542
1700406000000,67.6787
1700409600000,67.6380
1700413200000,67.6878
1700416800000,68.0622
1700420400000,68.1764
1700424000000,67.9857
1700427600000,68.2315
1700431200000,68.0707
1700434800000,68.1443
1700438400000,68.1882
1700442000000,68.3141
1700445600000,68.3689
1700449200000,68.1830
1700452800000,68.1428
1700456400000,68.0117
1700460000000,68.0740
1700463600000,67.9676
1700467200000,67.8461
1700470800000,67.5919
1700474400000,67.7072
1700478000000,67.7375
1700481600000,67.7394
1700485200000,67.5965
1700488800000,67.7799
1700492400000,67.8381
1700496000000,67.9784
1700499600000,70.1444
1700503200000,69.6691
1700506800000,69.9944
1700510400000,69.8392
1700514000000,69.1218
1700517600000,69.4793
1700521200000,69.3408
1700524800000,70.6832
1700528400000,71.8276
1700532000000,71.2653
1700535600000,71.3502
1700539200000,71.3489
1700542800000,70.4050
1700546400000,70.7019
1700550000000,70.4290
1700553600000,70.9619
1700557200000,70.5856
1700560800000,70.9609
1700564400000,70.5394
1700568000000,70.5160
1700571600000,70.0290
1700575200000,69.7035
1700578800000,71.8334
1700582400000,70.5777
1700586000000,67.7966
1700589600000,66.9652
1700593200000,67.0490
1700596800000,67.2072
1700600400000,66.5020
1700604000000,64.3500
1700607600000,63.8325
1700611200000,64.6595
1700614800000,64.1138
1700618400000,64.8978
1700622000000,65.2694
1700625600000,65.7499
1700629200000,65.1647
1700632800000,65.2751
1700636400000,64.6888
1700640000000,65.2657
1700643600000,65.3235
1700647200000,64.7110
1700650800000,64.3620
1700654400000,64.2252
1700658000000,64.0310
1700661600000,63.5517
1700665200000,63.4453
1700668800000,63.2779
1700672400000,63.7730
1700676000000,64.3083
1700679600000,64.1271
1700683200000,64.9838
1700686800000,64.8410
1700690400000,64.8541
1700694000000,64.8064
1700697600000,64.9089
1700701200000,65.0492
1700704800000,64.9164
1700708400000,64.6156
1700712000000,64.6594
1700715600000,64.4163
1700719200000,64.4124
1700722800000,64.5092
1700726400000,64.3486
1700730000000,64.4495
1700733600000,64.4694
1700737200000,64.0926
1700740800000,64.0574
1700744400000,63.9368
1700748000000,63.7993
1700751600000,63.6201
1700755200000,63.7914
1700758800000,63.7777
1700762400000,64.0564
1700766000000,64.1764
1700769600000,64.0593
1700773200000,63.9708
1700776800000,64.1607
1700780400000,64.2146
1700784000000,64.2465
1700787600000,64.4939
1700791200000,64.4040
1700794800000,64.4128
1700798400000,64.4636
1700802000000,64.4060
1700805600000,64.3774
1700809200000,64.4306
1700812800000,64.0459
1700816400000,63.9351
1700820000000,63.7956
1700823600000,64.2700
1700827200000,64.0793
1700830800000,63.9284
1700834400000,63.7476
1700838000000,64.4191
1700841600000,63.8170
1700845200000,63.8869
1700848800000,63.7643
1700852400000,63.9987
1700856000000,64.1124
1700859600000,64.0462
1700863200000,64.2145
1700866800000,64.0896
1700870400000,64.4987
1700874000000,64.5804
1700877600000,64.6260
1700881200000,64.4001
1700884800000,64.4047
1700888400000,64.4559
1700892000000,64.5532
1700895600000,64.6301
1700899200000,64.5113
1700902800000,64.3847
1700906400000,64.3294
1700910000000,64.3406
1700913600000,64.4279
1700917200000,64.3726
1700920800000,64.3002
1700924400000,64.3370
1700928000000,64.2819
1700931600000,64.4407
1700935200000,64.3573
1700938800000,64.2971
1700942400000,64.3069
1700946000000,64.2777
1700949600000,64.2261
1700953200000,64.4871
1700956800000,64.2868
1700960400000,64.3012
1700964000000,64.3735
1700967600000,64.2514
1700971200000,64.2639
1700974800000,64.3712
1700978400000,64.2722
1700982000000,64.2525
1700985600000,64.1292
1700989200000,64.2106
1700992800000,64.1399
1700996400000,64.1009
1701000000000,64.0551
1701003600000,63.8531
1701007200000,63.8166
1701010800000,63.8130
1701014400000,63.5994
1701018000000,63.8031
1701021600000,63.7283
1701025200000,63.9632
1701028800000,63.8670
1701032400000,63.9726
1701036000000,64.0444
1701039600000,63.9682
1701043200000,64.0739
1701046800000,63.8572
1701050400000,63.7626
1701054000000,63.5413
1701057600000,63.6367
1701061200000,63.5884
1701064800000,63.6765
1701068400000,63.5358
1701072000000,63.5242
1701075600000,63.6340
1701079200000,63.4329
1701082800000,63.0632
1701086400000,63.2040
1701090000000,63.2383
1701093600000,62.8108
1701097200000,62.5936
1701100800000,63.4459
1701104400000,63.2856
1701108000000,63.2565
1701111600000,63.3244
1701115200000,63.0406
1701118800000,63.3269
1701122400000,63.3882
1701126000000,63.5768
1701129600000,63.5979
1701133200000,63.4360
1701136800000,63.4538
1701140400000,63.3260
1701144000000,63.1232
1701147600000,63.2845
1701151200000,63.5031
1701154800000,63.4271
1701158400000,63.3689
1701162000000,63.7091
1701165600000,63.7118
1701169200000,63.9370
1701172800000,63.8916
1701176400000,64.1967
1701180000000,64.1614
1701183600000,64.2772
1701187200000,64.4680
1701190800000,64.6689
1701194400000,64.4550
1701198000000,64.6399
1701201600000,64.8130
1701205200000,64.4777
1701208800000,64.3704
1701212400000,64.3588
1701216000000,64.5122
1701219600000,64.5427
1701223200000,64.4548
1701226800000,64.3546
1701230400000,64.4407
1701234000000,64.4945
1701237600000,64.6683
1701241200000,64.5434
1701244800000,64.8127
1701248400000,64.7518
1701252000000,64.3949
1701255600000,64.5600
1701259200000,64.5048
1701262800000,64.2964
1701266400000,64.1835
1701270000000,64.3447
1701273600000,64.2515
1701277200000,64.2240
1701280800000,64.2495
1701284400000,64.2081
1701288000000,64.1540
1701291600000,64.1623
1701295200000,64.3133
1701298800000,64.3829
1701302400000,64.2764
1701306000000,64.1438
1701309600000,64.2631
1701313200000,64.6784
1701316800000,64.6376
1701320400000,64.4029
1701324000000,64.4419
1701327600000,64.2181
1701331200000,64.1811
1701334800000,64.2356
1701338400000,64.2004
1701342000000,64.3622
1701345600000,64.3364
1701349200000,64.1574
1701352800000,64.1507
1701356400000,63.8394
1701360000000,63.9284
1701363600000,63.9948
1701367200000,64.0265
1701370800000,63.9378
1701374400000,63.8860
1701378000000,63.9101
1701381600000,63.8179
1701385200000,63.7136
1701388800000,63.6464
1701392400000,63.3405
1701396000000,63.5001
1701399600000,63.4877
1701403200000,63.7544
1701406800000,63.6345
1701410400000,63.5804
1701414000000,63.6573
1701417600000,63.6749
1701421200000,64.2212
1701424800000,64.1673
1701428400000,64.1421
1701432000000,63.7516
1701435600000,63.9409
1701439200000,63.9808
1701442800000,64.1020
1701446400000,64.0855
1701450000000,64.2281
1701453600000,64.2149
1701457200000,64.4104
1701460800000,64.4016
1701464400000,64.4178
1701468000000,64.3390
1701471600000,64.3327
1701475200000,64.2353
1701478800000,64.2028
1701482400000,64.4934
1701486000000,64.4776
1701489600000,64.4411
1701493200000,64.3192
1701496800000,64.2649
1701500400000,64.1054
1701504000000,64.0803
1701507600000,64.0954
1701511200000,63.9189
1701514800000,63.8237
1701518400000,63.8251
1701522000000,63.9169
1701525600000,63.8466
1701529200000,63.8406
1701532800000,63.8963
1701536400000,63.9932
1701540000000,63.0617
1701543600000,63.6751
1701547200000,64.0978
1701550800000,63.8655
1701554400000,63.5377
1701558000000,63.5928
1701561600000,64.1996
1701565200000,63.6974
1701568800000,63.5577
1701572400000,63.4449
1701576000000,63.3471
1701579600000,63.3549
1701583200000,63.4557
1701586800000,63.4390
1701590400000,63.3715
1701594000000,63.5890
1701597600000,63.6642
1701601200000,63.5286
1701604800000,63.3514
1701608400000,63.4926
1701612000000,63.5594
1701615600000,63.6617
1701619200000,63.6209
1701622800000,63.3813
1701626400000,63.3532
1701630000000,63.2312
1701633600000,63.1841
1701637200000,63.1118
1701640800000,63.3507
1701644400000,63.4163
1701648000000,63.5714
1701651600000,64.0106
1701655200000,64.1477
1701658800000,64.1042
1701662400000,64.1689
1701666000000,64.4756
1701669600000,65.0761
1701673200000,64.8980
1701676800000,65.2889
1701680400000,65.3874
1701684000000,65.8549
1701687600000,64.8477
1701691200000,65.0453
1701694800000,64.7773
1701698400000,64.9976
1701702000000,65.0566
1701705600000,65.4818
1701709200000,65.5122
1701712800000,65.6603
1701716400000,65.9338
1701720000000,65.5989
1701723600000,65.8884
1701727200000,66.0178
1701730800000,66.0435
1701734400000,65.9346
1701738000000,65.7110
1701741600000,65.6245
1701745200000,66.0046
1701748800000,65.9439
1701752400000,65.9092
1701756000000,65.5388
1701759600000,65.5923
1701763200000,65.6770
1701766800000,65.6991
1701770400000,65.6911
1701774000000,65.8949
1701777600000,66.0223
1701781200000,66.1054
1701784800000,66.3680
1701788400000,66.2620
1701792000000,66.8411
1701795600000,66.5739
1701799200000,67.1154
1701802800000,67.2773
1701806400000,67.2752
1701810000000,67.2388
1701813600000,67.5405
1701817200000,67.5408
1701820800000,67.3664
1701824400000,67.1982
1701828000000,67.3867
1701831600000,67.3973
1701835200000,67.3872
1701838800000,67.2706
1701842400000,67.3935
1701846000000,68.0164
1701849600000,67.8978
1701853200000,68.0414
1701856800000,68.0029
1701860400000,67.7934
1701864000000,67.9142
1701867600000,67.9800
1701871200000,67.8675
1701874800000,67.7086
1701878400000,67.5317
1701882000000,67.7802
1701885600000,67.6217
1701889200000,67.8992
1701892800000,67.6820
1701896400000,68.0648
1701900000000,68.0688
1701903600000,67.9798
1701907200000,68.1369
1701910800000,68.2453
1701914400000,68.4107
1701918000000,68.5220
1701921600000,68.3370
1701925200000,68.4390
1701928800000,68.2737
1701932400000,68.1556
1701936000000,67.7410
1701939600000,67.5018
1701943200000,67.3597
1701946800000,67.4279
1701950400000,67.4450
1701954000000,67.3157
1701957600000,67.2630
1701961200000,66.6420
1701964800000,66.3867
1701968400000,66.1827
1701972000000,65.7357
1701975600000,65.3819
1701979200000,65.4359
1701982800000,65.2979
1701986400000,65.3196
1701990000000,65.4327
1701993600000,65.6762
1701997200000,65.5962
1702000800000,65.4138
1702004400000,65.7393
1702008000000,66.0776
1702011600000,65.7663
1702015200000,65.5561
1702018800000,65.4613
1702022400000,65.6992
1702026000000,65.7910
1702029600000,65.9267
1702033200000,66.0760
1702036800000,66.2758
1702040400000,66.3982
1702044000000,66.7472
1702047600000,66.7365
1702051200000,66.7806
1702054800000,66.7673
1702058400000,67.1947
1702062000000,67.3995
1702065600000,67.8402
1702069200000,68.0757
1702072800000,67.6070
1702076400000,67.7470
1702080000000,68.0394
1702083600000,68.2557
1702087200000,68.3655
1702090800000,68.7147
1702094400000,68.5675
1702098000000,68.8747
1702101600000,68.7782
1702105200000,68.3061
1702108800000,67.7261
1702112400000,67.7565
1702116000000,67.9957
1702119600000,68.1539
1702123200000,68.1532
1702126800000,68.1786
1702130400000,67.9509
1702134000000,67.9059
1702137600000,67.8976
1702141200000,67.4713
1702144800000,67.6650
1702148400000,67.6655
1702152000000,67.7215
1702155600000,67.7248
1702159200000,67.5988
1702162800000,67.3666
1702166400000,67.4987
1702170000000,67.7428
1702173600000,67.6606
1702177200000,67.9077
1702180800000,67.9384
1702184400000,67.8685
1702188000000,68.1261
1702191600000,67.9853
1702195200000,67.8363
1702198800000,67.4624
1702202400000,67.7558
1702206000000,67.6075
1702209600000,67.8184
1702213200000,67.8311
1702216800000,67.9428
1702220400000,67.8281
1702224000000,67.7380
1702227600000,67.6619
1702231200000,67.5695
1702234800000,67.6634
1702238400000,67.5370
1702242000000,67.4410
1702245600000,67.4221
1702249200000,67.6469
1702252800000,67.5951
1702256400000,67.4743
1702260000000,66.4662
1702263600000,66.7445
1702267200000,66.6675
1702270800000,66.6049
1702274400000,66.7617
1702278000000,66.6994
1702281600000,66.8773
1702285200000,67.0465
1702288800000,67.3000
1702292400000,67.4268
1702296000000,68.8245
1702299600000,69.4023
1702303200000,68.7543
1702306800000,69.2690
1702310400000,69.7784
1702314000000,68.7685
1702317600000,68.1387
1702321200000,67.8713
1702324800000,68.2117
1702328400000,68.2700
1702332000000,68.7044
1702335600000,68.9730
1702339200000,69.9618
1702342800000,70.2810
1702346400000,70.7488
1702350000000,70.7488
1702353600000,70.3220
1702357200000,70.2841
1702360800000,70.1664
1702364400000,70.2314
1702368000000,70.2081
1702371600000,70.1772
1702375200000,70.2227
1702378800000,70.3566
1702382400000,70.5643
1702386000000,70.9402
1702389600000,71.1937
1702393200000,71.1880
1702396800000,71.2292
1702400400000,70.1098
1702404000000,71.2312
1702407600000,71.5055
1702411200000,71.3962
1702414800000,71.5572
1702418400000,71.3337
1702422000000,71.2249
1702425600000,70.7057
1702429200000,70.3307
1702432800000,70.3201
1702436400000,69.6322
1702440000000,69.6507
1702443600000,69.8588
1702447200000,69.8437
1702450800000,70.1455
1702454400000,70.4622
1702458000000,70.8238
1702461600000,70.8075
1702465200000,70.3478
1702468800000,70.4680
1702472400000,70.5250
1702476000000,70.4599
1702479600000,70.8291
1702483200000,70.9662
1702486800000,71.2516
1702490400000,70.9158
1702494000000,71.3640
1702497600000,71.4634
1702501200000,71.6374
1702504800000,71.4658
1702508400000,71.0896
1702512000000,71.2176
1702515600000,70.6613
1702519200000,70.6841
1702522800000,70.4295
1702526400000,70.5894
1702530000000,70.4866
1702533600000,70.3925
1702537200000,70.4198
1702540800000,70.4761
1702544400000,70.7280
1702548000000,70.6594
1702551600000,70.5282
1702555200000,70.5112
1702558800000,70.2454
1702562400000,69.9327
1702566000000,70.1150
1702569600000,70.1699
1702573200000,70.5310
1702576800000,70.4714
1702580400000,70.6033
1702584000000,70.4917
1702587600000,70.4647
1702591200000,70.4388
1702594800000,70.2932
1702598400000,70.1741
1702602000000,70.3219
1702605600000,70.4972
1702609200000,70.3500
1702612800000,70.3325
1702616400000,70.2447
1702620000000,70.4016
1702623600000,70.0419
1702627200000,70.3182
1702630800000,70.1681
1702634400000,70.3753
1702638000000,70.2424
1702641600000,70.1489
1702645200000,69.6814
1702648800000,69.6452
1702652400000,69.4128
1702656000000,69.1136
1702659600000,69.4031
1702663200000,69.7214
1702666800000,69.4808
1702670400000,69.5807
1702674000000,69.6715
1702677600000,69.4932
1702681200000,69.4654
1702684800000,69.2941
1702688400000,69.4617
1702692000000,69.6084
1702695600000,69.7322
1702699200000,69.7124
1702702800000,69.7022
1702706400000,69.5687
1702710000000,69.6892
1702713600000,69.5182
1702717200000,69.5844
1702720800000,69.5650
1702724400000,69.6045
1702728000000,69.6311
1702731600000,69.7771
1702735200000,69.5740
1702738800000,69.7439
1702742400000,69.8676
1702746000000,69.6854
1702749600000,69.6492
1702753200000,69.7082
1702756800000,69.6499
1702760400000,69.7082
1702764000000,69.7600
1702767600000,69.5816
1702771200000,69.3190
1702774800000,69.2296
1702778400000,69.1624
1702782000000,69.1876
1702785600000,69.0930
1702789200000,68.8907
1702792800000,68.9183
1702796400000,68.7794
1702800000000,68.7293
1702803600000,68.8365
1702807200000,69.0140
1702810800000,68.9198
1702814400000,68.8801
1702818000000,68.8417
1702821600000,68.5433
1702825200000,68.7314
1702828800000,69.1079
1702832400000,69.1179
1702836000000,69.1213
1702839600000,68.8961
1702843200000,68.7940
1702846800000,68.5424
1702850400000,68.4855
1702854000000,68.1219
1702857600000,68.3361
1702861200000,67.6679
1702864800000,67.6768
1702868400000,67.9730
1702872000000,68.0721
1702875600000,67.7957
1702879200000,68.2124
1702882800000,68.0224
1702886400000,68.2573
1702890000000,67.8875
1702893600000,67.8818
1702897200000,68.3855
1702900800000,68.2232
1702904400000,68.5952
1702908000000,68.9549
1702911600000,68.5627
1702915200000,68.9484
1702918800000,68.6881
1702922400000,68.9075
1702926000000,68.9010
1702929600000,69.1105
1702933200000,69.5484
1702936800000,69.4352
1702940400000,69.7172
1702944000000,70.2457
1702947600000,70.6466
1702951200000,70.7713
1702954800000,70.5198
1702958400000,70.5470
1702962000000,70.4586
1702965600000,70.1052
1702969200000,70.1616
1702972800000,70.2506
1702976400000,70.2145
1702980000000,71.3193
1702983600000,71.7565
1702987200000,71.7210
1702990800000,71.9392
1702994400000,71.7944
1702998000000,72.0552
1703001600000,72.6345
1703005200000,72.4715
1703008800000,72.4859
1703012400000,72.6650
1703016000000,72.5087
1703019600000,72.8456
1703023200000,72.3138
1703026800000,72.4006
1703030400000,72.6477
1703034000000,72.2551
1703037600000,72.2194
1703041200000,72.2470
1703044800000,72.3923
1703048400000,72.6207
1703052000000,72.8119
1703055600000,72.9967
1703059200000,73.0985
1703062800000,72.9140
1703066400000,72.8803
1703070000000,72.8874
1703073600000,73.3063
1703077200000,73.7452
1703080800000,73.7553
1703084400000,73.7551
1703088000000,73.7827
1703091600000,74.5490
1703095200000,74.6527
1703098800000,74.5227
1703102400000,74.0919
1703106000000,74.3730
1703109600000,74.5774
1703113200000,74.6124
1703116800000,74.1742
1703120400000,74.0661
1703124000000,74.0780
1703127600000,74.2767
1703131200000,74.0240
1703134800000,73.9615
1703138400000,74.4805
1703142000000,74.5296
1703145600000,74.9960
1703149200000,75.8446
1703152800000,75.6123
1703156400000,75.9654
1703160000000,75.9267
1703163600000,76.4530
1703167200000,76.7178
1703170800000,76.3189
1703174400000,75.9277
1703178000000,75.4521
1703181600000,75.7338
1703185200000,75.9262
1703188800000,76.0548
1703192400000,76.1185
1703196000000,76.1308
1703199600000,76.2812
1703203200000,76.0868
1703206800000,76.1258
1703210400000,76.0134
1703214000000,76.1391
1703217600000,76.2491
1703221200000,76.8559
1703224800000,76.8752
1703228400000,75.0692
1703232000000,75.3767
1703235600000,75.0730
1703239200000,75.6265
1703242800000,75.3218
1703246400000,75.0623
1703250000000,75.1522
1703253600000,74.5582
1703257200000,75.3186
1703260800000,74.9119
1703264400000,74.9705
1703268000000,75.4191
1703271600000,75.2027
1703275200000,75.4507
1703278800000,75.6044
1703282400000,75.7067
1703286000000,75.4599
1703289600000,75.2416
1703293200000,75.0200
1703296800000,75.1248
1703300400000,75.2142
1703304000000,75.0841
1703307600000,75.3086
1703311200000,74.9949
1703314800000,75.0370
1703318400000,75.2287
1703322000000,75.2511
1703325600000,75.2230
1703329200000,75.2575
1703332800000,75.4260
1703336400000,75.5058
1703340000000,75.6721
1703343600000,75.8405
1703347200000,75.7759
1703350800000,75.7903
1703354400000,75.6895
1703358000000,75.7237
1703361600000,75.9309
1703365200000,76.0146
1703368800000,75.9557
1703372400000,75.4985
1703376000000,75.7330
1703379600000,75.6930
1703383200000,75.3720
1703386800000,75.2779
1703390400000,75.2624
1703394000000,75.2187
1703397600000,75.1975
1703401200000,75.4002
1703404800000,75.3101
1703408400000,75.2740
1703412000000,75.1457
1703415600000,75.3317
1703419200000,75.4822
1703422800000,75.6279
1703426400000,75.5564
1703430000000,75.5325
1703433600000,75.4600
1703437200000,75.3866
1703440800000,75.4905
1703444400000,75.4029
1703448000000,75.1427
1703451600000,75.1271
1703455200000,74.4024
1703458800000,74.4676
1703462400000,74.3985
1703466000000,74.4634
1703469600000,74.4445
1703473200000,74.4400
1703476800000,74.3474
1703480400000,74.5695
1703484000000,74.7004
1703487600000,74.4605
1703491200000,74.2091
1703494800000,74.3475
1703498400000,74.3579
1703502000000,74.3846
1703505600000,74.7542
1703509200000,75.1565
1703512800000,75.2376
1703516400000,75.1644
1703520000000,74.9362
1703523600000,75.0667
1703527200000,75.0354
1703530800000,75.0917
1703534400000,75.0272
1703538000000,75.1885
1703541600000,75.3240
1703545200000,75.4142
1703548800000,75.0831
1703552400000,75.2362
1703556000000,75.3806
1703559600000,76.1035
1703563200000,75.7794
1703566800000,75.0792
1703570400000,75.2921
1703574000000,76.2858
1703577600000,77.2129
1703581200000,76.2773
1703584800000,79.0554
1703588400000,79.3259
1703592000000,79.4913
1703595600000,81.2441
1703599200000,81.2441
1703602800000,80.4341
1703606400000,80.8390
1703610000000,80.1696
1703613600000,80.5877
1703617200000,80.4220
1703620800000,80.3973
1703624400000,80.4996
1703628000000,80.2333
1703631600000,80.8125
1703635200000,80.1584
1703638800000,79.8089
1703642400000,78.8758
1703646000000,79.5209
1703649600000,79.5592
1703653200000,79.8878
1703656800000,80.2507
1703660400000,80.0542
1703664000000,80.2778
1703667600000,80.3592
1703671200000,81.4685
1703674800000,82.3291
1703678400000,82.0572
1703682000000,81.9042
1703685600000,81.2292
1703689200000,81.1836
1703692800000,80.1934
1703696400000,80.9729
1703700000000,81.4865
1703703600000,81.4320
1703707200000,81.8806
1703710800000,81.1729
1703714400000,82.1097
1703718000000,82.9939
1703721600000,82.5996
1703725200000,82.4790
1703728800000,82.0178
1703732400000,82.4984
1703736000000,82.6615
1703739600000,81.9277
1703743200000,82.4713
1703746800000,82.4617
1703750400000,82.9400
1703754000000,82.7539
1703757600000,83.0711
1703761200000,84.0087
1703764800000,83.7178
1703768400000,83.7633
1703772000000,83.1184
1703775600000,83.0911
1703779200000,83.0727
1703782800000,83.8816
1703786400000,83.3311
1703790000000,83.4409
1703793600000,82.6135
1703797200000,82.5911
1703800800000,82.7236
1703804400000,82.4924
1703808000000,81.8282
1703811600000,81.6098
1703815200000,81.9469
1703818800000,82.2101
1703822400000,82.2184
1703826000000,81.7179
1703829600000,81.5934
1703833200000,80.8601
1703836800000,80.9723
1703840400000,81.1620
1703844000000,81.3436
1703847600000,81.4201
1703851200000,81.8527
1703854800000,81.4860
1703858400000,81.2204
1703862000000,80.7142
1703865600000,80.5191
1703869200000,80.6722
1703872800000,80.9361
1703876400000,81.1786
1703880000000,80.9780
1703883600000,81.3437
1703887200000,80.9991
1703890800000,81.4317
1703894400000,81.6163
1703898000000,81.7718
1703901600000,81.2136
1703905200000,81.7127
1703908800000,81.8522
1703912400000,81.8960
1703916000000,82.1058
1703919600000,82.1184
1703923200000,81.4907
1703926800000,81.4724
1703930400000,81.8175
1703934000000,81.9746
1703937600000,82.2866
1703941200000,81.9153
1703944800000,82.4449
1703948400000,82.3177
1703952000000,82.5005
1703955600000,82.4943
1703959200000,82.3044
1703962800000,82.1778
1703966400000,81.8995
1703970000000,82.1094
1703973600000,82.0623
1703977200000,82.2512
1703980800000,82.4261
1703984400000,82.4452
1703988000000,82.5370
1703991600000,82.8966
1703995200000,83.4664
1703998800000,83.5617
1704002400000,83.3567
1704006000000,83.5786
1704009600000,83.4112
1704013200000,83.3980
1704016800000,82.7350
1704020400000,82.4504
1704024000000,82.1915
1704027600000,82.1904
1704031200000,82.4269
1704034800000,82.2270
1704038400000,82.5689
1704042000000,82.6444
1704045600000,82.5004
1704049200000,82.5929
1704052800000,82.1497
1704056400000,82.1880
1704060000000,81.7183
1704063600000,81.7564
1704067200000,82.1095
1704070800000,82.2384
1704074400000,81.7069
1704078000000,81.5587
1704081600000,81.5122
1704085200000,81.3159
1704088800000,81.5390
1704092400000,81.7393
1704096000000,81.8711
1704099600000,81.8691
1704103200000,81.4517
1704106800000,81.3465
1704110400000,81.3933
1704114000000,81.5995
1704117600000,81.3993
1704121200000,81.7264
1704124800000,81.5994
1704128400000,81.7821
1704132000000,81.6560
1704135600000,81.9688
1704139200000,82.1849
1704142800000,82.1414
1704146400000,82.3503
1704150000000,82.6980
1704153600000,83.6488
1704157200000,83.5761
1704160800000,84.1809
1704164400000,84.3138
1704168000000,84.3140
1704171600000,84.2031
1704175200000,84.1731
1704178800000,84.3020
1704182400000,84.1313
1704186000000,84.2401
1704189600000,84.4070
1704193200000,84.5412
1704196800000,84.2051
1704200400000,84.3745
1704204000000,83.6268
1704207600000,83.1862
1704211200000,83.5352
1704214800000,83.2274
1704218400000,83.1844
1704222000000,83.2189
1704225600000,82.9639
1704229200000,83.2890
1704232800000,83.4776
1704236400000,83.5634
1704240000000,83.7551
1704243600000,83.8055
1704247200000,83.7233
1704250800000,83.7152
1704254400000,83.8993
1704258000000,84.1123
1704261600000,84.7089
1704265200000,84.2241
1704268800000,84.5445
1704272400000,86.3914
1704276000000,86.6214
1704279600000,84.8782
1704283200000,84.0407
1704286800000,83.7389
1704290400000,83.4798
1704294000000,84.5541
1704297600000,85.1264
1704301200000,84.9808
1704304800000,83.9560
1704308400000,84.3630
1704312000000,84.6932
1704315600000,84.9991
1704319200000,84.9636
1704322800000,84.8532
1704326400000,84.5367
1704330000000,84.1071
1704333600000,84.6255
1704337200000,84.9101
1704340800000,85.0550
1704344400000,85.4309
1704348000000,85.4179
1704351600000,84.9314
1704355200000,85.4016
1704358800000,85.6868
1704362400000,85.2946
1704366000000,85.0060
1704369600000,85.1275
1704373200000,85.1699
1704376800000,85.3034
1704380400000,85.3917
1704384000000,85.1909
1704387600000,85.1498
1704391200000,85.5172
1704394800000,85.1064
1704398400000,85.6433
1704402000000,86.1401
1704405600000,86.1444
1704409200000,86.3337
1704412800000,86.8439
1704416400000,85.7741
1704420000000,85.8035
1704423600000,85.7347
1704427200000,85.8397
1704430800000,85.4534
1704434400000,85.3325
1704438000000,85.2495
1704441600000,85.7219
1704445200000,85.8180
1704448800000,85.3920
1704452400000,85.7037
1704456000000,85.6687
1704459600000,85.5137
1704463200000,84.8754
1704466800000,84.9286
1704470400000,84.4939
1704474000000,84.8694
1704477600000,84.8493
1704481200000,84.9077
1704484800000,85.2872
1704488400000,85.3814
1704492000000,85.4077
1704495600000,85.3204
1704499200000,83.8692
1704502800000,84.0231
1704506400000,83.9968
1704510000000,83.8942
1704513600000,83.6993
1704517200000,83.6025
1704520800000,83.1318
1704524400000,83.3605
1704528000000,83.6246
1704531600000,83.4847
1704535200000,83.6448
1704538800000,83.7821
1704542400000,83.5178
1704546000000,83.5390
1704549600000,83.9388
1704553200000,83.8362
1704556800000,83.7813
1704560400000,83.9894
1704564000000,83.8582
1704567600000,83.7442
1704571200000,83.9040
1704574800000,83.9604
1704578400000,84.0990
1704582000000,84.1441
1704585600000,84.1416
1704589200000,83.8996
1704592800000,83.9418
1704596400000,83.9425
1704600000000,84.0448
1704603600000,84.0375
1704607200000,84.1600
1704610800000,84.3274
1704614400000,84.2048
1704618000000,84.0752
1704621600000,83.9393
1704625200000,84.1214
1704628800000,84.1508
1704632400000,84.4107
1704636000000,84.3641
1704639600000,84.1425
1704643200000,83.7493
1704646800000,83.8289
1704650400000,83.8909
1704654000000,84.1137
1704657600000,84.1288
1704661200000,84.1589
1704664800000,83.5981
1704668400000,83.7069
1704672000000,83.2193
1704675600000,83.0970
1704679200000,82.4364
1704682800000,82.5603
1704686400000,82.7991
1704690000000,82.8122
1704693600000,83.0459
1704697200000,83.1374
1704700800000,83.0192
1704704400000,82.9253
1704708000000,83.2451
1704711600000,83.5698
1704715200000,83.9723
1704718800000,83.7457
1704722400000,83.7727
1704726000000,83.6380
1704729600000,83.5966
1704733200000,83.9449
1704736800000,85.3448
1704740400000,85.1228
1704744000000,84.9000
1704747600000,85.2617
1704751200000,85.2182
1704754800000,84.9699
1704758400000,84.5867
1704762000000,84.3483
1704765600000,84.5691
1704769200000,84.5590
1704772800000,85.0476
1704776400000,84.8803
1704780000000,85.2129
1704783600000,85.4360
1704787200000,85.3564
1704790800000,85.2022
1704794400000,85.2036
1704798000000,85.3726
1704801600000,84.6745
1704805200000,86.0123
1704808800000,85.4945
1704812400000,86.0054
1704816000000,85.7980
1704819600000,85.4748
1704823200000,85.4076
1704826800000,85.4914
1704830400000,85.1882
1704834000000,82.6251
1704837600000,83.4938
1704841200000,83.3419
1704844800000,82.0953
1704848400000,82.6809
1704852000000,83.0461
1704855600000,83.0987
1704859200000,82.4055
1704862800000,82.3814
1704866400000,82.4053
1704870000000,82.2206
1704873600000,81.5632
1704877200000,81.1105
1704880800000,81.3195
1704884400000,81.2048
1704888000000,79.9396
1704891600000,80.3037
1704895200000,79.6636
1704898800000,79.5154
1704902400000,79.9814
1704906000000,81.0551
1704909600000,81.2128
1704913200000,80.4764
1704916800000,79.6056
1704920400000,79.5753
1704924000000,80.8215
1704927600000,79.6505
1704931200000,79.0182
1704934800000,79.5447
1704938400000,79.5816
1704942000000,79.0082
1704945600000,78.9630
1704949200000,78.8087
1704952800000,78.6922
1704956400000,79.1900
1704960000000,79.9275
1704963600000,80.0250
1704967200000,80.1439
1704970800000,79.9230
1704974400000,80.8640
1704978000000,80.5659
1704981600000,81.1242
1704985200000,79.4413
1704988800000,78.9376
1704992400000,79.4903
1704996000000,79.4003
1704999600000,79.4362
1705003200000,79.1513
1705006800000,78.8811
1705010400000,78.9544
1705014000000,78.9739
1705017600000,79.4000
1705021200000,79.3034
1705024800000,79.5378
1705028400000,79.5589
1705032000000,79.4448
1705035600000,79.6804
1705039200000,79.0314
1705042800000,79.1372
1705046400000,78.7180
1705050000000,78.7883
1705053600000,78.8430
1705057200000,78.2889
1705060800000,78.2558
1705064400000,77.7657
1705068000000,76.4411
1705071600000,75.8820
1705075200000,74.8066
1705078800000,75.4170
1705082400000,75.2035
1705086000000,75.3621
1705089600000,75.9875
1705093200000,75.9635
1705096800000,75.2020
1705100400000,75.2216
1705104000000,74.9418
1705107600000,74.7906
1705111200000,74.3101
1705114800000,74.4076
1705118400000,74.7995
1705122000000,75.2683
1705125600000,75.2926
1705129200000,75.4030
1705132800000,75.4748
1705136400000,75.2926
1705140000000,75.2789
1705143600000,75.0196
1705147200000,75.1612
1705150800000,75.1872
1705154400000,75.3393
1705158000000,75.6768
1705161600000,75.2617
1705165200000,75.5026
1705168800000,75.3373
1705172400000,74.9748
1705176000000,75.2432
1705179600000,75.3459
1705183200000,75.2109
1705186800000,75.0056
1705190400000,74.9206
1705194000000,75.1653
1705197600000,75.3940
1705201200000,75.3916
1705204800000,75.3170
1705208400000,75.7146
1705212000000,76.1110
1705215600000,76.0887
1705219200000,76.1180
1705222800000,76.2148
1705226400000,76.1638
1705230000000,75.9844
1705233600000,75.9535
1705237200000,76.3912
1705240800000,76.1382
1705244400000,76.3868
1705248000000,76.6449
1705251600000,76.7764
1705255200000,76.5877
1705258800000,76.6968
1705262400000,76.4249
1705266000000,76.1884
1705269600000,75.9925
1705273200000,75.5547
1705276800000,76.3580
1705280400000,76.2895
1705284000000,76.7737
1705287600000,77.4219
1705291200000,78.0494
1705294800000,78.4875
1705298400000,78.5044
1705302000000,78.2083
1705305600000,78.1254
1705309200000,78.2188
1705312800000,77.3327
1705316400000,77.3303
1705320000000,77.9216
1705323600000,78.4536
1705327200000,77.7640
1705330800000,77.6227
1705334400000,78.1686
1705338000000,78.1017
1705341600000,78.4208
1705345200000,78.6157
1705348800000,78.4145
1705352400000,78.0244
1705356000000,78.3172
1705359600000,78.4221
1705363200000,78.2767
1705366800000,78.4376
1705370400000,78.0834
1705374000000,78.0408
1705377600000,77.9926
1705381200000,77.9928
1705384800000,77.8692
1705388400000,78.1380
1705392000000,78.1986
1705395600000,78.4199
1705399200000,78.4378
1705402800000,78.4541
1705406400000,78.5269
1705410000000,78.2036
1705413600000,77.8369
1705417200000,78.1562
1705420800000,77.8905
1705424400000,77.8304
1705428000000,77.3735
1705431600000,77.4808
1705435200000,77.3465
1705438800000,77.4550
1705442400000,77.2215
1705446000000,77.1842
1705449600000,77.0654
1705453200000,77.0673
1705456800000,77.2800
1705460400000,77.0671
1705464000000,76.8868
1705467600000,76.6549
1705471200000,76.5173
1705474800000,76.2955
1705478400000,76.7148
1705482000000,76.5942
1705485600000,76.5445
1705489200000,77.1967
1705492800000,77.3023
1705496400000,77.1122
1705500000000,76.7403
1705503600000,76.8745
1705507200000,76.6340
1705510800000,76.6200
1705514400000,76.7593
1705518000000,76.5597
1705521600000,76.7664
1705525200000,76.9903
1705528800000,77.1625
1705532400000,76.9723
1705536000000,76.5536
1705539600000,76.5321
1705543200000,76.8456
1705546800000,76.7939
1705550400000,76.8332
1705554000000,77.1212
1705557600000,77.3112
1705561200000,77.3258
1705564800000,77.1056
1705568400000,77.0204
1705572000000,77.2131
1705575600000,77.3154
1705579200000,77.2664
1705582800000,77.5351
1705586400000,77.7465
1705590000000,77.8146
1705593600000,77.2145
1705597200000,76.9761
1705600800000,77.1250
1705604400000,76.6202
1705608000000,76.4074
1705611600000,76.8937
1705615200000,76.9979
1705618800000,77.0240
1705622400000,76.6088
1705626000000,76.6484
1705629600000,76.5821
1705633200000,76.5952
1705636800000,76.7264
1705640400000,76.8677
1705644000000,77.0575
1705647600000,76.8404
1705651200000,76.7685
1705654800000,76.9888
1705658400000,76.8955
1705662000000,77.0124
1705665600000,77.0084
1705669200000,77.0556
1705672800000,76.6412
1705676400000,76.4194
1705680000000,76.0906
1705683600000,76.7041
1705687200000,76.8941
1705690800000,77.2580
1705694400000,77.0616
1705698000000,77.0201
1705701600000,77.0948
1705705200000,77.2622
1705708800000,77.1793
1705712400000,77.3808
1705716000000,77.2950
1705719600000,77.2406
1705723200000,77.2210
1705726800000,77.3052
1705730400000,77.1964
1705734000000,77.2823
1705737600000,77.3187
1705741200000,77.6159
1705744800000,77.5672
1705748400000,77.6415
1705752000000,77.7405
1705755600000,77.5346
1705759200000,77.5008
1705762800000,77.6199
1705766400000,77.7292
1705770000000,77.8217
1705773600000,77.8282
1705777200000,77.8341
1705780800000,78.0556
1705784400000,78.1883
1705788000000,78.1524
1705791600000,78.0969
1705795200000,78.2408
1705798800000,78.0484
1705802400000,78.3018
1705806000000,78.2179
1705809600000,78.0629
1705813200000,78.0900
1705816800000,78.1045
1705820400000,78.0089
1705824000000,78.0479
1705827600000,78.3356
1705831200000,78.3617
1705834800000,78.4254
1705838400000,78.4312
1705842000000,78.4916
1705845600000,78.3841
1705849200000,78.3991
1705852800000,78.2510
1705856400000,78.3592
1705860000000,78.3829
1705863600000,78.6189
1705867200000,78.5889
1705870800000,78.8401
1705874400000,78.6303
1705878000000,78.4794
1705881600000,78.6120
1705885200000,78.5275
1705888800000,78.3460
1705892400000,78.1154
1705896000000,77.7801
1705899600000,78.3322
1705903200000,78.4939
1705906800000,78.4419
1705910400000,78.2815
1705914000000,77.9378
1705917600000,78.0317
1705921200000,78.2738
1705924800000,78.4650
1705928400000,78.4682
1705932000000,77.8851
1705935600000,77.8760
1705939200000,77.8006
1705942800000,77.9400
1705946400000,77.4693
1705950000000,77.1916
1705953600000,77.5466
1705957200000,77.2436
1705960800000,77.1833
1705964400000,76.9374
1705968000000,77.1949
1705971600000,77.2118
1705975200000,77.5860
1705978800000,77.6629
1705982400000,77.6340
1705986000000,77.6438
1705989600000,77.4756
1705993200000,77.3820
1705996800000,77.0722
1706000400000,76.6450
1706004000000,76.3709
1706007600000,76.4059
1706011200000,76.8161
1706014800000,76.4318
1706018400000,76.7513
1706022000000,76.9269
1706025600000,77.0399
1706029200000,77.4055
1706032800000,77.3192
1706036400000,77.1627
1706040000000,77.0437
1706043600000,76.9847
1706047200000,77.1926
1706050800000,77.6117
1706054400000,78.1110
1706058000000,77.6927
1706061600000,77.8986
1706065200000,77.7612
1706068800000,77.0487
1706072400000,77.0988
1706076000000,76.8605
1706079600000,76.9811
1706083200000,76.9486
1706086800000,76.9785
1706090400000,77.4621
1706094000000,77.4060
1706097600000,77.3239
1706101200000,77.3007
1706104800000,76.9511
1706108400000,77.2137
1706112000000,77.1605
1706115600000,77.0081
1706119200000,76.9916
1706122800000,77.0370
1706126400000,76.8292
1706130000000,76.9111
1706133600000,77.0544
1706137200000,77.0765
1706140800000,77.1507
1706144400000,77.0484
1706148000000,76.6316
1706151600000,76.9375
1706155200000,76.6727
1706158800000,76.6145
1706162400000,76.7840
1706166000000,77.1165
1706169600000,77.0620
1706173200000,76.6937
1706176800000,77.3873
1706180400000,77.5386
1706184000000,77.3743
1706187600000,77.4087
1706191200000,77.5797
1706194800000,77.5985
1706198400000,77.1160
1706202000000,77.0891
1706205600000,76.9351
1706209200000,77.0749
1706212800000,76.7470
1706216400000,77.0117
1706220000000,77.0525
1706223600000,77.0970
1706227200000,76.9931
1706230800000,77.2696
1706234400000,77.4583
1706238000000,77.4123
1706241600000,77.4736
1706245200000,77.5639
1706248800000,77.6330
1706252400000,77.9380
1706256000000,78.0177
1706259600000,78.2266
1706263200000,79.2896
1706266800000,79.6625
1706270400000,79.4097
1706274000000,79.4346
1706277600000,79.9651
1706281200000,79.7259
1706284800000,80.0062
1706288400000,79.9554
1706292000000,80.2360
1706295600000,80.2890
1706299200000,80.2011
1706302800000,80.2171
1706306400000,79.9957
1706310000000,79.9055
1706313600000,79.7731
1706317200000,80.0491
1706320800000,80.1174
1706324400000,80.3231
1706328000000,80.2816
1706331600000,80.2441
1706335200000,80.0751
1706338800000,80.0823
1706342400000,79.8431
1706346000000,80.0447
1706349600000,80.2057
1706353200000,80.1458
1706356800000,80.0772
1706360400000,79.9672
1706364000000,80.0443
1706367600000,80.0828
1706371200000,80.0721
1706374800000,80.1635
1706378400000,80.3204
1706382000000,80.4472
1706385600000,80.6783
1706389200000,80.7270
1706392800000,80.8884
1706396400000,80.7867
1706400000000,80.4897
1706403600000,80.5156
1706407200000,80.4631
1706410800000,80.6000
1706414400000,81.2270
1706418000000,81.2268
1706421600000,81.0809
1706425200000,80.8797
1706428800000,81.0942
1706432400000,81.0818
1706436000000,81.3194
1706439600000,81.2128
1706443200000,81.3887
1706446800000,81.2014
1706450400000,81.1390
1706454000000,80.8743
1706457600000,81.0074
1706461200000,80.9024
1706464800000,80.7350
1706468400000,80.4801
1706472000000,80.6725
1706475600000,80.6930
1706479200000,80.6999
1706482800000,80.9301
1706486400000,80.8381
1706490000000,81.1448
1706493600000,81.1738
1706497200000,81.0806
1706500800000,81.0103
1706504400000,81.1062
1706508000000,80.9737
1706511600000,81.0157
1706515200000,81.2358
1706518800000,81.4586
1706522400000,81.4069
1706526000000,81.4643
1706529600000,81.3756
1706533200000,81.2391
1706536800000,81.2796
1706540400000,81.7553
1706544000000,82.1540
1706547600000,81.7010
1706551200000,81.9389
1706554800000,82.0298
1706558400000,82.0677
1706562000000,81.9770
1706565600000,81.7889
1706569200000,81.9768
1706572800000,82.0527
1706576400000,82.4121
1706580000000,82.5665
1706583600000,82.3996
1706587200000,82.3927
1706590800000,82.3926
1706594400000,82.2999
1706598000000,82.2886
1706601600000,82.3965
1706605200000,82.2419
1706608800000,82.3264
1706612400000,82.3312
1706616000000,82.0620
1706619600000,81.9090
1706623200000,81.9303
1706626800000,81.3092
1706630400000,81.0145
1706634000000,80.9221
1706637600000,80.6202
1706641200000,80.8503
1706644800000,80.9247
1706648400000,80.7855
1706652000000,80.7768
1706655600000,80.4928
1706659200000,80.4911
1706662800000,80.3909
1706666400000,80.4701
1706670000000,80.3519
1706673600000,80.4111
1706677200000,80.4690
1706680800000,80.5645
1706684400000,80.5705
1706688000000,80.5894
1706691600000,80.2224
1706695200000,80.1841
1706698800000,80.3677
1706702400000,80.2751
1706706000000,80.2738
1706709600000,80.3222
1706713200000,80.8108
1706716800000,80.6168
1706720400000,80.9831
1706724000000,80.7727
1706727600000,80.8953
1706731200000,80.1018
1706734800000,80.2019
1706738400000,80.3831
1706742000000,80.2206
1706745600000,80.1037
1706749200000,79.7304
1706752800000,79.8667
1706756400000,79.7823
1706760000000,79.9240
1706763600000,79.6458
1706767200000,79.5960
1706770800000,79.6163
1706774400000,79.7192
1706778000000,79.8361
1706781600000,80.0723
1706785200000,79.7905
1706788800000,79.7969
1706792400000,79.9085
1706796000000,80.0802
1706799600000,79.9063
1706803200000,80.0197
1706806800000,80.2024
1706810400000,80.1570
1706814000000,80.5470
1706817600000,80.3550
1706821200000,80.4776
1706824800000,80.1942
1706828400000,80.3007
1706832000000,80.4259
1706835600000,80.4574
1706839200000,80.7149
1706842800000,80.6623
1706846400000,80.5706
1706850000000,80.5338
1706853600000,80.6690
1706857200000,80.6198
1706860800000,80.7690
1706864400000,80.4653
1706868000000,80.6376
1706871600000,80.5259
1706875200000,80.4692
1706878800000,80.1443
1706882400000,80.4457
1706886000000,80.6336
1706889600000,80.7440
1706893200000,80.5816
1706896800000,80.4065
1706900400000,80.4039
1706904000000,80.2899
1706907600000,80.3964
1706911200000,80.5196
1706914800000,80.5291
1706918400000,80.4921
1706922000000,80.3813
1706925600000,80.4105
1706929200000,80.4070
1706932800000,80.5593
1706936400000,80.5036
1706940000000,80.4687
1706943600000,80.3541
1706947200000,80.3629
1706950800000,80.4003
1706954400000,80.3706
1706958000000,80.4176
1706961600000,80.4302
1706965200000,80.3015
1706968800000,80.3839
1706972400000,80.3897
1706976000000,80.3636
1706979600000,80.5819
1706983200000,80.3739
1706986800000,80.2930
1706990400000,80.2959
1706994000000,80.3049
1706997600000,80.3360
1707001200000,80.3051
1707004800000,80.1569
1707008400000,80.1530
1707012000000,80.3283
1707015600000,80.3292
1707019200000,80.2082
1707022800000,80.0884
1707026400000,80.0601
1707030000000,80.1859
1707033600000,80.2215
1707037200000,80.1881
1707040800000,80.1500
1707044400000,80.1958
1707048000000,80.2169
1707051600000,80.1633
1707055200000,80.9306
1707058800000,81.1211
1707062400000,80.9304
1707066000000,80.9810
1707069600000,81.0875
1707073200000,81.1605
1707076800000,80.9709
1707080400000,81.0695
1707084000000,80.9474
1707087600000,80.7623
1707091200000,80.7859
1707094800000,80.6897
1707098400000,80.5933
1707102000000,80.7147
1707105600000,80.6159
1707109200000,80.8016
1707112800000,80.9203
1707116400000,80.8590
1707120000000,80.6931
1707123600000,80.3748
1707127200000,80.6172
1707130800000,80.6266
1707134400000,80.4461
1707138000000,80.6621
1707141600000,80.4361
1707145200000,80.0209
1707148800000,80.1389
1707152400000,80.0640
1707156000000,80.1664
1707159600000,80.1513
1707163200000,80.0006
1707166800000,79.9117
1707170400000,79.8650
1707174000000,80.0775
1707177600000,79.9452
1707181200000,79.9705
1707184800000,79.9834
1707188400000,80.0958
1707192000000,80.1044
1707195600000,79.9338
1707199200000,79.9097
1707202800000,79.8187
1707206400000,80.0973
1707210000000,79.9741
1707213600000,79.7765
1707217200000,79.7649
1707220800000,79.8730
1707224400000,79.8405
1707228000000,79.7151
1707231600000,80.0687
1707235200000,79.8242
1707238800000,79.6914
1707242400000,79.6239
1707246000000,79.4499
1707249600000,79.1280
1707253200000,79.1848
1707256800000,79.2674
1707260400000,79.2338
1707264000000,78.9870
1707267600000,79.0335
1707271200000,78.9865
1707274800000,78.7620
1707278400000,79.1478
1707282000000,79.2890
1707285600000,79.2433
1707289200000,79.1847
1707292800000,79.3368
1707296400000,79.4905
1707300000000,79.4483
1707303600000,79.2568
1707307200000,79.2860
1707310800000,79.2313
1707314400000,79.3799
1707318000000,79.3637
1707321600000,79.1667
1707325200000,79.4365
1707328800000,79.5549
1707332400000,79.4418
1707336000000,79.8188
1707339600000,80.1654
1707343200000,80.1878
1707346800000,80.3055
1707350400000,80.7643
1707354000000,80.6064
1707357600000,81.3084
1707361200000,81.0471
1707364800000,81.4638
1707368400000,81.5479
1707372000000,81.5778
1707375600000,81.8032
1707379200000,82.0721
1707382800000,82.1595
1707386400000,82.4273
1707390000000,82.2738
1707393600000,82.3661
1707397200000,82.7604
1707400800000,82.7345
1707404400000,82.9991
1707408000000,82.5573
1707411600000,82.6732
1707415200000,82.9442
1707418800000,83.2223
1707422400000,83.4318
1707426000000,83.2386
1707429600000,83.3277
1707433200000,83.4661
1707436800000,83.3585
1707440400000,83.7124
1707444000000,84.4260
1707447600000,84.4099
1707451200000,84.2005
1707454800000,84.3800
1707458400000,84.7127
1707462000000,84.3423
1707465600000,84.7648
1707469200000,84.5428
1707472800000,84.9607
1707476400000,85.0600
1707480000000,84.8424
1707483600000,85.0867
1707487200000,84.8137
1707490800000,84.7164
1707494400000,85.1260
1707498000000,85.4928
1707501600000,85.2734
1707505200000,85.4116
1707508800000,85.2716
1707512400000,85.2049
1707516000000,85.0432
1707519600000,85.1463
1707523200000,84.9704
1707526800000,85.1530
1707530400000,85.0052
1707534000000,85.0114
1707537600000,85.1527
1707541200000,84.9959
1707544800000,85.0466
1707548400000,84.9123
1707552000000,84.8119
1707555600000,84.7114
1707559200000,84.3950
1707562800000,84.6631
1707566400000,84.8366
1707570000000,84.8862
1707573600000,84.7283
1707577200000,84.8703
1707580800000,84.8038
1707584400000,84.7918
1707588000000,84.9302
1707591600000,85.0434
1707595200000,85.3044
1707598800000,85.4157
1707602400000,85.6434
1707606000000,85.3820
1707609600000,85.2989
1707613200000,84.9179
1707616800000,85.3095
1707620400000,85.7682
1707624000000,85.7448
1707627600000,85.4710
1707631200000,85.3996
1707634800000,85.4921
1707638400000,85.4900
1707642000000,85.3821
1707645600000,85.3033
1707649200000,85.3558
1707652800000,85.4411
1707656400000,85.2370
1707660000000,85.2621
1707663600000,85.3262
1707667200000,85.4110
1707670800000,85.5435
1707674400000,85.6340
1707678000000,85.6360
1707681600000,85.3733
1707685200000,85.3742
1707688800000,85.4543
1707692400000,85.4771
1707696000000,85.7571
1707699600000,85.5647
1707703200000,85.1664
1707706800000,85.2825
1707710400000,85.3729
1707714000000,85.2618
1707717600000,84.9606
1707721200000,85.0961
1707724800000,85.1442
1707728400000,84.9223
1707732000000,84.9965
1707735600000,84.8906
1707739200000,85.0421
1707742800000,85.0669
1707746400000,85.4642
1707750000000,86.4313
1707753600000,86.1537
1707757200000,85.5687
1707760800000,85.4162
1707764400000,85.3476
1707768000000,85.9035
1707771600000,85.7036
1707775200000,85.5232
1707778800000,85.2166
1707782400000,85.3257
1707786000000,85.2865
1707789600000,85.3397
1707793200000,85.2748
1707796800000,85.2854
1707800400000,85.3550
1707804000000,85.3837
1707807600000,85.2708
1707811200000,85.2224
1707814800000,85.1422
1707818400000,84.6606
1707822000000,84.6777
1707825600000,84.5403
1707829200000,84.5217
1707832800000,83.4991
1707836400000,83.6460
1707840000000,83.7179
1707843600000,84.0666
1707847200000,84.2003
1707850800000,84.4592
1707854400000,84.6458
1707858000000,84.7649
1707861600000,84.7815
1707865200000,84.9063
1707868800000,84.7539
1707872400000,85.0074
1707876000000,84.9484
1707879600000,84.9759
1707883200000,84.9657
1707886800000,84.9415
1707890400000,85.1532
1707894000000,85.3045
1707897600000,85.4913
1707901200000,85.7521
1707904800000,85.4956
1707908400000,85.7982
1707912000000,86.1842
1707915600000,86.0196
1707919200000,86.0932
1707922800000,85.9526
1707926400000,86.1620
1707930000000,86.0126
1707933600000,85.7757
1707937200000,85.7948
1707940800000,85.8935
1707944400000,85.6783
1707948000000,85.8971
1707951600000,85.8586
1707955200000,86.0777
1707958800000,86.7153
1707962400000,87.2917
1707966000000,87.2028
1707969600000,86.9134
1707973200000,86.9344
1707976800000,87.4407
1707980400000,87.4407
1707984000000,86.9376
1707987600000,87.3368
1707991200000,87.5922
1707994800000,87.6661
1707998400000,87.9379
1708002000000,88.0989
1708005600000,89.3207
1708009200000,88.6684
1708012800000,88.2488
1708016400000,87.7892
1708020000000,88.0044
1708023600000,87.9276
1708027200000,87.2740
1708030800000,87.1893
1708034400000,87.2908
1708038000000,87.7721
1708041600000,87.7996
1708045200000,88.5772
1708048800000,88.6376
1708052400000,88.8467
1708056000000,88.9419
1708059600000,88.8439
1708063200000,88.1658
1708066800000,88.0690
1708070400000,87.8981
1708074000000,87.7868
1708077600000,88.4435
1708081200000,88.5682
1708084800000,88.9531
1708088400000,89.2050
1708092000000,88.8695
1708095600000,89.2423
1708099200000,89.2239
1708102800000,88.9509
1708106400000,88.9375
1708110000000,88.7729
1708113600000,89.0489
1708117200000,89.0539
1708120800000,89.2386
1708124400000,89.2797
1708128000000,89.5115
1708131600000,89.2595
1708135200000,89.5495
1708138800000,89.2234
1708142400000,89.2373
1708146000000,88.9337
1708149600000,88.9774
1708153200000,89.0999
1708156800000,88.9587
1708160400000,88.6156
1708164000000,88.6481
1708167600000,88.7668
1708171200000,89.0181
1708174800000,88.5156
1708178400000,87.6375
1708182000000,87.7487
1708185600000,87.8289
1708189200000,88.1070
1708192800000,87.9941
1708196400000,88.0443
1708200000000,87.9534
1708203600000,88.1540
1708207200000,88.1035
1708210800000,88.0163
1708214400000,87.7722
1708218000000,87.6599
1708221600000,87.7490
1708225200000,87.7624
1708228800000,87.8927
1708232400000,88.0279
1708236000000,87.9740
1708239600000,88.1480
1708243200000,88.3697
1708246800000,88.2922
1708250400000,88.1543
1708254000000,88.1154
1708257600000,87.7416
1708261200000,87.8347
1708264800000,87.9314
1708268400000,87.7252
1708272000000,87.5636
1708275600000,87.4595
1708279200000,87.0268
1708282800000,87.1688
1708286400000,87.0043
1708290000000,86.8341
1708293600000,86.9534
1708297200000,86.3268
1708300800000,86.8599
1708304400000,86.6634
1708308000000,86.7280
1708311600000,86.5020
1708315200000,86.3497
1708318800000,86.1001
1708322400000,86.1852
1708326000000,86.4246
1708329600000,86.0025
1708333200000,86.0823
1708336800000,86.3847
1708340400000,86.4330
1708344000000,86.5561
1708347600000,86.4685
1708351200000,86.1687
1708354800000,86.4681
1708358400000,85.9743
1708362000000,85.6530
1708365600000,85.5565
1708369200000,85.4582
1708372800000,85.4057
1708376400000,85.0883
1708380000000,85.1899
1708383600000,85.0894
1708387200000,85.2104
1708390800000,85.6153
1708394400000,85.8444
1708398000000,85.7717
1708401600000,85.9473
1708405200000,86.3160
1708408800000,86.3483
1708412400000,86.4350
1708416000000,86.3251
1708419600000,86.2965
1708423200000,86.6149
1708426800000,86.6373
1708430400000,86.3686
1708434000000,86.3512
1708437600000,85.9212
1708441200000,85.2957
1708444800000,85.1209
1708448400000,84.8331
1708452000000,84.9744
1708455600000,85.0086
1708459200000,85.0414
1708462800000,84.8827
1708466400000,85.0114
1708470000000,84.7275
1708473600000,84.7772
1708477200000,84.7200
1708480800000,84.5704
1708484400000,84.4804
1708488000000,84.6970
1708491600000,84.9007
1708495200000,85.0895
1708498800000,86.2403
1708502400000,86.8263
1708506000000,86.6123
1708509600000,87.0293
1708513200000,86.9410
1708516800000,88.0328
1708520400000,87.9787
1708524000000,87.6672
1708527600000,87.6949
1708531200000,87.7373
1708534800000,87.4478
1708538400000,87.3344
1708542000000,87.7777
1708545600000,88.0934
1708549200000,88.2138
1708552800000,88.4112
1708556400000,88.7373
1708560000000,89.7417
1708563600000,88.7833
1708567200000,88.6428
1708570800000,88.5178
1708574400000,88.5416
1708578000000,88.9091
1708581600000,89.1565
1708585200000,88.5963
1708588800000,88.0960
1708592400000,88.4460
1708596000000,88.3552
1708599600000,88.6399
1708603200000,88.5546
1708606800000,88.2487
1708610400000,88.4861
1708614000000,88.4300
1708617600000,88.1539
1708621200000,88.5317
1708624800000,88.5849
1708628400000,88.4817
1708632000000,89.1205
1708635600000,88.8187
1708639200000,88.8070
1708642800000,88.6244
1708646400000,88.8467
1708650000000,88.7478
1708653600000,88.5666
1708657200000,88.1861
1708660800000,88.3187
1708664400000,88.5589
1708668000000,88.7281
1708671600000,87.8327
1708675200000,88.4063
1708678800000,88.0715
1708682400000,88.1798
1708686000000,88.2194
1708689600000,87.8104
1708693200000,87.8063
1708696800000,88.1465
1708700400000,87.6528
1708704000000,87.7493
1708707600000,87.8443
1708711200000,87.8316
1708714800000,88.1769
1708718400000,87.7997
1708722000000,87.8288
1708725600000,87.8156
1708729200000,87.9590
1708732800000,88.1090
1708736400000,87.5574
1708740000000,87.9811
1708743600000,88.2215
1708747200000,88.2357
1708750800000,88.4095
1708754400000,88.2440
1708758000000,88.1396
1708761600000,88.3663
1708765200000,88.3633
1708768800000,88.4816
1708772400000,88.3360
1708776000000,88.2402
1708779600000,88.2047
1708783200000,88.3584
1708786800000,88.2954
1708790400000,88.3842
1708794000000,88.3270
1708797600000,88.4906
1708801200000,88.6439
1708804800000,88.5342
1708808400000,88.6209
1708812000000,88.4904
1708815600000,88.3815
1708819200000,88.2363
1708822800000,87.8928
1708826400000,87.5191
1708830000000,87.5307
1708833600000,87.4520
1708837200000,87.4692
1708840800000,87.6507
1708844400000,87.7084
1708848000000,87.6893
1708851600000,87.6330
1708855200000,87.5482
1708858800000,87.9125
1708862400000,87.9828
1708866000000,87.9530
1708869600000,87.6296
1708873200000,87.8960
1708876800000,87.7444
1708880400000,87.7635
1708884000000,87.7424
1708887600000,87.9332
1708891200000,87.6292
1708894800000,87.4640
1708898400000,87.7740
1708902000000,87.3556
1708905600000,87.3538
1708909200000,86.7249
1708912800000,86.7441
1708916400000,86.6528
1708920000000,86.9866
1708923600000,86.8756
1708927200000,87.0267
1708930800000,87.0463
1708934400000,87.3400
1708938000000,87.3946
1708941600000,87.7752
1708945200000,87.9080
1708948800000,88.0244
1708952400000,88.5975
1708956000000,88.7375
1708959600000,89.0500
1708963200000,89.6384
1708966800000,89.8239
1708970400000,89.8439
1708974000000,90.2066
1708977600000,90.8109
1708981200000,90.8109
1708984800000,90.6689
1708988400000,90.6557
1708992000000,90.9204
1708995600000,90.9956
1708999200000,91.1927
1709002800000,90.7838
1709006400000,90.8261
1709010000000,91.0583
1709013600000,91.1558
1709017200000,90.7539
1709020800000,91.0758
1709024400000,90.9935
1709028000000,90.9354
1709031600000,90.8691
1709035200000,91.1711
1709038800000,91.1564
1709042400000,90.8617
1709046000000,90.8035
1709049600000,91.0902
1709053200000,90.8706
1709056800000,91.3074
1709060400000,91.3289
1709064000000,91.0845
1709067600000,90.7896
1709071200000,91.0431
1709074800000,91.0841
1709078400000,90.9833
1709082000000,91.0324
1709085600000,91.3054
1709089200000,91.0089
1709092800000,91.2332
1709096400000,91.3977
1709100000000,91.3826
1709103600000,91.9669
1709107200000,93.2186
1709110800000,93.5644
1709114400000,93.3683
1709118000000,93.4612
1709121600000,93.7821
1709125200000,94.7965
1709128800000,94.7963
1709132400000,94.7285
1709136000000,95.6899
1709139600000,95.1088
1709143200000,94.8527
1709146800000,94.8705
1709150400000,94.3850
1709154000000,94.3342
1709157600000,94.9567
1709161200000,95.5818
1709164800000,93.8479
1709168400000,94.0589
1709172000000,94.2884
1709175600000,94.4370
1709179200000,94.7672
1709182800000,94.4587
1709186400000,94.7753
1709190000000,94.6023
1709193600000,94.6273
1709197200000,94.0999
1709200800000,94.2008
1709204400000,93.5138
1709208000000,93.6117
1709211600000,93.8913
1709215200000,93.9613
1709218800000,93.7152
1709222400000,93.7461
1709226000000,93.2319
1709229600000,93.1480
1709233200000,93.5237
1709236800000,94.0088
1709240400000,93.7802
1709244000000,93.2698
1709247600000,93.3196
1709251200000,93.6392
1709254800000,93.5775
1709258400000,93.5238
1709262000000,93.6354
1709265600000,93.9999
1709269200000,93.7878
1709272800000,93.6516
1709276400000,93.6981
1709280000000,93.7187
1709283600000,93.8979
1709287200000,93.9962
1709290800000,93.6864
1709294400000,93.7796
1709298000000,93.9674
1709301600000,93.5974
1709305200000,93.1083
1709308800000,93.3076
1709312400000,93.5736
1709316000000,93.7979
1709319600000,93.7360
1709323200000,94.2214
1709326800000,94.0979
1709330400000,93.8794
1709334000000,93.9253
1709337600000,93.7313
1709341200000,93.6421
1709344800000,93.8163
1709348400000,94.4878
1709352000000,94.0746
1709355600000,94.0711
1709359200000,93.7207
1709362800000,93.8940
1709366400000,93.9765
1709370000000,93.9806
1709373600000,93.9670
1709377200000,93.9611
1709380800000,94.3095
1709384400000,94.1559
1709388000000,94.0071
1709391600000,93.6853
1709395200000,93.6557
1709398800000,93.7372
1709402400000,93.8760
1709406000000,94.0751
1709409600000,94.0167
1709413200000,94.0939
1709416800000,93.9691
1709420400000,94.1991
1709424000000,93.8734
1709427600000,93.8541
1709431200000,94.0109
1709434800000,93.9533
1709438400000,94.1542
1709442000000,94.0913
1709445600000,94.2314
1709449200000,93.8236
1709452800000,93.8927
1709456400000,94.3595
1709460000000,94.3723
1709463600000,94.4926
1709467200000,94.6665
1709470800000,94.6645
1709474400000,94.6036
1709478000000,94.6181
1709481600000,94.6011
1709485200000,94.5254
1709488800000,94.5275
1709492400000,94.4450
1709496000000,94.5434
1709499600000,94.6395
1709503200000,94.6018
1709506800000,94.5678
1709510400000,95.0060
1709514000000,95.1704
1709517600000,95.0396
1709521200000,95.0762
1709524800000,95.1207
1709528400000,95.0649
1709532000000,95.3546
1709535600000,95.7879
1709539200000,96.5654
1709542800000,96.6610
1709546400000,96.4874
1709550000000,96.3680
1709553600000,96.4622
1709557200000,96.4001
1709560800000,96.7681
1709564400000,96.7530
1709568000000,96.6936
1709571600000,96.6118
1709575200000,96.0142
1709578800000,96.6985
1709582400000,96.7755
1709586000000,97.0070
1709589600000,97.2598
1709593200000,97.1594
1709596800000,97.3470
1709600400000,97.3190
1709604000000,97.2009
1709607600000,96.3560
1709611200000,96.0220
1709614800000,95.3981
1709618400000,95.4885
1709622000000,94.7265
1709625600000,95.1106
1709629200000,94.6724
1709632800000,94.9426
1709636400000,94.3350
1709640000000,94.7019
1709643600000,94.7142
1709647200000,94.9138
1709650800000,93.3478
1709654400000,92.7616
1709658000000,92.8015
1709661600000,92.1178
1709665200000,90.2760
1709668800000,90.7866
1709672400000,91.2860
1709676000000,91.8029
1709679600000,91.6212
1709683200000,91.0165
1709686800000,91.1496
1709690400000,90.6027
1709694000000,91.1261
1709697600000,92.0561
1709701200000,91.9327
1709704800000,91.5151
1709708400000,92.5505
1709712000000,92.4311
1709715600000,91.6601
1709719200000,94.4028
1709722800000,93.5715
1709726400000,92.6148
1709730000000,93.0078
1709733600000,92.8387
1709737200000,93.4616
1709740800000,93.9100
1709744400000,93.7881
1709748000000,93.4386
1709751600000,93.2981
1709755200000,93.5804
1709758800000,93.5502
1709762400000,93.4733
1709766000000,93.8637
1709769600000,93.7608
1709773200000,94.0509
1709776800000,94.2210
1709780400000,93.9866
1709784000000,94.0919
1709787600000,94.0223
1709791200000,94.1679
1709794800000,95.1146
1709798400000,95.0055
1709802000000,95.3691
1709805600000,95.8213
1709809200000,96.1192
1709812800000,96.4006
1709816400000,96.6655
1709820000000,97.0296
1709823600000,96.9517
1709827200000,98.0760
1709830800000,98.0641
1709834400000,98.2749
1709838000000,98.9039
1709841600000,98.4239
1709845200000,99.0323
1709848800000,98.9460
1709852400000,99.1228
1709856000000,98.5089
1709859600000,98.2797
1709863200000,97.9021
1709866800000,97.8821
1709870400000,98.3318
1709874000000,98.0954
1709877600000,98.5412
1709881200000,98.1974
1709884800000,98.0249
1709888400000,98.2161
1709892000000,98.1334
1709895600000,98.6988
1709899200000,99.2576
1709902800000,99.4480
1709906400000,100.2049
1709910000000,99.0879
1709913600000,99.8189
1709917200000,100.1751
1709920800000,100.8189
1709924400000,100.9350
1709928000000,100.9621
1709931600000,100.2368
1709935200000,100.4877
1709938800000,101.1194
1709942400000,101.1192
1709946000000,100.7742
1709949600000,100.9331
1709953200000,101.4209
1709956800000,101.3374
1709960400000,101.1707
1709964000000,101.3113
1709967600000,101.2569
1709971200000,101.1330
1709974800000,101.9175
1709978400000,101.4141
1709982000000,101.4212
1709985600000,101.4700
1709989200000,101.2907
1709992800000,100.9231
1709996400000,101.0182
1710000000000,101.2445
1710003600000,101.1639
1710007200000,101.2984
1710010800000,101.2276
1710014400000,101.5659
1710018000000,101.6040
1710021600000,101.6874
1710025200000,101.6172
1710028800000,101.6364
1710032400000,101.6214
1710036000000,101.6974
1710039600000,101.8400
1710043200000,102.4389
1710046800000,102.3978
1710050400000,102.5067
1710054000000,103.4598
1710057600000,104.4692
1710061200000,104.4590
1710064800000,105.5180
1710068400000,105.0390
1710072000000,105.0366
1710075600000,104.7269
1710079200000,104.8514
1710082800000,104.3638
1710086400000,104.8656
1710090000000,105.1521
1710093600000,104.8130
1710097200000,105.2538
1710100800000,104.9400
1710104400000,105.1171
1710108000000,104.5397
1710111600000,105.0211
1710115200000,104.0115
1710118800000,103.9301
1710122400000,103.7953
1710126000000,104.3630
1710129600000,104.2183
1710133200000,104.2120
1710136800000,104.6761
1710140400000,104.8459
1710144000000,105.0807
1710147600000,105.1890
1710151200000,104.6951
1710154800000,104.2019
1710158400000,104.3788
1710162000000,103.7510
1710165600000,104.3864
1710169200000,104.1535
1710172800000,104.3000
1710176400000,104.4672
1710180000000,104.2253
1710183600000,104.1892
1710187200000,104.5319
1710190800000,104.6716
1710194400000,104.4790
1710198000000,104.3331
1710201600000,104.3871
1710205200000,104.8729
1710208800000,105.3118
1710212400000,105.5198
1710216000000,106.1644
1710219600000,106.0168
1710223200000,106.3052
1710226800000,106.3280
1710230400000,105.4433
1710234000000,105.5856
1710237600000,105.3538
1710241200000,105.5568
1710244800000,105.4424
1710248400000,105.4262
1710252000000,107.0980
1710255600000,106.8335
1710259200000,106.3453
1710262800000,106.4095
1710266400000,106.9578
1710270000000,106.6276
1710273600000,106.3409
1710277200000,106.3744
1710280800000,106.4309
1710284400000,106.3420
1710288000000,105.8966
1710291600000,105.9366
1710295200000,105.8907
1710298800000,106.0332
1710302400000,106.2382
1710306000000,106.2725
1710309600000,107.7478
1710313200000,107.7479
1710316800000,108.9403
1710320400000,109.1422
1710324000000,109.9677
1710327600000,110.4584
1710331200000,111.0595
1710334800000,111.0594
1710338400000,111.2053
1710342000000,111.3871
1710345600000,111.7772
1710349200000,111.8783
1710352800000,112.0649
1710356400000,112.6774
1710360000000,112.7611
1710363600000,112.6304
1710367200000,114.1724
1710370800000,114.1725
1710374400000,113.3787
1710378000000,113.1766
1710381600000,113.2975
1710385200000,113.1184
1710388800000,113.0876
1710392400000,113.5636
1710396000000,113.7311
1710399600000,112.7541
1710403200000,112.8929
1710406800000,112.8499
1710410400000,112.8062
1710414000000,112.5554
1710417600000,112.5051
1710421200000,111.8585
1710424800000,112.0549
1710428400000,111.5176
1710432000000,111.7844
1710435600000,111.6355
1710439200000,110.9505
1710442800000,110.2185
1710446400000,111.8029
1710450000000,112.0261
1710453600000,112.4838
1710457200000,112.2744
1710460800000,112.5658
1710464400000,112.3576
1710468000000,110.8119
1710471600000,110.4926
1710475200000,110.0180
1710478800000,109.6211
1710482400000,110.6428
1710486000000,110.2236
1710489600000,108.7438
1710493200000,109.7496
1710496800000,110.1876
1710500400000,110.6081
1710504000000,110.3937
1710507600000,111.0055
1710511200000,111.1634
1710514800000,111.9250
1710518400000,111.6172
1710522000000,112.1494
1710525600000,113.4053
1710529200000,112.5403
1710532800000,111.4474
1710536400000,111.9444
1710540000000,113.1877
1710543600000,115.0633
1710547200000,113.9888
1710550800000,113.5094
1710554400000,113.5743
1710558000000,113.3165
1710561600000,113.7098
1710565200000,113.5095
1710568800000,113.4109
1710572400000,113.6153
1710576000000,113.4422
1710579600000,113.7189
1710583200000,113.2309
1710586800000,112.9253
1710590400000,112.2538
1710594000000,111.8210
1710597600000,112.3994
1710601200000,112.6103
1710604800000,112.1068
1710608400000,111.2117
1710612000000,111.2178
1710615600000,111.1850
1710619200000,111.3845
1710622800000,111.3357
1710626400000,111.5231
1710630000000,110.4647
1710633600000,110.2074
1710637200000,111.2217
1710640800000,111.5217
1710644400000,111.6029
1710648000000,111.0689
1710651600000,110.7099
1710655200000,109.8402
1710658800000,110.0157
1710662400000,110.4052
1710666000000,110.3610
1710669600000,110.7637
1710673200000,110.5576
1710676800000,110.0495
1710680400000,110.7172
1710684000000,111.1907
1710687600000,111.9073
1710691200000,111.8576
1710694800000,111.8591
1710698400000,111.0650
1710702000000,111.6094
1710705600000,111.1958
1710709200000,110.7126
1710712800000,110.9382
1710716400000,110.6886
1710720000000,109.3270
1710723600000,109.6304
1710727200000,110.1590
1710730800000,110.4386
1710734400000,110.6660
1710738000000,111.2616
1710741600000,112.1646
1710745200000,111.1907
1710748800000,111.0277
1710752400000,110.6918
1710756000000,111.1695
1710759600000,110.9168
1710763200000,111.2423
1710766800000,109.9734
1710770400000,109.6531
1710774000000,110.0101
1710777600000,109.6945
1710781200000,109.8673
1710784800000,109.9942
1710788400000,109.9079
1710792000000,110.1752
1710795600000,110.0822
1710799200000,110.3107
1710802800000,110.4125
1710806400000,110.0681
1710810000000,108.7800
1710813600000,108.9691
1710817200000,108.7952
1710820800000,108.3833
1710824400000,108.3841
1710828000000,108.2784
1710831600000,108.3663
1710835200000,107.2685
1710838800000,106.8882
1710842400000,106.9529
1710846000000,106.3551
1710849600000,106.4837
1710853200000,106.4858
1710856800000,106.4423
1710860400000,106.6861
1710864000000,107.0078
1710867600000,107.1053
1710871200000,106.9756
1710874800000,106.5428
1710878400000,106.7918
1710882000000,106.7711
1710885600000,106.8637
1710889200000,107.0449
1710892800000,106.9739
1710896400000,107.1350
1710900000000,106.8702
1710903600000,106.9628
1710907200000,107.2150
1710910800000,107.3876
1710914400000,107.1348
1710918000000,106.9954
1710921600000,106.9421
1710925200000,106.9634
1710928800000,106.8938
1710932400000,106.3590
1710936000000,106.0446
1710939600000,105.8468
1710943200000,105.7766
1710946800000,106.5098
1710950400000,106.8113
1710954000000,106.7738
1710957600000,106.4388
1710961200000,106.9238
1710964800000,106.7738
1710968400000,106.7248
1710972000000,106.4549
1710975600000,106.6124
1710979200000,106.4883
1710982800000,106.4637
1710986400000,106.1051
1710990000000,105.8754
1710993600000,106.1237
1710997200000,106.1246
1711000800000,106.1409
1711004400000,106.0336
1711008000000,105.5704
1711011600000,105.6756
1711015200000,105.6970
1711018800000,105.8846
1711022400000,105.8913
1711026000000,105.8155
1711029600000,105.7796
1711033200000,105.9715
1711036800000,105.7450
1711040400000,105.7093
1711044000000,105.9453
1711047600000,105.7612
1711051200000,105.4008
1711054800000,105.2765
1711058400000,105.3541
1711062000000,105.3082
1711065600000,105.4776
1711069200000,105.5024
1711072800000,105.5910
1711076400000,105.2728
1711080000000,105.5202
1711083600000,105.4568
1711087200000,105.4646
1711090800000,105.5394
1711094400000,105.6757
1711098000000,105.6242
1711101600000,105.4777
1711105200000,105.5362
1711108800000,105.4756
1711112400000,105.5422
1711116000000,105.9856
1711119600000,105.9901
1711123200000,106.0314
1711126800000,105.9531
1711130400000,105.9854
1711134000000,106.0937
1711137600000,106.1308
1711141200000,106.0532
1711144800000,106.1810
1711148400000,106.0970
1711152000000,106.1595
1711155600000,106.1761
1711159200000,106.1135
1711162800000,106.3419
1711166400000,106.2639
1711170000000,106.3465
1711173600000,106.2811
1711177200000,106.2683
1711180800000,106.4127
1711184400000,106.3357
1711188000000,106.3158
1711191600000,106.3090
1711195200000,106.2973
1711198800000,106.2775
1711202400000,106.1052
1711206000000,106.1275
1711209600000,106.3945
1711213200000,106.5238
1711216800000,106.3143
1711220400000,106.2115
1711224000000,106.2941
1711227600000,106.2365
1711231200000,106.2386
1711234800000,106.3144
1711238400000,106.3289
1711242000000,106.3710
1711245600000,106.3298
1711249200000,106.5696
1711252800000,106.5469
1711256400000,106.5844
1711260000000,106.5091
1711263600000,106.5670
1711267200000,106.5718
1711270800000,106.4791
1711274400000,106.4905
1711278000000,106.5111
1711281600000,106.5673
1711285200000,106.5384
1711288800000,106.5948
1711292400000,106.6167
1711296000000,106.6741
1711299600000,106.7674
1711303200000,106.8724
1711306800000,106.9202
1711310400000,106.7426
1711314000000,106.8785
1711317600000,106.9408
1711321200000,106.9499
1711324800000,106.8479
1711328400000,106.8261
1711332000000,106.7807
1711335600000,107.0458
1711339200000,106.7151
1711342800000,106.6541
1711346400000,106.7491
1711350000000,106.8136
1711353600000,106.8392
1711357200000,106.8215
1711360800000,106.8034
1711364400000,106.9111
1711368000000,106.9233
1711371600000,107.1055
1711375200000,107.0898
1711378800000,107.1359
1711382400000,107.0816
1711386000000,106.9433
1711389600000,107.1410
1711393200000,107.2175
1711396800000,107.3226
1711400400000,107.0840
1711404000000,107.1122
1711407600000,107.0845
1711411200000,106.9987
1711414800000,107.0412
1711418400000,107.1333
1711422000000,107.0491
1711425600000,106.9603
1711429200000,106.8738
1711432800000,106.8508
1711436400000,106.9408
1711440000000,106.8553
1711443600000,107.0198
1711447200000,107.0433
1711450800000,107.1263
1711454400000,107.2497
1711458000000,107.2113
1711461600000,107.3403
1711465200000,107.3010
1711468800000,107.3442
1711472400000,107.2948
1711476000000,107.3288
1711479600000,107.1790
1711483200000,107.2243
1711486800000,107.2096
1711490400000,107.1547
1711494000000,107.1970
1711497600000,107.2641
1711501200000,107.1932
1711504800000,107.2062
1711508400000,107.2735
1711512000000,107.2858
1711515600000,107.2169
1711519200000,107.1698
1711522800000,107.2940
1711526400000,107.3471
1711530000000,107.4134
1711533600000,107.3482
1711537200000,107.3844
1711540800000,107.4156
1711544400000,107.3995
1711548000000,107.5995
1711551600000,107.3472
1711555200000,107.4772
1711558800000,107.4181
1711562400000,107.7374
1711566000000,107.4841
1711569600000,107.3953
1711573200000,107.4905
1711576800000,107.7238
1711580400000,107.9185
1711584000000,107.9184
1711587600000,107.6305
1711591200000,107.2917
1711594800000,107.2713
1711598400000,107.8859
1711602000000,107.3880
1711605600000,107.5299
1711609200000,107.7157
1711612800000,107.6823
1711616400000,107.5628
1711620000000,107.4629
1711623600000,107.5384
1711627200000,107.4885
1711630800000,107.5442
1711634400000,107.7499
1711638000000,107.8358
1711641600000,107.4447
1711645200000,107.5420
1711648800000,107.2618
1711652400000,107.4079
1711656000000,107.2970
1711659600000,107.4141
1711663200000,107.6724
1711666800000,107.5762
1711670400000,107.5936
1711674000000,107.6747
1711677600000,107.6776
1711681200000,107.7486
1711684800000,109.4898
1711688400000,109.5190
1711692000000,109.2893
1711695600000,109.4339
1711699200000,109.4735
1711702800000,109.6513
1711706400000,109.7346
1711710000000,110.0760
1711713600000,110.3010
1711717200000,110.4859
1711720800000,110.0722
1711724400000,109.4926
1711728000000,110.0032
1711731600000,110.0491
1711735200000,110.0735
1711738800000,110.2004
1711742400000,110.2514
1711746000000,110.2719
1711749600000,110.3867
1711753200000,110.1055
1711756800000,109.8206
1711760400000,109.8231
1711764000000,109.7047
1711767600000,109.9403
1711771200000,110.0397
1711774800000,109.8510
1711778400000,109.5800
1711782000000,109.2275
1711785600000,109.0874
1711789200000,109.2474
1711792800000,109.2593
1711796400000,109.0000
1711800000000,109.0457
1711803600000,109.2012
1711807200000,109.2543
1711810800000,109.2352
1711814400000,109.4403
1711818000000,109.5992
1711821600000,109.6306
1711825200000,109.5023
1711828800000,109.5134
1711832400000,109.3857
1711836000000,109.3288
1711839600000,108.9680
1711843200000,109.2269
1711846800000,109.4131
1711850400000,109.4945
1711854000000,109.4297
1711857600000,109.1168
1711861200000,108.7000
1711864800000,108.1750
1711868400000,108.3077
1711872000000,108.1600
1711875600000,108.3587
1711879200000,108.4742
1711882800000,108.4933
1711886400000,108.4596
1711890000000,108.2586
1711893600000,108.2719
1711897200000,108.0660
1711900800000,108.1330
1711904400000,108.0992
1711908000000,108.5239
1711911600000,108.5667
1711915200000,108.5818
1711918800000,108.6381
1711922400000,108.6306
1711926000000,108.7091
1711929600000,108.7987
1711933200000,108.6796
1711936800000,108.2684
1711940400000,107.9351
1711944000000,107.6410
1711947600000,106.8399
1711951200000,107.2880
1711954800000,107.1915
1711958400000,106.8753
1711962000000,106.8578
1711965600000,106.9727
1711969200000,107.0938
1711972800000,107.3287
1711976400000,107.6430
1711980000000,106.7589
1711983600000,106.6094
1711987200000,106.5852
1711990800000,106.9672
1711994400000,107.1666
1711998000000,107.4618
1712001600000,107.4257
1712005200000,107.3763
1712008800000,107.1426
1712012400000,106.9254
1712016000000,106.7363
1712019600000,106.9672
1712023200000,105.7128
1712026800000,105.5050
1712030400000,105.3075
1712034000000,105.3965
1712037600000,105.6876
1712041200000,105.2104
1712044800000,105.2458
1712048400000,105.2415
1712052000000,105.3671
1712055600000,105.0875
1712059200000,104.8838
1712062800000,105.0231
1712066400000,105.4994
1712070000000,105.2645
1712073600000,105.6670
1712077200000,105.6579
1712080800000,105.8152
1712084400000,105.9522
1712088000000,105.8127
1712091600000,105.7672
1712095200000,105.5682
1712098800000,105.0473
1712102400000,104.7676
1712106000000,105.3663
1712109600000,105.4480
1712113200000,105.8319
1712116800000,105.6080
1712120400000,105.6438
1712124000000,106.0372
1712127600000,105.7550
1712131200000,106.1279
1712134800000,105.9561
1712138400000,105.5856
1712142000000,105.3340
1712145600000,105.2749
1712149200000,105.0440
1712152800000,105.5108
1712156400000,105.0500
1712160000000,105.1508
1712163600000,105.0297
1712167200000,105.2890
1712170800000,105.3524
1712174400000,105.2772
1712178000000,105.5350
1712181600000,105.9721
1712185200000,105.8108
1712188800000,106.3889
1712192400000,106.7161
1712196000000,107.6992
1712199600000,107.3417
1712203200000,107.2177
1712206800000,107.3962
1712210400000,107.2800
1712214000000,107.5353
1712217600000,107.6068
1712221200000,107.7865
1712224800000,107.8211
1712228400000,107.8472
1712232000000,108.0741
1712235600000,108.3357
1712239200000,108.7279
1712242800000,108.7353
1712246400000,108.8958
1712250000000,109.4089
1712253600000,109.4884
1712257200000,109.6500
1712260800000,109.2524
1712264400000,109.0241
1712268000000,108.9319
1712271600000,109.4264
1712275200000,109.8022
1712278800000,109.5603
1712282400000,108.8498
1712286000000,108.9191
1712289600000,108.4518
1712293200000,107.6471
1712296800000,107.8616
1712300400000,107.9574
1712304000000,108.6175
1712307600000,108.1974
1712311200000,108.5623
1712314800000,108.4982
1712318400000,108.7284
1712322000000,109.1937
1712325600000,109.2234
1712329200000,109.0995
1712332800000,108.9023
1712336400000,108.3524
1712340000000,108.4562
1712343600000,108.5124
1712347200000,108.3980
1712350800000,108.4043
1712354400000,108.5750
1712358000000,108.4291
1712361600000,108.3239
1712365200000,108.3135
1712368800000,108.1169
1712372400000,108.4688
1712376000000,108.6689
1712379600000,108.6439
1712383200000,108.6554
1712386800000,108.8497
1712390400000,108.7743
1712394000000,108.5230
1712397600000,108.4638
1712401200000,108.4349
1712404800000,108.5826
1712408400000,108.5726
1712412000000,108.8614
1712415600000,108.8847
1712419200000,109.0155
1712422800000,108.9958
1712426400000,108.8566
1712430000000,108.7738
1712433600000,108.8512
1712437200000,108.9352
1712440800000,109.3295
1712444400000,109.3666
1712448000000,109.5579
1712451600000,109.6560
1712455200000,109.4841
1712458800000,109.6096
1712462400000,109.3745
1712466000000,109.3693
1712469600000,109.3477
1712473200000,109.3518
1712476800000,109.4113
1712480400000,109.2958
1712484000000,109.3156
1712487600000,109.2309
1712491200000,109.1746
1712494800000,109.2171
1712498400000,109.2462
1712502000000,109.1978
1712505600000,109.5030
1712509200000,109.2520
1712512800000,108.9154
1712516400000,108.4963
1712520000000,108.5736
1712523600000,108.4155
1712527200000,108.3080
1712530800000,108.1123
1712534400000,108.2208
1712538000000,108.2871
1712541600000,108.0841
1712545200000,108.4653
1712548800000,108.4424
1712552400000,108.7895
1712556000000,108.7325
1712559600000,109.2003
1712563200000,108.7769
1712566800000,109.2168
1712570400000,109.1402
1712574000000,108.7962
1712577600000,108.1482
1712581200000,108.3375
1712584800000,107.5004
1712588400000,107.6768
1712592000000,107.4558
1712595600000,107.1109
1712599200000,107.0132
1712602800000,106.7259
1712606400000,106.8863
1712610000000,106.9374
1712613600000,106.6478
1712617200000,106.5252
1712620800000,106.2678
1712624400000,106.1459
1712628000000,105.9207
1712631600000,105.9608
1712635200000,105.8443
1712638800000,105.9402
1712642400000,106.1948
1712646000000,105.3610
1712649600000,106.2079
1712653200000,105.9345
1712656800000,106.4371
1712660400000,106.6249
1712664000000,106.5363
1712667600000,106.1990
1712671200000,106.6250
1712674800000,106.5407
1712678400000,106.2995
1712682000000,106.4976
1712685600000,106.6674
1712689200000,106.6533
1712692800000,106.8394
1712696400000,107.0631
1712700000000,107.0761
1712703600000,106.9269
1712707200000,106.9726
1712710800000,106.8528
1712714400000,106.5234
1712718000000,106.7083
1712721600000,106.5882
1712725200000,106.7242
1712728800000,106.6683
1712732400000,107.2286
1712736000000,107.3062
1712739600000,107.3106
1712743200000,107.2173
1712746800000,107.1677
1712750400000,106.8535
1712754000000,107.1693
1712757600000,107.4974
1712761200000,108.0316
1712764800000,109.1351
1712768400000,108.9493
1712772000000,109.2473
1712775600000,109.5356
1712779200000,109.2943
1712782800000,109.7247
1712786400000,109.8037
1712790000000,109.9165
1712793600000,109.8238
1712797200000,109.8153
1712800800000,110.1470
1712804400000,110.0617
1712808000000,109.7013
1712811600000,109.5077
1712815200000,109.0288
1712818800000,108.8927
1712822400000,108.4190
1712826000000,108.2625
1712829600000,108.4880
1712833200000,108.2368
1712836800000,109.0471
1712840400000,109.2910
1712844000000,109.2287
1712847600000,109.2786
1712851200000,109.2358
1712854800000,109.3966
1712858400000,109.3457
1712862000000,109.6525
1712865600000,109.7782
1712869200000,109.5548
1712872800000,109.7203
1712876400000,109.5134
1712880000000,109.8520
1712883600000,110.1825
1712887200000,110.2192
1712890800000,110.4963
1712894400000,110.5337
1712898000000,111.3789
1712901600000,111.3335
1712905200000,111.2152
1712908800000,111.1146
1712912400000,111.4181
1712916000000,111.1645
1712919600000,111.1698
1712923200000,111.1906
1712926800000,110.6241
1712930400000,110.2191
1712934000000,110.5894
1712937600000,110.4276
1712941200000,110.6104
1712944800000,109.3616
1712948400000,110.0803
1712952000000,110.4933
1712955600000,110.8318
1712959200000,110.6240
1712962800000,110.4811
1712966400000,109.7143
1712970000000,108.3516
1712973600000,109.0671
1712977200000,109.5834
1712980800000,110.1758
1712984400000,109.7221
1712988000000,109.8605
1712991600000,110.2808
1712995200000,110.3277
1712998800000,110.3989
1713002400000,109.9599
1713006000000,110.0858
1713009600000,110.1582
1713013200000,110.0257
1713016800000,110.0735
1713020400000,110.3326
1713024000000,109.6055
1713027600000,109.3736
1713031200000,109.4571
1713034800000,107.3896
1713038400000,105.5787
1713042000000,107.1471
1713045600000,108.2269
1713049200000,107.9845
1713052800000,107.7495
1713056400000,107.7763
1713060000000,107.6386
1713063600000,107.7236
1713067200000,107.7006
1713070800000,108.2054
1713074400000,108.4139
1713078000000,108.3026
1713081600000,108.1260
1713085200000,107.8632
1713088800000,108.1738
1713092400000,107.7981
1713096000000,108.0618
1713099600000,107.7281
1713103200000,107.0772
1713106800000,107.2452
1713110400000,107.3113
1713114000000,106.7700
1713117600000,107.1949
1713121200000,107.1396
1713124800000,106.7546
1713128400000,106.8124
1713132000000,107.9385
1713135600000,108.2122
1713139200000,108.3875
1713142800000,107.9379
1713146400000,107.7775
1713150000000,108.0868
1713153600000,107.7199
1713157200000,108.1923
1713160800000,108.3357
1713164400000,108.1480
1713168000000,108.1192
1713171600000,108.7384
1713175200000,108.6946
1713178800000,108.2520
1713182400000,108.4255
1713186000000,108.1979
1713189600000,107.0304
1713193200000,107.2737
1713196800000,106.9400
1713200400000,106.9534
1713204000000,106.5946
1713207600000,106.4298
1713211200000,106.3279
1713214800000,106.3792
1713218400000,106.2954
1713222000000,106.2484
1713225600000,105.9828
1713229200000,105.9335
1713232800000,105.9581
1713236400000,105.7079
1713240000000,105.5450
1713243600000,105.8163
1713247200000,106.0902
1713250800000,106.0768
1713254400000,105.9178
1713258000000,105.8508
1713261600000,105.2856
1713265200000,105.3587
1713268800000,105.3503
1713272400000,104.9215
1713276000000,104.4316
1713279600000,104.1428
1713283200000,104.8448
1713286800000,104.7916
1713290400000,105.1357
1713294000000,104.9243
1713297600000,105.2370
1713301200000,105.8420
1713304800000,105.6442
1713308400000,105.5212
1713312000000,105.7450
1713315600000,105.6283
1713319200000,105.6144
1713322800000,105.7566
1713326400000,105.9654
1713330000000,105.9449
1713333600000,106.0545
1713337200000,105.7805
1713340800000,105.8321
1713344400000,105.8885
1713348000000,105.1452
1713351600000,104.8266
1713355200000,105.1006
1713358800000,105.3210
1713362400000,104.5297
1713366000000,103.3500
1713369600000,103.4978
1713373200000,104.3787
1713376800000,104.3506
1713380400000,104.4323
1713384000000,104.7793
1713387600000,104.8891
1713391200000,105.1356
1713394800000,104.8506
1713398400000,105.0817
1713402000000,105.1992
1713405600000,105.4773
1713409200000,106.0764
1713412800000,105.8922
1713416400000,105.7037
1713420000000,105.7830
1713423600000,105.7320
1713427200000,106.1327
1713430800000,105.6880
1713434400000,105.5068
1713438000000,105.9423
1713441600000,105.5681
1713445200000,106.0693
1713448800000,106.8471
1713452400000,106.6210
1713456000000,106.6468
1713459600000,106.3385
1713463200000,106.3849
1713466800000,106.6021
1713470400000,106.5460
1713474000000,106.6699
1713477600000,106.6132
1713481200000,106.7671
1713484800000,106.0274
1713488400000,105.3100
1713492000000,105.6138
1713495600000,105.8580
1713499200000,106.3172
1713502800000,106.0034
1713506400000,107.5201
1713510000000,107.5101
1713513600000,107.5048
1713517200000,107.6847
1713520800000,107.7762
1713524400000,107.8603
1713528000000,108.0099
1713531600000,108.0197
1713535200000,107.7558
1713538800000,107.8795
1713542400000,107.5885
1713546000000,108.0597
1713549600000,107.7290
1713553200000,107.5187
1713556800000,107.5940
1713560400000,107.5920
1713564000000,107.4531
1713567600000,107.2825
1713571200000,107.1712
1713574800000,107.4811
1713578400000,107.5759
1713582000000,107.5928
1713585600000,107.8800
1713589200000,108.0928
1713592800000,107.8563
1713596400000,107.8601
1713600000000,107.6876
1713603600000,107.5077
1713607200000,107.3996
1713610800000,107.4972
1713614400000,107.4668
1713618000000,107.6456
1713621600000,107.6760
1713625200000,108.3722
1713628800000,108.2714
1713632400000,108.3908
1713636000000,108.2976
1713639600000,108.2818
1713643200000,108.0345
1713646800000,107.9458
1713650400000,107.8671
1713654000000,108.0622
1713657600000,107.9402
1713661200000,108.2426
1713664800000,108.2682
1713668400000,108.1840
1713672000000,108.0753
1713675600000,108.2189
1713679200000,108.4085
1713682800000,108.5909
1713686400000,108.5838
1713690000000,108.5933
1713693600000,108.4995
1713697200000,108.7527
1713700800000,108.5839
1713704400000,108.3626
1713708000000,108.2903
1713711600000,108.3476
1713715200000,108.0128
1713718800000,108.3449
1713722400000,108.4989
1713726000000,108.3756
1713729600000,108.4576
1713733200000,108.6516
1713736800000,108.8943
1713740400000,108.8941
1713744000000,109.0552
1713747600000,108.8403
1713751200000,109.0742
1713754800000,109.8542
1713758400000,110.3066
1713762000000,110.9857
1713765600000,110.7459
1713769200000,110.7647
1713772800000,110.8113
1713776400000,110.7489
1713780000000,110.6181
1713783600000,110.4745
1713787200000,110.1870
1713790800000,110.3649
1713794400000,110.4314
1713798000000,110.3951
1713801600000,110.5157
1713805200000,110.8138
1713808800000,110.6014
1713812400000,110.8413
1713816000000,110.7955
1713819600000,110.8288
1713823200000,111.4483
1713826800000,111.5309
1713830400000,111.7220
1713834000000,111.2427
1713837600000,111.1340
1713841200000,111.2591
1713844800000,111.2333
1713848400000,111.4471
1713852000000,111.4083
1713855600000,111.2216
1713859200000,111.5512
1713862800000,111.4934
1713866400000,111.8961
1713870000000,111.2954
1713873600000,111.3454
1713877200000,111.3999
1713880800000,111.0436
1713884400000,110.8639
1713888000000,111.2711
1713891600000,111.3445
1713895200000,111.5610
1713898800000,111.4159
1713902400000,111.3968
1713906000000,111.3769
1713909600000,111.3791
1713913200000,111.1109
1713916800000,111.2420
1713920400000,111.0348
1713924000000,110.8399
1713927600000,110.8925
1713931200000,110.8935
1713934800000,110.7791
1713938400000,111.0236
1713942000000,110.9703
1713945600000,110.8239
1713949200000,111.0452
1713952800000,111.2024
1713956400000,111.0123
1713960000000,110.6624
1713963600000,110.3905
1713967200000,110.0717
1713970800000,109.7022
1713974400000,110.0801
1713978000000,110.2907
1713981600000,109.9959
1713985200000,110.4205
1713988800000,110.8649
1713992400000,110.9015
1713996000000,110.7052
1713999600000,110.9346
1714003200000,110.7327
1714006800000,110.2509
1714010400000,110.2427
1714014000000,110.1096
1714017600000,110.1793
1714021200000,110.0670
1714024800000,110.1797
1714028400000,110.3428
1714032000000,110.2421
1714035600000,110.6525
1714039200000,110.4771
1714042800000,110.8632
1714046400000,110.1469
1714050000000,110.0014
1714053600000,110.1067
1714057200000,110.2845
1714060800000,110.7611
1714064400000,111.0357
1714068000000,111.0194
1714071600000,111.1348
1714075200000,111.0666
1714078800000,110.8149
1714082400000,110.8218
1714086000000,110.8039
1714089600000,110.8899
1714093200000,110.6096
1714096800000,110.7765
1714100400000,110.6828
1714104000000,110.5666
1714107600000,110.8279
1714111200000,110.5931
1714114800000,110.5671
1714118400000,110.5402
1714122000000,110.1172
1714125600000,110.1474
1714129200000,110.1554
1714132800000,110.0055
1714136400000,110.1022
1714140000000,109.8872
1714143600000,109.4743
1714147200000,109.6076
1714150800000,109.7410
1714154400000,109.7772
1714158000000,109.5837
1714161600000,109.6662
1714165200000,109.6355
1714168800000,109.4214
1714172400000,109.3737
1714176000000,108.9565
1714179600000,108.1468
1714183200000,108.4485
1714186800000,108.7034
1714190400000,108.6976
1714194000000,108.5578
1714197600000,108.5646
1714201200000,108.5649
1714204800000,108.7233
1714208400000,108.6621
1714212000000,108.1574
1714215600000,107.9287
1714219200000,107.9312
1714222800000,108.2160
1714226400000,107.9615
1714230000000,107.6626
1714233600000,107.4208
1714237200000,106.9781
1714240800000,106.6974
1714244400000,107.1686
1714248000000,107.0777
1714251600000,107.0060
1714255200000,106.8828
1714258800000,107.0154
1714262400000,107.3412
1714266000000,107.1245
1714269600000,106.9586
1714273200000,106.8935
1714276800000,106.8762
1714280400000,106.7754
1714284000000,106.6428
1714287600000,106.7550
1714291200000,106.6854
1714294800000,106.9795
1714298400000,107.2044
1714302000000,106.9966
1714305600000,107.0783
1714309200000,106.9360
1714312800000,106.9686
1714316400000,106.6645
1714320000000,106.7995
1714323600000,106.8124
1714327200000,106.7668
1714330800000,106.9104
1714334400000,107.1774
1714338000000,107.1336
1714341600000,106.5723
1714345200000,106.9531
1714348800000,106.7750
1714352400000,106.8495
1714356000000,106.8617
1714359600000,106.8548
1714363200000,107.0919
1714366800000,106.8872
1714370400000,106.3544
1714374000000,106.6109
1714377600000,106.7208
1714381200000,106.9025
1714384800000,106.7198
1714388400000,106.6440
1714392000000,107.1270
1714395600000,106.9576
1714399200000,107.2993
1714402800000,107.5577
1714406400000,107.5230
1714410000000,107.6399
1714413600000,107.4149
1714417200000,107.3045
1714420800000,107.5103
1714424400000,107.5447
1714428000000,107.8530
1714431600000,107.6651
1714435200000,108.5317
1714438800000,108.1584
1714442400000,108.1133
1714446000000,107.9749
1714449600000,108.4091
1714453200000,108.6825
1714456800000,108.6567
1714460400000,108.5107
1714464000000,108.1088
1714467600000,107.9423
1714471200000,107.8771
1714474800000,106.9125
1714478400000,106.8883
1714482000000,106.3639
1714485600000,106.4034
1714489200000,106.1726
1714492800000,106.2576
1714496400000,106.5325
1714500000000,107.0381
1714503600000,106.5643
1714507200000,107.2695
1714510800000,107.2756
1714514400000,107.1590
1714518000000,107.2099
1714521600000,106.6756
1714525200000,106.4664
1714528800000,106.4461
1714532400000,106.7356
1714536000000,106.5137
1714539600000,106.3692
1714543200000,105.9946
1714546800000,104.3715
1714550400000,104.3265
1714554000000,104.3443
1714557600000,104.6165
1714561200000,104.5934
1714564800000,104.4976
1714568400000,104.0905
1714572000000,104.2600
1714575600000,103.5540
1714579200000,103.6793
1714582800000,103.9629
1714586400000,104.9056
1714590000000,103.3917
1714593600000,103.8062
1714597200000,104.0291
1714600800000,104.2046
1714604400000,104.7082
1714608000000,104.2708
1714611600000,103.3213
1714615200000,103.7057
1714618800000,103.4970
1714622400000,103.5890
1714626000000,103.7728
1714629600000,103.9326
1714633200000,104.0003
1714636800000,104.1395
1714640400000,104.1261
1714644000000,103.9247
1714647600000,104.4769
1714651200000,104.4737
1714654800000,104.5503
1714658400000,105.1038
1714662000000,105.3488
1714665600000,105.0578
1714669200000,105.1636
1714672800000,105.3007
1714676400000,105.1811
1714680000000,104.5773
1714683600000,104.8095
1714687200000,105.1353
1714690800000,104.9241
1714694400000,104.8770
1714698000000,105.0197
1714701600000,105.2415
1714705200000,105.5266
1714708800000,105.4511
1714712400000,105.3726
1714716000000,105.2401
1714719600000,105.3637
1714723200000,105.6879
1714726800000,105.8093
1714730400000,105.4125
1714734000000,105.3988
1714737600000,106.2848
1714741200000,107.1981
1714744800000,107.0981
1714748400000,106.9857
1714752000000,107.2446
1714755600000,107.2699
1714759200000,107.2842
1714762800000,107.5735
1714766400000,108.0070
1714770000000,107.8883
1714773600000,108.1173
1714777200000,108.2320
1714780800000,108.2131
1714784400000,108.0059
1714788000000,107.9538
1714791600000,107.7295
1714795200000,108.0171
1714798800000,108.3769
1714802400000,108.0576
1714806000000,108.1504
1714809600000,108.2087
1714813200000,108.2477
1714816800000,108.9114
1714820400000,108.7588
1714824000000,108.8250
1714827600000,108.8091
1714831200000,108.9038
1714834800000,108.7513
1714838400000,108.6844
1714842000000,108.4142
1714845600000,108.6580
1714849200000,108.7662
1714852800000,108.7580
1714856400000,108.6686
1714860000000,108.5684
1714863600000,108.6781
1714867200000,108.4565
1714870800000,108.4443
1714874400000,108.3415
1714878000000,108.2781
1714881600000,108.3876
1714885200000,108.2700
1714888800000,108.5106
1714892400000,108.6991
1714896000000,108.0408
1714899600000,108.1673
1714903200000,108.2810
1714906800000,108.3961
1714910400000,108.2236
1714914000000,108.5963
1714917600000,108.7297
1714921200000,109.0238
1714924800000,109.1966
1714928400000,108.9494
1714932000000,108.8319
1714935600000,108.8621
1714939200000,108.7654
1714942800000,108.7611
1714946400000,108.7241
1714950000000,108.9864
1714953600000,109.1362
1714957200000,109.0402
1714960800000,108.8043
1714964400000,108.8195
1714968000000,108.9536
1714971600000,108.6276
1714975200000,108.6946
1714978800000,108.9861
1714982400000,109.4636
1714986000000,109.2936
1714989600000,108.5839
1714993200000,108.9567
1714996800000,108.7390
1715000400000,109.0359
1715004000000,108.8103
1715007600000,109.1916
1715011200000,108.9299
1715014800000,109.0062
1715018400000,109.3701
1715022000000,109.2534
1715025600000,109.2265
1715029200000,109.5152
1715032800000,109.3523
1715036400000,109.1855
1715040000000,109.4475
1715043600000,109.6420
1715047200000,109.5191
1715050800000,109.3323
1715054400000,109.3958
1715058000000,109.4368
1715061600000,109.2864
1715065200000,109.3841
1715068800000,109.6002
1715072400000,109.6144
1715076000000,109.7203
1715079600000,109.7884
1715083200000,109.7075
1715086800000,109.3695
1715090400000,109.9097
1715094000000,109.9874
1715097600000,109.8734
1715101200000,109.7257
1715104800000,109.4879
1715108400000,109.0953
1715112000000,108.8628
1715115600000,108.8421
1715119200000,108.7843
1715122800000,108.4607
1715126400000,108.6817
1715130000000,108.6656
1715133600000,109.1084
1715137200000,109.2322
1715140800000,109.2594
1715144400000,109.0137
1715148000000,109.1282
1715151600000,108.8128
1715155200000,108.9758
1715158800000,108.9555
1715162400000,109.4104
1715166000000,109.3599
1715169600000,109.0758
1715173200000,108.9490
1715176800000,109.1646
1715180400000,108.9044
1715184000000,109.0405
1715187600000,109.2618
1715191200000,109.2918
1715194800000,109.4713
1715198400000,109.1700
1715202000000,109.2509
1715205600000,109.1461
1715209200000,109.0872
1715212800000,108.9730
1715216400000,109.0070
1715220000000,109.8681
1715223600000,109.8763
1715227200000,109.5724
1715230800000,109.6613
1715234400000,109.9288
1715238000000,109.8918
1715241600000,109.8589
1715245200000,109.6295
1715248800000,109.1830
1715252400000,109.4185
1715256000000,109.6191
1715259600000,109.4820
1715263200000,109.8971
1715266800000,109.9592
1715270400000,109.5215
1715274000000,109.5387
1715277600000,109.7348
1715281200000,109.9500
1715284800000,110.1145
1715288400000,110.0554
1715292000000,110.2453
1715295600000,110.2211
1715299200000,110.0772
1715302800000,110.0003
1715306400000,109.7936
1715310000000,109.9552
1715313600000,109.9307
1715317200000,109.8628
1715320800000,110.0056
1715324400000,109.9982
1715328000000,109.9549
1715331600000,110.0387
1715335200000,110.0856
1715338800000,110.3183
1715342400000,110.1626
1715346000000,110.3656
1715349600000,109.3894
1715353200000,109.5753
1715356800000,109.6473
1715360400000,109.4554
1715364000000,109.6448
1715367600000,109.6786
1715371200000,109.4696
1715374800000,109.5825
1715378400000,109.6984
1715382000000,109.5473
1715385600000,109.4983
1715389200000,109.6602
1715392800000,109.2935
1715396400000,109.2911
1715400000000,109.2768
1715403600000,109.4981
1715407200000,109.5918
1715410800000,109.6530
1715414400000,109.6720
1715418000000,109.6857
1715421600000,109.7898
1715425200000,109.9064
1715428800000,109.9643
1715432400000,110.0995
1715436000000,110.0924
1715439600000,110.0819
1715443200000,110.0245
1715446800000,109.9031
1715450400000,110.1054
1715454000000,110.1432
1715457600000,110.1780
1715461200000,110.1340
1715464800000,110.1306
1715468400000,110.0797
1715472000000,110.0644
1715475600000,109.9705
1715479200000,109.9358
1715482800000,109.8434
1715486400000,109.9868
1715490000000,109.9526
1715493600000,109.8798
1715497200000,109.8428
1715500800000,109.9375
1715504400000,110.0244
1715508000000,110.0052
1715511600000,110.1382
1715515200000,110.1679
1715518800000,110.1301
1715522400000,110.1312
1715526000000,110.4018
1715529600000,110.3748
1715533200000,110.7275
1715536800000,110.6994
1715540400000,110.7577
1715544000000,110.7252
1715547600000,110.4169
1715551200000,110.4103
1715554800000,110.5496
1715558400000,110.5712
1715562000000,110.5115
1715565600000,110.3488
1715569200000,110.4749
1715572800000,110.2793
1715576400000,110.3476
1715580000000,110.6674
1715583600000,110.9437
1715587200000,110.9946
1715590800000,111.0334
1715594400000,111.0440
1715598000000,110.9687
1715601600000,110.9603
1715605200000,111.0487
1715608800000,111.0622
1715612400000,111.2971
1715616000000,111.2134
1715619600000,111.3710
1715623200000,111.2423
1715626800000,111.4857
1715630400000,111.4588
1715634000000,111.2041
1715637600000,111.1741
1715641200000,111.1079
1715644800000,111.0095
1715648400000,110.7753
1715652000000,110.5309
1715655600000,110.6744
1715659200000,110.9034
1715662800000,110.9988
1715666400000,110.5952
1715670000000,110.6235
1715673600000,110.5149
1715677200000,110.4213
1715680800000,110.4435
1715684400000,110.4492
1715688000000,110.0902
1715691600000,109.6399
1715695200000,109.0069
1715698800000,109.2179
1715702400000,108.8429
1715706000000,108.9234
1715709600000,108.8917
1715713200000,109.0492
1715716800000,108.9721
1715720400000,108.9570
1715724000000,108.9918
1715727600000,109.0969
1715731200000,108.8887
1715734800000,109.0522
1715738400000,109.1065
1715742000000,109.2876
1715745600000,109.2108
1715749200000,109.2481
1715752800000,109.1808
1715756400000,109.2129
1715760000000,109.1422
1715763600000,109.5206
1715767200000,109.6384
1715770800000,109.4871
1715774400000,110.3913
1715778000000,110.8799
1715781600000,110.9488
1715785200000,111.1526
1715788800000,111.3078
1715792400000,111.4278
1715796000000,111.9789
1715799600000,111.9213
1715803200000,111.9319
1715806800000,111.8124
1715810400000,112.0468
1715814000000,111.4982
1715817600000,111.8839
1715821200000,111.6879
1715824800000,111.8461
1715828400000,111.8809
1715832000000,111.7391
1715835600000,111.6981
1715839200000,111.9253
1715842800000,112.0188
1715846400000,112.0954
1715850000000,112.1701
1715853600000,112.0232
1715857200000,112.3253
1715860800000,111.8149
1715864400000,112.1533
1715868000000,111.3736
1715871600000,111.3470
1715875200000,110.9248
1715878800000,110.9020
1715882400000,111.0509
1715886000000,111.0486
1715889600000,111.1839
1715893200000,111.5169
1715896800000,111.3908
1715900400000,111.1893
1715904000000,111.5293
1715907600000,111.3574
1715911200000,111.2865
1715914800000,111.5933
1715918400000,111.4298
1715922000000,111.6725
1715925600000,111.8530
1715929200000,111.5667
1715932800000,111.0204
1715936400000,111.3175
1715940000000,111.5015
1715943600000,111.3091
1715947200000,110.7502
1715950800000,110.5516
1715954400000,111.0177
1715958000000,111.1069
1715961600000,111.0635
1715965200000,110.8921
1715968800000,110.9226
1715972400000,111.2353
1715976000000,111.0016
1715979600000,110.9673
1715983200000,110.9309
1715986800000,111.1602
1715990400000,110.8365
1715994000000,110.7541
1715997600000,110.8396
1716001200000,110.7813
1716004800000,110.9410
1716008400000,110.8830
1716012000000,110.8587
1716015600000,110.7069
1716019200000,110.6524
1716022800000,110.6039
1716026400000,110.5168
1716030000000,110.4895
1716033600000,110.3370
1716037200000,110.2858
1716040800000,110.3624
1716044400000,110.4066
1716048000000,110.3657
1716051600000,110.3687
1716055200000,110.4040
1716058800000,110.3068
1716062400000,110.3767
1716066000000,110.3611
1716069600000,110.4106
1716073200000,110.5058
1716076800000,110.6065
1716080400000,110.5849
1716084000000,110.6836
1716087600000,110.6974
1716091200000,110.6077
1716094800000,110.6643
1716098400000,110.6664
1716102000000,110.9145
1716105600000,110.8856
1716109200000,110.8676
1716112800000,111.0564
1716116400000,111.2151
1716120000000,111.0215
1716123600000,111.0999
1716127200000,110.9421
1716130800000,111.0216
1716134400000,110.7942
1716138000000,110.8224
1716141600000,110.5780
1716145200000,110.2027
1716148800000,110.1857
1716152400000,110.3271
1716156000000,110.4311
1716159600000,110.3642
1716163200000,110.2826
1716166800000,110.3632
1716170400000,110.4899
1716174000000,110.5392
1716177600000,110.5703
1716181200000,110.6097
1716184800000,110.3580
1716188400000,110.6103
1716192000000,110.4462
1716195600000,110.2543
1716199200000,110.4498
1716202800000,110.4449
1716206400000,110.3208
1716210000000,110.4366
1716213600000,110.3964
1716217200000,110.6787
1716220800000,111.1635
1716224400000,111.1743
1716228000000,111.3932
1716231600000,108.4791
1716235200000,106.9356
1716238800000,106.0998
1716242400000,105.7876
1716246000000,107.9192
1716249600000,108.0280
1716253200000,107.5549
1716256800000,107.5697
1716260400000,107.6451
1716264000000,107.1747
1716267600000,107.6939
1716271200000,108.6027
1716274800000,110.0117
1716278400000,109.0964
1716282000000,109.3070
1716285600000,109.2517
1716289200000,109.1861
1716292800000,108.9542
1716296400000,108.4185
1716300000000,108.4265
1716303600000,107.6950
1716307200000,107.8759
1716310800000,108.0207
1716314400000,107.8479
1716318000000,106.9888
1716321600000,107.5303
1716325200000,107.6229
1716328800000,108.4924
1716332400000,108.4492
1716336000000,108.6439
1716339600000,108.4583
1716343200000,108.4403
1716346800000,108.5861
1716350400000,107.9547
1716354000000,108.4474
1716357600000,108.3782
1716361200000,108.3408
1716364800000,108.7726
1716368400000,108.6620
1716372000000,108.9266
1716375600000,108.0566
1716379200000,107.5048
1716382800000,107.7264
1716386400000,108.4805
1716390000000,108.9077
1716393600000,108.5572
1716397200000,107.7832
1716400800000,107.5825
1716404400000,107.5330
1716408000000,107.4500
1716411600000,107.6542
1716415200000,107.3402
1716418800000,107.3440
1716422400000,107.7647
1716426000000,107.6424
1716429600000,107.7110
1716433200000,107.5705
1716436800000,107.5705
1716440400000,107.6056
1716444000000,107.3561
1716447600000,107.1822
1716451200000,107.1373
1716454800000,106.9461
1716458400000,106.3014
1716462000000,105.8526
1716465600000,105.5209
1716469200000,104.6938
1716472800000,104.5736
1716476400000,104.3413
1716480000000,104.3775
1716483600000,104.3321
1716487200000,104.1520
1716490800000,103.6724
1716494400000,104.9127
1716498000000,104.3178
1716501600000,104.3792
1716505200000,105.0496
1716508800000,104.6718
1716512400000,104.7867
1716516000000,104.8576
1716519600000,104.8974
1716523200000,104.7439
1716526800000,104.9147
1716530400000,104.9482
1716534000000,105.3391
1716537600000,105.4897
1716541200000,105.6019
1716544800000,105.3905
1716548400000,105.3139
1716552000000,105.4359
1716555600000,105.4126
1716559200000,105.8099
1716562800000,106.3144
1716566400000,106.7064
1716570000000,106.7583
1716573600000,106.6253
1716577200000,106.6018
1716580800000,106.5229
1716584400000,106.4870
1716588000000,106.4749
1716591600000,106.2780
1716595200000,106.4421
1716598800000,106.5195
1716602400000,106.4484
1716606000000,106.3006
1716609600000,106.1672
1716613200000,106.2408
1716616800000,106.1511
1716620400000,106.2963
1716624000000,106.4994
1716627600000,106.6701
1716631200000,106.7983
1716634800000,106.8464
1716638400000,106.7340
1716642000000,106.6072
1716645600000,106.5034
1716649200000,106.4765
1716652800000,106.4518
1716656400000,106.5850
1716660000000,106.5519
1716663600000,106.4797
1716667200000,106.5533
1716670800000,106.5562
1716674400000,106.6595
1716678000000,106.7037
1716681600000,106.5955
1716685200000,106.4389
1716688800000,106.5067
1716692400000,106.2369
1716696000000,106.5127
1716699600000,106.4870
1716703200000,106.4054
1716706800000,106.4002
1716710400000,106.0379
1716714000000,105.7901
1716717600000,105.9084
1716721200000,105.6835
1716724800000,105.6388
1716728400000,105.6515
1716732000000,105.3380
1716735600000,105.2718
1716739200000,104.8530
1716742800000,104.9722
1716746400000,104.9467
1716750000000,104.6098
1716753600000,104.6203
1716757200000,104.5503
1716760800000,104.8851
1716764400000,104.9437
1716768000000,105.0161
1716771600000,104.8384
1716775200000,104.6784
1716778800000,104.3754
1716782400000,104.2138
1716786000000,104.2321
1716789600000,104.1714
1716793200000,104.1131
1716796800000,104.1487
1716800400000,104.0779
1716804000000,104.1097
1716807600000,104.0845
1716811200000,104.0348
1716814800000,104.1941
1716818400000,104.5703
1716822000000,105.4921
1716825600000,105.4931
1716829200000,105.5121
1716832800000,105.3895
1716836400000,105.0293
1716840000000,105.2924
1716843600000,105.3699
1716847200000,105.2127
1716850800000,105.0172
1716854400000,105.1345
1716858000000,104.7368
1716861600000,104.7934
1716865200000,104.1136
1716868800000,104.0156
1716872400000,104.1240
1716876000000,104.0377
1716879600000,103.8895
1716883200000,104.0240
1716886800000,104.1820
1716890400000,104.2700
1716894000000,103.9775
1716897600000,103.8902
1716901200000,103.7445
1716904800000,104.0646
1716908400000,104.4880
1716912000000,104.2784
1716915600000,104.3353
1716919200000,104.7360
1716922800000,104.7919
1716926400000,104.8241
1716930000000,104.8139
1716933600000,104.7419
1716937200000,104.7464
1716940800000,104.7813
1716944400000,104.9059
1716948000000,104.9243
1716951600000,104.9648
1716955200000,104.7898
1716958800000,104.6262
1716962400000,104.7070
1716966000000,104.4638
1716969600000,104.7258
1716973200000,104.6971
1716976800000,104.6164
1716980400000,104.5136
1716984000000,104.5949
1716987600000,104.6893
1716991200000,104.6776
1716994800000,104.6224
1716998400000,104.7462
1717002000000,104.7540
1717005600000,104.6043
1717009200000,104.5625
1717012800000,104.7652
1717016400000,104.7153
1717020000000,104.6706
1717023600000,104.7431
1717027200000,104.8176
1717030800000,104.8474
1717034400000,104.8497
1717038000000,104.9168
1717041600000,105.0072
1717045200000,104.9518
1717048800000,105.0668
1717052400000,104.7805
1717056000000,104.8541
1717059600000,104.9367
1717063200000,105.1632
1717066800000,105.1331
1717070400000,105.0277
1717074000000,105.2598
1717077600000,105.2218
1717081200000,105.3326
1717084800000,105.2993
1717088400000,105.6267
1717092000000,105.6673
1717095600000,105.6391
1717099200000,105.5894
1717102800000,105.4720
1717106400000,105.4262
1717110000000,105.4548
1717113600000,105.5010
1717117200000,105.4373
1717120800000,105.4341
1717124400000,105.3028
1717128000000,105.2248
1717131600000,105.3499
1717135200000,105.3108
1717138800000,105.3160
1717142400000,105.2399
1717146000000,104.9496
1717149600000,104.8749
1717153200000,104.7554
1717156800000,104.8325
1717160400000,104.6779
1717164000000,104.3858
1717167600000,104.3712
1717171200000,104.3334
1717174800000,104.3000
1717178400000,104.1422
1717182000000,104.3798
1717185600000,104.3771
1717189200000,104.3767
1717192800000,104.5122
1717196400000,104.5679
1717200000000,104.6508
1717203600000,104.5634
1717207200000,104.6371
1717210800000,104.6034
1717214400000,104.5396
1717218000000,104.4724
1717221600000,104.4575
1717225200000,104.6063
1717228800000,104.3540
1717232400000,104.4347
1717236000000,104.4639
1717239600000,104.5225
1717243200000,104.4574
1717246800000,104.4002
1717250400000,104.3997
1717254000000,104.4083
1717257600000,104.4499
1717261200000,104.4258
1717264800000,104.4224
1717268400000,104.4726
1717272000000,105.0008
1717275600000,104.9242
1717279200000,104.5441
1717282800000,104.6898
1717286400000,104.6422
1717290000000,104.8248
1717293600000,104.9266
1717297200000,104.9911
1717300800000,104.9462
1717304400000,104.8707
1717308000000,104.7461
1717311600000,104.8076
1717315200000,104.7119
1717318800000,104.6494
1717322400000,104.6632
1717326000000,105.1239
1717329600000,105.1033
1717333200000,105.1639
1717336800000,105.1440
1717340400000,105.1519
1717344000000,105.0438
1717347600000,105.0389
1717351200000,104.9735
1717354800000,104.8988
1717358400000,104.9969
1717362000000,105.1490
1717365600000,105.2641
1717369200000,105.2307
1717372800000,105.5168
1717376400000,105.7484
1717380000000,105.7409
1717383600000,105.8508
1717387200000,106.0042
1717390800000,106.2784
1717394400000,107.5914
1717398000000,107.4460
1717401600000,107.6295
1717405200000,107.8477
1717408800000,107.9230
1717412400000,108.0926
1717416000000,108.2736
1717419600000,108.6378
1717423200000,107.9583
1717426800000,108.3703
1717430400000,107.8552
1717434000000,107.9026
1717437600000,108.1303
1717441200000,108.1890
1717444800000,108.1044
1717448400000,108.1488
1717452000000,108.2165
1717455600000,108.0706
1717459200000,108.5133
1717462800000,108.6755
1717466400000,108.4195
1717470000000,108.8935
1717473600000,108.6177
1717477200000,108.6562
1717480800000,108.3343
1717484400000,108.2945
1717488000000,108.2819
1717491600000,108.2016
1717495200000,109.3044
1717498800000,109.7895
1717502400000,109.8432
1717506000000,110.3511
1717509600000,111.4763
1717513200000,111.4764
1717516800000,111.6456
1717520400000,111.8093
1717524000000,111.8797
1717527600000,112.0789
1717531200000,112.0559
1717534800000,112.2865
1717538400000,112.8520
1717542000000,113.1388
1717545600000,113.8614
1717549200000,114.7344
1717552800000,114.7344
1717556400000,114.9665
1717560000000,114.7514
1717563600000,115.4463
1717567200000,115.4690
1717570800000,115.3423
1717574400000,114.8169
1717578000000,114.7127
1717581600000,114.9034
1717585200000,114.8280
1717588800000,114.6677
1717592400000,114.5700
1717596000000,115.0145
1717599600000,115.4861
1717603200000,115.0396
1717606800000,114.9032
1717610400000,113.6661
1717614000000,113.5155
1717617600000,113.7372
1717621200000,114.1438
1717624800000,114.0600
1717628400000,114.0485
1717632000000,114.1324
1717635600000,114.3240
1717639200000,114.0590
1717642800000,113.9066
1717646400000,114.1425
1717650000000,114.0552
1717653600000,114.1530
1717657200000,114.5855
1717660800000,114.5949
1717664400000,114.7472
1717668000000,114.8335
1717671600000,114.7530
1717675200000,114.9143
1717678800000,115.9696
1717682400000,115.6870
1717686000000,114.7965
1717689600000,114.6806
1717693200000,114.9306
1717696800000,115.0382
1717700400000,115.1068
1717704000000,115.2179
1717707600000,115.2472
1717711200000,115.5372
1717714800000,115.4094
1717718400000,115.1710
1717722000000,114.9781
1717725600000,114.9145
1717729200000,115.1296
1717732800000,115.4164
1717736400000,115.5211
1717740000000,115.2837
1717743600000,114.6317
1717747200000,114.9982
1717750800000,115.2327
1717754400000,115.2150
1717758000000,115.3536
1717761600000,115.5345
1717765200000,115.3925
1717768800000,115.1732
1717772400000,115.0668
1717776000000,114.8970
1717779600000,114.0638
1717783200000,113.6446
1717786800000,113.8297
1717790400000,114.0289
1717794000000,113.7526
1717797600000,114.1729
1717801200000,114.2202
1717804800000,114.0583
1717808400000,114.1889
1717812000000,113.9757
1717815600000,113.9773
1717819200000,114.0763
1717822800000,114.3580
1717826400000,114.5322
1717830000000,114.7432
1717833600000,114.6971
1717837200000,114.7025
1717840800000,114.4036
1717844400000,114.1499
1717848000000,114.1531
1717851600000,114.1766
1717855200000,114.2630
1717858800000,114.3228
1717862400000,114.1164
1717866000000,114.1663
1717869600000,114.2355
1717873200000,114.3879
1717876800000,114.4097
1717880400000,114.4039
1717884000000,114.1363
1717887600000,114.0525
1717891200000,113.9123
1717894800000,113.9755
1717898400000,113.5304
1717902000000,113.5617
1717905600000,113.5844
1717909200000,113.7810
1717912800000,113.8202
1717916400000,113.7834
1717920000000,114.0229
1717923600000,113.8614
1717927200000,113.6857
1717930800000,113.6997
1717934400000,114.1473
1717938000000,113.9248
1717941600000,113.8385
1717945200000,113.6584
1717948800000,113.6238
1717952400000,113.6203
1717956000000,113.7183
1717959600000,113.5838
1717963200000,113.3483
1717966800000,113.2034
1717970400000,113.2709
1717974000000,113.2696
1717977600000,113.3480
1717981200000,113.4287
1717984800000,113.4515
1717988400000,113.2512
1717992000000,113.1242
1717995600000,112.8694
1717999200000,111.9796
1718002800000,111.4987
1718006400000,111.6747
1718010000000,111.6765
1718013600000,111.4350
1718017200000,111.1910
1718020800000,111.4481
1718024400000,111.5532
1718028000000,111.6981
1718031600000,112.0397
1718035200000,111.8833
1718038800000,112.0515
1718042400000,112.2040
1718046000000,111.9047
1718049600000,109.9362
1718053200000,109.9186
1718056800000,109.6484
1718060400000,110.2699
1718064000000,110.1236
1718067600000,109.8879
1718071200000,110.3241
1718074800000,110.4895
1718078400000,110.2442
1718082000000,110.0615
1718085600000,109.8779
1718089200000,109.7874
1718092800000,109.6520
1718096400000,109.6262
1718100000000,109.2190
1718103600000,108.8725
1718107200000,109.0632
1718110800000,108.9698
1718114400000,109.3356
1718118000000,108.8913
1718121600000,109.1694
1718125200000,109.3522
1718128800000,109.6776
1718132400000,109.8059
1718136000000,109.6837
1718139600000,109.6944
1718143200000,109.3845
1718146800000,109.3235
1718150400000,109.1209
1718154000000,108.9346
1718157600000,109.4424
1718161200000,109.6378
1718164800000,109.6468
1718168400000,109.6270
1718172000000,109.5491
1718175600000,109.9163
1718179200000,109.8807
1718182800000,110.0754
1718186400000,110.1886
1718190000000,109.6786
1718193600000,110.5442
1718197200000,110.9449
1718200800000,111.4964
1718204400000,111.3016
1718208000000,111.4010
1718211600000,111.6278
1718215200000,110.8054
1718218800000,109.7845
1718222400000,110.3617
1718226000000,110.5356
1718229600000,110.3435
1718233200000,110.3781
1718236800000,110.3951
1718240400000,109.8650
1718244000000,109.6088
1718247600000,109.6774
1718251200000,109.7123
1718254800000,109.9303
1718258400000,109.5922
1718262000000,109.8371
1718265600000,109.6607
1718269200000,109.7025
1718272800000,109.9787
1718276400000,109.7549
1718280000000,109.9343
1718283600000,109.7760
1718287200000,109.4870
1718290800000,109.0938
1718294400000,109.4872
1718298000000,109.5908
1718301600000,109.4500
1718305200000,109.0172
1718308800000,109.0067
1718312400000,109.1016
1718316000000,109.1755
1718319600000,109.1156
1718323200000,108.9012
1718326800000,108.9786
1718330400000,108.9948
1718334000000,108.8910
1718337600000,108.8735
1718341200000,109.0336
1718344800000,108.9797
1718348400000,109.1966
1718352000000,109.3649
1718355600000,109.2440
1718359200000,109.2270
1718362800000,109.5002
1718366400000,109.4383
1718370000000,109.5389
1718373600000,109.4501
1718377200000,109.1392
1718380800000,108.5339
1718384400000,108.8421
1718388000000,109.0099
1718391600000,108.8047
1718395200000,108.8492
1718398800000,108.5443
1718402400000,108.5035
1718406000000,108.6888
1718409600000,108.7117
1718413200000,108.6497
1718416800000,108.7533
1718420400000,108.7214
1718424000000,108.7392
1718427600000,108.5289
1718431200000,108.2890
1718434800000,108.3340
1718438400000,108.4503
1718442000000,108.4343
1718445600000,108.4610
1718449200000,108.5127
1718452800000,108.2386
1718456400000,108.1094
1718460000000,107.9827
1718463600000,108.0625
1718467200000,108.0425
1718470800000,107.9480
1718474400000,107.9372
1718478000000,108.0163
1718481600000,107.8691
1718485200000,107.9259
1718488800000,107.9959
1718492400000,108.0264
1718496000000,107.9025
1718499600000,107.8237
1718503200000,107.8281
1718506800000,107.8911
1718510400000,107.8824
1718514000000,107.9324
1718517600000,107.9500
1718521200000,107.9995
1718524800000,108.0289
1718528400000,108.1076
1718532000000,108.3440
1718535600000,108.2540
1718539200000,108.2418
1718542800000,108.1702
1718546400000,108.0615
1718550000000,108.2358
1718553600000,108.0588
1718557200000,108.0376
1718560800000,107.9693
1718564400000,107.9283
1718568000000,107.9101
1718571600000,107.8941
1718575200000,107.7904
1718578800000,107.7970
1718582400000,107.7591
1718586000000,107.6089
1718589600000,107.6575
1718593200000,107.6249
1718596800000,107.7343
1718600400000,107.8437
1718604000000,107.8740
1718607600000,107.8828
1718611200000,107.8715
1718614800000,107.6366
1718618400000,107.5585
1718622000000,107.6325
1718625600000,107.5897
1718629200000,107.4542
1718632800000,107.6110
1718636400000,107.5788
1718640000000,107.9035
1718643600000,108.3275
1718647200000,108.8591
1718650800000,108.5544
1718654400000,108.7121
1718658000000,108.7401
1718661600000,108.7732
1718665200000,108.6951
1718668800000,108.4223
1718672400000,107.9375
1718676000000,108.3389
1718679600000,108.1900
1718683200000,108.2910
1718686800000,108.2421
1718690400000,108.0977
1718694000000,108.2152
1718697600000,108.1455
1718701200000,107.8080
1718704800000,107.7830
1718708400000,107.6898
1718712000000,107.5128
1718715600000,107.2251
1718719200000,107.1642
1718722800000,107.0152
1718726400000,106.9004
1718730000000,106.9300
1718733600000,107.0570
1718737200000,106.6887
1718740800000,106.9477
1718744400000,107.1510
1718748000000,107.1670
1718751600000,107.0018
1718755200000,106.9901
1718758800000,106.6517
1718762400000,106.8852
1718766000000,106.8852
1718769600000,106.9639
1718773200000,107.2272
1718776800000,107.5704
1718780400000,107.4776
1718784000000,107.1584
1718787600000,107.1986
1718791200000,107.3632
1718794800000,106.9233
1718798400000,106.8856
1718802000000,106.9073
1718805600000,106.6405
1718809200000,106.4010
1718812800000,106.3803
1718816400000,106.6788
1718820000000,106.7164
1718823600000,106.7588
1718827200000,106.7427
1718830800000,106.6478
1718834400000,106.4562
1718838000000,106.6132
1718841600000,106.5219
1718845200000,106.7526
1718848800000,106.7442
1718852400000,106.7822
1718856000000,106.8462
1718859600000,107.0032
1718863200000,107.0789
1718866800000,107.1428
1718870400000,107.0850
1718874000000,107.1000
1718877600000,107.4684
1718881200000,107.2968
1718884800000,107.1853
1718888400000,107.0838
1718892000000,106.9380
1718895600000,106.9924
1718899200000,106.9354
1718902800000,106.6022
1718906400000,106.7289
1718910000000,106.4881
1718913600000,106.6839
1718917200000,106.7329
1718920800000,106.5732
1718924400000,106.2294
1718928000000,106.1554
1718931600000,106.0810
1718935200000,106.1354
1718938800000,106.0177
1718942400000,106.0104
1718946000000,105.9630
1718949600000,105.9328
1718953200000,105.9018
1718956800000,105.3995
1718960400000,105.4873
1718964000000,105.4845
1718967600000,105.4017
1718971200000,105.4242
1718974800000,105.1555
1718978400000,105.5517
1718982000000,105.2601
1718985600000,105.2566
1718989200000,105.3352
1718992800000,105.4090
1718996400000,105.3110
1719000000000,105.4937
1719003600000,105.5140
1719007200000,105.4105
1719010800000,105.4645
1719014400000,105.3295
1719018000000,105.3898
1719021600000,105.5870
1719025200000,105.6024
1719028800000,105.6994
1719032400000,105.9030
1719036000000,105.9774
1719039600000,106.1710
1719043200000,106.0262
1719046800000,106.0839
1719050400000,105.9926
1719054000000,105.9960
1719057600000,105.9515
1719061200000,105.8451
1719064800000,105.8647
1719068400000,105.8229
1719072000000,105.8134
1719075600000,105.8590
1719079200000,105.9034
1719082800000,106.1019
1719086400000,106.0109
1719090000000,105.9911
1719093600000,106.1715
1719097200000,106.2920
1719100800000,106.1690
1719104400000,106.1109
1719108000000,106.2973
1719111600000,106.2257
1719115200000,106.1953
1719118800000,106.1963
1719122400000,106.1997
1719126000000,106.2660
1719129600000,106.2463
1719133200000,106.2752
1719136800000,106.1276
1719140400000,106.1666
1719144000000,106.1719
1719147600000,106.0844
1719151200000,106.0341
1719154800000,105.9597
1719158400000,105.7224
1719162000000,105.8967
1719165600000,105.9448
1719169200000,105.9518
1719172800000,105.9849
1719176400000,106.1404
1719180000000,105.8895
1719183600000,105.4014
1719187200000,105.4560
1719190800000,105.5923
1719194400000,105.0794
1719198000000,105.2807
1719201600000,105.0525
1719205200000,104.4261
1719208800000,104.7608
1719212400000,104.9991
1719216000000,105.2439
1719219600000,104.7179
1719223200000,104.6918
1719226800000,104.6993
1719230400000,104.2686
1719234000000,104.7354
1719237600000,104.6799
1719241200000,104.2286
1719244800000,103.6939
1719248400000,103.4311
1719252000000,103.6612
1719255600000,102.5656
1719259200000,102.5888
1719262800000,102.9648
1719266400000,103.1038
1719270000000,103.3434
1719273600000,103.5844
1719277200000,103.8510
1719280800000,104.2371
1719284400000,104.2927
1719288000000,104.2584
1719291600000,103.9295
1719295200000,104.1303
1719298800000,103.8109
1719302400000,103.8365
1719306000000,104.2068
1719309600000,104.0860
1719313200000,104.0261
1719316800000,104.0100
1719320400000,104.2469
1719324000000,104.6148
1719327600000,104.3582
1719331200000,104.2557
1719334800000,104.2122
1719338400000,104.7593
1719342000000,104.5650
1719345600000,104.5710
1719349200000,104.6784
1719352800000,104.6405
1719356400000,104.7517
1719360000000,104.6459
1719363600000,105.0329
1719367200000,105.1126
1719370800000,105.0148
1719374400000,104.8107
1719378000000,104.5602
1719381600000,104.4981
1719385200000,104.6394
1719388800000,104.3544
1719392400000,104.4045
1719396000000,104.2480
1719399600000,104.2889
1719403200000,104.2686
1719406800000,104.5444
1719410400000,104.5950
1719414000000,104.4829
1719417600000,104.3511
1719421200000,104.1147
1719424800000,103.8653
1719428400000,103.6418
1719432000000,103.9182
1719435600000,103.9179
1719439200000,103.8229
1719442800000,103.9272
1719446400000,103.9788
1719450000000,103.9982
1719453600000,103.9320
1719457200000,103.9691
1719460800000,103.9880
1719464400000,103.5955
1719468000000,103.4405
1719471600000,103.5309
1719475200000,103.6606
1719478800000,103.9372
1719482400000,103.7509
1719486000000,103.7143
1719489600000,103.4869
1719493200000,103.9180
1719496800000,104.0448
1719500400000,103.8648
1719504000000,103.9656
1719507600000,104.0493
1719511200000,104.2514
1719514800000,103.8268
1719518400000,103.9659
1719522000000,103.9565
1719525600000,104.0015
1719529200000,104.1891
1719532800000,104.0374
1719536400000,104.2270
1719540000000,104.2213
1719543600000,104.2497
1719547200000,104.1110
1719550800000,103.9527
1719554400000,103.8483
1719558000000,103.7183
1719561600000,103.7088
1719565200000,103.8190
1719568800000,103.7597
1719572400000,103.8763
1719576000000,103.5561
1719579600000,103.3138
1719583200000,103.3019
1719586800000,103.4278
1719590400000,103.6236
1719594000000,103.5099
1719597600000,103.5783
1719601200000,103.0856
1719604800000,102.9366
1719608400000,102.9909
1719612000000,103.0307
1719615600000,103.0031
1719619200000,103.2701
1719622800000,103.4573
1719626400000,103.3970
1719630000000,103.3425
1719633600000,103.2571
1719637200000,103.3066
1719640800000,103.3392
1719644400000,103.4815
1719648000000,103.5632
1719651600000,103.6298
1719655200000,103.6481
1719658800000,103.7435
1719662400000,103.7094
1719666000000,103.7739
1719669600000,103.6949
1719673200000,103.7528
1719676800000,103.6908
1719680400000,103.7198
1719684000000,103.7315
1719687600000,103.7638
1719691200000,103.7557
1719694800000,103.6096
1719698400000,103.6249
1719702000000,103.6663
1719705600000,103.7114
1719709200000,103.6679
1719712800000,103.7387
1719716400000,103.6458
1719720000000,103.6533
1719723600000,103.7131
1719727200000,104.0328
1719730800000,104.3594
1719734400000,104.4330
1719738000000,104.3987
1719741600000,104.3870
1719745200000,104.3765
1719748800000,104.3754
1719752400000,104.5994
1719756000000,104.4545
1719759600000,104.5489
1719763200000,104.5151
1719766800000,104.3173
1719770400000,104.6294
1719774000000,104.4923
1719777600000,104.5723
1719781200000,104.5638
1719784800000,105.3497
1719788400000,105.2174
1719792000000,105.3217
1719795600000,105.1680
1719799200000,105.1345
1719802800000,105.1509
1719806400000,105.2206
1719810000000,105.2990
1719813600000,105.1817
1719817200000,105.0776
1719820800000,104.8213
1719824400000,104.7337
1719828000000,104.6258
1719831600000,104.4316
1719835200000,104.7039
1719838800000,104.4541
1719842400000,104.4807
1719846000000,104.6095
1719849600000,104.8731
1719853200000,105.1915
1719856800000,105.2547
1719860400000,105.0476
1719864000000,105.1433
1719867600000,105.0454
1719871200000,104.9713
1719874800000,104.8157
1719878400000,104.6945
1719882000000,104.6455
1719885600000,104.8541
1719889200000,104.9572
1719892800000,104.9113
1719896400000,105.0563
1719900000000,104.9155
1719903600000,104.7963
1719907200000,104.8557
1719910800000,104.7607
1719914400000,104.7061
1719918000000,104.8259
1719921600000,104.9727
1719925200000,104.7858
1719928800000,104.5542
1719932400000,104.3520
1719936000000,104.3470
1719939600000,104.5054
1719943200000,104.7769
1719946800000,104.5246
1719950400000,104.5877
1719954000000,104.5450
1719957600000,104.6930
1719961200000,104.7913
1719964800000,104.6830
1719968400000,104.4955
1719972000000,104.2971
1719975600000,103.9097
1719979200000,103.9179
1719982800000,103.8915
1719986400000,103.8768
1719990000000,103.8153
1719993600000,103.6738
1719997200000,103.7675
1720000800000,103.5445
1720004400000,103.6252
1720008000000,103.1493
1720011600000,103.5693
1720015200000,103.2724
1720018800000,103.2628
1720022400000,103.4875
1720026000000,103.3606
1720029600000,103.2093
1720033200000,102.8500
1720036800000,102.9802
1720040400000,103.2949
1720044000000,103.3062
1720047600000,103.2796
1720051200000,103.2486
1720054800000,101.4991
1720058400000,101.6852
1720062000000,101.6518
1720065600000,101.7052
1720069200000,101.7409
1720072800000,101.5032
1720076400000,100.9897
1720080000000,100.6996
1720083600000,100.8592
1720087200000,100.7644
1720090800000,100.5208
1720094400000,99.8379
1720098000000,100.3355
1720101600000,100.4636
1720105200000,101.1474
1720108800000,101.0831
1720112400000,101.1930
1720116000000,101.1900
1720119600000,101.1895
1720123200000,101.2556
1720126800000,101.3684
1720130400000,101.1531
1720134000000,100.3990
1720137600000,100.1110
1720141200000,99.4865
1720144800000,98.6051
1720148400000,97.0300
1720152000000,96.9152
1720155600000,97.8178
1720159200000,97.3127
1720162800000,97.2745
1720166400000,96.2319
1720170000000,97.0735
1720173600000,97.5547
1720177200000,98.3199
1720180800000,97.9423
1720184400000,98.9657
1720188000000,98.8523
1720191600000,99.5086
1720195200000,99.6636
1720198800000,99.5269
1720202400000,99.5981
1720206000000,99.4623
1720209600000,99.5679
1720213200000,99.6186
1720216800000,99.7662
1720220400000,99.8122
1720224000000,100.1753
1720227600000,99.8704
1720231200000,100.1119
1720234800000,100.1698
1720238400000,99.8010
1720242000000,100.0931
1720245600000,100.2406
1720249200000,100.3686
1720252800000,100.3240
1720256400000,100.6642
1720260000000,100.6975
1720263600000,100.8977
1720267200000,100.7992
1720270800000,101.0711
1720274400000,101.2757
1720278000000,101.6413
1720281600000,102.3494
1720285200000,102.2440
1720288800000,102.0685
1720292400000,102.2295
1720296000000,102.2372
1720299600000,102.2114
1720303200000,102.5004
1720306800000,102.3539
1720310400000,101.8283
1720314000000,102.0450
1720317600000,102.1674
1720321200000,101.6958
1720324800000,101.0825
1720328400000,101.1448
1720332000000,101.1824
1720335600000,101.0791
1720339200000,101.2963
1720342800000,101.3699
1720346400000,100.9961
1720350000000,100.9615
1720353600000,100.8005
1720357200000,100.2099
1720360800000,100.0829
1720364400000,100.1958
1720368000000,100.4882
1720371600000,100.4772
1720375200000,100.4722
1720378800000,100.4280
1720382400000,100.4028
1720386000000,99.9990
1720389600000,99.8465
1720393200000,99.3183
1720396800000,98.4212
1720400400000,98.9332
1720404000000,99.1421
1720407600000,99.3150
1720411200000,100.4724
1720414800000,100.0169
1720418400000,100.4033
1720422000000,100.3509
1720425600000,101.6786
1720429200000,100.8899
1720432800000,100.4720
1720436400000,100.7370
1720440000000,100.8174
1720443600000,100.7601
1720447200000,99.9055
1720450800000,99.6044
1720454400000,99.7285
1720458000000,100.1392
1720461600000,100.0673
1720465200000,100.2028
1720468800000,100.1725
1720472400000,100.2831
1720476000000,100.3997
1720479600000,100.4649
1720483200000,100.1280
1720486800000,99.9970
1720490400000,100.4997
1720494000000,100.4695
1720497600000,100.4930
1720501200000,100.5165
1720504800000,100.6753
1720508400000,100.3237
1720512000000,100.6545
1720515600000,100.5844
1720519200000,100.5318
1720522800000,100.5669
1720526400000,100.6798
1720530000000,100.6870
1720533600000,100.6652
1720537200000,100.9192
1720540800000,101.1439
1720544400000,101.2890
1720548000000,101.5351
1720551600000,101.2268
1720555200000,101.2638
1720558800000,101.2085
1720562400000,101.3021
1720566000000,101.4071
1720569600000,101.0546
1720573200000,101.1733
1720576800000,100.9923
1720580400000,101.2799
1720584000000,102.3480
1720587600000,102.1292
1720591200000,102.4184
1720594800000,102.2005
1720598400000,102.1518
1720602000000,101.9582
1720605600000,102.2444
1720609200000,102.2008
1720612800000,101.7284
1720616400000,101.3109
1720620000000,101.1513
1720623600000,100.9980
1720627200000,101.0277
1720630800000,101.0951
1720634400000,101.1090
1720638000000,100.8298
1720641600000,100.9639
1720645200000,100.9054
1720648800000,101.2173
1720652400000,101.3162
1720656000000,101.1595
1720659600000,101.7358
1720663200000,101.5047
1720666800000,101.3918
1720670400000,101.6832
1720674000000,101.7546
1720677600000,101.5768
1720681200000,101.6895
1720684800000,101.6557
1720688400000,101.6366
1720692000000,102.0066
1720695600000,102.5349
1720699200000,101.8018
1720702800000,101.9044
1720706400000,101.2511
1720710000000,100.7548
1720713600000,101.1166
1720717200000,101.2610
1720720800000,101.2662
1720724400000,101.0109
1720728000000,101.0922
1720731600000,101.0212
1720735200000,100.9872
1720738800000,101.0302
1720742400000,101.0378
1720746000000,100.6985
1720749600000,100.9900
1720753200000,100.5957
1720756800000,100.6432
1720760400000,100.5564
1720764000000,100.8224
1720767600000,100.9276
1720771200000,101.0887
1720774800000,100.8901
1720778400000,100.9987
1720782000000,101.2966
1720785600000,101.5220
1720789200000,101.6774
1720792800000,101.6218
1720796400000,101.9444
1720800000000,101.9173
1720803600000,101.9174
1720807200000,102.1962
1720810800000,101.5418
1720814400000,101.5434
1720818000000,101.4899
1720821600000,101.7024
1720825200000,101.7632
1720828800000,101.7682
1720832400000,101.7834
1720836000000,101.9273
1720839600000,101.8589
1720843200000,101.7819
1720846800000,102.0528
1720850400000,101.9512
1720854000000,102.1025
1720857600000,102.0030
1720861200000,102.3821
1720864800000,102.1914
1720868400000,102.3033
1720872000000,102.3636
1720875600000,101.8111
1720879200000,102.1003
1720882800000,102.0652
1720886400000,101.7590
1720890000000,101.7631
1720893600000,101.6811
1720897200000,101.5876
1720900800000,101.5354
1720904400000,101.5343
1720908000000,102.1752
1720911600000,102.0935
1720915200000,102.6007
1720918800000,102.6890
1720922400000,102.3079
1720926000000,102.4618
1720929600000,102.8782
1720933200000,103.1431
1720936800000,102.8321
1720940400000,102.9662
1720944000000,102.9802
1720947600000,102.9034
1720951200000,102.6472
1720954800000,102.8331
1720958400000,102.3002
1720962000000,102.5576
1720965600000,102.7730
1720969200000,102.9429
1720972800000,102.9021
1720976400000,102.8463
1720980000000,102.9445
1720983600000,102.8428
1720987200000,102.9301
1720990800000,103.6925
1720994400000,103.4965
1720998000000,103.4652
1721001600000,103.6047
1721005200000,103.6473
1721008800000,104.2584
1721012400000,104.5311
1721016000000,104.3245
1721019600000,104.6507
1721023200000,104.7010
1721026800000,104.7514
1721030400000,104.9453
1721034000000,104.8698
1721037600000,104.7941
1721041200000,104.9408
1721044800000,105.7809
1721048400000,105.8342
1721052000000,106.0489
1721055600000,106.0221
1721059200000,106.3039
1721062800000,106.0272
1721066400000,106.3795
1721070000000,106.0041
1721073600000,105.9511
1721077200000,105.8932
1721080800000,106.2648
1721084400000,106.7094
1721088000000,106.6432
1721091600000,106.6901
1721095200000,106.5475
1721098800000,106.4456
1721102400000,106.1412
1721106000000,105.4786
1721109600000,104.5826
1721113200000,104.7680
1721116800000,104.7275
1721120400000,105.1480
1721124000000,105.3293
1721127600000,105.5845
1721131200000,105.6274
1721134800000,105.3412
1721138400000,105.5997
1721142000000,106.2110
1721145600000,106.0503
1721149200000,106.1457
1721152800000,106.3254
1721156400000,106.5976
1721160000000,106.3985
1721163600000,106.2803
1721167200000,106.3082
1721170800000,106.7546
1721174400000,107.0533
1721178000000,107.0532
1721181600000,106.7550
1721185200000,106.7894
1721188800000,106.8241
1721192400000,106.5726
1721196000000,106.8139
1721199600000,106.4004
1721203200000,106.3325
1721206800000,106.5329
1721210400000,106.3645
1721214000000,106.1500
1721217600000,106.1247
1721221200000,106.4220
1721224800000,106.3153
1721228400000,106.0886
1721232000000,105.9981
1721235600000,105.8954
1721239200000,106.1866
1721242800000,106.2074
1721246400000,106.1108
1721250000000,105.9122
1721253600000,106.0363
1721257200000,105.9894
1721260800000,106.3243
1721264400000,106.4580
1721268000000,106.3029
1721271600000,106.3905
1721275200000,106.1631
1721278800000,106.3889
1721282400000,106.4008
1721286000000,106.0629
1721289600000,106.0512
1721293200000,106.1088
1721296800000,105.9810
1721300400000,105.9064
1721304000000,106.0051
1721307600000,105.7361
1721311200000,105.3954
1721314800000,105.2468
1721318400000,105.5422
1721322000000,105.3322
1721325600000,105.1369
1721329200000,105.2142
1721332800000,105.5193
1721336400000,105.4557
1721340000000,105.5618
1721343600000,105.6043
1721347200000,105.3643
1721350800000,105.5890
1721354400000,105.4772
1721358000000,105.8938
1721361600000,105.7654
1721365200000,105.8057
1721368800000,105.6914
1721372400000,105.5986
1721376000000,105.7840
1721379600000,105.6669
1721383200000,105.8235
1721386800000,106.1461
1721390400000,106.4479
1721394000000,106.9405
1721397600000,107.2747
1721401200000,108.1422
1721404800000,108.5137
1721408400000,108.3984
1721412000000,108.3111
1721415600000,108.6839
1721419200000,108.5980
1721422800000,108.3373
1721426400000,108.3646
1721430000000,108.3785
1721433600000,108.0166
1721437200000,107.9535
1721440800000,108.1333
1721444400000,108.2334
1721448000000,108.1712
1721451600000,108.1151
1721455200000,108.2513
1721458800000,108.2523
1721462400000,108.1151
1721466000000,108.4399
1721469600000,108.3738
1721473200000,108.2555
1721476800000,108.1879
1721480400000,108.2225
1721484000000,108.2585
1721487600000,108.6560
1721491200000,108.6770
1721494800000,108.8966
1721498400000,108.9337
1721502000000,108.8399
1721505600000,108.9098
1721509200000,108.6618
1721512800000,108.5622
1721516400000,108.5173
1721520000000,108.6849
1721523600000,108.9177
1721527200000,109.0024
1721530800000,108.8655
1721534400000,108.7258
1721538000000,108.8289
1721541600000,108.6282
1721545200000,108.5991
1721548800000,108.6193
1721552400000,108.7656
1721556000000,108.6832
1721559600000,108.6913
1721563200000,108.7334
1721566800000,108.6762
1721570400000,109.2618
1721574000000,109.3032
1721577600000,109.5037
1721581200000,108.8367
1721584800000,109.0117
1721588400000,109.5118
1721592000000,109.8117
1721595600000,110.0682
1721599200000,110.0684
1721602800000,110.1846
1721606400000,110.1548
1721610000000,109.8544
1721613600000,110.2523
1721617200000,110.0966
1721620800000,110.1796
1721624400000,109.9403
1721628000000,109.7900
1721631600000,109.6100
1721635200000,109.3732
1721638800000,109.6576
1721642400000,109.7905
1721646000000,110.0035
1721649600000,110.0943
1721653200000,109.6604
1721656800000,109.3600
1721660400000,109.6331
1721664000000,109.7167
1721667600000,109.9229
1721671200000,109.8418
1721674800000,110.1943
1721678400000,110.1922
1721682000000,110.1845
1721685600000,110.0966
1721689200000,109.8095
1721692800000,109.7049
1721696400000,109.5331
1721700000000,109.7078
1721703600000,109.5238
1721707200000,108.8483
1721710800000,108.4945
1721714400000,108.4091
1721718000000,108.2671
1721721600000,108.0524
1721725200000,108.1402
1721728800000,108.1499
1721732400000,107.8992
1721736000000,107.9526
1721739600000,108.1511
1721743200000,108.9586
1721746800000,108.7455
1721750400000,108.3249
1721754000000,108.4383
1721757600000,108.0704
1721761200000,107.5634
1721764800000,107.5352
1721768400000,107.6739
1721772000000,107.6349
1721775600000,107.5881
1721779200000,107.6511
1721782800000,107.9903
1721786400000,108.2083
1721790000000,108.4236
1721793600000,108.2338
1721797200000,108.2263
1721800800000,108.3809
1721804400000,108.5324
1721808000000,108.7970
1721811600000,108.7629
1721815200000,108.5033
1721818800000,108.3543
1721822400000,108.3578
1721826000000,108.6584
1721829600000,109.2481
1721833200000,108.8136
1721836800000,109.0063
1721840400000,109.1868
1721844000000,108.7023
1721847600000,108.8465
1721851200000,109.0932
1721854800000,108.9771
1721858400000,108.5908
1721862000000,108.6708
1721865600000,108.9673
1721869200000,108.4944
1721872800000,108.5258
1721876400000,108.5851
1721880000000,108.8470
1721883600000,108.9902
1721887200000,109.2519
1721890800000,108.9974
1721894400000,109.3372
1721898000000,109.3380
1721901600000,109.0884
1721905200000,109.1682
1721908800000,109.2212
1721912400000,109.0574
1721916000000,109.8848
1721919600000,110.1566
1721923200000,110.2457
1721926800000,110.4014
1721930400000,110.3864
1721934000000,110.4442
1721937600000,110.7431
1721941200000,110.9836
1721944800000,111.0521
1721948400000,110.8941
1721952000000,111.3278
1721955600000,111.3888
1721959200000,111.3013
1721962800000,111.6212
1721966400000,111.4229
1721970000000,111.1596
1721973600000,111.3015
1721977200000,111.3672
1721980800000,111.3459
1721984400000,111.5516
1721988000000,111.4725
1721991600000,111.5764
1721995200000,111.5729
1721998800000,112.1956
1722002400000,111.6082
1722006000000,111.7190
1722009600000,111.5847
1722013200000,111.6187
1722016800000,111.6837
1722020400000,111.9300
1722024000000,111.7219
1722027600000,112.0834
1722031200000,111.9221
1722034800000,111.8971
1722038400000,111.9392
1722042000000,111.9023
1722045600000,112.1314
1722049200000,112.4268
1722052800000,112.4063
1722056400000,112.3941
1722060000000,112.6004
1722063600000,112.5485
1722067200000,112.5889
1722070800000,112.7315
1722074400000,112.6706
1722078000000,112.5811
1722081600000,112.6202
1722085200000,113.1227
1722088800000,113.1226
1722092400000,113.1732
1722096000000,112.9784
1722099600000,113.0288
1722103200000,113.2591
1722106800000,112.9565
1722110400000,112.4097
1722114000000,112.9224
1722117600000,112.9621
1722121200000,112.6293
1722124800000,112.7498
1722128400000,112.9105
1722132000000,112.8101
1722135600000,112.7474
1722139200000,112.3084
1722142800000,112.4358
1722146400000,112.5362
1722150000000,112.4616
1722153600000,112.2239
1722157200000,112.2653
1722160800000,112.2569
1722164400000,112.4985
1722168000000,112.3201
1722171600000,112.3422
1722175200000,112.1462
1722178800000,112.0405
1722182400000,112.0676
1722186000000,112.2708
1722189600000,112.6530
1722193200000,112.6445
1722196800000,112.6167
1722200400000,112.6861
1722204000000,112.6093
1722207600000,112.7614
1722211200000,113.0623
1722214800000,113.0036
1722218400000,113.8114
1722222000000,113.0804
1722225600000,113.0897
1722229200000,113.0846
1722232800000,113.0703
1722236400000,113.0593
1722240000000,112.8216
1722243600000,112.6376
1722247200000,112.8560
1722250800000,112.9067
1722254400000,113.0007
1722258000000,112.8531
1722261600000,112.0229
1722265200000,111.9805
1722268800000,111.0601
1722272400000,110.6005
1722276000000,110.9938
1722279600000,110.9480
1722283200000,110.8457
1722286800000,110.6622
1722290400000,110.5732
1722294000000,110.1660
1722297600000,109.7087
1722301200000,109.6255
1722304800000,109.7398
1722308400000,109.8615
1722312000000,110.1441
1722315600000,109.8307
1722319200000,109.9520
1722322800000,109.9617
1722326400000,109.7513
1722330000000,109.6532
1722333600000,109.6394
1722337200000,109.7057
1722340800000,109.4594
1722344400000,109.5378
1722348000000,109.5670
1722351600000,109.6780
1722355200000,109.9089
1722358800000,109.7507
1722362400000,109.9244
1722366000000,110.1743
1722369600000,110.4487
1722373200000,110.6851
1722376800000,111.0305
1722380400000,111.4964
1722384000000,111.2771
1722387600000,111.2281
1722391200000,110.9918
1722394800000,110.9236
1722398400000,110.7966
1722402000000,110.9174
1722405600000,110.8493
1722409200000,110.7656
1722412800000,110.9104
1722416400000,110.7472
1722420000000,110.6283
1722423600000,110.6413
1722427200000,110.6691
1722430800000,110.8604
1722434400000,110.9987
1722438000000,111.1498
1722441600000,111.3255
1722445200000,111.4976
1722448800000,111.2705
1722452400000,110.4913
1722456000000,110.1374
1722459600000,110.4551
1722463200000,110.3468
1722466800000,110.0733
1722470400000,110.0775
1722474000000,109.8087
1722477600000,109.8108
1722481200000,109.8343
1722484800000,109.6621
1722488400000,110.0617
1722492000000,110.0351
1722495600000,110.2061
1722499200000,110.1645
1722502800000,110.2175
1722506400000,110.2616
1722510000000,110.4196
1722513600000,110.6439
1722517200000,110.6438
1722520800000,110.0641
1722524400000,109.0752
1722528000000,109.1359
1722531600000,109.3221
1722535200000,109.2435
1722538800000,109.4088
1722542400000,110.5914
1722546000000,110.7708
1722549600000,110.7723
1722553200000,110.9235
1722556800000,110.7207
1722560400000,110.4260
1722564000000,110.2888
1722567600000,110.6509
1722571200000,110.6843
1722574800000,110.2867
1722578400000,110.6216
1722582000000,110.5329
1722585600000,110.7644
1722589200000,110.7925
1722592800000,110.9916
1722596400000,111.0264
1722600000000,111.1356
1722603600000,111.4116
1722607200000,110.4813
1722610800000,110.6255
1722614400000,110.5448
1722618000000,110.5311
1722621600000,110.4156
1722625200000,110.1486
1722628800000,110.0393
1722632400000,109.3566
1722636000000,108.6657
1722639600000,108.6215
1722643200000,107.9934
1722646800000,108.3413
1722650400000,108.5150
1722654000000,108.9405
1722657600000,108.8477
1722661200000,108.9169
1722664800000,108.9871
1722668400000,108.6393
1722672000000,108.4900
1722675600000,108.5213
1722679200000,108.6134
1722682800000,108.6842
1722686400000,108.6455
1722690000000,108.7222
1722693600000,108.7953
1722697200000,107.9591
1722700800000,108.0546
1722704400000,107.9632
1722708000000,107.6797
1722711600000,107.4990
1722715200000,107.6947
1722718800000,107.8959
1722722400000,107.9289
1722726000000,108.2094
1722729600000,108.2866
1722733200000,108.1621
1722736800000,108.1170
1722740400000,107.9423
1722744000000,107.9085
1722747600000,107.9814
1722751200000,107.9438
1722754800000,107.6471
1722758400000,107.6995
1722762000000,107.7761
1722765600000,107.8868
1722769200000,107.8529
1722772800000,107.9765
1722776400000,107.8080
1722780000000,106.2114
1722783600000,105.8442
1722787200000,105.6722
1722790800000,106.2962
1722794400000,107.2285
1722798000000,107.5105
1722801600000,107.4648
1722805200000,106.8654
1722808800000,107.3123
1722812400000,106.8344
1722816000000,106.1430
1722819600000,108.0678
1722823200000,107.8358
1722826800000,108.1664
1722830400000,107.8027
1722834000000,108.1819
1722837600000,108.8388
1722841200000,107.4892
1722844800000,107.9743
1722848400000,108.0921
1722852000000,108.7698
1722855600000,108.5010
1722859200000,109.4431
1722862800000,107.7879
1722866400000,106.7941
1722870000000,106.0806
1722873600000,106.0385
1722877200000,105.7963
1722880800000,107.2346
1722884400000,106.7740
1722888000000,106.2910
1722891600000,106.4175
1722895200000,106.0505
1722898800000,106.5521
1722902400000,104.7194
1722906000000,105.0860
1722909600000,105.2196
1722913200000,105.4597
1722916800000,105.3372
1722920400000,104.9628
1722924000000,105.1147
1722927600000,104.9837
1722931200000,105.9339
1722934800000,105.8888
1722938400000,105.9842
1722942000000,105.9581
1722945600000,106.2548
1722949200000,106.0472
1722952800000,104.9760
1722956400000,104.9205
1722960000000,104.8689
1722963600000,105.5884
1722967200000,105.3313
1722970800000,105.4425
1722974400000,105.5119
1722978000000,105.4461
1722981600000,105.7090
1722985200000,105.9215
1722988800000,105.9596
1722992400000,105.3253
1722996000000,105.4129
1722999600000,105.2276
1723003200000,105.0865
1723006800000,105.2602
1723010400000,105.3316
1723014000000,105.1754
1723017600000,104.9659
1723021200000,105.0718
1723024800000,105.2096
1723028400000,105.7451
1723032000000,105.8007
1723035600000,106.1318
1723039200000,106.9959
1723042800000,106.6554
1723046400000,106.9762
1723050000000,107.3371
1723053600000,107.6929
1723057200000,107.5965
1723060800000,107.6151
1723064400000,107.4480
1723068000000,107.5057
1723071600000,107.7121
1723075200000,107.5489
1723078800000,106.2380
1723082400000,106.0135
1723086000000,106.3886
1723089600000,106.5081
1723093200000,106.4986
1723096800000,106.3466
1723100400000,106.6365
1723104000000,106.4344
1723107600000,106.2877
1723111200000,106.1362
1723114800000,106.1285
1723118400000,105.6007
1723122000000,106.3335
1723125600000,105.3493
1723129200000,105.2286
1723132800000,104.0408
1723136400000,104.1425
1723140000000,104.1499
1723143600000,104.2266
1723147200000,104.2861
1723150800000,103.2089
1723154400000,102.2003
1723158000000,102.5805
1723161600000,102.8271
1723165200000,102.7567
1723168800000,102.7864
1723172400000,102.3967
1723176000000,102.9271
1723179600000,102.6618
1723183200000,102.4989
1723186800000,102.7662
1723190400000,102.7514
1723194000000,102.9447
1723197600000,103.2949
1723201200000,103.2993
1723204800000,103.4094
1723208400000,103.5879
1723212000000,103.9544
1723215600000,104.4639
1723219200000,103.9328
1723222800000,103.9760
1723226400000,104.0354
1723230000000,103.9657
1723233600000,103.9299
1723237200000,103.7947
1723240800000,103.8509
1723244400000,103.8452
1723248000000,104.0597
1723251600000,103.8266
1723255200000,103.7710
1723258800000,103.7876
1723262400000,103.8275
1723266000000,103.7349
1723269600000,103.5262
1723273200000,103.3091
1723276800000,103.3766
1723280400000,103.3343
1723284000000,103.3796
1723287600000,103.2742
1723291200000,103.3657
1723294800000,103.6879
1723298400000,103.6657
1723302000000,103.6657
1723305600000,103.8166
1723309200000,103.9087
1723312800000,104.7201
1723316400000,104.7274
1723320000000,104.6996
1723323600000,104.6510
1723327200000,104.6596
1723330800000,104.5371
1723334400000,104.6860
1723338000000,104.7427
1723341600000,104.9652
1723345200000,104.6880
1723348800000,104.4075
1723352400000,104.4257
1723356000000,104.6239
1723359600000,104.5269
1723363200000,104.2400
1723366800000,103.9430
1723370400000,103.9504
1723374000000,103.6902
1723377600000,103.5920
1723381200000,103.6270
1723384800000,103.7230
1723388400000,103.5178
1723392000000,103.4638
1723395600000,103.3147
1723399200000,103.0121
1723402800000,102.6111
1723406400000,101.8785
1723410000000,102.1132
1723413600000,102.1762
1723417200000,101.8461
1723420800000,102.1695
1723424400000,102.2068
1723428000000,102.4258
1723431600000,102.3434
1723435200000,102.2672
1723438800000,102.0737
1723442400000,101.8844
1723446000000,102.1690
1723449600000,101.5718
1723453200000,101.0730
1723456800000,101.0826
1723460400000,101.8532
1723464000000,101.5126
1723467600000,100.3012
1723471200000,102.1319
1723474800000,102.0800
1723478400000,101.7293
1723482000000,101.4500
1723485600000,100.7134
1723489200000,101.0476
1723492800000,100.4492
1723496400000,100.5794
1723500000000,100.4831
1723503600000,100.5961
1723507200000,101.2983
1723510800000,100.8821
1723514400000,100.9556
1723518000000,101.4070
1723521600000,101.6902
1723525200000,101.8692
1723528800000,102.1787
1723532400000,102.4039
1723536000000,102.2899
1723539600000,102.2026
1723543200000,101.9100
1723546800000,101.8968
1723550400000,101.7089
1723554000000,101.8276
1723557600000,102.0243
1723561200000,101.9651
1723564800000,102.5852
1723568400000,102.7750
1723572000000,102.5916
1723575600000,102.4007
1723579200000,102.5753
1723582800000,102.5477
1723586400000,102.4105
1723590000000,102.5859
1723593600000,102.6813
1723597200000,102.5973
1723600800000,102.6194
1723604400000,102.8902
1723608000000,102.8608
1723611600000,102.5776
1723615200000,102.5501
1723618800000,102.5958
1723622400000,102.6113
1723626000000,102.7781
1723629600000,102.6602
1723633200000,102.7965
1723636800000,102.7412
1723640400000,102.1948
1723644000000,102.4903
1723647600000,102.2753
1723651200000,102.0033
1723654800000,102.2232
1723658400000,102.1018
1723662000000,101.8275
1723665600000,101.9234
1723669200000,101.8209
1723672800000,101.8761
1723676400000,101.7246
1723680000000,102.1536
1723683600000,101.4464
1723687200000,101.5042
1723690800000,101.6108
1723694400000,101.5206
1723698000000,101.4634
1723701600000,101.3039
1723705200000,101.5079
1723708800000,101.9246
1723712400000,101.9159
1723716000000,101.9836
1723719600000,102.3196
1723723200000,102.2435
1723726800000,102.8296
1723730400000,102.9905
1723734000000,103.1549
1723737600000,103.2060
1723741200000,103.1264
1723744800000,102.6987
1723748400000,101.6027
1723752000000,101.2848
1723755600000,102.1402
1723759200000,102.1590
1723762800000,102.1348
1723766400000,101.7842
1723770000000,101.8973
1723773600000,102.1335
1723777200000,101.8673
1723780800000,102.2262
1723784400000,102.0100
1723788000000,102.0287
1723791600000,102.4328
1723795200000,102.2352
1723798800000,102.4421
1723802400000,102.2709
1723806000000,102.0239
1723809600000,101.6922
1723813200000,102.1577
1723816800000,101.9739
1723820400000,102.1626
1723824000000,102.3765
1723827600000,102.7289
1723831200000,103.0561
1723834800000,103.2626
1723838400000,103.0509
1723842000000,102.8585
1723845600000,102.8893
1723849200000,102.8452
1723852800000,103.1110
1723856400000,103.0965
1723860000000,103.1468
1723863600000,103.1863
1723867200000,103.3349
1723870800000,103.2352
1723874400000,103.1744
1723878000000,103.3493
1723881600000,103.4399
1723885200000,103.7972
1723888800000,103.7663
1723892400000,103.8991
1723896000000,103.9774
1723899600000,103.8920
1723903200000,104.2240
1723906800000,104.4276
1723910400000,104.4982
1723914000000,104.4994
1723917600000,104.7719
1723921200000,105.3223
1723924800000,105.1591
1723928400000,104.9693
1723932000000,105.0064
1723935600000,105.0643
1723939200000,104.8917
1723942800000,104.7524
1723946400000,105.0549
1723950000000,104.5835
1723953600000,104.7591
1723957200000,104.9446
1723960800000,105.0987
1723964400000,105.1293
1723968000000,104.9118
1723971600000,104.4634
1723975200000,104.4637
1723978800000,104.5408
1723982400000,103.9081
1723986000000,103.9205
1723989600000,103.8270
1723993200000,103.9991
1723996800000,104.0338
1724000400000,103.9004
1724004000000,103.8678
1724007600000,103.8755
1724011200000,103.9764
1724014800000,103.9190
1724018400000,103.8147
1724022000000,103.2198
1724025600000,103.0733
1724029200000,103.3353
1724032800000,103.3427
1724036400000,103.4377
1724040000000,103.2911
1724043600000,103.2745
1724047200000,103.4377
1724050800000,103.4830
1724054400000,103.6883
1724058000000,103.6774
1724061600000,103.8764
1724065200000,104.2249
1724068800000,104.3205
1724072400000,104.3783
1724076000000,104.9655
1724079600000,105.0390
1724083200000,105.5177
1724086800000,106.0572
1724090400000,105.6951
1724094000000,105.9004
1724097600000,106.0201
1724101200000,105.9067
1724104800000,106.3789
1724108400000,106.2323
1724112000000,107.5747
1724115600000,107.5846
1724119200000,107.6063
1724122800000,107.6412
1724126400000,107.8680
1724130000000,108.0103
1724133600000,107.5542
1724137200000,107.6164
1724140800000,107.5034
1724144400000,107.8126
1724148000000,107.6729
1724151600000,107.8034
1724155200000,108.0425
1724158800000,108.4050
1724162400000,107.7849
1724166000000,107.1027
1724169600000,107.1518
1724173200000,107.4673
1724176800000,107.8416
1724180400000,108.1848
1724184000000,108.0892
1724187600000,108.1532
1724191200000,108.4006
1724194800000,107.9959
1724198400000,107.6114
1724202000000,107.2949
1724205600000,107.5427
1724209200000,107.4381
1724212800000,107.3068
1724216400000,107.0938
1724220000000,107.2906
1724223600000,107.2797
1724227200000,106.9071
1724230800000,106.8658
1724234400000,106.8846
1724238000000,107.0025
1724241600000,106.6937
1724245200000,106.9817
1724248800000,106.4770
1724252400000,106.5542
1724256000000,106.9641
1724259600000,106.6820
1724263200000,107.7712
1724266800000,108.9413
1724270400000,109.0347
1724274000000,108.8368
1724277600000,108.7350
1724281200000,108.7369
1724284800000,108.2328
1724288400000,108.4490
1724292000000,107.8673
1724295600000,108.4924
1724299200000,108.5351
1724302800000,108.6299
1724306400000,108.6352
1724310000000,109.0716
1724313600000,109.2926
1724317200000,109.1180
1724320800000,109.6154
1724324400000,109.8384
1724328000000,109.5380
1724331600000,110.2545
1724335200000,110.3835
1724338800000,109.5638
1724342400000,108.8254
1724346000000,108.8569
1724349600000,109.4353
1724353200000,109.7603
1724356800000,109.6895
1724360400000,109.8033
1724364000000,109.7067
1724367600000,109.3682
1724371200000,109.5305
1724374800000,109.7437
1724378400000,109.4049
1724382000000,109.2440
1724385600000,109.2765
1724389200000,108.7263
1724392800000,108.7834
1724396400000,108.7850
1724400000000,108.8393
1724403600000,108.7645
1724407200000,108.7102
1724410800000,108.6653
1724414400000,108.8803
1724418000000,109.0585
1724421600000,109.0110
1724425200000,109.2304
1724428800000,109.3821
1724432400000,109.8295
1724436000000,109.7505
1724439600000,110.1220
1724443200000,110.0794
1724446800000,110.9970
1724450400000,110.9970
1724454000000,110.7081
1724457600000,110.6727
1724461200000,110.3162
1724464800000,110.1855
1724468400000,109.7481
1724472000000,109.5960
1724475600000,109.7453
1724479200000,109.5948
1724482800000,109.9263
1724486400000,109.9237
1724490000000,109.9322
1724493600000,109.8000
1724497200000,109.6037
1724500800000,109.8792
1724504400000,110.1280
1724508000000,109.9722
1724511600000,109.5897
1724515200000,109.3042
1724518800000,109.7578
1724522400000,110.0640
1724526000000,110.0792
1724529600000,110.1102
1724533200000,109.6854
1724536800000,109.5204
1724540400000,109.7570
1724544000000,109.7135
1724547600000,109.8026
1724551200000,109.6415
1724554800000,109.6751
1724558400000,109.6524
1724562000000,109.6904
1724565600000,109.6018
1724569200000,109.2019
1724572800000,109.2745
1724576400000,109.1101
1724580000000,109.1437
1724583600000,109.2964
1724587200000,109.3990
1724590800000,109.3525
1724594400000,109.4570
1724598000000,109.3582
1724601600000,109.2587
1724605200000,109.3908
1724608800000,109.4212
1724612400000,109.4068
1724616000000,109.2945
1724619600000,109.3952
1724623200000,109.7446
1724626800000,109.6460
1724630400000,109.3025
1724634000000,109.1252
1724637600000,109.2738
1724641200000,109.2677
1724644800000,109.2513
1724648400000,108.9328
1724652000000,108.5691
1724655600000,108.4156
1724659200000,108.5273
1724662800000,108.8344
1724666400000,108.6891
1724670000000,108.6803
1724673600000,108.4159
1724677200000,108.6423
1724680800000,108.3608
1724684400000,108.2542
1724688000000,108.4992
1724691600000,108.3817
1724695200000,108.7155
1724698800000,108.3747
1724702400000,108.3102
1724706000000,107.7638
1724709600000,107.6189
1724713200000,107.5875
1724716800000,107.7384
1724720400000,108.1181
1724724000000,108.0159
1724727600000,107.9949
1724731200000,108.1956
1724734800000,108.3219
1724738400000,107.9224
1724742000000,108.1389
1724745600000,108.0455
1724749200000,107.9543
1724752800000,107.9744
1724756400000,108.4739
1724760000000,108.6146
1724763600000,108.8549
1724767200000,108.8972
1724770800000,108.8815
1724774400000,108.4623
1724778000000,108.6857
1724781600000,108.9476
1724785200000,108.9341
1724788800000,108.7769
1724792400000,108.3114
1724796000000,107.5314
1724799600000,107.7091
1724803200000,107.7590
1724806800000,107.7188
1724810400000,107.4391
1724814000000,107.8643
1724817600000,107.7685
1724821200000,107.9886
1724824800000,108.0074
1724828400000,107.3918
1724832000000,107.8241
1724835600000,107.8844
1724839200000,107.6100
1724842800000,107.7894
1724846400000,107.6366
1724850000000,107.5118
1724853600000,107.0795
1724857200000,106.6922
1724860800000,106.6591
1724864400000,105.9832
1724868000000,106.7227
1724871600000,106.5123
1724875200000,106.5057
1724878800000,106.3878
1724882400000,106.5223
1724886000000,106.4379
1724889600000,106.6417
1724893200000,106.5739
1724896800000,106.7568
1724900400000,106.8968
1724904000000,106.8405
1724907600000,107.0735
1724911200000,106.9303
1724914800000,106.8722
1724918400000,106.9713
1724922000000,106.9885
1724925600000,107.1817
1724929200000,107.3207
1724932800000,107.2325
1724936400000,107.6015
1724940000000,107.4415
1724943600000,107.3318
1724947200000,106.7731
1724950800000,107.0194
1724954400000,106.3477
1724958000000,106.5153
1724961600000,106.5740
1724965200000,106.6950
1724968800000,106.5834
1724972400000,106.6531
1724976000000,106.5784
1724979600000,106.4067
1724983200000,106.4352
1724986800000,106.0628
1724990400000,106.1376
1724994000000,105.8951
1724997600000,106.4385
1725001200000,106.4996
1725004800000,106.7691
1725008400000,106.9445
1725012000000,107.2798
1725015600000,107.1256
1725019200000,107.2938
1725022800000,107.3379
1725026400000,106.5653
1725030000000,106.0425
1725033600000,106.5118
1725037200000,106.5873
1725040800000,106.4805
1725044400000,106.1090
1725048000000,106.3259
1725051600000,106.4031
1725055200000,106.5095
1725058800000,106.3978
1725062400000,106.6510
1725066000000,106.6638
1725069600000,106.6678
1725073200000,106.7041
1725076800000,106.9845
1725080400000,106.6690
1725084000000,106.6075
1725087600000,106.4994
1725091200000,106.5209
1725094800000,106.4361
1725098400000,106.5989
1725102000000,106.5226
1725105600000,106.6269
1725109200000,106.4667
1725112800000,106.5831
1725116400000,106.4802
1725120000000,106.4450
1725123600000,106.5859
1725127200000,106.5851
1725130800000,106.5203
1725134400000,106.4132
1725138000000,106.3687
1725141600000,106.3480
1725145200000,106.3223
1725148800000,106.2151
1725152400000,106.0580
1725156000000,105.9219
1725159600000,105.8970
1725163200000,105.7235
1725166800000,105.1199
1725170400000,105.2663
1725174000000,105.5168
1725177600000,105.2274
1725181200000,105.1290
1725184800000,105.0467
1725188400000,105.2174
1725192000000,105.0896
1725195600000,105.2196
1725199200000,105.1428
1725202800000,105.3033
1725206400000,105.3256
1725210000000,105.1926
1725213600000,105.3234
1725217200000,105.0974
1725220800000,105.1167
1725224400000,105.2202
1725228000000,104.9168
1725231600000,104.8716
1725235200000,104.8901
1725238800000,104.7833
1725242400000,104.8198
1725246000000,105.0015
1725249600000,104.4902
1725253200000,104.2866
1725256800000,104.1349
1725260400000,103.9998
1725264000000,104.5945
1725267600000,104.4022
1725271200000,104.6586
1725274800000,104.6774
1725278400000,104.5905
1725282000000,104.5889
1725285600000,105.0233
1725289200000,105.0765
1725292800000,104.7881
1725296400000,104.9601
1725300000000,104.7669
1725303600000,104.7998
1725307200000,105.1103
1725310800000,105.2815
1725314400000,105.6032
1725318000000,105.4360
1725321600000,105.8312
1725325200000,106.2789
1725328800000,106.4285
1725332400000,106.4762
1725336000000,106.3058
1725339600000,106.5161
1725343200000,106.2910
1725346800000,106.4885
1725350400000,106.3536
1725354000000,106.3703
1725357600000,106.6535
1725361200000,106.7137
1725364800000,106.6918
1725368400000,106.4049
1725372000000,105.6825
1725375600000,105.6796
1725379200000,105.7833
1725382800000,105.6137
1725386400000,105.7048
1725390000000,106.0673
1725393600000,105.9191
1725397200000,105.8803
1725400800000,105.7501
1725404400000,105.5556
1725408000000,105.5488
1725411600000,105.5312
1725415200000,105.3374
1725418800000,105.3387
1725422400000,105.3358
1725426000000,104.8201
1725429600000,104.7835
1725433200000,104.6912
1725436800000,104.6632
1725440400000,104.1403
1725444000000,103.6778
1725447600000,103.6616
1725451200000,103.5774
1725454800000,103.5602
1725458400000,104.6515
1725462000000,104.6875
1725465600000,104.5819
1725469200000,104.4516
1725472800000,104.3447
1725476400000,104.7376
1725480000000,104.8316
1725483600000,104.7317
1725487200000,104.7213
1725490800000,104.5357
1725494400000,104.6436
1725498000000,104.8416
1725501600000,104.5297
1725505200000,104.3990
1725508800000,104.4094
1725512400000,104.4472
1725516000000,104.3780
1725519600000,104.5179
1725523200000,104.3991
1725526800000,104.3431
1725530400000,104.4003
1725534000000,104.3902
1725537600000,104.4147
1725541200000,104.7453
1725544800000,104.3864
1725548400000,103.8855
1725552000000,103.9201
1725555600000,104.0534
1725559200000,104.1136
1725562800000,103.9344
1725566400000,103.9339
1725570000000,103.9889
1725573600000,104.0320
1725577200000,104.1848
1725580800000,104.1493
1725584400000,104.3152
1725588000000,104.4072
1725591600000,104.3243
1725595200000,104.6003
1725598800000,104.4929
1725602400000,104.5490
1725606000000,104.2490
1725609600000,104.2389
1725613200000,104.3342
1725616800000,104.4087
1725620400000,104.1121
1725624000000,104.7046
1725627600000,104.1409
1725631200000,103.3635
1725634800000,103.1095
1725638400000,103.3086
1725642000000,103.4798
1725645600000,102.8312
1725649200000,103.0771
1725652800000,102.8760
1725656400000,102.6947
1725660000000,102.7493
1725663600000,102.7493
1725667200000,102.4678
1725670800000,102.1485
1725674400000,102.1705
1725678000000,102.1076
1725681600000,102.2817
1725685200000,102.3761
1725688800000,102.3762
1725692400000,102.3461
1725696000000,102.3058
1725699600000,102.2517
1725703200000,102.2988
1725706800000,102.2053
1725710400000,102.4821
1725714000000,102.4235
1725717600000,102.6088
1725721200000,102.7817
1725724800000,102.5322
1725728400000,102.3764
1725732000000,102.4166
1725735600000,102.4440
1725739200000,102.4849
1725742800000,102.2087
1725746400000,102.1824
1725750000000,102.3619
1725753600000,102.3085
1725757200000,102.3655
1725760800000,102.5013
1725764400000,102.6240
1725768000000,102.6310
1725771600000,102.6559
1725775200000,102.5712
1725778800000,103.1009
1725782400000,103.2444
1725786000000,103.0541
1725789600000,103.0985
1725793200000,103.0208
1725796800000,102.7632
1725800400000,102.9972
1725804000000,102.8404
1725807600000,102.3642
1725811200000,102.5803
1725814800000,103.0004
1725818400000,102.8278
1725822000000,102.7534
1725825600000,102.7810
1725829200000,103.0798
1725832800000,103.0364
1725836400000,103.4701
1725840000000,103.8673
1725843600000,103.8603
1725847200000,103.9487
1725850800000,103.7464
1725854400000,103.5813
1725858000000,103.4068
1725861600000,103.6246
1725865200000,103.5837
1725868800000,103.7160
1725872400000,103.6157
1725876000000,103.7664
1725879600000,103.6571
1725883200000,103.8182
1725886800000,104.1389
1725890400000,103.8128
1725894000000,104.3625
1725897600000,105.2071
1725901200000,105.3421
1725904800000,105.6175
1725908400000,106.0720
1725912000000,106.0823
1725915600000,106.0304
1725919200000,105.8375
1725922800000,105.5911
1725926400000,105.4642
1725930000000,105.7069
1725933600000,105.4073
1725937200000,105.1220
1725940800000,105.4642
1725944400000,105.7918
1725948000000,105.6609
1725951600000,105.8047
1725955200000,105.7828
1725958800000,106.1049
1725962400000,106.1007
1725966000000,106.1670
1725969600000,106.1130
1725973200000,105.7844
1725976800000,105.7759
1725980400000,105.5034
1725984000000,105.5259
1725987600000,105.8631
1725991200000,106.0735
1725994800000,106.2436
1725998400000,105.7894
1726002000000,105.6560
1726005600000,105.6136
1726009200000,105.3280
1726012800000,105.5458
1726016400000,104.9202
1726020000000,105.2320
1726023600000,105.2498
1726027200000,105.0034
1726030800000,104.6639
1726034400000,104.9674
1726038000000,105.2398
1726041600000,105.0418
1726045200000,105.2955
1726048800000,105.3213
1726052400000,105.7025
1726056000000,105.6412
1726059600000,105.2161
1726063200000,105.1979
1726066800000,105.9427
1726070400000,106.4804
1726074000000,107.5800
1726077600000,107.7925
1726081200000,107.8586
1726084800000,107.4281
1726088400000,107.2442
1726092000000,107.4700
1726095600000,107.3537
1726099200000,108.1327
1726102800000,108.7876
1726106400000,108.4212
1726110000000,108.7848
1726113600000,108.8292
1726117200000,108.7228
1726120800000,108.6234
1726124400000,108.7852
1726128000000,109.0532
1726131600000,109.0939
1726135200000,109.0844
1726138800000,109.0547
1726142400000,108.5920
1726146000000,108.6928
1726149600000,108.9881
1726153200000,108.2521
1726156800000,108.8246
1726160400000,109.1724
1726164000000,108.7871
1726167600000,108.7702
1726171200000,108.6386
1726174800000,108.3360
1726178400000,108.6151
1726182000000,108.8004
1726185600000,108.7508
1726189200000,108.9444
1726192800000,108.8111
1726196400000,108.5100
1726200000000,108.5970
1726203600000,108.6118
1726207200000,108.5461
1726210800000,108.8900
1726214400000,108.7006
1726218000000,108.6836
1726221600000,108.7959
1726225200000,108.8708
1726228800000,109.2255
1726232400000,109.6007
1726236000000,109.4307
1726239600000,109.9785
1726243200000,109.6443
1726246800000,109.7843
1726250400000,109.8579
1726254000000,109.8440
1726257600000,109.8607
1726261200000,109.9918
1726264800000,110.3712
1726268400000,110.2825
1726272000000,110.4619
1726275600000,110.4994
1726279200000,110.3767
1726282800000,110.2520
1726286400000,110.1030
1726290000000,109.9417
1726293600000,109.9952
1726297200000,110.1561
1726300800000,109.9400
1726304400000,110.0063
1726308000000,109.7927
1726311600000,109.6031
1726315200000,109.6439
1726318800000,109.7545
1726322400000,109.8181
1726326000000,109.6905
1726329600000,109.9844
1726333200000,109.8340
1726336800000,109.8421
1726340400000,109.8524
1726344000000,110.0443
1726347600000,109.9532
1726351200000,109.9847
1726354800000,110.0186
1726358400000,110.0904
1726362000000,110.2662
1726365600000,110.2842
1726369200000,110.0734
1726372800000,110.1294
1726376400000,110.2268
1726380000000,110.1588
1726383600000,110.2409
1726387200000,110.1911
1726390800000,110.2280
1726394400000,110.2830
1726398000000,110.3776
1726401600000,110.6309
1726405200000,110.9155
1726408800000,111.0090
1726412400000,111.2331
1726416000000,111.0667
1726419600000,110.8925
1726423200000,111.1692
1726426800000,111.2102
1726430400000,111.6405
1726434000000,111.6462
1726437600000,111.7166
1726441200000,111.4540
1726444800000,111.0735
1726448400000,111.1249
1726452000000,110.8373
1726455600000,111.0343
1726459200000,110.7602
1726462800000,110.9831
1726466400000,110.9769
1726470000000,111.1034
1726473600000,110.8947
1726477200000,110.8020
1726480800000,110.8690
1726484400000,110.6855
1726488000000,110.6432
1726491600000,110.6792
1726495200000,109.6505
1726498800000,109.3278
1726502400000,109.0565
1726506000000,109.2557
1726509600000,109.1655
1726513200000,109.4095
1726516800000,108.8898
1726520400000,108.9018
1726524000000,109.0057
1726527600000,109.2886
1726531200000,108.9452
1726534800000,109.2374
1726538400000,109.4258
1726542000000,109.5204
1726545600000,109.7043
1726549200000,110.0781
1726552800000,109.8399
1726556400000,109.8568
1726560000000,109.9826
1726563600000,110.1264
1726567200000,110.5912
1726570800000,110.6253
1726574400000,110.8571
1726578000000,110.3379
1726581600000,111.1748
1726585200000,111.4357
1726588800000,111.2169
1726592400000,111.5530
1726596000000,111.3306
1726599600000,110.6333
1726603200000,110.9492
1726606800000,111.2456
1726610400000,111.2127
1726614000000,111.2645
1726617600000,111.5355
1726621200000,111.3751
1726624800000,111.6763
1726628400000,111.6933
1726632000000,111.7051
1726635600000,111.5321
1726639200000,111.5673
1726642800000,111.5503
1726646400000,111.3491
1726650000000,110.9978
1726653600000,111.3731
1726657200000,111.1704
1726660800000,111.2743
1726664400000,110.9953
1726668000000,111.0335
1726671600000,110.7434
1726675200000,111.3050
1726678800000,111.3786
1726682400000,111.8069
1726686000000,111.5102
1726689600000,111.6392
1726693200000,111.5607
1726696800000,112.1882
1726700400000,112.1872
1726704000000,112.0442
1726707600000,111.7150
1726711200000,111.8463
1726714800000,111.8009
1726718400000,111.6289
1726722000000,111.4820
1726725600000,111.2751
1726729200000,110.7893
1726732800000,110.4767
1726736400000,110.9789
1726740000000,111.1626
1726743600000,111.4267
1726747200000,112.2863
1726750800000,112.2943
1726754400000,112.3449
1726758000000,112.3388
1726761600000,112.4429
1726765200000,112.4847
1726768800000,112.2855
1726772400000,112.0398
1726776000000,111.8166
1726779600000,111.4554
1726783200000,111.5541
1726786800000,111.7930
1726790400000,111.4563
1726794000000,111.7362
1726797600000,111.8833
1726801200000,111.6807
1726804800000,111.6452
1726808400000,111.4741
1726812000000,111.1650
1726815600000,110.8317
1726819200000,110.7634
1726822800000,110.9758
1726826400000,110.8367
1726830000000,110.7704
1726833600000,110.7510
1726837200000,110.3812
1726840800000,110.2635
1726844400000,110.2075
1726848000000,109.9965
1726851600000,110.0387
1726855200000,110.0800
1726858800000,110.0578
1726862400000,110.0883
1726866000000,110.3482
1726869600000,110.2899
1726873200000,110.1503
1726876800000,110.1294
1726880400000,110.0745
1726884000000,110.3250
1726887600000,110.1576
1726891200000,110.4803
1726894800000,110.7248
1726898400000,111.0032
1726902000000,111.3947
1726905600000,111.7557
1726909200000,111.8934
1726912800000,111.4179
1726916400000,111.1729
1726920000000,111.2711
1726923600000,111.2365
1726927200000,111.5208
1726930800000,111.4662
1726934400000,111.5629
1726938000000,111.4249
1726941600000,111.3901
1726945200000,111.3663
1726948800000,111.3992
1726952400000,111.5207
1726956000000,111.5393
1726959600000,110.9467
1726963200000,110.4825
1726966800000,110.5262
1726970400000,110.4306
1726974000000,110.7207
1726977600000,110.5190
1726981200000,110.7622
1726984800000,110.7353
1726988400000,110.7693
1726992000000,110.7743
1726995600000,110.5247
1726999200000,110.4666
1727002800000,110.5163
1727006400000,110.6007
1727010000000,110.4158
1727013600000,110.5745
1727017200000,110.5504
1727020800000,110.6090
1727024400000,110.8551
1727028000000,111.2317
1727031600000,111.2693
1727035200000,111.7712
1727038800000,111.1541
1727042400000,111.8331
1727046000000,111.8029
1727049600000,111.6720
1727053200000,111.8982
1727056800000,111.5446
1727060400000,111.1379
1727064000000,110.8408
1727067600000,110.8715
1727071200000,110.7570
1727074800000,110.6228
1727078400000,110.4696
1727082000000,110.6192
1727085600000,110.5956
1727089200000,110.6480
1727092800000,110.6860
1727096400000,110.5721
1727100000000,110.5037
1727103600000,110.9098
1727107200000,111.3732
1727110800000,111.4968
1727114400000,111.7141
1727118000000,111.7204
1727121600000,111.8250
1727125200000,111.9472
1727128800000,111.7077
1727132400000,111.6316
1727136000000,111.5551
1727139600000,111.6705
1727143200000,111.9665
1727146800000,112.0477
1727150400000,111.7508
1727154000000,111.6634
1727157600000,111.4701
1727161200000,111.6035
1727164800000,111.7988
1727168400000,111.6712
1727172000000,111.6480
1727175600000,111.8942
1727179200000,111.9573
1727182800000,112.2484
1727186400000,112.3088
1727190000000,112.3740
1727193600000,112.1584
1727197200000,112.3101
1727200800000,112.3439
1727204400000,112.7658
1727208000000,112.6248
1727211600000,112.4232
1727215200000,112.5341
1727218800000,112.3721
1727222400000,112.4264
1727226000000,112.6152
1727229600000,112.6777
1727233200000,112.7780
1727236800000,112.6073
1727240400000,112.5378
1727244000000,111.7157
1727247600000,111.8257
1727251200000,111.8247
1727254800000,111.5039
1727258400000,111.5003
1727262000000,111.7500
1727265600000,111.4825
1727269200000,111.9087
1727272800000,112.0511
1727276400000,111.7204
1727280000000,111.7312
1727283600000,111.5257
1727287200000,111.7234
1727290800000,111.5468
1727294400000,111.7622
1727298000000,111.5995
1727301600000,111.5846
1727305200000,111.3636
1727308800000,111.1204
1727312400000,111.1248
1727316000000,111.2426
1727319600000,111.2307
1727323200000,111.2957
1727326800000,111.3070
1727330400000,111.7051
1727334000000,111.6305
1727337600000,111.6022
1727341200000,111.6442
1727344800000,112.1726
1727348400000,112.0454
1727352000000,111.8685
1727355600000,112.0917
1727359200000,112.2206
1727362800000,112.7772
1727366400000,113.3002
1727370000000,112.8962
1727373600000,112.2082
1727377200000,111.6713
1727380800000,111.9496
1727384400000,112.5234
1727388000000,112.4806
1727391600000,112.6931
1727395200000,112.7736
1727398800000,113.0150
1727402400000,113.1994
1727406000000,113.4462
1727409600000,113.1875
1727413200000,113.0782
1727416800000,113.1550
1727420400000,113.0856
1727424000000,113.3103
1727427600000,113.3989
1727431200000,113.4076
1727434800000,113.5803
1727438400000,113.7261
1727442000000,113.5046
1727445600000,113.6987
1727449200000,113.4102
1727452800000,113.1633
1727456400000,113.0161
1727460000000,112.9090
1727463600000,112.4509
1727467200000,113.0857
1727470800000,112.9223
1727474400000,112.8392
1727478000000,112.8038
1727481600000,112.9296
1727485200000,113.1364
1727488800000,113.7616
1727492400000,113.6108
1727496000000,113.3765
1727499600000,113.0932
1727503200000,112.7110
1727506800000,112.8021
1727510400000,112.5974
1727514000000,112.6783
1727517600000,112.7918
1727521200000,112.8203
1727524800000,112.7295
1727528400000,112.7968
1727532000000,112.8284
1727535600000,112.6804
1727539200000,112.5823
1727542800000,112.5119
1727546400000,112.5713
1727550000000,112.5160
1727553600000,112.4142
1727557200000,112.5976
1727560800000,112.5865
1727564400000,112.7708
1727568000000,112.5734
1727571600000,112.7465
1727575200000,112.6581
1727578800000,112.6794
1727582400000,112.5118
1727586000000,112.4709
1727589600000,112.5386
1727593200000,112.5070
1727596800000,112.5683
1727600400000,112.5434
1727604000000,112.6768
1727607600000,112.7755
1727611200000,112.6812
1727614800000,112.8708
1727618400000,112.7603
1727622000000,112.4952
1727625600000,112.6291
1727629200000,112.7320
1727632800000,112.6968
1727636400000,112.8959
1727640000000,112.8654
1727643600000,112.8797
1727647200000,112.6822
1727650800000,112.4428
1727654400000,111.7600
1727658000000,111.4398
1727661600000,110.5893
1727665200000,110.6063
1727668800000,110.4847
1727672400000,110.7368
1727676000000,110.6886
1727679600000,110.8212
1727683200000,110.3936
1727686800000,109.9295
1727690400000,109.8663
1727694000000,109.7463
1727697600000,109.9984
1727701200000,110.1106
1727704800000,110.2136
1727708400000,109.9097
1727712000000,109.6628
1727715600000,109.9063
1727719200000,109.8773
1727722800000,109.9899
1727726400000,110.0536
1727730000000,109.9175
1727733600000,109.6304
1727737200000,109.2498
1727740800000,109.4677
1727744400000,109.4918
1727748000000,109.5290
1727751600000,109.8374
1727755200000,110.0460
1727758800000,109.9237
1727762400000,109.9936
1727766000000,110.1412
1727769600000,110.0943
1727773200000,109.9639
1727776800000,110.0304
1727780400000,109.9108
1727784000000,110.0233
1727787600000,109.4376
1727791200000,109.2421
1727794800000,109.7880
1727798400000,109.5116
1727802000000,108.9409
1727805600000,108.8119
1727809200000,108.7075
1727812800000,108.2545
1727816400000,108.6643
1727820000000,108.5423
1727823600000,108.6665
1727827200000,108.7115
1727830800000,109.1444
1727834400000,109.1672
1727838000000,109.1935
1727841600000,108.9622
1727845200000,109.0839
1727848800000,109.3748
1727852400000,109.4949
1727856000000,109.4955
1727859600000,109.1101
1727863200000,108.8639
1727866800000,108.7552
1727870400000,108.4766
1727874000000,108.9017
1727877600000,108.9366
1727881200000,109.4529
1727884800000,109.4272
1727888400000,109.3725
1727892000000,109.0571
1727895600000,109.0548
1727899200000,109.7578
1727902800000,109.7895
1727906400000,109.8904
1727910000000,109.8738
1727913600000,109.8740
1727917200000,109.6878
1727920800000,109.7491
1727924400000,110.0208
1727928000000,109.8902
1727931600000,110.0149
1727935200000,110.0745
1727938800000,109.8889
1727942400000,109.5797
1727946000000,109.7694
1727949600000,109.6039
1727953200000,109.3837
1727956800000,109.2612
1727960400000,109.4609
1727964000000,109.5307
1727967600000,109.8056
1727971200000,109.5650
1727974800000,109.8212
1727978400000,110.0719
1727982000000,110.2600
1727985600000,110.0227
1727989200000,110.0275
1727992800000,110.0923
1727996400000,110.0144
1728000000000,109.8170
1728003600000,110.1955
1728007200000,109.9498
1728010800000,109.9971
1728014400000,109.9692
1728018000000,110.1246
1728021600000,110.0689
1728025200000,110.4419
1728028800000,110.5772
1728032400000,110.4870
1728036000000,110.6026
1728039600000,110.6068
1728043200000,111.0146
1728046800000,110.6997
1728050400000,110.3584
1728054000000,110.3306
1728057600000,110.5122
1728061200000,110.4223
1728064800000,110.6822
1728068400000,110.8165
1728072000000,110.7856
1728075600000,110.6890
1728079200000,110.7480
1728082800000,110.7075
1728086400000,110.7608
1728090000000,110.7398
1728093600000,110.5520
1728097200000,110.6803
1728100800000,110.8561
1728104400000,110.9694
1728108000000,111.1627
1728111600000,111.2902
1728115200000,111.4850
1728118800000,111.3053
1728122400000,111.2978
1728126000000,111.2853
1728129600000,111.4321
1728133200000,111.3620
1728136800000,111.4202
1728140400000,111.5780
1728144000000,111.3921
1728147600000,111.4828
1728151200000,111.3713
1728154800000,111.3757
1728158400000,111.1873
1728162000000,111.3032
1728165600000,111.3824
1728169200000,111.3854
1728172800000,111.3149
1728176400000,111.5250
1728180000000,111.3997
1728183600000,111.1591
1728187200000,111.1699
1728190800000,111.2094
1728194400000,111.2116
1728198000000,111.1929
1728201600000,111.1686
1728205200000,111.2557
1728208800000,111.0973
1728212400000,111.1324
1728216000000,111.2453
1728219600000,111.2675
1728223200000,111.6135
1728226800000,111.6484
1728230400000,111.6172
1728234000000,111.5142
1728237600000,111.5523
1728241200000,111.5485
1728244800000,111.7139
1728248400000,111.6386
1728252000000,111.8848
1728255600000,112.1443
1728259200000,112.3060
1728262800000,112.2698
1728266400000,111.8713
1728270000000,111.8447
1728273600000,111.9166
1728277200000,111.9784
1728280800000,112.4316
1728284400000,112.4058
1728288000000,112.3715
1728291600000,112.2928
1728295200000,111.9286
1728298800000,111.7945
1728302400000,111.7124
1728306000000,112.3733
1728309600000,112.4859
1728313200000,112.6000
1728316800000,112.7762
1728320400000,112.7453
1728324000000,112.2902
1728327600000,112.6889
1728331200000,112.2851
1728334800000,112.5902
1728338400000,112.1303
1728342000000,111.4710
1728345600000,111.9338
1728349200000,112.1184
1728352800000,111.9582
1728356400000,111.9827
1728360000000,112.0140
1728363600000,111.6647
1728367200000,111.5602
1728370800000,111.3429
1728374400000,112.2456
1728378000000,112.2746
1728381600000,112.3950
1728385200000,112.6141
1728388800000,112.4573
1728392400000,112.8713
1728396000000,112.9780
1728399600000,112.9780
1728403200000,112.9685
1728406800000,112.6671
1728410400000,112.6078
1728414000000,113.0457
1728417600000,112.9188
1728421200000,112.7012
1728424800000,112.5231
1728428400000,112.5553
1728432000000,112.5226
1728435600000,112.2280
1728439200000,111.9895
1728442800000,112.2492
1728446400000,112.4462
1728450000000,112.7132
1728453600000,112.9809
1728457200000,112.8879
1728460800000,113.1234
1728464400000,113.0579
1728468000000,112.8155
1728471600000,112.7865
1728475200000,112.5105
1728478800000,112.1585
1728482400000,112.3118
1728486000000,112.2755
1728489600000,112.1922
1728493200000,112.0763
1728496800000,111.8024
1728500400000,111.3386
1728504000000,111.7429
1728507600000,111.9462
1728511200000,111.9655
1728514800000,111.9146
1728518400000,111.4969
1728522000000,111.6356
1728525600000,111.6426
1728529200000,111.4728
1728532800000,111.5874
1728536400000,111.5376
1728540000000,111.6950
1728543600000,111.5595
1728547200000,111.6217
1728550800000,111.5343
1728554400000,111.5588
1728558000000,111.6621
1728561600000,111.5887
1728565200000,111.4365
1728568800000,111.0755
1728572400000,110.8904
1728576000000,110.5611
1728579600000,109.8689
1728583200000,110.2044
1728586800000,110.2946
1728590400000,110.2909
1728594000000,110.4853
1728597600000,110.5380
1728601200000,110.7469
1728604800000,110.5837
1728608400000,110.5360
1728612000000,110.5521
1728615600000,110.4776
1728619200000,110.5093
1728622800000,110.3070
1728626400000,110.3785
1728630000000,110.2952
1728633600000,110.6442
1728637200000,111.0738
1728640800000,111.1956
1728644400000,111.1173
1728648000000,111.1870
1728651600000,111.3529
1728655200000,111.3733
1728658800000,111.8045
1728662400000,111.9444
1728666000000,112.4984
1728669600000,112.4639
1728673200000,112.3405
1728676800000,112.2221
1728680400000,112.3133
1728684000000,112.1100
1728687600000,112.2660
1728691200000,112.5716
1728694800000,112.6073
1728698400000,112.5613
1728702000000,112.5574
1728705600000,112.5913
1728709200000,112.6566
1728712800000,112.5881
1728716400000,112.4470
1728720000000,112.4662
1728723600000,112.6384
1728727200000,112.6939
1728730800000,112.5578
1728734400000,112.6089
1728738000000,112.4584
1728741600000,112.4748
1728745200000,112.2655
1728748800000,112.2691
1728752400000,112.2164
1728756000000,112.2011
1728759600000,112.2880
1728763200000,112.3489
1728766800000,112.3325
1728770400000,112.2477
1728774000000,112.2971
1728777600000,112.3186
1728781200000,112.1778
1728784800000,112.0950
1728788400000,111.9815
1728792000000,112.1101
1728795600000,112.1150
1728799200000,112.0280
1728802800000,112.0342
1728806400000,111.9855
1728810000000,111.9956
1728813600000,111.8616
1728817200000,111.7827
1728820800000,111.7539
1728824400000,111.7598
1728828000000,111.2973
1728831600000,111.4165
1728835200000,111.7527
1728838800000,111.6735
1728842400000,111.5946
1728846000000,111.7955
1728849600000,111.7643
1728853200000,111.7901
1728856800000,111.7527
1728860400000,111.8017
1728864000000,111.6990
1728867600000,111.8523
1728871200000,111.7754
1728874800000,112.5963
1728878400000,112.1178
1728882000000,112.0606
1728885600000,112.2825
1728889200000,112.5419
1728892800000,112.4889
1728896400000,112.7343
1728900000000,112.6632
1728903600000,112.7813
1728907200000,112.3301
1728910800000,112.4355
1728914400000,112.2495
1728918000000,112.1490
1728921600000,112.3121
1728925200000,112.1217
1728928800000,112.2162
1728932400000,112.5572
1728936000000,112.4615
1728939600000,112.4262
1728943200000,112.6154
1728946800000,112.5160
1728950400000,112.6244
1728954000000,112.3940
1728957600000,112.4178
1728961200000,111.9478
1728964800000,112.1894
1728968400000,112.0777
1728972000000,112.1205
1728975600000,112.0704
1728979200000,112.3093
1728982800000,112.3437
1728986400000,112.6391
1728990000000,112.5395
1728993600000,113.2255
1728997200000,113.7275
1729000800000,112.7928
1729004400000,113.6396
1729008000000,114.1424
1729011600000,114.3003
1729015200000,114.3566
1729018800000,114.4816
1729022400000,113.9335
1729026000000,113.8002
1729029600000,114.0288
1729033200000,114.2401
1729036800000,114.1777
1729040400000,114.3534
1729044000000,114.2144
1729047600000,114.0027
1729051200000,113.7660
1729054800000,113.9780
1729058400000,113.9087
1729062000000,113.8617
1729065600000,114.0345
1729069200000,114.2594
1729072800000,114.7154
1729076400000,114.8383
1729080000000,114.6980
1729083600000,114.4775
1729087200000,114.8890
1729090800000,114.8548
1729094400000,114.6081
1729098000000,114.8285
1729101600000,115.1967
1729105200000,115.2232
1729108800000,115.1480
1729112400000,115.0484
1729116000000,115.2497
1729119600000,115.1552
1729123200000,115.3084
1729126800000,115.0792
1729130400000,115.0102
1729134000000,114.8030
1729137600000,114.5804
1729141200000,114.5401
1729144800000,114.2997
1729148400000,114.2040
1729152000000,114.4175
1729155600000,114.2169
1729159200000,114.1491
1729162800000,113.9094
1729166400000,114.0499
1729170000000,114.1816
1729173600000,114.0316
1729177200000,114.1360
1729180800000,114.1469
1729184400000,113.9844
1729188000000,113.9278
1729191600000,113.8037
1729195200000,113.9554
1729198800000,113.9245
1729202400000,114.2377
1729206000000,114.4140
1729209600000,114.3638
1729213200000,114.5227
1729216800000,114.7198
1729220400000,114.5383
1729224000000,114.6227
1729227600000,114.8366
1729231200000,114.9354
1729234800000,114.4686
1729238400000,114.5331
1729242000000,114.7078
1729245600000,114.6479
1729249200000,114.4859
1729252800000,114.5389
1729256400000,114.9617
1729260000000,115.0559
1729263600000,115.1636
1729267200000,115.3006
1729270800000,115.2099
1729274400000,115.1275
1729278000000,114.9957
1729281600000,115.0501
1729285200000,115.0032
1729288800000,114.9279
1729292400000,115.0142
1729296000000,115.0073
1729299600000,115.1167
1729303200000,115.0239
1729306800000,114.9269
1729310400000,114.8214
1729314000000,114.7844
1729317600000,114.7674
1729321200000,114.8423
1729324800000,114.8492
1729328400000,114.7524
1729332000000,114.7987
1729335600000,114.7654
1729339200000,114.7766
1729342800000,114.6487
1729346400000,114.6440
1729350000000,114.5810
1729353600000,114.5176
1729357200000,114.5188
1729360800000,114.6172
1729364400000,114.6610
1729368000000,114.6274
1729371600000,114.5836
1729375200000,114.6275
1729378800000,114.7197
1729382400000,114.6336
1729386000000,114.5503
1729389600000,114.4594
1729393200000,114.4722
1729396800000,114.5135
1729400400000,114.5960
1729404000000,114.6666
1729407600000,114.7545
1729411200000,114.7002
1729414800000,114.7214
1729418400000,114.6414
1729422000000,114.6317
1729425600000,114.5236
1729429200000,114.5405
1729432800000,113.7595
1729436400000,113.8329
1729440000000,113.9694
1729443600000,114.0071
1729447200000,113.8813
1729450800000,113.8168
1729454400000,113.9162
1729458000000,113.8426
1729461600000,113.8830
1729465200000,113.9129
1729468800000,113.9254
1729472400000,113.9723
1729476000000,113.5990
1729479600000,113.9802
1729483200000,113.9886
1729486800000,114.1842
1729490400000,114.1495
1729494000000,114.2887
1729497600000,114.2202
1729501200000,114.1678
1729504800000,114.3199
1729508400000,114.4237
1729512000000,114.2133
1729515600000,113.2762
1729519200000,113.3238
1729522800000,113.0777
1729526400000,113.2982
1729530000000,113.6937
1729533600000,113.5212
1729537200000,113.7051
1729540800000,113.7350
1729544400000,113.8636
1729548000000,113.9329
1729551600000,113.6296
1729555200000,113.9430
1729558800000,114.1476
1729562400000,114.0699
1729566000000,114.0628
1729569600000,114.2344
1729573200000,114.1848
1729576800000,113.9031
1729580400000,113.7323
1729584000000,113.1501
1729587600000,113.4645
1729591200000,113.6144
1729594800000,114.0407
1729598400000,113.7018
1729602000000,113.7689
1729605600000,114.3057
1729609200000,114.2562
1729612800000,114.2562
1729616400000,114.2796
1729620000000,114.2593
1729623600000,114.3010
1729627200000,114.3068
1729630800000,114.2852
1729634400000,114.4236
1729638000000,114.3075
1729641600000,114.1556
1729645200000,114.0719
1729648800000,114.0180
1729652400000,113.8935
1729656000000,113.9548
1729659600000,113.7827
1729663200000,113.5748
1729666800000,113.4447
1729670400000,113.3947
1729674000000,113.4619
1729677600000,113.4036
1729681200000,113.3853
1729684800000,113.6338
1729688400000,113.9737
1729692000000,113.8909
1729695600000,113.8131
1729699200000,114.1050
1729702800000,114.0414
1729706400000,114.5178
1729710000000,114.7326
1729713600000,114.9996
1729717200000,114.7789
1729720800000,114.8204
1729724400000,114.8751
1729728000000,115.3305
1729731600000,115.1778
1729735200000,115.4441
1729738800000,115.3582
1729742400000,115.4970
1729746000000,115.5127
1729749600000,115.2852
1729753200000,115.3086
1729756800000,115.4249
1729760400000,115.3294
1729764000000,115.4081
1729767600000,115.7741
1729771200000,116.0727
1729774800000,116.2594
1729778400000,116.2825
1729782000000,116.2549
1729785600000,116.1770
1729789200000,116.2450
1729792800000,116.3469
1729796400000,116.6154
1729800000000,116.5788
1729803600000,116.7172
1729807200000,116.5494
1729810800000,116.6116
1729814400000,116.5936
1729818000000,116.7203
1729821600000,116.9482
1729825200000,116.7736
1729828800000,116.8498
1729832400000,116.8140
1729836000000,116.7230
1729839600000,116.5923
1729843200000,116.2566
1729846800000,116.1587
1729850400000,115.9538
1729854000000,116.2037
1729857600000,116.2038
1729861200000,116.2858
1729864800000,116.3889
1729868400000,116.0628
1729872000000,115.9012
1729875600000,115.6946
1729879200000,115.9676
1729882800000,115.9662
1729886400000,115.8672
1729890000000,116.0647
1729893600000,115.6902
1729897200000,115.6984
1729900800000,115.8183
1729904400000,115.8846
1729908000000,115.8769
1729911600000,115.9143
1729915200000,115.8990
1729918800000,116.0669
1729922400000,116.0180
1729926000000,115.8213
1729929600000,116.0871
1729933200000,116.1272
1729936800000,116.0919
1729940400000,116.1651
1729944000000,116.0467
1729947600000,115.8348
1729951200000,115.9654
1729954800000,115.9773
1729958400000,115.9780
1729962000000,115.9367
1729965600000,115.9339
1729969200000,116.0165
1729972800000,115.9351
1729976400000,115.8588
1729980000000,115.8370
1729983600000,115.8726
1729987200000,115.8971
1729990800000,115.9748
1729994400000,116.1179
1729998000000,116.1727
1730001600000,116.1481
1730005200000,116.0848
1730008800000,116.0881
1730012400000,116.1146
1730016000000,116.2212
1730019600000,116.0862
1730023200000,116.0308
1730026800000,116.0994
1730030400000,116.2996
1730034000000,116.3797
1730037600000,116.3883
1730041200000,116.3587
1730044800000,116.4829
1730048400000,116.4245
1730052000000,116.3649
1730055600000,116.5266
1730059200000,116.4426
1730062800000,116.4539
1730066400000,116.5857
1730070000000,116.5701
1730073600000,116.5284
1730077200000,116.5115
1730080800000,116.6563
1730084400000,116.7506
1730088000000,116.6238
1730091600000,116.8356
1730095200000,116.7717
1730098800000,116.9904
1730102400000,116.8848
1730106000000,116.7762
1730109600000,116.9406
1730113200000,117.2100
1730116800000,117.4555
1730120400000,117.4484
1730124000000,117.0500
1730127600000,117.0594
1730131200000,117.1951
1730134800000,117.4018
1730138400000,117.6327
1730142000000,118.2508
1730145600000,118.1922
1730149200000,117.9995
1730152800000,117.7189
1730156400000,117.6780
1730160000000,117.6253
1730163600000,117.8480
1730167200000,118.1553
1730170800000,117.9472
1730174400000,117.8059
1730178000000,117.8230
1730181600000,117.8941
1730185200000,117.7770
1730188800000,117.8768
1730192400000,117.9473
1730196000000,117.7289
1730199600000,117.9554
1730203200000,117.7991
1730206800000,118.1141
1730210400000,118.2593
1730214000000,118.5777
1730217600000,118.4407
1730221200000,118.5940
1730224800000,118.7353
1730228400000,118.6267
1730232000000,118.5625
1730235600000,118.4835
1730239200000,118.6146
1730242800000,118.7111
1730246400000,118.3995
1730250000000,118.3640
1730253600000,118.1939
1730257200000,117.9941
1730260800000,118.0207
1730264400000,118.0555
1730268000000,117.6585
1730271600000,117.4040
1730275200000,117.4672
1730278800000,117.2209
1730282400000,117.0823
1730286000000,116.8758
1730289600000,116.3362
1730293200000,116.2664
1730296800000,116.5808
1730300400000,116.5657
1730304000000,116.6384
1730307600000,116.7348
1730311200000,117.0239
1730314800000,116.9759
1730318400000,117.4675
1730322000000,117.3022
1730325600000,117.2480
1730329200000,117.1207
1730332800000,116.9025
1730336400000,117.0038
1730340000000,117.1928
1730343600000,116.9185
1730347200000,116.8890
1730350800000,116.8805
1730354400000,116.8727
1730358000000,116.7469
1730361600000,116.5447
1730365200000,116.5365
1730368800000,116.7858
1730372400000,116.6913
1730376000000,116.7536
1730379600000,116.4880
1730383200000,116.5659
1730386800000,116.5315
1730390400000,116.2698
1730394000000,116.7540
1730397600000,116.8199
1730401200000,116.4828
1730404800000,116.3398
1730408400000,116.7847
1730412000000,116.9055
1730415600000,116.8289
1730419200000,116.7414
1730422800000,116.4134
1730426400000,116.6006
1730430000000,116.6510
1730433600000,116.5261
1730437200000,116.3556
1730440800000,116.1798
1730444400000,116.2178
1730448000000,116.4883
1730451600000,116.6359
1730455200000,116.6572
1730458800000,116.7486
1730462400000,116.8238
1730466000000,117.0849
1730469600000,117.1933
1730473200000,116.1633
1730476800000,116.4877
1730480400000,116.2223
1730484000000,115.7414
1730487600000,115.7718
1730491200000,115.6782
1730494800000,115.8977
1730498400000,115.9470
1730502000000,116.0980
1730505600000,116.1826
1730509200000,116.2749
1730512800000,116.3458
1730516400000,116.4371
1730520000000,116.4668
1730523600000,116.4337
1730527200000,116.4901
1730530800000,116.6805
1730534400000,116.7061
1730538000000,116.5788
1730541600000,116.4679
1730545200000,116.3656
1730548800000,116.1282
1730552400000,115.9766
1730556000000,115.7286
1730559600000,115.9450
1730563200000,116.1708
1730566800000,116.2024
1730570400000,116.1395
1730574000000,116.2065
1730577600000,116.2190
1730581200000,116.1498
1730584800000,116.0648
1730588400000,115.9748
1730592000000,115.9073
1730595600000,115.8445
1730599200000,115.6208
1730602800000,115.6022
1730606400000,115.7892
1730610000000,115.8055
1730613600000,115.7812
1730617200000,115.7323
1730620800000,115.4952
1730624400000,115.1993
1730628000000,115.2230
1730631600000,115.0860
1730635200000,115.2391
1730638800000,114.9142
1730642400000,114.7511
1730646000000,114.6558
1730649600000,114.8318
1730653200000,114.9883
1730656800000,114.8273
1730660400000,115.3247
1730664000000,115.3267
1730667600000,115.4743
1730671200000,115.4600
1730674800000,115.3493
1730678400000,115.3443
1730682000000,115.4775
1730685600000,115.7115
1730689200000,115.6400
1730692800000,115.6105
1730696400000,115.3799
1730700000000,115.4965
1730703600000,115.2977
1730707200000,115.2911
1730710800000,115.2981
1730714400000,115.4275
1730718000000,115.3118
1730721600000,115.4429
1730725200000,115.4055
1730728800000,115.2187
1730732400000,115.7259
1730736000000,115.2816
1730739600000,114.8258
1730743200000,114.7591
1730746800000,114.8054
1730750400000,114.3968
1730754000000,114.7329
1730757600000,115.2533
1730761200000,115.4237
1730764800000,115.6181
1730768400000,115.4693
1730772000000,115.3937
1730775600000,115.4936
1730779200000,115.5473
1730782800000,115.9572
1730786400000,116.0118
1730790000000,115.9582
1730793600000,116.0765
1730797200000,115.9536
1730800800000,115.8504
1730804400000,115.8404
1730808000000,115.8793
1730811600000,115.9547
1730815200000,116.8238
1730818800000,116.8695
1730822400000,117.1765
1730826000000,117.3693
1730829600000,117.4531
1730833200000,116.7043
1730836800000,116.9773
1730840400000,116.7841
1730844000000,117.0165
1730847600000,116.9457
1730851200000,117.7454
1730854800000,117.8467
1730858400000,118.3389
1730862000000,118.9868
1730865600000,118.5083
1730869200000,118.8967
1730872800000,118.9687
1730876400000,118.1612
1730880000000,117.6351
1730883600000,117.6157
1730887200000,117.7205
1730890800000,117.9632
1730894400000,117.8421
1730898000000,117.9744
1730901600000,117.6878
1730905200000,117.9852
1730908800000,117.6151
1730912400000,117.6488
1730916000000,118.1044
1730919600000,118.4646
1730923200000,118.6521
1730926800000,118.6811
1730930400000,117.8686
1730934000000,117.9329
1730937600000,117.9152
1730941200000,116.7821
1730944800000,116.1151
1730948400000,116.0029
1730952000000,115.7078
1730955600000,115.6228
1730959200000,115.9869
1730962800000,115.6800
1730966400000,115.9948
1730970000000,115.7654
1730973600000,115.8380
1730977200000,115.9371
1730980800000,115.7397
1730984400000,115.4228
1730988000000,115.8181
1730991600000,116.2653
1730995200000,116.2522
1730998800000,116.3165
1731002400000,116.2666
1731006000000,115.9525
1731009600000,115.7425
1731013200000,115.5261
1731016800000,115.3977
1731020400000,115.1943
1731024000000,115.6047
1731027600000,115.0863
1731031200000,114.8334
1731034800000,114.9445
1731038400000,114.8434
1731042000000,114.7594
1731045600000,114.9044
1731049200000,115.1353
1731052800000,114.7585
1731056400000,114.8258
1731060000000,114.9527
1731063600000,114.6732
1731067200000,114.5760
1731070800000,114.5430
1731074400000,114.6194
1731078000000,114.7027
1731081600000,114.4172
1731085200000,114.6908
1731088800000,114.4711
1731092400000,114.8112
1731096000000,114.6847
1731099600000,114.4575
1731103200000,114.1274
1731106800000,114.3119
1731110400000,114.6898
1731114000000,116.2185
1731117600000,116.6660
1731121200000,117.2765
1731124800000,116.4834
1731128400000,116.3210
1731132000000,116.0204
1731135600000,115.8989
1731139200000,116.1205
1731142800000,115.9725
1731146400000,115.6349
1731150000000,115.5958
1731153600000,115.2386
1731157200000,115.3767
1731160800000,114.8736
1731164400000,114.7029
1731168000000,114.7712
1731171600000,114.8131
1731175200000,114.8767
1731178800000,114.5723
1731182400000,114.8860
1731186000000,115.1166
1731189600000,115.4514
1731193200000,115.6457
1731196800000,115.9160
1731200400000,115.6318
1731204000000,116.0838
1731207600000,116.2819
1731211200000,118.1900
1731214800000,117.9629
1731218400000,117.7258
1731222000000,117.6204
1731225600000,118.1555
1731229200000,118.4494
1731232800000,118.5790
1731236400000,119.3646
1731240000000,118.8607
1731243600000,119.0667
1731247200000,118.5040
1731250800000,119.1194
1731254400000,119.1032
1731258000000,119.5515
1731261600000,119.4261
1731265200000,118.2667
1731268800000,116.8057
1731272400000,117.9966
1731276000000,118.6670
1731279600000,118.5520
1731283200000,119.5996
1731286800000,120.2182
1731290400000,120.2388
1731294000000,120.3190
1731297600000,119.8196
1731301200000,118.1478
1731304800000,118.0953
1731308400000,118.1348
1731312000000,118.7940
1731315600000,119.0939
1731319200000,119.5897
1731322800000,119.7296
1731326400000,119.2906
1731330000000,118.7559
1731333600000,118.7567
1731337200000,119.2152
1731340800000,119.3371
1731344400000,119.4222
1731348000000,119.8911
1731351600000,120.2107
1731355200000,120.0899
1731358800000,120.9969
1731362400000,121.0345
1731366000000,122.6033
1731369600000,122.6033
1731373200000,123.1148
1731376800000,122.0379
1731380400000,122.1877
1731384000000,122.2698
1731387600000,122.1941
1731391200000,122.0110
1731394800000,121.8162
1731398400000,121.7155
1731402000000,120.2434
1731405600000,120.0727
1731409200000,120.3912
1731412800000,120.1005
1731416400000,119.9804
1731420000000,120.5198
1731423600000,120.3251
1731427200000,120.5350
1731430800000,120.8084
1731434400000,121.6402
1731438000000,121.5412
1731441600000,121.6907
1731445200000,121.2960
1731448800000,121.7392
1731452400000,121.3253
1731456000000,121.2840
1731459600000,120.6430
1731463200000,120.5897
1731466800000,119.9291
1731470400000,120.2085
1731474000000,120.3632
1731477600000,120.5155
1731481200000,120.8664
1731484800000,120.9625
1731488400000,120.8569
1731492000000,120.7953
1731495600000,121.1322
1731499200000,121.1040
1731502800000,121.9495
1731506400000,123.1021
1731510000000,123.1900
1731513600000,123.9731
1731517200000,123.5657
1731520800000,123.8442
1731524400000,122.8355
1731528000000,122.5890
1731531600000,121.8435
1731535200000,122.5109
1731538800000,123.1777
1731542400000,122.5589
1731546000000,122.5125
1731549600000,122.7602
1731553200000,122.9286
1731556800000,123.0774
1731560400000,123.2635
1731564000000,122.8354
1731567600000,125.9428
1731571200000,125.9390
1731574800000,125.5078
1731578400000,125.3180
1731582000000,125.4173
1731585600000,125.5019
1731589200000,125.1409
1731592800000,124.2911
1731596400000,124.8094
1731600000000,124.5642
1731603600000,125.2652
1731607200000,125.3085
1731610800000,125.2972
1731614400000,124.7285
1731618000000,124.9769
1731621600000,124.6649
1731625200000,124.3068
1731628800000,124.5192
1731632400000,124.5475
1731636000000,124.6539
1731639600000,124.5231
1731643200000,124.0837
1731646800000,124.0814
1731650400000,124.4165
1731654000000,124.2239
1731657600000,124.2910
1731661200000,124.8895
1731664800000,124.8429
1731668400000,125.0757
1731672000000,124.7474
1731675600000,124.9709
1731679200000,124.2504
1731682800000,124.2803
1731686400000,124.9735
1731690000000,125.0944
1731693600000,125.2098
1731697200000,125.5452
1731700800000,125.7833
1731704400000,125.8381
1731708000000,125.5280
1731711600000,125.6393
1731715200000,125.6811
1731718800000,125.6898
1731722400000,125.6306
1731726000000,125.1580
1731729600000,125.3473
1731733200000,125.6229
1731736800000,125.7510
1731740400000,125.7265
1731744000000,125.6894
1731747600000,125.5397
1731751200000,125.7572
1731754800000,124.9288
1731758400000,124.7283
1731762000000,124.6557
1731765600000,125.1334
1731769200000,124.8694
1731772800000,124.9342
1731776400000,125.0957
1731780000000,125.1144
1731783600000,125.2469
1731787200000,124.9803
1731790800000,125.1918
1731794400000,124.7401
1731798000000,124.9804
1731801600000,125.1878
1731805200000,124.9529
1731808800000,124.9349
1731812400000,124.9534
1731816000000,125.6277
1731819600000,125.5621
1731823200000,125.8247
1731826800000,126.1342
1731830400000,126.5398
1731834000000,126.2499
1731837600000,126.0401
1731841200000,125.9102
1731844800000,126.3152
1731848400000,125.7128
1731852000000,125.7390
1731855600000,125.6914
1731859200000,125.4955
1731862800000,125.4269
1731866400000,125.0393
1731870000000,125.0149
1731873600000,125.0153
1731877200000,124.6565
1731880800000,124.9489
1731884400000,125.1728
1731888000000,125.0354
1731891600000,125.6135
1731895200000,125.4797
1731898800000,125.7693
1731902400000,125.6084
1731906000000,125.3616
1731909600000,126.0607
1731913200000,125.9304
1731916800000,126.0461
1731920400000,125.8533
1731924000000,125.9375
1731927600000,125.4784
1731931200000,125.2452
1731934800000,124.8071
1731938400000,125.3010
1731942000000,125.8868
1731945600000,124.8689
1731949200000,124.7530
1731952800000,124.2672
1731956400000,124.6121
1731960000000,124.6972
1731963600000,124.8124
1731967200000,124.7595
1731970800000,123.4523
1731974400000,124.6037
1731978000000,124.5344
1731981600000,124.6718
1731985200000,124.8703
1731988800000,125.0647
1731992400000,125.3604
1731996000000,125.4561
1731999600000,125.3812
1732003200000,125.3970
1732006800000,125.3781
1732010400000,125.3389
1732014000000,125.3243
1732017600000,125.7974
1732021200000,125.3263
1732024800000,125.5140
1732028400000,125.8387
1732032000000,125.7595
1732035600000,125.9554
1732039200000,126.1478
1732042800000,126.1018
1732046400000,125.5788
1732050000000,125.5646
1732053600000,125.4891
1732057200000,125.7743
1732060800000,125.5174
1732064400000,125.5009
1732068000000,125.3257
1732071600000,125.4572
1732075200000,125.5078
1732078800000,125.6808
1732082400000,125.5997
1732086000000,125.8303
1732089600000,125.8945
1732093200000,125.9808
1732096800000,126.1235
1732100400000,126.2685
1732104000000,126.3366
1732107600000,127.0029
1732111200000,126.9044
1732114800000,126.7333
1732118400000,126.5713
1732122000000,126.6074
1732125600000,126.6533
1732129200000,126.6171
1732132800000,126.9123
1732136400000,126.9547
1732140000000,126.8086
1732143600000,126.6701
1732147200000,126.9293
1732150800000,126.7962
1732154400000,126.5032
1732158000000,127.0529
1732161600000,127.7855
1732165200000,128.1241
1732168800000,127.6732
1732172400000,127.6196
1732176000000,127.6912
1732179600000,127.9205
1732183200000,127.9078
1732186800000,127.8265
1732190400000,125.9384
1732194000000,125.5358
1732197600000,125.3838
1732201200000,125.6268
1732204800000,125.2906
1732208400000,125.5391
1732212000000,125.4536
1732215600000,125.7793
1732219200000,125.7013
1732222800000,125.6666
1732226400000,125.5338
1732230000000,125.7008
1732233600000,126.7617
1732237200000,126.9036
1732240800000,127.2861
1732244400000,126.8767
1732248000000,126.5178
1732251600000,126.4031
1732255200000,126.3985
1732258800000,126.4932
1732262400000,126.2823
1732266000000,126.3012
1732269600000,126.3768
1732273200000,126.4350
1732276800000,126.4390
1732280400000,126.3005
1732284000000,125.9695
1732287600000,126.7543
1732291200000,126.9296
1732294800000,126.9806
1732298400000,127.1790
1732302000000,127.2737
1732305600000,127.3962
1732309200000,127.3672
1732312800000,127.0894
1732316400000,127.3152
1732320000000,127.0290
1732323600000,127.9885
1732327200000,127.7149
1732330800000,127.8073
1732334400000,127.9222
1732338000000,128.1079
1732341600000,128.3088
1732345200000,129.3175
1732348800000,129.3167
1732352400000,128.8831
1732356000000,128.9818
1732359600000,128.8562
1732363200000,128.6224
1732366800000,128.1755
1732370400000,128.1639
1732374000000,127.7582
1732377600000,127.2803
1732381200000,127.2356
1732384800000,127.1375
1732388400000,126.8868
1732392000000,126.7848
1732395600000,127.1724
1732399200000,127.0457
1732402800000,126.9493
1732406400000,127.4455
1732410000000,127.4238
1732413600000,127.4277
1732417200000,127.3873
1732420800000,127.6488
1732424400000,127.9997
1732428000000,128.3562
1732431600000,128.5792
1732435200000,129.2922
1732438800000,128.8535
1732442400000,128.4235
1732446000000,127.5751
1732449600000,127.3387
1732453200000,127.7945
1732456800000,127.6971
1732460400000,126.9313
1732464000000,127.3984
1732467600000,127.0624
1732471200000,127.6649
1732474800000,127.2773
1732478400000,127.8394
1732482000000,127.8334
1732485600000,128.4737
1732489200000,128.2387
1732492800000,128.3035
1732496400000,127.8748
1732500000000,127.9217
1732503600000,128.1510
1732507200000,127.9475
1732510800000,128.1028
1732514400000,127.8893
1732518000000,127.8610
1732521600000,128.5704
1732525200000,127.7382
1732528800000,126.9527
1732532400000,127.0674
1732536000000,126.9642
1732539600000,125.8890
1732543200000,124.8136
1732546800000,124.1188
1732550400000,124.5705
1732554000000,124.1788
1732557600000,124.2668
1732561200000,123.8617
1732564800000,123.6315
1732568400000,123.3620
1732572000000,123.5764
1732575600000,123.2167
1732579200000,123.7255
1732582800000,124.2623
1732586400000,124.1472
1732590000000,124.1474
1732593600000,124.2463
1732597200000,124.3923
1732600800000,124.2075
1732604400000,124.3099
1732608000000,123.2736
1732611600000,123.8732
1732615200000,123.1196
1732618800000,123.0331
1732622400000,123.0883
1732626000000,122.3645
1732629600000,123.1611
1732633200000,123.2173
1732636800000,123.6371
1732640400000,123.3732
1732644000000,122.3570
1732647600000,122.2881
1732651200000,121.8858
1732654800000,122.2120
1732658400000,122.2525
1732662000000,122.3271
1732665600000,122.2351
1732669200000,122.5759
1732672800000,122.5834
1732676400000,122.3273
1732680000000,121.7656
1732683600000,121.8796
1732687200000,121.8106
1732690800000,122.3207
1732694400000,122.1691
1732698000000,122.2665
1732701600000,122.1259
1732705200000,121.8836
1732708800000,121.5772
1732712400000,121.8111
1732716000000,122.3672
1732719600000,122.4783
1732723200000,122.3949
1732726800000,122.7861
1732730400000,122.2626
1732734000000,122.6252
1732737600000,122.1982
1732741200000,122.0308
1732744800000,121.6004
1732748400000,121.7120
1732752000000,122.6976
1732755600000,122.9075
1732759200000,122.6565
1732762800000,122.9125
1732766400000,123.0856
1732770000000,123.2026
1732773600000,123.2835
1732777200000,122.7548
1732780800000,122.6645
1732784400000,123.0880
1732788000000,123.0654
1732791600000,123.1701
1732795200000,122.9632
1732798800000,123.4000
1732802400000,123.2874
1732806000000,123.0752
1732809600000,123.1781
1732813200000,122.9399
1732816800000,123.1205
1732820400000,123.4927
1732824000000,123.3019
1732827600000,123.4801
1732831200000,123.6274
1732834800000,123.4291
1732838400000,123.6426
1732842000000,123.8344
1732845600000,124.3337
1732849200000,124.1242
1732852800000,123.8845
1732856400000,123.6918
1732860000000,123.9748
1732863600000,123.6156
1732867200000,123.7818
1732870800000,123.8603
1732874400000,124.0090
1732878000000,124.2013
1732881600000,124.0641
1732885200000,124.1484
1732888800000,124.1957
1732892400000,124.5485
1732896000000,124.4659
1732899600000,124.0704
1732903200000,124.5167
1732906800000,124.2322
1732910400000,123.9360
1732914000000,124.0750
1732917600000,123.9253
1732921200000,124.2144
1732924800000,123.7030
1732928400000,123.1607
1732932000000,123.0568
1732935600000,122.9963
1732939200000,122.9737
1732942800000,122.8014
1732946400000,122.6211
1732950000000,123.5925
1732953600000,123.4881
1732957200000,123.4830
1732960800000,123.1626
1732964400000,122.9620
1732968000000,122.9691
1732971600000,123.1059
1732975200000,122.7687
1732978800000,122.6992
1732982400000,122.9056
1732986000000,122.8134
1732989600000,122.8548
1732993200000,122.5553
1732996800000,122.3671
1733000400000,122.1705
1733004000000,122.0274
1733007600000,121.9342
1733011200000,121.9491
1733014800000,121.5738
1733018400000,121.7420
1733022000000,121.7246
1733025600000,121.8931
1733029200000,121.8198
1733032800000,121.6970
1733036400000,121.8052
1733040000000,122.4522
1733043600000,122.4475
1733047200000,122.7374
1733050800000,122.8094
1733054400000,122.6972
1733058000000,122.8682
1733061600000,122.8747
1733065200000,122.5378
1733068800000,122.5906
1733072400000,122.5173
1733076000000,122.4125
1733079600000,122.6261
1733083200000,122.6689
1733086800000,122.8303
1733090400000,122.5385
1733094000000,122.4601
1733097600000,122.7928
1733101200000,123.2474
1733104800000,122.6784
1733108400000,122.0638
1733112000000,122.1905
1733115600000,122.1822
1733119200000,121.9421
1733122800000,121.7772
1733126400000,121.2444
1733130000000,121.6650
1733133600000,121.4190
1733137200000,121.5137
1733140800000,121.2624
1733144400000,121.6708
1733148000000,121.9804
1733151600000,122.4452
1733155200000,122.0777
1733158800000,121.2845
1733162400000,121.6975
1733166000000,121.8846
1733169600000,121.8777
1733173200000,121.8233
1733176800000,121.8218
1733180400000,122.1213
1733184000000,122.6054
1733187600000,122.3490
1733191200000,122.5646
1733194800000,122.6035
1733198400000,122.5339
1733202000000,122.6834
1733205600000,122.5574
1733209200000,122.3862
1733212800000,122.7213
1733216400000,122.4617
1733220000000,122.2460
1733223600000,122.3458
1733227200000,122.2203
1733230800000,121.3750
1733234400000,122.1873
1733238000000,122.7235
1733241600000,123.0802
1733245200000,123.9196
1733248800000,125.1400
1733252400000,126.0373
1733256000000,127.4454
1733259600000,127.1887
1733263200000,128.9596
1733266800000,129.0283
1733270400000,129.6883
1733274000000,130.8931
1733277600000,129.5290
1733281200000,129.6816
1733284800000,129.8236
1733288400000,130.3559
1733292000000,129.9139
1733295600000,130.1530
1733299200000,131.4010
1733302800000,131.4546
1733306400000,131.4652
1733310000000,131.0350
1733313600000,130.9154
1733317200000,130.4723
1733320800000,129.1025
1733324400000,127.5003
1733328000000,126.1920
1733331600000,125.7249
1733335200000,126.0164
1733338800000,126.7089
1733342400000,126.4737
1733346000000,126.7697
1733349600000,126.7776
1733353200000,127.4677
1733356800000,126.3950
1733360400000,125.0622
1733364000000,127.2227
1733367600000,127.8840
1733371200000,128.5854
1733374800000,128.1089
1733378400000,127.6671
1733382000000,128.3848
1733385600000,127.9896
1733389200000,127.8565
1733392800000,127.5777
1733396400000,127.9317
1733400000000,127.5814
1733403600000,127.5640
1733407200000,127.6874
1733410800000,126.9563
1733414400000,127.2077
1733418000000,127.1769
1733421600000,126.8032
1733425200000,126.0640
1733428800000,125.9292
1733432400000,125.5843
1733436000000,125.1258
1733439600000,125.7428
1733443200000,125.8720
1733446800000,126.0057
1733450400000,125.7040
1733454000000,125.2487
1733457600000,125.6399
1733461200000,125.3922
1733464800000,125.3527
1733468400000,125.3446
1733472000000,125.4705
1733475600000,125.0444
1733479200000,125.4473
1733482800000,125.1964
1733486400000,124.6691
1733490000000,125.0928
1733493600000,124.6077
1733497200000,125.0061
1733500800000,125.4032
1733504400000,126.1988
1733508000000,125.7700
1733511600000,125.8146
1733515200000,125.9656
1733518800000,124.7915
1733522400000,124.9867
1733526000000,124.3548
1733529600000,124.9174
1733533200000,124.9196
1733536800000,124.8780
1733540400000,124.5252
1733544000000,124.9567
1733547600000,125.1554
1733551200000,125.0120
1733554800000,124.7980
1733558400000,125.0086
1733562000000,125.0086
1733565600000,125.1632
1733569200000,124.9918
1733572800000,124.7074
1733576400000,124.7323
1733580000000,124.8236
1733583600000,125.5960
1733587200000,125.3668
1733590800000,125.7968
1733594400000,125.8187
1733598000000,126.0096
1733601600000,125.6746
1733605200000,125.5277
1733608800000,125.1986
1733612400000,125.3721
1733616000000,125.4017
1733619600000,125.7867
1733623200000,125.6993
1733626800000,125.7998
1733630400000,125.5401
1733634000000,125.2815
1733637600000,125.3461
1733641200000,125.3068
1733644800000,124.9311
1733648400000,124.2403
1733652000000,124.5352
1733655600000,124.8430
1733659200000,124.9072
1733662800000,125.2041
1733666400000,124.7990
1733670000000,124.8403
1733673600000,124.8110
1733677200000,124.8561
1733680800000,124.7055
1733684400000,124.9235
1733688000000,124.8598
1733691600000,124.9410
1733695200000,124.9691
1733698800000,125.3931
1733702400000,124.3194
1733706000000,124.4094
1733709600000,123.8045
1733713200000,123.9455
1733716800000,124.1435
1733720400000,124.2128
1733724000000,123.8752
1733727600000,124.2520
1733731200000,123.7482
1733734800000,123.7773
1733738400000,124.3663
1733742000000,124.0262
1733745600000,124.7211
1733749200000,124.8423
1733752800000,124.9790
1733756400000,124.2013
1733760000000,124.3048
1733763600000,123.9797
1733767200000,124.3142
1733770800000,124.3209
1733774400000,123.2533
1733778000000,123.0333
1733781600000,122.9273
1733785200000,123.5791
1733788800000,123.5991
1733792400000,123.6354
1733796000000,122.9242
1733799600000,123.5352
1733803200000,123.6122
1733806800000,123.8688
1733810400000,123.8740
1733814000000,123.5059
1733817600000,123.6411
1733821200000,123.8258
1733824800000,123.9713
1733828400000,123.9147
1733832000000,123.3482
1733835600000,123.9276
1733839200000,124.1928
1733842800000,122.4322
1733846400000,123.0983
1733850000000,121.9128
1733853600000,122.3733
1733857200000,122.7931
1733860800000,123.1268
1733864400000,123.2468
1733868000000,123.4547
1733871600000,123.4525
1733875200000,123.2494
1733878800000,122.6052
1733882400000,123.4611
1733886000000,123.5392
1733889600000,123.7147
1733893200000,123.5450
1733896800000,123.7252
1733900400000,123.5575
1733904000000,124.0412
1733907600000,124.0827
1733911200000,124.1120
1733914800000,124.0083
1733918400000,123.8598
1733922000000,124.1106
1733925600000,124.2054
1733929200000,124.5728
1733932800000,124.6936
1733936400000,124.8887
1733940000000,125.1793
1733943600000,125.5758
1733947200000,125.2308
1733950800000,125.5163
1733954400000,125.3763
1733958000000,125.4890
1733961600000,125.7762
1733965200000,125.3776
1733968800000,125.7275
1733972400000,124.6295
1733976000000,124.6850
1733979600000,124.3296
1733983200000,124.3548
1733986800000,124.4812
1733990400000,124.9343
1733994000000,125.0874
1733997600000,124.5375
1734001200000,124.2488
1734004800000,124.2648
1734008400000,124.1664
1734012000000,124.2801
1734015600000,124.4677
1734019200000,124.9604
1734022800000,124.5800
1734026400000,124.7779
1734030000000,123.7125
1734033600000,124.1187
1734037200000,123.9960
1734040800000,124.2930
1734044400000,123.9356
1734048000000,124.1363
1734051600000,123.4446
1734055200000,123.5593
1734058800000,123.3934
1734062400000,123.6328
1734066000000,123.6001
1734069600000,123.3598
1734073200000,123.6665
1734076800000,124.4357
1734080400000,124.0631
1734084000000,124.3522
1734087600000,124.5247
1734091200000,124.3269
1734094800000,124.3015
1734098400000,124.5118
1734102000000,123.9866
1734105600000,124.7462
1734109200000,124.9565
1734112800000,125.1461
1734116400000,125.6757
1734120000000,125.7654
1734123600000,125.6363
1734127200000,125.7768
1734130800000,125.6756
1734134400000,125.6365
1734138000000,125.7994
1734141600000,125.9872
1734145200000,126.3136
1734148800000,125.9006
1734152400000,125.7458
1734156000000,125.7490
1734159600000,125.8855
1734163200000,125.6048
1734166800000,125.5184
1734170400000,125.5030
1734174000000,125.5135
1734177600000,125.2855
1734181200000,125.0750
1734184800000,125.2622
1734188400000,125.3090
1734192000000,125.2415
1734195600000,124.8710
1734199200000,125.0506
1734202800000,125.2234
1734206400000,124.9588
1734210000000,125.2733
1734213600000,125.3443
1734217200000,125.4626
1734220800000,125.3089
1734224400000,125.6874
1734228000000,125.5830
1734231600000,125.3962
1734235200000,125.6280
1734238800000,125.4830
1734242400000,125.1905
1734246000000,125.2993
1734249600000,125.5170
1734253200000,125.6102
1734256800000,125.6086
1734260400000,125.8696
1734264000000,126.0582
1734267600000,126.0102
1734271200000,126.0383
1734274800000,125.8465
1734278400000,126.1061
1734282000000,125.9886
1734285600000,126.2295
1734289200000,126.1853
1734292800000,126.1372
1734296400000,125.8304
1734300000000,126.0494
1734303600000,126.0822
1734307200000,126.3874
1734310800000,125.9847
1734314400000,125.5752
1734318000000,125.8364
1734321600000,125.8676
1734325200000,125.9953
1734328800000,126.1437
1734332400000,125.9297
1734336000000,125.7274
1734339600000,125.7051
1734343200000,125.6845
1734346800000,125.4253
1734350400000,126.0111
1734354000000,125.9912
1734357600000,126.5837
1734361200000,127.2122
1734364800000,127.2607
1734368400000,126.7952
1734372000000,126.5423
1734375600000,126.4459
1734379200000,126.0730
1734382800000,126.3045
1734386400000,126.2285
1734390000000,126.6563
1734393600000,126.4668
1734397200000,126.7060
1734400800000,126.6700
1734404400000,126.5518
1734408000000,126.4750
1734411600000,126.3724
1734415200000,126.3709
1734418800000,126.6280
1734422400000,126.8066
1734426000000,126.7824
1734429600000,126.9671
1734433200000,126.8772
1734436800000,127.1687
1734440400000,127.2450
1734444000000,128.1251
1734447600000,128.1250
1734451200000,127.9516
1734454800000,127.8657
1734458400000,127.5763
1734462000000,127.5088
1734465600000,127.9991
1734469200000,128.0689
1734472800000,127.8927
1734476400000,127.5794
1734480000000,127.7723
1734483600000,127.4317
1734487200000,127.3553
1734490800000,127.0866
1734494400000,126.4313
1734498000000,126.4287
1734501600000,126.6938
1734505200000,126.9757
1734508800000,126.7999
1734512400000,126.9285
1734516000000,127.0077
1734519600000,127.3016
1734523200000,127.3291
1734526800000,127.1528
1734530400000,126.8081
1734534000000,126.7709
1734537600000,126.8066
1734541200000,127.0151
1734544800000,127.0494
1734548400000,126.7125
1734552000000,126.0875
1734555600000,126.2909
1734559200000,126.3641
1734562800000,126.0330
1734566400000,126.5810
1734570000000,126.0421
1734573600000,126.1420
1734577200000,126.9416
1734580800000,126.6532
1734584400000,127.1328
1734588000000,126.8621
1734591600000,126.9239
1734595200000,127.0418
1734598800000,126.9438
1734602400000,127.1123
1734606000000,127.3042
1734609600000,127.0204
1734613200000,127.1104
1734616800000,126.7748
1734620400000,126.6609
1734624000000,126.7691
1734627600000,126.2381
1734631200000,125.7373
1734634800000,125.1208
1734638400000,125.8515
1734642000000,126.3456
1734645600000,126.5416
1734649200000,125.9887
1734652800000,126.0772
1734656400000,125.9613
1734660000000,126.4258
1734663600000,126.4687
1734667200000,126.7392
1734670800000,126.7232
1734674400000,126.7014
1734678000000,126.9828
1734681600000,125.3440
1734685200000,125.0787
1734688800000,125.2249
1734692400000,124.6264
1734696000000,125.3183
1734699600000,125.4580
1734703200000,125.5831
1734706800000,126.3686
1734710400000,126.2428
1734714000000,126.1236
1734717600000,125.8691
1734721200000,125.4749
1734724800000,125.5917
1734728400000,125.7701
1734732000000,126.1252
1734735600000,126.3376
1734739200000,126.5687
1734742800000,126.5788
1734746400000,126.4421
1734750000000,126.4106
1734753600000,126.5722
1734757200000,126.9412
1734760800000,126.8124
1734764400000,126.9727
1734768000000,126.8668
1734771600000,126.7666
1734775200000,126.7039
1734778800000,126.8183
1734782400000,126.1702
1734786000000,126.2571
1734789600000,126.1561
1734793200000,126.4705
1734796800000,126.2993
1734800400000,126.5408
1734804000000,126.2283
1734807600000,126.1970
1734811200000,126.6031
1734814800000,126.5526
1734818400000,126.6425
1734822000000,126.7547
1734825600000,126.6851
1734829200000,126.5652
1734832800000,126.3079
1734836400000,126.4330
1734840000000,125.8879
1734843600000,125.7581
1734847200000,126.2100
1734850800000,125.9970
1734854400000,126.1427
1734858000000,126.2377
1734861600000,126.3472
1734865200000,126.3482
1734868800000,126.3248
1734872400000,126.4185
1734876000000,125.8605
1734879600000,125.8485
1734883200000,125.6950
1734886800000,125.8140
1734890400000,126.0000
1734894000000,125.4936
1734897600000,125.7093
1734901200000,125.5030
1734904800000,125.6584
1734908400000,125.5520
1734912000000,125.1360
1734915600000,125.2299
1734919200000,125.7527
1734922800000,126.0772
1734926400000,126.2400
1734930000000,126.1294
1734933600000,126.0189
1734937200000,126.2008
1734940800000,126.8180
1734944400000,126.6594
1734948000000,127.0044
1734951600000,126.8254
1734955200000,127.2543
1734958800000,127.0696
1734962400000,126.6804
1734966000000,126.2116
1734969600000,126.1511
1734973200000,126.2513
1734976800000,126.2924
1734980400000,126.2522
1734984000000,125.8738
1734987600000,125.9786
1734991200000,126.5965
1734994800000,126.6611
1734998400000,126.3618
1735002000000,126.3723
1735005600000,126.6237
1735009200000,126.6360
1735012800000,126.4154
1735016400000,126.5415
1735020000000,126.1579
1735023600000,126.5343
1735027200000,126.3239
1735030800000,126.0985
1735034400000,126.1481
1735038000000,126.0154
1735041600000,125.9407
1735045200000,126.7691
1735048800000,127.4308
1735052400000,127.4521
1735056000000,127.6500
1735059600000,127.6179
1735063200000,127.6248
1735066800000,127.2674
1735070400000,127.2276
1735074000000,127.6426
1735077600000,127.7268
1735081200000,127.7268
1735084800000,127.8813
1735088400000,127.7556
1735092000000,127.9458
1735095600000,128.0824
1735099200000,128.0375
1735102800000,128.0839
1735106400000,127.8685
1735110000000,127.8742
1735113600000,128.0113
1735117200000,128.2288
1735120800000,128.3344
1735124400000,128.1432
1735128000000,128.3921
1735131600000,128.6824
1735135200000,128.5941
1735138800000,128.3744
1735142400000,128.3646
1735146000000,128.2168
1735149600000,128.4640
1735153200000,128.5869
1735156800000,128.5816
1735160400000,128.1450
1735164000000,128.3068
1735167600000,128.4363
1735171200000,128.4319
1735174800000,128.7238
1735178400000,128.7260
1735182000000,129.0031
1735185600000,128.8176
1735189200000,128.7920
1735192800000,129.3933
1735196400000,128.8661
1735200000000,128.1092
1735203600000,127.6851
1735207200000,127.6676
1735210800000,127.8145
1735214400000,127.1742
1735218000000,127.7954
1735221600000,127.7531
1735225200000,128.0334
1735228800000,128.2275
1735232400000,128.0018
1735236000000,128.0654
1735239600000,128.1524
1735243200000,127.8176
1735246800000,128.0564
1735250400000,127.9254
1735254000000,127.8733
1735257600000,127.6731
1735261200000,127.5976
1735264800000,127.6399
1735268400000,127.5869
1735272000000,127.4770
1735275600000,127.8418
1735279200000,128.2161
1735282800000,127.8606
1735286400000,128.1186
1735290000000,128.2488
1735293600000,128.4554
1735297200000,128.4878
1735300800000,128.4533
1735304400000,128.4085
1735308000000,127.9489
1735311600000,127.3700
1735315200000,127.4033
1735318800000,127.2493
1735322400000,127.4132
1735326000000,127.5075
1735329600000,127.5871
1735333200000,127.5295
1735336800000,127.4935
1735340400000,127.3599
1735344000000,127.5791
1735347600000,127.8279
1735351200000,127.5906
1735354800000,127.7038
1735358400000,127.6584
1735362000000,127.7514
1735365600000,127.5627
1735369200000,127.6628
1735372800000,127.7791
1735376400000,127.7955
1735380000000,128.1283
1735383600000,128.0626
1735387200000,128.4337
1735390800000,128.3031
1735394400000,129.1187
1735398000000,129.0233
1735401600000,129.3166
1735405200000,129.3169
1735408800000,129.3581
1735412400000,129.4719
1735416000000,129.2517
1735419600000,129.1321
1735423200000,129.0284
1735426800000,129.0075
1735430400000,128.8981
1735434000000,128.6210
1735437600000,128.6639
1735441200000,128.7641
1735444800000,128.5511
1735448400000,128.5084
1735452000000,128.4069
1735455600000,128.5426
1735459200000,128.6288
1735462800000,128.3149
1735466400000,128.3306
1735470000000,128.1807
1735473600000,128.1939
1735477200000,128.1892
1735480800000,128.3200
1735484400000,128.2318
1735488000000,127.7564
1735491600000,127.4851
1735495200000,127.3425
1735498800000,127.2976
1735502400000,127.2095
1735506000000,126.8425
1735509600000,126.8311
1735513200000,127.0008
1735516800000,126.7730
1735520400000,126.6489
1735524000000,126.5249
1735527600000,126.5150
1735531200000,126.4617
1735534800000,126.5117
1735538400000,126.4818
1735542000000,126.2987
1735545600000,126.3609
1735549200000,126.3695
1735552800000,126.5011
1735556400000,126.6386
1735560000000,126.7346
1735563600000,126.4751
1735567200000,126.4915
1735570800000,126.6872
1735574400000,126.5199
1735578000000,127.2408
1735581600000,127.7882
1735585200000,127.8034
1735588800000,127.8531
1735592400000,126.7712
1735596000000,127.1923
1735599600000,127.2177
1735603200000,127.3852
1735606800000,127.1715
1735610400000,127.3638
1735614000000,127.4669
1735617600000,127.0746
1735621200000,126.9080
1735624800000,126.9999
1735628400000,127.0665
1735632000000,127.4272
1735635600000,127.5316
1735639200000,127.4409
1735642800000,127.4023
1735646400000,127.6760
1735650000000,128.1524
1735653600000,128.2169
1735657200000,128.1557
1735660800000,128.1562
1735664400000,127.8172
1735668000000,127.6675
1735671600000,127.8582
1735675200000,127.6136
1735678800000,127.7146
1735682400000,127.5656
1735686000000,127.7287
1735689600000,128.2619
1735693200000,128.0417
1735696800000,128.1482
1735700400000,127.8414
1735704000000,127.8412
1735707600000,127.9608
1735711200000,127.9961
1735714800000,127.7504
1735718400000,127.7156
1735722000000,127.7893
1735725600000,128.1060
1735729200000,127.9823
1735732800000,127.9957
1735736400000,128.4429
1735740000000,128.3278
1735743600000,128.3658
1735747200000,128.1754
1735750800000,128.1734
1735754400000,128.2341
1735758000000,128.3967
1735761600000,128.4500
1735765200000,128.4158
1735768800000,128.3959
1735772400000,128.3212
1735776000000,127.7668
1735779600000,127.6754
1735783200000,127.6981
1735786800000,127.7302
1735790400000,128.0444
1735794000000,127.9925
1735797600000,127.8978
1735801200000,128.0305
1735804800000,128.1902
1735808400000,128.3910
1735812000000,128.1721
1735815600000,128.2039
1735819200000,128.1782
1735822800000,128.0060
1735826400000,128.0319
1735830000000,127.5577
1735833600000,128.0108
1735837200000,127.9409
1735840800000,128.1185
1735844400000,128.0360
1735848000000,128.2700
1735851600000,128.1953
1735855200000,128.2197
1735858800000,128.0719
1735862400000,127.9298
1735866000000,127.8255
1735869600000,127.8626
1735873200000,127.8264
1735876800000,127.8337
1735880400000,127.8858
1735884000000,127.7897
1735887600000,127.6544
1735891200000,127.4961
1735894800000,127.6744
1735898400000,127.5843
1735902000000,127.7465
1735905600000,127.6062
1735909200000,127.3197
1735912800000,127.1723
1735916400000,127.0145
1735920000000,127.1044
1735923600000,127.2641
1735927200000,127.0950
1735930800000,126.9593
1735934400000,127.0567
1735938000000,126.9908
1735941600000,126.9384
1735945200000,127.0543
1735948800000,127.1890
1735952400000,127.2478
1735956000000,127.6177
1735959600000,127.5494
1735963200000,127.5891
1735966800000,127.5250
1735970400000,127.4283
1735974000000,127.5410
1735977600000,127.2393
1735981200000,127.1328
1735984800000,127.1101
1735988400000,126.9600
1735992000000,126.6649
1735995600000,126.4609
1735999200000,126.7031
1736002800000,126.4138
1736006400000,126.3278
1736010000000,126.4622
1736013600000,126.4590
1736017200000,126.5176
1736020800000,126.4949
1736024400000,126.3220
1736028000000,126.4167
1736031600000,126.2730
1736035200000,126.3160
1736038800000,126.3161
1736042400000,126.4335
1736046000000,126.4581
1736049600000,126.5488
1736053200000,126.5597
1736056800000,126.5717
1736060400000,126.6019
1736064000000,126.4759
1736067600000,126.1281
1736071200000,126.2589
1736074800000,126.2287
1736078400000,126.2355
1736082000000,126.1330
1736085600000,126.1288
1736089200000,126.1968
1736092800000,126.1195
1736096400000,125.8140
1736100000000,125.9218
1736103600000,125.9476
1736107200000,126.1239
1736110800000,126.2025
1736114400000,126.3705
1736118000000,126.3657
1736121600000,126.4078
1736125200000,126.6054
1736128800000,126.5485
1736132400000,126.5132
1736136000000,126.6202
1736139600000,126.6951
1736143200000,126.9211
1736146800000,127.0076
1736150400000,126.8674
1736154000000,127.0829
1736157600000,127.2322
1736161200000,127.2261
1736164800000,127.3072
1736168400000,127.3092
1736172000000,127.7066
1736175600000,128.3638
1736179200000,128.8829
1736182800000,128.9712
1736186400000,128.8361
1736190000000,129.0459
1736193600000,129.7609
1736197200000,129.9150
1736200800000,129.6761
1736204400000,129.0639
1736208000000,128.9455
1736211600000,128.6367
1736215200000,128.7756
1736218800000,128.8272
1736222400000,128.8227
1736226000000,129.1499
1736229600000,129.2001
1736233200000,129.1278
1736236800000,129.1446
1736240400000,128.9982
1736244000000,128.9711
1736247600000,128.8308
1736251200000,128.7179
1736254800000,128.6438
1736258400000,128.7529
1736262000000,128.6886
1736265600000,128.6013
1736269200000,128.3610
1736272800000,128.1723
1736276400000,128.1668
1736280000000,127.9928
1736283600000,128.1612
1736287200000,128.3555
1736290800000,128.5686
1736294400000,128.8166
1736298000000,128.5323
1736301600000,128.5963
1736305200000,128.5979
1736308800000,128.4167
1736312400000,128.2897
1736316000000,127.6648
1736319600000,128.0412
1736323200000,128.5632
1736326800000,128.3357
1736330400000,128.3676
1736334000000,127.9257
1736337600000,127.7462
1736341200000,127.9630
1736344800000,127.6718
1736348400000,127.9891
1736352000000,127.6350
1736355600000,128.1576
1736359200000,128.0991
1736362800000,128.0246
1736366400000,127.8164
1736370000000,127.9900
1736373600000,128.3485
1736377200000,128.2245
1736380800000,128.2353
1736384400000,128.1748
1736388000000,128.1304
1736391600000,127.7368
1736395200000,127.9778
1736398800000,128.1113
1736402400000,127.9893
1736406000000,127.4370
1736409600000,127.3512
1736413200000,127.7468
1736416800000,127.8205
1736420400000,128.0397
1736424000000,127.9866
1736427600000,127.4879
1736431200000,127.5433
1736434800000,127.9595
1736438400000,128.1418
1736442000000,127.3741
1736445600000,127.6073
1736449200000,127.3814
1736452800000,127.3842
1736456400000,127.5583
1736460000000,127.7812
1736463600000,127.7485
1736467200000,127.8592
1736470800000,127.8697
1736474400000,127.9990
1736478000000,128.0048
1736481600000,128.2069
1736485200000,128.2510
1736488800000,128.3389
1736492400000,128.3430
1736496000000,128.5299
1736499600000,128.5401
1736503200000,128.6088
1736506800000,128.5221
1736510400000,128.4711
1736514000000,128.2903
1736517600000,128.5557
1736521200000,128.5259
1736524800000,128.2721
1736528400000,129.1162
1736532000000,128.7817
1736535600000,128.7111
1736539200000,128.6987
1736542800000,128.6334
1736546400000,128.6843
1736550000000,128.7344
1736553600000,128.7021
1736557200000,128.7637
1736560800000,128.8462
1736564400000,128.7944
1736568000000,128.7522
1736571600000,128.9570
1736575200000,128.8707
1736578800000,129.0627
1736582400000,129.0851
1736586000000,129.0096
1736589600000,128.9609
1736593200000,128.8791
1736596800000,128.8058
1736600400000,128.7396
1736604000000,128.7418
1736607600000,128.6588
1736611200000,128.6412
1736614800000,128.5003
1736618400000,128.5359
1736622000000,128.5791
1736625600000,128.6254
1736629200000,128.7792
1736632800000,128.6289
1736636400000,128.6813
1736640000000,128.6579
1736643600000,128.6795
1736647200000,128.6065
1736650800000,128.5974
1736654400000,128.6161
1736658000000,128.6187
1736661600000,128.5321
1736665200000,128.5987
1736668800000,128.7760
1736672400000,128.6331
1736676000000,128.4950
1736679600000,128.5438
1736683200000,128.6704
1736686800000,128.6636
1736690400000,128.6962
1736694000000,128.7821
1736697600000,128.8003
1736701200000,128.8265
1736704800000,128.8057
1736708400000,128.7040
1736712000000,128.7164
1736715600000,128.5727
1736719200000,128.5859
1736722800000,128.6443
1736726400000,128.6852
1736730000000,128.3994
1736733600000,128.2821
1736737200000,128.3380
1736740800000,128.5579
1736744400000,128.3107
1736748000000,128.2750
1736751600000,128.3595
1736755200000,128.1872
1736758800000,128.0355
1736762400000,127.4819
1736766000000,127.5147
1736769600000,127.8585
1736773200000,128.2427
1736776800000,129.1368
1736780400000,129.4402
1736784000000,129.3119
1736787600000,129.3185
1736791200000,129.5741
1736794800000,129.5705
1736798400000,129.9121
1736802000000,129.9762
1736805600000,130.0723
1736809200000,130.2142
1736812800000,130.1447
1736816400000,130.3609
1736820000000,130.2150
1736823600000,130.3095
1736827200000,130.0847
1736830800000,129.9941
1736834400000,129.9462
1736838000000,129.9144
1736841600000,130.2511
1736845200000,130.6089
1736848800000,130.4034
1736852400000,130.5171
1736856000000,130.6088
1736859600000,130.7083
1736863200000,130.7942
1736866800000,130.7807
1736870400000,130.6044
1736874000000,130.6046
1736877600000,130.4415
1736881200000,130.4870
1736884800000,130.3045
1736888400000,130.4960
1736892000000,130.3690
1736895600000,130.3804
1736899200000,130.6905
1736902800000,130.8044
1736906400000,130.5765
1736910000000,130.6964
1736913600000,130.9202
1736917200000,130.6878
1736920800000,130.6407
1736924400000,130.7003
1736928000000,130.5827
1736931600000,130.4522
1736935200000,130.4427
1736938800000,130.4207
1736942400000,130.3053
1736946000000,130.5499
1736949600000,130.6324
1736953200000,130.3180
1736956800000,130.0624
1736960400000,129.9860
1736964000000,130.1120
1736967600000,129.5080
1736971200000,129.4356
1736974800000,129.5854
1736978400000,129.7813
1736982000000,130.0261
1736985600000,130.1425
1736989200000,130.4334
1736992800000,130.3644
1736996400000,130.4631
1737000000000,130.4280
1737003600000,130.4235
1737007200000,130.6296
1737010800000,130.4817
1737014400000,130.6565
1737018000000,130.5635
1737021600000,130.8842
1737025200000,130.8151
1737028800000,130.8590
1737032400000,130.8177
1737036000000,130.3733
1737039600000,130.8915
1737043200000,131.0169
1737046800000,131.3548
1737050400000,131.3162
1737054000000,131.6640
1737057600000,131.7956
1737061200000,131.7481
1737064800000,131.6706
1737068400000,131.5310
1737072000000,131.7200
1737075600000,131.7637
1737079200000,131.5768
1737082800000,131.7045
1737086400000,131.8419
1737090000000,132.0391
1737093600000,131.9190
1737097200000,131.7219
1737100800000,131.9587
1737104400000,131.7697
1737108000000,131.9189
1737111600000,132.0988
1737115200000,132.5706
1737118800000,132.2548
1737122400000,132.4116
1737126000000,132.7115
1737129600000,133.2915
1737133200000,133.0899
1737136800000,133.4722
1737140400000,133.6665
1737144000000,133.6666
1737147600000,133.9412
1737151200000,133.6303
1737154800000,133.5080
1737158400000,133.6550
1737162000000,133.4418
1737165600000,133.5544
1737169200000,133.5476
1737172800000,133.7791
1737176400000,133.7803
1737180000000,134.2910
1737183600000,134.0669
1737187200000,134.2960
1737190800000,134.4975
1737194400000,134.4195
1737198000000,134.2150
1737201600000,134.4391
1737205200000,134.7534
1737208800000,134.6658
1737212400000,134.8569
1737216000000,134.4857
1737219600000,134.7726
1737223200000,134.9324
1737226800000,135.1721
1737230400000,135.1884
1737234000000,134.9721
1737237600000,135.2647
1737241200000,135.2558
1737244800000,135.0351
1737248400000,134.8435
1737252000000,134.8849
1737255600000,135.1035
1737259200000,135.7069
1737262800000,135.4706
1737266400000,135.9922
1737270000000,135.6938
1737273600000,135.1735
1737277200000,135.7122
1737280800000,135.8532
1737284400000,135.5876
1737288000000,135.6460
1737291600000,135.0205
1737295200000,133.7441
1737298800000,133.5554
1737302400000,133.2257
1737306000000,133.1165
1737309600000,133.4950
1737313200000,134.3058
1737316800000,134.6744
1737320400000,134.2932
1737324000000,133.9342
1737327600000,133.2228
1737331200000,132.6347
1737334800000,132.7238
1737338400000,133.1328
1737342000000,132.9175
1737345600000,133.2453
1737349200000,133.0612
1737352800000,134.7234
1737356400000,134.6687
1737360000000,135.2044
1737363600000,135.3109
1737367200000,135.2852
1737370800000,135.2633
1737374400000,135.1259
1737378000000,135.2384
1737381600000,134.8149
1737385200000,133.5867
1737388800000,133.9800
1737392400000,132.6262
1737396000000,132.9333
1737399600000,132.6972
1737403200000,132.8226
1737406800000,132.5677
1737410400000,132.8777
1737414000000,132.6390
1737417600000,132.4813
1737421200000,132.5686
1737424800000,133.1173
1737428400000,133.2580
1737432000000,133.1665
1737435600000,132.8388
1737439200000,133.0489
1737442800000,132.9156
1737446400000,133.1854
1737450000000,133.0388
1737453600000,133.0860
1737457200000,133.5249
1737460800000,133.8391
1737464400000,133.7056
1737468000000,133.2263
1737471600000,133.6126
1737475200000,134.0790
1737478800000,134.4273
1737482400000,134.9142
1737486000000,135.0782
1737489600000,134.7696
1737493200000,134.8062
1737496800000,134.4033
1737500400000,134.5408
1737504000000,134.0652
1737507600000,134.2687
1737511200000,134.1450
1737514800000,134.4592
1737518400000,134.9192
1737522000000,134.9648
1737525600000,134.8663
1737529200000,134.9470
1737532800000,134.9235
1737536400000,134.8265
1737540000000,134.6753
1737543600000,134.5671
1737547200000,134.7797
1737550800000,134.3593
1737554400000,134.3261
1737558000000,134.3502
1737561600000,134.1825
1737565200000,134.4349
1737568800000,134.5591
1737572400000,135.0048
1737576000000,135.0130
1737579600000,134.9106
1737583200000,134.9540
1737586800000,134.8138
1737590400000,134.4107
1737594000000,134.3447
1737597600000,134.2244
1737601200000,133.9691
1737604800000,134.0143
1737608400000,134.0303
1737612000000,133.8153
1737615600000,133.9093
1737619200000,133.9282
1737622800000,133.6788
1737626400000,133.5837
1737630000000,133.7075
1737633600000,133.4761
1737637200000,133.7133
1737640800000,134.6783
1737644400000,134.8216
1737648000000,134.7233
1737651600000,135.0576
1737655200000,134.9447
1737658800000,134.4913
1737662400000,133.8192
1737666000000,133.5757
1737669600000,133.3828
1737673200000,133.1527
1737676800000,133.3889
1737680400000,133.0548
1737684000000,132.8347
1737687600000,133.1409
1737691200000,133.3029
1737694800000,132.8343
1737698400000,132.6871
1737702000000,132.8718
1737705600000,132.9440
1737709200000,132.7730
1737712800000,132.8362
1737716400000,132.9557
1737720000000,132.9282
1737723600000,132.6667
1737727200000,133.0131
1737730800000,133.1336
1737734400000,132.9964
1737738000000,133.2989
1737741600000,133.4040
1737745200000,133.1896
1737748800000,133.0820
1737752400000,133.2668
1737756000000,133.1065
1737759600000,133.3723
1737763200000,133.5121
1737766800000,133.6644
1737770400000,133.6250
1737774000000,133.6405
1737777600000,133.6118
1737781200000,133.5523
1737784800000,133.5279
1737788400000,133.4993
1737792000000,133.5242
1737795600000,133.6367
1737799200000,133.6776
1737802800000,133.6353
1737806400000,133.6705
1737810000000,133.6730
1737813600000,133.6152
1737817200000,133.5074
1737820800000,133.3080
1737824400000,133.3641
1737828000000,133.4391
1737831600000,133.5822
1737835200000,133.5399
1737838800000,133.6042
1737842400000,133.6064
1737846000000,133.5990
1737849600000,133.6187
1737853200000,133.5606
1737856800000,133.6077
1737860400000,133.6882
1737864000000,133.6028
1737867600000,133.6773
1737871200000,133.5638
1737874800000,133.6507
1737878400000,133.6956
1737882000000,133.7629
1737885600000,133.6641
1737889200000,133.6573
1737892800000,133.7826
1737896400000,133.7711
1737900000000,133.6669
1737903600000,133.6502
1737907200000,133.5541
1737910800000,133.2983
1737914400000,133.3766
1737918000000,133.3205
1737921600000,133.2801
1737925200000,133.4553
1737928800000,132.9580
1737932400000,132.5007
1737936000000,132.0849
1737939600000,132.0376
1737943200000,131.9966
1737946800000,132.2306
1737950400000,131.5980
1737954000000,131.7832
1737957600000,131.6250
1737961200000,131.7204
1737964800000,131.7721
1737968400000,132.1149
1737972000000,131.7870
1737975600000,132.0315
1737979200000,132.8258
1737982800000,132.8510
1737986400000,133.4764
1737990000000,133.0056
1737993600000,132.8416
1737997200000,132.5992
1738000800000,132.7737
1738004400000,133.1962
1738008000000,133.5220
1738011600000,133.4377
1738015200000,133.6774
1738018800000,133.8092
1738022400000,133.8245
1738026000000,133.5775
1738029600000,133.8261
1738033200000,133.7484
1738036800000,133.8972
1738040400000,133.9313
1738044000000,133.9091
1738047600000,133.8034
1738051200000,133.6717
1738054800000,133.7455
1738058400000,133.7059
1738062000000,133.7627
1738065600000,133.7157
1738069200000,133.6548
1738072800000,133.7237
1738076400000,133.7045
1738080000000,133.6953
1738083600000,133.7842
1738087200000,133.7200
1738090800000,133.8166
1738094400000,133.6244
1738098000000,133.5393
1738101600000,133.7680
1738105200000,133.6736
1738108800000,133.7403
1738112400000,133.9911
1738116000000,133.9642
1738119600000,134.1745
1738123200000,134.3832
1738126800000,134.3606
1738130400000,134.5380
1738134000000,134.1048
1738137600000,134.0040
1738141200000,134.0010
1738144800000,134.0326
1738148400000,134.1013
1738152000000,133.9032
1738155600000,133.9225
1738159200000,133.9308
1738162800000,133.8681
1738166400000,134.0463
1738170000000,133.9941
1738173600000,134.1537
1738177200000,134.5343
1738180800000,134.8763
1738184400000,134.6101
1738188000000,134.6080
1738191600000,134.7629
1738195200000,135.0185
1738198800000,134.9925
1738202400000,135.0425
1738206000000,134.7222
1738209600000,135.0605
1738213200000,135.1318
1738216800000,135.0637
1738220400000,134.9472
1738224000000,134.7360
1738227600000,134.7665
1738231200000,134.7610
1738234800000,134.6925
1738238400000,134.5660
1738242000000,133.9583
1738245600000,134.5393
1738249200000,134.4782
1738252800000,134.2921
1738256400000,134.1232
1738260000000,134.3209
1738263600000,134.3164
1738267200000,134.3513
1738270800000,134.2870
1738274400000,134.0805
1738278000000,133.9932
1738281600000,133.8163
1738285200000,133.7063
1738288800000,133.8081
1738292400000,133.9228
1738296000000,133.8882
1738299600000,133.8826
1738303200000,133.8264
1738306800000,133.8132
1738310400000,133.7518
1738314000000,133.6363
1738317600000,133.5704
1738321200000,133.1370
1738324800000,132.8721
1738328400000,132.8235
1738332000000,132.7673
1738335600000,132.5678
1738339200000,132.5631
1738342800000,132.5206
1738346400000,132.0485
1738350000000,131.6462
1738353600000,131.5829
1738357200000,131.5847
1738360800000,131.8387
1738364400000,131.9108
1738368000000,131.9495
1738371600000,131.9233
1738375200000,132.0112
1738378800000,131.9356
1738382400000,131.9266
1738386000000,131.9664
1738389600000,131.8321
1738393200000,131.8488
1738396800000,131.8665
1738400400000,131.8837
1738404000000,131.9089
1738407600000,132.0120
1738411200000,131.9684
1738414800000,131.8323
1738418400000,131.8395
1738422000000,131.8007
1738425600000,131.7465
1738429200000,131.7493
1738432800000,131.7034
1738436400000,131.9096
1738440000000,132.1172
1738443600000,132.1686
1738447200000,131.8769
1738450800000,131.9867
1738454400000,132.3438
1738458000000,132.4191
1738461600000,132.1260
1738465200000,131.6632
1738468800000,131.8525
1738472400000,132.1360
1738476000000,132.1200
1738479600000,131.7760
1738483200000,132.0151
1738486800000,131.9176
1738490400000,131.7247
1738494000000,131.4711
1738497600000,131.1363
1738501200000,131.2865
1738504800000,131.5082
1738508400000,131.3635
1738512000000,130.8564
1738515600000,130.2051
1738519200000,130.3097
1738522800000,131.1211
1738526400000,130.7961
1738530000000,130.7822
1738533600000,131.7668
1738537200000,131.6917
1738540800000,130.7797
1738544400000,129.7067
1738548000000,129.8510
1738551600000,129.4722
1738555200000,129.9818
1738558800000,129.7415
1738562400000,129.4322
1738566000000,128.6704
1738569600000,129.4205
1738573200000,129.4183
1738576800000,129.0309
1738580400000,129.1772
1738584000000,129.0224
1738587600000,129.0302
1738591200000,129.3118
1738594800000,129.2062
1738598400000,128.9754
1738602000000,129.2793
1738605600000,129.2009
1738609200000,129.7356
1738612800000,130.2515
1738616400000,128.8920
1738620000000,128.0514
1738623600000,127.7225
1738627200000,128.1772
1738630800000,128.1425
1738634400000,128.6605
1738638000000,128.4190
1738641600000,128.2937
1738645200000,129.3634
1738648800000,129.0581
1738652400000,128.9711
1738656000000,128.9795
1738659600000,129.0464
1738663200000,128.4330
1738666800000,128.4046
1738670400000,127.8893
1738674000000,127.8530
1738677600000,127.9908
1738681200000,128.3011
1738684800000,127.9507
1738688400000,127.6422
1738692000000,127.5444
1738695600000,128.1618
1738699200000,128.6269
1738702800000,128.9886
1738706400000,128.8953
1738710000000,128.2191
1738713600000,128.4959
1738717200000,128.4017
1738720800000,128.2067
1738724400000,128.5175
1738728000000,128.3881
1738731600000,127.5957
1738735200000,127.9609
1738738800000,127.8449
1738742400000,127.5130
1738746000000,127.6283
1738749600000,127.4862
1738753200000,127.3948
1738756800000,127.5146
1738760400000,127.3075
1738764000000,127.6311
1738767600000,127.7549
1738771200000,127.7106
1738774800000,127.9721
1738778400000,127.8338
1738782000000,127.3592
1738785600000,127.5245
1738789200000,126.9578
1738792800000,127.1388
1738796400000,126.7962
1738800000000,127.2012
1738803600000,127.0296
1738807200000,126.8662
1738810800000,126.8850
1738814400000,126.8001
1738818000000,126.7309
1738821600000,126.6859
1738825200000,126.9218
1738828800000,126.9180
1738832400000,126.8186
1738836000000,127.3583
1738839600000,127.6686
1738843200000,127.9062
1738846800000,127.7195
1738850400000,127.9942
1738854000000,128.3948
1738857600000,127.9930
1738861200000,128.1765
1738864800000,128.0756
1738868400000,127.9754
1738872000000,127.9339
1738875600000,128.0786
1738879200000,128.2887
1738882800000,128.2991
1738886400000,128.2609
1738890000000,128.2534
1738893600000,128.2223
1738897200000,128.2983
1738900800000,128.2181
1738904400000,128.2706
1738908000000,128.2463
1738911600000,128.0000
1738915200000,127.8802
1738918800000,127.8737
1738922400000,127.7956
1738926000000,127.7380
1738929600000,127.9236
1738933200000,128.0647
1738936800000,128.3935
1738940400000,128.6166
1738944000000,128.8133
1738947600000,128.8286
1738951200000,129.0082
1738954800000,128.8795
1738958400000,129.4043
1738962000000,129.5234
1738965600000,129.6088
1738969200000,129.2485
1738972800000,128.9482
1738976400000,129.1247
1738980000000,129.0839
1738983600000,129.0478
1738987200000,128.9652
1738990800000,129.1325
1738994400000,129.0876
1738998000000,128.9900
1739001600000,129.1879
1739005200000,129.1270
1739008800000,129.0887
1739012400000,129.1915
1739016000000,129.2885
1739019600000,129.1311
1739023200000,129.1336
1739026800000,129.1781
1739030400000,129.2553
1739034000000,129.0679
1739037600000,129.1074
1739041200000,129.0463
1739044800000,129.0166
1739048400000,129.0074
1739052000000,129.1584
1739055600000,129.0620
1739059200000,129.0514
1739062800000,129.0743
1739066400000,129.0923
1739070000000,128.7860
1739073600000,128.8332
1739077200000,128.9108
1739080800000,128.8757
1739084400000,128.9079
1739088000000,128.8553
1739091600000,128.9062
1739095200000,128.7768
1739098800000,128.7791
1739102400000,128.7667
1739106000000,128.9968
1739109600000,128.9796
1739113200000,128.7705
1739116800000,128.6559
1739120400000,128.7883
1739124000000,128.8843
1739127600000,129.0052
1739131200000,128.9307
1739134800000,129.6469
1739138400000,129.0135
1739142000000,129.1503
1739145600000,129.0412
1739149200000,129.5075
1739152800000,129.3927
1739156400000,129.3409
1739160000000,129.3580
1739163600000,129.2516
1739167200000,129.3462
1739170800000,129.4751
1739174400000,129.4823
1739178000000,129.3886
1739181600000,129.4638
1739185200000,129.3452
1739188800000,129.4056
1739192400000,129.2458
1739196000000,129.1888
1739199600000,129.0524
1739203200000,128.9931
1739206800000,128.8768
1739210400000,128.8378
1739214000000,128.9175
1739217600000,128.7151
1739221200000,129.0371
1739224800000,129.1323
1739228400000,129.1115
1739232000000,128.6147
1739235600000,128.8776
1739239200000,128.9686
1739242800000,128.9311
1739246400000,128.9392
1739250000000,128.7504
1739253600000,128.6690
1739257200000,128.7536
1739260800000,128.6842
1739264400000,128.7370
1739268000000,128.8304
1739271600000,128.7466
1739275200000,128.9012
1739278800000,129.2053
1739282400000,128.8426
1739286000000,128.8867
1739289600000,128.8275
1739293200000,128.7997
1739296800000,128.9116
1739300400000,129.0194
1739304000000,129.0170
1739307600000,129.1911
1739311200000,129.3333
1739314800000,129.1860
1739318400000,129.2062
1739322000000,129.1818
1739325600000,129.1781
1739329200000,129.1830
1739332800000,129.2664
1739336400000,129.1424
1739340000000,129.2171
1739343600000,129.0868
1739347200000,129.0577
1739350800000,128.9572
1739354400000,129.0381
1739358000000,128.9717
1739361600000,128.8972
1739365200000,128.9003
1739368800000,129.1606
1739372400000,129.1396
1739376000000,129.0872
1739379600000,128.8965
1739383200000,128.8227
1739386800000,128.7484
1739390400000,128.6627
1739394000000,128.8987
1739397600000,128.0232
1739401200000,128.1647
1739404800000,128.2886
1739408400000,128.0674
1739412000000,127.9494
1739415600000,127.8966
1739419200000,127.9572
1739422800000,127.8396
1739426400000,128.0621
1739430000000,128.1397
1739433600000,128.3020
1739437200000,128.2035
1739440800000,128.2449
1739444400000,128.4501
1739448000000,128.4047
1739451600000,128.4809
1739455200000,128.7131
1739458800000,128.6099
1739462400000,128.6182
1739466000000,128.7098
1739469600000,128.7191
1739473200000,128.5344
1739476800000,128.6550
1739480400000,128.5628
1739484000000,128.4983
1739487600000,128.4877
1739491200000,128.5666
1739494800000,128.3379
1739498400000,128.2283
1739502000000,128.1475
1739505600000,128.2010
1739509200000,128.1813
1739512800000,128.2228
1739516400000,128.2972
1739520000000,128.1665
1739523600000,128.1637
1739527200000,128.2747
1739530800000,128.4897
1739534400000,128.3503
1739538000000,128.1932
1739541600000,128.1454
1739545200000,127.7614
1739548800000,127.9931
1739552400000,127.9477
1739556000000,128.0558
1739559600000,128.2033
1739563200000,127.9868
1739566800000,127.8715
1739570400000,127.8715
1739574000000,128.2846
1739577600000,128.1144
1739581200000,128.4914
1739584800000,128.6279
1739588400000,128.4843
1739592000000,128.2541
1739595600000,128.4609
1739599200000,128.4488
1739602800000,128.5561
1739606400000,128.6292
1739610000000,128.5455
1739613600000,128.4768
1739617200000,128.5725
1739620800000,128.7028
1739624400000,128.7926
1739628000000,129.1898
1739631600000,129.4940
1739635200000,129.5897
1739638800000,129.5014
1739642400000,129.1807
1739646000000,129.0892
1739649600000,129.0141
1739653200000,129.0962
1739656800000,129.0301
1739660400000,129.1172
1739664000000,129.1336
1739667600000,129.0384
1739671200000,128.8454
1739674800000,128.8387
1739678400000,128.8365
1739682000000,128.7011
1739685600000,128.4411
1739689200000,128.3184
1739692800000,128.3436
1739696400000,128.4124
1739700000000,129.2822
1739703600000,129.2220
1739707200000,129.0458
1739710800000,128.9516
1739714400000,129.7844
1739718000000,130.2182
1739721600000,129.7705
1739725200000,129.8729
1739728800000,129.9228
1739732400000,130.0761
1739736000000,130.3990
1739739600000,130.3442
1739743200000,130.2990
1739746800000,129.7855
1739750400000,129.8140
1739754000000,129.5902
1739757600000,129.4832
1739761200000,129.5977
1739764800000,129.4489
1739768400000,129.8354
1739772000000,129.5535
1739775600000,129.1666
1739779200000,128.6815
1739782800000,128.2863
1739786400000,127.6442
1739790000000,128.0289
1739793600000,128.1370
1739797200000,128.0090
1739800800000,127.6380
1739804400000,127.6050
1739808000000,127.8579
1739811600000,127.4484
1739815200000,127.6557
1739818800000,127.6555
1739822400000,128.0920
1739826000000,127.6420
1739829600000,127.7544
1739833200000,127.6630
1739836800000,127.6762
1739840400000,127.9112
1739844000000,128.2295
1739847600000,128.3237
1739851200000,128.0958
1739854800000,127.8735
1739858400000,127.2742
1739862000000,127.5893
1739865600000,127.0428
1739869200000,127.5525
1739872800000,127.4747
1739876400000,127.8624
1739880000000,128.1311
1739883600000,128.0795
1739887200000,127.4709
1739890800000,127.3587
1739894400000,126.4669
1739898000000,126.6167
1739901600000,126.6844
1739905200000,126.8601
1739908800000,126.9404
1739912400000,127.1228
1739916000000,127.2490
1739919600000,127.4546
1739923200000,127.1721
1739926800000,126.7881
1739930400000,127.1441
1739934000000,127.2006
1739937600000,127.1903
1739941200000,127.3236
1739944800000,127.4135
1739948400000,127.3111
1739952000000,127.0649
1739955600000,127.0647
1739959200000,127.4777
1739962800000,127.6822
1739966400000,127.5107
1739970000000,127.7080
1739973600000,127.2830
1739977200000,127.4719
1739980800000,127.6489
1739984400000,127.6746
1739988000000,127.0612
1739991600000,127.2171
1739995200000,126.9676
1739998800000,127.2989
1740002400000,127.2305
1740006000000,127.5522
1740009600000,127.3274
1740013200000,127.2813
1740016800000,127.3069
1740020400000,127.3138
1740024000000,127.2618
1740027600000,127.0612
1740031200000,126.9867
1740034800000,127.0574
1740038400000,127.1675
1740042000000,127.2868
1740045600000,127.1718
1740049200000,126.9880
1740052800000,126.9451
1740056400000,127.2491
1740060000000,127.0676
1740063600000,127.3282
1740067200000,127.7137
1740070800000,127.9534
1740074400000,128.1514
1740078000000,128.1121
1740081600000,127.9893
1740085200000,128.2111
1740088800000,128.3292
1740092400000,128.2198
1740096000000,127.9980
1740099600000,127.8874
1740103200000,127.8090
1740106800000,127.6439
1740110400000,127.5992
1740114000000,127.5393
1740117600000,127.6424
1740121200000,127.7723
1740124800000,127.9036
1740128400000,127.6729
1740132000000,127.7413
1740135600000,127.8891
1740139200000,127.8735
1740142800000,127.7459
1740146400000,127.8190
1740150000000,128.5076
1740153600000,128.1872
1740157200000,127.9806
1740160800000,127.6944
1740164400000,127.1807
1740168000000,127.4227
1740171600000,127.5785
1740175200000,127.8130
1740178800000,127.8283
1740182400000,127.6611
1740186000000,127.6868
1740189600000,127.7622
1740193200000,127.8705
1740196800000,128.1845
1740200400000,128.2534
1740204000000,128.1574
1740207600000,128.0431
1740211200000,128.0531
1740214800000,127.8080
1740218400000,127.3709
1740222000000,127.4083
1740225600000,127.4637
1740229200000,127.4595
1740232800000,127.2395
1740236400000,126.8018
1740240000000,126.8134
1740243600000,127.5039
1740247200000,128.2276
1740250800000,128.2529
1740254400000,127.7618
1740258000000,127.8662
1740261600000,127.9630
1740265200000,127.7881
1740268800000,127.6854
1740272400000,127.6935
1740276000000,127.8944
1740279600000,127.7071
1740283200000,127.5680
1740286800000,127.1683
1740290400000,126.8995
1740294000000,126.4964
1740297600000,126.5708
1740301200000,126.2899
1740304800000,126.2782
1740308400000,126.2260
1740312000000,125.8845
1740315600000,125.5944
1740319200000,125.6069
1740322800000,125.3402
1740326400000,125.0364
1740330000000,125.2007
1740333600000,125.3620
1740337200000,125.4737
1740340800000,125.4327
1740344400000,125.5185
1740348000000,125.6119
1740351600000,125.8215
1740355200000,125.7721
1740358800000,125.6498
1740362400000,125.7454
1740366000000,126.2519
1740369600000,126.1650
1740373200000,126.2042
1740376800000,126.0829
1740380400000,126.3533
1740384000000,126.5073
1740387600000,126.6396
1740391200000,126.4847
1740394800000,126.5807
1740398400000,126.7305
1740402000000,126.8446
1740405600000,126.1455
1740409200000,126.0144
1740412800000,126.0786
1740416400000,126.1664
1740420000000,125.9142
1740423600000,125.6222
1740427200000,125.8614
1740430800000,125.8484
1740434400000,126.1005
1740438000000,125.6520
1740441600000,126.0916
1740445200000,125.9104
1740448800000,126.1428
1740452400000,125.7512
1740456000000,125.5175
1740459600000,125.9004
1740463200000,125.3835
1740466800000,126.0476
1740470400000,126.1145
1740474000000,125.5628
1740477600000,125.5315
1740481200000,125.6989
1740484800000,126.0557
1740488400000,125.9373
1740492000000,125.2075
1740495600000,124.9508
1740499200000,125.2437
1740502800000,125.1614
1740506400000,124.8870
1740510000000,124.9718
1740513600000,124.9784
1740517200000,125.0638
1740520800000,125.1788
1740524400000,125.2127
1740528000000,125.4267
1740531600000,125.7078
1740535200000,125.7888
1740538800000,125.9566
1740542400000,125.5114
1740546000000,125.3004
1740549600000,125.2160
1740553200000,125.4679
1740556800000,125.8235
1740560400000,126.0068
1740564000000,125.9203
1740567600000,125.8306
1740571200000,125.6853
1740574800000,125.4077
1740578400000,125.4511
1740582000000,125.8911
1740585600000,125.7022
1740589200000,125.1946
1740592800000,124.7366
1740596400000,124.7466
1740600000000,124.8619
1740603600000,124.9725
1740607200000,125.0716
1740610800000,124.9533
1740614400000,124.9983
1740618000000,125.1869
1740621600000,124.8541
1740625200000,125.6649
1740628800000,125.9429
1740632400000,125.9833
1740636000000,126.2493
1740639600000,126.1044
1740643200000,125.8786
1740646800000,125.7033
1740650400000,125.8531
1740654000000,125.9181
1740657600000,125.7585
1740661200000,125.7914
1740664800000,125.1785
1740668400000,125.4562
1740672000000,125.1475
1740675600000,125.0816
1740679200000,125.0336
1740682800000,125.2118
1740686400000,125.1284
1740690000000,125.5794
1740693600000,125.6314
1740697200000,125.2452
1740700800000,124.9638
1740704400000,124.4402
1740708000000,123.9226
1740711600000,123.5252
1740715200000,123.8895
1740718800000,123.5732
1740722400000,123.3616
1740726000000,123.1970
1740729600000,123.1008
1740733200000,123.9095
1740736800000,123.6120
1740740400000,123.8295
1740744000000,124.1531
1740747600000,124.3732
1740751200000,124.7725
1740754800000,125.1469
1740758400000,125.3345
1740762000000,125.0083
1740765600000,125.3768
1740769200000,125.2009
1740772800000,125.2286
1740776400000,124.9788
1740780000000,125.0728
1740783600000,125.0727
1740787200000,125.0331
1740790800000,125.2819
1740794400000,125.5634
1740798000000,125.2918
1740801600000,125.9188
1740805200000,125.8830
1740808800000,126.0497
1740812400000,126.0292
1740816000000,126.2034
1740819600000,126.3731
1740823200000,126.6057
1740826800000,126.6122
1740830400000,127.1952
1740834000000,127.5509
1740837600000,127.8105
1740841200000,128.0624
1740844800000,127.6962
1740848400000,127.8924
1740852000000,127.4987
1740855600000,127.3920
1740859200000,127.3862
1740862800000,127.8865
1740866400000,128.0454
1740870000000,128.1081
1740873600000,128.1087
1740877200000,128.0249
1740880800000,127.6903
1740884400000,127.5326
1740888000000,127.4537
1740891600000,127.4736
1740895200000,127.9350
1740898800000,127.9791
1740902400000,127.6950
1740906000000,127.1919
1740909600000,127.1831
1740913200000,127.3292
1740916800000,127.4340
1740920400000,127.5120
1740924000000,127.3043
1740927600000,128.7461
1740931200000,127.2045
1740934800000,128.3820
1740938400000,127.5058
1740942000000,127.4746
1740945600000,126.7738
1740949200000,126.6276
1740952800000,126.5227
1740956400000,127.0562
1740960000000,127.3848
1740963600000,126.9778
1740967200000,127.3200
1740970800000,126.8335
1740974400000,126.8752
1740978000000,127.0624
1740981600000,127.0005
1740985200000,127.5828
1740988800000,127.2547
1740992400000,127.5526
1740996000000,128.0299
1740999600000,128.1311
1741003200000,128.2113
1741006800000,128.4935
1741010400000,126.7311
1741014000000,127.1791
1741017600000,127.7461
1741021200000,127.7771
1741024800000,126.8989
1741028400000,127.0820
1741032000000,127.0472
1741035600000,126.5368
1741039200000,126.8419
1741042800000,126.7956
1741046400000,126.8911
1741050000000,125.5802
1741053600000,125.9012
1741057200000,125.9076
1741060800000,125.3530
1741064400000,125.8382
1741068000000,125.6326
1741071600000,125.6653
1741075200000,125.8954
1741078800000,125.9679
1741082400000,126.0017
1741086000000,126.1415
1741089600000,125.9336
1741093200000,125.7900
1741096800000,125.8796
1741100400000,126.1561
1741104000000,126.5926
1741107600000,126.9216
1741111200000,127.5153
1741114800000,128.0222
1741118400000,127.6354
1741122000000,127.6184
1741125600000,127.7508
1741129200000,127.5519
1741132800000,127.3628
1741136400000,127.8729
1741140000000,127.8509
1741143600000,127.6908
1741147200000,127.7353
1741150800000,127.8279
1741154400000,127.9267
1741158000000,127.7083
1741161600000,128.0256
1741165200000,128.0896
1741168800000,129.0949
1741172400000,129.1770
1741176000000,129.4471
1741179600000,129.0389
1741183200000,128.8201
1741186800000,128.4114
1741190400000,128.7388
1741194000000,129.1633
1741197600000,129.1090
1741201200000,128.8285
1741204800000,129.1331
1741208400000,128.9227
1741212000000,129.0186
1741215600000,129.0661
1741219200000,128.7405
1741222800000,129.1761
1741226400000,129.1357
1741230000000,128.8580
1741233600000,129.3395
1741237200000,129.8163
1741240800000,129.2950
1741244400000,129.0210
1741248000000,128.6924
1741251600000,128.3438
1741255200000,128.6186
1741258800000,128.6967
1741262400000,128.4045
1741266000000,128.3011
1741269600000,128.8642
1741273200000,129.0006
1741276800000,128.4444
1741280400000,128.5543
1741284000000,128.2786
1741287600000,128.4551
1741291200000,128.8434
1741294800000,129.2958
1741298400000,129.6174
1741302000000,129.4213
1741305600000,127.4175
1741309200000,128.7781
1741312800000,128.6758
1741316400000,128.7147
1741320000000,129.1625
1741323600000,129.4573
1741327200000,129.2686
1741330800000,128.9696
1741334400000,129.1455
1741338000000,129.3253
1741341600000,129.5538
1741345200000,129.2283
1741348800000,129.6651
1741352400000,129.6753
1741356000000,130.0385
1741359600000,129.0250
1741363200000,129.1720
1741366800000,129.3364
1741370400000,129.4003
1741374000000,129.0197
1741377600000,128.7714
1741381200000,128.4826
1741384800000,128.7395
1741388400000,128.8293
1741392000000,128.6883
1741395600000,128.5953
1741399200000,128.4818
1741402800000,128.5276
1741406400000,128.7954
1741410000000,128.8019
1741413600000,128.8854
1741417200000,128.7282
1741420800000,128.7618
1741424400000,128.6448
1741428000000,128.6724
1741431600000,128.2767
1741435200000,128.0094
1741438800000,127.6891
1741442400000,127.9464
1741446000000,128.0805
1741449600000,127.7132
1741453200000,127.5167
1741456800000,127.3042
1741460400000,126.9094
1741464000000,127.0986
1741467600000,126.9698
1741471200000,127.1369
1741474800000,126.9566
1741478400000,126.9440
1741482000000,126.8862
1741485600000,126.8727
1741489200000,126.9081
1741492800000,126.7698
1741496400000,126.7845
1741500000000,126.6268
1741503600000,126.6625
1741507200000,126.5433
1741510800000,126.6543
1741514400000,126.3693
1741518000000,126.3294
1741521600000,126.1910
1741525200000,125.6560
1741528800000,125.5856
1741532400000,125.3775
1741536000000,125.5784
1741539600000,125.4378
1741543200000,125.9002
1741546800000,125.8939
1741550400000,125.9512
1741554000000,125.4668
1741557600000,124.7435
1741561200000,124.7552
1741564800000,125.0595
1741568400000,125.2044
1741572000000,124.9997
1741575600000,125.1632
1741579200000,125.4046
1741582800000,125.4472
1741586400000,125.4493
1741590000000,125.2522
1741593600000,124.5617
1741597200000,124.6706
1741600800000,124.5869
1741604400000,125.0284
1741608000000,124.8075
1741611600000,124.0065
1741615200000,123.5191
1741618800000,124.0635
1741622400000,123.4413
1741626000000,124.1959
1741629600000,125.0380
1741633200000,125.8099
1741636800000,125.8366
1741640400000,125.8206
1741644000000,125.5100
1741647600000,125.1228
1741651200000,124.6657
1741654800000,125.5716
1741658400000,125.9478
1741662000000,126.1486
1741665600000,126.0495
1741669200000,126.1195
1741672800000,126.2477
1741676400000,127.4905
1741680000000,128.1835
1741683600000,128.1955
1741687200000,127.6654
1741690800000,127.1841
1741694400000,127.1807
1741698000000,126.8762
1741701600000,126.7047
1741705200000,126.9683
1741708800000,127.0808
1741712400000,127.2870
1741716000000,128.0084
1741719600000,127.7841
1741723200000,127.9425
1741726800000,128.0061
1741730400000,128.0840
1741734000000,127.9732
1741737600000,128.1796
1741741200000,128.5366
1741744800000,128.1222
1741748400000,128.3631
1741752000000,128.3019
1741755600000,128.5145
1741759200000,128.2722
1741762800000,128.3100
1741766400000,128.2488
1741770000000,129.0682
1741773600000,128.7106
1741777200000,128.7694
1741780800000,129.4024
1741784400000,128.9286
1741788000000,129.2747
1741791600000,128.5604
1741795200000,129.1075
1741798800000,129.0469
1741802400000,129.6754
1741806000000,130.2214
1741809600000,130.2384
1741813200000,130.3370
1741816800000,130.4158
1741820400000,130.2463
1741824000000,130.1499
1741827600000,130.8259
1741831200000,131.1171
1741834800000,131.1181
1741838400000,131.4317
1741842000000,131.1089
1741845600000,131.4027
1741849200000,131.2099
1741852800000,130.8170
1741856400000,130.9804
1741860000000,130.7345
1741863600000,130.3889
1741867200000,130.1528
1741870800000,130.9108
1741874400000,130.2961
1741878000000,130.1433
1741881600000,130.4306
1741885200000,130.0572
1741888800000,130.3961
1741892400000,129.8989
1741896000000,129.9331
1741899600000,129.7421
1741903200000,129.8951
1741906800000,130.3254
1741910400000,130.5169
1741914000000,130.3486
1741917600000,130.4255
1741921200000,130.3952
1741924800000,130.5921
1741928400000,130.3666
1741932000000,130.1912
1741935600000,129.9261
1741939200000,130.3066
1741942800000,130.5223
1741946400000,130.5601
1741950000000,130.5052
1741953600000,130.5484
1741957200000,130.9878
1741960800000,130.6742
1741964400000,131.3727
1741968000000,131.1479
1741971600000,130.7960
1741975200000,131.0134
1741978800000,131.2653
1741982400000,131.0757
1741986000000,131.1759
1741989600000,131.3707
1741993200000,131.4817
1741996800000,131.8676
1742000400000,132.2016
1742004000000,132.1480
1742007600000,132.0204
1742011200000,131.8141
1742014800000,131.7167
1742018400000,131.7096
1742022000000,131.4862
1742025600000,131.6808
1742029200000,131.8870
1742032800000,131.8613
1742036400000,131.8071
1742040000000,132.0516
1742043600000,132.2555
1742047200000,131.9181
1742050800000,132.3316
1742054400000,132.7776
1742058000000,133.1664
1742061600000,133.1247
1742065200000,133.0476
1742068800000,133.2719
1742072400000,133.3263
1742076000000,133.2998
1742079600000,133.7936
1742083200000,133.7851
1742086800000,133.2539
1742090400000,133.2309
1742094000000,133.1421
1742097600000,133.0900
1742101200000,133.0197
1742104800000,132.9802
1742108400000,132.7669
1742112000000,132.9967
1742115600000,132.7832
1742119200000,132.5376
1742122800000,132.1657
1742126400000,132.6316
1742130000000,132.2661
1742133600000,132.7060
1742137200000,132.6589
1742140800000,132.7788
1742144400000,132.8932
1742148000000,132.9787
1742151600000,132.6694
1742155200000,132.6372
1742158800000,132.6673
1742162400000,132.2690
1742166000000,132.5427
1742169600000,133.0467
1742173200000,133.8090
1742176800000,134.3121
1742180400000,134.3129
1742184000000,134.2770
1742187600000,134.1924
1742191200000,134.6410
1742194800000,134.6911
1742198400000,134.9016
1742202000000,134.9944
1742205600000,134.9568
1742209200000,134.4723
1742212800000,134.0032
1742216400000,134.1279
1742220000000,134.4738
1742223600000,134.1911
1742227200000,134.0496
1742230800000,134.0380
1742234400000,133.8257
1742238000000,134.0120
1742241600000,133.5557
1742245200000,133.7708
1742248800000,134.0228
1742252400000,134.4338
1742256000000,134.5852
1742259600000,133.8979
1742263200000,134.2609
1742266800000,134.3057
1742270400000,134.3786
1742274000000,134.4987
1742277600000,134.1361
1742281200000,134.5994
1742284800000,135.1610
1742288400000,134.9254
1742292000000,134.7735
1742295600000,134.4305
1742299200000,134.0067
1742302800000,133.4668
1742306400000,133.6306
1742310000000,133.8539
1742313600000,134.3393
1742317200000,134.1606
1742320800000,134.3611
1742324400000,134.0331
1742328000000,133.6231
1742331600000,133.3573
1742335200000,133.5197
1742338800000,133.2132
1742342400000,132.7289
1742346000000,132.2076
1742349600000,132.1528
1742353200000,132.4957
1742356800000,132.5440
1742360400000,132.5323
1742364000000,132.4139
1742367600000,132.5091
1742371200000,132.5748
1742374800000,132.3260
1742378400000,131.7117
1742382000000,130.5474
1742385600000,130.3086
1742389200000,130.3175
1742392800000,130.3615
1742396400000,129.9168
1742400000000,130.2232
1742403600000,130.3869
1742407200000,131.4121
1742410800000,131.2661
1742414400000,131.0589
1742418000000,131.1472
1742421600000,131.4402
1742425200000,131.6896
1742428800000,132.1764
1742432400000,131.8643
1742436000000,132.2815
1742439600000,132.4716
1742443200000,132.5444
1742446800000,132.6897
1742450400000,132.8266
1742454000000,132.7856
1742457600000,132.6617
1742461200000,133.7271
1742464800000,133.7875
1742468400000,133.2838
1742472000000,133.0011
1742475600000,133.2210
1742479200000,133.3865
1742482800000,133.0319
1742486400000,132.3500
1742490000000,132.5381
1742493600000,132.8570
1742497200000,132.8961
1742500800000,133.1631
1742504400000,133.3638
1742508000000,133.0442
1742511600000,132.9575
1742515200000,132.7416
1742518800000,132.9338
1742522400000,133.0559
1742526000000,133.1997
1742529600000,133.2613
1742533200000,133.5920
1742536800000,133.2571
1742540400000,132.8836
1742544000000,133.0397
1742547600000,133.4902
1742551200000,133.7202
1742554800000,133.6668
1742558400000,133.5451
1742562000000,134.0411
1742565600000,134.2013
1742569200000,133.7316
1742572800000,133.8202
1742576400000,133.6713
1742580000000,133.7132
1742583600000,133.4352
1742587200000,133.3219
1742590800000,133.7246
1742594400000,133.7061
1742598000000,133.7254
1742601600000,133.3588
1742605200000,133.2704
1742608800000,133.0337
1742612400000,132.9145
1742616000000,132.8671
1742619600000,132.8569
1742623200000,133.0590
1742626800000,133.0302
1742630400000,132.9274
1742634000000,132.8229
1742637600000,132.5658
1742641200000,132.5658
1742644800000,132.4282
1742648400000,132.5473
1742652000000,132.3413
1742655600000,132.4425
1742659200000,132.5206
1742662800000,132.4274
1742666400000,132.3196
1742670000000,132.2670
1742673600000,132.3104
1742677200000,132.3974
1742680800000,132.5197
1742684400000,132.5336
1742688000000,132.5736
1742691600000,132.0068
1742695200000,131.9880
1742698800000,131.8033
1742702400000,131.8414
1742706000000,132.0499
1742709600000,131.8702
1742713200000,131.7492
1742716800000,131.6924
1742720400000,131.5028
1742724000000,131.5652
1742727600000,131.8947
1742731200000,132.0208
1742734800000,132.0646
1742738400000,132.1994
1742742000000,132.1960
1742745600000,132.4951
1742749200000,132.6006
1742752800000,132.4856
1742756400000,132.5121
1742760000000,132.7203
1742763600000,132.6774
1742767200000,132.8598
1742770800000,132.9524
1742774400000,133.0201
1742778000000,132.9453
1742781600000,132.9829
1742785200000,132.9577
1742788800000,132.5772
1742792400000,132.4229
1742796000000,131.9221
1742799600000,131.7118
1742803200000,131.7227
1742806800000,131.6158
1742810400000,132.1015
1742814000000,132.1945
1742817600000,131.9065
1742821200000,132.1270
1742824800000,132.3773
1742828400000,132.6908
1742832000000,133.1731
1742835600000,133.3576
1742839200000,133.0242
1742842800000,133.0592
1742846400000,132.9439
1742850000000,133.0438
1742853600000,132.8361
1742857200000,132.8892
1742860800000,132.7732
1742864400000,132.9987
1742868000000,133.1543
1742871600000,133.5402
1742875200000,133.4724
1742878800000,133.6871
1742882400000,133.4562
1742886000000,133.2814
1742889600000,133.2001
1742893200000,133.2594
1742896800000,132.9427
1742900400000,132.9276
1742904000000,132.7164
1742907600000,133.1052
1742911200000,133.0942
1742914800000,133.1546
1742918400000,133.0073
1742922000000,132.8486
1742925600000,133.0373
1742929200000,132.9382
1742932800000,133.1014
1742936400000,132.9601
1742940000000,132.7261
1742943600000,132.6405
1742947200000,132.6949
1742950800000,132.8519
1742954400000,132.8825
1742958000000,132.8101
1742961600000,132.9281
1742965200000,132.9752
1742968800000,133.1120
1742972400000,133.2967
1742976000000,133.2430
1742979600000,133.0923
1742983200000,133.0963
1742986800000,133.0399
1742990400000,132.9399
1742994000000,132.9564
1742997600000,133.1611
1743001200000,133.2568
1743004800000,132.8861
1743008400000,132.9649
1743012000000,132.8362
1743015600000,132.9767
1743019200000,133.2115
1743022800000,133.2103
1743026400000,133.0657
1743030000000,132.8902
1743033600000,133.1819
1743037200000,133.3675
1743040800000,133.3830
1743044400000,133.4663
1743048000000,133.4608
1743051600000,133.4647
1743055200000,134.0614
1743058800000,134.1235
1743062400000,134.6030
1743066000000,134.1679
1743069600000,133.9952
1743073200000,133.9125
1743076800000,133.3997
1743080400000,133.9826
1743084000000,134.2398
1743087600000,134.5553
1743091200000,134.4637
1743094800000,134.7165
1743098400000,134.7927
1743102000000,134.8715
1743105600000,134.9537
1743109200000,134.7736
1743112800000,134.8393
1743116400000,134.7845
1743120000000,134.7862
1743123600000,134.5681
1743127200000,134.1984
1743130800000,134.3104
1743134400000,135.4541
1743138000000,135.7553
1743141600000,135.7241
1743145200000,135.3225
1743148800000,135.2934
1743152400000,135.3526
1743156000000,135.1944
1743159600000,136.0134
1743163200000,135.9026
1743166800000,135.6544
1743170400000,135.0509
1743174000000,135.3770
1743177600000,135.0104
1743181200000,135.0272
1743184800000,134.7998
1743188400000,134.6617
1743192000000,134.4140
1743195600000,134.3161
1743199200000,134.4256
1743202800000,134.5026
1743206400000,134.4797
1743210000000,133.9932
1743213600000,133.6141
1743217200000,133.7291
1743220800000,133.6535
1743224400000,133.4499
1743228000000,133.5113
1743231600000,133.5684
1743235200000,133.7047
1743238800000,133.4972
1743242400000,133.1219
1743246000000,133.1049
1743249600000,133.1723
1743253200000,133.6094
1743256800000,133.6447
1743260400000,133.5816
1743264000000,133.7192
1743267600000,133.8011
1743271200000,134.0088
1743274800000,134.2065
1743278400000,133.9729
1743282000000,134.0455
1743285600000,133.8986
1743289200000,133.9012
1743292800000,134.0778
1743296400000,134.1580
1743300000000,134.7108
1743303600000,134.4790
1743307200000,134.4398
1743310800000,134.3902
1743314400000,134.3060
1743318000000,134.1946
1743321600000,134.2793
1743325200000,134.4032
1743328800000,134.4046
1743332400000,134.2049
1743336000000,134.1618
1743339600000,134.3623
1743343200000,134.4950
1743346800000,134.2587
1743350400000,134.3142
1743354000000,134.2077
1743357600000,134.1930
1743361200000,134.2799
1743364800000,134.0858
1743368400000,133.9535
1743372000000,134.2615
1743375600000,134.2166
1743379200000,133.9047
1743382800000,133.9676
1743386400000,133.9579
1743390000000,133.7220
1743393600000,133.7212
1743397200000,133.7420
1743400800000,133.5675
1743404400000,133.3554
1743408000000,133.1016
1743411600000,132.8497
1743415200000,133.3004
1743418800000,133.1011
1743422400000,133.2436
1743426000000,133.3555
1743429600000,133.9468
1743433200000,133.7467
1743436800000,133.7242
1743440400000,133.8525
1743444000000,133.9897
1743447600000,133.6498
1743451200000,133.8429
1743454800000,133.8604
1743458400000,133.6694
1743462000000,133.8131
1743465600000,133.8015
1743469200000,133.8709
1743472800000,133.9675
1743476400000,134.0674
1743480000000,134.0658
1743483600000,133.7872
1743487200000,133.8853
1743490800000,133.9414
1743494400000,133.9764
1743498000000,134.1543
1743501600000,133.7768
1743505200000,133.7729
1743508800000,133.9463
1743512400000,133.8812
1743516000000,134.0258
1743519600000,133.6843
1743523200000,133.2793
1743526800000,133.2005
1743530400000,133.2904
1743534000000,133.1827
1743537600000,133.3537
1743541200000,133.2308
1743544800000,133.3461
1743548400000,133.6433
1743552000000,133.6830
1743555600000,133.6409
1743559200000,133.2763
1743562800000,133.2549
1743566400000,133.1490
1743570000000,133.2095
1743573600000,133.3869
1743577200000,133.4643
1743580800000,133.7287
1743584400000,133.5585
1743588000000,133.4970
1743591600000,133.3515
1743595200000,133.7176
1743598800000,133.9438
1743602400000,134.3177
1743606000000,134.1836
1743609600000,134.4807
1743613200000,134.2524
1743616800000,133.9205
1743620400000,134.0773
1743624000000,133.9127
1743627600000,133.6297
1743631200000,133.1824
1743634800000,133.3727
1743638400000,133.6285
1743642000000,134.1904
1743645600000,134.2164
1743649200000,134.0381
1743652800000,133.9357
1743656400000,134.5988
1743660000000,134.2016
1743663600000,134.1654
1743667200000,133.9620
1743670800000,134.1951
1743674400000,134.1539
1743678000000,133.9377
1743681600000,133.5526
1743685200000,133.3555
1743688800000,132.9067
1743692400000,133.0723
1743696000000,133.2526
1743699600000,133.2561
1743703200000,133.1540
1743706800000,133.0978
1743710400000,133.1182
1743714000000,133.1607
1743717600000,133.2391
1743721200000,133.3536
1743724800000,133.3756
1743728400000,133.7496
1743732000000,133.9563
1743735600000,133.8290
1743739200000,133.7804
1743742800000,133.9188
1743746400000,133.9005
1743750000000,134.2781
1743753600000,134.2518
1743757200000,134.3140
1743760800000,133.6313
1743764400000,133.6360
1743768000000,133.7829
1743771600000,133.8806
1743775200000,133.6437
1743778800000,133.8304
1743782400000,134.1651
1743786000000,134.5342
1743789600000,134.5099
1743793200000,134.4094
1743796800000,134.3230
1743800400000,134.4191
1743804000000,134.2592
1743807600000,134.1955
1743811200000,133.9524
1743814800000,134.1771
1743818400000,134.2621
1743822000000,134.0912
1743825600000,134.1351
1743829200000,134.0459
1743832800000,133.8380
1743836400000,133.9029
1743840000000,133.9384
1743843600000,134.0687
1743847200000,134.0059
1743850800000,134.1270
1743854400000,134.2140
1743858000000,133.9671
1743861600000,134.0076
1743865200000,133.8957
1743868800000,133.9880
1743872400000,133.9962
1743876000000,133.9460
1743879600000,133.9691
1743883200000,133.8870
1743886800000,133.7884
1743890400000,133.8623
1743894000000,133.9011
1743897600000,133.7391
1743901200000,133.5955
1743904800000,133.6337
1743908400000,133.5728
1743912000000,133.5998
1743915600000,133.7025
1743919200000,133.7145
1743922800000,133.5841
1743926400000,133.5970
1743930000000,133.6733
1743933600000,133.5671
1743937200000,133.6168
1743940800000,133.5477
1743944400000,133.6639
1743948000000,133.5550
1743951600000,133.5965
1743955200000,133.4901
1743958800000,133.1760
1743962400000,133.2983
1743966000000,133.6358
1743969600000,134.0332
1743973200000,133.8942
1743976800000,133.4888
1743980400000,133.9013
1743984000000,134.1697
1743987600000,134.5453
1743991200000,134.2858
1743994800000,134.0422
1743998400000,133.3681
1744002000000,133.1512
1744005600000,133.0689
1744009200000,133.1126
1744012800000,133.6947
1744016400000,133.8647
1744020000000,134.3593
1744023600000,134.2512
1744027200000,134.2662
1744030800000,134.6739
1744034400000,134.6057
1744038000000,134.3091
1744041600000,134.0080
1744045200000,134.7462
1744048800000,134.5635
1744052400000,134.5526
1744056000000,134.7318
1744059600000,134.9067
1744063200000,135.1209
1744066800000,135.0391
1744070400000,135.1263
1744074000000,135.5253
1744077600000,134.9441
1744081200000,135.2028
1744084800000,135.3187
1744088400000,135.1540
1744092000000,134.8519
1744095600000,135.2187
1744099200000,134.8997
1744102800000,134.7291
1744106400000,134.8045
1744110000000,135.3274
1744113600000,135.6765
1744117200000,135.7842
1744120800000,135.4916
1744124400000,135.6535
1744128000000,135.5853
1744131600000,136.0111
1744135200000,136.1032
1744138800000,135.8805
1744142400000,136.0056
1744146000000,136.1792
1744149600000,136.0586
1744153200000,135.4380
1744156800000,135.5634
1744160400000,135.8386
1744164000000,135.7249
1744167600000,135.2723
1744171200000,135.9261
1744174800000,135.7436
1744178400000,135.9274
1744182000000,136.2389
1744185600000,136.0660
1744189200000,136.4281
1744192800000,135.9687
1744196400000,135.6018
1744200000000,136.1087
1744203600000,136.5107
1744207200000,136.3147
1744210800000,136.3065
1744214400000,136.9164
1744218000000,136.9161
1744221600000,136.4440
1744225200000,136.3367
1744228800000,136.1074
1744232400000,136.3294
1744236000000,136.0941
1744239600000,135.8533
1744243200000,136.1362
1744246800000,136.3182
1744250400000,136.3845
1744254000000,136.3466
1744257600000,136.5947
1744261200000,136.8712
1744264800000,136.9522
1744268400000,137.2470
1744272000000,137.2044
1744275600000,137.2067
1744279200000,137.2738
1744282800000,137.1276
1744286400000,137.1970
1744290000000,137.2493
1744293600000,137.8173
1744297200000,137.6012
1744300800000,137.9501
1744304400000,137.8491
1744308000000,138.0295
1744311600000,138.1609
1744315200000,137.9050
1744318800000,137.9077
1744322400000,138.1211
1744326000000,138.1679
1744329600000,138.0840
1744333200000,138.1529
1744336800000,138.2764
1744340400000,138.4194
1744344000000,138.3278
1744347600000,138.2370
1744351200000,138.3995
1744354800000,138.5277
1744358400000,138.6728
1744362000000,139.0425
1744365600000,139.2082
1744369200000,139.0185
1744372800000,138.9465
1744376400000,139.3191
1744380000000,139.0258
1744383600000,139.2383
1744387200000,139.5210
1744390800000,139.9896
1744394400000,139.9896
1744398000000,139.8802
1744401600000,139.7637
1744405200000,139.5297
1744408800000,139.6297
1744412400000,139.3972
1744416000000,139.4591
1744419600000,139.6133
1744423200000,139.5424
1744426800000,139.4516
1744430400000,139.2884
1744434000000,139.3902
1744437600000,139.3600
1744441200000,139.3419
1744444800000,139.0705
1744448400000,138.9142
1744452000000,138.9689
1744455600000,138.9553
1744459200000,138.8841
1744462800000,138.5107
1744466400000,138.5822
1744470000000,138.6230
1744473600000,138.5586
1744477200000,138.8225
1744480800000,138.6754
1744484400000,138.7566
1744488000000,139.0995
1744491600000,139.0300
1744495200000,138.8417
1744498800000,138.9938
1744502400000,139.1590
1744506000000,139.6100
1744509600000,139.4166
1744513200000,139.5978
1744516800000,139.3037
1744520400000,139.2765
1744524000000,139.0836
1744527600000,139.1234
1744531200000,139.0821
1744534800000,139.0762
1744538400000,138.9578
1744542000000,139.0690
1744545600000,138.9786
1744549200000,139.1178
1744552800000,139.1287
1744556400000,138.8735
1744560000000,138.8905
1744563600000,138.1750
1744567200000,138.2007
1744570800000,138.7120
1744574400000,138.3680
1744578000000,138.4209
1744581600000,138.4365
1744585200000,138.4683
1744588800000,138.5006
1744592400000,138.2843
1744596000000,138.5400
1744599600000,138.2640
1744603200000,138.3763
1744606800000,138.3998
1744610400000,138.5616
1744614000000,138.2988
1744617600000,138.3185
1744621200000,137.8897
1744624800000,137.0798
1744628400000,137.3897
1744632000000,137.4234
1744635600000,137.2885
1744639200000,137.6670
1744642800000,137.8235
1744646400000,137.7533
1744650000000,137.6351
1744653600000,138.0947
1744657200000,138.1729
1744660800000,138.1446
1744664400000,138.3443
1744668000000,138.2797
1744671600000,138.1548
1744675200000,138.1291
1744678800000,138.1811
1744682400000,138.3880
1744686000000,138.4347
1744689600000,138.5481
1744693200000,138.6323
1744696800000,138.5298
1744700400000,138.5800
1744704000000,138.7022
1744707600000,138.6949
1744711200000,138.7845
1744714800000,138.8300
1744718400000,138.6146
1744722000000,138.7987
1744725600000,138.6622
1744729200000,138.4372
1744732800000,138.3256
1744736400000,138.2537
1744740000000,138.2687
1744743600000,138.2637
1744747200000,138.5187
1744750800000,138.4422
1744754400000,138.4796
1744758000000,138.2822
1744761600000,138.0309
1744765200000,138.2435
1744768800000,138.4184
1744772400000,138.5618
1744776000000,138.5993
1744779600000,138.8482
1744783200000,138.7364
1744786800000,138.7909
1744790400000,138.7870
1744794000000,138.7204
1744797600000,138.6705
1744801200000,138.8897
1744804800000,138.8779
1744808400000,138.9708
1744812000000,139.0848
1744815600000,139.2729
1744819200000,139.3654
1744822800000,139.2060
1744826400000,139.4786
1744830000000,139.1489
1744833600000,139.5274
1744837200000,139.1731
1744840800000,139.2782
1744844400000,139.1645
1744848000000,139.0894
1744851600000,139.0779
1744855200000,138.8631
1744858800000,138.8321
1744862400000,138.7788
1744866000000,138.6543
1744869600000,138.8606
1744873200000,138.8180
1744876800000,138.8049
1744880400000,139.1297
1744884000000,139.0967
1744887600000,139.2546
1744891200000,139.2646
1744894800000,139.2891
1744898400000,139.7365
1744902000000,139.8614
1744905600000,139.5937
1744909200000,139.5422
1744912800000,139.6386
1744916400000,140.1953
1744920000000,140.2908
1744923600000,140.1847
1744927200000,140.0825
1744930800000,140.1586
1744934400000,140.0702
1744938000000,140.0406
1744941600000,140.0329
1744945200000,140.0708
1744948800000,140.0017
1744952400000,139.9623
1744956000000,139.9929
1744959600000,139.8103
1744963200000,139.7833
1744966800000,139.6902
1744970400000,139.8294
1744974000000,139.8826
1744977600000,139.7871
1744981200000,139.7376
1744984800000,139.9756
1744988400000,140.1055
1744992000000,140.1695
1744995600000,140.1142
1744999200000,140.0281
1745002800000,139.7880
1745006400000,139.7939
1745010000000,139.7783
1745013600000,139.8744
1745017200000,139.8199
1745020800000,139.8864
1745024400000,139.8786
1745028000000,139.9660
1745031600000,139.9104
1745035200000,139.8051
1745038800000,139.8631
1745042400000,139.9168
1745046000000,139.9894
1745049600000,139.9933
1745053200000,140.0231
1745056800000,139.9278
1745060400000,139.9448
1745064000000,139.7578
1745067600000,139.7203
1745071200000,139.6171
1745074800000,139.4548
1745078400000,139.3875
1745082000000,139.1809
1745085600000,139.2799
1745089200000,139.2888
1745092800000,139.3848
1745096400000,139.3009
1745100000000,139.4064
1745103600000,139.3918
1745107200000,139.6544
1745110800000,139.4608
1745114400000,139.4367
1745118000000,139.5654
1745121600000,139.6485
1745125200000,139.7423
1745128800000,139.7031
1745132400000,139.9139
1745136000000,140.0367
1745139600000,139.8295
1745143200000,139.9709
1745146800000,139.9819
1745150400000,140.1228
1745154000000,139.9200
1745157600000,140.0476
1745161200000,139.9275
1745164800000,139.9420
1745168400000,139.9722
1745172000000,139.8804
1745175600000,139.8540
1745179200000,140.0656
1745182800000,140.0901
1745186400000,140.0930
1745190000000,140.3708
1745193600000,140.9273
1745197200000,140.9480
1745200800000,140.8211
1745204400000,140.8767
1745208000000,140.8645
1745211600000,140.9906
1745215200000,140.8899
1745218800000,140.8371
1745222400000,140.8723
1745226000000,140.9790
1745229600000,141.0146
1745233200000,140.8747
1745236800000,141.0422
1745240400000,141.3900
1745244000000,141.6760
1745247600000,141.8894
1745251200000,142.0088
1745254800000,141.9498
1745258400000,142.3473
1745262000000,142.5923
1745265600000,142.3030
1745269200000,142.2702
1745272800000,142.2158
1745276400000,142.4054
1745280000000,143.0393
1745283600000,143.0396
1745287200000,142.8853
1745290800000,142.8747
1745294400000,142.7965
1745298000000,142.8994
1745301600000,142.9403
1745305200000,142.1547
1745308800000,141.9333
1745312400000,142.0966
1745316000000,142.0510
1745319600000,141.9902
1745323200000,142.1523
1745326800000,142.6238
1745330400000,142.2180
1745334000000,141.3588
1745337600000,141.3899
1745341200000,141.5611
1745344800000,141.5601
1745348400000,141.6451
1745352000000,141.5137
1745355600000,141.1871
1745359200000,141.3836
1745362800000,141.8232
1745366400000,141.4633
1745370000000,140.6922
1745373600000,140.0819
1745377200000,140.1673
1745380800000,140.0550
1745384400000,140.3831
1745388000000,140.8017
1745391600000,141.0161
1745395200000,140.9110
1745398800000,140.6034
1745402400000,139.9394
1745406000000,139.9376
1745409600000,139.5498
1745413200000,139.7322
1745416800000,139.6151
1745420400000,139.4880
1745424000000,139.8640
1745427600000,139.7510
1745431200000,139.5833
1745434800000,139.5870
1745438400000,139.4666
1745442000000,139.7123
1745445600000,139.5722
1745449200000,139.6779
1745452800000,139.4490
1745456400000,139.5380
1745460000000,139.6850
1745463600000,139.8131
1745467200000,139.6898
1745470800000,139.6199
1745474400000,139.6657
1745478000000,139.8251
1745481600000,139.7142
1745485200000,139.9107
1745488800000,139.8021
1745492400000,139.6659
1745496000000,139.6853
1745499600000,139.7745
1745503200000,139.6621
1745506800000,139.7592
1745510400000,139.7778
1745514000000,139.7711
1745517600000,139.8557
1745521200000,140.0469
1745524800000,140.0508
1745528400000,140.1104
1745532000000,140.1253
1745535600000,140.2971
1745539200000,140.0986
1745542800000,140.2583
1745546400000,140.2609
1745550000000,140.1312
1745553600000,140.0785
1745557200000,140.2700
1745560800000,140.4103
1745564400000,140.3473
1745568000000,140.6584
1745571600000,140.3093
1745575200000,140.3520
1745578800000,140.3712
1745582400000,140.6322
1745586000000,140.6352
1745589600000,140.3183
1745593200000,140.0781
1745596800000,140.3349
1745600400000,140.1751
1745604000000,140.1558
1745607600000,140.2670
1745611200000,140.0165
1745614800000,139.8776
1745618400000,139.9164
1745622000000,140.0621
1745625600000,139.9402
1745629200000,139.9670
1745632800000,139.8075
1745636400000,139.9036
1745640000000,139.8263
1745643600000,139.9308
1745647200000,139.7974
1745650800000,139.7228
1745654400000,139.3457
1745658000000,139.4618
1745661600000,139.5683
1745665200000,139.9348
1745668800000,139.9500
1745672400000,139.8643
1745676000000,140.0189
1745679600000,140.0879
1745683200000,139.9478
1745686800000,139.8790
1745690400000,139.8205
1745694000000,139.6591
1745697600000,139.6225
1745701200000,139.7095
1745704800000,139.7907
1745708400000,139.5206
1745712000000,138.9338
1745715600000,139.1937
1745719200000,139.2008
1745722800000,139.2343
1745726400000,139.3145
1745730000000,139.1376
1745733600000,139.1853
1745737200000,139.1387
1745740800000,139.0364
1745744400000,139.0129
1745748000000,139.0428
1745751600000,139.0348
1745755200000,139.0738
1745758800000,139.3356
1745762400000,139.3380
1745766000000,139.3275
1745769600000,139.2068
1745773200000,139.4234
1745776800000,139.5154
1745780400000,139.6684
1745784000000,139.6614
1745787600000,139.8614
1745791200000,139.6971
1745794800000,139.6432
1745798400000,140.0262
1745802000000,139.6876
1745805600000,140.0413
1745809200000,139.9532
1745812800000,139.9715
1745816400000,139.8460
1745820000000,139.9270
1745823600000,139.9013
1745827200000,139.8506
1745830800000,139.9776
1745834400000,139.8362
1745838000000,140.0809
1745841600000,140.3441
1745845200000,139.8596
1745848800000,140.1851
1745852400000,140.3616
1745856000000,140.4496
1745859600000,140.3907
1745863200000,140.2594
1745866800000,140.1609
1745870400000,140.2158
1745874000000,140.1656
1745877600000,140.0650
1745881200000,140.3101
1745884800000,140.3411
1745888400000,140.3256
1745892000000,140.1033
1745895600000,140.0714
1745899200000,140.1388
1745902800000,140.1657
1745906400000,139.8013
1745910000000,139.8666
1745913600000,139.4424
1745917200000,139.3884
1745920800000,139.0836
1745924400000,139.2311
1745928000000,139.1065
1745931600000,139.4509
1745935200000,139.3009
1745938800000,139.3612
1745942400000,139.4368
1745946000000,139.4279
1745949600000,139.5334
1745953200000,139.5098
1745956800000,139.5106
1745960400000,139.6760
1745964000000,139.4996
1745967600000,139.5204
1745971200000,139.4884
1745974800000,139.7352
1745978400000,139.7045
1745982000000,139.8477
1745985600000,139.7830
1745989200000,139.7686
1745992800000,139.8410
1745996400000,139.9618
1746000000000,139.9287
1746003600000,139.7683
1746007200000,139.6182
1746010800000,139.5955
1746014400000,140.3356
1746018000000,139.8932
1746021600000,140.1206
1746025200000,140.0952
1746028800000,139.9978
1746032400000,139.9273
1746036000000,139.6592
1746039600000,139.5990
1746043200000,139.6881
1746046800000,139.5771
1746050400000,139.3798
1746054000000,139.5118
1746057600000,139.5773
1746061200000,139.3854
1746064800000,139.4954
1746068400000,139.3525
1746072000000,139.4793
1746075600000,139.5094
1746079200000,139.4790
1746082800000,139.4460
1746086400000,139.4652
1746090000000,139.7890
1746093600000,139.2857
1746097200000,139.3235
1746100800000,139.2884
1746104400000,139.4831
1746108000000,139.6714
1746111600000,139.3882
1746115200000,139.2375
1746118800000,139.1015
1746122400000,139.1783
1746126000000,139.3314
1746129600000,139.3279
1746133200000,139.2410
1746136800000,139.2585
1746140400000,139.3995
1746144000000,139.5695
1746147600000,139.6612
1746151200000,139.6222
1746154800000,139.5801
1746158400000,139.5515
1746162000000,139.6438
1746165600000,139.5186
1746169200000,139.6798
1746172800000,139.7655
1746176400000,139.8837
1746180000000,139.8372
1746183600000,139.6487
1746187200000,139.6546
1746190800000,139.5871
1746194400000,139.8358
1746198000000,139.7897
1746201600000,139.4853
1746205200000,139.5149
1746208800000,139.4541
1746212400000,139.5433
1746216000000,139.4820
1746219600000,139.5410
1746223200000,139.7222
1746226800000,139.5832
1746230400000,139.4808
1746234000000,139.5941
1746237600000,139.5654
1746241200000,139.3894
1746244800000,139.4526
1746248400000,139.5349
1746252000000,139.4977
1746255600000,139.4942
1746259200000,139.4724
1746262800000,139.3429
1746266400000,139.2991
1746270000000,139.2580
1746273600000,139.2639
1746277200000,139.2580
1746280800000,139.2942
1746284400000,139.3948
1746288000000,139.5153
1746291600000,139.6480
1746295200000,139.4798
1746298800000,139.3471
1746302400000,139.2776
1746306000000,139.1132
1746309600000,139.0531
1746313200000,139.1635
1746316800000,139.1210
1746320400000,139.2019
1746324000000,139.1399
1746327600000,139.1755
1746331200000,139.0494
1746334800000,138.7302
1746338400000,138.6358
1746342000000,138.7533
1746345600000,138.7943
1746349200000,138.6788
1746352800000,138.7212
1746356400000,138.6717
1746360000000,138.5187
1746363600000,138.3982
1746367200000,138.3521
1746370800000,138.1975
1746374400000,138.1428
1746378000000,138.0537
1746381600000,138.2402
1746385200000,138.2734
1746388800000,138.1752
1746392400000,138.2091
1746396000000,138.1414
1746399600000,137.9412
1746403200000,138.1848
1746406800000,138.2270
1746410400000,138.4068
1746414000000,138.4402
1746417600000,138.4699
1746421200000,138.4490
1746424800000,138.2740
1746428400000,138.1387
1746432000000,137.9472
1746435600000,138.1942
1746439200000,138.6366
1746442800000,138.5651
1746446400000,138.9198
1746450000000,138.6331
1746453600000,138.7067
1746457200000,138.8131
1746460800000,138.9671
1746464400000,138.9441
1746468000000,138.8964
1746471600000,138.8467
1746475200000,138.9413
1746478800000,138.9953
1746482400000,138.9779
1746486000000,138.8035
1746489600000,139.0641
1746493200000,139.0733
1746496800000,139.0725
1746500400000,138.9585
1746504000000,139.0511
1746507600000,138.9981
1746511200000,138.9994
1746514800000,138.9243
1746518400000,138.9657
1746522000000,138.8516
1746525600000,138.9933
1746529200000,139.2259
1746532800000,139.2578
1746536400000,139.5036
1746540000000,139.6464
1746543600000,139.9629
1746547200000,139.8362
1746550800000,140.0557
1746554400000,139.9180
1746558000000,139.8514
1746561600000,139.8649
1746565200000,139.7906
1746568800000,140.0236
1746572400000,140.2036
1746576000000,139.9180
1746579600000,140.0421
1746583200000,139.8145
1746586800000,139.7207
1746590400000,139.8912
1746594000000,139.7695
1746597600000,139.8823
1746601200000,140.0360
1746604800000,139.9304
1746608400000,139.8164
1746612000000,140.0134
1746615600000,140.1071
1746619200000,140.3467
1746622800000,140.1676
1746626400000,140.1468
1746630000000,140.0966
1746633600000,140.1557
1746637200000,140.2106
1746640800000,140.2425
1746644400000,140.1500
1746648000000,140.4004
1746651600000,140.5918
1746655200000,140.3749
1746658800000,140.4819
1746662400000,140.4878
1746666000000,140.4377
1746669600000,140.8629
1746673200000,139.8023
1746676800000,139.7442
1746680400000,139.5722
1746684000000,139.4884
1746687600000,139.2448
1746691200000,139.5781
1746694800000,139.5143
1746698400000,138.9299
1746702000000,138.5899
1746705600000,138.4416
1746709200000,138.2293
1746712800000,137.9881
1746716400000,137.3234
1746720000000,137.6645
1746723600000,137.2394
1746727200000,136.9097
1746730800000,135.6311
1746734400000,135.6509
1746738000000,135.6375
1746741600000,135.6755
1746745200000,136.2393
1746748800000,135.8009
1746752400000,135.8758
1746756000000,135.5143
1746759600000,135.4369
1746763200000,135.6858
1746766800000,135.9387
1746770400000,136.3077
1746774000000,136.6308
1746777600000,136.4694
1746781200000,136.2329
1746784800000,136.9000
1746788400000,136.7036
1746792000000,136.7077
1746795600000,137.5945
1746799200000,136.6323
1746802800000,136.6071
1746806400000,136.0626
1746810000000,136.7682
1746813600000,136.7382
1746817200000,136.7074
1746820800000,137.0451
1746824400000,137.0047
1746828000000,137.1906
1746831600000,139.1831
1746835200000,139.2261
1746838800000,139.7370
1746842400000,139.6644
1746846000000,138.9365
1746849600000,138.6137
1746853200000,138.8527
1746856800000,139.4483
1746860400000,139.2308
1746864000000,139.0020
1746867600000,139.0818
1746871200000,138.6128
1746874800000,138.0066
1746878400000,138.3902
1746882000000,138.4932
1746885600000,138.2647
1746889200000,138.0324
1746892800000,138.6134
1746896400000,138.3663
1746900000000,138.2331
1746903600000,138.1370
1746907200000,138.3426
1746910800000,138.8254
1746914400000,138.6862
1746918000000,139.9573
1746921600000,139.7446
1746925200000,139.1487
1746928800000,139.1145
1746932400000,139.3994
1746936000000,139.7433
1746939600000,139.4653
1746943200000,139.1295
1746946800000,138.5052
1746950400000,138.6690
1746954000000,139.1887
1746957600000,139.4607
1746961200000,139.4733
1746964800000,139.3157
1746968400000,138.3315
1746972000000,138.7112
1746975600000,138.5657
1746979200000,138.4044
1746982800000,138.6300
1746986400000,139.0189
1746990000000,138.8773
1746993600000,138.6208
1746997200000,138.7195
1747000800000,138.3176
1747004400000,138.5270
1747008000000,139.1028
1747011600000,138.4836
1747015200000,138.5742
1747018800000,138.8972
1747022400000,138.9069
1747026000000,138.6847
1747029600000,139.3067
1747033200000,139.5585
1747036800000,140.2542
1747040400000,140.1122
1747044000000,140.8684
1747047600000,140.5876
1747051200000,141.5347
1747054800000,141.0963
1747058400000,139.0753
1747062000000,138.7297
1747065600000,139.2786
1747069200000,138.5807
1747072800000,137.6105
1747076400000,138.0550
1747080000000,138.6447
1747083600000,138.6564
1747087200000,138.8399
1747090800000,138.5684
1747094400000,137.8923
1747098000000,137.7481
1747101600000,137.0371
1747105200000,136.4869
1747108800000,137.5513
1747112400000,137.3857
1747116000000,137.4988
1747119600000,137.6181
1747123200000,137.5880
1747126800000,138.3070
1747130400000,138.1693
1747134000000,138.4854
1747137600000,138.5132
1747141200000,138.7812
1747144800000,138.1022
1747148400000,138.6626
1747152000000,139.0660
1747155600000,139.4819
1747159200000,139.9471
1747162800000,140.1784
1747166400000,139.9448
1747170000000,139.8359
1747173600000,139.6607
1747177200000,139.6025
1747180800000,139.3796
1747184400000,139.2544
1747188000000,139.0769
1747191600000,139.1346
1747195200000,139.3213
1747198800000,139.4386
1747202400000,139.2973
1747206000000,138.9101
1747209600000,138.0432
1747213200000,138.5483
1747216800000,138.6855
1747220400000,139.1487
1747224000000,138.8191
1747227600000,138.7361
1747231200000,138.3415
1747234800000,138.2714
1747238400000,138.1307
1747242000000,138.1088
1747245600000,138.4133
1747249200000,138.2278
1747252800000,138.2432
1747256400000,138.3845
1747260000000,138.1990
1747263600000,138.3139
1747267200000,138.6307
1747270800000,137.5745
1747274400000,137.7722
1747278000000,137.5180
1747281600000,137.9341
1747285200000,137.3918
1747288800000,137.2606
1747292400000,136.7360
1747296000000,137.6739
1747299600000,137.2187
1747303200000,137.2389
1747306800000,137.7878
1747310400000,137.9068
1747314000000,137.3613
1747317600000,137.0337
1747321200000,138.4225
1747324800000,139.1023
1747328400000,138.9558
1747332000000,137.6458
1747335600000,138.0831
1747339200000,138.3115
1747342800000,138.2662
1747346400000,138.2121
1747350000000,138.4002
1747353600000,138.3349
1747357200000,138.6099
1747360800000,139.0952
1747364400000,139.0393
1747368000000,138.8919
1747371600000,139.0023
1747375200000,139.0605
1747378800000,138.6722
1747382400000,138.2949
1747386000000,138.7307
1747389600000,138.8208
1747393200000,138.5487
1747396800000,138.3163
1747400400000,138.7624
1747404000000,138.2029
1747407600000,138.6317
1747411200000,138.6459
1747414800000,138.2110
1747418400000,138.0942
1747422000000,138.3691
1747425600000,137.9244
1747429200000,137.8885
1747432800000,137.6889
1747436400000,137.8142
1747440000000,137.3987
1747443600000,136.7405
1747447200000,137.2293
1747450800000,137.5633
1747454400000,137.7477
1747458000000,137.4012
1747461600000,137.6242
1747465200000,137.4979
1747468800000,137.3336
1747472400000,137.0739
1747476000000,137.0801
1747479600000,137.1281
1747483200000,137.0452
1747486800000,136.6923
1747490400000,137.2983
1747494000000,137.0190
1747497600000,136.8849
1747501200000,137.1110
1747504800000,136.9717
1747508400000,137.1234
1747512000000,137.3525
1747515600000,137.3095
1747519200000,136.9323
1747522800000,137.0306
1747526400000,137.3248
1747530000000,137.3520
1747533600000,137.3558
1747537200000,137.3613
1747540800000,137.4486
1747544400000,137.8367
1747548000000,137.5754
1747551600000,137.9579
1747555200000,138.0896
1747558800000,137.8975
1747562400000,137.9606
1747566000000,137.8615
1747569600000,138.0212
1747573200000,138.6730
1747576800000,139.1429
1747580400000,139.5049
1747584000000,139.6494
1747587600000,138.6091
1747591200000,138.1326
1747594800000,137.3167
1747598400000,137.5664
1747602000000,137.8150
1747605600000,139.2357
1747609200000,139.7965
1747612800000,138.8188
1747616400000,138.4053
1747620000000,138.0253
1747623600000,137.2361
1747627200000,136.6892
1747630800000,136.9020
1747634400000,136.0658
1747638000000,137.0091
1747641600000,137.0156
1747645200000,137.0128
1747648800000,136.9921
1747652400000,136.9816
1747656000000,136.4535
1747659600000,137.2027
1747663200000,138.0167
1747666800000,138.3847
1747670400000,138.8619
1747674000000,138.8232
1747677600000,138.4801
1747681200000,139.0425
1747684800000,139.0729
1747688400000,139.1273
1747692000000,139.1964
1747695600000,139.1706
1747699200000,139.2203
1747702800000,139.7776
1747706400000,139.5496
1747710000000,139.5504
1747713600000,139.3510
1747717200000,139.5719
1747720800000,139.4566
1747724400000,139.2467
1747728000000,139.3473
1747731600000,139.5502
1747735200000,139.4392
1747738800000,139.4169
1747742400000,139.7023
1747746000000,139.6310
1747749600000,139.8731
1747753200000,140.1689
1747756800000,140.2805
1747760400000,140.4399
1747764000000,140.6578
1747767600000,140.8564
1747771200000,140.6785
1747774800000,140.6410
1747778400000,140.6332
1747782000000,140.4740
1747785600000,140.2930
1747789200000,140.0676
1747792800000,140.2788
1747796400000,140.5700
1747800000000,141.0067
1747803600000,140.2800
1747807200000,140.2385
1747810800000,140.0012
1747814400000,140.0709
1747818000000,140.2866
1747821600000,140.3754
1747825200000,140.4598
1747828800000,140.3948
1747832400000,140.6882
1747836000000,141.0776
1747839600000,141.6850
1747843200000,141.8894
1747846800000,142.3267
1747850400000,142.7894
1747854000000,142.7896
1747857600000,142.4743
1747861200000,142.9976
1747864800000,142.4339
1747868400000,142.5622
1747872000000,142.2535
1747875600000,142.4477
1747879200000,142.7087
1747882800000,142.8840
1747886400000,142.5986
1747890000000,142.5677
1747893600000,142.3060
1747897200000,142.2260
1747900800000,141.4020
1747904400000,141.7501
1747908000000,141.8085
1747911600000,142.2200
1747915200000,142.4051
1747918800000,142.2113
1747922400000,141.7903
1747926000000,141.7037
1747929600000,141.9287
1747933200000,141.7894
1747936800000,141.9573
1747940400000,142.1822
1747944000000,141.9567
1747947600000,142.0478
1747951200000,142.2764
1747954800000,142.2284
1747958400000,142.1449
1747962000000,141.9511
1747965600000,141.4083
1747969200000,140.9230
1747972800000,141.1953
1747976400000,141.3519
1747980000000,141.6616
1747983600000,141.6497
1747987200000,141.6509
1747990800000,141.7370
1747994400000,141.5907
1747998000000,141.8888
1748001600000,141.4134
1748005200000,141.8964
1748008800000,142.0940
1748012400000,141.6842
1748016000000,141.6881
1748019600000,141.6153
1748023200000,141.5304
1748026800000,141.3627
1748030400000,141.2905
1748034000000,141.4427
1748037600000,140.9697
1748041200000,140.7630
1748044800000,141.1874
1748048400000,141.1273
1748052000000,141.2155
1748055600000,141.3348
1748059200000,141.4435
1748062800000,141.5319
1748066400000,141.5171
1748070000000,141.3126
1748073600000,141.6670
1748077200000,141.6995
1748080800000,142.1600
1748084400000,142.2193
1748088000000,142.1853
1748091600000,142.0700
1748095200000,142.1455
1748098800000,142.1990
1748102400000,142.2842
1748106000000,142.2663
1748109600000,142.3651
1748113200000,142.4217
1748116800000,142.1286
1748120400000,142.2710
1748124000000,142.0620
1748127600000,141.7111
1748131200000,142.0666
1748134800000,142.0320
1748138400000,142.0979
1748142000000,142.0591
1748145600000,142.0629
1748149200000,141.9721
1748152800000,141.8675
1748156400000,141.9404
1748160000000,141.7761
1748163600000,141.5325
1748167200000,141.5599
1748170800000,141.6703
1748174400000,141.5947
1748178000000,141.8402
1748181600000,141.7870
1748185200000,141.3597
1748188800000,141.6584
1748192400000,141.6354
1748196000000,141.5960
1748199600000,141.7110
1748203200000,141.7312
1748206800000,141.7514
1748210400000,142.1946
1748214000000,141.9749
1748217600000,141.9682
1748221200000,142.2465
1748224800000,142.2506
1748228400000,142.4397
1748232000000,142.2668
1748235600000,142.2601
1748239200000,142.1192
1748242800000,142.2827
1748246400000,142.2100
1748250000000,142.3301
1748253600000,142.5142
1748257200000,142.3453
1748260800000,142.4858
1748264400000,142.4442
1748268000000,142.6099
1748271600000,142.5884
1748275200000,142.8111
1748278800000,142.6498
1748282400000,142.5021
1748286000000,142.4466
1748289600000,142.2820
1748293200000,142.1501
1748296800000,142.1780
1748300400000,142.2859
1748304000000,142.2932
1748307600000,142.0847
1748311200000,142.2090
1748314800000,142.3119
1748318400000,142.1456
1748322000000,141.9900
1748325600000,142.1509
1748329200000,141.9645
1748332800000,141.5167
1748336400000,141.6048
1748340000000,141.3638
1748343600000,141.1740
1748347200000,141.3788
1748350800000,141.7423
1748354400000,141.4017
1748358000000,141.7765
1748361600000,141.8815
1748365200000,141.2350
1748368800000,141.2808
1748372400000,141.1652
1748376000000,141.3031
1748379600000,141.1090
1748383200000,141.1852
1748386800000,141.0643
1748390400000,141.1549
1748394000000,141.2088
1748397600000,141.1198
1748401200000,141.1459
1748404800000,141.1646
1748408400000,141.2664
1748412000000,141.1667
1748415600000,141.1264
1748419200000,141.2146
1748422800000,141.4330
1748426400000,141.3844
1748430000000,141.1486
1748433600000,141.0605
1748437200000,140.5090
1748440800000,140.6625
1748444400000,140.5221
1748448000000,140.5557
1748451600000,140.5824
1748455200000,140.8106
1748458800000,140.7282
1748462400000,140.8804
1748466000000,140.6334
1748469600000,140.6085
1748473200000,140.1168
1748476800000,139.8656
1748480400000,139.8422
1748484000000,138.8195
1748487600000,138.5835
1748491200000,138.7552
1748494800000,138.9214
1748498400000,139.0264
1748502000000,139.0542
1748505600000,139.7258
1748509200000,139.4652
1748512800000,139.4480
1748516400000,139.8127
1748520000000,139.9595
1748523600000,140.2602
1748527200000,139.9891
1748530800000,140.0964
1748534400000,139.8601
1748538000000,139.2694
1748541600000,139.0886
1748545200000,138.9046
1748548800000,139.3978
1748552400000,139.3056
1748556000000,139.2480
1748559600000,139.2233
1748563200000,139.5284
1748566800000,139.5842
1748570400000,139.2667
1748574000000,139.2872
1748577600000,139.1803
1748581200000,139.1337
1748584800000,139.1330
1748588400000,138.6488
1748592000000,138.8400
1748595600000,139.1424
1748599200000,139.2455
1748602800000,139.2579
1748606400000,139.4297
1748610000000,139.7556
1748613600000,139.4004
1748617200000,139.3796
1748620800000,139.2469
1748624400000,139.2549
1748628000000,139.3127
1748631600000,139.2726
1748635200000,139.1068
1748638800000,139.2069
1748642400000,139.1454
1748646000000,139.0122
1748649600000,138.8537
1748653200000,139.0280
1748656800000,138.9141
1748660400000,138.8711
1748664000000,138.9422
1748667600000,139.0183
1748671200000,139.0395
1748674800000,138.9936
1748678400000,138.9069
1748682000000,138.9002
1748685600000,138.8802
1748689200000,138.9246
1748692800000,139.0199
1748696400000,139.1258
1748700000000,139.2932
1748703600000,139.2490
1748707200000,139.1811
1748710800000,139.2894
1748714400000,139.2231
1748718000000,139.4556
1748721600000,139.5292
1748725200000,139.5202
1748728800000,139.5590
1748732400000,139.5539
1748736000000,139.4330
1748739600000,139.5228
1748743200000,139.6260
1748746800000,139.5697
1748750400000,139.6091
1748754000000,139.5943
1748757600000,139.4323
1748761200000,139.4602
1748764800000,139.4812
1748768400000,139.3673
1748772000000,139.2728
1748775600000,139.3715
1748779200000,139.4714
1748782800000,139.4854
1748786400000,139.5256
1748790000000,139.4617
1748793600000,139.4810
1748797200000,139.3901
1748800800000,139.4984
1748804400000,139.6101
1748808000000,139.6222
1748811600000,139.7602
1748815200000,139.9186
1748818800000,140.0213
1748822400000,140.0150
1748826000000,140.1417
1748829600000,140.2204
1748833200000,140.1961
1748836800000,140.3116
1748840400000,140.3061
1748844000000,140.4661
1748847600000,140.3517
1748851200000,140.3970
1748854800000,140.1146
1748858400000,139.9552
1748862000000,139.7431
1748865600000,139.6051
1748869200000,139.3117
1748872800000,139.1049
1748876400000,139.1003
1748880000000,139.0808
1748883600000,139.2426
1748887200000,139.2836
1748890800000,139.6204
1748894400000,139.6791
1748898000000,139.4251
1748901600000,139.4345
1748905200000,139.1470
1748908800000,139.2392
1748912400000,139.0519
1748916000000,139.1515
1748919600000,139.1821
1748923200000,139.2044
1748926800000,138.9189
1748930400000,138.8117
1748934000000,138.7175
1748937600000,138.7639
1748941200000,138.7903
1748944800000,138.8388
1748948400000,138.9420
1748952000000,138.7033
1748955600000,138.4482
1748959200000,138.7624
1748962800000,139.2653
1748966400000,139.1019
1748970000000,138.9492
1748973600000,138.8758
1748977200000,138.9145
1748980800000,138.6082
1748984400000,138.7159
1748988000000,138.8104
1748991600000,138.8820
1748995200000,138.9400
1748998800000,139.0038
1749002400000,138.9012
1749006000000,138.7679
1749009600000,138.5158
1749013200000,138.7862
1749016800000,138.6906
1749020400000,138.8623
1749024000000,138.6009
1749027600000,138.7531
1749031200000,138.7321
1749034800000,138.5920
1749038400000,138.7016
1749042000000,138.6266
1749045600000,138.3018
1749049200000,137.9483
1749052800000,138.2136
1749056400000,138.3420
1749060000000,138.4513
1749063600000,138.4986
1749067200000,138.4986
1749070800000,138.3756
1749074400000,138.3454
1749078000000,138.2981
1749081600000,138.4780
1749085200000,138.5467
1749088800000,138.3355
1749092400000,138.3250
1749096000000,138.4266
1749099600000,138.4209
1749103200000,138.5009
1749106800000,138.6775
1749110400000,138.7615
1749114000000,138.7704
1749117600000,138.5189
1749121200000,138.2610
1749124800000,138.2568
1749128400000,138.4024
1749132000000,138.4163
1749135600000,138.2738
1749139200000,137.8674
1749142800000,137.6437
1749146400000,137.1425
1749150000000,137.0702
1749153600000,137.4877
1749157200000,137.8826
1749160800000,138.0170
1749164400000,138.2425
1749168000000,138.2399
1749171600000,138.2537
1749175200000,138.4181
1749178800000,138.5188
1749182400000,138.4136
1749186000000,138.4235
1749189600000,138.6897
1749193200000,138.8401
1749196800000,138.9011
1749200400000,138.8563
1749204000000,138.7577
1749207600000,139.1835
1749211200000,139.2039
1749214800000,138.9718
1749218400000,139.0356
1749222000000,139.1941
1749225600000,139.1628
1749229200000,139.2546
1749232800000,138.9343
1749236400000,139.0808
1749240000000,138.9173
1749243600000,139.0826
1749247200000,139.1959
1749250800000,139.0843
1749254400000,139.2210
1749258000000,139.2990
1749261600000,139.3229
1749265200000,139.4460
1749268800000,139.3573
1749272400000,139.4133
1749276000000,139.6123
1749279600000,139.5147
1749283200000,139.5023
1749286800000,139.4589
1749290400000,139.5485
1749294000000,139.5438
1749297600000,139.7256
1749301200000,139.7042
1749304800000,139.4604
1749308400000,139.4549
1749312000000,139.4846
1749315600000,139.5082
1749319200000,139.5567
1749322800000,139.6827
1749326400000,139.6556
1749330000000,139.7042
1749333600000,139.4085
1749337200000,139.3674
1749340800000,139.4152
1749344400000,139.5116
1749348000000,139.4723
1749351600000,139.4661
1749355200000,139.5164
1749358800000,139.4487
1749362400000,139.4661
1749366000000,139.3861
1749369600000,139.3860
1749373200000,139.4133
1749376800000,139.5542
1749380400000,139.6188
1749384000000,139.7539
1749387600000,139.6281
1749391200000,139.7014
1749394800000,139.8456
1749398400000,139.7732
1749402000000,139.7387
1749405600000,139.7490
1749409200000,139.8521
1749412800000,139.7878
1749416400000,139.8091
1749420000000,139.9281
1749423600000,139.8271
1749427200000,139.9449
1749430800000,139.9204
1749434400000,139.9354
1749438000000,140.0095
1749441600000,139.9976
1749445200000,139.9621
1749448800000,139.9833
1749452400000,139.8954
1749456000000,140.0678
1749459600000,140.2888
1749463200000,140.2082
1749466800000,140.4453
1749470400000,140.4235
1749474000000,140.4212
1749477600000,140.5688
1749481200000,140.6143
1749484800000,140.2803
1749488400000,140.4087
1749492000000,140.2748
1749495600000,140.4005
1749499200000,140.4437
1749502800000,140.3042
1749506400000,140.0118
1749510000000,139.7435
1749513600000,139.3175
1749517200000,139.0334
1749520800000,139.2234
1749524400000,139.1253
1749528000000,139.0845
1749531600000,139.2155
1749535200000,139.2204
1749538800000,138.9250
1749542400000,138.7423
1749546000000,138.8414
1749549600000,138.6372
1749553200000,137.5742
1749556800000,137.9716
1749560400000,137.9192
1749564000000,137.4405
1749567600000,137.8114
1749571200000,137.9193
1749574800000,137.7578
1749578400000,137.9342
1749582000000,137.7431
1749585600000,138.1301
1749589200000,138.0377
1749592800000,137.4430
1749596400000,137.7296
1749600000000,137.7231
1749603600000,137.6740
1749607200000,137.7847
1749610800000,137.7314
1749614400000,137.4441
1749618000000,137.4598
1749621600000,137.7573
1749625200000,137.5757
1749628800000,138.1728
1749632400000,138.1278
1749636000000,137.7476
1749639600000,137.6283
1749643200000,137.3312
1749646800000,137.4803
1749650400000,136.8718
1749654000000,136.2456
1749657600000,135.9775
1749661200000,136.3501
1749664800000,136.4812
1749668400000,136.5852
1749672000000,136.6678
1749675600000,136.7845
1749679200000,137.2914
1749682800000,137.3536
1749686400000,137.3564
1749690000000,137.3230
1749693600000,137.4809
1749697200000,136.9782
1749700800000,136.9380
1749704400000,137.0367
1749708000000,137.0997
1749711600000,137.4293
1749715200000,137.2238
1749718800000,137.2614
1749722400000,137.0235
1749726000000,137.0234
1749729600000,136.8297
1749733200000,136.7433
1749736800000,136.7843
1749740400000,137.0292
1749744000000,137.2970
1749747600000,137.3092
1749751200000,137.1854
1749754800000,137.2625
1749758400000,137.5901
1749762000000,137.6752
1749765600000,137.5810
1749769200000,137.4546
1749772800000,138.1922
1749776400000,138.6297
1749780000000,138.7647
1749783600000,138.8439
1749787200000,138.9750
1749790800000,138.7422
1749794400000,138.8899
1749798000000,139.3337
1749801600000,139.5823
1749805200000,139.3916
1749808800000,139.2168
1749812400000,139.0013
1749816000000,138.7257
1749819600000,138.6901
1749823200000,138.9582
1749826800000,139.0025
1749830400000,139.0234
1749834000000,139.0597
1749837600000,139.1135
1749841200000,139.1329
1749844800000,139.0350
1749848400000,139.0185
1749852000000,138.8094
1749855600000,138.9066
1749859200000,139.0157
1749862800000,138.7021
1749866400000,138.7761
1749870000000,138.7888
1749873600000,138.8163
1749877200000,138.8354
1749880800000,138.8715
1749884400000,138.9698
1749888000000,138.9171
1749891600000,138.9562
1749895200000,138.9527
1749898800000,138.8678
1749902400000,138.8264
1749906000000,138.7345
1749909600000,138.6549
1749913200000,138.7223
1749916800000,138.6647
1749920400000,138.6187
1749924000000,138.6830
1749927600000,138.5040
1749931200000,138.6065
1749934800000,138.6574
1749938400000,138.7664
1749942000000,138.7920
1749945600000,138.8275
1749949200000,138.8795
1749952800000,138.9743
1749956400000,138.9781
1749960000000,138.8863
1749963600000,139.0437
1749967200000,139.0975
1749970800000,139.0962
1749974400000,139.0397
1749978000000,138.9930
1749981600000,139.0799
1749985200000,139.0584
1749988800000,139.1741
1749992400000,138.8366
1749996000000,138.7815
1749999600000,138.8078
1750003200000,138.6280
1750006800000,138.6943
1750010400000,138.6291
1750014000000,138.7045
1750017600000,138.8399
1750021200000,138.7397
1750024800000,138.5847
1750028400000,138.7484
1750032000000,138.6982
1750035600000,138.8740
1750039200000,138.5818
1750042800000,138.7601
1750046400000,138.8832
1750050000000,138.5432
1750053600000,138.4744
1750057200000,138.4682
1750060800000,138.5133
1750064400000,138.5468
1750068000000,138.4316
1750071600000,138.5019
1750075200000,138.4781
1750078800000,138.3416
1750082400000,138.5885
1750086000000,138.6965
1750089600000,138.8110
1750093200000,138.6888
1750096800000,138.6739
1750100400000,138.8573
1750104000000,138.7350
1750107600000,138.9323
1750111200000,139.7049
1750114800000,139.5798
1750118400000,139.1971
1750122000000,139.3671
1750125600000,139.0204
1750129200000,139.1721
1750132800000,139.3080
1750136400000,139.4510
1750140000000,139.4207
1750143600000,139.3656
1750147200000,139.4031
1750150800000,139.3359
1750154400000,139.2454
1750158000000,139.0819
1750161600000,139.1074
1750165200000,138.8289
1750168800000,138.8618
1750172400000,138.8917
1750176000000,138.9113
1750179600000,139.0103
1750183200000,138.9956
1750186800000,138.7030
1750190400000,138.7731
1750194000000,138.7399
1750197600000,138.9334
1750201200000,138.9648
1750204800000,138.9987
1750208400000,139.0786
1750212000000,139.3260
1750215600000,139.2094
1750219200000,139.2144
1750222800000,139.2147
1750226400000,139.1245
1750230000000,138.9670
1750233600000,138.8474
1750237200000,138.7004
1750240800000,138.7044
1750244400000,138.8038
1750248000000,138.8257
1750251600000,138.5069
1750255200000,138.6819
1750258800000,138.6698
1750262400000,138.5708
1750266000000,138.6306
1750269600000,138.4760
1750273200000,138.3032
1750276800000,138.4641
1750280400000,138.4641
1750284000000,138.2820
1750287600000,138.3097
1750291200000,138.2610
1750294800000,138.1632
1750298400000,138.2814
1750302000000,138.4437
1750305600000,138.4825
1750309200000,138.4263
1750312800000,138.3371
1750316400000,138.2955
1750320000000,138.2343
1750323600000,138.0840
1750327200000,138.0067
1750330800000,137.9375
1750334400000,138.0291
1750338000000,138.0231
1750341600000,138.1762
1750345200000,138.1717
1750348800000,138.1608
1750352400000,138.2704
1750356000000,138.2977
1750359600000,138.2410
1750363200000,138.2152
1750366800000,138.2265
1750370400000,138.1669
1750374000000,138.2686
1750377600000,138.1999
1750381200000,138.2532
1750384800000,138.3135
1750388400000,138.3293
1750392000000,138.2068
1750395600000,138.3108
1750399200000,138.3420
1750402800000,138.4986
1750406400000,138.5693
1750410000000,138.4463
1750413600000,138.4742
1750417200000,138.5401
1750420800000,138.5162
1750424400000,138.6661
1750428000000,138.4315
1750431600000,138.6627
1750435200000,138.5107
1750438800000,139.4233
1750442400000,139.3411
1750446000000,139.5764
1750449600000,139.6684
1750453200000,139.6622
1750456800000,139.7988
1750460400000,139.6537
1750464000000,139.5672
1750467600000,139.4674
1750471200000,139.6241
1750474800000,139.5707
1750478400000,139.4435
1750482000000,139.4692
1750485600000,139.5517
1750489200000,139.3094
1750492800000,139.2009
1750496400000,139.0919
1750500000000,139.1867
1750503600000,139.2749
1750507200000,139.1827
1750510800000,139.1257
1750514400000,139.0778
1750518000000,139.0715
1750521600000,138.9873
1750525200000,139.0519
1750528800000,138.9497
1750532400000,138.7675
1750536000000,138.7958
1750539600000,139.9577
1750543200000,140.2153
1750546800000,140.3050
1750550400000,140.8948
1750554000000,141.0351
1750557600000,141.0989
1750561200000,141.0838
1750564800000,140.9713
1750568400000,141.1446
1750572000000,141.1791
1750575600000,141.2276
1750579200000,141.2567
1750582800000,141.3326
1750586400000,141.2022
1750590000000,141.1594
1750593600000,140.8915
1750597200000,140.6302
1750600800000,139.8278
1750604400000,139.5120
1750608000000,139.5485
1750611600000,139.6737
1750615200000,139.6074
1750618800000,139.1634
1750622400000,139.7178
1750626000000,139.4918
1750629600000,139.9779
1750633200000,140.0810
1750636800000,139.8732
1750640400000,140.1449
1750644000000,140.3304
1750647600000,140.3574
1750651200000,140.4777
1750654800000,140.6069
1750658400000,140.6813
1750662000000,140.5481
1750665600000,140.4808
1750669200000,140.2910
1750672800000,140.1543
1750676400000,139.8417
1750680000000,139.9841
1750683600000,140.2435
1750687200000,139.9161
1750690800000,140.4425
1750694400000,140.4337
1750698000000,140.7551
1750701600000,140.5588
1750705200000,140.5275
1750708800000,140.3330
1750712400000,140.4579
1750716000000,140.6810
1750719600000,140.4329
1750723200000,140.3655
1750726800000,140.3732
1750730400000,140.3819
1750734000000,140.4394
1750737600000,140.3302
1750741200000,140.4324
1750744800000,140.3440
1750748400000,140.5018
1750752000000,140.3299
1750755600000,140.1504
1750759200000,140.0961
1750762800000,140.2446
1750766400000,140.2679
1750770000000,140.0848
1750773600000,140.1195
1750777200000,139.7969
1750780800000,139.7969
1750784400000,140.0659
1750788000000,140.2037
1750791600000,140.2813
1750795200000,140.3166
1750798800000,140.3034
1750802400000,140.3801
1750806000000,140.2970
1750809600000,140.3235
1750813200000,140.3129
1750816800000,140.5237
1750820400000,140.8103
1750824000000,140.7141
1750827600000,140.7597
1750831200000,140.6967
1750834800000,140.7458
1750838400000,140.8123
1750842000000,141.0971
1750845600000,141.4184
1750849200000,141.5138
1750852800000,141.5136
1750856400000,141.6148
1750860000000,141.4656
1750863600000,141.4422
1750867200000,141.3991
1750870800000,141.4506
1750874400000,141.6017
1750878000000,141.6208
1750881600000,141.5130
1750885200000,141.5339
1750888800000,141.5547
1750892400000,141.6008
1750896000000,141.5053
1750899600000,141.0497
1750903200000,140.5653
1750906800000,140.5872
1750910400000,140.6773
1750914000000,140.6326
1750917600000,140.3400
1750921200000,140.4638
1750924800000,140.5416
1750928400000,140.6712
1750932000000,140.9233
1750935600000,140.8145
1750939200000,140.8533
1750942800000,140.8200
1750946400000,140.9478
1750950000000,141.2061
1750953600000,141.3772
1750957200000,141.4192
1750960800000,141.4455
1750964400000,141.2645
1750968000000,141.1596
1750971600000,141.4421
1750975200000,141.2891
1750978800000,141.1781
1750982400000,141.2406
1750986000000,141.1896
1750989600000,141.0802
1750993200000,141.0635
1750996800000,141.0059
1751000400000,141.0118
1751004000000,140.9838
1751007600000,140.7068
1751011200000,140.7229
1751014800000,140.5169
1751018400000,140.7744
1751022000000,140.8004
1751025600000,140.9164
1751029200000,141.1237
1751032800000,141.0730
1751036400000,141.2205
1751040000000,141.3535
1751043600000,141.5153
1751047200000,141.5505
1751050800000,141.4096
1751054400000,141.3559
1751058000000,141.4684
1751061600000,141.4333
1751065200000,141.3400
1751068800000,141.4194
1751072400000,141.4793
1751076000000,141.4165
1751079600000,141.4080
1751083200000,141.3975
1751086800000,141.4026
1751090400000,141.4716
1751094000000,141.4674
1751097600000,141.4562
1751101200000,141.4612
1751104800000,141.4580
1751108400000,141.4546
1751112000000,141.4570
1751115600000,141.3443
1751119200000,141.4071
1751122800000,141.3315
1751126400000,141.2221
1751130000000,141.2219
1751133600000,141.2790
1751137200000,141.3590
1751140800000,141.4309
1751144400000,141.3960
1751148000000,141.3790
1751151600000,141.4231
1751155200000,141.4157
1751158800000,141.4581
1751162400000,141.5019
1751166000000,141.5482
1751169600000,141.5650
1751173200000,141.5454
1751176800000,141.4976
1751180400000,141.4250
1751184000000,141.5282
1751187600000,141.5167
1751191200000,141.5038
1751194800000,141.6195
1751198400000,141.5903
1751202000000,141.6582
1751205600000,141.6629
1751209200000,141.6437
1751212800000,141.4928
1751216400000,141.4784
1751220000000,141.5914
1751223600000,141.4300
1751227200000,141.4729
1751230800000,141.6518
1751234400000,140.8627
1751238000000,141.0763
1751241600000,140.8421
1751245200000,140.8225
1751248800000,141.0392
1751252400000,141.2023
1751256000000,141.1496
1751259600000,141.0013
1751263200000,141.3396
1751266800000,141.1085
1751270400000,141.2241
1751274000000,141.4514
1751277600000,141.5122
1751281200000,141.5477
1751284800000,141.4251
1751288400000,141.3126
1751292000000,141.3487
1751295600000,141.3609
1751299200000,141.4972
1751302800000,141.1558
1751306400000,141.0523
1751310000000,140.8146
1751313600000,140.9517
1751317200000,140.9150
1751320800000,140.8668
1751324400000,140.9678
1751328000000,141.0096
1751331600000,141.0205
1751335200000,140.9883
1751338800000,140.9029
1751342400000,141.0104
1751346000000,141.0108
1751349600000,141.1196
1751353200000,141.1736
1751356800000,141.0731
1751360400000,140.9752
1751364000000,140.9766
1751367600000,141.1079
1751371200000,141.1501
1751374800000,141.2327
1751378400000,140.9969
1751382000000,140.8441
1751385600000,140.8983
1751389200000,140.8339
1751392800000,140.9486
1751396400000,140.9849
1751400000000,141.0058
1751403600000,141.1482
1751407200000,141.1196
1751410800000,141.1251
1751414400000,141.0655
1751418000000,141.0762
1751421600000,141.1524
1751425200000,141.0911
1751428800000,141.0458
1751432400000,141.0993
1751436000000,141.5199
1751439600000,141.7617
1751443200000,142.1828
1751446800000,142.0618
1751450400000,142.0118
1751454000000,141.9585
1751457600000,141.9914
1751461200000,142.0722
1751464800000,141.9411
1751468400000,141.8010
1751472000000,141.0338
1751475600000,140.7003
1751479200000,140.6018
1751482800000,140.2279
1751486400000,140.2027
1751490000000,140.1410
1751493600000,140.0344
1751497200000,140.2295
1751500800000,140.2074
1751504400000,140.1709
1751508000000,140.1907
1751511600000,140.2883
1751515200000,140.2615
1751518800000,140.1438
1751522400000,140.0401
1751526000000,140.0535
1751529600000,140.2440
1751533200000,140.4426
1751536800000,140.3602
1751540400000,140.1891
1751544000000,140.0732
1751547600000,140.0902
1751551200000,140.3379
1751554800000,140.1529
1751558400000,140.3045
1751562000000,140.3682
1751565600000,140.3688
1751569200000,140.4963
1751572800000,140.3060
1751576400000,140.4032
1751580000000,140.4530
1751583600000,140.4428
1751587200000,140.3483
1751590800000,140.3066
1751594400000,140.3705
1751598000000,140.4346
1751601600000,140.3144
1751605200000,140.3835
1751608800000,140.4351
1751612400000,140.5990
1751616000000,140.5199
1751619600000,140.5409
1751623200000,140.6671
1751626800000,140.6770
1751630400000,140.5579
1751634000000,140.4259
1751637600000,140.5227
1751641200000,140.5384
1751644800000,140.7820
1751648400000,140.8079
1751652000000,140.7224
1751655600000,140.7620
1751659200000,140.7867
1751662800000,140.7767
1751666400000,140.5474
1751670000000,140.6385
1751673600000,140.6449
1751677200000,140.5956
1751680800000,140.5449
1751684400000,140.6933
1751688000000,140.6730
1751691600000,140.6300
1751695200000,140.5587
1751698800000,140.4639
1751702400000,140.5465
1751706000000,140.5329
1751709600000,140.5777
1751713200000,140.6260
1751716800000,140.6234
1751720400000,140.6574
1751724000000,140.6297
1751727600000,140.7392
1751731200000,140.7495
1751734800000,140.7808
1751738400000,140.8922
1751742000000,140.7979
1751745600000,140.8279
1751749200000,140.6781
1751752800000,140.7110
1751756400000,140.7636
1751760000000,140.7261
1751763600000,140.7140
1751767200000,140.6595
1751770800000,140.6266
1751774400000,140.5792
1751778000000,140.6378
1751781600000,140.5583
1751785200000,140.5522
1751788800000,140.6338
1751792400000,140.6223
1751796000000,140.7262
1751799600000,140.7354
1751803200000,140.8064
1751806800000,140.5753
1751810400000,140.6073
1751814000000,140.7392
1751817600000,140.8912
1751821200000,140.9785
1751824800000,141.0367
1751828400000,140.9486
1751832000000,140.7566
1751835600000,140.2773
1751839200000,140.4710
1751842800000,140.6601
1751846400000,140.5298
1751850000000,140.5668
1751853600000,140.5166
1751857200000,140.4241
1751860800000,140.4110
1751864400000,140.4787
1751868000000,140.4219
1751871600000,140.4020
1751875200000,140.2878
1751878800000,140.4050
1751882400000,140.5473
1751886000000,140.4865
1751889600000,140.5745
1751893200000,140.3869
1751896800000,140.7412
1751900400000,140.6703
1751904000000,140.5934
1751907600000,140.5280
1751911200000,140.4759
1751914800000,140.5389
1751918400000,140.4939
1751922000000,140.5867
1751925600000,140.5814
1751929200000,140.6395
1751932800000,140.7082
1751936400000,140.5012
1751940000000,140.4826
1751943600000,140.4512
1751947200000,140.3770
1751950800000,140.2870
1751954400000,140.2292
1751958000000,140.4170
1751961600000,140.5244
1751965200000,140.4825
1751968800000,140.3347
1751972400000,140.1966
1751976000000,140.1311
1751979600000,140.0980
1751983200000,140.0351
1751986800000,139.9584
1751990400000,139.8401
1751994000000,139.4297
1751997600000,139.4013
1752001200000,139.4620
1752004800000,139.4810
1752008400000,139.4588
1752012000000,139.4619
1752015600000,139.4114
1752019200000,139.5337
1752022800000,139.5593
1752026400000,139.5920
1752030000000,139.7163
1752033600000,139.6039
1752037200000,139.3467
1752040800000,139.2710
1752044400000,139.2693
1752048000000,139.3826
1752051600000,139.3872
1752055200000,139.3439
1752058800000,139.2998
1752062400000,138.8033
1752066000000,138.8035
1752069600000,138.7729
1752073200000,138.6222
1752076800000,138.6248
1752080400000,138.5854
1752084000000,137.8651
1752087600000,138.3234
1752091200000,138.1436
1752094800000,137.9756
1752098400000,137.9345
1752102000000,137.9731
1752105600000,138.1444
1752109200000,137.9002
1752112800000,137.8351
1752116400000,137.8983
1752120000000,138.0233
1752123600000,137.9900
1752127200000,137.5909
1752130800000,137.7751
1752134400000,137.8647
1752138000000,137.9024
1752141600000,137.7177
1752145200000,137.7881
1752148800000,137.7905
1752152400000,137.5781
1752156000000,137.8948
1752159600000,138.0035
1752163200000,138.1266
1752166800000,138.4517
1752170400000,138.6911
1752174000000,138.5718
1752177600000,138.6514
1752181200000,137.7549
1752184800000,137.6764
1752188400000,138.0122
1752192000000,138.2471
1752195600000,138.1846
1752199200000,138.3888
1752202800000,138.3391
1752206400000,138.3421
1752210000000,138.4113
1752213600000,138.2275
1752217200000,138.3138
1752220800000,138.1001
1752224400000,138.1949
1752228000000,138.2058
1752231600000,138.4148
1752235200000,138.5004
1752238800000,138.3249
1752242400000,138.6344
1752246000000,138.5348
1752249600000,138.9575
1752253200000,138.7034
1752256800000,138.7104
1752260400000,138.5310
1752264000000,138.7403
1752267600000,138.6902
1752271200000,138.7933
1752274800000,138.8926
1752278400000,139.0696
1752282000000,139.2256
1752285600000,139.1812
1752289200000,139.2567
1752292800000,139.2305
1752296400000,139.2378
1752300000000,139.3002
1752303600000,139.2183
1752307200000,139.0626
1752310800000,139.1779
1752314400000,139.1071
1752318000000,139.0641
1752321600000,139.0381
1752325200000,139.0015
1752328800000,139.0293
1752332400000,138.8271
1752336000000,138.9114
1752339600000,138.9169
1752343200000,138.8732
1752346800000,138.8099
1752350400000,138.7488
1752354000000,138.7826
1752357600000,138.8309
1752361200000,138.8131
1752364800000,138.8258
1752368400000,138.8696
1752372000000,138.8308
1752375600000,138.8201
1752379200000,138.8632
1752382800000,139.0108
1752386400000,138.9590
1752390000000,139.0278
1752393600000,139.1037
1752397200000,139.0603
1752400800000,139.1768
1752404400000,139.1096
1752408000000,138.9316
1752411600000,138.9546
1752415200000,139.0413
1752418800000,138.8641
1752422400000,138.9472
1752426000000,138.8398
1752429600000,139.0258
1752433200000,139.0827
1752436800000,139.1588
1752440400000,139.3901
1752444000000,139.3526
1752447600000,139.4978
1752451200000,139.3569
1752454800000,139.3193
1752458400000,139.2589
1752462000000,139.4172
1752465600000,139.5851
1752469200000,140.1723
1752472800000,140.3149
1752476400000,140.8817
1752480000000,140.7656
1752483600000,140.3846
1752487200000,140.0326
1752490800000,140.0236
1752494400000,140.2168
1752498000000,139.9763
1752501600000,139.8695
1752505200000,139.1409
1752508800000,139.1440
1752512400000,139.1964
1752516000000,139.2174
1752519600000,139.2085
1752523200000,139.3141
1752526800000,139.1797
1752530400000,139.0748
1752534000000,138.8422
1752537600000,138.9565
1752541200000,138.6344
1752544800000,138.4124
1752548400000,138.0685
1752552000000,138.1198
1752555600000,137.8646
1752559200000,137.5806
1752562800000,137.3724
1752566400000,137.4436
1752570000000,137.2633
1752573600000,137.5470
1752577200000,137.5548
1752580800000,137.3117
1752584400000,137.0495
1752588000000,136.9576
1752591600000,136.3128
1752595200000,136.6422
1752598800000,136.0746
1752602400000,136.1611
1752606000000,136.4187
1752609600000,136.4372
1752613200000,136.5373
1752616800000,136.5422
1752620400000,135.6075
1752624000000,135.8892
1752627600000,135.5972
1752631200000,135.6553
1752634800000,135.7401
1752638400000,135.5058
1752642000000,135.5089
1752645600000,135.4164
1752649200000,135.5052
1752652800000,135.7768
1752656400000,136.1885
1752660000000,136.1946
1752663600000,136.1694
1752667200000,135.7055
1752670800000,135.3979
1752674400000,136.3561
1752678000000,136.1400
1752681600000,136.2932
1752685200000,136.5525
1752688800000,136.8930
1752692400000,136.7020
1752696000000,137.4686
1752699600000,137.1670
1752703200000,136.7229
1752706800000,136.5618
1752710400000,137.3304
1752714000000,136.7472
1752717600000,137.1697
1752721200000,136.4085
1752724800000,136.6978
1752728400000,136.8545
1752732000000,137.4180
1752735600000,137.3437
1752739200000,137.1298
1752742800000,137.5321
1752746400000,136.9845
1752750000000,136.9534
1752753600000,137.0028
1752757200000,137.2644
1752760800000,137.8295
1752764400000,137.6395
1752768000000,137.0665
1752771600000,137.6343
1752775200000,137.8722
1752778800000,137.2410
1752782400000,137.4896
1752786000000,138.4020
1752789600000,138.1932
1752793200000,137.7212
1752796800000,138.5618
1752800400000,139.1457
1752804000000,138.9843
1752807600000,139.3911
1752811200000,140.0111
1752814800000,140.4173
1752818400000,140.0863
1752822000000,139.2772
1752825600000,138.6250
1752829200000,138.9612
1752832800000,139.1717
1752836400000,138.9489
1752840000000,140.0423
1752843600000,140.2380
1752847200000,139.2664
1752850800000,138.4136
1752854400000,138.6952
1752858000000,138.5414
1752861600000,137.9990
1752865200000,137.7415
1752868800000,137.2631
1752872400000,137.9575
1752876000000,137.8550
1752879600000,137.8476
1752883200000,137.1898
1752886800000,137.6036
1752890400000,137.9853
1752894000000,138.4056
1752897600000,138.4789
1752901200000,138.3379
1752904800000,138.1135
1752908400000,138.1408
1752912000000,137.9799
1752915600000,138.2037
1752919200000,138.5426
1752922800000,138.5435
1752926400000,138.8994
1752930000000,138.4127
1752933600000,137.6500
1752937200000,137.9758
1752940800000,138.0354
1752944400000,137.7285
1752948000000,137.8681
1752951600000,138.2291
1752955200000,137.9690
1752958800000,137.7813
1752962400000,137.9842
1752966000000,138.0563
1752969600000,138.1741
1752973200000,138.5156
1752976800000,138.7600
1752980400000,138.8441
1752984000000,138.7635
1752987600000,138.8492
1752991200000,138.7256
1752994800000,139.0105
1752998400000,139.5274
1753002000000,139.2758
1753005600000,138.9828
1753009200000,139.2486
1753012800000,139.2482
1753016400000,139.5338
1753020000000,139.3480
1753023600000,139.7805
1753027200000,140.0299
1753030800000,139.2222
1753034400000,139.5401
1753038000000,139.7028
1753041600000,139.6645
1753045200000,140.0899
1753048800000,139.5705
1753052400000,139.5763
1753056000000,139.5308
1753059600000,139.1148
1753063200000,140.0716
1753066800000,140.5800
1753070400000,140.3491
1753074000000,140.4826
1753077600000,140.9907
1753081200000,140.8060
1753084800000,140.9036
1753088400000,140.8635
1753092000000,141.6547
1753095600000,140.8628
1753099200000,141.1717
1753102800000,141.6843
1753106400000,141.9485
1753110000000,141.9477
1753113600000,141.4721
1753117200000,141.5363
1753120800000,141.3464
1753124400000,141.0343
1753128000000,140.8567
1753131600000,141.3440
1753135200000,141.3979
1753138800000,141.5396
1753142400000,141.5235
1753146000000,141.5112
1753149600000,141.7208
1753153200000,141.4840
1753156800000,141.2416
1753160400000,141.5222
1753164000000,142.1321
1753167600000,142.3942
1753171200000,142.9422
1753174800000,142.9377
1753178400000,142.7946
1753182000000,142.9959
1753185600000,142.9901
1753189200000,142.9531
1753192800000,142.8493
1753196400000,142.6102
1753200000000,142.8329
1753203600000,143.2235
1753207200000,143.7052
1753210800000,143.9314
1753214400000,143.9691
1753218000000,143.8103
1753221600000,143.8478
1753225200000,144.1591
1753228800000,145.0911
1753232400000,145.0911
1753236000000,144.7488
1753239600000,144.8728
1753243200000,145.1124
1753246800000,145.0275
1753250400000,145.0745
1753254000000,145.3345
1753257600000,145.0556
1753261200000,145.2177
1753264800000,145.7576
1753268400000,146.3138
1753272000000,145.6778
1753275600000,145.2343
1753279200000,145.5797
1753282800000,145.1867
1753286400000,144.6356
1753290000000,144.9170
1753293600000,145.1029
1753297200000,145.0145
1753300800000,144.5799
1753304400000,144.7374
1753308000000,144.9780
1753311600000,144.9952
1753315200000,145.3509
1753318800000,145.3301
1753322400000,145.1559
1753326000000,144.8807
1753329600000,144.3149
1753333200000,143.8945
1753336800000,143.8566
1753340400000,144.2303
1753344000000,144.2793
1753347600000,144.1005
1753351200000,144.0681
1753354800000,144.1604
1753358400000,144.2187
1753362000000,144.0134
1753365600000,143.6795
1753369200000,143.8574
1753372800000,143.9829
1753376400000,144.1580
1753380000000,143.9091
1753383600000,143.8144
1753387200000,143.8033
1753390800000,143.5915
1753394400000,143.5729
1753398000000,143.3921
1753401600000,143.5019
1753405200000,143.1969
1753408800000,143.0109
1753412400000,142.7786
1753416000000,142.8680
1753419600000,142.5349
1753423200000,142.5599
1753426800000,142.5483
1753430400000,142.2813
1753434000000,142.2054
1753437600000,142.3003
1753441200000,142.5056
1753444800000,142.7106
1753448400000,142.7331
1753452000000,142.4071
1753455600000,142.9507
1753459200000,143.5089
1753462800000,143.6940
1753466400000,143.6913
1753470000000,143.8057
1753473600000,143.5535
1753477200000,143.2616
1753480800000,143.5711
1753484400000,143.7719
1753488000000,143.5201
1753491600000,143.4509
1753495200000,143.3559
1753498800000,143.4037
1753502400000,143.1892
1753506000000,143.0945
1753509600000,143.2898
1753513200000,143.2291
1753516800000,143.1533
1753520400000,143.2025
1753524000000,143.2373
1753527600000,143.4111
1753531200000,143.4847
1753534800000,143.5165
1753538400000,143.6026
1753542000000,143.5840
1753545600000,143.5781
1753549200000,143.5937
1753552800000,143.5517
1753556400000,143.6521
1753560000000,143.6061
1753563600000,143.7267
1753567200000,143.9762
1753570800000,144.1767
1753574400000,144.2325
1753578000000,144.2169
1753581600000,143.8562
1753585200000,143.9083
1753588800000,143.8216
1753592400000,143.8984
1753596000000,144.0570
1753599600000,144.0864
1753603200000,144.0597
1753606800000,143.8939
1753610400000,143.5516
1753614000000,143.4627
1753617600000,143.2471
1753621200000,143.4341
1753624800000,143.7251
1753628400000,144.7829
1753632000000,145.2583
1753635600000,145.2656
1753639200000,145.3460
1753642800000,145.7748
1753646400000,145.7767
1753650000000,146.2923
1753653600000,146.1162
1753657200000,146.2378
1753660800000,146.1911
1753664400000,146.4623
1753668000000,146.0084
1753671600000,145.9348
1753675200000,145.5656
1753678800000,145.8403
1753682400000,146.1141
1753686000000,146.4825
1753689600000,146.6823
1753693200000,146.3638
1753696800000,145.9151
1753700400000,146.3033
1753704000000,146.3821
1753707600000,146.1403
1753711200000,146.1043
1753714800000,146.0834
1753718400000,146.1738
1753722000000,145.9668
1753725600000,145.8601
1753729200000,145.9036
1753732800000,145.5341
1753736400000,145.6463
1753740000000,145.5258
1753743600000,145.3968
1753747200000,146.0483
1753750800000,145.9595
1753754400000,145.5072
1753758000000,146.1012
1753761600000,146.0748
1753765200000,146.1362
1753768800000,145.6673
1753772400000,144.7687
1753776000000,144.9539
1753779600000,145.2622
1753783200000,144.9680
1753786800000,145.3988
1753790400000,144.9383
1753794000000,144.5335
1753797600000,144.7382
1753801200000,144.4392
1753804800000,144.8145
1753808400000,145.1287
1753812000000,144.5480
1753815600000,144.3288
1753819200000,144.2753
1753822800000,144.3525
1753826400000,144.2725
1753830000000,144.2271
1753833600000,144.4332
1753837200000,144.4358
1753840800000,144.1565
1753844400000,143.9672
1753848000000,143.7065
1753851600000,143.7479
1753855200000,143.9227
1753858800000,143.7700
1753862400000,144.0225
1753866000000,144.0497
1753869600000,143.8358
1753873200000,143.5061
1753876800000,142.9861
1753880400000,143.1677
1753884000000,143.5968
1753887600000,143.3024
1753891200000,143.2381
1753894800000,143.1989
1753898400000,142.8298
1753902000000,142.9934
1753905600000,142.9678
1753909200000,143.2243
1753912800000,143.3423
1753916400000,143.2353
1753920000000,143.2228
1753923600000,143.0902
1753927200000,142.9881
1753930800000,143.1227
1753934400000,143.2653
1753938000000,143.2832
1753941600000,143.3541
1753945200000,143.5008
1753948800000,143.8638
1753952400000,144.0958
1753956000000,143.6059
1753959600000,143.5218
1753963200000,143.5754
1753966800000,143.7720
1753970400000,143.5721
1753974000000,144.1143
1753977600000,144.8497
1753981200000,144.2787
1753984800000,144.1072
1753988400000,143.9292
1753992000000,143.7497
1753995600000,143.7487
1753999200000,143.4146
1754002800000,143.2082
1754006400000,143.6210
1754010000000,143.4090
1754013600000,143.3649
1754017200000,143.1180
1754020800000,143.1942
1754024400000,143.0838
1754028000000,142.9702
1754031600000,142.9605
1754035200000,142.8425
1754038800000,142.9888
1754042400000,142.9397
1754046000000,143.0326
1754049600000,143.0354
1754053200000,142.5958
1754056800000,142.9853
1754060400000,142.9334
1754064000000,142.9818
1754067600000,142.7831
1754071200000,142.9204
1754074800000,143.2214
1754078400000,143.0421
1754082000000,143.0383
1754085600000,143.1629
1754089200000,143.3505
1754092800000,143.7543
1754096400000,143.5966
1754100000000,143.4999
1754103600000,143.5167
1754107200000,143.8504
1754110800000,143.7900
1754114400000,143.3846
1754118000000,143.3389
1754121600000,143.2460
1754125200000,143.2975
1754128800000,143.2621
1754132400000,143.2315
1754136000000,143.0702
1754139600000,142.9870
1754143200000,142.8144
1754146800000,142.6741
1754150400000,142.9342
1754154000000,142.9630
1754157600000,143.0847
1754161200000,143.0654
1754164800000,143.1004
1754168400000,143.0849
1754172000000,143.0359
1754175600000,142.9983
1754179200000,143.2358
1754182800000,143.1583
1754186400000,143.2095
1754190000000,143.2516
1754193600000,143.1238
1754197200000,143.2933
1754200800000,143.3535
1754204400000,143.3790
1754208000000,143.3279
1754211600000,143.2130
1754215200000,143.2008
1754218800000,143.0799
1754222400000,143.1717
1754226000000,143.1697
1754229600000,143.1964
1754233200000,143.2518
1754236800000,143.1986
1754240400000,143.3322
1754244000000,143.3864
1754247600000,143.3918
1754251200000,143.3993
1754254800000,143.3924
1754258400000,143.2741
1754262000000,143.2481
1754265600000,143.3298
1754269200000,143.0850
1754272800000,142.8166
1754276400000,142.7738
1754280000000,142.9294
1754283600000,143.0362
1754287200000,143.0003
1754290800000,143.0657
1754294400000,143.1283
1754298000000,142.9887
1754301600000,142.8646
1754305200000,142.8391
1754308800000,142.7861
1754312400000,142.5628
1754316000000,142.1894
1754319600000,142.0509
1754323200000,142.2380
1754326800000,142.1311
1754330400000,141.9652
1754334000000,141.7864
1754337600000,141.6246
1754341200000,141.7150
1754344800000,141.5812
1754348400000,141.6970
1754352000000,141.8363
1754355600000,141.7651
1754359200000,141.9761
1754362800000,141.7928
1754366400000,141.9186
1754370000000,141.8896
1754373600000,141.9633
1754377200000,141.9778
1754380800000,141.8448
1754384400000,141.9317
1754388000000,141.8389
1754391600000,142.0181
1754395200000,141.8184
1754398800000,141.6878
1754402400000,141.4754
1754406000000,141.5875
1754409600000,141.7326
1754413200000,141.6509
1754416800000,141.8293
1754420400000,141.8188
1754424000000,141.7417
1754427600000,141.8031
1754431200000,141.9256
1754434800000,141.9194
1754438400000,142.0798
1754442000000,141.7495
1754445600000,141.7488
1754449200000,141.5901
1754452800000,141.9197
1754456400000,141.8731
1754460000000,141.9421
1754463600000,142.0865
1754467200000,141.9930
1754470800000,142.1983
1754474400000,142.3113
1754478000000,142.3010
1754481600000,142.4652
1754485200000,142.5819
1754488800000,142.9267
1754492400000,142.6695
1754496000000,142.7075
1754499600000,142.7590
1754503200000,142.7548
1754506800000,142.6030
1754510400000,142.5236
1754514000000,142.4717
1754517600000,142.2733
1754521200000,142.2468
1754524800000,142.5185
1754528400000,142.4029
1754532000000,142.2805
1754535600000,142.2154
1754539200000,142.0226
1754542800000,141.8386
1754546400000,141.7310
1754550000000,141.7912
1754553600000,141.4715
1754557200000,141.3860
1754560800000,141.4358
1754564400000,141.4108
1754568000000,140.9734
1754571600000,141.0065
1754575200000,141.0598
1754578800000,141.2604
1754582400000,141.2042
1754586000000,141.2928
1754589600000,141.4946
1754593200000,141.5072
1754596800000,141.3357
1754600400000,141.4630
1754604000000,141.2890
1754607600000,141.4505
1754611200000,141.3465
1754614800000,141.1095
1754618400000,141.0500
1754622000000,140.5794
1754625600000,140.9024
1754629200000,140.9419
1754632800000,141.2182
1754636400000,141.1502
1754640000000,141.1104
1754643600000,141.0869
1754647200000,141.1781
1754650800000,141.1251
1754654400000,141.0591
1754658000000,140.2670
1754661600000,140.0228
1754665200000,140.0310
1754668800000,139.8856
1754672400000,139.8111
1754676000000,139.2838
1754679600000,139.3566
1754683200000,139.6398
1754686800000,139.9306
1754690400000,140.0106
1754694000000,140.0404
1754697600000,139.9237
1754701200000,139.8920
1754704800000,139.7757
1754708400000,139.5750
1754712000000,139.4573
1754715600000,138.7002
1754719200000,138.6633
1754722800000,138.8982
1754726400000,138.6758
1754730000000,138.8180
1754733600000,138.9823
1754737200000,138.9236
1754740800000,139.0508
1754744400000,138.9151
1754748000000,138.5950
1754751600000,138.2143
1754755200000,137.9536
1754758800000,137.6439
1754762400000,137.6387
1754766000000,137.2592
1754769600000,137.0894
1754773200000,136.8288
1754776800000,136.1586
1754780400000,136.1504
1754784000000,136.7037
1754787600000,136.8547
1754791200000,137.1390
1754794800000,137.8714
1754798400000,138.1341
1754802000000,137.7532
1754805600000,137.4763
1754809200000,136.7731
1754812800000,137.2990
1754816400000,137.2468
1754820000000,136.8143
1754823600000,136.9822
1754827200000,137.3247
1754830800000,136.9370
1754834400000,137.3520
1754838000000,137.4024
1754841600000,137.3001
1754845200000,137.2761
1754848800000,137.3336
1754852400000,137.3962
1754856000000,137.2001
1754859600000,137.3553
1754863200000,137.7636
1754866800000,137.9549
1754870400000,137.8398
1754874000000,138.5566
1754877600000,140.2930
1754881200000,139.9565
1754884800000,140.0617
1754888400000,140.0632
1754892000000,140.2080
1754895600000,139.2480
1754899200000,139.5796
1754902800000,139.1625
1754906400000,138.7646
1754910000000,137.7803
1754913600000,137.4506
1754917200000,137.7549
1754920800000,138.1148
1754924400000,138.4177
1754928000000,138.3276
1754931600000,137.8989
1754935200000,138.3518
1754938800000,137.8049
1754942400000,137.7536
1754946000000,137.4154
1754949600000,137.4774
1754953200000,137.5455
1754956800000,138.2542
1754960400000,138.0047
1754964000000,138.2157
1754967600000,137.8402
1754971200000,138.2085
1754974800000,137.7017
1754978400000,137.7472
1754982000000,137.8643
1754985600000,137.6228
1754989200000,137.1703
1754992800000,137.1480
1754996400000,137.3469
1755000000000,138.4063
1755003600000,138.0315
1755007200000,138.4874
1755010800000,139.1326
1755014400000,139.3688
1755018000000,139.1673
1755021600000,139.3908
1755025200000,139.7529
1755028800000,140.3636
1755032400000,139.8616
1755036000000,140.1513
1755039600000,140.0064
1755043200000,140.0104
1755046800000,139.5954
1755050400000,140.0263
1755054000000,139.9747
1755057600000,139.9773
1755061200000,139.7924
1755064800000,139.8438
1755068400000,140.7134
1755072000000,141.2686
1755075600000,141.3500
1755079200000,141.5964
1755082800000,141.6918
1755086400000,141.4087
1755090000000,142.1126
1755093600000,141.2452
1755097200000,140.9499
1755100800000,141.3102
1755104400000,141.4981
1755108000000,141.1627
1755111600000,142.0032
1755115200000,141.7937
1755118800000,141.8214
1755122400000,142.1747
1755126000000,142.4370
1755129600000,142.5073
1755133200000,142.3688
1755136800000,142.9114
1755140400000,142.9235
1755144000000,142.7426
1755147600000,142.1481
1755151200000,142.8302
1755154800000,142.4076
1755158400000,142.4284
1755162000000,142.9120
1755165600000,142.1464
1755169200000,142.3476
1755172800000,139.5946
1755176400000,140.0323
1755180000000,140.7847
1755183600000,140.1467
1755187200000,139.1748
1755190800000,139.1078
1755194400000,139.5295
1755198000000,139.4202
1755201600000,139.0974
1755205200000,138.8668
1755208800000,139.6482
1755212400000,139.7270
1755216000000,139.4848
1755219600000,140.1502
1755223200000,139.9382
1755226800000,140.5677
1755230400000,140.5552
1755234000000,140.5971
1755237600000,140.8556
1755241200000,140.5275
1755244800000,140.6446
1755248400000,140.2864
1755252000000,140.3426
1755255600000,140.2602
1755259200000,140.0824
1755262800000,138.9434
1755266400000,138.4540
1755270000000,137.8282
1755273600000,137.8640
1755277200000,138.3530
1755280800000,137.9406
1755284400000,137.8164
1755288000000,138.3439
1755291600000,138.3302
1755295200000,138.8380
1755298800000,138.4678
1755302400000,139.0578
1755306000000,139.2357
1755309600000,138.8095
1755313200000,138.7721
1755316800000,139.2843
1755320400000,138.8945
1755324000000,138.7921
1755327600000,139.0852
1755331200000,139.1012
1755334800000,138.5758
1755338400000,138.5007
1755342000000,138.3933
1755345600000,138.8166
1755349200000,138.6503
1755352800000,139.1116
1755356400000,138.8722
1755360000000,139.0606
1755363600000,139.0192
1755367200000,139.0753
1755370800000,139.0527
1755374400000,139.1579
1755378000000,138.9872
1755381600000,139.1048
1755385200000,139.2109
1755388800000,139.7179
1755392400000,139.8825
1755396000000,139.8223
1755399600000,139.7351
1755403200000,140.1823
1755406800000,140.0802
1755410400000,140.1540
1755414000000,140.5191
1755417600000,140.8474
1755421200000,141.1670
1755424800000,141.0745
1755428400000,141.1403
1755432000000,140.8778
1755435600000,140.9534
1755439200000,140.8369
1755442800000,141.0118
1755446400000,140.5670
1755450000000,140.5458
1755453600000,140.1705
1755457200000,140.1209
1755460800000,140.2097
1755464400000,140.3719
1755468000000,140.7418
1755471600000,140.3320
1755475200000,140.3928
1755478800000,139.0779
1755482400000,138.2665
1755486000000,138.1042
1755489600000,138.2950
1755493200000,138.2432
1755496800000,137.6169
1755500400000,137.6888
1755504000000,137.7616
1755507600000,137.7576
1755511200000,137.6852
1755514800000,137.6636
1755518400000,138.4624
1755522000000,137.6526
1755525600000,138.4411
1755529200000,138.8767
1755532800000,138.6336
1755536400000,139.2592
1755540000000,139.2771
1755543600000,139.1540
1755547200000,139.2180
1755550800000,139.3733
1755554400000,139.8074
1755558000000,139.2550
1755561600000,139.5521
1755565200000,138.7792
1755568800000,139.2764
1755572400000,138.2999
1755576000000,138.9837
1755579600000,138.4848
1755583200000,138.3563
1755586800000,138.1294
1755590400000,138.3983
1755594000000,138.6900
1755597600000,138.7127
1755601200000,138.9037
1755604800000,138.8533
1755608400000,138.5119
1755612000000,137.1280
1755615600000,137.1955
1755619200000,136.7160
1755622800000,137.1730
1755626400000,136.5745
1755630000000,136.9539
1755633600000,137.3290
1755637200000,137.3404
1755640800000,137.1275
1755644400000,136.2555
1755648000000,136.4954
1755651600000,136.5958
1755655200000,136.9239
1755658800000,136.9232
1755662400000,136.4579
1755666000000,136.2393
1755669600000,136.3503
1755673200000,136.1209
1755676800000,135.6908
1755680400000,135.4589
1755684000000,135.7096
1755687600000,135.8785
1755691200000,135.8591
1755694800000,135.7763
1755698400000,135.4322
1755702000000,135.1163
1755705600000,135.2170
1755709200000,135.1667
1755712800000,135.9737
1755716400000,136.5939
1755720000000,136.7438
1755723600000,137.1714
1755727200000,136.8840
1755730800000,136.7147
1755734400000,137.2107
1755738000000,137.7812
1755741600000,137.1338
1755745200000,136.9000
1755748800000,136.6832
1755752400000,136.4735
1755756000000,136.6021
1755759600000,136.4638
1755763200000,136.2852
1755766800000,135.9852
1755770400000,135.7371
1755774000000,135.8526
1755777600000,135.9877
1755781200000,136.1690
1755784800000,135.9164
1755788400000,135.5678
1755792000000,135.4336
1755795600000,135.4194
1755799200000,135.1550
1755802800000,135.2030
1755806400000,135.2190
1755810000000,135.3511
1755813600000,135.3338
1755817200000,135.5079
1755820800000,135.4791
1755824400000,135.6775
1755828000000,135.5729
1755831600000,135.4195
1755835200000,135.5732
1755838800000,135.6791
1755842400000,135.5262
1755846000000,135.2164
1755849600000,135.1953
1755853200000,135.0637
1755856800000,135.1186
1755860400000,135.4012
1755864000000,135.7424
1755867600000,135.3734
1755871200000,134.2320
1755874800000,134.6861
1755878400000,133.5161
1755882000000,133.8639
1755885600000,133.7650
1755889200000,133.2894
1755892800000,133.3475
1755896400000,133.3918
1755900000000,133.6742
1755903600000,133.7592
1755907200000,133.4458
1755910800000,133.4589
1755914400000,133.7667
1755918000000,133.7760
1755921600000,133.5778
1755925200000,133.7563
1755928800000,133.6466
1755932400000,133.9164
1755936000000,134.0116
1755939600000,133.9776
1755943200000,133.7901
1755946800000,133.8742
1755950400000,133.8547
1755954000000,133.7538
1755957600000,133.3270
1755961200000,133.1125
1755964800000,133.0218
1755968400000,132.7989
1755972000000,132.8333
1755975600000,132.8470
1755979200000,132.9374
1755982800000,132.7191
1755986400000,132.5844
1755990000000,132.5656
1755993600000,132.6071
1755997200000,132.7124
1756000800000,132.2027
1756004400000,132.1592
1756008000000,132.2910
1756011600000,132.1563
1756015200000,131.9785
1756018800000,131.9605
1756022400000,131.6610
1756026000000,131.6728
1756029600000,131.6682
1756033200000,131.4941
1756036800000,131.3635
1756040400000,131.2546
1756044000000,131.2366
1756047600000,131.0919
1756051200000,130.7496
1756054800000,130.1974
1756058400000,130.2745
1756062000000,130.2465
1756065600000,130.6072
1756069200000,131.1476
1756072800000,131.4877
1756076400000,131.4548
1756080000000,131.8338
1756083600000,131.7533
1756087200000,131.7595
1756090800000,131.8195
1756094400000,131.9300
1756098000000,131.7116
1756101600000,131.7940
1756105200000,131.7891
1756108800000,131.7696
1756112400000,131.7973
1756116000000,131.7255
1756119600000,131.3130
1756123200000,131.4075
1756126800000,131.4290
1756130400000,132.0038
1756134000000,132.1338
1756137600000,132.6190
1756141200000,132.5728
1756144800000,132.7910
1756148400000,133.2263
1756152000000,132.5856
1756155600000,132.7983
1756159200000,132.6155
1756162800000,132.6239
1756166400000,132.3420
1756170000000,132.3186
1756173600000,132.6729
1756177200000,132.5169
1756180800000,132.3036
1756184400000,132.3453
1756188000000,132.2199
1756191600000,132.2653
1756195200000,132.3062
1756198800000,132.3990
1756202400000,132.1047
1756206000000,132.0456
1756209600000,131.6707
1756213200000,131.7758
1756216800000,131.3716
1756220400000,131.3206
1756224000000,131.4803
1756227600000,131.5414
1756231200000,131.7616
1756234800000,131.6807
1756238400000,132.0887
1756242000000,131.9000
1756245600000,132.2294
1756249200000,132.0962
1756252800000,132.1136
1756256400000,132.1791
1756260000000,132.0508
1756263600000,131.8152
1756267200000,131.7002
1756270800000,131.6098
1756274400000,131.6484
1756278000000,131.5018
1756281600000,131.3315
1756285200000,131.4619
1756288800000,131.5673
1756292400000,131.5402
1756296000000,131.4914
1756299600000,131.7671
1756303200000,131.8836
1756306800000,131.5802
1756310400000,131.9216
1756314000000,132.1184
1756317600000,132.2399
1756321200000,132.4793
1756324800000,132.5247
1756328400000,132.6524
1756332000000,132.5225
1756335600000,132.5010
1756339200000,132.6141
1756342800000,132.6247
1756346400000,132.6250
1756350000000,132.9502
1756353600000,133.2787
1756357200000,133.2299
1756360800000,133.3971
1756364400000,133.0686
1756368000000,133.0259
1756371600000,132.8828
1756375200000,132.9989
1756378800000,133.3027
1756382400000,133.5421
1756386000000,133.4974
1756389600000,133.7514
1756393200000,134.0230
1756396800000,134.0434
1756400400000,134.4333
1756404000000,134.2114
1756407600000,134.4141
1756411200000,134.2258
1756414800000,134.1551
1756418400000,134.2848
1756422000000,134.1139
1756425600000,134.4106
1756429200000,134.3204
1756432800000,133.9522
1756436400000,133.9802
1756440000000,133.8559
1756443600000,133.7662
1756447200000,133.7539
1756450800000,133.5928
1756454400000,133.7237
1756458000000,133.9489
1756461600000,133.9116
1756465200000,133.8904
1756468800000,134.0148
1756472400000,133.7936
1756476000000,134.0263
1756479600000,133.7251
1756483200000,133.6458
1756486800000,133.4363
1756490400000,133.3849
1756494000000,133.3472
1756497600000,133.2395
1756501200000,133.2074
1756504800000,133.1819
1756508400000,133.4265
1756512000000,133.4342
1756515600000,133.6031
1756519200000,133.4935
1756522800000,133.4370
1756526400000,133.2665
1756530000000,132.9584
1756533600000,132.8735
1756537200000,132.8647
1756540800000,132.9081
1756544400000,132.9383
1756548000000,132.9318
1756551600000,133.0549
1756555200000,133.0044
1756558800000,133.0770
1756562400000,133.1976
1756566000000,133.2628
1756569600000,133.3132
1756573200000,133.3388
1756576800000,133.5046
1756580400000,133.4919
1756584000000,133.5445
1756587600000,133.5770
1756591200000,133.4757
1756594800000,133.4385
1756598400000,132.6398
1756602000000,132.7624
1756605600000,132.7434
1756609200000,132.3026
1756612800000,132.2149
1756616400000,132.2849
1756620000000,132.4217
1756623600000,132.2559
1756627200000,132.2851
1756630800000,132.0577
1756634400000,132.1409
1756638000000,131.8878
1756641600000,131.7240
1756645200000,132.0011
1756648800000,132.1275
1756652400000,132.0864
1756656000000,132.5299
1756659600000,132.4253
1756663200000,132.3958
1756666800000,132.6597
1756670400000,132.8822
1756674000000,132.6830
1756677600000,132.7408
1756681200000,132.7086
1756684800000,132.8527
1756688400000,132.5890
1756692000000,132.3950
1756695600000,132.2376
1756699200000,132.0765
1756702800000,132.2411
1756706400000,132.3834
1756710000000,132.8404
1756713600000,132.6246
1756717200000,132.7051
1756720800000,132.4192
1756724400000,132.6071
1756728000000,132.6765
1756731600000,132.7926
1756735200000,132.7426
1756738800000,132.6813
1756742400000,132.7995
1756746000000,133.1277
1756749600000,133.0765
1756753200000,132.9293
1756756800000,133.5129
1756760400000,133.2638
1756764000000,133.3163
1756767600000,133.3639
1756771200000,133.3997
1756774800000,133.4816
1756778400000,133.7218
1756782000000,133.6075
1756785600000,133.4176
1756789200000,133.3397
1756792800000,133.2449
1756796400000,133.6100
1756800000000,133.4936
1756803600000,133.2492
1756807200000,133.2231
1756810800000,133.2991
1756814400000,133.3636
1756818000000,133.7436
1756821600000,134.1642
1756825200000,134.3616
1756828800000,134.3430
1756832400000,134.3564
1756836000000,134.4474
1756839600000,134.7873
1756843200000,134.7070
1756846800000,134.4933
1756850400000,134.4914
1756854000000,134.4662
1756857600000,134.6395
1756861200000,134.4739
1756864800000,134.4595
1756868400000,134.2677
1756872000000,134.2671
1756875600000,134.1724
1756879200000,134.3471
1756882800000,134.6511
1756886400000,134.4468
1756890000000,134.2488
1756893600000,134.0400
1756897200000,134.0592
1756900800000,134.0128
1756904400000,133.6982
1756908000000,133.7520
1756911600000,133.5312
1756915200000,133.4167
1756918800000,133.6492
1756922400000,133.4503
1756926000000,133.3789
1756929600000,133.3626
1756933200000,133.3154
1756936800000,133.2433
1756940400000,133.3138
1756944000000,133.3690
1756947600000,133.2325
1756951200000,133.2937
1756954800000,133.3110
1756958400000,133.1942
1756962000000,133.2484
1756965600000,133.2462
1756969200000,133.2566
1756972800000,133.3529
1756976400000,133.1382
1756980000000,132.9201
1756983600000,133.0019
1756987200000,133.0064
1756990800000,133.1899
1756994400000,133.2343
1756998000000,133.3826
1757001600000,133.4977
1757005200000,133.5211
1757008800000,133.8122
1757012400000,133.8092
1757016000000,133.8647
1757019600000,133.8885
1757023200000,134.1296
1757026800000,133.9848
1757030400000,133.8375
1757034000000,134.0024
1757037600000,134.1674
1757041200000,134.0113
1757044800000,134.0657
1757048400000,134.0803
1757052000000,134.2919
1757055600000,134.0190
1757059200000,133.9309
1757062800000,133.8921
1757066400000,133.7579
1757070000000,133.7605
1757073600000,133.7345
1757077200000,134.1024
1757080800000,134.4391
1757084400000,134.4454
1757088000000,134.3599
1757091600000,134.3732
1757095200000,134.4298
1757098800000,134.4206
1757102400000,134.4225
1757106000000,134.3125
1757109600000,134.2911
1757113200000,134.2205
1757116800000,134.2092
1757120400000,134.4922
1757124000000,134.6000
1757127600000,134.7336
1757131200000,134.7538
1757134800000,134.7342
1757138400000,134.7947
1757142000000,134.7836
1757145600000,134.8557
1757149200000,134.7992
1757152800000,134.9136
1757156400000,135.0017
1757160000000,135.0713
1757163600000,135.1651
1757167200000,135.1863
1757170800000,135.0745
1757174400000,134.8781
1757178000000,134.9286
1757181600000,134.9036
1757185200000,134.9881
1757188800000,134.8153
1757192400000,134.8051
1757196000000,134.8961
1757199600000,135.0313
1757203200000,135.0279
1757206800000,135.0078
1757210400000,135.2543
1757214000000,135.2650
1757217600000,135.1455
1757221200000,135.3845
1757224800000,135.4328
1757228400000,135.4371
1757232000000,135.7752
1757235600000,135.7363
1757239200000,135.8365
1757242800000,135.8434
1757246400000,135.6625
1757250000000,135.8126
1757253600000,135.9401
1757257200000,136.0538
1757260800000,136.0936
1757264400000,136.1181
1757268000000,136.1713
1757271600000,136.1255
1757275200000,136.0451
1757278800000,136.0061
1757282400000,135.9984
1757286000000,136.2034
1757289600000,136.3232
1757293200000,136.1405
1757296800000,136.3322
1757300400000,136.2221
1757304000000,136.1335
1757307600000,135.9467
1757311200000,135.9527
1757314800000,136.0898
1757318400000,136.0425
1757322000000,136.2620
1757325600000,136.2099
1757329200000,136.4657
1757332800000,136.3168
1757336400000,136.3223
1757340000000,136.4071
1757343600000,136.1295
1757347200000,136.3938
1757350800000,136.5365
1757354400000,136.5706
1757358000000,136.6457
1757361600000,136.5882
1757365200000,136.6689
1757368800000,136.5821
1757372400000,136.5036
1757376000000,136.2458
1757379600000,136.1270
1757383200000,136.1299
1757386800000,136.1674
1757390400000,136.2972
1757394000000,136.3610
1757397600000,136.4242
1757401200000,136.4629
1757404800000,136.6332
1757408400000,136.5058
1757412000000,136.6066
1757415600000,136.3227
1757419200000,136.3908
1757422800000,136.4502
1757426400000,136.2163
1757430000000,135.9400
1757433600000,136.0273
1757437200000,136.0262
1757440800000,136.1637
1757444400000,136.2334
1757448000000,136.1902
1757451600000,136.1856
1757455200000,136.3985
1757458800000,136.3403
1757462400000,136.2279
1757466000000,136.0926
1757469600000,136.2688
1757473200000,136.2436
1757476800000,136.3123
1757480400000,136.4483
1757484000000,136.6867
1757487600000,136.7669
1757491200000,136.6204
1757494800000,136.5931
1757498400000,136.6918
1757502000000,136.7088
1757505600000,137.0136
1757509200000,137.5406
1757512800000,137.5406
1757516400000,136.9116
1757520000000,137.2731
1757523600000,137.3982
1757527200000,137.4902
1757530800000,137.4624
1757534400000,137.3510
1757538000000,137.3117
1757541600000,137.4127
1757545200000,137.4941
1757548800000,137.1888
1757552400000,137.1503
1757556000000,136.9239
1757559600000,137.1077
1757563200000,136.9229
1757566800000,136.9594
1757570400000,136.7867
1757574000000,136.6685
1757577600000,136.8353
1757581200000,137.0331
1757584800000,137.0047
1757588400000,136.8901
1757592000000,137.0222
1757595600000,137.1939
1757599200000,137.1205
1757602800000,136.8470
1757606400000,136.9898
1757610000000,137.0222
1757613600000,136.9049
1757617200000,137.0184
1757620800000,137.1077
1757624400000,136.9879
1757628000000,137.2366
1757631600000,137.4156
1757635200000,137.1157
1757638800000,137.0386
1757642400000,136.8900
1757646000000,136.8646
1757649600000,136.9403
1757653200000,136.6799
1757656800000,136.7580
1757660400000,136.5181
1757664000000,136.6823
1757667600000,136.8560
1757671200000,136.7667
1757674800000,136.6095
1757678400000,136.7786
1757682000000,136.6979
1757685600000,136.6363
1757689200000,136.5464
1757692800000,136.4590
1757696400000,136.6157
1757700000000,137.0913
1757703600000,136.8511
1757707200000,136.5363
1757710800000,136.5510
1757714400000,136.2082
1757718000000,135.9948
1757721600000,136.2807
1757725200000,136.1240
1757728800000,136.1815
1757732400000,135.6177
1757736000000,135.5671
1757739600000,135.7444
1757743200000,135.8866
1757746800000,135.9172
1757750400000,135.8945
1757754000000,136.5189
1757757600000,136.7816
1757761200000,136.7917
1757764800000,136.6844
1757768400000,136.8217
1757772000000,136.7723
1757775600000,137.1945
1757779200000,136.7266
1757782800000,136.9186
1757786400000,136.9183
1757790000000,137.0287
1757793600000,136.8270
1757797200000,136.9293
1757800800000,136.8885
1757804400000,136.9558
1757808000000,136.9154
1757811600000,136.9436
1757815200000,136.9013
1757818800000,136.7440
1757822400000,136.9595
1757826000000,137.3029
1757829600000,137.1863
1757833200000,137.2972
1757836800000,137.3652
1757840400000,137.4335
1757844000000,137.2551
1757847600000,137.1472
1757851200000,137.2827
1757854800000,137.1033
1757858400000,137.0384
1757862000000,137.0905
1757865600000,137.0545
1757869200000,137.0156
1757872800000,137.0480
1757876400000,137.0750
1757880000000,137.2286
1757883600000,137.4247
1757887200000,137.3892
1757890800000,136.9790
1757894400000,136.8284
1757898000000,136.8902
1757901600000,137.0012
1757905200000,137.0173
1757908800000,137.2796
1757912400000,137.2889
1757916000000,137.0800
1757919600000,137.1259
1757923200000,136.9561
1757926800000,137.2236
1757930400000,137.2058
1757934000000,137.3778
1757937600000,137.2807
1757941200000,137.2251
1757944800000,137.2777
1757948400000,137.4262
1757952000000,137.4331
1757955600000,137.6124
1757959200000,137.8417
1757962800000,137.8711
1757966400000,137.7283
1757970000000,137.7565
1757973600000,137.6510
1757977200000,137.5548
1757980800000,137.5245
1757984400000,137.5372
1757988000000,137.5319
1757991600000,137.6516
1757995200000,137.9112
1757998800000,138.3048
1758002400000,138.3526
1758006000000,138.5136
1758009600000,138.4877
1758013200000,138.2556
1758016800000,138.1701
1758020400000,138.2145
1758024000000,138.3513
1758027600000,138.4756
1758031200000,138.8163
1758034800000,139.4234
1758038400000,139.3905
1758042000000,140.2749
1758045600000,140.3349
1758049200000,140.4957
1758052800000,140.4637
1758056400000,140.4103
1758060000000,140.3222
1758063600000,140.4311
1758067200000,140.4193
1758070800000,140.2997
1758074400000,140.2857
1758078000000,140.3626
1758081600000,140.2805
1758085200000,140.2012
1758088800000,140.0515
1758092400000,140.0562
1758096000000,140.4007
1758099600000,140.3640
1758103200000,140.2833
1758106800000,140.1745
1758110400000,139.9492
1758114000000,139.8801
1758117600000,139.6486
1758121200000,139.9148
1758124800000,139.8033
1758128400000,140.3007
1758132000000,140.1727
1758135600000,139.7914
1758139200000,139.8072
1758142800000,140.0862
1758146400000,141.3595
1758150000000,141.3595
1758153600000,140.9208
1758157200000,140.9194
1758160800000,141.2453
1758164400000,141.7463
1758168000000,141.7158
1758171600000,141.6652
1758175200000,141.9491
1758178800000,142.1021
1758182400000,141.9852
1758186000000,142.0939
1758189600000,141.9042
1758193200000,141.7488
1758196800000,142.0778
1758200400000,141.9261
1758204000000,141.9482
1758207600000,141.8069
1758211200000,141.5877
1758214800000,141.6031
1758218400000,141.4037
1758222000000,141.5961
1758225600000,141.4389
1758229200000,141.4529
1758232800000,141.1330
1758236400000,141.0887
1758240000000,141.2409
1758243600000,141.1916
1758247200000,141.3398
1758250800000,141.6560
1758254400000,141.9223
1758258000000,142.1822
1758261600000,142.2428
1758265200000,142.2407
1758268800000,142.5938
1758272400000,142.2441
1758276000000,142.0362
1758279600000,141.8400
1758283200000,141.7764
1758286800000,141.9243
1758290400000,141.7102
1758294000000,141.8873
1758297600000,141.8876
1758301200000,141.6871
1758304800000,141.7798
1758308400000,141.7157
1758312000000,141.6752
1758315600000,141.7645
1758319200000,141.9236
1758322800000,141.9221
1758326400000,142.0114
1758330000000,142.0357
1758333600000,142.2701
1758337200000,142.2543
1758340800000,142.6219
1758344400000,142.5132
1758348000000,142.5416
1758351600000,142.6824
1758355200000,142.6099
1758358800000,142.5634
1758362400000,142.6904
1758366000000,142.9116
1758369600000,142.8813
1758373200000,142.8735
1758376800000,143.2524
1758380400000,143.6195
1758384000000,143.8016
1758387600000,143.9331
1758391200000,143.7861
1758394800000,143.5957
1758398400000,143.5972
1758402000000,144.5920
1758405600000,144.5930
1758409200000,144.7669
1758412800000,145.5373
1758416400000,146.0380
1758420000000,146.2561
1758423600000,146.0186
1758427200000,145.9449
1758430800000,145.9422
1758434400000,146.2705
1758438000000,146.2925
1758441600000,146.2192
1758445200000,145.6379
1758448800000,145.7498
1758452400000,145.3051
1758456000000,145.0399
1758459600000,145.2161
1758463200000,145.0843
1758466800000,145.2766
1758470400000,144.6103
1758474000000,144.8788
1758477600000,144.9029
1758481200000,144.7186
1758484800000,144.7202
1758488400000,145.0123
1758492000000,145.3006
1758495600000,145.1595
1758499200000,145.1448
1758502800000,145.5107
1758506400000,145.6763
1758510000000,145.5985
1758513600000,145.8267
1758517200000,145.6243
1758520800000,145.7795
1758524400000,145.6337
1758528000000,145.8836
1758531600000,145.7173
1758535200000,145.8220
1758538800000,145.6591
1758542400000,145.6204
1758546000000,145.6720
1758549600000,144.8638
1758553200000,144.7883
1758556800000,144.4832
1758560400000,144.4601
1758564000000,144.2514
1758567600000,144.0591
1758571200000,144.1477
1758574800000,144.2524
1758578400000,144.1951
1758582000000,144.1436
1758585600000,144.0419
1758589200000,143.8678
1758592800000,143.3194
1758596400000,143.6323
1758600000000,143.7718
1758603600000,144.1193
1758607200000,144.4036
1758610800000,144.6871
1758614400000,144.7876
1758618000000,144.6467
1758621600000,144.9233
1758625200000,145.2197
1758628800000,145.5363
1758632400000,145.5456
1758636000000,145.3710
1758639600000,145.8753
1758643200000,145.7820
1758646800000,145.4212
1758650400000,145.1138
1758654000000,145.0077
1758657600000,145.1405
1758661200000,145.4420
1758664800000,145.2425
1758668400000,145.3589
1758672000000,145.4095
1758675600000,145.6645
1758679200000,145.5107
1758682800000,144.7641
1758686400000,145.3091
1758690000000,145.4697
1758693600000,145.5177
1758697200000,145.5918
1758700800000,145.9453
1758704400000,146.2674
1758708000000,145.9635
1758711600000,145.6059
1758715200000,145.6934
1758718800000,145.5263
1758722400000,145.8286
1758726000000,145.5934
1758729600000,145.8843
1758733200000,145.9352
1758736800000,145.9512
1758740400000,145.9873
1758744000000,146.0902
1758747600000,146.0000
1758751200000,146.1988
1758754800000,146.1717
1758758400000,146.2329
1758762000000,145.8039
1758765600000,146.1423
1758769200000,145.9284
1758772800000,145.8074
1758776400000,145.8725
1758780000000,145.7171
1758783600000,145.8324
1758787200000,145.7004
1758790800000,145.4591
1758794400000,145.3175
1758798000000,145.4418
1758801600000,145.7658
1758805200000,145.8351
1758808800000,145.8664
1758812400000,145.9766
1758816000000,145.7141
1758819600000,144.7232
1758823200000,144.7593
1758826800000,144.2769
1758830400000,144.1879
1758834000000,144.1064
1758837600000,143.8749
1758841200000,143.9207
1758844800000,143.9314
1758848400000,143.7162
1758852000000,143.2244
1758855600000,143.1471
1758859200000,142.9125
1758862800000,143.2071
1758866400000,143.4473
1758870000000,143.5227
1758873600000,143.5823
1758877200000,143.6630
1758880800000,143.3154
1758884400000,143.2147
1758888000000,143.4442
1758891600000,143.3008
1758895200000,142.8353
1758898800000,142.9704
1758902400000,143.2460
1758906000000,143.2858
1758909600000,143.0250
1758913200000,142.7592
1758916800000,142.9194
1758920400000,142.9719
1758924000000,142.9906
1758927600000,143.1596
1758931200000,143.3164
1758934800000,143.1438
1758938400000,143.3419
1758942000000,143.5333
1758945600000,143.8268
1758949200000,143.6823
1758952800000,143.6541
1758956400000,143.8822
1758960000000,143.7956
1758963600000,143.7993
1758967200000,143.9129
1758970800000,143.8124
1758974400000,143.6769
1758978000000,143.9919
1758981600000,144.1937
1758985200000,143.9453
1758988800000,143.9219
1758992400000,143.8922
1758996000000,143.8628
1758999600000,143.8200
1759003200000,143.7033
1759006800000,143.8326
1759010400000,143.7992
1759014000000,143.6783
1759017600000,143.6638
1759021200000,143.7367
1759024800000,143.9778
1759028400000,144.0448
1759032000000,143.9562
1759035600000,143.7845
1759039200000,143.8661
1759042800000,143.7209
1759046400000,143.6282
1759050000000,143.8752
1759053600000,143.8774
1759057200000,144.0816
1759060800000,144.0106
1759064400000,144.0001
1759068000000,144.0394
1759071600000,144.1779
1759075200000,144.1939
1759078800000,144.1256
1759082400000,144.2104
1759086000000,144.2162
1759089600000,144.4872
1759093200000,144.4948
1759096800000,144.3867
1759100400000,144.5722
1759104000000,144.8511
1759107600000,144.7993
1759111200000,145.0635
1759114800000,145.4956
1759118400000,145.3778
1759122000000,145.5346
1759125600000,145.6337
1759129200000,145.6313
1759132800000,145.4451
1759136400000,145.3089
1759140000000,145.5583
1759143600000,145.5515
1759147200000,145.4079
1759150800000,145.6514
1759154400000,146.0804
1759158000000,145.9017
1759161600000,145.7935
1759165200000,146.1544
1759168800000,146.3081
1759172400000,146.2739
1759176000000,146.2098
1759179600000,146.3257
1759183200000,146.5026
1759186800000,146.4556
1759190400000,146.5578
1759194000000,146.4687
1759197600000,146.3190
1759201200000,146.3492
1759204800000,146.4462
1759208400000,146.3440
1759212000000,146.3741
1759215600000,146.0935
1759219200000,146.1253
1759222800000,145.5863
1759226400000,145.5344
1759230000000,145.7244
1759233600000,145.4970
1759237200000,145.7041
1759240800000,145.7144
1759244400000,145.4760
1759248000000,145.5956
1759251600000,145.9009
1759255200000,146.0162
1759258800000,146.0069
1759262400000,145.7976
1759266000000,145.7789
1759269600000,145.8467
1759273200000,146.0976
1759276800000,146.3301
1759280400000,146.3142
1759284000000,146.1359
1759287600000,146.1586
1759291200000,146.3245
1759294800000,146.4676
1759298400000,146.4015
1759302000000,146.3750
1759305600000,146.2803
1759309200000,146.4403
1759312800000,146.4742
1759316400000,146.2937
1759320000000,146.0300
1759323600000,146.3282
1759327200000,146.1541
1759330800000,146.0468
1759334400000,146.2012
1759338000000,146.1839
1759341600000,146.2126
1759345200000,145.9911
1759348800000,146.1423
1759352400000,146.3710
1759356000000,146.4642
1759359600000,146.6665
1759363200000,146.6505
1759366800000,146.5970
1759370400000,146.7421
1759374000000,146.6300
1759377600000,146.6176
1759381200000,146.3882
1759384800000,146.5506
1759388400000,146.7736
1759392000000,146.6416
1759395600000,146.9679
1759399200000,147.1667
1759402800000,147.4204
1759406400000,147.9820
1759410000000,147.9819
1759413600000,147.5953
1759417200000,147.8112
1759420800000,147.8717
1759424400000,147.6505
1759428000000,148.0755
1759431600000,148.3946
1759435200000,148.7365
1759438800000,148.6489
1759442400000,149.3996
1759446000000,149.1714
1759449600000,148.9768
1759453200000,148.9524
1759456800000,149.0193
1759460400000,149.7034
1759464000000,149.2439
1759467600000,149.1975
1759471200000,149.1293
1759474800000,148.8607
1759478400000,149.4578
1759482000000,150.0746
1759485600000,149.8744
1759489200000,149.9232
1759492800000,149.9157
1759496400000,151.5000
1759500000000,151.4995
1759503600000,152.3743
1759507200000,152.1834
1759510800000,151.7217
1759514400000,153.0524
1759518000000,152.9340
1759521600000,153.1544
1759525200000,153.0443
1759528800000,153.3029
1759532400000,153.6624
1759536000000,153.2074
1759539600000,153.0773
1759543200000,153.2505
1759546800000,153.1234
1759550400000,153.3049
1759554000000,153.3234
1759557600000,153.0443
1759561200000,152.8749
1759564800000,152.4731
1759568400000,152.2094
1759572000000,152.1419
1759575600000,152.2291
1759579200000,151.9520
1759582800000,152.0186
1759586400000,152.1595
1759590000000,152.1577
1759593600000,151.9265
1759597200000,152.2812
1759600800000,152.0358
1759604400000,152.2041
1759608000000,152.0699
1759611600000,152.3338
1759615200000,152.0988
1759618800000,152.3236
1759622400000,152.2287
1759626000000,152.2629
1759629600000,152.8391
1759633200000,152.9466
1759636800000,153.8642
1759640400000,153.7435
1759644000000,153.4087
1759647600000,153.1517
1759651200000,153.1512
1759654800000,152.3612
1759658400000,152.4959
1759662000000,152.8026
1759665600000,152.9020
1759669200000,152.6192
1759672800000,152.5123
1759676400000,152.3358
1759680000000,152.9628
1759683600000,152.8902
1759687200000,152.5852
1759690800000,152.3647
1759694400000,152.5646
1759698000000,152.7133
1759701600000,152.8689
1759705200000,153.1993
1759708800000,153.3375
1759712400000,153.7896
1759716000000,153.7326
1759719600000,153.7471
1759723200000,153.8452
1759726800000,154.0814
1759730400000,154.7217
1759734000000,154.7217
1759737600000,154.9026
1759741200000,155.2268
1759744800000,155.1295
1759748400000,155.5089
1759752000000,156.1213
1759755600000,155.2313
1759759200000,154.7029
1759762800000,154.6761
1759766400000,154.8431
1759770000000,154.5141
1759773600000,154.5909
1759777200000,154.4674
1759780800000,154.6439
1759784400000,154.7217
1759788000000,154.5543
1759791600000,154.4911
1759795200000,154.5978
1759798800000,154.1854
1759802400000,154.3144
1759806000000,154.2916
1759809600000,155.0172
1759813200000,155.5008
1759816800000,155.1477
1759820400000,155.2740
1759824000000,156.0491
1759827600000,156.7147
1759831200000,157.1168
1759834800000,157.8866
1759838400000,157.8861
1759842000000,157.6409
1759845600000,157.5475
1759849200000,157.5368
1759852800000,157.8114
1759856400000,157.7947
1759860000000,157.4742
1759863600000,158.4027
1759867200000,158.7961
1759870800000,158.9139
1759874400000,158.7596
1759878000000,158.8971
1759881600000,159.2958
1759885200000,159.0411
1759888800000,158.2773
1759892400000,157.8890
1759896000000,158.2692
1759899600000,158.2893
1759903200000,159.0925
1759906800000,159.1409
1759910400000,159.6818
1759914000000,159.3921
1759917600000,159.3181
1759921200000,159.4390
1759924800000,159.1418
1759928400000,159.4061
1759932000000,159.0734
1759935600000,158.8494
1759939200000,159.0137
1759942800000,159.3673
1759946400000,159.4776
1759950000000,159.4593
1759953600000,159.2435
1759957200000,158.9142
1759960800000,158.7386
1759964400000,158.9770
1759968000000,159.0585
1759971600000,159.1771
1759975200000,157.6786
1759978800000,158.1792
1759982400000,158.0947
1759986000000,158.8014
1759989600000,159.5589
1759993200000,159.5559
1759996800000,159.2673
1760000400000,159.4225
1760004000000,159.3378
1760007600000,159.3673
1760011200000,159.4165
1760014800000,158.5350
1760018400000,157.4305
1760022000000,157.7701
1760025600000,157.1903
1760029200000,157.7653
1760032800000,157.5836
1760036400000,157.5163
1760040000000,157.8110
1760043600000,158.0043
1760047200000,158.1152
1760050800000,158.0095
1760054400000,157.9942
1760058000000,157.7150
1760061600000,157.5188
1760065200000,158.1374
1760068800000,158.4675
1760072400000,158.5718
1760076000000,158.8089
1760079600000,158.5063
1760083200000,158.6701
1760086800000,158.1128
1760090400000,158.0594
1760094000000,158.8120
1760097600000,158.7460
1760101200000,158.0147
1760104800000,157.9433
1760108400000,158.2346
1760112000000,158.2887
1760115600000,158.2535
1760119200000,158.2958
1760122800000,159.1641
1760126400000,158.1259
1760130000000,151.6207
1760133600000,152.7199
1760137200000,152.6169
1760140800000,152.4206
1760144400000,152.9605
1760148000000,152.6651
1760151600000,152.8218
1760155200000,152.7822
1760158800000,152.8869
1760162400000,152.8305
1760166000000,152.4078
1760169600000,152.1896
1760173200000,152.1678
1760176800000,152.3090
1760180400000,152.3109
1760184000000,152.5245
1760187600000,152.3861
1760191200000,152.4673
1760194800000,152.2727
1760198400000,152.3472
1760202000000,152.3575
1760205600000,152.4392
1760209200000,152.7064
1760212800000,153.0227
1760216400000,152.8544
1760220000000,152.8386
1760223600000,152.6384
1760227200000,152.7195
1760230800000,152.6623
1760234400000,152.5623
1760238000000,152.2842
1760241600000,152.4101
1760245200000,152.4336
1760248800000,152.1485
1760252400000,152.1353
1760256000000,152.1003
1760259600000,152.0935
1760263200000,152.2701
1760266800000,152.3450
1760270400000,152.1978
1760274000000,152.2324
1760277600000,150.9096
1760281200000,150.6279
1760284800000,150.2212
1760288400000,149.8861
1760292000000,150.1110
1760295600000,150.0205
1760299200000,150.2490
1760302800000,150.2381
1760306400000,150.3840
1760310000000,150.0922
1760313600000,150.3527
1760317200000,149.9044
1760320800000,150.1712
1760324400000,150.1689
1760328000000,150.0987
1760331600000,150.1719
1760335200000,150.0106
1760338800000,149.9946
1760342400000,149.9673
1760346000000,150.0302
1760349600000,150.0386
1760353200000,150.5382
1760356800000,150.4548
1760360400000,150.1167
1760364000000,150.3221
1760367600000,150.0156
1760371200000,149.8423
1760374800000,149.2575
1760378400000,149.3716
1760382000000,149.3758
1760385600000,148.9831
1760389200000,149.2719
1760392800000,149.0593
1760396400000,149.2420
1760400000000,149.1459
1760403600000,149.1964
1760407200000,149.3564
1760410800000,149.4952
1760414400000,149.8833
1760418000000,149.9728
1760421600000,150.4723
1760425200000,150.6009
1760428800000,150.4732
1760432400000,150.3832
1760436000000,150.5694
1760439600000,150.5351
1760443200000,150.6547
1760446800000,150.5819
1760450400000,150.6016
1760454000000,149.9734
1760457600000,149.6306
1760461200000,149.7544
1760464800000,149.5836
1760468400000,149.6739
1760472000000,149.6669
1760475600000,149.7223
1760479200000,149.7417
1760482800000,149.6071
1760486400000,149.6516
1760490000000,149.6134
1760493600000,149.5880
1760497200000,149.6724
1760500800000,149.4283
1760504400000,149.5231
1760508000000,149.4484
1760511600000,149.4610
1760515200000,148.9756
1760518800000,149.0963
1760522400000,149.3694
1760526000000,149.4227
1760529600000,149.3986
1760533200000,149.6866
1760536800000,150.0328
1760540400000,150.2325
1760544000000,150.2641
1760547600000,150.2613
1760551200000,150.2085
1760554800000,150.3985
1760558400000,150.5622
1760562000000,150.5374
1760565600000,150.3841
1760569200000,150.1697
1760572800000,150.0761
1760576400000,150.1252
1760580000000,149.9870
1760583600000,150.0882
1760587200000,150.1097
1760590800000,150.1302
1760594400000,149.9363
1760598000000,149.9012
1760601600000,150.0949
1760605200000,149.8539
1760608800000,149.7835
1760612400000,149.6231
1760616000000,149.7449
1760619600000,149.8324
1760623200000,149.7610
1760626800000,150.1102
1760630400000,149.7806
1760634000000,149.8517
1760637600000,150.1772
1760641200000,150.3928
1760644800000,150.4177
1760648400000,150.3141
1760652000000,150.2497
1760655600000,150.1017
1760659200000,149.9913
1760662800000,150.0892
1760666400000,150.1205
1760670000000,150.0866
1760673600000,150.1460
1760677200000,150.1646
1760680800000,150.3085
1760684400000,150.5314
1760688000000,150.7341
1760691600000,150.4289
1760695200000,150.5066
1760698800000,150.3191
1760702400000,150.2184
1760706000000,150.2637
1760709600000,150.4084
1760713200000,150.5648
1760716800000,150.4956
1760720400000,150.2154
1760724000000,150.1024
1760727600000,150.1090
1760731200000,150.0071
1760734800000,149.9318
1760738400000,150.0462
1760742000000,150.0596
1760745600000,150.1338
1760749200000,149.9591
1760752800000,149.9189
1760756400000,149.9043
1760760000000,149.9429
1760763600000,149.8350
1760767200000,149.7900
1760770800000,149.5118
1760774400000,149.6994
1760778000000,149.7501
1760781600000,149.7849
1760785200000,149.8393
1760788800000,149.7693
1760792400000,149.8839
1760796000000,149.8538
1760799600000,149.7785
1760803200000,149.7948
1760806800000,149.5873
1760810400000,149.6287
1760814000000,149.6651
1760817600000,149.7240
1760821200000,149.7220
1760824800000,149.7624
1760828400000,149.7538
1760832000000,149.8501
1760835600000,149.8293
1760839200000,149.7898
1760842800000,149.6101
1760846400000,149.5504
1760850000000,149.5509
1760853600000,149.6723
1760857200000,149.6068
1760860800000,149.7302
1760864400000,149.5917
1760868000000,149.5934
1760871600000,149.6285
1760875200000,149.5750
1760878800000,149.2437
1760882400000,149.1874
1760886000000,149.3322
1760889600000,149.3624
1760893200000,149.4249
1760896800000,149.4500
1760900400000,149.4261
1760904000000,149.2387
1760907600000,149.2369
1760911200000,149.1526
1760914800000,149.3532
1760918400000,149.5451
1760922000000,149.5850
1760925600000,149.6773
1760929200000,149.4875
1760932800000,149.3085
1760936400000,149.4825
1760940000000,149.4421
1760943600000,149.6010
1760947200000,149.6732
1760950800000,149.6255
1760954400000,149.7294
1760958000000,149.7506
1760961600000,149.6538
1760965200000,149.7692
1760968800000,149.7896
1760972400000,150.1287
1760976000000,150.5192
1760979600000,150.3418
1760983200000,150.3618
1760986800000,150.2305
1760990400000,150.1658
1760994000000,150.1819
1760997600000,150.1475
1761001200000,150.1446
1761004800000,150.1850
1761008400000,150.2079
1761012000000,150.2415
1761015600000,150.1512
1761019200000,150.3943
1761022800000,150.1626
1761026400000,150.0646
1761030000000,150.0750
1761033600000,150.1817
1761037200000,150.2428
1761040800000,150.3372
1761044400000,150.3028
1761048000000,150.4848
1761051600000,150.4848
1761055200000,151.4469
1761058800000,151.7591
1761062400000,151.0762
1761066000000,150.9822
1761069600000,151.0657
1761073200000,151.0730
1761076800000,150.7748
1761080400000,150.8613
1761084000000,149.9365
1761087600000,149.5395
1761091200000,149.8911
1761094800000,150.0967
1761098400000,150.2432
1761102000000,150.1814
1761105600000,150.3881
1761109200000,150.1693
1761112800000,150.2621
1761116400000,150.2586
1761120000000,150.3440
1761123600000,150.0856
1761127200000,150.2177
1761130800000,150.3408
1761134400000,150.6695
1761138000000,150.9607
1761141600000,151.1974
1761145200000,151.1106
1761148800000,150.8324
1761152400000,150.6196
1761156000000,150.8002
1761159600000,150.8325
1761163200000,150.8428
1761166800000,150.7773
1761170400000,150.7265
1761174000000,150.7602
1761177600000,151.1466
1761181200000,151.3881
1761184800000,151.5031
1761188400000,151.5672
1761192000000,151.4250
1761195600000,152.0229
1761199200000,152.6742
1761202800000,152.3482
1761206400000,152.6276
1761210000000,151.7975
1761213600000,151.9013
1761217200000,151.8534
1761220800000,151.8764
1761224400000,151.9555
1761228000000,151.7934
1761231600000,153.6265
1761235200000,153.6264
1761238800000,153.7478
1761242400000,153.2070
1761246000000,153.4309
1761249600000,153.3313
1761253200000,153.4671
1761256800000,153.4467
1761260400000,153.8013
1761264000000,154.2813
1761267600000,153.9298
1761271200000,153.9907
1761274800000,153.9196
1761278400000,153.3942
1761282000000,153.4316
1761285600000,153.3185
1761289200000,152.9994
1761292800000,153.0961
1761296400000,153.2202
1761300000000,152.9968
1761303600000,153.0438
1761307200000,153.0222
1761310800000,152.8129
1761314400000,152.4760
1761318000000,152.3959
1761321600000,152.3539
1761325200000,152.4396
1761328800000,152.5292
1761332400000,152.4127
1761336000000,152.4245
1761339600000,152.4445
1761343200000,152.4584
1761346800000,152.4454
1761350400000,152.2767
1761354000000,152.5400
1761357600000,152.5803
1761361200000,152.9904
1761364800000,152.8492
1761368400000,153.0479
1761372000000,152.9270
1761375600000,152.9044
1761379200000,152.9279
1761382800000,152.7791
1761386400000,152.8920
1761390000000,152.9264
1761393600000,152.9719
1761397200000,152.8477
1761400800000,152.8622
1761404400000,152.6279
1761408000000,152.7760
1761411600000,152.7302
1761415200000,152.6949
1761418800000,152.7600
1761422400000,152.6984
1761426000000,152.7737
1761429600000,152.8578
1761433200000,152.8252
1761436800000,152.9369
1761440400000,153.2221
1761444000000,153.2550
1761447600000,152.9510
1761451200000,152.9772
1761454800000,153.1184
1761458400000,153.1256
1761462000000,153.0590
1761465600000,153.0706
1761469200000,153.1719
1761472800000,153.2184
1761476400000,153.2296
1761480000000,153.1324
1761483600000,152.9385
1761487200000,152.7581
1761490800000,152.9467
1761494400000,152.7550
1761498000000,152.7493
1761501600000,152.7625
1761505200000,152.6898
1761508800000,152.5527
1761512400000,152.6942
1761516000000,152.6266
1761519600000,152.4862
1761523200000,152.4654
1761526800000,152.9389
1761530400000,152.7508
1761534000000,152.6436
1761537600000,152.3698
1761541200000,152.4875
1761544800000,152.8349
1761548400000,153.1944
1761552000000,153.2111
1761555600000,153.5738
1761559200000,153.5551
1761562800000,154.6295
1761566400000,154.1358
1761570000000,153.1844
1761573600000,152.5768
1761577200000,152.7366
1761580800000,152.5831
1761584400000,152.7511
1761588000000,152.5217
1761591600000,152.5139
1761595200000,153.0253
1761598800000,153.0234
1761602400000,152.6630
1761606000000,152.8009
1761609600000,152.8184
1761613200000,153.0335
1761616800000,152.8348
1761620400000,153.0240
1761624000000,153.1181
1761627600000,152.5031
1761631200000,152.5528
1761634800000,152.5922
1761638400000,152.7256
1761642000000,152.8344
1761645600000,152.9397
1761649200000,152.7168
1761652800000,153.0000
1761656400000,153.1971
1761660000000,153.1689
1761663600000,153.1968
1761667200000,153.4056
1761670800000,153.4566
1761674400000,153.5177
1761678000000,153.2043
1761681600000,151.9184
1761685200000,152.4044
1761688800000,152.5756
1761692400000,152.4933
1761696000000,152.2732
1761699600000,152.3249
1761703200000,152.2071
1761706800000,152.1387
1761710400000,152.3006
1761714000000,152.2678
1761717600000,152.8619
1761721200000,152.8243
1761724800000,152.7242
1761728400000,152.8541
1761732000000,152.7244
1761735600000,152.6424
1761739200000,152.5843
1761742800000,152.6013
1761746400000,152.3920
1761750000000,152.0291
1761753600000,151.7513
1761757200000,151.9026
1761760800000,152.4930
1761764400000,152.5745
1761768000000,152.8027
1761771600000,152.7639
1761775200000,152.6109
1761778800000,152.3490
1761782400000,152.7677
1761786000000,152.5334
1761789600000,152.7114
1761793200000,152.7726
1761796800000,151.8348
1761800400000,152.4983
1761804000000,152.7956
1761807600000,152.9448
1761811200000,152.6661
1761814800000,152.5462
1761818400000,153.1228
1761822000000,152.6605
1761825600000,152.2984
1761829200000,151.8120
1761832800000,152.0338
1761836400000,151.6076
1761840000000,151.9205
1761843600000,151.2777
1761847200000,151.3959
1761850800000,151.5063
1761854400000,151.2074
1761858000000,151.4156
1761861600000,151.2509
1761865200000,151.5684
1761868800000,151.7965
1761872400000,151.9049
1761876000000,151.5716
1761879600000,151.9859
1761883200000,152.5033
1761886800000,152.4431
1761890400000,152.5849
1761894000000,152.6210
1761897600000,152.8681
1761901200000,152.2609
1761904800000,152.1617
1761908400000,152.0393
1761912000000,151.7621
1761915600000,151.8694
1761919200000,152.2408
1761922800000,151.9480
1761926400000,151.3617
1761930000000,151.7040
1761933600000,151.5932
1761937200000,151.6979
1761940800000,151.6928
1761944400000,151.7683
1761948000000,151.9221
1761951600000,152.0366
1761955200000,152.2848
1761958800000,152.0009
1761962400000,151.9244
1761966000000,152.1944
1761969600000,152.1518
1761973200000,152.0726
1761976800000,151.9506
1761980400000,151.9753
1761984000000,151.8689
1761987600000,151.8242
1761991200000,151.8691
1761994800000,151.9055
1761998400000,151.8947
1762002000000,151.7335
1762005600000,151.6916
1762009200000,151.9159
1762012800000,152.0664
1762016400000,152.2503
1762020000000,152.1911
1762023600000,152.1890
1762027200000,152.2726
1762030800000,151.9830
1762034400000,152.1567
1762038000000,152.1774
1762041600000,152.1132
1762045200000,152.0243
1762048800000,151.8802
1762052400000,151.8530
1762056000000,151.9945
1762059600000,151.8439
1762063200000,151.9490
1762066800000,152.0859
1762070400000,152.1395
1762074000000,152.1743
1762077600000,152.0329
1762081200000,152.1603
1762084800000,152.0229
1762088400000,151.9553
1762092000000,152.0500
1762095600000,151.8254
1762099200000,151.6469
1762102800000,151.7097
1762106400000,151.7168
1762110000000,151.7433
1762113600000,151.7606
1762117200000,151.6934
1762120800000,151.6643
1762124400000,151.4628
1762128000000,151.3876
1762131600000,151.4609
1762135200000,151.1517
1762138800000,150.7173
1762142400000,150.5636
1762146000000,150.3591
1762149600000,150.1858
1762153200000,150.1277
1762156800000,149.9802
1762160400000,149.6624
1762164000000,149.6197
1762167600000,149.7418
1762171200000,149.7963
1762174800000,149.7658
1762178400000,149.7951
1762182000000,148.8144
1762185600000,149.5773
1762189200000,149.8564
1762192800000,149.5926
1762196400000,149.5864
1762200000000,149.4995
1762203600000,149.8292
1762207200000,149.4966
1762210800000,149.5866
1762214400000,149.3192
1762218000000,149.5208
1762221600000,149.2361
1762225200000,149.6061
1762228800000,149.1771
1762232400000,147.9202
1762236000000,148.1548
1762239600000,147.8812
1762243200000,147.8667
1762246800000,147.9489
1762250400000,148.0608
1762254000000,148.0658
1762257600000,147.6307
1762261200000,147.5942
1762264800000,147.8674
1762268400000,147.3582
1762272000000,147.0631
1762275600000,147.1167
1762279200000,147.3629
1762282800000,147.9143
1762286400000,148.2332
1762290000000,148.0147
1762293600000,148.0481
1762297200000,147.6307
1762300800000,147.8025
1762304400000,147.8511
1762308000000,147.2290
1762311600000,147.3076
1762315200000,147.3162
1762318800000,147.2803
1762322400000,147.2737
1762326000000,147.2934
1762329600000,147.5464
1762333200000,147.5951
1762336800000,147.7216
1762340400000,147.4375
1762344000000,147.4234
1762347600000,147.3703
1762351200000,147.6138
1762354800000,147.2211
1762358400000,146.8025
1762362000000,146.8200
1762365600000,146.6888
1762369200000,146.6233
1762372800000,146.5960
1762376400000,146.6340
1762380000000,146.8745
1762383600000,146.9612
1762387200000,147.0802
1762390800000,146.9671
1762394400000,146.7334
1762398000000,146.7383
1762401600000,146.6628
1762405200000,147.0833
1762408800000,147.2097
1762412400000,147.2041
1762416000000,147.1445
1762419600000,146.9985
1762423200000,147.0060
1762426800000,146.9808
1762430400000,147.3118
1762434000000,147.1294
1762437600000,147.3797
1762441200000,147.6999
1762444800000,147.4787
1762448400000,147.4786
1762452000000,147.6699
1762455600000,147.4057
1762459200000,147.4597
1762462800000,147.5360
1762466400000,147.7280
1762470000000,147.6666
1762473600000,147.7380
1762477200000,147.7428
1762480800000,147.9015
1762484400000,148.3794
1762488000000,148.2302
1762491600000,148.4026
1762495200000,148.1675
1762498800000,148.3828
1762502400000,148.2136
1762506000000,148.0558
1762509600000,147.9017
1762513200000,147.6224
1762516800000,147.2966
1762520400000,147.5324
1762524000000,147.4474
1762527600000,147.3621
1762531200000,147.7367
1762534800000,148.0894
1762538400000,148.2229
1762542000000,148.4050
1762545600000,148.5909
1762549200000,148.9346
1762552800000,148.9525
1762556400000,148.9851
1762560000000,148.2939
1762563600000,148.7866
1762567200000,149.0039
1762570800000,148.6410
1762574400000,148.4112
1762578000000,148.4522
1762581600000,148.4691
1762585200000,148.5468
1762588800000,148.7152
1762592400000,148.6748
1762596000000,148.6699
1762599600000,148.5214
1762603200000,148.9470
1762606800000,148.6649
1762610400000,148.9356
1762614000000,149.0578
1762617600000,149.1152
1762621200000,149.1011
1762624800000,149.5810
1762628400000,149.2978
1762632000000,149.2559
1762635600000,149.2699
1762639200000,149.1686
1762642800000,148.9939
1762646400000,148.9274
1762650000000,149.0300
1762653600000,148.7471
1762657200000,148.5335
1762660800000,148.8948
1762664400000,148.6427
1762668000000,148.4921
1762671600000,148.4179
1762675200000,148.3801
1762678800000,148.4701
1762682400000,148.6016
1762686000000,148.5157
1762689600000,148.1333
1762693200000,148.1827
1762696800000,147.5780
1762700400000,148.1743
1762704000000,148.4426
1762707600000,148.0602
1762711200000,148.4264
1762714800000,148.2734
1762718400000,147.8805
1762722000000,147.7225
1762725600000,147.7059
1762729200000,147.7401
1762732800000,148.6039
1762736400000,148.2915
1762740000000,148.6897
1762743600000,148.5944
1762747200000,148.7102
1762750800000,148.5965
1762754400000,148.7577
1762758000000,148.7033
1762761600000,148.2766
1762765200000,148.4078
1762768800000,148.1354
1762772400000,148.1978
1762776000000,148.2186
1762779600000,148.4955
1762783200000,147.8021
1762786800000,147.9989
1762790400000,147.9380
1762794000000,148.2686
1762797600000,148.1216
1762801200000,148.1894
1762804800000,148.1568
1762808400000,148.2854
1762812000000,148.4240
1762815600000,148.3609
1762819200000,148.2574
1762822800000,148.5128
1762826400000,148.5859
1762830000000,148.4778
1762833600000,147.9562
1762837200000,147.8066
1762840800000,147.7277
1762844400000,147.1885
1762848000000,147.2494
1762851600000,147.1580
1762855200000,147.3546
1762858800000,147.3289
1762862400000,147.4172
1762866000000,147.3306
1762869600000,147.7828
1762873200000,147.5482
1762876800000,147.4332
1762880400000,147.1555
1762884000000,147.2976
1762887600000,146.9876
1762891200000,147.0587
1762894800000,147.2096
1762898400000,147.5061
1762902000000,147.3723
1762905600000,147.1892
1762909200000,147.3251
1762912800000,147.4402
1762916400000,147.3507
1762920000000,147.1570
1762923600000,147.0632
1762927200000,147.1965
1762930800000,146.9795
1762934400000,147.4454
1762938000000,147.5525
1762941600000,147.2806
1762945200000,147.0647
1762948800000,147.1061
1762952400000,146.9474
1762956000000,146.9907
1762959600000,146.3108
1762963200000,146.0364
1762966800000,146.1473
1762970400000,146.1665
1762974000000,146.1568
1762977600000,146.3984
1762981200000,146.6141
1762984800000,146.7267
1762988400000,146.4492
1762992000000,146.5978
1762995600000,146.6429
1762999200000,146.5145
1763002800000,146.4748
1763006400000,146.1499
1763010000000,146.3061
1763013600000,146.3031
1763017200000,146.1199
1763020800000,146.5008
1763024400000,146.3591
1763028000000,146.3266
1763031600000,146.5232
1763035200000,146.5691
1763038800000,146.7986
1763042400000,147.2207
1763046000000,146.9756
1763049600000,146.9073
1763053200000,146.7087
1763056800000,146.0662
1763060400000,146.1725
1763064000000,146.3465
1763067600000,146.5779
1763071200000,146.7906
1763074800000,146.8801
1763078400000,146.6937
1763082000000,146.7303
1763085600000,146.9136
1763089200000,146.4979
1763092800000,146.3085
1763096400000,145.9811
1763100000000,145.7616
1763103600000,145.6573
1763107200000,145.7266
1763110800000,145.7350
1763114400000,145.5193
1763118000000,145.5080
1763121600000,145.2155
1763125200000,145.2212
1763128800000,145.6907
1763132400000,145.8944
1763136000000,145.7842
1763139600000,145.5459
1763143200000,145.2289
1763146800000,145.5610
1763150400000,145.2750
1763154000000,145.4830
1763157600000,145.5265
1763161200000,145.5373
1763164800000,145.7526
1763168400000,145.8364
1763172000000,146.3540
1763175600000,146.3079
1763179200000,146.0637
1763182800000,146.2896
1763186400000,146.2521
1763190000000,146.5359
1763193600000,146.6543
1763197200000,146.5588
1763200800000,146.4741
1763204400000,146.2952
1763208000000,146.4148
1763211600000,146.3411
1763215200000,146.4873
1763218800000,146.3770
1763222400000,146.3604
1763226000000,146.1651
1763229600000,146.1929
1763233200000,146.3294
1763236800000,145.8636
1763240400000,145.8293
1763244000000,146.0496
1763247600000,146.0971
1763251200000,146.0911
1763254800000,145.9835
1763258400000,146.1454
1763262000000,146.1548
1763265600000,146.2843
1763269200000,146.3006
1763272800000,146.2831
1763276400000,146.1603
1763280000000,146.2353
1763283600000,146.2976
1763287200000,146.2938
1763290800000,146.0749
1763294400000,146.1915
1763298000000,146.1062
1763301600000,146.2184
1763305200000,146.0747
1763308800000,146.0798
1763312400000,145.9331
1763316000000,146.0929
1763319600000,145.8233
1763323200000,145.8784
1763326800000,145.5920
1763330400000,146.0374
1763334000000,146.2296
1763337600000,146.6066
1763341200000,146.3090
1763344800000,145.9761
1763348400000,146.0358
1763352000000,145.6194
1763355600000,145.6882
1763359200000,145.6427
1763362800000,145.8250
1763366400000,145.9479
1763370000000,145.9387
1763373600000,145.7905
1763377200000,145.5994
1763380800000,145.6311
1763384400000,144.6559
1763388000000,145.2272
1763391600000,144.9182
1763395200000,145.3691
1763398800000,145.1997
1763402400000,145.4719
1763406000000,145.1159
1763409600000,145.1506
1763413200000,145.1299
1763416800000,145.3001
1763420400000,145.1681
1763424000000,145.5041
1763427600000,145.3874
1763431200000,144.9794
1763434800000,144.3970
1763438400000,144.4624
1763442000000,144.6661
1763445600000,144.3154
1763449200000,144.5943
1763452800000,144.6694
1763456400000,145.0341
1763460000000,144.9903
1763463600000,144.8552
1763467200000,145.0822
1763470800000,145.0030
1763474400000,144.7482
1763478000000,145.3683
1763481600000,145.5526
1763485200000,145.5260
1763488800000,145.2330
1763492400000,145.4332
1763496000000,145.4641
1763499600000,145.4400
1763503200000,145.6475
1763506800000,145.4945
1763510400000,145.5017
1763514000000,145.6293
1763517600000,145.7596
1763521200000,145.6939
1763524800000,145.3537
1763528400000,145.1071
1763532000000,145.3383
1763535600000,145.4489
1763539200000,145.0446
1763542800000,144.8394
1763546400000,144.6074
1763550000000,144.7453
1763553600000,144.8187
1763557200000,144.7536
1763560800000,144.9894
1763564400000,144.2640
1763568000000,144.2245
1763571600000,144.2630
1763575200000,144.0828
1763578800000,144.2769
1763582400000,144.0707
1763586000000,144.4455
1763589600000,144.2669
1763593200000,144.4260
1763596800000,144.8442
1763600400000,145.1663
1763604000000,145.3842
1763607600000,145.3082
1763611200000,145.4512
1763614800000,145.3481
1763618400000,145.0039
1763622000000,145.1255
1763625600000,145.0824
1763629200000,145.0137
1763632800000,144.8656
1763636400000,144.8749
1763640000000,144.8148
1763643600000,144.8800
1763647200000,144.6024
1763650800000,144.2340
1763654400000,144.1341
1763658000000,144.1902
1763661600000,144.1899
1763665200000,144.1154
1763668800000,143.7400
1763672400000,143.5732
1763676000000,144.1074
1763679600000,143.3973
1763683200000,143.4253
1763686800000,143.4482
1763690400000,143.1463
1763694000000,143.1907
1763697600000,143.2150
1763701200000,143.3233
1763704800000,142.7628
1763708400000,141.9562
1763712000000,141.2910
1763715600000,140.4633
1763719200000,140.4712
1763722800000,140.2020
1763726400000,140.6114
1763730000000,141.0858
1763733600000,141.3254
1763737200000,140.5241
1763740800000,141.4884
1763744400000,141.3406
1763748000000,140.9821
1763751600000,141.1077
1763755200000,141.4523
1763758800000,141.8761
1763762400000,141.2021
1763766000000,141.6785
1763769600000,141.7346
1763773200000,142.2194
1763776800000,141.9010
1763780400000,141.8622
1763784000000,141.4627
1763787600000,141.2155
1763791200000,141.4478
1763794800000,141.6085
1763798400000,140.8318
1763802000000,140.9113
1763805600000,141.2138
1763809200000,141.3504
1763812800000,141.1881
1763816400000,141.1291
1763820000000,141.3210
1763823600000,141.2543
1763827200000,141.5652
1763830800000,141.5292
1763834400000,141.7732
1763838000000,141.7886
1763841600000,141.5860
1763845200000,141.5571
1763848800000,141.6460
1763852400000,141.5673
1763856000000,141.7643
1763859600000,141.9862
1763863200000,142.1039
1763866800000,142.2503
1763870400000,142.4478
1763874000000,142.2653
1763877600000,142.0600
1763881200000,142.1740
1763884800000,142.1967
1763888400000,142.2874
1763892000000,142.1191
1763895600000,142.1832
1763899200000,142.2153
1763902800000,142.4182
1763906400000,142.4005
1763910000000,142.6665
1763913600000,142.8116
1763917200000,142.9530
1763920800000,142.9955
1763924400000,143.0428
1763928000000,143.1087
1763931600000,143.3862
1763935200000,143.3739
1763938800000,142.7676
1763942400000,142.5886
1763946000000,142.7729
1763949600000,142.7539
1763953200000,142.5050
1763956800000,142.3778
1763960400000,142.5692
1763964000000,142.7217
1763967600000,142.9836
1763971200000,142.8767
1763974800000,142.2504
1763978400000,142.3497
1763982000000,142.3638
1763985600000,141.9219
1763989200000,141.8482
1763992800000,141.5491
1763996400000,141.9080
1764000000000,142.2356
1764003600000,142.5256
1764007200000,142.4055
1764010800000,142.2742
1764014400000,142.7444
1764018000000,142.4571
1764021600000,142.2327
1764025200000,142.1489
1764028800000,142.2081
1764032400000,142.2055
1764036000000,142.1757
1764039600000,142.3693
1764043200000,142.3703
1764046800000,142.3735
1764050400000,142.2808
1764054000000,141.9990
1764057600000,142.1572
1764061200000,141.9277
1764064800000,141.9974
1764068400000,141.8988
1764072000000,141.5162
1764075600000,141.2827
1764079200000,141.2263
1764082800000,141.3555
1764086400000,141.2309
1764090000000,141.6547
1764093600000,141.5074
1764097200000,141.3192
1764100800000,141.6607
1764104400000,141.3211
1764108000000,141.3131
1764111600000,141.3706
1764115200000,141.6437
1764118800000,141.7935
1764122400000,141.7665
1764126000000,141.6571
1764129600000,141.5829
1764133200000,141.6226
1764136800000,141.8287
1764140400000,141.8391
1764144000000,141.8881
1764147600000,141.4542
1764151200000,141.6993
1764154800000,141.7439
1764158400000,141.5848
1764162000000,141.7650
1764165600000,141.7905
1764169200000,141.8511
1764172800000,142.4017
1764176400000,143.0554
1764180000000,143.4768
1764183600000,143.5140
1764187200000,143.3458
1764190800000,143.5184
1764194400000,143.6383
1764198000000,143.6471
1764201600000,143.5832
1764205200000,143.9168
1764208800000,144.3026
1764212400000,144.0952
1764216000000,144.0762
1764219600000,143.9931
1764223200000,144.2114
1764226800000,144.1618
1764230400000,144.2529
1764234000000,144.3268
1764237600000,144.3086
1764241200000,144.1708
1764244800000,144.1947
1764248400000,144.1777
1764252000000,144.2314
1764255600000,144.2796
1764259200000,144.4635
1764262800000,144.4196
1764266400000,144.5550
1764270000000,144.4173
1764273600000,144.3196
1764277200000,144.3532
1764280800000,144.4996
1764284400000,144.5663
1764288000000,144.6968
1764291600000,144.3230
1764295200000,144.4624
1764298800000,144.4311
1764302400000,144.5357
1764306000000,144.5433
1764309600000,144.2542
1764313200000,143.7992
1764316800000,143.6982
1764320400000,143.9636
1764324000000,144.1766
1764327600000,144.0673
1764331200000,143.9503
1764334800000,144.3050
1764338400000,144.3431
1764342000000,144.4782
1764345600000,143.5142
1764349200000,142.9949
1764352800000,143.0298
1764356400000,143.3054
1764360000000,143.4186
1764363600000,143.3613
1764367200000,143.5872
1764370800000,143.5378
1764374400000,143.3748
1764378000000,143.3340
1764381600000,143.3869
1764385200000,143.3937
1764388800000,143.2127
1764392400000,143.0812
1764396000000,143.2934
1764399600000,143.3526
1764403200000,143.3819
1764406800000,143.5219
1764410400000,143.4791
1764414000000,143.4753
1764417600000,143.4101
1764421200000,143.5372
1764424800000,143.4905
1764428400000,143.7015
1764432000000,143.7649
1764435600000,143.5380
1764439200000,143.3158
1764442800000,143.3459
1764446400000,143.4550
1764450000000,143.5886
1764453600000,143.4272
1764457200000,143.4156
1764460800000,143.4609
1764464400000,143.4252
1764468000000,143.4402
1764471600000,143.4085
1764475200000,143.3562
1764478800000,143.2660
1764482400000,143.2902
1764486000000,143.3334
1764489600000,143.5754
1764493200000,143.7539
1764496800000,143.5446
1764500400000,143.5241
1764504000000,143.7003
1764507600000,144.2587
1764511200000,144.1556
1764514800000,144.2854
1764518400000,144.5398
1764522000000,144.2955
1764525600000,144.2630
1764529200000,144.2504
1764532800000,144.2879
1764536400000,143.9653
1764540000000,143.7548
1764543600000,143.2605
1764547200000,141.7364
1764550800000,141.7653
1764554400000,141.6353
1764558000000,141.2557
1764561600000,140.6542
1764565200000,140.6706
1764568800000,141.1341
1764572400000,141.2904
1764576000000,141.3246
1764579600000,140.8871
1764583200000,141.0254
1764586800000,140.6584
1764590400000,140.3539
1764594000000,140.5306
1764597600000,140.6866
1764601200000,140.7104
1764604800000,140.8029
1764608400000,140.9973
1764612000000,141.2564
1764615600000,141.1613
1764619200000,141.2933
1764622800000,141.5467
1764626400000,141.7488
1764630000000,141.5360
1764633600000,141.7099
1764637200000,141.8388
1764640800000,141.7121
1764644400000,141.9391
1764648000000,142.1676
1764651600000,142.1721
1764655200000,142.0482
1764658800000,142.0867
1764662400000,141.7988
1764666000000,142.3825
1764669600000,142.5000
1764673200000,142.6309
1764676800000,142.4472
1764680400000,142.6560
1764684000000,143.4438
1764687600000,143.0470
1764691200000,143.2707
1764694800000,143.5511
1764698400000,144.1048
1764702000000,144.1316
1764705600000,143.8789
1764709200000,144.0297
1764712800000,144.0159
1764716400000,143.7798
1764720000000,143.9827
1764723600000,144.3808
1764727200000,144.6514
1764730800000,144.5855
1764734400000,144.9496
1764738000000,145.4769
1764741600000,145.0314
1764745200000,144.8250
1764748800000,144.7796
1764752400000,145.0773
1764756000000,144.8392
1764759600000,144.6832
1764763200000,144.6411
1764766800000,144.5688
1764770400000,144.0589
1764774000000,143.9902
1764777600000,143.9813
1764781200000,144.1491
1764784800000,143.9196
1764788400000,144.1790
1764792000000,144.0316
1764795600000,144.4757
1764799200000,144.2086
1764802800000,144.1315
1764806400000,143.8366
1764810000000,143.6865
1764813600000,143.9008
1764817200000,143.5832
1764820800000,143.5989
1764824400000,143.1991
1764828000000,143.2456
1764831600000,143.5114
1764835200000,143.4087
1764838800000,143.3802
1764842400000,143.4126
1764846000000,143.2055
1764849600000,143.3927
1764853200000,142.9109
1764856800000,142.9896
1764860400000,142.9425
1764864000000,143.0587
1764867600000,143.1834
1764871200000,143.0102
1764874800000,143.0104
1764878400000,142.9712
1764882000000,142.8620
1764885600000,142.9062
1764889200000,142.7996
1764892800000,142.8630
1764896400000,142.6727
1764900000000,142.5003
1764903600000,142.3350
1764907200000,142.3398
1764910800000,142.3511
1764914400000,142.5806
1764918000000,142.3416
1764921600000,142.4428
1764925200000,141.9679
1764928800000,142.0423
1764932400000,142.1106
1764936000000,142.0298
1764939600000,141.7297
1764943200000,141.6257
1764946800000,141.7370
1764950400000,141.4673
1764954000000,141.9656
1764957600000,141.8690
1764961200000,142.0858
1764964800000,141.9815
1764968400000,141.9665
1764972000000,141.9973
1764975600000,142.1845
1764979200000,142.2699
1764982800000,142.1636
1764986400000,142.1704
1764990000000,142.3029
1764993600000,142.1664
1764997200000,142.0724
1765000800000,142.1586
1765004400000,142.3241
1765008000000,141.9857
1765011600000,142.1441
1765015200000,142.1273
1765018800000,142.0728
1765022400000,142.1727
1765026000000,142.4779
1765029600000,142.6308
1765033200000,142.4714
1765036800000,142.5462
1765040400000,142.4203
1765044000000,142.4502
1765047600000,142.4204
1765051200000,142.6031
1765054800000,142.4938
1765058400000,142.2890
1765062000000,142.2516
1765065600000,142.3882
1765069200000,142.3538
1765072800000,142.5435
1765076400000,142.6805
1765080000000,142.5853
1765083600000,142.4997
1765087200000,142.6125
1765090800000,142.4050
1765094400000,142.3909
1765098000000,142.1171
1765101600000,142.2118
1765105200000,142.1016
1765108800000,142.3493
1765112400000,142.0573
1765116000000,142.2993
1765119600000,142.5970
1765123200000,142.7969
1765126800000,142.4750
1765130400000,142.5834
1765134000000,142.5861
1765137600000,142.5382
1765141200000,142.3602
1765144800000,142.4439
1765148400000,142.7536
1765152000000,142.7837
1765155600000,142.8640
1765159200000,142.9407
1765162800000,142.7239
1765166400000,142.6396
1765170000000,142.5676
1765173600000,142.6679
1765177200000,142.6811
1765180800000,142.8644
1765184400000,142.8539
1765188000000,142.9480
1765191600000,142.9301
1765195200000,143.1215
1765198800000,142.8470
1765202400000,142.4627
1765206000000,141.9711
1765209600000,141.7538
1765213200000,141.8281
1765216800000,141.7895
1765220400000,141.6865
1765224000000,142.1193
1765227600000,142.4208
1765231200000,142.1546
1765234800000,142.0052
1765238400000,141.8941
1765242000000,141.6939
1765245600000,141.8056
1765249200000,141.6275
1765252800000,141.5508
1765256400000,141.4149
1765260000000,141.4002
1765263600000,141.5063
1765267200000,141.4615
1765270800000,141.3924
1765274400000,141.5177
1765278000000,141.4086
1765281600000,141.2700
1765285200000,141.2734
1765288800000,141.3112
1765292400000,141.7668
1765296000000,141.4984
1765299600000,140.9410
1765303200000,140.8423
1765306800000,140.9286
1765310400000,140.7316
1765314000000,140.3745
1765317600000,140.2736
1765321200000,140.0172
1765324800000,139.5807
1765328400000,139.6921
1765332000000,139.6737
1765335600000,139.6270
1765339200000,139.4840
1765342800000,139.6421
1765346400000,139.7352
1765350000000,139.7537
1765353600000,139.6239
1765357200000,139.4226
1765360800000,139.3591
1765364400000,139.1169
1765368000000,139.0117
1765371600000,139.1169
1765375200000,139.1314
1765378800000,139.1910
1765382400000,139.1624
1765386000000,138.9672
1765389600000,138.9773
1765393200000,139.2620
1765396800000,139.3809
1765400400000,139.4725
1765404000000,139.5247
1765407600000,139.3436
1765411200000,139.1700
1765414800000,138.7894
1765418400000,138.6322
1765422000000,138.9075
1765425600000,138.9804
1765429200000,139.0041
1765432800000,139.0540
1765436400000,138.8863
1765440000000,138.8113
1765443600000,138.9126
1765447200000,138.9443
1765450800000,138.9952
1765454400000,138.7625
1765458000000,139.0007
1765461600000,138.8678
1765465200000,138.9718
1765468800000,138.9968
1765472400000,139.1785
1765476000000,139.5666
1765479600000,139.8167
1765483200000,140.1452
1765486800000,140.7214
1765490400000,140.3905
1765494000000,140.5870
1765497600000,140.5332
1765501200000,140.4769
1765504800000,140.6623
1765508400000,140.6943
1765512000000,140.5305
1765515600000,140.6718
1765519200000,140.6165
1765522800000,140.5781
1765526400000,140.4242
1765530000000,140.4556
1765533600000,140.4219
1765537200000,140.4619
1765540800000,140.4848
1765544400000,140.4952
1765548000000,140.9475
1765551600000,141.1951
1765555200000,141.3848
1765558800000,141.4198
1765562400000,141.6199
1765566000000,141.4771
1765569600000,141.3404
1765573200000,141.4233
1765576800000,141.4741
1765580400000,141.5722
1765584000000,141.5488
1765587600000,141.5783
1765591200000,141.6806
1765594800000,141.8550
1765598400000,141.8067
1765602000000,141.7665
1765605600000,141.8309
1765609200000,141.7051
1765612800000,141.5801
1765616400000,141.5576
1765620000000,141.6938
1765623600000,141.6385
1765627200000,141.6772
1765630800000,141.7390
1765634400000,141.5946
1765638000000,142.0437
1765641600000,142.0300
1765645200000,141.9788
1765648800000,141.8067
1765652400000,141.8080
1765656000000,141.8360
1765659600000,141.7996
1765663200000,141.8141
1765666800000,141.9269
1765670400000,141.8969
1765674000000,141.8252
1765677600000,141.8025
1765681200000,141.7973
1765684800000,141.8448
1765688400000,141.8000
1765692000000,141.7436
1765695600000,141.8838
1765699200000,141.9184
1765702800000,141.7768
1765706400000,141.6229
1765710000000,141.4788
1765713600000,141.4777
1765717200000,141.4343
1765720800000,141.2918
1765724400000,141.1752
1765728000000,140.8435
1765731600000,140.8509
1765735200000,140.8506
1765738800000,140.6442
1765742400000,140.7043
1765746000000,140.5248
1765749600000,140.5664
1765753200000,140.5358
1765756800000,140.8176
1765760400000,140.9808
1765764000000,140.8921
1765767600000,141.0650
1765771200000,141.0514
1765774800000,141.0114
1765778400000,140.9295
1765782000000,141.0200
1765785600000,140.8474
1765789200000,140.7744
1765792800000,140.6301
1765796400000,140.4226
1765800000000,140.5097
1765803600000,140.6559
1765807200000,140.3933
1765810800000,139.7510
1765814400000,139.3751
1765818000000,139.4315
1765821600000,140.0180
1765825200000,139.8929
1765828800000,139.6676
1765832400000,140.0301
1765836000000,139.9834
1765839600000,140.1337
1765843200000,139.8626
1765846800000,139.9061
1765850400000,140.0296
1765854000000,140.1029
1765857600000,140.3372
1765861200000,140.4686
1765864800000,140.8558
1765868400000,140.6178
1765872000000,140.5728
1765875600000,140.7673
1765879200000,140.8967
1765882800000,141.0958
1765886400000,141.2967
1765890000000,141.1820
1765893600000,141.7365
1765897200000,142.0022
1765900800000,141.8678
1765904400000,141.7177
1765908000000,141.7879
1765911600000,141.7243
1765915200000,141.6885
1765918800000,141.8471
1765922400000,141.8760
1765926000000,141.8997
1765929600000,141.6745
1765933200000,141.6038
1765936800000,141.2781
1765940400000,141.1004
1765944000000,140.8517
1765947600000,140.8054
1765951200000,141.1817
1765954800000,141.2648
1765958400000,140.9599
1765962000000,140.9097
1765965600000,140.8364
1765969200000,141.0806
1765972800000,141.2023
1765976400000,141.3250
1765980000000,141.9916
1765983600000,141.2662
1765987200000,141.4240
1765990800000,141.1841
1765994400000,141.0728
1765998000000,141.2371
1766001600000,141.2097
1766005200000,141.1077
1766008800000,141.3362
1766012400000,141.2737
1766016000000,141.3630
1766019600000,141.2054
1766023200000,141.5943
1766026800000,141.1461
1766030400000,141.1108
1766034000000,140.8661
1766037600000,141.0635
1766041200000,141.0271
1766044800000,141.1568
1766048400000,141.3045
1766052000000,141.2908
1766055600000,141.2515
1766059200000,140.9932
1766062800000,140.9199
1766066400000,140.5778
1766070000000,140.6819
1766073600000,140.5994
1766077200000,140.5898
1766080800000,140.6092
1766084400000,139.8906
1766088000000,139.8902
1766091600000,140.0978
1766095200000,140.1632
1766098800000,140.0399
1766102400000,140.1091
1766106000000,139.7619
1766109600000,139.7819
1766113200000,139.8679
1766116800000,139.7478
1766120400000,139.8719
1766124000000,139.8854
1766127600000,140.0615
1766131200000,140.2700
1766134800000,140.2361
1766138400000,140.3371
1766142000000,140.3308
1766145600000,140.0710
1766149200000,140.1929
1766152800000,140.0570
1766156400000,140.0322
1766160000000,140.1171
1766163600000,139.7852
1766167200000,139.7039
1766170800000,140.1909
1766174400000,140.4132
1766178000000,140.2361
1766181600000,140.4429
1766185200000,140.4634
1766188800000,140.3585
1766192400000,140.2802
1766196000000,140.4237
1766199600000,140.4677
1766203200000,140.3603
1766206800000,140.4072
1766210400000,140.4000
1766214000000,140.3726
1766217600000,140.3147
1766221200000,140.2712
1766224800000,140.2629
1766228400000,140.2510
1766232000000,140.1730
1766235600000,140.3463
1766239200000,140.3321
1766242800000,140.3942
1766246400000,140.3654
1766250000000,140.3521
1766253600000,140.4182
1766257200000,140.3562
1766260800000,140.2760
1766264400000,140.2931
1766268000000,140.3824
1766271600000,140.5022
1766275200000,140.4925
1766278800000,140.3386
1766282400000,140.0794
1766286000000,140.1871
1766289600000,140.0399
1766293200000,140.1004
1766296800000,140.1069
1766300400000,140.0747
1766304000000,140.3412
1766307600000,140.5327
1766311200000,140.4699
1766314800000,140.4696
1766318400000,140.7014
1766322000000,140.1332
1766325600000,140.2188
1766329200000,140.0477
1766332800000,140.2378
1766336400000,140.3258
1766340000000,140.2878
1766343600000,140.4292
1766347200000,140.2509
1766350800000,140.3176
1766354400000,140.4029
1766358000000,140.5172
1766361600000,140.1695
1766365200000,140.1369
1766368800000,140.0739
1766372400000,140.0738
1766376000000,140.0234
1766379600000,140.0457
1766383200000,140.2814
1766386800000,140.3250
1766390400000,140.7710
1766394000000,140.7133
1766397600000,140.9483
1766401200000,140.8434
1766404800000,140.9011
1766408400000,140.6223
1766412000000,140.8719
1766415600000,140.7936
1766419200000,140.8146
1766422800000,140.8922
1766426400000,141.0424
1766430000000,140.4836
1766433600000,140.6144
1766437200000,140.3787
1766440800000,140.4440
1766444400000,140.3616
1766448000000,140.2036
1766451600000,140.1240
1766455200000,140.2512
1766458800000,140.3287
1766462400000,140.1968
1766466000000,140.1198
1766469600000,139.9521
1766473200000,139.9336
1766476800000,139.9296
1766480400000,139.9681
1766484000000,140.0829
1766487600000,140.2085
1766491200000,140.3131
1766494800000,140.3629
1766498400000,139.9002
1766502000000,140.2384
1766505600000,140.3464
1766509200000,140.0862
1766512800000,140.2809
1766516400000,139.9793
1766520000000,139.5979
1766523600000,139.6299
1766527200000,139.5594
1766530800000,139.6163
1766534400000,139.7158
1766538000000,139.6986
1766541600000,139.6083
1766545200000,139.6582
1766548800000,139.6494
1766552400000,139.5702
1766556000000,139.5791
1766559600000,139.4748
1766563200000,139.4874
1766566800000,139.5456
1766570400000,139.6276
1766574000000,139.7848
1766577600000,139.8823
1766581200000,139.9025
1766584800000,139.8874
1766588400000,139.8797
1766592000000,139.9463
1766595600000,140.0501
1766599200000,140.1469
1766602800000,140.2226
1766606400000,140.3279
1766610000000,140.1959
1766613600000,140.3210
1766617200000,140.1792
1766620800000,140.2045
1766624400000,140.2110
1766628000000,140.2048
1766631600000,140.1867
1766635200000,140.1068
1766638800000,140.1180
1766642400000,140.1850
1766646000000,140.1845
1766649600000,140.0917
1766653200000,140.0986
1766656800000,139.9160
1766660400000,139.9500
1766664000000,139.9512
1766667600000,139.8712
1766671200000,139.9486
1766674800000,140.1014
1766678400000,140.0673
1766682000000,140.0376
1766685600000,140.0242
1766689200000,139.9846
1766692800000,139.9071
1766696400000,140.0708
1766700000000,140.0570
1766703600000,139.6678
1766707200000,139.6443
1766710800000,139.7074
1766714400000,140.3591
1766718000000,140.2061
1766721600000,140.1916
1766725200000,140.1659
1766728800000,140.3500
1766732400000,140.1372
1766736000000,140.2150
1766739600000,140.1401
1766743200000,140.0227
1766746800000,139.9332
1766750400000,140.0188
1766754000000,140.0827
1766757600000,139.5535
1766761200000,139.2269
1766764800000,139.2768
1766768400000,139.5088
1766772000000,139.5796
1766775600000,139.6291
1766779200000,139.8001
1766782800000,139.7467
1766786400000,139.7211
1766790000000,139.6301
1766793600000,139.7102
1766797200000,139.7891
1766800800000,139.7079
1766804400000,139.7084
1766808000000,139.7053
1766811600000,139.8045
1766815200000,139.9458
1766818800000,139.9917
1766822400000,139.9825
1766826000000,139.8949
1766829600000,140.1515
1766833200000,140.0210
1766836800000,139.9439
1766840400000,139.9873
1766844000000,139.9863
1766847600000,140.1406
1766851200000,140.1967
1766854800000,140.0681
1766858400000,140.0531
1766862000000,140.0767
1766865600000,140.0526
1766869200000,140.1444
1766872800000,140.1018
1766876400000,140.1796
1766880000000,140.0825
1766883600000,139.9216
1766887200000,139.9564
1766890800000,139.9876
1766894400000,140.1484
1766898000000,140.1820
1766901600000,140.1269
1766905200000,140.2058
1766908800000,140.3412
1766912400000,140.3696
1766916000000,140.4556
1766919600000,140.8547
1766923200000,140.9763
1766926800000,141.1387
1766930400000,141.0196
1766934000000,141.0945
1766937600000,141.4109
1766941200000,141.4596
1766944800000,141.1842
1766948400000,141.1383
1766952000000,141.2168
1766955600000,141.0042
1766959200000,141.0873
1766962800000,141.0605
1766966400000,141.1728
1766970000000,141.1294
1766973600000,141.2808
1766977200000,141.2746
1766980800000,141.3270
1766984400000,141.0225
1766988000000,140.8771
1766991600000,140.8874
1766995200000,140.8367
1766998800000,140.2078
1767002400000,140.3541
1767006000000,140.2887
1767009600000,140.6368
1767013200000,140.5811
1767016800000,140.6535
1767020400000,140.8306
1767024000000,140.7917
1767027600000,140.8376
1767031200000,140.8772
1767034800000,140.6624
1767038400000,140.6011
1767042000000,140.6625
1767045600000,140.5842
1767049200000,140.4539
1767052800000,140.4071
1767056400000,140.5215
1767060000000,140.3904
1767063600000,140.2882
1767067200000,140.3389
1767070800000,140.3028
1767074400000,140.4986
1767078000000,140.4577
1767081600000,140.3621
1767085200000,140.2979
1767088800000,140.3430
1767092400000,140.2534
1767096000000,140.3947
1767099600000,140.7110
1767103200000,140.9488
1767106800000,141.2009
1767110400000,141.0227
1767114000000,140.8949
1767117600000,140.9558
1767121200000,140.8793
1767124800000,140.8769
1767128400000,141.0558
1767132000000,141.1459
1767135600000,141.1075
1767139200000,140.9658
1767142800000,141.0776
1767146400000,140.9857
1767150000000,140.9986
1767153600000,141.0634
1767157200000,141.1608
1767160800000,141.3611
1767164400000,141.5099
1767168000000,141.4384
1767171600000,141.3779
1767175200000,141.5790
1767178800000,141.3654
1767182400000,141.3520
1767186000000,141.3982
1767189600000,141.0139
1767193200000,140.6769
1767196800000,140.5716
1767200400000,140.6177
1767204000000,140.6444
1767207600000,140.7582
1767211200000,140.6974
1767214800000,140.8134
1767218400000,140.7704
1767222000000,140.8110
1767225600000,140.8841
1767229200000,141.2867
1767232800000,141.2163
1767236400000,141.0735
1767240000000,140.6554
1767243600000,140.5721
1767247200000,140.5869
1767250800000,140.3864
1767254400000,140.5082
1767258000000,140.4718
1767261600000,140.5100
1767265200000,140.5438
1767268800000,140.3853
1767272400000,140.4292
1767276000000,140.3692
1767279600000,140.4092
1767283200000,140.4432
1767286800000,140.6053
1767290400000,140.5396
1767294000000,140.6555
1767297600000,140.6580
1767301200000,140.6579
1767304800000,140.5924
1767308400000,140.6722
1767312000000,140.6390
1767315600000,140.4720
1767319200000,140.5196
1767322800000,140.5096
1767326400000,140.4598
1767330000000,140.5255
1767333600000,140.4589
1767337200000,140.4757
1767340800000,140.5991
1767344400000,140.6878
1767348000000,140.6835
1767351600000,140.6144
1767355200000,140.5443
1767358800000,140.5354
1767362400000,140.4086
1767366000000,140.4084
1767369600000,140.6813
1767373200000,140.8579
1767376800000,140.3689
1767380400000,140.2090
1767384000000,140.1424
1767387600000,140.2858
1767391200000,140.4633
1767394800000,140.2743
1767398400000,140.2888
1767402000000,140.2603
1767405600000,140.2673
1767409200000,140.3381
1767412800000,140.4040
1767416400000,140.2499
1767420000000,140.2451
1767423600000,140.1445
1767427200000,140.1859
1767430800000,140.1929
1767434400000,140.1633
1767438000000,140.1820
1767441600000,140.2935
1767445200000,140.4127
1767448800000,140.2663
1767452400000,140.2110
1767456000000,140.3301
1767459600000,140.3548
1767463200000,140.2574
1767466800000,140.2721
1767470400000,140.4239
1767474000000,140.5540
1767477600000,140.4960
1767481200000,140.4526
1767484800000,140.4825
1767488400000,140.6369
1767492000000,140.6181
1767495600000,140.7195
1767499200000,141.1255
1767502800000,141.0839
1767506400000,140.9317
1767510000000,141.0761
1767513600000,141.1098
1767517200000,141.0876
1767520800000,141.1776
1767524400000,140.9869
1767528000000,141.0765
1767531600000,141.1675
1767535200000,141.1685
1767538800000,141.3296
1767542400000,141.7258
1767546000000,141.9697
1767549600000,141.5994
1767553200000,141.4528
1767556800000,141.6087
1767560400000,141.5799
1767564000000,141.4522
1767567600000,141.6419
1767571200000,142.0218
1767574800000,142.0178
1767578400000,142.0219
1767582000000,141.9819
1767585600000,141.8689
1767589200000,141.8686
1767592800000,142.2267
1767596400000,142.2095
1767600000000,142.0307
1767603600000,142.0389
1767607200000,142.5166
1767610800000,142.7343
1767614400000,142.5954
1767618000000,142.6491
1767621600000,142.8686
1767625200000,142.8032
1767628800000,142.7670
1767632400000,142.7256
1767636000000,142.6491
1767639600000,142.8086
1767643200000,142.4865
1767646800000,142.4969
1767650400000,142.5604
1767654000000,142.4786
1767657600000,142.5196
1767661200000,142.3504
1767664800000,142.1735
1767668400000,142.2999
1767672000000,142.3345
1767675600000,142.1660
1767679200000,142.0200
1767682800000,141.9083
1767686400000,142.0512
1767690000000,142.4294
1767693600000,142.3341
1767697200000,142.4119
1767700800000,142.4081
1767704400000,142.3969
1767708000000,142.1690
1767711600000,142.0770
1767715200000,141.2355
1767718800000,140.7231
1767722400000,141.0043
1767726000000,140.9818
1767729600000,141.1588
1767733200000,141.4065
1767736800000,141.4948
1767740400000,141.6381
1767744000000,141.1920
1767747600000,141.1377
1767751200000,141.2809
1767754800000,141.1610
1767758400000,141.2970
1767762000000,141.4665
1767765600000,141.5619
1767769200000,141.9100
1767772800000,141.7590
1767776400000,141.6739
1767780000000,141.5498
1767783600000,141.5632
1767787200000,141.3243
1767790800000,141.3211
1767794400000,141.5815
1767798000000,141.4374
1767801600000,141.4687
1767805200000,141.4957
1767808800000,141.3351
1767812400000,141.5234
1767816000000,141.4963
1767819600000,141.4415
1767823200000,141.4535
1767826800000,141.4286
1767830400000,141.5223
1767834000000,141.4075
1767837600000,141.0835
1767841200000,141.1618
1767844800000,141.1490
1767848400000,141.2071
1767852000000,140.5071
1767855600000,140.7581
1767859200000,140.6790
1767862800000,140.5757
1767866400000,140.7850
1767870000000,140.7957
1767873600000,140.9358
1767877200000,140.9516
1767880800000,141.2481
1767884400000,141.5191
1767888000000,141.3696
1767891600000,141.4861
1767895200000,141.4236
1767898800000,141.4498
1767902400000,141.6538
1767906000000,141.7448
1767909600000,141.7108
1767913200000,141.8518
1767916800000,141.9188
1767920400000,141.7348
1767924000000,141.7497
1767927600000,141.9083
1767931200000,141.8441
1767934800000,141.9960
1767938400000,141.8517
1767942000000,141.6542
1767945600000,141.5132
1767949200000,141.4366
1767952800000,141.5547
1767956400000,141.6123
1767960000000,141.6837
1767963600000,141.6079
1767967200000,141.5036
1767970800000,141.9496
1767974400000,142.0991
1767978000000,142.2890
1767981600000,142.0791
1767985200000,141.9160
1767988800000,142.0067
1767992400000,142.1159
1767996000000,142.1756
1767999600000,142.1643
1768003200000,142.2862
1768006800000,142.3093
1768010400000,142.3869
1768014000000,142.7930
1768017600000,142.7466
1768021200000,142.7826
1768024800000,142.6452
1768028400000,142.6054
1768032000000,142.5466
1768035600000,142.3449
1768039200000,142.3636
1768042800000,142.2765
1768046400000,142.1926
1768050000000,142.4049
1768053600000,142.5546
1768057200000,142.7478
1768060800000,142.7948
1768064400000,142.6816
1768068000000,142.9496
1768071600000,143.0830
1768075200000,142.8351
1768078800000,142.5713
1768082400000,142.5565
1768086000000,142.7567
1768089600000,142.6481
1768093200000,142.6898
1768096800000,142.9156
1768100400000,143.0232
1768104000000,143.0228
1768107600000,143.0143
1768111200000,143.0612
1768114800000,143.0551
1768118400000,143.1540
1768122000000,142.9066
1768125600000,142.8153
1768129200000,142.8275
1768132800000,142.8604
1768136400000,142.9155
1768140000000,142.6536
1768143600000,142.4807
1768147200000,142.3332
1768150800000,142.3219
1768154400000,142.1589
1768158000000,142.0305
1768161600000,142.0696
1768165200000,142.1427
1768168800000,142.0816
1768172400000,142.2208
1768176000000,142.2756
1768179600000,142.3624
1768183200000,142.5922
1768186800000,142.2383
1768190400000,142.5758
1768194000000,142.4587
1768197600000,142.3367
1768201200000,142.2733
1768204800000,142.1439
1768208400000,141.9485
1768212000000,141.8651
1768215600000,141.9567
1768219200000,142.0605
1768222800000,142.0033
1768226400000,142.2049
1768230000000,142.4744
1768233600000,142.8024
1768237200000,142.8305
1768240800000,143.0587
1768244400000,142.9284
1768248000000,142.8888
1768251600000,142.6635
1768255200000,142.9064
1768258800000,142.9287
1768262400000,142.8501
1768266000000,142.6932
1768269600000,142.6761
1768273200000,142.6849
1768276800000,142.8147
1768280400000,142.8727
1768284000000,143.1301
1768287600000,143.1020
1768291200000,143.0196
1768294800000,142.9574
1768298400000,142.9281
1768302000000,142.7981
1768305600000,142.9379
1768309200000,142.8175
1768312800000,143.0368
1768316400000,143.2829
1768320000000,143.5110
1768323600000,143.4747
1768327200000,144.4416
1768330800000,144.4414
1768334400000,144.6895
1768338000000,144.3576
1768341600000,143.5898
1768345200000,143.3600
1768348800000,143.5015
1768352400000,143.3031
1768356000000,143.5435
1768359600000,143.4561
1768363200000,143.0977
1768366800000,142.8990
1768370400000,142.7563
1768374000000,142.7609
1768377600000,142.6622
1768381200000,142.8287
1768384800000,142.9788
1768388400000,142.8534
1768392000000,143.1395
1768395600000,142.8962
1768399200000,143.4597
1768402800000,143.6752
1768406400000,143.6788
1768410000000,143.8477
1768413600000,143.8580
1768417200000,143.6987
1768420800000,143.6929
1768424400000,143.8707
1768428000000,143.8533
1768431600000,143.9746
1768435200000,143.7815
1768438800000,143.5550
1768442400000,143.5163
1768446000000,143.6452
1768449600000,143.7495
1768453200000,143.7406
1768456800000,143.4205
1768460400000,143.6965
1768464000000,143.7913
1768467600000,143.4573
1768471200000,143.2669
1768474800000,143.3041
1768478400000,143.3525
1768482000000,143.3865
1768485600000,143.1746
1768489200000,143.6633
1768492800000,143.7975
1768496400000,144.0894
1768500000000,143.5295
1768503600000,143.0547
1768507200000,142.8924
1768510800000,143.1226
1768514400000,143.0857
1768518000000,142.9069
1768521600000,143.0504
1768525200000,143.0892
1768528800000,143.1256
1768532400000,143.0540
1768536000000,143.0634
1768539600000,143.2088
1768543200000,143.3040
1768546800000,143.2277
1768550400000,143.3441
1768554000000,143.3111
1768557600000,143.2113
1768561200000,143.2961
1768564800000,143.1711
1768568400000,143.1817
1768572000000,143.0485
1768575600000,142.9898
1768579200000,143.0722
1768582800000,143.1706
1768586400000,143.2124
1768590000000,143.2451
1768593600000,143.4552
1768597200000,143.4633
1768600800000,143.5948
1768604400000,143.5964
1768608000000,143.4928
1768611600000,143.6198
1768615200000,143.5358
1768618800000,143.5831
1768622400000,143.5232
1768626000000,143.5620
1768629600000,143.4601
1768633200000,143.3114
1768636800000,143.4350
1768640400000,143.6158
1768644000000,143.5382
1768647600000,143.6290
1768651200000,143.5596
1768654800000,143.7051
1768658400000,143.6251
1768662000000,143.9983
1768665600000,143.7696
1768669200000,143.9001
1768672800000,143.9904
1768676400000,143.9076
1768680000000,143.9145
1768683600000,143.9260
1768687200000,143.7581
1768690800000,143.6361
1768694400000,143.6294
1768698000000,143.5761
1768701600000,143.6407
1768705200000,143.7509
1768708800000,143.6662
1768712400000,143.5897
1768716000000,143.5626
1768719600000,143.4970
1768723200000,143.5290
1768726800000,143.4314
1768730400000,143.2875
1768734000000,143.4514
1768737600000,143.4822
1768741200000,143.3892
1768744800000,143.2169
1768748400000,143.4163
1768752000000,143.4664
1768755600000,143.4085
1768759200000,143.2346
1768762800000,143.3368
1768766400000,143.5237
1768770000000,143.5233
1768773600000,143.4112
1768777200000,142.4909
1768780800000,142.3754
1768784400000,142.4434
1768788000000,142.5307
1768791600000,142.6962
1768795200000,142.7361
1768798800000,142.7358
1768802400000,142.9000
1768806000000,142.9636
1768809600000,143.0669
1768813200000,143.1048
1768816800000,142.9294
1768820400000,142.9436
1768824000000,142.8437
1768827600000,142.9868
1768831200000,142.6970
1768834800000,142.8376
1768838400000,143.0311
1768842000000,142.9996
1768845600000,142.9563
1768849200000,142.8709
1768852800000,142.9613
1768856400000,142.8437
1768860000000,142.8030
1768863600000,142.9347
1768867200000,143.3716
1768870800000,143.3881
1768874400000,143.0931
1768878000000,143.0583
1768881600000,143.0574
1768885200000,142.6105
1768888800000,142.7227
1768892400000,142.8839
1768896000000,142.9250
1768899600000,143.0150
1768903200000,143.0734
1768906800000,142.8452
1768910400000,142.9173
1768914000000,142.8416
1768917600000,142.9587
1768921200000,143.3677
1768924800000,143.0022
1768928400000,142.6113
1768932000000,142.6742
1768935600000,142.9155
1768939200000,142.7765
1768942800000,142.7749
1768946400000,142.7262
1768950000000,142.4970
1768953600000,142.2843
1768957200000,142.1776
1768960800000,142.1186
1768964400000,142.2319
1768968000000,142.1823
1768971600000,142.4709
1768975200000,142.2037
1768978800000,141.9669
1768982400000,141.9123
1768986000000,142.0344
1768989600000,141.9891
1768993200000,141.9282
1768996800000,142.1193
1769000400000,142.2730
1769004000000,142.5740
1769007600000,142.9559
1769011200000,141.9505
1769014800000,142.0256
1769018400000,142.1532
1769022000000,142.0191
1769025600000,142.2403
1769029200000,142.3172
1769032800000,142.2947
1769036400000,142.3378
1769040000000,142.5358
1769043600000,142.4359
1769047200000,142.3747
1769050800000,142.5178
1769054400000,142.4568
1769058000000,142.4777
1769061600000,142.5405
1769065200000,142.5309
1769068800000,142.6718
1769072400000,142.7922
1769076000000,143.0442
1769079600000,143.0334
1769083200000,142.9941
1769086800000,142.8308
1769090400000,142.7650
1769094000000,142.7053
1769097600000,142.7775
1769101200000,142.9487
1769104800000,142.9831
1769108400000,143.2148
1769112000000,143.2054
1769115600000,143.0513
1769119200000,142.9755
1769122800000,143.1031
1769126400000,143.1452
1769130000000,143.2613
1769133600000,143.1979
1769137200000,143.2995
1769140800000,143.1382
1769144400000,143.0586
1769148000000,143.4000
1769151600000,143.3360
1769155200000,143.3510
1769158800000,143.2475
1769162400000,143.1982
1769166000000,143.0632
1769169600000,143.1927
1769173200000,143.3265
1769176800000,143.3269
1769180400000,143.4184
1769184000000,143.5842
1769187600000,143.7073
1769191200000,143.6896
1769194800000,143.5174
1769198400000,143.4169
1769202000000,143.2271
1769205600000,143.2746
1769209200000,143.2562
1769212800000,143.1673
1769216400000,143.1663
1769220000000,143.3169
1769223600000,143.3156
1769227200000,143.3289
1769230800000,143.3390
1769234400000,143.2310
1769238000000,143.2751
1769241600000,143.2212
1769245200000,143.2209
1769248800000,143.2115
1769252400000,143.2294
1769256000000,143.1533
1769259600000,143.2035
1769263200000,143.1230
1769266800000,142.9155
1769270400000,142.8443
1769274000000,142.9087
1769277600000,142.8884
1769281200000,142.9659
1769284800000,142.9397
1769288400000,142.9602
1769292000000,142.9121
1769295600000,142.8702
1769299200000,142.7647
1769302800000,142.6794
1769306400000,142.6475
1769310000000,142.5801
1769313600000,142.6176
1769317200000,142.5686
1769320800000,142.5159
1769324400000,142.3702
1769328000000,142.2872
1769331600000,142.3853
1769335200000,142.4302
1769338800000,142.4136
1769342400000,142.4825
1769346000000,142.5347
1769349600000,142.4753
1769353200000,142.3572
1769356800000,142.2585
1769360400000,142.2937
1769364000000,142.4511
1769367600000,142.1008
1769371200000,142.3409
1769374800000,142.3198
1769378400000,142.3714
1769382000000,142.5127
1769385600000,142.3030
1769389200000,142.4647
1769392800000,142.5239
1769396400000,142.4279
1769400000000,142.6436
1769403600000,142.6188
1769407200000,142.3890
1769410800000,142.3160
1769414400000,142.1107
1769418000000,142.1856
1769421600000,142.2574
1769425200000,142.3474
1769428800000,142.1285
1769432400000,142.2012
1769436000000,142.1067
1769439600000,142.0594
1769443200000,142.0662
1769446800000,142.0415
1769450400000,142.2812
1769454000000,142.0176
1769457600000,142.0592
1769461200000,142.0712
1769464800000,142.2127
1769468400000,142.3482
1769472000000,142.4045
1769475600000,142.5217
1769479200000,142.6749
1769482800000,142.7061
1769486400000,142.6242
1769490000000,142.5454
1769493600000,142.5717
1769497200000,142.5725
1769500800000,142.6376
1769504400000,142.5600
1769508000000,142.3686
1769511600000,142.4217
1769515200000,142.4171
1769518800000,142.5839
1769522400000,142.3371
1769526000000,142.4143
1769529600000,142.3889
1769533200000,142.3326
1769536800000,142.2626
1769540400000,142.2631
1769544000000,142.2637
1769547600000,141.8898
1769551200000,142.1020
1769554800000,141.9489
1769558400000,142.2051
1769562000000,142.0724
1769565600000,142.1535
1769569200000,142.1529
1769572800000,142.2739
1769576400000,142.3634
1769580000000,142.4846
1769583600000,142.5206
1769587200000,142.5946
1769590800000,142.8476
1769594400000,142.4493
1769598000000,142.7175
1769601600000,142.6797
1769605200000,142.8088
1769608800000,142.5827
1769612400000,142.6376
1769616000000,142.7003
1769619600000,143.0003
1769623200000,142.5324
1769626800000,142.5163
1769630400000,142.3675
1769634000000,142.4582
1769637600000,142.4938
1769641200000,142.4947
1769644800000,142.4650
1769648400000,142.2171
1769652000000,142.1113
1769655600000,142.4084
1769659200000,142.6612
1769662800000,142.6095
1769666400000,142.7706
1769670000000,142.8857
1769673600000,142.8156
1769677200000,142.8930
1769680800000,142.3990
1769684400000,142.5515
1769688000000,142.4153
1769691600000,142.3254
1769695200000,142.0452
1769698800000,140.9855
1769702400000,141.0739
1769706000000,140.5714
1769709600000,140.8425
1769713200000,140.7051
1769716800000,140.9104
1769720400000,140.9055
1769724000000,141.0324
1769727600000,141.1080
1769731200000,140.9651
1769734800000,139.9775
1769738400000,139.6863
1769742000000,140.0750
1769745600000,140.2875
1769749200000,140.2040
1769752800000,140.1030
1769756400000,140.2722
1769760000000,139.9241
1769763600000,139.5982
1769767200000,139.8691
1769770800000,139.8679
1769774400000,139.7269
1769778000000,140.2750
1769781600000,140.6426
1769785200000,140.6290
1769788800000,140.8599
1769792400000,140.8592
1769796000000,141.0485
1769799600000,141.4045
1769803200000,142.5324
1769806800000,142.3046
1769810400000,142.2531
1769814000000,142.2483
1769817600000,142.0370
1769821200000,141.9829
1769824800000,142.0233
1769828400000,141.9952
1769832000000,141.9004
1769835600000,141.8328
1769839200000,141.8012
1769842800000,141.6865
1769846400000,141.3759
1769850000000,141.4819
1769853600000,141.4520
1769857200000,141.4372
1769860800000,141.2376
1769864400000,141.1148
1769868000000,140.8935
1769871600000,140.3634
1769875200000,140.1431
1769878800000,139.9733
1769882400000,139.3639
1769886000000,139.0987
1769889600000,139.2214
1769893200000,139.0814
1769896800000,138.9033
1769900400000,139.0855
1769904000000,139.3893
1769907600000,139.2895
1769911200000,139.4754
1769914800000,139.3892
1769918400000,139.3066
1769922000000,139.3299
1769925600000,139.1683
1769929200000,139.3499
1769932800000,139.5222
1769936400000,139.5905
1769940000000,139.3606
1769943600000,139.3441
1769947200000,139.1824
1769950800000,139.1437
1769954400000,139.0641
1769958000000,138.9586
1769961600000,139.2857
1769965200000,139.4093
1769968800000,139.3512
1769972400000,139.0412
1769976000000,139.0944
1769979600000,138.9785
1769983200000,139.3590
1769986800000,139.8343
1769990400000,140.1607
1769994000000,140.1586
1769997600000,139.6970
1770001200000,139.5846
1770004800000,139.3259
1770008400000,139.0716
1770012000000,139.7183
1770015600000,140.0090
1770019200000,140.1227
1770022800000,140.2082
1770026400000,140.0976
1770030000000,140.2879
1770033600000,140.1579
1770037200000,140.0918
1770040800000,139.9549
1770044400000,140.2627
1770048000000,140.2323
1770051600000,140.4450
1770055200000,140.3855
1770058800000,140.2446
1770062400000,140.1747
1770066000000,140.3731
1770069600000,140.4805
1770073200000,140.4078
1770076800000,140.5096
1770080400000,140.4358
1770084000000,140.1478
1770087600000,140.3743
1770091200000,140.6782
1770094800000,140.6470
1770098400000,140.9912
1770102000000,141.2876
1770105600000,141.2480
1770109200000,141.0251
1770112800000,140.8030
1770116400000,140.9220
1770120000000,140.9646
1770123600000,140.8155
1770127200000,140.5633
1770130800000,140.9507
1770134400000,140.3416
1770138000000,139.5022
1770141600000,138.9537
1770145200000,139.7350
1770148800000,139.7938
1770152400000,139.5309
1770156000000,139.6065
1770159600000,139.5586
1770163200000,139.4685
1770166800000,139.6116
1770170400000,139.3719
1770174000000,139.6407
1770177600000,139.5011
1770181200000,139.3869
1770184800000,139.7524
1770188400000,139.6679
1770192000000,139.6674
1770195600000,139.3583
1770199200000,139.4770
1770202800000,139.0997
1770206400000,139.4663
1770210000000,138.8393
1770213600000,138.7384
1770217200000,138.8398
1770220800000,138.5826
1770224400000,137.5951
1770228000000,137.7076
1770231600000,137.3183
1770235200000,137.3599
1770238800000,137.6585
1770242400000,137.6746
1770246000000,137.5574
1770249600000,137.3657
1770253200000,137.1363
1770256800000,137.0680
1770260400000,137.3050
1770264000000,137.4038
1770267600000,137.4470
1770271200000,137.6764
1770274800000,137.6129
1770278400000,137.2758
1770282000000,136.9167
1770285600000,137.5083
1770289200000,137.8020
1770292800000,138.0668
1770296400000,138.1554
1770300000000,138.3548
1770303600000,139.7702
1770307200000,139.1483
1770310800000,139.8700
1770314400000,139.9494
1770318000000,140.3060
1770321600000,141.2858
1770325200000,141.6022
1770328800000,141.2659
1770332400000,141.9939
1770336000000,141.2689
1770339600000,140.2496
1770343200000,140.6582
1770346800000,140.9177
1770350400000,140.6327
1770354000000,139.8104
1770357600000,140.6445
1770361200000,140.7919
1770364800000,141.2052
1770368400000,140.4677
1770372000000,140.3362
1770375600000,140.2411
1770379200000,140.4360
1770382800000,139.9492
1770386400000,139.4761
1770390000000,139.4442
1770393600000,138.5275
1770397200000,138.0168
1770400800000,138.3877
1770404400000,138.0397
1770408000000,138.2284
1770411600000,138.2327
1770415200000,137.8828
1770418800000,138.0769
1770422400000,138.4061
1770426000000,138.1008
1770429600000,138.1430
1770433200000,137.7883
1770436800000,137.6792
1770440400000,137.7390
1770444000000,138.3361
1770447600000,138.6777
1770451200000,138.8115
1770454800000,138.8871
1770458400000,138.9496
1770462000000,138.8156
1770465600000,138.4420
1770469200000,138.4394
1770472800000,138.7884
1770476400000,138.2564
1770480000000,138.2935
1770483600000,138.1137
1770487200000,137.5186
1770490800000,137.6148
1770494400000,137.3824
1770498000000,137.4636
1770501600000,137.6596
1770505200000,137.6845
1770508800000,137.7259
1770512400000,137.5310
1770516000000,137.6553
1770519600000,137.8221
1770523200000,137.6739
1770526800000,137.7227
1770530400000,137.8133
1770534000000,137.7287
1770537600000,137.2051
1770541200000,137.4614
1770544800000,137.5354
1770548400000,136.9349
1770552000000,136.9501
1770555600000,137.0302
1770559200000,136.9966
1770562800000,137.3275
1770566400000,137.7856
1770570000000,137.6009
1770573600000,137.3137
1770577200000,137.0273
1770580800000,137.3945
1770584400000,137.5715
1770588000000,137.3309
1770591600000,137.6404
1770595200000,137.7275
1770598800000,137.9526
1770602400000,137.7803
1770606000000,137.4664
1770609600000,137.6303
1770613200000,137.5398
1770616800000,137.7780
1770620400000,138.0378
1770624000000,138.2973
1770627600000,138.4265
1770631200000,138.7505
1770634800000,138.6590
1770638400000,138.5361
1770642000000,138.7535
1770645600000,138.4028
1770649200000,138.1062
1770652800000,137.6161
1770656400000,137.0180
1770660000000,136.9627
1770663600000,136.9516
1770667200000,137.0589
1770670800000,137.1023
1770674400000,137.2185
1770678000000,137.3874
1770681600000,137.5248
1770685200000,137.1832
1770688800000,137.3351
1770692400000,138.0508
1770696000000,137.9600
1770699600000,138.2476
1770703200000,138.9809
1770706800000,139.0027
1770710400000,138.8800
1770714000000,138.8482
1770717600000,138.8944
1770721200000,139.0732
1770724800000,138.9913
1770728400000,138.7540
1770732000000,138.9641
1770735600000,138.7512
1770739200000,138.6944
1770742800000,138.4607
1770746400000,138.9701
1770750000000,138.8292
1770753600000,138.9351
1770757200000,138.9350
1770760800000,138.8729
1770764400000,138.9033
1770768000000,139.3323
1770771600000,139.0328
1770775200000,138.9186
1770778800000,138.5620
1770782400000,138.5215
1770786000000,138.1211
1770789600000,137.5965
1770793200000,137.8264
1770796800000,137.4113
1770800400000,137.2230
1770804000000,136.6959
1770807600000,137.1273
1770811200000,137.1335
1770814800000,137.6596
1770818400000,137.4223
1770822000000,137.4204
1770825600000,137.4281
1770829200000,138.1828
1770832800000,138.9268
1770836400000,138.9820
1770840000000,138.8649
1770843600000,138.9574
1770847200000,138.7687
1770850800000,138.7000
1770854400000,138.8099
1770858000000,138.8218
1770861600000,138.9210
1770865200000,139.0665
1770868800000,138.4844
1770872400000,138.6208
1770876000000,138.5147
1770879600000,138.7080
1770883200000,138.4139
1770886800000,138.5277
1770890400000,138.9472
1770894000000,139.0090
1770897600000,138.8741
1770901200000,139.1237
1770904800000,138.4656
1770908400000,138.6449
1770912000000,138.2946
1770915600000,137.8733
1770919200000,138.0811
1770922800000,138.1515
1770926400000,137.8704
1770930000000,138.1802
1770933600000,138.4121
1770937200000,138.4453
1770940800000,138.2844
1770944400000,138.7817
1770948000000,138.3853
1770951600000,138.0665
1770955200000,137.8826
1770958800000,137.4644
1770962400000,137.4543
1770966000000,137.3880
1770969600000,137.5149
1770973200000,137.6085
1770976800000,137.6231
1770980400000,137.7652
1770984000000,137.4745
1770987600000,137.3396
1770991200000,137.4912
1770994800000,137.7170
1770998400000,137.7066
1771002000000,137.8261
1771005600000,138.0700
1771009200000,137.9620
1771012800000,138.1628
1771016400000,138.2725
1771020000000,138.2504
1771023600000,138.1899
1771027200000,138.5445
1771030800000,138.5464
1771034400000,138.3352
1771038000000,138.0256
1771041600000,137.8790
1771045200000,137.8750
1771048800000,138.1601
1771052400000,138.5211
1771056000000,138.6623
1771059600000,138.8944
1771063200000,138.7610
1771066800000,139.2964
1771070400000,138.9107
1771074000000,138.9584
1771077600000,139.2731
1771081200000,139.1798
1771084800000,139.1598
1771088400000,139.1117
1771092000000,138.9861
1771095600000,139.0690
1771099200000,139.1110
1771102800000,139.0405
1771106400000,139.0471
1771110000000,139.0742
1771113600000,139.1308
1771117200000,139.5595
1771120800000,139.3098
1771124400000,139.9097
1771128000000,139.8243
1771131600000,139.6436
1771135200000,139.8142
1771138800000,140.2613
1771142400000,139.8663
1771146000000,139.7825
1771149600000,139.8969
1771153200000,139.7466
1771156800000,139.5001
1771160400000,139.2862
1771164000000,139.5454
1771167600000,139.5105
1771171200000,139.4394
1771174800000,139.5551
1771178400000,139.5242
1771182000000,139.8489
1771185600000,139.9298
1771189200000,140.1810
1771192800000,140.0577
1771196400000,139.9134
1771200000000,139.9468
1771203600000,139.8363
1771207200000,139.5512
1771210800000,139.6729
1771214400000,140.0267
1771218000000,139.5791
1771221600000,139.4420
1771225200000,139.4783
1771228800000,139.5645
1771232400000,139.7813
1771236000000,139.8741
1771239600000,139.9519
1771243200000,140.6546
1771246800000,139.6522
1771250400000,139.3411
1771254000000,138.5987
1771257600000,138.8765
1771261200000,139.0021
1771264800000,139.1007
1771268400000,139.1858
1771272000000,139.6134
1771275600000,140.0388
1771279200000,140.0460
1771282800000,140.1422
1771286400000,140.0837
1771290000000,139.8921
1771293600000,140.2490
1771297200000,140.1366
1771300800000,139.9875
1771304400000,139.8972
1771308000000,140.0225
1771311600000,139.7234
1771315200000,139.5636
1771318800000,139.5127
1771322400000,139.2979
1771326000000,139.4123
1771329600000,139.5159
1771333200000,139.5167
1771336800000,138.6768
1771340400000,138.8214
1771344000000,138.8667
1771347600000,138.7469
1771351200000,139.1481
1771354800000,138.7716
1771358400000,138.7078
1771362000000,138.5434
1771365600000,138.5057
1771369200000,138.5305
1771372800000,138.5341
1771376400000,138.3801
1771380000000,138.4593
1771383600000,138.5781
1771387200000,138.5478
1771390800000,138.3865
1771394400000,138.4276
1771398000000,138.5689
1771401600000,138.7206
1771405200000,138.7997
1771408800000,138.7179
1771412400000,138.3991
1771416000000,138.5722
1771419600000,138.3097
1771423200000,138.3081
1771426800000,138.8645
1771430400000,138.6684
1771434000000,138.6238
1771437600000,138.1041
1771441200000,137.6487
1771444800000,137.7831
1771448400000,137.8295
1771452000000,137.7644
1771455600000,137.6122
1771459200000,137.4277
1771462800000,137.8046
1771466400000,137.6955
1771470000000,137.8300
1771473600000,137.8632
1771477200000,137.8527
1771480800000,138.1453
1771484400000,137.9962
1771488000000,137.7690
1771491600000,137.8276
1771495200000,137.9126
1771498800000,137.7499
1771502400000,137.9369
1771506000000,137.5651
1771509600000,137.8440
1771513200000,137.9459
1771516800000,137.9444
1771520400000,137.9611
1771524000000,138.5092
1771527600000,138.3859
1771531200000,138.4551
1771534800000,138.3798
1771538400000,138.3864
1771542000000,138.4232
1771545600000,138.4205
1771549200000,138.4809
1771552800000,138.4922
1771556400000,138.5482
1771560000000,138.9266
1771563600000,139.1751
1771567200000,139.1483
1771570800000,139.0720
1771574400000,139.1152
1771578000000,139.2774
1771581600000,139.2559
1771585200000,138.8360
1771588800000,138.9368
1771592400000,138.3690
1771596000000,138.7293
1771599600000,139.2046
1771603200000,139.5002
1771606800000,139.6954
1771610400000,140.0077
1771614000000,140.0123
1771617600000,140.1241
1771621200000,139.9468
1771624800000,140.2128
1771628400000,140.1367
1771632000000,140.0451
1771635600000,140.3162
1771639200000,140.3427
1771642800000,140.0720
1771646400000,140.2541
1771650000000,140.2689
1771653600000,140.1466
1771657200000,140.1685
1771660800000,140.3109
1771664400000,140.4169
1771668000000,140.4645
1771671600000,140.3331
1771675200000,140.4752
1771678800000,140.6224
1771682400000,140.5404
1771686000000,140.2324
1771689600000,139.9191
1771693200000,140.0738
1771696800000,140.1815
1771700400000,140.1132
1771704000000,140.0767
1771707600000,140.1359
1771711200000,139.9578
1771714800000,139.9689
1771718400000,139.8552
1771722000000,140.0640
1771725600000,139.7863
1771729200000,139.6379
1771732800000,139.5961
1771736400000,139.4349
1771740000000,139.6444
1771743600000,139.6717
1771747200000,139.6400
1771750800000,139.8183
1771754400000,139.8103
1771758000000,139.8755
1771761600000,139.7194
1771765200000,139.7947
1771768800000,139.5331
1771772400000,139.4520
1771776000000,139.2803
1771779600000,139.1794
1771783200000,139.1736
1771786800000,139.2409
1771790400000,139.1943
1771794000000,139.3360
1771797600000,139.3091
1771801200000,139.2366
1771804800000,138.5905
1771808400000,137.0990
1771812000000,137.2751
1771815600000,137.6195
1771819200000,137.3745
1771822800000,137.9417
1771826400000,138.5115
1771830000000,138.5548
1771833600000,138.4756
1771837200000,138.8724
1771840800000,138.7679
1771844400000,138.5759
1771848000000,138.8507
1771851600000,138.6566
1771855200000,138.7476
1771858800000,138.5169
1771862400000,138.3858
1771866000000,138.1033
1771869600000,138.1421
1771873200000,137.4702
1771876800000,137.7690
1771880400000,137.8391
1771884000000,138.0934
1771887600000,138.0983
1771891200000,138.5057
1771894800000,138.2397
1771898400000,138.1726
1771902000000,137.6808
1771905600000,137.4610
1771909200000,137.2579
1771912800000,137.0876
1771916400000,137.2582
1771920000000,137.4582
1771923600000,137.2176
1771927200000,137.2417
1771930800000,137.0314
1771934400000,136.8394
1771938000000,136.7197
1771941600000,136.5865
1771945200000,136.9822
1771948800000,137.0640
1771952400000,137.0056
1771956000000,137.2952
1771959600000,137.4099
1771963200000,137.2640
1771966800000,136.7459
1771970400000,136.7459
1771974000000,136.6371
1771977600000,136.8304
1771981200000,137.4740
1771984800000,137.4520
1771988400000,137.1130
1771992000000,137.2773
1771995600000,137.0688
1771999200000,137.2561
1772002800000,137.3471
1772006400000,137.6422
1772010000000,137.7688
1772013600000,137.6913
1772017200000,137.5280
1772020800000,137.8127
1772024400000,137.9264
1772028000000,137.9940
1772031600000,138.1263
1772035200000,138.2931
1772038800000,138.1460
1772042400000,138.9596
1772046000000,138.7756
1772049600000,138.7133
1772053200000,138.1304
1772056800000,137.9519
1772060400000,138.0851
1772064000000,138.2814
1772067600000,138.1044
1772071200000,138.2877
1772074800000,138.2099
1772078400000,138.1624
1772082000000,138.1310
1772085600000,137.8563
1772089200000,137.7425
1772092800000,137.8691
1772096400000,138.0870
1772100000000,137.8288
1772103600000,137.5782
1772107200000,137.6509
1772110800000,137.5614
1772114400000,137.6874
1772118000000,137.7308
1772121600000,137.7642
1772125200000,137.9498
1772128800000,138.1889
1772132400000,138.0944
1772136000000,137.9125
1772139600000,137.9070
1772143200000,138.1314
1772146800000,138.1802
1772150400000,138.2807
1772154000000,138.2328
1772157600000,138.3870
1772161200000,138.0870
1772164800000,138.4920
1772168400000,138.5038
1772172000000,138.3464
1772175600000,138.3183
1772179200000,138.5935
1772182800000,138.4340
1772186400000,137.9863
1772190000000,137.9557
1772193600000,137.8391
1772197200000,137.9814
1772200800000,138.0103
1772204400000,138.2554
1772208000000,137.9728
1772211600000,138.2053
1772215200000,138.1077
1772218800000,138.0537
1772222400000,138.2668
1772226000000,138.2684
1772229600000,138.4096
1772233200000,138.5538
1772236800000,138.5787
1772240400000,138.4845
1772244000000,138.6988
1772247600000,138.7171
1772251200000,138.3899
1772254800000,138.3576
1772258400000,137.0090
1772262000000,137.2448
1772265600000,136.8341
1772269200000,136.9284
1772272800000,137.1732
1772276400000,137.1001
1772280000000,137.3028
1772283600000,137.6849
1772287200000,137.4152
1772290800000,137.7257
1772294400000,137.7654
1772298000000,138.1288
1772301600000,138.2335
1772305200000,138.4030
1772308800000,138.7821
1772312400000,138.6529
1772316000000,138.8876
1772319600000,138.7455
1772323200000,138.7234
1772326800000,138.4212
1772330400000,138.4888
1772334000000,138.5496
1772337600000,138.7356
1772341200000,138.6432
1772344800000,138.4780
1772348400000,138.4285
1772352000000,138.1026
1772355600000,138.1173
1772359200000,138.3172
1772362800000,138.3299
1772366400000,138.1384
1772370000000,138.3338
1772373600000,138.6041
1772377200000,138.6747
1772380800000,138.3332
1772384400000,138.2630
1772388000000,138.4290
1772391600000,138.4671
1772395200000,138.3987
1772398800000,138.2372
1772402400000,138.3275
1772406000000,138.5493
1772409600000,138.7106
1772413200000,138.8105
1772416800000,138.8723
1772420400000,139.0371
1772424000000,138.9537
1772427600000,138.9334
1772431200000,138.7259
1772434800000,138.5669
1772438400000,138.7365
1772442000000,138.7197
1772445600000,138.8934
1772449200000,139.1421
1772452800000,139.0835
1772456400000,138.8094
1772460000000,139.9310
1772463600000,139.9301
1772467200000,139.8333
1772470800000,139.8736
1772474400000,139.5652
1772478000000,139.0281
1772481600000,139.1904
1772485200000,139.3025
1772488800000,139.3802
1772492400000,139.4270
1772496000000,139.6424
1772499600000,139.3964
1772503200000,139.3705
1772506800000,139.3843
1772510400000,139.3218
1772514000000,139.1857
1772517600000,139.2452
1772521200000,139.3640
1772524800000,138.8461
1772528400000,138.5243
1772532000000,138.7571
1772535600000,138.8665
1772539200000,139.0593
1772542800000,138.8686
1772546400000,138.7641
1772550000000,139.4905
1772553600000,139.7639
1772557200000,139.8947
1772560800000,139.9849
1772564400000,139.7838
1772568000000,139.7425
1772571600000,139.6864
1772575200000,139.8463
1772578800000,139.8326
1772582400000,139.6744
1772586000000,139.9443
1772589600000,139.9515
1772593200000,139.6002
1772596800000,139.7083
1772600400000,139.9466
1772604000000,140.1218
1772607600000,140.5863
1772611200000,141.1567
1772614800000,141.2822
1772618400000,141.1914
1772622000000,141.3853
1772625600000,141.5768
1772629200000,141.6438
1772632800000,141.2490
1772636400000,141.5347
1772640000000,141.5249
1772643600000,141.2888
1772647200000,141.4622
1772650800000,141.1383
1772654400000,141.2204
1772658000000,141.3996
1772661600000,141.1755
1772665200000,141.3217
1772668800000,141.3575
1772672400000,141.1819
1772676000000,141.0320
1772679600000,141.0891
1772683200000,140.9820
1772686800000,140.9574
1772690400000,140.9390
1772694000000,140.8373
1772697600000,140.9065
1772701200000,141.1504
1772704800000,141.5993
1772708400000,141.3314
1772712000000,141.3718
1772715600000,141.3602
1772719200000,141.3769
1772722800000,141.1831
1772726400000,141.0727
1772730000000,140.7345
1772733600000,140.7396
1772737200000,140.6195
1772740800000,140.5845
1772744400000,140.5554
1772748000000,140.6928
1772751600000,140.5830
1772755200000,140.5867
1772758800000,140.7341
1772762400000,140.7397
1772766000000,140.5959
1772769600000,140.1453
1772773200000,140.1212
1772776800000,140.1334
1772780400000,140.3849
1772784000000,140.1742
1772787600000,140.1230
1772791200000,139.9315
1772794800000,139.8220
1772798400000,139.6722
1772802000000,139.5603
1772805600000,139.3722
1772809200000,139.6417
1772812800000,139.8550
1772816400000,139.5385
1772820000000,139.7017
1772823600000,139.4398
1772827200000,139.4316
1772830800000,139.4781
1772834400000,139.4408
1772838000000,139.2879
1772841600000,139.4893
1772845200000,139.4381
1772848800000,139.3674
1772852400000,139.2232
1772856000000,139.3311
1772859600000,139.2238
1772863200000,139.0876
1772866800000,139.0310
1772870400000,139.1454
1772874000000,139.2153
1772877600000,138.9454
1772881200000,138.9991
1772884800000,139.0702
1772888400000,139.0323
1772892000000,139.0290
1772895600000,138.8976
1772899200000,138.8502
1772902800000,138.7922
1772906400000,138.7118
1772910000000,138.5365
1772913600000,138.5823
1772917200000,138.5372
1772920800000,138.3988
1772924400000,138.3494
1772928000000,138.2356
1772931600000,138.3652
1772935200000,138.4510
1772938800000,138.4430
1772942400000,138.2694
1772946000000,138.6006
1772949600000,138.7142
1772953200000,138.7167
1772956800000,138.7337
1772960400000,138.7956
1772964000000,138.9143
1772967600000,138.9820
1772971200000,138.8961
1772974800000,138.6557
1772978400000,138.8136
1772982000000,138.6434
1772985600000,138.3002
1772989200000,138.4835
1772992800000,138.4601
1772996400000,138.4163
1773000000000,138.3915
1773003600000,138.3347
1773007200000,137.8123
1773010800000,137.5690
1773014400000,137.7925
1773018000000,137.7144
1773021600000,137.8903
1773025200000,138.3662
1773028800000,138.2574
1773032400000,138.5246
1773036000000,138.2482
1773039600000,138.3425
1773043200000,138.5095
1773046800000,138.5606
1773050400000,138.5142
1773054000000,138.7223
1773057600000,139.0248
1773061200000,139.6488
1773064800000,139.6314
1773068400000,139.6764
1773072000000,139.6442
1773075600000,139.4382
1773079200000,139.2205
1773082800000,139.4139
1773086400000,139.5981
1773090000000,139.6484
1773093600000,139.8226
1773097200000,139.7354
1773100800000,140.0538
1773104400000,140.0102
1773108000000,140.5898
1773111600000,140.0272
1773115200000,140.3614
1773118800000,140.3351
1773122400000,140.2963
1773126000000,140.5060
1773129600000,140.6935
1773133200000,140.8078
1773136800000,140.7197
1773140400000,140.4533
1773144000000,140.7803
1773147600000,140.4166
1773151200000,141.1784
1773154800000,140.8604
1773158400000,140.8103
1773162000000,140.4971
1773165600000,140.2608
1773169200000,140.3775
1773172800000,140.5580
1773176400000,140.3448
1773180000000,140.3916
1773183600000,140.3375
1773187200000,140.4852
1773190800000,140.6125
1773194400000,140.4014
1773198000000,140.2615
1773201600000,140.6131
1773205200000,140.2466
1773208800000,140.7165
1773212400000,140.5900
1773216000000,140.4775
1773219600000,140.2852
1773223200000,140.4187
1773226800000,139.9400
1773230400000,140.2221
1773234000000,140.5139
1773237600000,140.6494
1773241200000,140.5242
1773244800000,140.5146
1773248400000,140.9247
1773252000000,140.6699
1773255600000,140.7347
1773259200000,140.8883
1773262800000,140.9601
1773266400000,140.8279
1773270000000,140.8673
1773273600000,140.8463
1773277200000,140.3896
1773280800000,140.2386
1773284400000,140.3928
1773288000000,140.3320
1773291600000,140.4176
1773295200000,140.3681
1773298800000,140.4444
1773302400000,140.4845
1773306000000,140.4991
1773309600000,140.6366
1773313200000,140.8499
1773316800000,140.9935
1773320400000,140.4759
1773324000000,140.2366
1773327600000,140.3626
1773331200000,140.5781
1773334800000,140.6505
1773338400000,140.4046
1773342000000,140.5774
1773345600000,140.4462
1773349200000,140.6937
1773352800000,140.5144
1773356400000,140.6135
1773360000000,140.7130
1773363600000,140.9667
1773367200000,140.8565
1773370800000,140.8936
1773374400000,140.9898
1773378000000,141.1303
1773381600000,141.3500
1773385200000,141.4961
1773388800000,141.9872
1773392400000,141.8782
1773396000000,141.8761
1773399600000,141.8269
1773403200000,141.9566
1773406800000,141.6938
1773410400000,141.3060
1773414000000,141.0263
1773417600000,140.8926
1773421200000,140.5786
1773424800000,140.7108
1773428400000,140.8026
1773432000000,140.7058
1773435600000,140.6964
1773439200000,140.7279
1773442800000,140.7478
1773446400000,140.4960
1773450000000,140.7228
1773453600000,140.6182
1773457200000,140.7285
1773460800000,140.8524
1773464400000,140.7940
1773468000000,140.6857
1773471600000,140.5936
1773475200000,140.6511
1773478800000,140.6971
1773482400000,140.7583
1773486000000,140.9010
1773489600000,140.8695
1773493200000,140.8938
1773496800000,140.7595
1773500400000,140.7422
1773504000000,140.7950
1773507600000,140.7354
1773511200000,140.7470
1773514800000,140.7844
1773518400000,140.6805
1773522000000,140.7219
1773525600000,140.7235
1773529200000,141.0077
1773532800000,140.9048
1773536400000,140.8587
1773540000000,141.1700
1773543600000,141.2093
1773547200000,141.2198
1773550800000,141.0630
1773554400000,140.9690
1773558000000,141.1302
1773561600000,141.4693
1773565200000,141.3687
1773568800000,141.2583
1773572400000,141.1927
1773576000000,141.2917
1773579600000,141.4390
1773583200000,141.4873
1773586800000,141.4142
1773590400000,141.3805
1773594000000,141.4190
1773597600000,141.1159
1773601200000,141.0445
1773604800000,141.0572
1773608400000,141.3593
1773612000000,141.4194
1773615600000,141.4029
1773619200000,141.2311
1773622800000,141.3417
1773626400000,141.0702
1773630000000,141.0675
1773633600000,140.8118
1773637200000,140.8181
1773640800000,140.4515
1773644400000,140.4777
1773648000000,140.1515
1773651600000,139.9292
1773655200000,140.0703
1773658800000,139.9624
1773662400000,140.0643
1773666000000,140.2014
1773669600000,139.3340
1773673200000,139.2375
1773676800000,139.2375
1773680400000,139.0820
1773684000000,138.8224
1773687600000,138.7564
1773691200000,138.5147
1773694800000,138.4728
1773698400000,138.9300
1773702000000,138.9866
1773705600000,139.3917
1773709200000,139.6264
1773712800000,139.4588
1773716400000,139.1531
1773720000000,139.1043
1773723600000,139.0631
1773727200000,138.7953
1773730800000,138.7045
1773734400000,138.7714
1773738000000,138.6406
1773741600000,138.3096
1773745200000,138.0872
1773748800000,137.9805
1773752400000,137.5846
1773756000000,138.1500
1773759600000,138.3043
1773763200000,138.4052
1773766800000,138.5093
1773770400000,138.8524
1773774000000,138.8790
1773777600000,138.7115
1773781200000,138.7127
1773784800000,138.4890
1773788400000,138.2790
1773792000000,138.0825
1773795600000,138.3025
1773799200000,138.4903
1773802800000,138.4983
1773806400000,138.4869
1773810000000,138.4810
1773813600000,138.5061
1773817200000,138.6515
1773820800000,138.6854
1773824400000,138.7492
1773828000000,138.6869
1773831600000,138.2539
1773835200000,138.1655
1773838800000,138.0320
1773842400000,137.6910
1773846000000,137.9850
1773849600000,138.0022
1773853200000,137.8128
1773856800000,137.8017
1773860400000,137.7017
1773864000000,137.9251
1773867600000,137.8042
1773871200000,137.8353
1773874800000,137.7479
1773878400000,137.7427
1773882000000,137.7361
1773885600000,137.6431
1773889200000,137.5522
1773892800000,137.4704
1773896400000,137.5656
1773900000000,137.5274
1773903600000,137.3229
1773907200000,137.2434
1773910800000,137.2597
1773914400000,137.1864
1773918000000,137.0592
1773921600000,136.9605
1773925200000,137.4558
1773928800000,137.2844
1773932400000,137.2812
1773936000000,137.2502
1773939600000,137.4311
1773943200000,137.4217
1773946800000,137.5368
1773950400000,137.7162
1773954000000,137.6055
1773957600000,137.5317
1773961200000,137.3128
1773964800000,137.4531
1773968400000,137.5646
1773972000000,137.7638
1773975600000,137.9486
1773979200000,138.0371
1773982800000,138.0165
1773986400000,137.9625
1773990000000,138.0285
1773993600000,138.0410
1773997200000,137.8898
1774000800000,137.8450
1774004400000,137.7871
1774008000000,137.6815
1774011600000,137.4090
1774015200000,137.3405
1774018800000,137.4422
1774022400000,137.3487
1774026000000,137.4653
1774029600000,137.4347
1774033200000,137.6696
1774036800000,137.5415
1774040400000,137.7067
1774044000000,137.8493
1774047600000,137.7423
1774051200000,137.7006
1774054800000,137.5710
1774058400000,137.7292
1774062000000,137.6964
1774065600000,137.6879
1774069200000,137.7211
1774072800000,137.7954
1774076400000,137.7573
1774080000000,137.7073
1774083600000,137.6519
1774087200000,137.6823
1774090800000,137.7215
1774094400000,137.7615
1774098000000,137.8307
1774101600000,137.7019
1774105200000,137.6818
1774108800000,137.5350
1774112400000,137.4943
1774116000000,137.5051
1774119600000,137.4982
1774123200000,137.5303
1774126800000,137.4386
1774130400000,137.5149
1774134000000,137.1546
1774137600000,137.0947
1774141200000,137.0721
1774144800000,137.2879
1774148400000,137.1162
1774152000000,137.0303
1774155600000,136.9131
1774159200000,137.0171
1774162800000,137.0656
1774166400000,137.0534
1774170000000,137.1179
1774173600000,136.9655
1774177200000,136.7972
1774180800000,136.9388
1774184400000,137.1069
1774188000000,137.1080
1774191600000,137.0716
1774195200000,137.1278
1774198800000,137.0986
1774202400000,137.1446
1774206000000,136.8984
1774209600000,137.0299
1774213200000,136.9575
1774216800000,137.1881
1774220400000,136.7941
1774224000000,136.7750
1774227600000,136.9617
1774231200000,137.0718
1774234800000,136.9740
1774238400000,137.2379
1774242000000,137.5723
1774245600000,136.9036
1774249200000,137.1611
1774252800000,137.1614
1774256400000,137.2927
1774260000000,137.3841
1774263600000,137.4535
1774267200000,138.1748
1774270800000,137.9632
1774274400000,137.9189
1774278000000,137.5125
1774281600000,137.5274
1774285200000,137.6845
1774288800000,137.4438
1774292400000,137.3446
1774296000000,137.4709
1774299600000,137.5366
1774303200000,137.5164
1774306800000,137.6618
1774310400000,137.5206
1774314000000,137.3101
1774317600000,137.2407
1774321200000,137.1684
1774324800000,136.9188
1774328400000,136.9137
1774332000000,136.9608
1774335600000,137.5347
1774339200000,137.3145
1774342800000,137.6175
1774346400000,137.6361
1774350000000,137.5131
1774353600000,137.3484
1774357200000,136.8993
1774360800000,136.6717
1774364400000,136.7275
1774368000000,136.5056
1774371600000,136.7056
1774375200000,136.7594
1774378800000,136.7386
1774382400000,137.0164
1774386000000,137.2315
1774389600000,137.2275
1774393200000,137.2735
1774396800000,137.4770
1774400400000,137.3907
1774404000000,137.3512
1774407600000,137.6217
1774411200000,137.6674
1774414800000,137.7841
1774418400000,137.8887
1774422000000,137.7327
1774425600000,137.9542
1774429200000,137.9586
1774432800000,137.9155
1774436400000,138.1212
1774440000000,138.2600
1774443600000,138.1839
1774447200000,137.9953
1774450800000,137.8668
1774454400000,138.0955
1774458000000,137.7708
1774461600000,137.8391
1774465200000,137.7084
1774468800000,137.9867
1774472400000,138.0841
1774476000000,138.2210
1774479600000,138.2161
1774483200000,138.2075
1774486800000,138.1722
1774490400000,138.0351
1774494000000,137.9268
1774497600000,137.8551
1774501200000,137.4763
1774504800000,137.4840
1774508400000,137.4483
1774512000000,137.3575
1774515600000,137.5938
1774519200000,137.6985
1774522800000,137.6417
1774526400000,137.6757
1774530000000,137.7899
1774533600000,137.6448
1774537200000,137.2940
1774540800000,137.4162
1774544400000,137.2638
1774548000000,137.3233
1774551600000,137.3015
1774555200000,137.5895
1774558800000,137.5218
1774562400000,137.4791
1774566000000,137.4844
1774569600000,137.3802
1774573200000,137.5253
1774576800000,137.4875
1774580400000,137.3843
1774584000000,137.3683
1774587600000,137.2629
1774591200000,137.2672
1774594800000,137.1381
1774598400000,136.5355
1774602000000,136.4858
1774605600000,135.9486
1774609200000,136.2274
1774612800000,136.2380
1774616400000,135.9418
1774620000000,135.8308
1774623600000,135.8077
1774627200000,135.7267
1774630800000,135.5517
1774634400000,135.6752
1774638000000,135.7141
1774641600000,135.9025
1774645200000,135.9453
1774648800000,135.8694
1774652400000,136.2196
1774656000000,136.1270
1774659600000,135.9244
1774663200000,135.8700
1774666800000,135.9758
1774670400000,135.9668
1774674000000,136.0239
1774677600000,136.0135
1774681200000,136.0085
1774684800000,135.9746
1774688400000,135.8813
1774692000000,135.8295
1774695600000,135.9833
1774699200000,135.9992
1774702800000,135.9203
1774706400000,135.9221
1774710000000,136.1354
1774713600000,136.0955
1774717200000,136.0726
1774720800000,136.1276
1774724400000,136.1604
1774728000000,136.1565
1774731600000,136.1594
1774735200000,136.1685
1774738800000,135.9433
1774742400000,135.9815
1774746000000,135.9683
1774749600000,136.1152
1774753200000,136.1694
1774756800000,136.0899
1774760400000,136.1725
1774764000000,136.1777
1774767600000,136.0867
1774771200000,136.1754
1774774800000,136.1896
1774778400000,136.0716
1774782000000,136.2373
1774785600000,136.2377
1774789200000,136.1855
1774792800000,135.9666
1774796400000,135.9742
1774800000000,135.8452
1774803600000,135.7927
1774807200000,135.8048
1774810800000,135.7621
1774814400000,135.8158
1774818000000,135.9061
1774821600000,135.5448
1774825200000,135.5459
1774828800000,135.7165
1774832400000,136.0060
1774836000000,136.0912
1774839600000,135.9271
1774843200000,136.0589
1774846800000,135.9721
1774850400000,135.8684
1774854000000,135.9043
1774857600000,136.0017
1774861200000,135.8865
1774864800000,135.8455
1774868400000,135.6564
1774872000000,135.8657
1774875600000,135.7072
1774879200000,135.6871
1774882800000,135.6021
1774886400000,135.4744
1774890000000,135.4744
1774893600000,135.2531
1774897200000,135.3778
1774900800000,135.4234
1774904400000,135.4114
1774908000000,135.3604
1774911600000,135.3879
1774915200000,135.6167
1774918800000,135.6991
1774922400000,135.5628
1774926000000,135.4322
1774929600000,135.3540
1774933200000,135.4469
1774936800000,135.2621
1774940400000,135.2322
1774944000000,134.8696
1774947600000,134.3615
1774951200000,134.5330
1774954800000,134.6120
1774958400000,134.5072
1774962000000,134.8188
1774965600000,134.6767
1774969200000,134.5343
1774972800000,134.8472
1774976400000,134.6691
1774980000000,134.9226
1774983600000,134.9786
1774987200000,135.3032
1774990800000,135.3396
1774994400000,135.3229
1774998000000,135.2294
1775001600000,135.1807
1775005200000,135.0042
1775008800000,134.9625
1775012400000,135.1514
1775016000000,134.9747
1775019600000,134.9288
1775023200000,134.8653
1775026800000,134.8173
1775030400000,134.5840
1775034000000,134.5915
1775037600000,134.5709
1775041200000,134.6469
1775044800000,134.4624
1775048400000,134.2327
1775052000000,134.6368
1775055600000,134.7655
1775059200000,134.5471
1775062800000,134.1661
1775066400000,134.1392
1775070000000,133.9678
1775073600000,133.8947
1775077200000,133.7818
1775080800000,133.7258
1775084400000,133.7068
1775088000000,133.9111
1775091600000,133.5865
1775095200000,133.2736
1775098800000,133.0869
1775102400000,132.8530
1775106000000,133.1447
1775109600000,133.1530
1775113200000,133.3383
1775116800000,132.8920
1775120400000,132.7940
1775124000000,132.5579
1775127600000,132.5092
1775131200000,132.0564
1775134800000,131.7521
1775138400000,131.8168
1775142000000,131.7523
1775145600000,132.3125
1775149200000,132.2840
1775152800000,132.5175
1775156400000,132.4682
1775160000000,132.3815
1775163600000,132.5564
1775167200000,132.5828
1775170800000,132.6138
1775174400000,132.6705
1775178000000,132.6453
1775181600000,132.5585
1775185200000,132.6325
1775188800000,132.7073
1775192400000,132.6560
1775196000000,132.5954
1775199600000,132.7480
1775203200000,132.7502
1775206800000,132.6215
1775210400000,132.7252
1775214000000,132.8775
1775217600000,132.8121
1775221200000,132.9044
1775224800000,133.0426
1775228400000,132.9855
1775232000000,133.1866
1775235600000,133.1441
1775239200000,133.1071
1775242800000,133.1306
1775246400000,133.0724
1775250000000,133.0560
1775253600000,133.0406
1775257200000,133.1327
1775260800000,133.0668
1775264400000,133.0609
1775268000000,133.1315
1775271600000,133.1925
1775275200000,133.1553
1775278800000,133.2078
1775282400000,133.3706
1775286000000,133.3086
1775289600000,133.2865
1775293200000,133.3845
1775296800000,133.4255
1775300400000,133.4217
1775304000000,133.4344
1775307600000,133.4640
1775311200000,133.4939
1775314800000,133.6143
1775318400000,133.6335
1775322000000,133.6856
1775325600000,133.7596
1775329200000,133.5283
1775332800000,133.5688
1775336400000,133.5618
1775340000000,133.5676
1775343600000,133.5093
1775347200000,133.4625
1775350800000,133.4305
1775354400000,133.5391
1775358000000,133.6170
1775361600000,133.5949
1775365200000,133.5575
1775368800000,133.5708
1775372400000,133.6057
1775376000000,133.8054
1775379600000,133.8303
1775383200000,133.8688
1775386800000,133.9027
1775390400000,133.7250
1775394000000,133.5634
1775397600000,133.5709
1775401200000,133.7811
1775404800000,133.7337
1775408400000,133.6071
1775412000000,133.5615
1775415600000,133.5641
1775419200000,133.7029
1775422800000,133.6631
1775426400000,134.0939
1775430000000,134.3756
1775433600000,134.2812
1775437200000,134.0240
1775440800000,134.0524
1775444400000,133.9001
1775448000000,133.8212
1775451600000,134.0216
1775455200000,133.8959
1775458800000,134.0183
1775462400000,134.0429
1775466000000,134.3416
1775469600000,134.2872
1775473200000,134.1113
1775476800000,134.0362
1775480400000,134.1245
1775484000000,134.1549
1775487600000,134.3064
1775491200000,134.5400
1775494800000,134.4140
1775498400000,134.6081
1775502000000,134.4896
1775505600000,134.4271
1775509200000,134.3155
1775512800000,134.2063
1775516400000,134.2010
1775520000000,133.9289
1775523600000,133.8136
1775527200000,133.9408
1775530800000,134.0383
1775534400000,134.0361
1775538000000,133.9156
1775541600000,133.9554
1775545200000,134.0401
1775548800000,134.2584
1775552400000,134.3198
1775556000000,133.9779
1775559600000,134.0065
1775563200000,134.2106
1775566800000,134.2329
1775570400000,133.9259
1775574000000,134.2234
1775577600000,134.3991
1775581200000,134.6441
1775584800000,134.6686
1775588400000,134.8428
1775592000000,134.9760
1775595600000,135.0372
1775599200000,135.0091
1775602800000,134.8722
1775606400000,134.5965
1775610000000,134.3493
1775613600000,134.1279
1775617200000,133.9714
1775620800000,134.1881
1775624400000,134.3710
1775628000000,134.0848
1775631600000,133.7544
1775635200000,133.7808
1775638800000,133.7734
1775642400000,133.8066
1775646000000,133.9165
1775649600000,134.0543
1775653200000,133.6840
1775656800000,133.7859
1775660400000,133.8123
1775664000000,133.8884
1775667600000,133.9718
1775671200000,133.8098
1775674800000,133.8394
1775678400000,133.9576
1775682000000,134.1083
1775685600000,134.1733
1775689200000,133.9147
1775692800000,133.7599
1775696400000,134.1148
1775700000000,134.1537
1775703600000,133.9592
1775707200000,133.8237
1775710800000,133.9624
1775714400000,134.0404
1775718000000,133.9723
1775721600000,134.1102
1775725200000,134.2913
1775728800000,134.1669
1775732400000,134.3176
1775736000000,134.4083
1775739600000,134.2798
1775743200000,134.2327
1775746800000,134.4261
1775750400000,134.6129
1775754000000,134.6620
1775757600000,134.5631
1775761200000,134.6545
1775764800000,134.9487
1775768400000,134.7672
1775772000000,134.7450
1775775600000,134.5992
1775779200000,134.6402
1775782800000,134.7640
1775786400000,134.6418
1775790000000,134.6070
1775793600000,134.5483
1775797200000,134.5882
1775800800000,134.5040
1775804400000,134.3330
1775808000000,134.3657
1775811600000,134.3484
1775815200000,134.3298
1775818800000,134.1923
1775822400000,134.2253
1775826000000,134.1332
1775829600000,134.4679
1775833200000,134.2871
1775836800000,134.3760
1775840400000,134.5168
1775844000000,134.6279
1775847600000,134.6751
1775851200000,134.7479
1775854800000,134.4292
1775858400000,134.4371
1775862000000,134.3387
1775865600000,134.3106
1775869200000,134.3158
1775872800000,134.2785
1775876400000,134.5593
1775880000000,134.3516
1775883600000,134.4616
1775887200000,134.4455
1775890800000,134.5260
1775894400000,134.4375
1775898000000,134.4207
1775901600000,134.3597
1775905200000,134.2564
1775908800000,134.3909
1775912400000,134.1744
1775916000000,134.1470
1775919600000,134.1668
1775923200000,134.2148
1775926800000,134.2634
1775930400000,133.7427
1775934000000,133.7448
1775937600000,133.6561
1775941200000,133.7206
1775944800000,133.8222
1775948400000,133.5435
1775952000000,133.5417
1775955600000,133.0168
1775959200000,133.2982
1775962800000,133.2639
1775966400000,133.1484
1775970000000,133.2810
1775973600000,133.2025
1775977200000,133.1142
1775980800000,133.1313
1775984400000,133.0433
1775988000000,133.3025
1775991600000,133.3868
1775995200000,133.1288
1775998800000,133.0459
1776002400000,132.9779
1776006000000,133.0930
1776009600000,133.1329
1776013200000,132.9553
1776016800000,132.9982
1776020400000,133.0055
1776024000000,133.0918
1776027600000,133.1440
1776031200000,132.9775
1776034800000,132.8971
1776038400000,133.2039
1776042000000,133.2917
1776045600000,133.4176
1776049200000,133.2095
1776052800000,133.3102
1776056400000,133.4643
1776060000000,133.4288
1776063600000,133.4896
1776067200000,133.3667
1776070800000,133.4407
1776074400000,133.5364
1776078000000,133.5524
1776081600000,133.6522
1776085200000,133.6215
1776088800000,134.0098
1776092400000,134.2208
1776096000000,134.2890
1776099600000,134.1561
1776103200000,134.1563
1776106800000,134.2920
1776110400000,134.2953
1776114000000,134.1926
1776117600000,133.7338
1776121200000,133.1529
1776124800000,132.9663
1776128400000,133.0735
1776132000000,133.1746
1776135600000,133.3772
1776139200000,133.2454
1776142800000,133.1655
1776146400000,133.1548
1776150000000,132.9560
1776153600000,133.2058
1776157200000,133.0769
1776160800000,133.2436
1776164400000,133.1511
1776168000000,133.1454
1776171600000,134.0458
1776175200000,134.2952
1776178800000,134.6038
1776182400000,134.4603
1776186000000,134.2705
1776189600000,134.1087
1776193200000,134.2136
1776196800000,134.0688
1776200400000,134.1699
1776204000000,134.0539
1776207600000,133.9295
1776211200000,134.2323
1776214800000,134.4367
1776218400000,134.1988
1776222000000,134.1322
1776225600000,133.9577
1776229200000,133.8933
1776232800000,133.9056
1776236400000,133.6005
1776240000000,133.8584
1776243600000,134.0513
1776247200000,134.1448
1776250800000,134.1338
1776254400000,134.1476
1776258000000,134.2134
1776261600000,133.9776
1776265200000,133.9532
1776268800000,133.9474
1776272400000,133.9798
1776276000000,134.0096
1776279600000,134.3128
1776283200000,134.3175
1776286800000,134.2683
1776290400000,134.4552
1776294000000,134.2877
1776297600000,134.3308
1776301200000,134.3412
1776304800000,134.5473
1776308400000,134.5257
1776312000000,134.5743
1776315600000,134.7246
1776319200000,134.7208
1776322800000,134.6379
1776326400000,134.6569
1776330000000,134.6417
1776333600000,134.3244
1776337200000,134.5339
1776340800000,134.5130
1776344400000,134.3302
1776348000000,134.5625
1776351600000,134.8691
1776355200000,135.0598
1776358800000,135.1318
1776362400000,135.9105
1776366000000,135.8147
1776369600000,135.7833
1776373200000,135.6239
1776376800000,135.6105
1776380400000,135.8784
1776384000000,135.6300
1776387600000,135.5149
1776391200000,135.4279
1776394800000,135.4764
1776398400000,135.5419
1776402000000,135.5162
1776405600000,135.4966
1776409200000,135.4301
1776412800000,135.7661
1776416400000,135.8157
1776420000000,135.6236
1776423600000,135.7558
1776427200000,136.1002
1776430800000,135.9959
1776434400000,136.2123
1776438000000,136.2177
1776441600000,136.2449
1776445200000,135.9458
1776448800000,135.9844
1776452400000,136.0986
1776456000000,136.0458
1776459600000,136.1853
1776463200000,136.1308
1776466800000,136.2220
1776470400000,136.3163
1776474000000,136.4319
1776477600000,136.4556
1776481200000,136.2476
1776484800000,136.5999
1776488400000,136.6524
1776492000000,136.5240
1776495600000,136.5324
1776499200000,136.3556
1776502800000,136.2597
1776506400000,136.1971
1776510000000,136.1833
1776513600000,136.2489
1776517200000,136.2090
1776520800000,136.1225
1776524400000,136.0325
1776528000000,135.9375
1776531600000,135.8591
1776535200000,135.7249
1776538800000,135.7664
1776542400000,135.7344
1776546000000,135.8494
1776549600000,135.7427
1776553200000,135.7160
1776556800000,135.6957
1776560400000,135.5679
1776564000000,135.4498
1776567600000,135.2823
1776571200000,135.4299
1776574800000,135.4095
1776578400000,135.4469
1776582000000,135.3895
1776585600000,135.4087
1776589200000,135.3199
1776592800000,135.3270
1776596400000,135.5050
1776600000000,135.5084
1776603600000,135.7441
1776607200000,135.9847
1776610800000,135.9438
1776614400000,135.8423
1776618000000,135.5152
1776621600000,135.6568
1776625200000,135.7743
1776628800000,135.8116
1776632400000,135.7252
1776636000000,135.3206
1776639600000,135.2187
1776643200000,135.4860
1776646800000,135.7381
1776650400000,135.7492
1776654000000,135.7364
1776657600000,135.7063
1776661200000,135.6038
1776664800000,136.0611
1776668400000,135.8502
1776672000000,135.8092
1776675600000,135.9429
1776679200000,135.9909
1776682800000,135.9469
1776686400000,135.7424
1776690000000,135.9725
1776693600000,136.0719
1776697200000,136.4178
1776700800000,136.3679
1776704400000,136.5690
1776708000000,136.6701
1776711600000,136.6037
1776715200000,136.4963
1776718800000,136.5829
1776722400000,136.5245
1776726000000,136.5833
1776729600000,136.7623
1776733200000,136.7137
1776736800000,136.4764
1776740400000,136.5935
1776744000000,136.6596
1776747600000,136.6879
1776751200000,136.8610
1776754800000,136.9467
1776758400000,137.3193
1776762000000,137.3203
1776765600000,137.4747
1776769200000,137.1666
1776772800000,136.9614
1776776400000,136.8231
1776780000000,136.8169
1776783600000,136.7986
1776787200000,136.8291
1776790800000,136.5337
1776794400000,136.4799
1776798000000,136.1132
1776801600000,136.4589
1776805200000,136.3568
1776808800000,136.4255
1776812400000,136.7563
1776816000000,136.9002
1776819600000,136.9093
1776823200000,137.3137
1776826800000,137.3637
1776830400000,137.3740
1776834000000,137.2164
1776837600000,137.2583
1776841200000,137.3085
1776844800000,137.3590
1776848400000,137.3653
1776852000000,137.4045
1776855600000,137.3755
1776859200000,137.2477
1776862800000,137.9356
1776866400000,138.3498
1776870000000,138.3932
1776873600000,138.0583
1776877200000,137.9016
1776880800000,138.0626
1776884400000,137.8517
1776888000000,137.4710
1776891600000,137.4879
1776895200000,137.3242
1776898800000,137.4040
1776902400000,137.6752
1776906000000,137.7018
1776909600000,137.5194
1776913200000,137.6899
1776916800000,137.6979
1776920400000,137.8136
1776924000000,137.8065
1776927600000,137.8177
1776931200000,137.7643
1776934800000,137.9427
1776938400000,137.7278
1776942000000,137.7571
1776945600000,137.9573
1776949200000,138.0318
1776952800000,138.2262
1776956400000,138.5898
1776960000000,138.4649
1776963600000,138.2234
1776967200000,138.2921
1776970800000,138.3024
1776974400000,138.2867
1776978000000,138.3527
1776981600000,138.4331
1776985200000,138.4821
1776988800000,138.6472
1776992400000,138.6225
1776996000000,138.4795
1776999600000,138.2985
1777003200000,138.2493
1777006800000,138.2692
1777010400000,138.3165
1777014000000,138.2038
1777017600000,138.3786
1777021200000,138.0776
1777024800000,138.1704
1777028400000,138.4827
1777032000000,138.6033
1777035600000,138.6462
1777039200000,138.6762
1777042800000,138.5607
1777046400000,138.4098
1777050000000,138.2733
1777053600000,138.2029
1777057200000,138.2333
1777060800000,138.1675
1777064400000,138.2505
1777068000000,138.0780
1777071600000,138.0907
1777075200000,138.0622
1777078800000,138.1595
1777082400000,138.2659
1777086000000,138.2724
1777089600000,138.2903
1777093200000,138.1551
1777096800000,138.2096
1777100400000,138.1390
1777104000000,138.2759
1777107600000,138.2964
1777111200000,138.3401
1777114800000,138.1585
1777118400000,137.9427
1777122000000,137.9578
1777125600000,137.7970
1777129200000,137.6746
1777132800000,137.6569
1777136400000,137.3958
1777140000000,137.4947
1777143600000,137.5340
1777147200000,137.6166
1777150800000,137.5968
1777154400000,137.5886
1777158000000,137.5138
1777161600000,137.5444
1777165200000,137.6254
1777168800000,137.6445
1777172400000,137.5789
1777176000000,137.7718
1777179600000,137.8115
1777183200000,137.7300
1777186800000,137.8871
1777190400000,137.6661
1777194000000,137.6814
1777197600000,137.7000
1777201200000,137.7866
1777204800000,137.6396
1777208400000,137.6295
1777212000000,137.5310
1777215600000,137.4724
1777219200000,137.4085
1777222800000,137.3993
1777226400000,137.4504
1777230000000,137.4515
1777233600000,137.4396
1777237200000,137.6308
1777240800000,137.5622
1777244400000,137.6830
1777248000000,137.8492
1777251600000,137.7658
1777255200000,137.7163
1777258800000,137.6267
1777262400000,137.6565
1777266000000,137.5923
1777269600000,137.4350
1777273200000,137.3681
1777276800000,137.5889
1777280400000,137.6328
1777284000000,137.5900
1777287600000,137.5495
1777291200000,137.4424
1777294800000,137.5102
1777298400000,137.5647
1777302000000,137.3292
1777305600000,137.1933
1777309200000,137.2046
1777312800000,137.2619
1777316400000,137.2855
1777320000000,137.3173
1777323600000,137.2498
1777327200000,137.3946
1777330800000,137.5548
1777334400000,137.5132
1777338000000,137.3968
1777341600000,137.3652
1777345200000,137.2833
1777348800000,137.4597
1777352400000,137.4081
1777356000000,137.4005
1777359600000,137.3683
1777363200000,137.3965
1777366800000,137.2060
1777370400000,137.1507
1777374000000,137.0260
1777377600000,137.1677
1777381200000,137.0071
1777384800000,136.9184
1777388400000,136.9002
1777392000000,136.8523
1777395600000,136.7984
1777399200000,136.7168
1777402800000,136.7019
1777406400000,136.9354
1777410000000,136.9297
1777413600000,136.9102
1777417200000,137.0091
1777420800000,137.0597
1777424400000,137.1067
1777428000000,137.1151
1777431600000,137.0783
1777435200000,137.0605
1777438800000,136.9925
1777442400000,136.8220
1777446000000,136.7820
1777449600000,136.7813
1777453200000,137.1309
1777456800000,137.1519
1777460400000,137.0307
1777464000000,136.9063
1777467600000,136.8180
1777471200000,136.6750
1777474800000,136.4678
1777478400000,136.5930
1777482000000,136.6773
1777485600000,136.6953
1777489200000,136.8155
1777492800000,136.9081
1777496400000,136.9444
1777500000000,136.9060
1777503600000,136.8643
1777507200000,136.9772
1777510800000,136.9513
1777514400000,136.9853
1777518000000,136.9923
1777521600000,136.7644
1777525200000,136.8830
1777528800000,136.8143
1777532400000,136.9633
1777536000000,136.9045
1777539600000,136.8407
1777543200000,136.7094
1777546800000,136.7955
1777550400000,136.7746
1777554000000,136.9064
1777557600000,136.9341
1777561200000,137.0202
1777564800000,137.0026
1777568400000,137.0372
1777572000000,137.1014
1777575600000,137.1661
1777579200000,137.1120
1777582800000,136.9853
1777586400000,136.9531
1777590000000,136.9782
1777593600000,137.0125
1777597200000,137.1474
1777600800000,137.0776
1777604400000,137.1911
1777608000000,137.0823
1777611600000,137.1585
1777615200000,137.0732
1777618800000,137.1789
1777622400000,137.2786
1777626000000,137.1703
1777629600000,137.2255
1777633200000,137.3650
1777636800000,137.3443
1777640400000,137.7945
1777644000000,137.6260
1777647600000,137.7018
1777651200000,137.5724
1777654800000,137.6464
1777658400000,137.6261
1777662000000,137.5808
1777665600000,137.5091
1777669200000,137.5871
1777672800000,137.3671
1777676400000,137.3886
1777680000000,137.4595
1777683600000,137.4421
1777687200000,137.3643
1777690800000,137.3764
1777694400000,137.2052
1777698000000,137.2584
1777701600000,137.3062
1777705200000,137.3102
1777708800000,137.3083
1777712400000,137.2487
1777716000000,137.2634
1777719600000,137.2170
1777723200000,137.2491
1777726800000,137.3543
1777730400000,137.3892
1777734000000,137.4909
1777737600000,137.4992
1777741200000,137.5117
1777744800000,137.4855
1777748400000,137.4971
1777752000000,137.4425
1777755600000,137.3955
1777759200000,137.4516
1777762800000,137.4391
1777766400000,137.3829
1777770000000,137.2653
1777773600000,137.2084
1777777200000,137.3045
1777780800000,137.2361
1777784400000,137.3556
1777788000000,137.3564
1777791600000,137.3087
1777795200000,137.3942
1777798800000,137.3948
1777802400000,137.3427
1777806000000,137.4229
1777809600000,137.3706
1777813200000,137.3915
1777816800000,137.3859
1777820400000,137.3247
1777824000000,137.3167
1777827600000,137.2819
1777831200000,137.2869
1777834800000,137.1832
1777838400000,137.4395
1777842000000,137.4435
1777845600000,137.4001
1777849200000,137.1798
1777852800000,137.2373
1777856400000,137.7395
1777860000000,137.6979
1777863600000,137.7101
1777867200000,138.0901
1777870800000,138.2381
1777874400000,137.9302
1777878000000,137.9283
1777881600000,137.9701
1777885200000,138.0627
1777888800000,137.5915
1777892400000,137.4478
1777896000000,137.4834
1777899600000,137.5043
1777903200000,137.9886
1777906800000,138.1889
1777910400000,138.1040
1777914000000,138.1740
1777917600000,138.0278
1777921200000,138.0244
1777924800000,137.9446
1777928400000,138.0730
1777932000000,138.0258
1777935600000,137.9193
1777939200000,138.0413
1777942800000,138.0839
1777946400000,138.1329
1777950000000,138.2428
1777953600000,138.1502
1777957200000,138.3727
1777960800000,138.3137
1777964400000,138.2367
1777968000000,138.2743
1777971600000,138.2534
1777975200000,138.2534
1777978800000,138.2418
1777982400000,138.3302
1777986000000,138.4463
1777989600000,138.6284
1777993200000,138.7205
1777996800000,138.7588
1778000400000,138.7901
1778004000000,138.8500
1778007600000,139.0242
1778011200000,138.9497
1778014800000,138.9517
1778018400000,138.8247
1778022000000,138.7223
1778025600000,138.7595
1778029200000,139.1038
1778032800000,139.1142
1778036400000,139.1812
1778040000000,139.2103
1778043600000,139.2495
1778047200000,139.3040
1778050800000,139.3747
1778054400000,139.9134
1778058000000,139.6196
1778061600000,139.7393
1778065200000,140.4384
1778068800000,140.7236
1778072400000,140.3843
1778076000000,140.4840
1778079600000,140.6903
1778083200000,140.7452
1778086800000,140.7388
1778090400000,140.8700
1778094000000,140.9196
1778097600000,140.7195
1778101200000,140.7856
1778104800000,140.5839
1778108400000,140.6437
1778112000000,140.5959
1778115600000,140.7546
1778119200000,140.7434
1778122800000,140.4491
1778126400000,140.5619
1778130000000,140.7848
1778133600000,140.9619
1778137200000,141.1511
1778140800000,141.1326
1778144400000,140.8747
1778148000000,140.7747
1778151600000,140.7459
1778155200000,141.0859
1778158800000,140.7553
1778162400000,140.5184
1778166000000,140.4386
1778169600000,140.3670
1778173200000,140.5581
1778176800000,140.6731
1778180400000,140.6725
1778184000000,140.6279
1778187600000,140.4950
1778191200000,140.0728
1778194800000,140.1571
1778198400000,140.2045
1778202000000,140.2047
1778205600000,140.2204
1778209200000,140.3442
1778212800000,140.3613
1778216400000,140.3014
1778220000000,140.1631
1778223600000,140.1525
1778227200000,140.3361
1778230800000,140.3242
1778234400000,140.5517
1778238000000,140.5237
1778241600000,140.5215
1778245200000,140.3970
1778248800000,140.7759
1778252400000,140.7452
1778256000000,140.4885
1778259600000,140.5947
1778263200000,140.5797
1778266800000,140.6197
1778270400000,140.6747
1778274000000,140.8543
1778277600000,140.9346
1778281200000,140.9180
1778284800000,141.1169
1778288400000,141.2523
1778292000000,141.2362
1778295600000,141.2041
1778299200000,141.2253
1778302800000,141.0124
1778306400000,140.9866
1778310000000,140.8122
1778313600000,140.9389
1778317200000,140.8527
1778320800000,140.8331
1778324400000,140.9083
1778328000000,140.8826
1778331600000,140.8953
1778335200000,140.7908
1778338800000,140.7675
1778342400000,140.8327
1778346000000,140.8732
1778349600000,141.0095
1778353200000,140.9854
1778356800000,140.9317
1778360400000,140.9503
1778364000000,140.9327
1778367600000,140.8415
1778371200000,140.6694
1778374800000,140.6608
1778378400000,140.7073
1778382000000,140.7104
1778385600000,140.7150
1778389200000,140.7290
1778392800000,140.7169
1778396400000,140.7408
1778400000000,140.9067
1778403600000,141.0130
1778407200000,141.0744
1778410800000,140.9982
1778414400000,141.0333
1778418000000,141.0588
1778421600000,141.0955
1778425200000,141.3121
1778428800000,141.3129
1778432400000,141.2166
1778436000000,141.2133
1778439600000,141.2035
1778443200000,140.8351
1778446800000,140.8475
1778450400000,141.7543
1778454000000,141.7391
1778457600000,141.2521
1778461200000,141.0920
1778464800000,141.0262
1778468400000,140.8058
1778472000000,140.8305
1778475600000,140.8554
1778479200000,140.7750
1778482800000,140.7192
1778486400000,140.7716
1778490000000,140.9273
1778493600000,141.1040
1778497200000,141.2915
1778500800000,141.2492
1778504400000,141.3937
1778508000000,141.5775
1778511600000,141.9182
1778515200000,142.0775
1778518800000,142.2327
1778522400000,142.1344
1778526000000,142.2257
1778529600000,142.1374
1778533200000,142.1804
1778536800000,142.6383
1778540400000,142.6584
1778544000000,142.5263
1778547600000,142.3847
1778551200000,142.2772
1778554800000,142.2332
1778558400000,142.3541
1778562000000,142.3453
1778565600000,142.1860
1778569200000,142.1551
1778572800000,142.3547
1778576400000,142.4367
1778580000000,142.4488
1778583600000,142.6458
1778587200000,142.5196
1778590800000,142.2941
1778594400000,142.1646
1778598000000,142.0584
1778601600000,141.7787
1778605200000,142.1811
1778608800000,142.5153
1778612400000,142.6922
1778616000000,142.7874
1778619600000,142.7003
1778623200000,142.8846
1778626800000,142.8480
1778630400000,143.0379
1778634000000,143.8547
1778637600000,143.9561
1778641200000,143.9773
1778644800000,143.7501
1778648400000,143.6833
1778652000000,143.4358
1778655600000,143.6833
1778659200000,143.7588
1778662800000,143.8859
1778666400000,143.4956
1778670000000,143.2988
1778673600000,143.0569
1778677200000,142.7926
1778680800000,143.0933
1778684400000,142.5789
1778688000000,142.9082
1778691600000,143.0366
1778695200000,143.1338
1778698800000,143.1953
1778702400000,143.1638
1778706000000,142.9061
1778709600000,143.0564
1778713200000,142.9756
1778716800000,143.2367
1778720400000,143.3117
1778724000000,143.0289
1778727600000,142.7239
1778731200000,142.7817
1778734800000,142.9248
1778738400000,142.9650
1778742000000,142.9178
1778745600000,143.2254
1778749200000,143.1116
1778752800000,143.1744
1778756400000,142.9816
1778760000000,143.6936
1778763600000,143.6143
1778767200000,143.8893
1778770800000,143.9799
1778774400000,144.1523
1778778000000,144.1526
1778781600000,144.1074
1778785200000,144.0724
1778788800000,144.0998
1778792400000,144.1534
1778796000000,144.1403
1778799600000,144.0443
1778803200000,144.5267
1778806800000,144.5267
1778810400000,144.4903
1778814000000,144.5649
1778817600000,144.3165
1778821200000,144.3372
1778824800000,144.7468
1778828400000,144.7681
1778832000000,144.9361
1778835600000,144.7077
1778839200000,145.1197
1778842800000,144.9786
1778846400000,144.6265
1778850000000,143.6916
1778853600000,144.2733
1778857200000,143.7475
1778860800000,144.0134
1778864400000,144.0560
1778868000000,143.9058
1778871600000,143.9040
1778875200000,143.9345
1778878800000,143.7946
1778882400000,143.8257
1778886000000,143.7327
1778889600000,143.6716
1778893200000,143.5162
1778896800000,143.3721
1778900400000,143.1193
1778904000000,142.9469
1778907600000,143.0834
1778911200000,142.7678
1778914800000,143.0707
1778918400000,143.2177
1778922000000,142.7591
1778925600000,142.7967
1778929200000,142.8340
1778932800000,142.7249
1778936400000,142.6232
1778940000000,142.7012
1778943600000,142.9126
1778947200000,143.1432
1778950800000,142.9563
1778954400000,143.0701
1778958000000,143.0056
1778961600000,143.0026
1778965200000,143.0385
1778968800000,142.9634
1778972400000,142.9134
1778976000000,142.5499
1778979600000,142.5022
1778983200000,142.5398
1778986800000,142.5674
1778990400000,142.6619
1778994000000,142.7075
1778997600000,142.7242
1779001200000,142.7386
1779004800000,142.5894
1779008400000,142.5480
1779012000000,142.7101
1779015600000,142.7485
1779019200000,142.7716
1779022800000,142.5087
1779026400000,142.4242
1779030000000,142.4483
1779033600000,142.4750
1779037200000,142.4860
1779040800000,142.6162
1779044400000,142.8077
1779048000000,142.6817
1779051600000,142.8882
1779055200000,142.6656
1779058800000,143.0881
1779062400000,143.0389
1779066000000,142.9414
1779069600000,142.6543
1779073200000,142.5918
1779076800000,142.5431
1779080400000,142.4825
1779084000000,142.3640
1779087600000,142.5144
1779091200000,142.3568
1779094800000,142.3314
1779098400000,142.2038
1779102000000,142.3502
1779105600000,142.3047
1779109200000,142.0772
1779112800000,141.9616
1779116400000,142.0441
1779120000000,142.4400
1779123600000,142.4624
1779127200000,142.5776
1779130800000,142.5466
1779134400000,142.5465
1779138000000,142.4397
1779141600000,142.4222
1779145200000,142.3901
1779148800000,142.5100
1779152400000,142.2575
1779156000000,142.1867
1779159600000,142.1832
1779163200000,142.2496
1779166800000,142.2443
1779170400000,142.3111
1779174000000,142.4700
1779177600000,142.2507
1779181200000,142.3973
1779184800000,142.4180
1779188400000,142.3675
1779192000000,142.4554
1779195600000,142.3079
1779199200000,142.1393
1779202800000,142.1783
1779206400000,142.3063
1779210000000,142.4018
1779213600000,142.3615
1779217200000,142.3892
1779220800000,142.4913
1779224400000,142.4376
1779228000000,142.3720
1779231600000,142.4278
1779235200000,142.3749
1779238800000,142.3680
1779242400000,142.3287
1779246000000,142.3742
1779249600000,142.3534
1779253200000,142.5419
1779256800000,142.5891
1779260400000,142.5617
1779264000000,142.6948
1779267600000,142.7698
1779271200000,142.7186
1779274800000,142.6490
1779278400000,142.7872
1779282000000,142.6982
1779285600000,142.8728
1779289200000,142.9103
1779292800000,142.8601
1779296400000,142.9596
1779300000000,142.9884
1779303600000,143.1190
1779307200000,143.2722
1779310800000,143.1174
1779314400000,143.1186
1779318000000,143.1821
1779321600000,143.4509
1779325200000,143.3809
1779328800000,143.4876
1779332400000,143.5381
1779336000000,143.4975
1779339600000,143.4460
1779343200000,143.3825
1779346800000,143.5182
1779350400000,143.6161
1779354000000,143.5441
1779357600000,143.2168
1779361200000,143.1427
1779364800000,143.2946
1779368400000,143.1222
1779372000000,142.9528
1779375600000,143.1437
1779379200000,143.1239
1779382800000,143.6097
1779386400000,143.6115
1779390000000,143.5883
1779393600000,143.6528
1779397200000,143.7135
1779400800000,143.7198
1779404400000,143.7937
1779408000000,143.6244
1779411600000,143.8032
1779415200000,143.8637
1779418800000,143.8802
1779422400000,143.8534
1779426000000,143.7106
1779429600000,143.6721
1779433200000,143.8440
1779436800000,143.8738
1779440400000,143.7209
1779444000000,143.6594
1779447600000,143.6971
1779451200000,143.8663
1779454800000,144.0685
1779458400000,143.5577
1779462000000,143.5943
1779465600000,143.7681
1779469200000,143.6637
1779472800000,143.5006
1779476400000,143.7637
1779480000000,143.7217
1779483600000,143.6139
1779487200000,143.5340
1779490800000,143.4092
1779494400000,143.3613
1779498000000,143.3050
1779501600000,143.4492
1779505200000,143.4994
1779508800000,143.3583
1779512400000,143.2881
1779516000000,143.2842
1779519600000,142.6495
1779523200000,142.9193
1779526800000,142.8448
1779530400000,142.8958
1779534000000,142.9516
1779537600000,142.9722
1779541200000,143.1268
1779544800000,143.2742
1779548400000,143.3029
1779552000000,143.1725
1779555600000,143.3216
1779559200000,143.4988
1779562800000,143.5700
1779566400000,143.5255
1779570000000,143.5987
1779573600000,143.3902
1779577200000,143.4446
1779580800000,143.4812
1779584400000,143.5062
1779588000000,143.5059
1779591600000,143.4782
1779595200000,143.4176
1779598800000,143.3704
1779602400000,143.4461
1779606000000,143.4487
