timestamp,equity,datetime
1590883200000,10000.0,2020-05-31 00:00:00+00:00
1590969600000,10000.0,2020-06-01 00:00:00+00:00
1591056000000,10000.0,2020-06-02 00:00:00+00:00
1591142400000,10000.0,2020-06-03 00:00:00+00:00
1591228800000,10000.0,2020-06-04 00:00:00+00:00
1591315200000,10000.0,2020-06-05 00:00:00+00:00
1591401600000,10000.0,2020-06-06 00:00:00+00:00
1591488000000,10000.0,2020-06-07 00:00:00+00:00
1591574400000,10000.0,2020-06-08 00:00:00+00:00
1591660800000,10000.0,2020-06-09 00:00:00+00:00
1591747200000,10000.0,2020-06-10 00:00:00+00:00
1591833600000,10000.0,2020-06-11 00:00:00+00:00
1591920000000,10000.0,2020-06-12 00:00:00+00:00
1592006400000,10000.0,2020-06-13 00:00:00+00:00
1592092800000,10000.0,2020-06-14 00:00:00+00:00
1592179200000,10000.0,2020-06-15 00:00:00+00:00
1592265600000,10000.0,2020-06-16 00:00:00+00:00
1592352000000,10000.0,2020-06-17 00:00:00+00:00
1592438400000,10000.0,2020-06-18 00:00:00+00:00
1592524800000,10000.0,2020-06-19 00:00:00+00:00
1592611200000,10000.0,2020-06-20 00:00:00+00:00
1592697600000,10000.0,2020-06-21 00:00:00+00:00
1592784000000,10000.0,2020-06-22 00:00:00+00:00
1592870400000,10000.0,2020-06-23 00:00:00+00:00
1592956800000,10000.0,2020-06-24 00:00:00+00:00
1593043200000,10000.0,2020-06-25 00:00:00+00:00
1593129600000,10000.0,2020-06-26 00:00:00+00:00
1593216000000,10000.0,2020-06-27 00:00:00+00:00
1593302400000,10000.0,2020-06-28 00:00:00+00:00
1593388800000,10000.0,2020-06-29 00:00:00+00:00
1593475200000,10000.0,2020-06-30 00:00:00+00:00
1593561600000,10000.0,2020-07-01 00:00:00+00:00
1593648000000,10000.0,2020-07-02 00:00:00+00:00
1593734400000,10000.0,2020-07-03 00:00:00+00:00
1593820800000,10000.0,2020-07-04 00:00:00+00:00
1593907200000,10000.0,2020-07-05 00:00:00+00:00
1593993600000,10000.0,2020-07-06 00:00:00+00:00
1594080000000,10000.0,2020-07-07 00:00:00+00:00
1594166400000,10000.0,2020-07-08 00:00:00+00:00
1594252800000,10000.0,2020-07-09 00:00:00+00:00
1594339200000,10000.0,2020-07-10 00:00:00+00:00
1594425600000,10000.0,2020-07-11 00:00:00+00:00
1594512000000,10000.0,2020-07-12 00:00:00+00:00
1594598400000,10000.0,2020-07-13 00:00:00+00:00
1594684800000,10000.0,2020-07-14 00:00:00+00:00
1594771200000,10000.0,2020-07-15 00:00:00+00:00
1594857600000,10000.0,2020-07-16 00:00:00+00:00
1594944000000,10000.0,2020-07-17 00:00:00+00:00
1595030400000,10000.0,2020-07-18 00:00:00+00:00
1595116800000,10000.0,2020-07-19 00:00:00+00:00
1595203200000,10000.0,2020-07-20 00:00:00+00:00
1595289600000,10000.0,2020-07-21 00:00:00+00:00
1595376000000,10000.0,2020-07-22 00:00:00+00:00
1595462400000,10000.0,2020-07-23 00:00:00+00:00
1595548800000,10000.0,2020-07-24 00:00:00+00:00
1595635200000,10000.0,2020-07-25 00:00:00+00:00
1595721600000,10000.0,2020-07-26 00:00:00+00:00
1595808000000,10000.0,2020-07-27 00:00:00+00:00
1595894400000,10000.0,2020-07-28 00:00:00+00:00
1595980800000,10000.0,2020-07-29 00:00:00+00:00
1596067200000,10000.0,2020-07-30 00:00:00+00:00
1596153600000,10000.0,2020-07-31 00:00:00+00:00
1596240000000,10000.0,2020-08-01 00:00:00+00:00
1596326400000,10000.0,2020-08-02 00:00:00+00:00
1596412800000,10000.0,2020-08-03 00:00:00+00:00
1596499200000,10000.0,2020-08-04 00:00:00+00:00
1596585600000,10000.0,2020-08-05 00:00:00+00:00
1596672000000,10000.0,2020-08-06 00:00:00+00:00
1596758400000,10000.0,2020-08-07 00:00:00+00:00
1596844800000,10000.0,2020-08-08 00:00:00+00:00
1596931200000,10000.0,2020-08-09 00:00:00+00:00
1597017600000,10000.0,2020-08-10 00:00:00+00:00
1597104000000,10000.0,2020-08-11 00:00:00+00:00
1597190400000,10000.0,2020-08-12 00:00:00+00:00
1597276800000,10000.0,2020-08-13 00:00:00+00:00
1597363200000,10000.0,2020-08-14 00:00:00+00:00
1597449600000,10000.0,2020-08-15 00:00:00+00:00
1597536000000,10000.0,2020-08-16 00:00:00+00:00
1597622400000,10000.0,2020-08-17 00:00:00+00:00
1597708800000,10000.0,2020-08-18 00:00:00+00:00
1597795200000,10000.0,2020-08-19 00:00:00+00:00
1597881600000,10000.0,2020-08-20 00:00:00+00:00
1597968000000,10000.0,2020-08-21 00:00:00+00:00
1598054400000,10000.0,2020-08-22 00:00:00+00:00
1598140800000,10000.0,2020-08-23 00:00:00+00:00
1598227200000,10000.0,2020-08-24 00:00:00+00:00
1598313600000,10000.0,2020-08-25 00:00:00+00:00
1598400000000,10000.0,2020-08-26 00:00:00+00:00
1598486400000,10000.0,2020-08-27 00:00:00+00:00
1598572800000,10000.0,2020-08-28 00:00:00+00:00
1598659200000,10000.0,2020-08-29 00:00:00+00:00
1598745600000,10000.0,2020-08-30 00:00:00+00:00
1598832000000,10000.0,2020-08-31 00:00:00+00:00
1598918400000,10000.0,2020-09-01 00:00:00+00:00
1599004800000,10000.0,2020-09-02 00:00:00+00:00
1599091200000,10000.0,2020-09-03 00:00:00+00:00
1599177600000,10000.0,2020-09-04 00:00:00+00:00
1599264000000,10000.0,2020-09-05 00:00:00+00:00
1599350400000,10000.0,2020-09-06 00:00:00+00:00
1599436800000,10000.0,2020-09-07 00:00:00+00:00
1599523200000,10000.0,2020-09-08 00:00:00+00:00
1599609600000,10000.0,2020-09-09 00:00:00+00:00
1599696000000,10000.0,2020-09-10 00:00:00+00:00
1599782400000,10000.0,2020-09-11 00:00:00+00:00
1599868800000,10000.0,2020-09-12 00:00:00+00:00
1599955200000,10000.0,2020-09-13 00:00:00+00:00
1600041600000,10000.0,2020-09-14 00:00:00+00:00
1600128000000,10000.0,2020-09-15 00:00:00+00:00
1600214400000,10000.0,2020-09-16 00:00:00+00:00
1600300800000,10000.0,2020-09-17 00:00:00+00:00
1600387200000,10000.0,2020-09-18 00:00:00+00:00
1600473600000,10000.0,2020-09-19 00:00:00+00:00
1600560000000,10000.0,2020-09-20 00:00:00+00:00
1600646400000,10000.0,2020-09-21 00:00:00+00:00
1600732800000,10000.0,2020-09-22 00:00:00+00:00
1600819200000,10000.0,2020-09-23 00:00:00+00:00
1600905600000,10000.0,2020-09-24 00:00:00+00:00
1600992000000,10000.0,2020-09-25 00:00:00+00:00
1601078400000,10000.0,2020-09-26 00:00:00+00:00
1601164800000,10000.0,2020-09-27 00:00:00+00:00
1601251200000,10000.0,2020-09-28 00:00:00+00:00
1601337600000,10000.0,2020-09-29 00:00:00+00:00
1601424000000,10000.0,2020-09-30 00:00:00+00:00
1601510400000,10000.0,2020-10-01 00:00:00+00:00
1601596800000,10000.0,2020-10-02 00:00:00+00:00
1601683200000,10000.0,2020-10-03 00:00:00+00:00
1601769600000,10000.0,2020-10-04 00:00:00+00:00
1601856000000,10000.0,2020-10-05 00:00:00+00:00
1601942400000,10000.0,2020-10-06 00:00:00+00:00
1602028800000,10000.0,2020-10-07 00:00:00+00:00
1602115200000,10000.0,2020-10-08 00:00:00+00:00
1602201600000,10000.0,2020-10-09 00:00:00+00:00
1602288000000,10000.0,2020-10-10 00:00:00+00:00
1602374400000,10000.0,2020-10-11 00:00:00+00:00
1602460800000,10000.0,2020-10-12 00:00:00+00:00
1602547200000,10000.0,2020-10-13 00:00:00+00:00
1602633600000,10000.0,2020-10-14 00:00:00+00:00
1602720000000,10000.0,2020-10-15 00:00:00+00:00
1602806400000,9937.228275497615,2020-10-16 00:00:00+00:00
1602892800000,9923.50257332887,2020-10-17 00:00:00+00:00
1602979200000,9956.721956310777,2020-10-18 00:00:00+00:00
1603065600000,9989.563192772182,2020-10-19 00:00:00+00:00
1603152000000,9979.447900548419,2020-10-20 00:00:00+00:00
1603238400000,10150.57116058902,2020-10-21 00:00:00+00:00
1603324800000,10219.422906957685,2020-10-22 00:00:00+00:00
1603411200000,10205.961375507462,2020-10-23 00:00:00+00:00
1603497600000,10264.507676751637,2020-10-24 00:00:00+00:00
1603584000000,10213.819432497336,2020-10-25 00:00:00+00:00
1603670400000,10129.60817211721,2020-10-26 00:00:00+00:00
1603756800000,10251.156845266141,2020-10-27 00:00:00+00:00
1603843200000,10150.334718881943,2020-10-28 00:00:00+00:00
1603929600000,10161.288554608462,2020-10-29 00:00:00+00:00
1604016000000,10138.668780370841,2020-10-30 00:00:00+00:00
1604102400000,10187.393433158537,2020-10-31 00:00:00+00:00
1604188800000,10234.139061222102,2020-11-01 00:00:00+00:00
1604275200000,10114.05730324794,2020-11-02 00:00:00+00:00
1604361600000,10140.207210091226,2020-11-03 00:00:00+00:00
1604448000000,10177.666817566962,2020-11-04 00:00:00+00:00
1604534400000,10421.750758647575,2020-11-05 00:00:00+00:00
1604620800000,10535.217145067698,2020-11-06 00:00:00+00:00
1604707200000,10378.921342750877,2020-11-07 00:00:00+00:00
1604793600000,10560.358775202169,2020-11-08 00:00:00+00:00
1604880000000,10497.273150379504,2020-11-09 00:00:00+00:00
1604966400000,10483.15548669579,2020-11-10 00:00:00+00:00
1605052800000,10558.436775167102,2020-11-11 00:00:00+00:00
1605139200000,10643.55437729383,2020-11-12 00:00:00+00:00
1605225600000,10671.797285935774,2020-11-13 00:00:00+00:00
1605312000000,10565.986446004059,2020-11-14 00:00:00+00:00
1605398400000,10512.460980639209,2020-11-15 00:00:00+00:00
1605484800000,10695.709065042418,2020-11-16 00:00:00+00:00
1605571200000,10928.892910753915,2020-11-17 00:00:00+00:00
1605657600000,10891.715390219671,2020-11-18 00:00:00+00:00
1605744000000,10915.467155613012,2020-11-19 00:00:00+00:00
1605830400000,11223.967550182184,2020-11-20 00:00:00+00:00
1605916800000,11992.229464360447,2020-11-21 00:00:00+00:00
1606003200000,11817.991104333443,2020-11-22 00:00:00+00:00
1606089600000,12653.801623961152,2020-11-23 00:00:00+00:00
1606176000000,13266.003470964877,2020-11-24 00:00:00+00:00
1606262400000,12635.909366345744,2020-11-25 00:00:00+00:00
1606348800000,11468.285332934798,2020-11-26 00:00:00+00:00
1606435200000,11471.085771188842,2020-11-27 00:00:00+00:00
1606521600000,11750.558857075233,2020-11-28 00:00:00+00:00
1606608000000,11943.098030199017,2020-11-29 00:00:00+00:00
1606694400000,12371.40812832347,2020-11-30 00:00:00+00:00
1606780800000,11958.680979024615,2020-12-01 00:00:00+00:00
1606867200000,12095.277274380243,2020-12-02 00:00:00+00:00
1606953600000,12205.060045239563,2020-12-03 00:00:00+00:00
1607040000000,11825.073947266392,2020-12-04 00:00:00+00:00
1607126400000,12067.452724792069,2020-12-05 00:00:00+00:00
1607212800000,12108.016582643513,2020-12-06 00:00:00+00:00
1607299200000,12005.636413166512,2020-12-07 00:00:00+00:00
1607385600000,11652.640624024327,2020-12-08 00:00:00+00:00
1607472000000,11758.183881836068,2020-12-09 00:00:00+00:00
1607558400000,11619.829033788974,2020-12-10 00:00:00+00:00
1607644800000,11529.892764009837,2020-12-11 00:00:00+00:00
1607731200000,11743.131683727881,2020-12-12 00:00:00+00:00
1607817600000,11956.248045166534,2020-12-13 00:00:00+00:00
1607904000000,11940.65882209926,2020-12-14 00:00:00+00:00
1607990400000,11911.534042555564,2020-12-15 00:00:00+00:00
1608076800000,12516.449507659761,2020-12-16 00:00:00+00:00
1608163200000,12787.906632713082,2020-12-17 00:00:00+00:00
1608249600000,12904.26494819497,2020-12-18 00:00:00+00:00
1608336000000,13010.044066069084,2020-12-19 00:00:00+00:00
1608422400000,13116.816465981557,2020-12-20 00:00:00+00:00
1608508800000,12913.548136963263,2020-12-21 00:00:00+00:00
1608595200000,12992.231088786879,2020-12-22 00:00:00+00:00
1608681600000,12270.803752742993,2020-12-23 00:00:00+00:00
1608768000000,12796.635255643892,2020-12-24 00:00:00+00:00
1608854400000,12987.962740407027,2020-12-25 00:00:00+00:00
1608940800000,13218.860806039382,2020-12-26 00:00:00+00:00
1609027200000,13312.509787795207,2020-12-27 00:00:00+00:00
1609113600000,13644.63543852595,2020-12-28 00:00:00+00:00
1609200000000,13696.024493498919,2020-12-29 00:00:00+00:00
1609286400000,13939.604492603632,2020-12-30 00:00:00+00:00
1609372800000,13876.816011616982,2020-12-31 00:00:00+00:00
1609459200000,14219.898833521138,2021-01-01 00:00:00+00:00
1609545600000,15440.503908439288,2021-01-02 00:00:00+00:00
1609632000000,16237.051275012132,2021-01-03 00:00:00+00:00
1609718400000,16285.331121303678,2021-01-04 00:00:00+00:00
1609804800000,16828.44982854781,2021-01-05 00:00:00+00:00
1609891200000,17795.320533728518,2021-01-06 00:00:00+00:00
1609977600000,18023.391352838196,2021-01-07 00:00:00+00:00
1610064000000,18129.268512457256,2021-01-08 00:00:00+00:00
1610150400000,18541.338276971168,2021-01-09 00:00:00+00:00
1610236800000,18131.652112967142,2021-01-10 00:00:00+00:00
1610323200000,17012.7565297272,2021-01-11 00:00:00+00:00
1610409600000,16755.600896367974,2021-01-12 00:00:00+00:00
1610496000000,17563.584622867438,2021-01-13 00:00:00+00:00
1610582400000,18114.27480619905,2021-01-14 00:00:00+00:00
1610668800000,17554.279706738078,2021-01-15 00:00:00+00:00
1610755200000,17821.71451756145,2021-01-16 00:00:00+00:00
1610841600000,17951.961629881716,2021-01-17 00:00:00+00:00
1610928000000,18121.216073168805,2021-01-18 00:00:00+00:00
1611014400000,18176.34312436915,2021-01-19 00:00:00+00:00
1611100800000,18172.0402129002,2021-01-20 00:00:00+00:00
1611187200000,16523.437464063507,2021-01-21 00:00:00+00:00
1611273600000,17301.14989196661,2021-01-22 00:00:00+00:00
1611360000000,17171.68065910394,2021-01-23 00:00:00+00:00
1611446400000,17607.61766556555,2021-01-24 00:00:00+00:00
1611532800000,17371.58413626297,2021-01-25 00:00:00+00:00
1611619200000,17501.885746887732,2021-01-26 00:00:00+00:00
1611705600000,16710.58430943572,2021-01-27 00:00:00+00:00
1611792000000,17513.41368031705,2021-01-28 00:00:00+00:00
1611878400000,17751.436589209112,2021-01-29 00:00:00+00:00
1611964800000,17876.637187841196,2021-01-30 00:00:00+00:00
1612051200000,17522.575292580565,2021-01-31 00:00:00+00:00
1612137600000,18081.776531391704,2021-02-01 00:00:00+00:00
1612224000000,18677.196134141537,2021-02-02 00:00:00+00:00
1612310400000,19443.577977367466,2021-02-03 00:00:00+00:00
1612396800000,19357.56234550318,2021-02-04 00:00:00+00:00
1612483200000,20451.214551049165,2021-02-05 00:00:00+00:00
1612569600000,20995.590724403348,2021-02-06 00:00:00+00:00
1612656000000,21116.609723867863,2021-02-07 00:00:00+00:00
1612742400000,22880.583715426255,2021-02-08 00:00:00+00:00
1612828800000,23517.147853140203,2021-02-09 00:00:00+00:00
1612915200000,24552.125158228384,2021-02-10 00:00:00+00:00
1613001600000,24841.346744134273,2021-02-11 00:00:00+00:00
1613088000000,25076.392949722107,2021-02-12 00:00:00+00:00
1613174400000,24852.3740357831,2021-02-13 00:00:00+00:00
1613260800000,24704.006429478846,2021-02-14 00:00:00+00:00
1613347200000,24485.040978742505,2021-02-15 00:00:00+00:00
1613433600000,24659.57424932919,2021-02-16 00:00:00+00:00
1613520000000,25869.10614547745,2021-02-17 00:00:00+00:00
1613606400000,26687.463118932796,2021-02-18 00:00:00+00:00
1613692800000,29681.510432780186,2021-02-19 00:00:00+00:00
1613779200000,28863.92579124224,2021-02-20 00:00:00+00:00
1613865600000,29788.609229441772,2021-02-21 00:00:00+00:00
1613952000000,28482.150687375793,2021-02-22 00:00:00+00:00
1614038400000,25422.475657543313,2021-02-23 00:00:00+00:00
1614124800000,26028.971336220508,2021-02-24 00:00:00+00:00
1614211200000,25414.79404752604,2021-02-25 00:00:00+00:00
1614297600000,25873.194087014403,2021-02-26 00:00:00+00:00
1614384000000,26138.804846299146,2021-02-27 00:00:00+00:00
1614470400000,25890.893139341657,2021-02-28 00:00:00+00:00
1614556800000,26797.549975885573,2021-03-01 00:00:00+00:00
1614643200000,26169.226530213247,2021-03-02 00:00:00+00:00
1614729600000,26377.396280761193,2021-03-03 00:00:00+00:00
1614816000000,25659.76606953982,2021-03-04 00:00:00+00:00
1614902400000,25864.39008042284,2021-03-05 00:00:00+00:00
1614988800000,25789.333496179534,2021-03-06 00:00:00+00:00
1615075200000,26098.142960862286,2021-03-07 00:00:00+00:00
1615161600000,26394.17798215442,2021-03-08 00:00:00+00:00
1615248000000,27180.507588220476,2021-03-09 00:00:00+00:00
1615334400000,26973.991157093773,2021-03-10 00:00:00+00:00
1615420800000,27307.000581343887,2021-03-11 00:00:00+00:00
1615507200000,26896.946730245338,2021-03-12 00:00:00+00:00
1615593600000,27810.92783592033,2021-03-13 00:00:00+00:00
1615680000000,27175.074604347872,2021-03-14 00:00:00+00:00
1615766400000,26533.224588556797,2021-03-15 00:00:00+00:00
1615852800000,27636.669976366346,2021-03-16 00:00:00+00:00
1615939200000,28445.199736559527,2021-03-17 00:00:00+00:00
1616025600000,27634.78924501645,2021-03-18 00:00:00+00:00
1616112000000,27964.033970040215,2021-03-19 00:00:00+00:00
1616198400000,27624.265240882727,2021-03-20 00:00:00+00:00
1616284800000,27434.006937095393,2021-03-21 00:00:00+00:00
1616371200000,26545.44717142645,2021-03-22 00:00:00+00:00
1616457600000,26605.251151193323,2021-03-23 00:00:00+00:00
1616544000000,26010.39235736705,2021-03-24 00:00:00+00:00
1616630400000,25962.22165969975,2021-03-25 00:00:00+00:00
1616716800000,27278.89515950792,2021-03-26 00:00:00+00:00
1616803200000,27281.12733589592,2021-03-27 00:00:00+00:00
1616889600000,27314.467071481657,2021-03-28 00:00:00+00:00
1616976000000,27690.424429233026,2021-03-29 00:00:00+00:00
1617062400000,28165.084807004056,2021-03-30 00:00:00+00:00
1617148800000,28318.39147541715,2021-03-31 00:00:00+00:00
1617235200000,28292.648872906935,2021-04-01 00:00:00+00:00
1617321600000,28301.98197079442,2021-04-02 00:00:00+00:00
1617408000000,28035.18516833593,2021-04-03 00:00:00+00:00
1617494400000,28439.99900607143,2021-04-04 00:00:00+00:00
1617580800000,28649.78414519189,2021-04-05 00:00:00+00:00
1617667200000,28819.64132611143,2021-04-06 00:00:00+00:00
1617753600000,28113.765470158665,2021-04-07 00:00:00+00:00
1617840000000,28725.9579514762,2021-04-08 00:00:00+00:00
1617926400000,28839.28759262718,2021-04-09 00:00:00+00:00
1618012800000,29133.74384757292,2021-04-10 00:00:00+00:00
1618099200000,29567.74426499918,2021-04-11 00:00:00+00:00
1618185600000,29811.324588386233,2021-04-12 00:00:00+00:00
1618272000000,30489.273123262145,2021-04-13 00:00:00+00:00
1618358400000,30510.935723126033,2021-04-14 00:00:00+00:00
1618444800000,30728.702769025138,2021-04-15 00:00:00+00:00
1618531200000,30075.856331549065,2021-04-16 00:00:00+00:00
1618617600000,29711.554546063177,2021-04-17 00:00:00+00:00
1618704000000,28673.088600647603,2021-04-18 00:00:00+00:00
1618790400000,28188.461816912408,2021-04-19 00:00:00+00:00
1618876800000,28759.678165749145,2021-04-20 00:00:00+00:00
1618963200000,28110.62493933878,2021-04-21 00:00:00+00:00
1619049600000,27721.985939236616,2021-04-22 00:00:00+00:00
1619136000000,26793.972601966965,2021-04-23 00:00:00+00:00
1619222400000,26750.774410630926,2021-04-24 00:00:00+00:00
1619308800000,27067.924555760248,2021-04-25 00:00:00+00:00
1619395200000,27261.096833287163,2021-04-26 00:00:00+00:00
1619481600000,27439.747944439187,2021-04-27 00:00:00+00:00
1619568000000,27599.76760481425,2021-04-28 00:00:00+00:00
1619654400000,27519.83820320045,2021-04-29 00:00:00+00:00
1619740800000,27768.166443466187,2021-04-30 00:00:00+00:00
1619827200000,28212.92589179572,2021-05-01 00:00:00+00:00
1619913600000,28037.509447875032,2021-05-02 00:00:00+00:00
1620000000000,28486.31502206887,2021-05-03 00:00:00+00:00
1620086400000,28121.141377011398,2021-05-04 00:00:00+00:00
1620172800000,29093.561583173247,2021-05-05 00:00:00+00:00
1620259200000,28956.87678349133,2021-05-06 00:00:00+00:00
1620345600000,28909.3719918052,2021-05-07 00:00:00+00:00
1620432000000,29233.684080704672,2021-05-08 00:00:00+00:00
1620518400000,29153.322353792584,2021-05-09 00:00:00+00:00
1620604800000,28735.967445583028,2021-05-10 00:00:00+00:00
1620691200000,29277.800091001667,2021-05-11 00:00:00+00:00
1620777600000,28451.89621800325,2021-05-12 00:00:00+00:00
1620864000000,28395.080526011636,2021-05-13 00:00:00+00:00
1620950400000,28848.059872858816,2021-05-14 00:00:00+00:00
1621036800000,28410.32380926845,2021-05-15 00:00:00+00:00
1621123200000,28516.947041487056,2021-05-16 00:00:00+00:00
1621209600000,28122.036571364555,2021-05-17 00:00:00+00:00
1621296000000,28579.838099267316,2021-05-18 00:00:00+00:00
1621382400000,26466.33202611623,2021-05-19 00:00:00+00:00
1621468800000,26875.331823662185,2021-05-20 00:00:00+00:00
1621555200000,26637.5863985669,2021-05-21 00:00:00+00:00
1621641600000,26305.519467254137,2021-05-22 00:00:00+00:00
1621728000000,25886.9868346901,2021-05-23 00:00:00+00:00
1621814400000,25886.9868346901,2021-05-24 00:00:00+00:00
1621900800000,25886.9868346901,2021-05-25 00:00:00+00:00
1621987200000,25886.9868346901,2021-05-26 00:00:00+00:00
1622073600000,25886.9868346901,2021-05-27 00:00:00+00:00
1622160000000,25886.9868346901,2021-05-28 00:00:00+00:00
1622246400000,25886.9868346901,2021-05-29 00:00:00+00:00
1622332800000,25886.9868346901,2021-05-30 00:00:00+00:00
1622419200000,25886.9868346901,2021-05-31 00:00:00+00:00
1622505600000,25886.9868346901,2021-06-01 00:00:00+00:00
1622592000000,25886.9868346901,2021-06-02 00:00:00+00:00
1622678400000,25886.9868346901,2021-06-03 00:00:00+00:00
1622764800000,25886.9868346901,2021-06-04 00:00:00+00:00
1622851200000,25886.9868346901,2021-06-05 00:00:00+00:00
1622937600000,25886.9868346901,2021-06-06 00:00:00+00:00
1623024000000,25886.9868346901,2021-06-07 00:00:00+00:00
1623110400000,25886.9868346901,2021-06-08 00:00:00+00:00
1623196800000,25886.9868346901,2021-06-09 00:00:00+00:00
1623283200000,25886.9868346901,2021-06-10 00:00:00+00:00
1623369600000,25886.9868346901,2021-06-11 00:00:00+00:00
1623456000000,25886.9868346901,2021-06-12 00:00:00+00:00
1623542400000,25886.9868346901,2021-06-13 00:00:00+00:00
1623628800000,25886.9868346901,2021-06-14 00:00:00+00:00
1623715200000,25886.9868346901,2021-06-15 00:00:00+00:00
1623801600000,25886.9868346901,2021-06-16 00:00:00+00:00
1623888000000,25886.9868346901,2021-06-17 00:00:00+00:00
1623974400000,25886.9868346901,2021-06-18 00:00:00+00:00
1624060800000,25886.9868346901,2021-06-19 00:00:00+00:00
1624147200000,25886.9868346901,2021-06-20 00:00:00+00:00
1624233600000,25886.9868346901,2021-06-21 00:00:00+00:00
1624320000000,25886.9868346901,2021-06-22 00:00:00+00:00
1624406400000,25886.9868346901,2021-06-23 00:00:00+00:00
1624492800000,25886.9868346901,2021-06-24 00:00:00+00:00
1624579200000,25886.9868346901,2021-06-25 00:00:00+00:00
1624665600000,25886.9868346901,2021-06-26 00:00:00+00:00
1624752000000,25886.9868346901,2021-06-27 00:00:00+00:00
1624838400000,25886.9868346901,2021-06-28 00:00:00+00:00
1624924800000,25886.9868346901,2021-06-29 00:00:00+00:00
1625011200000,25886.9868346901,2021-06-30 00:00:00+00:00
1625097600000,25886.9868346901,2021-07-01 00:00:00+00:00
1625184000000,25886.9868346901,2021-07-02 00:00:00+00:00
1625270400000,25886.9868346901,2021-07-03 00:00:00+00:00
1625356800000,25886.9868346901,2021-07-04 00:00:00+00:00
1625443200000,25886.9868346901,2021-07-05 00:00:00+00:00
1625529600000,25886.9868346901,2021-07-06 00:00:00+00:00
1625616000000,25886.9868346901,2021-07-07 00:00:00+00:00
1625702400000,25886.9868346901,2021-07-08 00:00:00+00:00
1625788800000,25886.9868346901,2021-07-09 00:00:00+00:00
1625875200000,25886.9868346901,2021-07-10 00:00:00+00:00
1625961600000,25886.9868346901,2021-07-11 00:00:00+00:00
1626048000000,25886.9868346901,2021-07-12 00:00:00+00:00
1626134400000,25886.9868346901,2021-07-13 00:00:00+00:00
1626220800000,25886.9868346901,2021-07-14 00:00:00+00:00
1626307200000,25886.9868346901,2021-07-15 00:00:00+00:00
1626393600000,25886.9868346901,2021-07-16 00:00:00+00:00
1626480000000,25886.9868346901,2021-07-17 00:00:00+00:00
1626566400000,25886.9868346901,2021-07-18 00:00:00+00:00
1626652800000,25886.9868346901,2021-07-19 00:00:00+00:00
1626739200000,25886.9868346901,2021-07-20 00:00:00+00:00
1626825600000,25886.9868346901,2021-07-21 00:00:00+00:00
1626912000000,25886.9868346901,2021-07-22 00:00:00+00:00
1626998400000,25886.9868346901,2021-07-23 00:00:00+00:00
1627084800000,25886.9868346901,2021-07-24 00:00:00+00:00
1627171200000,25886.9868346901,2021-07-25 00:00:00+00:00
1627257600000,25886.9868346901,2021-07-26 00:00:00+00:00
1627344000000,25886.9868346901,2021-07-27 00:00:00+00:00
1627430400000,25886.9868346901,2021-07-28 00:00:00+00:00
1627516800000,25886.9868346901,2021-07-29 00:00:00+00:00
1627603200000,25886.9868346901,2021-07-30 00:00:00+00:00
1627689600000,25886.9868346901,2021-07-31 00:00:00+00:00
1627776000000,25886.9868346901,2021-08-01 00:00:00+00:00
1627862400000,25886.9868346901,2021-08-02 00:00:00+00:00
1627948800000,25886.9868346901,2021-08-03 00:00:00+00:00
1628035200000,25886.9868346901,2021-08-04 00:00:00+00:00
1628121600000,25886.9868346901,2021-08-05 00:00:00+00:00
1628208000000,25886.9868346901,2021-08-06 00:00:00+00:00
1628294400000,25886.9868346901,2021-08-07 00:00:00+00:00
1628380800000,25886.9868346901,2021-08-08 00:00:00+00:00
1628467200000,25886.9868346901,2021-08-09 00:00:00+00:00
1628553600000,26115.648840600676,2021-08-10 00:00:00+00:00
1628640000000,26431.821439642397,2021-08-11 00:00:00+00:00
1628726400000,26263.348083054774,2021-08-12 00:00:00+00:00
1628812800000,27312.41945477691,2021-08-13 00:00:00+00:00
1628899200000,27390.518759793096,2021-08-14 00:00:00+00:00
1628985600000,27522.341910798914,2021-08-15 00:00:00+00:00
1629072000000,27223.32178661188,2021-08-16 00:00:00+00:00
1629158400000,27114.075601756922,2021-08-17 00:00:00+00:00
1629244800000,27806.627906335707,2021-08-18 00:00:00+00:00
1629331200000,28596.34436194384,2021-08-19 00:00:00+00:00
1629417600000,29681.285592383578,2021-08-20 00:00:00+00:00
1629504000000,29894.97752301724,2021-08-21 00:00:00+00:00
1629590400000,30220.738202772794,2021-08-22 00:00:00+00:00
1629676800000,30789.45744270639,2021-08-23 00:00:00+00:00
1629763200000,30914.13629659216,2021-08-24 00:00:00+00:00
1629849600000,30313.57236001946,2021-08-25 00:00:00+00:00
1629936000000,29246.280946003182,2021-08-26 00:00:00+00:00
1630022400000,30829.77130158083,2021-08-27 00:00:00+00:00
1630108800000,30724.40593809961,2021-08-28 00:00:00+00:00
1630195200000,30505.541034666432,2021-08-29 00:00:00+00:00
1630281600000,29676.97285225542,2021-08-30 00:00:00+00:00
1630368000000,29767.066611076785,2021-08-31 00:00:00+00:00
1630454400000,30646.24950756047,2021-09-01 00:00:00+00:00
1630540800000,31210.234450532455,2021-09-02 00:00:00+00:00
1630627200000,31376.238498707477,2021-09-03 00:00:00+00:00
1630713600000,31245.581652141784,2021-09-04 00:00:00+00:00
1630800000000,31892.298756712986,2021-09-05 00:00:00+00:00
1630886400000,31863.047166675315,2021-09-06 00:00:00+00:00
1630972800000,28853.541429266075,2021-09-07 00:00:00+00:00
1631059200000,28666.483983442027,2021-09-08 00:00:00+00:00
1631145600000,29024.637594187014,2021-09-09 00:00:00+00:00
1631232000000,29338.32517320539,2021-09-10 00:00:00+00:00
1631318400000,30203.51485309929,2021-09-11 00:00:00+00:00
1631404800000,30639.29241987452,2021-09-12 00:00:00+00:00
1631491200000,29699.796044516155,2021-09-13 00:00:00+00:00
1631577600000,30015.75631446072,2021-09-14 00:00:00+00:00
1631664000000,30772.06040181871,2021-09-15 00:00:00+00:00
1631750400000,31437.57436399518,2021-09-16 00:00:00+00:00
1631836800000,31355.183770620966,2021-09-17 00:00:00+00:00
1631923200000,31392.623776882476,2021-09-18 00:00:00+00:00
1632009600000,31283.207329399425,2021-09-19 00:00:00+00:00
1632096000000,29434.21313834072,2021-09-20 00:00:00+00:00
1632182400000,29176.34596762717,2021-09-21 00:00:00+00:00
1632268800000,30569.088608079976,2021-09-22 00:00:00+00:00
1632355200000,30923.7736500726,2021-09-23 00:00:00+00:00
1632441600000,30361.881585700343,2021-09-24 00:00:00+00:00
1632528000000,29958.491828618622,2021-09-25 00:00:00+00:00
1632614400000,29793.03324455445,2021-09-26 00:00:00+00:00
1632700800000,29698.44063573854,2021-09-27 00:00:00+00:00
1632787200000,29200.13980728678,2021-09-28 00:00:00+00:00
1632873600000,29586.846073586195,2021-09-29 00:00:00+00:00
1632960000000,29791.00861667138,2021-09-30 00:00:00+00:00
1633046400000,30100.639114865786,2021-10-01 00:00:00+00:00
1633132800000,30300.898445169605,2021-10-02 00:00:00+00:00
1633219200000,30330.733147827734,2021-10-03 00:00:00+00:00
1633305600000,30024.439837711,2021-10-04 00:00:00+00:00
1633392000000,30078.22936827345,2021-10-05 00:00:00+00:00
1633478400000,29733.925533807072,2021-10-06 00:00:00+00:00
1633564800000,29834.886538475777,2021-10-07 00:00:00+00:00
1633651200000,29680.976260852545,2021-10-08 00:00:00+00:00
1633737600000,29726.505090667146,2021-10-09 00:00:00+00:00
1633824000000,29131.920980005107,2021-10-10 00:00:00+00:00
1633910400000,29179.01780246803,2021-10-11 00:00:00+00:00
1633996800000,29189.34923113935,2021-10-12 00:00:00+00:00
1634083200000,29391.318925391814,2021-10-13 00:00:00+00:00
1634169600000,29630.524581671583,2021-10-14 00:00:00+00:00
1634256000000,29816.295250491257,2021-10-15 00:00:00+00:00
1634342400000,29879.30706215927,2021-10-16 00:00:00+00:00
1634428800000,29848.61042402593,2021-10-17 00:00:00+00:00
1634515200000,29893.685282464066,2021-10-18 00:00:00+00:00
1634601600000,30027.829191720924,2021-10-19 00:00:00+00:00
1634688000000,30423.89418700893,2021-10-20 00:00:00+00:00
1634774400000,30160.551765477947,2021-10-21 00:00:00+00:00
1634860800000,30126.408713224373,2021-10-22 00:00:00+00:00
1634947200000,30220.854849084015,2021-10-23 00:00:00+00:00
1635033600000,30164.685788939394,2021-10-24 00:00:00+00:00
1635120000000,30636.961697865303,2021-10-25 00:00:00+00:00
1635206400000,30391.384433201594,2021-10-26 00:00:00+00:00
1635292800000,29761.17530629423,2021-10-27 00:00:00+00:00
1635379200000,30194.707864173164,2021-10-28 00:00:00+00:00
1635465600000,30569.19724537639,2021-10-29 00:00:00+00:00
1635552000000,30479.48467174483,2021-10-30 00:00:00+00:00
1635638400000,30486.286001598557,2021-10-31 00:00:00+00:00
1635724800000,30532.997716339145,2021-11-01 00:00:00+00:00
1635811200000,30815.054587106748,2021-11-02 00:00:00+00:00
1635897600000,31000.199286512143,2021-11-03 00:00:00+00:00
1635984000000,30831.4457934133,2021-11-04 00:00:00+00:00
1636070400000,30874.525351619897,2021-11-05 00:00:00+00:00
1636156800000,31101.99370596268,2021-11-06 00:00:00+00:00
1636243200000,31222.74733875546,2021-11-07 00:00:00+00:00
1636329600000,31549.90004581564,2021-11-08 00:00:00+00:00
1636416000000,31609.315908633216,2021-11-09 00:00:00+00:00
1636502400000,31207.02007881969,2021-11-10 00:00:00+00:00
1636588800000,31433.034925535296,2021-11-11 00:00:00+00:00
1636675200000,31316.437312602684,2021-11-12 00:00:00+00:00
1636761600000,31425.156778441607,2021-11-13 00:00:00+00:00
1636848000000,31518.53265430971,2021-11-14 00:00:00+00:00
1636934400000,31289.056965275282,2021-11-15 00:00:00+00:00
1637020800000,30575.142506074113,2021-11-16 00:00:00+00:00
1637107200000,30562.676623226278,2021-11-17 00:00:00+00:00
1637193600000,29915.721757251238,2021-11-18 00:00:00+00:00
1637280000000,30332.623642208193,2021-11-19 00:00:00+00:00
1637366400000,30696.61584464953,2021-11-20 00:00:00+00:00
1637452800000,30655.823580224715,2021-11-21 00:00:00+00:00
1637539200000,30480.695676549545,2021-11-22 00:00:00+00:00
1637625600000,30580.386224418537,2021-11-23 00:00:00+00:00
1637712000000,30628.99758388831,2021-11-24 00:00:00+00:00
1637798400000,31059.750351235583,2021-11-25 00:00:00+00:00
1637884800000,30356.23236620612,2021-11-26 00:00:00+00:00
1637971200000,30486.693490010563,2021-11-27 00:00:00+00:00
1638057600000,30482.051509616962,2021-11-28 00:00:00+00:00
1638144000000,30667.330587328295,2021-11-29 00:00:00+00:00
1638230400000,30519.103762507428,2021-11-30 00:00:00+00:00
1638316800000,30579.692351168043,2021-12-01 00:00:00+00:00
1638403200000,30401.948494339704,2021-12-02 00:00:00+00:00
1638489600000,30208.006122904313,2021-12-03 00:00:00+00:00
1638576000000,29399.34839565492,2021-12-04 00:00:00+00:00
1638662400000,29360.20408994502,2021-12-05 00:00:00+00:00
1638748800000,29469.710473001032,2021-12-06 00:00:00+00:00
1638835200000,29437.92920368186,2021-12-07 00:00:00+00:00
1638921600000,29545.78266020118,2021-12-08 00:00:00+00:00
1639008000000,29403.818810606437,2021-12-09 00:00:00+00:00
1639094400000,29338.753611480188,2021-12-10 00:00:00+00:00
1639180800000,29384.509623336868,2021-12-11 00:00:00+00:00
1639267200000,29381.90634732653,2021-12-12 00:00:00+00:00
1639353600000,29381.90634732653,2021-12-13 00:00:00+00:00
1639440000000,29381.90634732653,2021-12-14 00:00:00+00:00
1639526400000,29381.90634732653,2021-12-15 00:00:00+00:00
1639612800000,29381.90634732653,2021-12-16 00:00:00+00:00
1639699200000,29381.90634732653,2021-12-17 00:00:00+00:00
1639785600000,29381.90634732653,2021-12-18 00:00:00+00:00
1639872000000,29381.90634732653,2021-12-19 00:00:00+00:00
1639958400000,29381.90634732653,2021-12-20 00:00:00+00:00
1640044800000,29381.90634732653,2021-12-21 00:00:00+00:00
1640131200000,29381.90634732653,2021-12-22 00:00:00+00:00
1640217600000,29381.90634732653,2021-12-23 00:00:00+00:00
1640304000000,29381.90634732653,2021-12-24 00:00:00+00:00
1640390400000,29381.90634732653,2021-12-25 00:00:00+00:00
1640476800000,29381.90634732653,2021-12-26 00:00:00+00:00
1640563200000,29381.90634732653,2021-12-27 00:00:00+00:00
1640649600000,29381.90634732653,2021-12-28 00:00:00+00:00
1640736000000,29381.90634732653,2021-12-29 00:00:00+00:00
1640822400000,29381.90634732653,2021-12-30 00:00:00+00:00
1640908800000,29381.90634732653,2021-12-31 00:00:00+00:00
1640995200000,29381.90634732653,2022-01-01 00:00:00+00:00
1641081600000,29381.90634732653,2022-01-02 00:00:00+00:00
1641168000000,29381.90634732653,2022-01-03 00:00:00+00:00
1641254400000,29381.90634732653,2022-01-04 00:00:00+00:00
1641340800000,29381.90634732653,2022-01-05 00:00:00+00:00
1641427200000,29381.90634732653,2022-01-06 00:00:00+00:00
1641513600000,29381.90634732653,2022-01-07 00:00:00+00:00
1641600000000,29381.90634732653,2022-01-08 00:00:00+00:00
1641686400000,29381.90634732653,2022-01-09 00:00:00+00:00
1641772800000,29381.90634732653,2022-01-10 00:00:00+00:00
1641859200000,29381.90634732653,2022-01-11 00:00:00+00:00
1641945600000,29381.90634732653,2022-01-12 00:00:00+00:00
1642032000000,29381.90634732653,2022-01-13 00:00:00+00:00
1642118400000,29381.90634732653,2022-01-14 00:00:00+00:00
1642204800000,29381.90634732653,2022-01-15 00:00:00+00:00
1642291200000,29381.90634732653,2022-01-16 00:00:00+00:00
1642377600000,29381.90634732653,2022-01-17 00:00:00+00:00
1642464000000,29381.90634732653,2022-01-18 00:00:00+00:00
1642550400000,29381.90634732653,2022-01-19 00:00:00+00:00
1642636800000,29381.90634732653,2022-01-20 00:00:00+00:00
1642723200000,29381.90634732653,2022-01-21 00:00:00+00:00
1642809600000,29381.90634732653,2022-01-22 00:00:00+00:00
1642896000000,29381.90634732653,2022-01-23 00:00:00+00:00
1642982400000,29381.90634732653,2022-01-24 00:00:00+00:00
1643068800000,29381.90634732653,2022-01-25 00:00:00+00:00
1643155200000,29381.90634732653,2022-01-26 00:00:00+00:00
1643241600000,29381.90634732653,2022-01-27 00:00:00+00:00
1643328000000,29381.90634732653,2022-01-28 00:00:00+00:00
1643414400000,29381.90634732653,2022-01-29 00:00:00+00:00
1643500800000,29381.90634732653,2022-01-30 00:00:00+00:00
1643587200000,29381.90634732653,2022-01-31 00:00:00+00:00
1643673600000,29381.90634732653,2022-02-01 00:00:00+00:00
1643760000000,29381.90634732653,2022-02-02 00:00:00+00:00
1643846400000,29381.90634732653,2022-02-03 00:00:00+00:00
1643932800000,29381.90634732653,2022-02-04 00:00:00+00:00
1644019200000,29381.90634732653,2022-02-05 00:00:00+00:00
1644105600000,29381.90634732653,2022-02-06 00:00:00+00:00
1644192000000,29381.90634732653,2022-02-07 00:00:00+00:00
1644278400000,29381.90634732653,2022-02-08 00:00:00+00:00
1644364800000,29381.90634732653,2022-02-09 00:00:00+00:00
1644451200000,29381.90634732653,2022-02-10 00:00:00+00:00
1644537600000,29381.90634732653,2022-02-11 00:00:00+00:00
1644624000000,29381.90634732653,2022-02-12 00:00:00+00:00
1644710400000,29381.90634732653,2022-02-13 00:00:00+00:00
1644796800000,29381.90634732653,2022-02-14 00:00:00+00:00
1644883200000,29381.90634732653,2022-02-15 00:00:00+00:00
1644969600000,29381.90634732653,2022-02-16 00:00:00+00:00
1645056000000,29381.90634732653,2022-02-17 00:00:00+00:00
1645142400000,29381.90634732653,2022-02-18 00:00:00+00:00
1645228800000,29381.90634732653,2022-02-19 00:00:00+00:00
1645315200000,29381.90634732653,2022-02-20 00:00:00+00:00
1645401600000,29381.90634732653,2022-02-21 00:00:00+00:00
1645488000000,29381.90634732653,2022-02-22 00:00:00+00:00
1645574400000,29381.90634732653,2022-02-23 00:00:00+00:00
1645660800000,29381.90634732653,2022-02-24 00:00:00+00:00
1645747200000,29381.90634732653,2022-02-25 00:00:00+00:00
1645833600000,29381.90634732653,2022-02-26 00:00:00+00:00
1645920000000,29381.90634732653,2022-02-27 00:00:00+00:00
1646006400000,29381.90634732653,2022-02-28 00:00:00+00:00
1646092800000,29381.90634732653,2022-03-01 00:00:00+00:00
1646179200000,29381.90634732653,2022-03-02 00:00:00+00:00
1646265600000,29381.90634732653,2022-03-03 00:00:00+00:00
1646352000000,29381.90634732653,2022-03-04 00:00:00+00:00
1646438400000,29381.90634732653,2022-03-05 00:00:00+00:00
1646524800000,29381.90634732653,2022-03-06 00:00:00+00:00
1646611200000,29381.90634732653,2022-03-07 00:00:00+00:00
1646697600000,29381.90634732653,2022-03-08 00:00:00+00:00
1646784000000,29381.90634732653,2022-03-09 00:00:00+00:00
1646870400000,29381.90634732653,2022-03-10 00:00:00+00:00
1646956800000,29381.90634732653,2022-03-11 00:00:00+00:00
1647043200000,29381.90634732653,2022-03-12 00:00:00+00:00
1647129600000,29381.90634732653,2022-03-13 00:00:00+00:00
1647216000000,29381.90634732653,2022-03-14 00:00:00+00:00
1647302400000,29381.90634732653,2022-03-15 00:00:00+00:00
1647388800000,29381.90634732653,2022-03-16 00:00:00+00:00
1647475200000,29381.90634732653,2022-03-17 00:00:00+00:00
1647561600000,29381.90634732653,2022-03-18 00:00:00+00:00
1647648000000,29381.90634732653,2022-03-19 00:00:00+00:00
1647734400000,29381.90634732653,2022-03-20 00:00:00+00:00
1647820800000,29381.90634732653,2022-03-21 00:00:00+00:00
1647907200000,29381.90634732653,2022-03-22 00:00:00+00:00
1647993600000,29381.90634732653,2022-03-23 00:00:00+00:00
1648080000000,29381.90634732653,2022-03-24 00:00:00+00:00
1648166400000,29381.90634732653,2022-03-25 00:00:00+00:00
1648252800000,29381.90634732653,2022-03-26 00:00:00+00:00
1648339200000,29381.90634732653,2022-03-27 00:00:00+00:00
1648425600000,29381.90634732653,2022-03-28 00:00:00+00:00
1648512000000,29706.938941999928,2022-03-29 00:00:00+00:00
1648598400000,29935.491982868913,2022-03-30 00:00:00+00:00
1648684800000,29671.308369091934,2022-03-31 00:00:00+00:00
1648771200000,30064.318014195327,2022-04-01 00:00:00+00:00
1648857600000,29948.731340290433,2022-04-02 00:00:00+00:00
1648944000000,30357.036445562426,2022-04-03 00:00:00+00:00
1649030400000,30251.683914375728,2022-04-04 00:00:00+00:00
1649116800000,29773.28810937218,2022-04-05 00:00:00+00:00
1649203200000,28561.416241893752,2022-04-06 00:00:00+00:00
1649289600000,29107.594808090806,2022-04-07 00:00:00+00:00
1649376000000,28716.442668733773,2022-04-08 00:00:00+00:00
1649462400000,28914.557459520376,2022-04-09 00:00:00+00:00
1649548800000,28479.947995939227,2022-04-10 00:00:00+00:00
1649635200000,27788.072331227548,2022-04-11 00:00:00+00:00
1649721600000,27932.13636634267,2022-04-12 00:00:00+00:00
1649808000000,28037.269396244556,2022-04-13 00:00:00+00:00
1649894400000,27907.589895183268,2022-04-14 00:00:00+00:00
1649980800000,27882.753288155513,2022-04-15 00:00:00+00:00
1650067200000,27887.498583465287,2022-04-16 00:00:00+00:00
1650153600000,27801.164473523397,2022-04-17 00:00:00+00:00
1650240000000,27854.131980506685,2022-04-18 00:00:00+00:00
1650326400000,27997.658560088243,2022-04-19 00:00:00+00:00
1650412800000,27908.928869516258,2022-04-20 00:00:00+00:00
1650499200000,27792.68609659637,2022-04-21 00:00:00+00:00
1650585600000,27784.890723264467,2022-04-22 00:00:00+00:00
1650672000000,27757.148365230332,2022-04-23 00:00:00+00:00
1650758400000,27721.152082491826,2022-04-24 00:00:00+00:00
1650844800000,27636.893267801373,2022-04-25 00:00:00+00:00
1650931200000,27453.701994501593,2022-04-26 00:00:00+00:00
1651017600000,27476.74420096796,2022-04-27 00:00:00+00:00
1651104000000,27474.7221782927,2022-04-28 00:00:00+00:00
1651190400000,27474.7221782927,2022-04-29 00:00:00+00:00
1651276800000,27474.7221782927,2022-04-30 00:00:00+00:00
1651363200000,27474.7221782927,2022-05-01 00:00:00+00:00
1651449600000,27474.7221782927,2022-05-02 00:00:00+00:00
1651536000000,27474.7221782927,2022-05-03 00:00:00+00:00
1651622400000,27474.7221782927,2022-05-04 00:00:00+00:00
1651708800000,27474.7221782927,2022-05-05 00:00:00+00:00
1651795200000,27474.7221782927,2022-05-06 00:00:00+00:00
1651881600000,27474.7221782927,2022-05-07 00:00:00+00:00
1651968000000,27474.7221782927,2022-05-08 00:00:00+00:00
1652054400000,27474.7221782927,2022-05-09 00:00:00+00:00
1652140800000,27474.7221782927,2022-05-10 00:00:00+00:00
1652227200000,27474.7221782927,2022-05-11 00:00:00+00:00
1652313600000,27474.7221782927,2022-05-12 00:00:00+00:00
1652400000000,27474.7221782927,2022-05-13 00:00:00+00:00
1652486400000,27474.7221782927,2022-05-14 00:00:00+00:00
1652572800000,27474.7221782927,2022-05-15 00:00:00+00:00
1652659200000,27474.7221782927,2022-05-16 00:00:00+00:00
1652745600000,27474.7221782927,2022-05-17 00:00:00+00:00
1652832000000,27474.7221782927,2022-05-18 00:00:00+00:00
1652918400000,27474.7221782927,2022-05-19 00:00:00+00:00
1653004800000,27474.7221782927,2022-05-20 00:00:00+00:00
1653091200000,27474.7221782927,2022-05-21 00:00:00+00:00
1653177600000,27474.7221782927,2022-05-22 00:00:00+00:00
1653264000000,27474.7221782927,2022-05-23 00:00:00+00:00
1653350400000,27474.7221782927,2022-05-24 00:00:00+00:00
1653436800000,27474.7221782927,2022-05-25 00:00:00+00:00
1653523200000,27474.7221782927,2022-05-26 00:00:00+00:00
1653609600000,27474.7221782927,2022-05-27 00:00:00+00:00
1653696000000,27474.7221782927,2022-05-28 00:00:00+00:00
1653782400000,27474.7221782927,2022-05-29 00:00:00+00:00
1653868800000,27474.7221782927,2022-05-30 00:00:00+00:00
1653955200000,27474.7221782927,2022-05-31 00:00:00+00:00
1654041600000,27474.7221782927,2022-06-01 00:00:00+00:00
1654128000000,27474.7221782927,2022-06-02 00:00:00+00:00
1654214400000,27474.7221782927,2022-06-03 00:00:00+00:00
1654300800000,27474.7221782927,2022-06-04 00:00:00+00:00
1654387200000,27474.7221782927,2022-06-05 00:00:00+00:00
1654473600000,27474.7221782927,2022-06-06 00:00:00+00:00
1654560000000,27474.7221782927,2022-06-07 00:00:00+00:00
1654646400000,27474.7221782927,2022-06-08 00:00:00+00:00
1654732800000,27474.7221782927,2022-06-09 00:00:00+00:00
1654819200000,27474.7221782927,2022-06-10 00:00:00+00:00
1654905600000,27474.7221782927,2022-06-11 00:00:00+00:00
1654992000000,27474.7221782927,2022-06-12 00:00:00+00:00
1655078400000,27474.7221782927,2022-06-13 00:00:00+00:00
1655164800000,27474.7221782927,2022-06-14 00:00:00+00:00
1655251200000,27474.7221782927,2022-06-15 00:00:00+00:00
1655337600000,27474.7221782927,2022-06-16 00:00:00+00:00
1655424000000,27474.7221782927,2022-06-17 00:00:00+00:00
1655510400000,27474.7221782927,2022-06-18 00:00:00+00:00
1655596800000,27474.7221782927,2022-06-19 00:00:00+00:00
1655683200000,27474.7221782927,2022-06-20 00:00:00+00:00
1655769600000,27474.7221782927,2022-06-21 00:00:00+00:00
1655856000000,27474.7221782927,2022-06-22 00:00:00+00:00
1655942400000,27474.7221782927,2022-06-23 00:00:00+00:00
1656028800000,27474.7221782927,2022-06-24 00:00:00+00:00
1656115200000,27474.7221782927,2022-06-25 00:00:00+00:00
1656201600000,27474.7221782927,2022-06-26 00:00:00+00:00
1656288000000,27474.7221782927,2022-06-27 00:00:00+00:00
1656374400000,27474.7221782927,2022-06-28 00:00:00+00:00
1656460800000,27474.7221782927,2022-06-29 00:00:00+00:00
1656547200000,27474.7221782927,2022-06-30 00:00:00+00:00
1656633600000,27474.7221782927,2022-07-01 00:00:00+00:00
1656720000000,27474.7221782927,2022-07-02 00:00:00+00:00
1656806400000,27474.7221782927,2022-07-03 00:00:00+00:00
1656892800000,27474.7221782927,2022-07-04 00:00:00+00:00
1656979200000,27474.7221782927,2022-07-05 00:00:00+00:00
1657065600000,27474.7221782927,2022-07-06 00:00:00+00:00
1657152000000,27474.7221782927,2022-07-07 00:00:00+00:00
1657238400000,27474.7221782927,2022-07-08 00:00:00+00:00
1657324800000,27474.7221782927,2022-07-09 00:00:00+00:00
1657411200000,27474.7221782927,2022-07-10 00:00:00+00:00
1657497600000,27474.7221782927,2022-07-11 00:00:00+00:00
1657584000000,27474.7221782927,2022-07-12 00:00:00+00:00
1657670400000,27474.7221782927,2022-07-13 00:00:00+00:00
1657756800000,27474.7221782927,2022-07-14 00:00:00+00:00
1657843200000,27474.7221782927,2022-07-15 00:00:00+00:00
1657929600000,27474.7221782927,2022-07-16 00:00:00+00:00
1658016000000,27474.7221782927,2022-07-17 00:00:00+00:00
1658102400000,27474.7221782927,2022-07-18 00:00:00+00:00
1658188800000,27474.7221782927,2022-07-19 00:00:00+00:00
1658275200000,27474.7221782927,2022-07-20 00:00:00+00:00
1658361600000,27474.7221782927,2022-07-21 00:00:00+00:00
1658448000000,27474.7221782927,2022-07-22 00:00:00+00:00
1658534400000,27474.7221782927,2022-07-23 00:00:00+00:00
1658620800000,27474.7221782927,2022-07-24 00:00:00+00:00
1658707200000,27474.7221782927,2022-07-25 00:00:00+00:00
1658793600000,27474.7221782927,2022-07-26 00:00:00+00:00
1658880000000,27474.7221782927,2022-07-27 00:00:00+00:00
1658966400000,27474.7221782927,2022-07-28 00:00:00+00:00
1659052800000,27474.7221782927,2022-07-29 00:00:00+00:00
1659139200000,27474.7221782927,2022-07-30 00:00:00+00:00
1659225600000,27474.7221782927,2022-07-31 00:00:00+00:00
1659312000000,27474.7221782927,2022-08-01 00:00:00+00:00
1659398400000,27474.7221782927,2022-08-02 00:00:00+00:00
1659484800000,27474.7221782927,2022-08-03 00:00:00+00:00
1659571200000,27474.7221782927,2022-08-04 00:00:00+00:00
1659657600000,27474.7221782927,2022-08-05 00:00:00+00:00
1659744000000,27474.7221782927,2022-08-06 00:00:00+00:00
1659830400000,27474.7221782927,2022-08-07 00:00:00+00:00
1659916800000,27474.7221782927,2022-08-08 00:00:00+00:00
1660003200000,27474.7221782927,2022-08-09 00:00:00+00:00
1660089600000,27474.7221782927,2022-08-10 00:00:00+00:00
1660176000000,27474.7221782927,2022-08-11 00:00:00+00:00
1660262400000,27474.7221782927,2022-08-12 00:00:00+00:00
1660348800000,27474.7221782927,2022-08-13 00:00:00+00:00
1660435200000,27474.7221782927,2022-08-14 00:00:00+00:00
1660521600000,27474.7221782927,2022-08-15 00:00:00+00:00
1660608000000,27474.7221782927,2022-08-16 00:00:00+00:00
1660694400000,27474.7221782927,2022-08-17 00:00:00+00:00
1660780800000,27474.7221782927,2022-08-18 00:00:00+00:00
1660867200000,27474.7221782927,2022-08-19 00:00:00+00:00
1660953600000,27474.7221782927,2022-08-20 00:00:00+00:00
1661040000000,27474.7221782927,2022-08-21 00:00:00+00:00
1661126400000,27474.7221782927,2022-08-22 00:00:00+00:00
1661212800000,27474.7221782927,2022-08-23 00:00:00+00:00
1661299200000,27474.7221782927,2022-08-24 00:00:00+00:00
1661385600000,27474.7221782927,2022-08-25 00:00:00+00:00
1661472000000,27474.7221782927,2022-08-26 00:00:00+00:00
1661558400000,27474.7221782927,2022-08-27 00:00:00+00:00
1661644800000,27474.7221782927,2022-08-28 00:00:00+00:00
1661731200000,27474.7221782927,2022-08-29 00:00:00+00:00
1661817600000,27474.7221782927,2022-08-30 00:00:00+00:00
1661904000000,27474.7221782927,2022-08-31 00:00:00+00:00
1661990400000,27474.7221782927,2022-09-01 00:00:00+00:00
1662076800000,27474.7221782927,2022-09-02 00:00:00+00:00
1662163200000,27474.7221782927,2022-09-03 00:00:00+00:00
1662249600000,27474.7221782927,2022-09-04 00:00:00+00:00
1662336000000,27474.7221782927,2022-09-05 00:00:00+00:00
1662422400000,27474.7221782927,2022-09-06 00:00:00+00:00
1662508800000,27474.7221782927,2022-09-07 00:00:00+00:00
1662595200000,27474.7221782927,2022-09-08 00:00:00+00:00
1662681600000,27474.7221782927,2022-09-09 00:00:00+00:00
1662768000000,27474.7221782927,2022-09-10 00:00:00+00:00
1662854400000,27474.7221782927,2022-09-11 00:00:00+00:00
1662940800000,27474.7221782927,2022-09-12 00:00:00+00:00
1663027200000,27474.7221782927,2022-09-13 00:00:00+00:00
1663113600000,27474.7221782927,2022-09-14 00:00:00+00:00
1663200000000,27474.7221782927,2022-09-15 00:00:00+00:00
1663286400000,27474.7221782927,2022-09-16 00:00:00+00:00
1663372800000,27474.7221782927,2022-09-17 00:00:00+00:00
1663459200000,27474.7221782927,2022-09-18 00:00:00+00:00
1663545600000,27474.7221782927,2022-09-19 00:00:00+00:00
1663632000000,27474.7221782927,2022-09-20 00:00:00+00:00
1663718400000,27474.7221782927,2022-09-21 00:00:00+00:00
1663804800000,27474.7221782927,2022-09-22 00:00:00+00:00
1663891200000,27474.7221782927,2022-09-23 00:00:00+00:00
1663977600000,27474.7221782927,2022-09-24 00:00:00+00:00
1664064000000,27474.7221782927,2022-09-25 00:00:00+00:00
1664150400000,27474.7221782927,2022-09-26 00:00:00+00:00
1664236800000,27474.7221782927,2022-09-27 00:00:00+00:00
1664323200000,27474.7221782927,2022-09-28 00:00:00+00:00
1664409600000,27474.7221782927,2022-09-29 00:00:00+00:00
1664496000000,27474.7221782927,2022-09-30 00:00:00+00:00
1664582400000,27474.7221782927,2022-10-01 00:00:00+00:00
1664668800000,27474.7221782927,2022-10-02 00:00:00+00:00
1664755200000,27474.7221782927,2022-10-03 00:00:00+00:00
1664841600000,27474.7221782927,2022-10-04 00:00:00+00:00
1664928000000,27474.7221782927,2022-10-05 00:00:00+00:00
1665014400000,27474.7221782927,2022-10-06 00:00:00+00:00
1665100800000,27474.7221782927,2022-10-07 00:00:00+00:00
1665187200000,27474.7221782927,2022-10-08 00:00:00+00:00
1665273600000,27474.7221782927,2022-10-09 00:00:00+00:00
1665360000000,27474.7221782927,2022-10-10 00:00:00+00:00
1665446400000,27474.7221782927,2022-10-11 00:00:00+00:00
1665532800000,27474.7221782927,2022-10-12 00:00:00+00:00
1665619200000,27474.7221782927,2022-10-13 00:00:00+00:00
1665705600000,27474.7221782927,2022-10-14 00:00:00+00:00
1665792000000,27474.7221782927,2022-10-15 00:00:00+00:00
1665878400000,27474.7221782927,2022-10-16 00:00:00+00:00
1665964800000,27474.7221782927,2022-10-17 00:00:00+00:00
1666051200000,27474.7221782927,2022-10-18 00:00:00+00:00
1666137600000,27474.7221782927,2022-10-19 00:00:00+00:00
1666224000000,27474.7221782927,2022-10-20 00:00:00+00:00
1666310400000,27474.7221782927,2022-10-21 00:00:00+00:00
1666396800000,27474.7221782927,2022-10-22 00:00:00+00:00
1666483200000,27474.7221782927,2022-10-23 00:00:00+00:00
1666569600000,27474.7221782927,2022-10-24 00:00:00+00:00
1666656000000,27474.7221782927,2022-10-25 00:00:00+00:00
1666742400000,27474.7221782927,2022-10-26 00:00:00+00:00
1666828800000,27474.7221782927,2022-10-27 00:00:00+00:00
1666915200000,27474.7221782927,2022-10-28 00:00:00+00:00
1667001600000,27474.7221782927,2022-10-29 00:00:00+00:00
1667088000000,27474.7221782927,2022-10-30 00:00:00+00:00
1667174400000,27474.7221782927,2022-10-31 00:00:00+00:00
1667260800000,27474.7221782927,2022-11-01 00:00:00+00:00
1667347200000,27474.7221782927,2022-11-02 00:00:00+00:00
1667433600000,27474.7221782927,2022-11-03 00:00:00+00:00
1667520000000,27474.7221782927,2022-11-04 00:00:00+00:00
1667606400000,27389.28912510857,2022-11-05 00:00:00+00:00
1667692800000,27137.65661788059,2022-11-06 00:00:00+00:00
1667779200000,27103.210181242466,2022-11-07 00:00:00+00:00
1667865600000,26307.843204223173,2022-11-08 00:00:00+00:00
1667952000000,25785.807850202444,2022-11-09 00:00:00+00:00
1668038400000,25905.619167426783,2022-11-10 00:00:00+00:00
1668124800000,25868.898999475907,2022-11-11 00:00:00+00:00
1668211200000,25892.829878161843,2022-11-12 00:00:00+00:00
1668297600000,25867.957456707936,2022-11-13 00:00:00+00:00
1668384000000,25875.7251845437,2022-11-14 00:00:00+00:00
1668470400000,25884.43445514743,2022-11-15 00:00:00+00:00
1668556800000,25871.959013471813,2022-11-16 00:00:00+00:00
1668643200000,25865.525137890676,2022-11-17 00:00:00+00:00
1668729600000,25866.15283306932,2022-11-18 00:00:00+00:00
1668816000000,25864.583595122705,2022-11-19 00:00:00+00:00
1668902400000,25805.894095919164,2022-11-20 00:00:00+00:00
1668988800000,25804.87630541722,2022-11-21 00:00:00+00:00
1669075200000,25804.87630541722,2022-11-22 00:00:00+00:00
1669161600000,25804.87630541722,2022-11-23 00:00:00+00:00
1669248000000,25804.87630541722,2022-11-24 00:00:00+00:00
1669334400000,25804.87630541722,2022-11-25 00:00:00+00:00
1669420800000,25804.87630541722,2022-11-26 00:00:00+00:00
1669507200000,25804.87630541722,2022-11-27 00:00:00+00:00
1669593600000,25804.87630541722,2022-11-28 00:00:00+00:00
1669680000000,25804.87630541722,2022-11-29 00:00:00+00:00
1669766400000,25804.87630541722,2022-11-30 00:00:00+00:00
1669852800000,25804.87630541722,2022-12-01 00:00:00+00:00
1669939200000,25804.87630541722,2022-12-02 00:00:00+00:00
1670025600000,25804.87630541722,2022-12-03 00:00:00+00:00
1670112000000,25804.87630541722,2022-12-04 00:00:00+00:00
1670198400000,25804.87630541722,2022-12-05 00:00:00+00:00
1670284800000,25804.87630541722,2022-12-06 00:00:00+00:00
1670371200000,25804.87630541722,2022-12-07 00:00:00+00:00
1670457600000,25804.87630541722,2022-12-08 00:00:00+00:00
1670544000000,25804.87630541722,2022-12-09 00:00:00+00:00
1670630400000,25804.87630541722,2022-12-10 00:00:00+00:00
1670716800000,25804.87630541722,2022-12-11 00:00:00+00:00
1670803200000,25804.87630541722,2022-12-12 00:00:00+00:00
1670889600000,25804.87630541722,2022-12-13 00:00:00+00:00
1670976000000,25804.87630541722,2022-12-14 00:00:00+00:00
1671062400000,25804.87630541722,2022-12-15 00:00:00+00:00
1671148800000,25804.87630541722,2022-12-16 00:00:00+00:00
1671235200000,25804.87630541722,2022-12-17 00:00:00+00:00
1671321600000,25804.87630541722,2022-12-18 00:00:00+00:00
1671408000000,25804.87630541722,2022-12-19 00:00:00+00:00
1671494400000,25804.87630541722,2022-12-20 00:00:00+00:00
1671580800000,25804.87630541722,2022-12-21 00:00:00+00:00
1671667200000,25804.87630541722,2022-12-22 00:00:00+00:00
1671753600000,25804.87630541722,2022-12-23 00:00:00+00:00
1671840000000,25804.87630541722,2022-12-24 00:00:00+00:00
1671926400000,25804.87630541722,2022-12-25 00:00:00+00:00
1672012800000,25804.87630541722,2022-12-26 00:00:00+00:00
1672099200000,25804.87630541722,2022-12-27 00:00:00+00:00
1672185600000,25804.87630541722,2022-12-28 00:00:00+00:00
1672272000000,25804.87630541722,2022-12-29 00:00:00+00:00
1672358400000,25804.87630541722,2022-12-30 00:00:00+00:00
1672444800000,25804.87630541722,2022-12-31 00:00:00+00:00
1672531200000,25804.87630541722,2023-01-01 00:00:00+00:00
1672617600000,25804.87630541722,2023-01-02 00:00:00+00:00
1672704000000,25804.87630541722,2023-01-03 00:00:00+00:00
1672790400000,25804.87630541722,2023-01-04 00:00:00+00:00
1672876800000,25804.87630541722,2023-01-05 00:00:00+00:00
1672963200000,25804.87630541722,2023-01-06 00:00:00+00:00
1673049600000,25804.87630541722,2023-01-07 00:00:00+00:00
1673136000000,25804.87630541722,2023-01-08 00:00:00+00:00
1673222400000,25804.87630541722,2023-01-09 00:00:00+00:00
1673308800000,25804.87630541722,2023-01-10 00:00:00+00:00
1673395200000,25804.87630541722,2023-01-11 00:00:00+00:00
1673481600000,25804.87630541722,2023-01-12 00:00:00+00:00
1673568000000,26113.70995397475,2023-01-13 00:00:00+00:00
1673654400000,26855.25156795692,2023-01-14 00:00:00+00:00
1673740800000,26772.658034348176,2023-01-15 00:00:00+00:00
1673827200000,26823.403367391922,2023-01-16 00:00:00+00:00
1673913600000,26772.744216378185,2023-01-17 00:00:00+00:00
1674000000000,26069.451762073153,2023-01-18 00:00:00+00:00
1674086400000,26498.299941509104,2023-01-19 00:00:00+00:00
1674172800000,27628.60323309406,2023-01-20 00:00:00+00:00
1674259200000,27460.94639901277,2023-01-21 00:00:00+00:00
1674345600000,27601.883836738478,2023-01-22 00:00:00+00:00
1674432000000,27830.390029328923,2023-01-23 00:00:00+00:00
1674518400000,27233.2492794208,2023-01-24 00:00:00+00:00
1674604800000,27776.3448396701,2023-01-25 00:00:00+00:00
1674691200000,27829.820061647497,2023-01-26 00:00:00+00:00
1674777600000,28315.040345308553,2023-01-27 00:00:00+00:00
1674864000000,28041.183282264825,2023-01-28 00:00:00+00:00
1674950400000,28706.845322132154,2023-01-29 00:00:00+00:00
1675036800000,27822.11384975003,2023-01-30 00:00:00+00:00
1675123200000,28136.61121309479,2023-01-31 00:00:00+00:00
1675209600000,28680.91951509715,2023-02-01 00:00:00+00:00
1675296000000,28757.17885963769,2023-02-02 00:00:00+00:00
1675382400000,28961.98001966271,2023-02-03 00:00:00+00:00
1675468800000,28864.171305235614,2023-02-04 00:00:00+00:00
1675555200000,28445.75504056055,2023-02-05 00:00:00+00:00
1675641600000,28158.714633191452,2023-02-06 00:00:00+00:00
1675728000000,28818.687323451202,2023-02-07 00:00:00+00:00
1675814400000,28459.170883579092,2023-02-08 00:00:00+00:00
1675900800000,27190.91372817809,2023-02-09 00:00:00+00:00
1675987200000,26984.215139724314,2023-02-10 00:00:00+00:00
1676073600000,27238.41976793173,2023-02-11 00:00:00+00:00
1676160000000,27099.014099864533,2023-02-12 00:00:00+00:00
1676246400000,26851.240333240436,2023-02-13 00:00:00+00:00
1676332800000,27357.66228812198,2023-02-14 00:00:00+00:00
1676419200000,28865.58876289002,2023-02-15 00:00:00+00:00
1676505600000,27990.03118260907,2023-02-16 00:00:00+00:00
1676592000000,28732.16205958911,2023-02-17 00:00:00+00:00
1676678400000,28859.989742468184,2023-02-18 00:00:00+00:00
1676764800000,28694.73853123232,2023-02-19 00:00:00+00:00
1676851200000,29243.462185329136,2023-02-20 00:00:00+00:00
1676937600000,28973.521554616545,2023-02-21 00:00:00+00:00
1677024000000,28717.078996252923,2023-02-22 00:00:00+00:00
1677110400000,28466.76335751673,2023-02-23 00:00:00+00:00
1677196800000,27776.655338536333,2023-02-24 00:00:00+00:00
1677283200000,27674.50059641812,2023-02-25 00:00:00+00:00
1677369600000,28096.254837880326,2023-02-26 00:00:00+00:00
1677456000000,27916.305933246902,2023-02-27 00:00:00+00:00
1677542400000,27507.96106259484,2023-02-28 00:00:00+00:00
1677628800000,27782.663725636983,2023-03-01 00:00:00+00:00
1677715200000,27536.786039082297,2023-03-02 00:00:00+00:00
1677801600000,26809.707468882207,2023-03-03 00:00:00+00:00
1677888000000,26594.592234589232,2023-03-04 00:00:00+00:00
1677974400000,26673.27307470937,2023-03-05 00:00:00+00:00
1678060800000,26654.726622127437,2023-03-06 00:00:00+00:00
1678147200000,26546.745757075118,2023-03-07 00:00:00+00:00
1678233600000,26426.389996480535,2023-03-08 00:00:00+00:00
1678320000000,26386.58500563933,2023-03-09 00:00:00+00:00
1678406400000,26385.32929760288,2023-03-10 00:00:00+00:00
1678492800000,26385.32929760288,2023-03-11 00:00:00+00:00
1678579200000,26385.32929760288,2023-03-12 00:00:00+00:00
1678665600000,26385.32929760288,2023-03-13 00:00:00+00:00
1678752000000,26385.32929760288,2023-03-14 00:00:00+00:00
1678838400000,26330.018463277036,2023-03-15 00:00:00+00:00
1678924800000,26337.715652334453,2023-03-16 00:00:00+00:00
1679011200000,26718.174705983278,2023-03-17 00:00:00+00:00
1679097600000,26526.702285339048,2023-03-18 00:00:00+00:00
1679184000000,26614.273125388612,2023-03-19 00:00:00+00:00
1679270400000,26495.908713996272,2023-03-20 00:00:00+00:00
1679356800000,26687.14095951925,2023-03-21 00:00:00+00:00
1679443200000,26284.23906999552,2023-03-22 00:00:00+00:00
1679529600000,26675.18328924295,2023-03-23 00:00:00+00:00
1679616000000,26311.220462327747,2023-03-24 00:00:00+00:00
1679702400000,26327.04944169191,2023-03-25 00:00:00+00:00
1679788800000,26553.544719724552,2023-03-26 00:00:00+00:00
1679875200000,26336.222410186463,2023-03-27 00:00:00+00:00
1679961600000,26771.114902403846,2023-03-28 00:00:00+00:00
1680048000000,27111.31496204715,2023-03-29 00:00:00+00:00
1680134400000,27249.102730722894,2023-03-30 00:00:00+00:00
1680220800000,27475.408687710973,2023-03-31 00:00:00+00:00
1680307200000,27380.565517631247,2023-04-01 00:00:00+00:00
1680393600000,27306.602061928414,2023-04-02 00:00:00+00:00
1680480000000,27343.191321125054,2023-04-03 00:00:00+00:00
1680566400000,27384.788292872792,2023-04-04 00:00:00+00:00
1680652800000,27500.80473110556,2023-04-05 00:00:00+00:00
1680739200000,27417.64308662169,2023-04-06 00:00:00+00:00
1680825600000,27415.921161050308,2023-04-07 00:00:00+00:00
1680912000000,27292.783477973993,2023-04-08 00:00:00+00:00
1680998400000,27430.444697646508,2023-04-09 00:00:00+00:00
1681084800000,27853.796141922594,2023-04-10 00:00:00+00:00
1681171200000,27968.83879213404,2023-04-11 00:00:00+00:00
1681257600000,27869.62397115395,2023-04-12 00:00:00+00:00
1681344000000,28164.331608129065,2023-04-13 00:00:00+00:00
1681430400000,28701.586250767872,2023-04-14 00:00:00+00:00
1681516800000,28712.165350713334,2023-04-15 00:00:00+00:00
1681603200000,29139.086622003597,2023-04-16 00:00:00+00:00
1681689600000,28788.742238115352,2023-04-17 00:00:00+00:00
1681776000000,28940.411865091275,2023-04-18 00:00:00+00:00
1681862400000,28044.73484359925,2023-04-19 00:00:00+00:00
1681948800000,27783.20250533365,2023-04-20 00:00:00+00:00
1682035200000,27276.19449564578,2023-04-21 00:00:00+00:00
1682121600000,27564.86899883495,2023-04-22 00:00:00+00:00
1682208000000,27330.988383396227,2023-04-23 00:00:00+00:00
1682294400000,27324.79616040855,2023-04-24 00:00:00+00:00
1682380800000,27773.358016562084,2023-04-25 00:00:00+00:00
1682467200000,27745.77703559106,2023-04-26 00:00:00+00:00
1682553600000,28014.86272239882,2023-04-27 00:00:00+00:00
1682640000000,27787.812109191473,2023-04-28 00:00:00+00:00
1682726400000,27698.373452671705,2023-04-29 00:00:00+00:00
1682812800000,27658.27473738715,2023-04-30 00:00:00+00:00
1682899200000,27422.40925544613,2023-05-01 00:00:00+00:00
1682985600000,27497.895303949033,2023-05-02 00:00:00+00:00
1683072000000,27634.37523488723,2023-05-03 00:00:00+00:00
1683158400000,27404.01862788464,2023-05-04 00:00:00+00:00
1683244800000,27757.432135237235,2023-05-05 00:00:00+00:00
1683331200000,27335.834845494996,2023-05-06 00:00:00+00:00
1683417600000,27277.59178744498,2023-05-07 00:00:00+00:00
1683504000000,26980.192574878318,2023-05-08 00:00:00+00:00
1683590400000,26884.25376138606,2023-05-09 00:00:00+00:00
1683676800000,26959.8046028974,2023-05-10 00:00:00+00:00
1683763200000,26752.470207575803,2023-05-11 00:00:00+00:00
1683849600000,26751.09194493796,2023-05-12 00:00:00+00:00
1683936000000,26751.09194493796,2023-05-13 00:00:00+00:00
1684022400000,26751.09194493796,2023-05-14 00:00:00+00:00
1684108800000,26751.09194493796,2023-05-15 00:00:00+00:00
1684195200000,26751.09194493796,2023-05-16 00:00:00+00:00
1684281600000,26751.09194493796,2023-05-17 00:00:00+00:00
1684368000000,26751.09194493796,2023-05-18 00:00:00+00:00
1684454400000,26751.09194493796,2023-05-19 00:00:00+00:00
1684540800000,26751.09194493796,2023-05-20 00:00:00+00:00
1684627200000,26751.09194493796,2023-05-21 00:00:00+00:00
1684713600000,26751.09194493796,2023-05-22 00:00:00+00:00
1684800000000,26774.16490215351,2023-05-23 00:00:00+00:00
1684886400000,26691.80441767441,2023-05-24 00:00:00+00:00
1684972800000,26685.665748023795,2023-05-25 00:00:00+00:00
1685059200000,26617.628826062806,2023-05-26 00:00:00+00:00
1685145600000,26706.639535996736,2023-05-27 00:00:00+00:00
1685232000000,26720.45154271062,2023-05-28 00:00:00+00:00
1685318400000,26653.437732358067,2023-05-29 00:00:00+00:00
1685404800000,26663.668848442423,2023-05-30 00:00:00+00:00
1685491200000,26607.397709978446,2023-05-31 00:00:00+00:00
1685577600000,26585.912366201293,2023-06-01 00:00:00+00:00
1685664000000,26984.925893491312,2023-06-02 00:00:00+00:00
1685750400000,26910.32731728977,2023-06-03 00:00:00+00:00
1685836800000,26982.123434515393,2023-06-04 00:00:00+00:00
1685923200000,26681.85613028334,2023-06-05 00:00:00+00:00
1686009600000,26790.713662747166,2023-06-06 00:00:00+00:00
1686096000000,26651.79237337332,2023-06-07 00:00:00+00:00
1686182400000,26713.181572533165,2023-06-08 00:00:00+00:00
1686268800000,26515.67077362352,2023-06-09 00:00:00+00:00
1686355200000,26226.939706939876,2023-06-10 00:00:00+00:00
1686441600000,26303.622819091062,2023-06-11 00:00:00+00:00
1686528000000,26325.223695753368,2023-06-12 00:00:00+00:00
1686614400000,26293.902424593023,2023-06-13 00:00:00+00:00
1686700800000,26082.213833302427,2023-06-14 00:00:00+00:00
1686787200000,26082.753855218984,2023-06-15 00:00:00+00:00
1686873600000,26057.91284705733,2023-06-16 00:00:00+00:00
1686960000000,26078.433679886522,2023-06-17 00:00:00+00:00
1687046400000,26118.935323628346,2023-06-18 00:00:00+00:00
1687132800000,26156.196835870825,2023-06-19 00:00:00+00:00
1687219200000,26151.336638621804,2023-06-20 00:00:00+00:00
1687305600000,26191.29826044707,2023-06-21 00:00:00+00:00
1687392000000,26110.72843273366,2023-06-22 00:00:00+00:00
1687478400000,26910.680390724836,2023-06-23 00:00:00+00:00
1687564800000,27283.05380808056,2023-06-24 00:00:00+00:00
1687651200000,27029.10600131021,2023-06-25 00:00:00+00:00
1687737600000,27378.609949165584,2023-06-26 00:00:00+00:00
1687824000000,27512.801865066234,2023-06-27 00:00:00+00:00
1687910400000,27142.354338033594,2023-06-28 00:00:00+00:00
1687996800000,27667.354773995376,2023-06-29 00:00:00+00:00
1688083200000,28763.03510540406,2023-06-30 00:00:00+00:00
1688169600000,28636.15254605154,2023-07-01 00:00:00+00:00
1688256000000,28687.904324789026,2023-07-02 00:00:00+00:00
1688342400000,28635.74847631408,2023-07-03 00:00:00+00:00
1688428800000,28204.551313077132,2023-07-04 00:00:00+00:00
1688515200000,27910.11429717824,2023-07-05 00:00:00+00:00
1688601600000,27567.653819104573,2023-07-06 00:00:00+00:00
1688688000000,27772.480379487773,2023-07-07 00:00:00+00:00
1688774400000,27611.466501592095,2023-07-08 00:00:00+00:00
1688860800000,27456.77738886002,2023-07-09 00:00:00+00:00
1688947200000,27665.813480579145,2023-07-10 00:00:00+00:00
1689033600000,27666.78323845552,2023-07-11 00:00:00+00:00
1689120000000,27719.006192119716,2023-07-12 00:00:00+00:00
1689206400000,29382.23208767661,2023-07-13 00:00:00+00:00
1689292800000,28936.11389916532,2023-07-14 00:00:00+00:00
1689379200000,28732.007326238752,2023-07-15 00:00:00+00:00
1689465600000,28569.301593015687,2023-07-16 00:00:00+00:00
1689552000000,28642.94085492601,2023-07-17 00:00:00+00:00
1689638400000,28499.991381127165,2023-07-18 00:00:00+00:00
1689724800000,28747.68448482283,2023-07-19 00:00:00+00:00
1689811200000,29239.823310972464,2023-07-20 00:00:00+00:00
1689897600000,29237.420567016085,2023-07-21 00:00:00+00:00
1689984000000,28893.47591968688,2023-07-22 00:00:00+00:00
1690070400000,29144.779452142062,2023-07-23 00:00:00+00:00
1690156800000,28485.65111245457,2023-07-24 00:00:00+00:00
1690243200000,28403.7718300203,2023-07-25 00:00:00+00:00
1690329600000,28830.1381344689,2023-07-26 00:00:00+00:00
1690416000000,28974.759300206682,2023-07-27 00:00:00+00:00
1690502400000,28883.422791581568,2023-07-28 00:00:00+00:00
1690588800000,29117.03859700779,2023-07-29 00:00:00+00:00
1690675200000,29097.18159712824,2023-07-30 00:00:00+00:00
1690761600000,28972.791967071218,2023-07-31 00:00:00+00:00
1690848000000,28941.88579165283,2023-08-01 00:00:00+00:00
1690934400000,28360.571175560166,2023-08-02 00:00:00+00:00
1691020800000,28123.354776493583,2023-08-03 00:00:00+00:00
1691107200000,28037.97236088148,2023-08-04 00:00:00+00:00
1691193600000,28120.604991190787,2023-08-05 00:00:00+00:00
1691280000000,28024.40773654308,2023-08-06 00:00:00+00:00
1691366400000,28070.39920544584,2023-08-07 00:00:00+00:00
1691452800000,28340.69337516385,2023-08-08 00:00:00+00:00
1691539200000,28488.403418222668,2023-08-09 00:00:00+00:00
1691625600000,28427.108353441006,2023-08-10 00:00:00+00:00
1691712000000,28391.58693518247,2023-08-11 00:00:00+00:00
1691798400000,28410.068957482054,2023-08-12 00:00:00+00:00
1691884800000,28264.389543027028,2023-08-13 00:00:00+00:00
1691971200000,28738.55147005959,2023-08-14 00:00:00+00:00
1692057600000,28388.1002699121,2023-08-15 00:00:00+00:00
1692144000000,27746.27351960605,2023-08-16 00:00:00+00:00
1692230400000,27014.831183128823,2023-08-17 00:00:00+00:00
1692316800000,26992.825839360285,2023-08-18 00:00:00+00:00
1692403200000,26990.806761589818,2023-08-19 00:00:00+00:00
1692489600000,26990.806761589818,2023-08-20 00:00:00+00:00
1692576000000,26990.806761589818,2023-08-21 00:00:00+00:00
1692662400000,26990.806761589818,2023-08-22 00:00:00+00:00
1692748800000,26990.806761589818,2023-08-23 00:00:00+00:00
1692835200000,26990.806761589818,2023-08-24 00:00:00+00:00
1692921600000,26990.806761589818,2023-08-25 00:00:00+00:00
1693008000000,26990.806761589818,2023-08-26 00:00:00+00:00
1693094400000,26990.806761589818,2023-08-27 00:00:00+00:00
1693180800000,26990.806761589818,2023-08-28 00:00:00+00:00
1693267200000,26990.806761589818,2023-08-29 00:00:00+00:00
1693353600000,26990.806761589818,2023-08-30 00:00:00+00:00
1693440000000,26990.806761589818,2023-08-31 00:00:00+00:00
1693526400000,26990.806761589818,2023-09-01 00:00:00+00:00
1693612800000,26990.806761589818,2023-09-02 00:00:00+00:00
1693699200000,26990.806761589818,2023-09-03 00:00:00+00:00
1693785600000,26990.806761589818,2023-09-04 00:00:00+00:00
1693872000000,26990.806761589818,2023-09-05 00:00:00+00:00
1693958400000,26990.806761589818,2023-09-06 00:00:00+00:00
1694044800000,26990.806761589818,2023-09-07 00:00:00+00:00
1694131200000,26990.806761589818,2023-09-08 00:00:00+00:00
1694217600000,26990.806761589818,2023-09-09 00:00:00+00:00
1694304000000,26990.806761589818,2023-09-10 00:00:00+00:00
1694390400000,26990.806761589818,2023-09-11 00:00:00+00:00
1694476800000,26990.806761589818,2023-09-12 00:00:00+00:00
1694563200000,26990.806761589818,2023-09-13 00:00:00+00:00
1694649600000,26990.806761589818,2023-09-14 00:00:00+00:00
1694736000000,26990.806761589818,2023-09-15 00:00:00+00:00
1694822400000,26990.806761589818,2023-09-16 00:00:00+00:00
1694908800000,26990.806761589818,2023-09-17 00:00:00+00:00
1694995200000,26990.806761589818,2023-09-18 00:00:00+00:00
1695081600000,26990.806761589818,2023-09-19 00:00:00+00:00
1695168000000,26990.806761589818,2023-09-20 00:00:00+00:00
1695254400000,26990.806761589818,2023-09-21 00:00:00+00:00
1695340800000,26990.806761589818,2023-09-22 00:00:00+00:00
1695427200000,26990.806761589818,2023-09-23 00:00:00+00:00
1695513600000,26990.806761589818,2023-09-24 00:00:00+00:00
1695600000000,26990.806761589818,2023-09-25 00:00:00+00:00
1695686400000,26990.806761589818,2023-09-26 00:00:00+00:00
1695772800000,26990.806761589818,2023-09-27 00:00:00+00:00
1695859200000,26990.806761589818,2023-09-28 00:00:00+00:00
1695945600000,26990.806761589818,2023-09-29 00:00:00+00:00
1696032000000,26990.806761589818,2023-09-30 00:00:00+00:00
1696118400000,26990.806761589818,2023-10-01 00:00:00+00:00
1696204800000,26542.424868405527,2023-10-02 00:00:00+00:00
1696291200000,26558.210243882746,2023-10-03 00:00:00+00:00
1696377600000,26529.894581730747,2023-10-04 00:00:00+00:00
1696464000000,26338.589092419686,2023-10-05 00:00:00+00:00
1696550400000,26320.68225682779,2023-10-06 00:00:00+00:00
1696636800000,26326.179361268492,2023-10-07 00:00:00+00:00
1696723200000,26328.934415041927,2023-10-08 00:00:00+00:00
1696809600000,25864.33182885157,2023-10-09 00:00:00+00:00
1696896000000,25778.27080112194,2023-10-10 00:00:00+00:00
1696982400000,25731.403002695413,2023-10-11 00:00:00+00:00
1697068800000,25517.73204083193,2023-10-12 00:00:00+00:00
1697155200000,25673.811763674694,2023-10-13 00:00:00+00:00
1697241600000,25650.508583621002,2023-10-14 00:00:00+00:00
1697328000000,25823.27531821372,2023-10-15 00:00:00+00:00
1697414400000,26523.94564565704,2023-10-16 00:00:00+00:00
1697500800000,26390.14284448839,2023-10-17 00:00:00+00:00
1697587200000,26382.979878629172,2023-10-18 00:00:00+00:00
1697673600000,26622.898643113323,2023-10-19 00:00:00+00:00
1697760000000,27204.03778726672,2023-10-20 00:00:00+00:00
1697846400000,27917.159262711837,2023-10-21 00:00:00+00:00
1697932800000,28291.184061449898,2023-10-22 00:00:00+00:00
1698019200000,29905.126229551985,2023-10-23 00:00:00+00:00
1698105600000,29952.958860824703,2023-10-24 00:00:00+00:00
1698192000000,30616.90383151778,2023-10-25 00:00:00+00:00
1698278400000,30463.568090733104,2023-10-26 00:00:00+00:00
1698364800000,30744.442845310467,2023-10-27 00:00:00+00:00
1698451200000,30741.554191576543,2023-10-28 00:00:00+00:00
1698537600000,31155.00433206704,2023-10-29 00:00:00+00:00
1698624000000,31240.083724912573,2023-10-30 00:00:00+00:00
1698710400000,31956.999663272054,2023-10-31 00:00:00+00:00
1698796800000,32798.388296124984,2023-11-01 00:00:00+00:00
1698883200000,32169.403672933047,2023-11-02 00:00:00+00:00
1698969600000,32186.641340383427,2023-11-03 00:00:00+00:00
1699056000000,32703.354620854392,2023-11-04 00:00:00+00:00
1699142400000,33029.36956434573,2023-11-05 00:00:00+00:00
1699228800000,33595.79067074431,2023-11-06 00:00:00+00:00
1699315200000,33682.67710502029,2023-11-07 00:00:00+00:00
1699401600000,34375.46641907926,2023-11-08 00:00:00+00:00
1699488000000,34500.92095173737,2023-11-09 00:00:00+00:00
1699574400000,36772.28942356049,2023-11-10 00:00:00+00:00
1699660800000,36989.37678358484,2023-11-11 00:00:00+00:00
1699747200000,36755.60023415557,2023-11-12 00:00:00+00:00
1699833600000,35142.862614332495,2023-11-13 00:00:00+00:00
1699920000000,35096.68410574686,2023-11-14 00:00:00+00:00
1700006400000,37118.79389560641,2023-11-15 00:00:00+00:00
1700092800000,35377.78283492042,2023-11-16 00:00:00+00:00
1700179200000,35585.497920797636,2023-11-17 00:00:00+00:00
1700265600000,35488.849257183916,2023-11-18 00:00:00+00:00
1700352000000,36443.115056621646,2023-11-19 00:00:00+00:00
1700438400000,35520.500688018335,2023-11-20 00:00:00+00:00
1700524800000,33632.56857563511,2023-11-21 00:00:00+00:00
1700611200000,35584.096381139956,2023-11-22 00:00:00+00:00
1700697600000,35350.285725475886,2023-11-23 00:00:00+00:00
1700784000000,35743.858113257025,2023-11-24 00:00:00+00:00
1700870400000,36717.45389262593,2023-11-25 00:00:00+00:00
1700956800000,36445.23377518045,2023-11-26 00:00:00+00:00
1701043200000,35503.58102441827,2023-11-27 00:00:00+00:00
1701129600000,36060.57585976946,2023-11-28 00:00:00+00:00
1701216000000,36222.89477182568,2023-11-29 00:00:00+00:00
1701302400000,36600.673538617055,2023-11-30 00:00:00+00:00
1701388800000,36841.36981717472,2023-12-01 00:00:00+00:00
1701475200000,37629.20403184789,2023-12-02 00:00:00+00:00
1701561600000,37466.08903620935,2023-12-03 00:00:00+00:00
1701648000000,37631.82357228689,2023-12-04 00:00:00+00:00
1701734400000,38020.21647219483,2023-12-05 00:00:00+00:00
1701820800000,38019.126564632774,2023-12-06 00:00:00+00:00
1701907200000,38982.00755080012,2023-12-07 00:00:00+00:00
1701993600000,40963.392871111464,2023-12-08 00:00:00+00:00
1702080000000,40414.46701926367,2023-12-09 00:00:00+00:00
1702166400000,41567.099999532125,2023-12-10 00:00:00+00:00
1702252800000,40575.327234455835,2023-12-11 00:00:00+00:00
1702339200000,40949.77789975695,2023-12-12 00:00:00+00:00
1702425600000,42830.31082095269,2023-12-13 00:00:00+00:00
1702512000000,43804.6530096469,2023-12-14 00:00:00+00:00
1702598400000,42379.41185623776,2023-12-15 00:00:00+00:00
1702684800000,42623.59760585415,2023-12-16 00:00:00+00:00
1702771200000,42244.175206136664,2023-12-17 00:00:00+00:00
1702857600000,44653.15472418065,2023-12-18 00:00:00+00:00
1702944000000,44045.57478654061,2023-12-19 00:00:00+00:00
1703030400000,46979.37826979674,2023-12-20 00:00:00+00:00
1703116800000,48135.983475611996,2023-12-21 00:00:00+00:00
1703203200000,48081.108589393494,2023-12-22 00:00:00+00:00
1703289600000,50035.819804070146,2023-12-23 00:00:00+00:00
1703376000000,49689.65116177725,2023-12-24 00:00:00+00:00
1703462400000,51516.33860253435,2023-12-25 00:00:00+00:00
1703548800000,48967.48659964428,2023-12-26 00:00:00+00:00
1703635200000,49432.350928465356,2023-12-27 00:00:00+00:00
1703721600000,47545.48682935616,2023-12-28 00:00:00+00:00
1703808000000,47774.298347718264,2023-12-29 00:00:00+00:00
1703894400000,47674.04313321064,2023-12-30 00:00:00+00:00
1703980800000,47284.64133894957,2023-12-31 00:00:00+00:00
1704067200000,49726.60835655387,2024-01-01 00:00:00+00:00
1704153600000,48679.48853267998,2024-01-02 00:00:00+00:00
1704240000000,46190.463251048976,2024-01-03 00:00:00+00:00
1704326400000,48293.92584306939,2024-01-04 00:00:00+00:00
1704412800000,47438.4128350491,2024-01-05 00:00:00+00:00
1704499200000,47133.78037012792,2024-01-06 00:00:00+00:00
1704585600000,45532.76163080528,2024-01-07 00:00:00+00:00
1704672000000,48663.14216880465,2024-01-08 00:00:00+00:00
1704758400000,47779.4940433056,2024-01-09 00:00:00+00:00
1704844800000,48610.376127654825,2024-01-10 00:00:00+00:00
1704931200000,47863.00754026578,2024-01-11 00:00:00+00:00
1705017600000,45981.64866591713,2024-01-12 00:00:00+00:00
1705104000000,47388.45644913309,2024-01-13 00:00:00+00:00
1705190400000,46272.89186479097,2024-01-14 00:00:00+00:00
1705276800000,47545.27062077771,2024-01-15 00:00:00+00:00
1705363200000,47810.39007110651,2024-01-16 00:00:00+00:00
1705449600000,47706.01364827451,2024-01-17 00:00:00+00:00
1705536000000,45890.864411411974,2024-01-18 00:00:00+00:00
1705622400000,46042.34049005615,2024-01-19 00:00:00+00:00
1705708800000,45772.559512791544,2024-01-20 00:00:00+00:00
1705795200000,45643.98594507499,2024-01-21 00:00:00+00:00
1705881600000,44372.538157188064,2024-01-22 00:00:00+00:00
1705968000000,44092.34294192058,2024-01-23 00:00:00+00:00
1706054400000,44274.868056834,2024-01-24 00:00:00+00:00
1706140800000,44345.547057600896,2024-01-25 00:00:00+00:00
1706227200000,44833.24476427393,2024-01-26 00:00:00+00:00
1706313600000,44672.60612475577,2024-01-27 00:00:00+00:00
1706400000000,44597.23139077754,2024-01-28 00:00:00+00:00
1706486400000,44910.577678945374,2024-01-29 00:00:00+00:00
1706572800000,44810.32418972838,2024-01-30 00:00:00+00:00
1706659200000,44746.55332675367,2024-01-31 00:00:00+00:00
1706745600000,44955.81819894671,2024-02-01 00:00:00+00:00
1706832000000,44936.24795076135,2024-02-02 00:00:00+00:00
1706918400000,44961.74034018175,2024-02-03 00:00:00+00:00
1707004800000,45097.547135444795,2024-02-04 00:00:00+00:00
1707091200000,45211.34973152247,2024-02-05 00:00:00+00:00
1707177600000,45289.83719977023,2024-02-06 00:00:00+00:00
1707264000000,45581.18515161836,2024-02-07 00:00:00+00:00
1707350400000,45448.728284356235,2024-02-08 00:00:00+00:00
1707436800000,45872.6248837978,2024-02-09 00:00:00+00:00
1707523200000,45970.933064600984,2024-02-10 00:00:00+00:00
1707609600000,46074.280932527014,2024-02-11 00:00:00+00:00
1707696000000,46347.03249959335,2024-02-12 00:00:00+00:00
1707782400000,46525.648185372906,2024-02-13 00:00:00+00:00
1707868800000,47131.71365419345,2024-02-14 00:00:00+00:00
1707955200000,47300.79790043076,2024-02-15 00:00:00+00:00
1708041600000,47488.67923745409,2024-02-16 00:00:00+00:00
1708128000000,47507.85135606663,2024-02-17 00:00:00+00:00
1708214400000,47824.76876351383,2024-02-18 00:00:00+00:00
1708300800000,48770.22759314372,2024-02-19 00:00:00+00:00
1708387200000,48674.73722745244,2024-02-20 00:00:00+00:00
1708473600000,48582.56524220654,2024-02-21 00:00:00+00:00
1708560000000,48962.94871527564,2024-02-22 00:00:00+00:00
1708646400000,48362.91911321307,2024-02-23 00:00:00+00:00
1708732800000,48608.24904184082,2024-02-24 00:00:00+00:00
1708819200000,48695.90651912271,2024-02-25 00:00:00+00:00
1708905600000,49398.80716886974,2024-02-26 00:00:00+00:00
1708992000000,49585.47758126435,2024-02-27 00:00:00+00:00
1709078400000,50517.4102243351,2024-02-28 00:00:00+00:00
1709164800000,50279.38050065502,2024-02-29 00:00:00+00:00
1709251200000,50775.64363645582,2024-03-01 00:00:00+00:00
1709337600000,50833.53472545051,2024-03-02 00:00:00+00:00
1709424000000,50629.827313340575,2024-03-03 00:00:00+00:00
1709510400000,51284.03270123697,2024-03-04 00:00:00+00:00
1709596800000,49556.20470137305,2024-03-05 00:00:00+00:00
1709683200000,51154.68614197885,2024-03-06 00:00:00+00:00
1709769600000,51802.147935794696,2024-03-07 00:00:00+00:00
1709856000000,52143.302096125175,2024-03-08 00:00:00+00:00
1709942400000,52149.27636951512,2024-03-09 00:00:00+00:00
1710028800000,52407.35540588896,2024-03-10 00:00:00+00:00
1710115200000,53026.830113743585,2024-03-11 00:00:00+00:00
1710201600000,52721.22814528865,2024-03-12 00:00:00+00:00
1710288000000,53714.61757437582,2024-03-13 00:00:00+00:00
1710374400000,53106.75899138038,2024-03-14 00:00:00+00:00
1710460800000,52309.104362860344,2024-03-15 00:00:00+00:00
1710547200000,50422.15824741259,2024-03-16 00:00:00+00:00
1710633600000,51174.40288052657,2024-03-17 00:00:00+00:00
1710720000000,50534.47632362766,2024-03-18 00:00:00+00:00
1710806400000,48671.559551868086,2024-03-19 00:00:00+00:00
1710892800000,50612.327519801554,2024-03-20 00:00:00+00:00
1710979200000,50123.04381108072,2024-03-21 00:00:00+00:00
1711065600000,49773.96913689961,2024-03-22 00:00:00+00:00
1711152000000,49866.515777031884,2024-03-23 00:00:00+00:00
1711238400000,50759.74940238426,2024-03-24 00:00:00+00:00
1711324800000,51614.288601590655,2024-03-25 00:00:00+00:00
1711411200000,51612.919105867055,2024-03-26 00:00:00+00:00
1711497600000,51366.07585657049,2024-03-27 00:00:00+00:00
1711584000000,51889.63609533556,2024-03-28 00:00:00+00:00
1711670400000,52134.73979213267,2024-03-29 00:00:00+00:00
1711756800000,51857.18281158489,2024-03-30 00:00:00+00:00
1711843200000,52682.7191319144,2024-03-31 00:00:00+00:00
1711929600000,51671.21862617622,2024-04-01 00:00:00+00:00
1712016000000,50479.04330092195,2024-04-02 00:00:00+00:00
1712102400000,50289.771656355115,2024-04-03 00:00:00+00:00
1712188800000,51072.5051792342,2024-04-04 00:00:00+00:00
1712275200000,50796.27995786155,2024-04-05 00:00:00+00:00
1712361600000,51232.77716465738,2024-04-06 00:00:00+00:00
1712448000000,51467.10142847675,2024-04-07 00:00:00+00:00
1712534400000,51873.80538977669,2024-04-08 00:00:00+00:00
1712620800000,51133.411614781144,2024-04-09 00:00:00+00:00
1712707200000,51481.29263665151,2024-04-10 00:00:00+00:00
1712793600000,51212.06729740879,2024-04-11 00:00:00+00:00
1712880000000,49666.349350739234,2024-04-12 00:00:00+00:00
1712966400000,48469.86411389164,2024-04-13 00:00:00+00:00
1713052800000,49023.65685423956,2024-04-14 00:00:00+00:00
1713139200000,48604.788968154564,2024-04-15 00:00:00+00:00
1713225600000,48396.15558740641,2024-04-16 00:00:00+00:00
1713312000000,48184.17669810708,2024-04-17 00:00:00+00:00
1713398400000,48396.21388919431,2024-04-18 00:00:00+00:00
1713484800000,48406.744542121756,2024-04-19 00:00:00+00:00
1713571200000,48526.99504258741,2024-04-20 00:00:00+00:00
1713657600000,48591.75645669361,2024-04-21 00:00:00+00:00
1713744000000,48773.29124836043,2024-04-22 00:00:00+00:00
1713830400000,48783.21553665188,2024-04-23 00:00:00+00:00
1713916800000,48802.99167317424,2024-04-24 00:00:00+00:00
1714003200000,48771.379943394626,2024-04-25 00:00:00+00:00
1714089600000,48562.58288688537,2024-04-26 00:00:00+00:00
1714176000000,48496.99249442102,2024-04-27 00:00:00+00:00
1714262400000,48489.75481695546,2024-04-28 00:00:00+00:00
1714348800000,48435.38810228434,2024-04-29 00:00:00+00:00
1714435200000,48216.650831872335,2024-04-30 00:00:00+00:00
1714521600000,48166.72416898138,2024-05-01 00:00:00+00:00
1714608000000,48167.22884037633,2024-05-02 00:00:00+00:00
1714694400000,48508.32897877321,2024-05-03 00:00:00+00:00
1714780800000,48443.94684727312,2024-05-04 00:00:00+00:00
1714867200000,48446.565087698764,2024-05-05 00:00:00+00:00
1714953600000,48319.39677368477,2024-05-06 00:00:00+00:00
1715040000000,48270.87285454811,2024-05-07 00:00:00+00:00
1715126400000,48471.01651165534,2024-05-08 00:00:00+00:00
1715212800000,48764.53785811168,2024-05-09 00:00:00+00:00
1715299200000,48697.545631024106,2024-05-10 00:00:00+00:00
1715385600000,48696.143671383485,2024-05-11 00:00:00+00:00
1715472000000,48791.5934665776,2024-05-12 00:00:00+00:00
1715558400000,48654.52952497405,2024-05-13 00:00:00+00:00
1715644800000,48446.879579986286,2024-05-14 00:00:00+00:00
1715731200000,48649.7561665313,2024-05-15 00:00:00+00:00
1715817600000,48419.27718325179,2024-05-16 00:00:00+00:00
1715904000000,48694.18259335377,2024-05-17 00:00:00+00:00
1715990400000,48555.82315207369,2024-05-18 00:00:00+00:00
1716076800000,48214.9723429934,2024-05-19 00:00:00+00:00
1716163200000,49517.07027604702,2024-05-20 00:00:00+00:00
1716249600000,49710.467434951155,2024-05-21 00:00:00+00:00
1716336000000,49420.69665689562,2024-05-22 00:00:00+00:00
1716422400000,49164.70957507058,2024-05-23 00:00:00+00:00
1716508800000,48953.183313147354,2024-05-24 00:00:00+00:00
1716595200000,49226.182748294224,2024-05-25 00:00:00+00:00
1716681600000,49097.995002411066,2024-05-26 00:00:00+00:00
1716768000000,49436.557903608504,2024-05-27 00:00:00+00:00
1716854400000,49127.83475113627,2024-05-28 00:00:00+00:00
1716940800000,48750.89029132116,2024-05-29 00:00:00+00:00
1717027200000,48614.76180222928,2024-05-30 00:00:00+00:00
1717113600000,48703.100027203276,2024-05-31 00:00:00+00:00
1717200000000,48792.08459435742,2024-06-01 00:00:00+00:00
1717286400000,48608.366618926724,2024-06-02 00:00:00+00:00
1717372800000,48813.04124326189,2024-06-03 00:00:00+00:00
1717459200000,49621.63930522282,2024-06-04 00:00:00+00:00
1717545600000,49965.437411912724,2024-06-05 00:00:00+00:00
1717632000000,49764.42383897074,2024-06-06 00:00:00+00:00
1717718400000,48747.04112919439,2024-06-07 00:00:00+00:00
1717804800000,48535.71373820536,2024-06-08 00:00:00+00:00
1717891200000,48769.39078102934,2024-06-09 00:00:00+00:00
1717977600000,48016.489904774106,2024-06-10 00:00:00+00:00
1718064000000,47568.06543611065,2024-06-11 00:00:00+00:00
1718150400000,48034.088376178304,2024-06-12 00:00:00+00:00
1718236800000,47256.24859828268,2024-06-13 00:00:00+00:00
1718323200000,47093.03929768711,2024-06-14 00:00:00+00:00
1718409600000,47338.40723670326,2024-06-15 00:00:00+00:00
1718496000000,47457.54904709857,2024-06-16 00:00:00+00:00
1718582400000,46965.952645886005,2024-06-17 00:00:00+00:00
1718668800000,46843.788860339555,2024-06-18 00:00:00+00:00
1718755200000,46987.690556505164,2024-06-19 00:00:00+00:00
1718841600000,47008.964075427866,2024-06-20 00:00:00+00:00
1718928000000,46944.10295236921,2024-06-21 00:00:00+00:00
1719014400000,46867.97430280557,2024-06-22 00:00:00+00:00
1719100800000,46754.12425030497,2024-06-23 00:00:00+00:00
1719187200000,46936.47492313779,2024-06-24 00:00:00+00:00
1719273600000,47192.46226177587,2024-06-25 00:00:00+00:00
1719360000000,47178.317197880075,2024-06-26 00:00:00+00:00
1719446400000,47087.41720876599,2024-06-27 00:00:00+00:00
1719532800000,47095.68871706798,2024-06-28 00:00:00+00:00
1719619200000,47268.92830231004,2024-06-29 00:00:00+00:00
1719705600000,47195.9925912814,2024-06-30 00:00:00+00:00
1719792000000,47441.65616398752,2024-07-01 00:00:00+00:00
1719878400000,47562.90302406506,2024-07-02 00:00:00+00:00
1719964800000,47516.94016207488,2024-07-03 00:00:00+00:00
1720051200000,47394.10837572182,2024-07-04 00:00:00+00:00
1720137600000,47367.16462903793,2024-07-05 00:00:00+00:00
1720224000000,47616.790517432855,2024-07-06 00:00:00+00:00
1720310400000,47189.652886179305,2024-07-07 00:00:00+00:00
1720396800000,47313.27713567013,2024-07-08 00:00:00+00:00
1720483200000,47618.375443708384,2024-07-09 00:00:00+00:00
1720569600000,47738.82984064816,2024-07-10 00:00:00+00:00
1720656000000,47959.13459294591,2024-07-11 00:00:00+00:00
1720742400000,48199.2509236877,2024-07-12 00:00:00+00:00
1720828800000,48365.668182617665,2024-07-13 00:00:00+00:00
1720915200000,48215.10018644294,2024-07-14 00:00:00+00:00
1721001600000,48200.83584996323,2024-07-15 00:00:00+00:00
1721088000000,48491.08633197961,2024-07-16 00:00:00+00:00
1721174400000,48947.233261974485,2024-07-17 00:00:00+00:00
1721260800000,48379.486826638415,2024-07-18 00:00:00+00:00
1721347200000,48367.178334103766,2024-07-19 00:00:00+00:00
1721433600000,48476.318269855685,2024-07-20 00:00:00+00:00
1721520000000,48841.52905628632,2024-07-21 00:00:00+00:00
1721606400000,48373.21621212973,2024-07-22 00:00:00+00:00
1721692800000,48271.644813805084,2024-07-23 00:00:00+00:00
1721779200000,48440.42888102113,2024-07-24 00:00:00+00:00
1721865600000,48308.033789707275,2024-07-25 00:00:00+00:00
1721952000000,48993.73789093211,2024-07-26 00:00:00+00:00
1722038400000,48768.42792840693,2024-07-27 00:00:00+00:00
1722124800000,48890.26215391383,2024-07-28 00:00:00+00:00
1722211200000,48751.55380711402,2024-07-29 00:00:00+00:00
1722297600000,48502.81184011198,2024-07-30 00:00:00+00:00
1722384000000,48019.12973169239,2024-07-31 00:00:00+00:00
1722470400000,47638.06502955999,2024-08-01 00:00:00+00:00
1722556800000,46519.08288343215,2024-08-02 00:00:00+00:00
1722643200000,46258.571332723615,2024-08-03 00:00:00+00:00
1722729600000,45742.20022673896,2024-08-04 00:00:00+00:00
1722816000000,45193.1700269429,2024-08-05 00:00:00+00:00
1722902400000,45366.79995588441,2024-08-06 00:00:00+00:00
1722988800000,45432.759928890126,2024-08-07 00:00:00+00:00
1723075200000,45754.7997970945,2024-08-08 00:00:00+00:00
1723161600000,46233.97960098896,2024-08-09 00:00:00+00:00
1723248000000,46280.53958193417,2024-08-10 00:00:00+00:00
1723334400000,46262.10958947669,2024-08-11 00:00:00+00:00
1723420800000,46487.149497378545,2024-08-12 00:00:00+00:00
1723507200000,46448.34951325753,2024-08-13 00:00:00+00:00
1723593600000,46371.71954461854,2024-08-14 00:00:00+00:00
1723680000000,46431.85952000611,2024-08-15 00:00:00+00:00
1723766400000,46387.23953826695,2024-08-16 00:00:00+00:00
1723852800000,46509.459488248125,2024-08-17 00:00:00+00:00
1723939200000,46427.00952199098,2024-08-18 00:00:00+00:00
1724025600000,46347.46955454291,2024-08-19 00:00:00+00:00
1724112000000,46308.6695704219,2024-08-20 00:00:00+00:00
1724198400000,46304.7895720098,2024-08-21 00:00:00+00:00
1724284800000,46297.0295751856,2024-08-22 00:00:00+00:00
1724371200000,46393.0595358851,2024-08-23 00:00:00+00:00
1724457600000,46449.31951286056,2024-08-24 00:00:00+00:00
1724544000000,46137.949640289466,2024-08-25 00:00:00+00:00
1724630400000,45840.15976216072,2024-08-26 00:00:00+00:00
1724716800000,45719.879811385596,2024-08-27 00:00:00+00:00
1724803200000,45529.75988919265,2024-08-28 00:00:00+00:00
1724889600000,45502.59990030794,2024-08-29 00:00:00+00:00
1724976000000,45481.259909041386,2024-08-30 00:00:00+00:00
1725062400000,45401.71994159332,2024-08-31 00:00:00+00:00
1725148800000,45396.8486806049,2024-09-01 00:00:00+00:00
1725235200000,45396.8486806049,2024-09-02 00:00:00+00:00
1725321600000,45396.8486806049,2024-09-03 00:00:00+00:00
1725408000000,45396.8486806049,2024-09-04 00:00:00+00:00
1725494400000,45396.8486806049,2024-09-05 00:00:00+00:00
1725580800000,45396.8486806049,2024-09-06 00:00:00+00:00
1725667200000,45396.8486806049,2024-09-07 00:00:00+00:00
1725753600000,45396.8486806049,2024-09-08 00:00:00+00:00
1725840000000,45396.8486806049,2024-09-09 00:00:00+00:00
1725926400000,45396.8486806049,2024-09-10 00:00:00+00:00
1726012800000,45396.8486806049,2024-09-11 00:00:00+00:00
1726099200000,45396.8486806049,2024-09-12 00:00:00+00:00
1726185600000,45396.8486806049,2024-09-13 00:00:00+00:00
1726272000000,45396.8486806049,2024-09-14 00:00:00+00:00
1726358400000,45396.8486806049,2024-09-15 00:00:00+00:00
1726444800000,45396.8486806049,2024-09-16 00:00:00+00:00
1726531200000,45396.8486806049,2024-09-17 00:00:00+00:00
1726617600000,45396.8486806049,2024-09-18 00:00:00+00:00
1726704000000,45396.8486806049,2024-09-19 00:00:00+00:00
1726790400000,45775.17438374382,2024-09-20 00:00:00+00:00
1726876800000,45795.50185701326,2024-09-21 00:00:00+00:00
1726963200000,45951.99588425338,2024-09-22 00:00:00+00:00
1727049600000,46229.77028876234,2024-09-23 00:00:00+00:00
1727136000000,46730.19522374846,2024-09-24 00:00:00+00:00
1727222400000,46497.68172127825,2024-09-25 00:00:00+00:00
1727308800000,46682.82151195477,2024-09-26 00:00:00+00:00
1727395200000,46965.55409287924,2024-09-27 00:00:00+00:00
1727481600000,46728.29870507877,2024-09-28 00:00:00+00:00
1727568000000,46977.541901362485,2024-09-29 00:00:00+00:00
1727654400000,46566.397416259766,2024-09-30 00:00:00+00:00
1727740800000,45681.50255651,2024-10-01 00:00:00+00:00
1727827200000,45441.450385577446,2024-10-02 00:00:00+00:00
1727913600000,44677.16881391059,2024-10-03 00:00:00+00:00
1728000000000,45803.444313522574,2024-10-04 00:00:00+00:00
1728086400000,45501.801194747146,2024-10-05 00:00:00+00:00
1728172800000,46393.9434046232,2024-10-06 00:00:00+00:00
1728259200000,46474.53108730508,2024-10-07 00:00:00+00:00
1728345600000,46046.33699573673,2024-10-08 00:00:00+00:00
1728432000000,45299.714049000446,2024-10-09 00:00:00+00:00
1728518400000,45148.098389205734,2024-10-10 00:00:00+00:00
1728604800000,46017.440823744146,2024-10-11 00:00:00+00:00
1728691200000,46660.86478251082,2024-10-12 00:00:00+00:00
1728777600000,46438.63788760015,2024-10-13 00:00:00+00:00
1728864000000,46600.80342975496,2024-10-14 00:00:00+00:00
1728950400000,45820.90398534385,2024-10-15 00:00:00+00:00
1729036800000,45641.060842995204,2024-10-16 00:00:00+00:00
1729123200000,45213.146274263956,2024-10-17 00:00:00+00:00
1729209600000,45536.89171400498,2024-10-18 00:00:00+00:00
1729296000000,45104.84847936931,2024-10-19 00:00:00+00:00
1729382400000,45765.18737856688,2024-10-20 00:00:00+00:00
1729468800000,45194.53228325734,2024-10-21 00:00:00+00:00
1729555200000,45161.9207235963,2024-10-22 00:00:00+00:00
1729641600000,45089.34001076291,2024-10-23 00:00:00+00:00
1729728000000,45502.21346493827,2024-10-24 00:00:00+00:00
1729814400000,43962.31083975613,2024-10-25 00:00:00+00:00
1729900800000,44569.98808662796,2024-10-26 00:00:00+00:00
1729987200000,44731.459832812136,2024-10-27 00:00:00+00:00
1730073600000,45300.73324242462,2024-10-28 00:00:00+00:00
1730160000000,46410.38135730678,2024-10-29 00:00:00+00:00
1730246400000,46305.0492508354,2024-10-30 00:00:00+00:00
1730332800000,45585.04930770245,2024-10-31 00:00:00+00:00
1730419200000,45323.00018003768,2024-11-01 00:00:00+00:00
1730505600000,45083.93670394879,2024-11-02 00:00:00+00:00
1730592000000,44572.040943387125,2024-11-03 00:00:00+00:00
1730678400000,44111.804872381064,2024-11-04 00:00:00+00:00
1730764800000,44783.18185491354,2024-11-05 00:00:00+00:00
1730851200000,46803.42463031895,2024-11-06 00:00:00+00:00
1730937600000,46857.70892914954,2024-11-07 00:00:00+00:00
1731024000000,47245.76526886013,2024-11-08 00:00:00+00:00
1731110400000,48784.923603870295,2024-11-09 00:00:00+00:00
1731196800000,51256.124039827584,2024-11-10 00:00:00+00:00
1731283200000,54114.157022110725,2024-11-11 00:00:00+00:00
1731369600000,55057.55442252912,2024-11-12 00:00:00+00:00
1731456000000,54919.344771750904,2024-11-13 00:00:00+00:00
1731542400000,53683.50848282488,2024-11-14 00:00:00+00:00
1731628800000,55960.28001958823,2024-11-15 00:00:00+00:00
1731715200000,57029.41477342875,2024-11-16 00:00:00+00:00
1731801600000,57234.12068392314,2024-11-17 00:00:00+00:00
1731888000000,57598.32953640439,2024-11-18 00:00:00+00:00
1731974400000,57676.73167811446,2024-11-19 00:00:00+00:00
1732060800000,56526.11932923759,2024-11-20 00:00:00+00:00
1732147200000,58267.758600543486,2024-11-21 00:00:00+00:00
1732233600000,59232.539763569686,2024-11-22 00:00:00+00:00
1732320000000,60172.71107654807,2024-11-23 00:00:00+00:00
1732406400000,60127.46753943054,2024-11-24 00:00:00+00:00
1732492800000,57214.149442421905,2024-11-25 00:00:00+00:00
1732579200000,57692.27191011943,2024-11-26 00:00:00+00:00
1732665600000,59110.387065413845,2024-11-27 00:00:00+00:00
1732752000000,59087.96944290351,2024-11-28 00:00:00+00:00
1732838400000,59889.342621203956,2024-11-29 00:00:00+00:00
1732924800000,60054.35045631537,2024-11-30 00:00:00+00:00
1733011200000,60738.103609667356,2024-12-01 00:00:00+00:00
1733097600000,61849.993762220845,2024-12-02 00:00:00+00:00
1733184000000,67159.31540819172,2024-12-03 00:00:00+00:00
1733270400000,67354.93842745661,2024-12-04 00:00:00+00:00
1733356800000,68409.04759357049,2024-12-05 00:00:00+00:00
1733443200000,68984.75432011507,2024-12-06 00:00:00+00:00
1733529600000,69353.90848907028,2024-12-07 00:00:00+00:00
1733616000000,69940.93614213393,2024-12-08 00:00:00+00:00
1733702400000,65560.01464592671,2024-12-09 00:00:00+00:00
1733788800000,64541.14804733214,2024-12-10 00:00:00+00:00
1733875200000,67187.72656973387,2024-12-11 00:00:00+00:00
1733961600000,67183.98618948029,2024-12-12 00:00:00+00:00
1734048000000,67514.95377450051,2024-12-13 00:00:00+00:00
1734134400000,66321.40688548962,2024-12-14 00:00:00+00:00
1734220800000,67420.8261324723,2024-12-15 00:00:00+00:00
1734307200000,66583.10299761978,2024-12-16 00:00:00+00:00
1734393600000,66370.22681658069,2024-12-17 00:00:00+00:00
1734480000000,63750.05579913104,2024-12-18 00:00:00+00:00
1734566400000,61576.28854786416,2024-12-19 00:00:00+00:00
1734652800000,62369.208447652905,2024-12-20 00:00:00+00:00
1734739200000,61487.25291903059,2024-12-21 00:00:00+00:00
1734825600000,61469.77063249244,2024-12-22 00:00:00+00:00
1734912000000,62752.134961304764,2024-12-23 00:00:00+00:00
1734998400000,62870.00111039923,2024-12-24 00:00:00+00:00
1735084800000,62318.97534932545,2024-12-25 00:00:00+00:00
1735171200000,61146.503269780114,2024-12-26 00:00:00+00:00
1735257600000,60753.91228315289,2024-12-27 00:00:00+00:00
1735344000000,61250.70010478659,2024-12-28 00:00:00+00:00
1735430400000,60732.32617637868,2024-12-29 00:00:00+00:00
1735516800000,60844.918193681726,2024-12-30 00:00:00+00:00
1735603200000,60550.89172905448,2024-12-31 00:00:00+00:00
1735689600000,61061.79336137794,2025-01-01 00:00:00+00:00
1735776000000,61272.48840887088,2025-01-02 00:00:00+00:00
1735862400000,62794.39827019557,2025-01-03 00:00:00+00:00
1735948800000,63314.79147227521,2025-01-04 00:00:00+00:00
1736035200000,63249.85733170956,2025-01-05 00:00:00+00:00
1736121600000,62911.58811740534,2025-01-06 00:00:00+00:00
1736208000000,61904.736933443484,2025-01-07 00:00:00+00:00
1736294400000,62028.678767386526,2025-01-08 00:00:00+00:00
1736380800000,61104.483146591476,2025-01-09 00:00:00+00:00
1736467200000,62051.33309431493,2025-01-10 00:00:00+00:00
1736553600000,62177.88438846837,2025-01-11 00:00:00+00:00
1736640000000,61427.53497957628,2025-01-12 00:00:00+00:00
1736726400000,61359.40168820123,2025-01-13 00:00:00+00:00
1736812800000,61337.722125913104,2025-01-14 00:00:00+00:00
1736899200000,62514.91727052691,2025-01-15 00:00:00+00:00
1736985600000,62601.884186784104,2025-01-16 00:00:00+00:00
1737072000000,62975.683674018765,2025-01-17 00:00:00+00:00
1737158400000,63099.05176512164,2025-01-18 00:00:00+00:00
1737244800000,61023.20143998293,2025-01-19 00:00:00+00:00
1737331200000,61093.165336967344,2025-01-20 00:00:00+00:00
1737417600000,61631.99687229733,2025-01-21 00:00:00+00:00
1737504000000,61176.83326923547,2025-01-22 00:00:00+00:00
1737590400000,60803.98806825974,2025-01-23 00:00:00+00:00
1737676800000,60555.34820667077,2025-01-24 00:00:00+00:00
1737763200000,60562.88227373294,2025-01-25 00:00:00+00:00
1737849600000,60114.51599884454,2025-01-26 00:00:00+00:00
1737936000000,59989.781154110315,2025-01-27 00:00:00+00:00
1738022400000,59722.10486008871,2025-01-28 00:00:00+00:00
1738108800000,59802.01719399256,2025-01-29 00:00:00+00:00
1738195200000,60022.17459626405,2025-01-30 00:00:00+00:00
1738281600000,59800.346262699386,2025-01-31 00:00:00+00:00
1738368000000,59298.124426585186,2025-02-01 00:00:00+00:00
1738454400000,58710.08761099327,2025-02-02 00:00:00+00:00
1738540800000,57958.592188266535,2025-02-03 00:00:00+00:00
1738627200000,57958.592188266535,2025-02-04 00:00:00+00:00
1738713600000,57958.592188266535,2025-02-05 00:00:00+00:00
1738800000000,57958.592188266535,2025-02-06 00:00:00+00:00
1738886400000,57958.592188266535,2025-02-07 00:00:00+00:00
1738972800000,57958.592188266535,2025-02-08 00:00:00+00:00
1739059200000,57958.592188266535,2025-02-09 00:00:00+00:00
1739145600000,57958.592188266535,2025-02-10 00:00:00+00:00
1739232000000,57958.592188266535,2025-02-11 00:00:00+00:00
1739318400000,57958.592188266535,2025-02-12 00:00:00+00:00
1739404800000,57958.592188266535,2025-02-13 00:00:00+00:00
1739491200000,57958.592188266535,2025-02-14 00:00:00+00:00
1739577600000,57958.592188266535,2025-02-15 00:00:00+00:00
1739664000000,57958.592188266535,2025-02-16 00:00:00+00:00
1739750400000,57958.592188266535,2025-02-17 00:00:00+00:00
1739836800000,57958.592188266535,2025-02-18 00:00:00+00:00
1739923200000,57958.592188266535,2025-02-19 00:00:00+00:00
1740009600000,57958.592188266535,2025-02-20 00:00:00+00:00
1740096000000,57958.592188266535,2025-02-21 00:00:00+00:00
1740182400000,57958.592188266535,2025-02-22 00:00:00+00:00
1740268800000,57958.592188266535,2025-02-23 00:00:00+00:00
1740355200000,57958.592188266535,2025-02-24 00:00:00+00:00
1740441600000,57958.592188266535,2025-02-25 00:00:00+00:00
1740528000000,57958.592188266535,2025-02-26 00:00:00+00:00
1740614400000,57958.592188266535,2025-02-27 00:00:00+00:00
1740700800000,57958.592188266535,2025-02-28 00:00:00+00:00
1740787200000,57958.592188266535,2025-03-01 00:00:00+00:00
1740873600000,57958.592188266535,2025-03-02 00:00:00+00:00
1740960000000,57958.592188266535,2025-03-03 00:00:00+00:00
1741046400000,57958.592188266535,2025-03-04 00:00:00+00:00
1741132800000,57958.592188266535,2025-03-05 00:00:00+00:00
1741219200000,57819.760124674205,2025-03-06 00:00:00+00:00
1741305600000,57640.03645301933,2025-03-07 00:00:00+00:00
1741392000000,57613.809808626254,2025-03-08 00:00:00+00:00
1741478400000,57443.64158105258,2025-03-09 00:00:00+00:00
1741564800000,57341.78461329343,2025-03-10 00:00:00+00:00
1741651200000,57339.76550611842,2025-03-11 00:00:00+00:00
1741737600000,57339.76550611842,2025-03-12 00:00:00+00:00
1741824000000,57339.76550611842,2025-03-13 00:00:00+00:00
1741910400000,57339.76550611842,2025-03-14 00:00:00+00:00
1741996800000,57339.76550611842,2025-03-15 00:00:00+00:00
1742083200000,57339.76550611842,2025-03-16 00:00:00+00:00
1742169600000,57339.76550611842,2025-03-17 00:00:00+00:00
1742256000000,57339.76550611842,2025-03-18 00:00:00+00:00
1742342400000,57339.76550611842,2025-03-19 00:00:00+00:00
1742428800000,57339.76550611842,2025-03-20 00:00:00+00:00
1742515200000,57339.76550611842,2025-03-21 00:00:00+00:00
1742601600000,57339.76550611842,2025-03-22 00:00:00+00:00
1742688000000,57339.76550611842,2025-03-23 00:00:00+00:00
1742774400000,57339.76550611842,2025-03-24 00:00:00+00:00
1742860800000,57339.76550611842,2025-03-25 00:00:00+00:00
1742947200000,57339.76550611842,2025-03-26 00:00:00+00:00
1743033600000,57339.76550611842,2025-03-27 00:00:00+00:00
1743120000000,57339.76550611842,2025-03-28 00:00:00+00:00
1743206400000,57339.76550611842,2025-03-29 00:00:00+00:00
1743292800000,57339.76550611842,2025-03-30 00:00:00+00:00
1743379200000,57339.76550611842,2025-03-31 00:00:00+00:00
1743465600000,57339.76550611842,2025-04-01 00:00:00+00:00
1743552000000,57339.76550611842,2025-04-02 00:00:00+00:00
1743638400000,57339.76550611842,2025-04-03 00:00:00+00:00
1743724800000,57339.76550611842,2025-04-04 00:00:00+00:00
1743811200000,57339.76550611842,2025-04-05 00:00:00+00:00
1743897600000,57339.76550611842,2025-04-06 00:00:00+00:00
1743984000000,57339.76550611842,2025-04-07 00:00:00+00:00
1744070400000,57339.76550611842,2025-04-08 00:00:00+00:00
1744156800000,57339.76550611842,2025-04-09 00:00:00+00:00
1744243200000,57339.76550611842,2025-04-10 00:00:00+00:00
1744329600000,57339.76550611842,2025-04-11 00:00:00+00:00
1744416000000,57339.76550611842,2025-04-12 00:00:00+00:00
1744502400000,57339.76550611842,2025-04-13 00:00:00+00:00
1744588800000,57339.76550611842,2025-04-14 00:00:00+00:00
1744675200000,57339.76550611842,2025-04-15 00:00:00+00:00
1744761600000,57339.76550611842,2025-04-16 00:00:00+00:00
1744848000000,57339.76550611842,2025-04-17 00:00:00+00:00
1744934400000,57339.76550611842,2025-04-18 00:00:00+00:00
1745020800000,57339.76550611842,2025-04-19 00:00:00+00:00
1745107200000,57339.76550611842,2025-04-20 00:00:00+00:00
1745193600000,57339.76550611842,2025-04-21 00:00:00+00:00
1745280000000,57339.76550611842,2025-04-22 00:00:00+00:00
1745366400000,57272.84397662477,2025-04-23 00:00:00+00:00
1745452800000,57446.97224484101,2025-04-24 00:00:00+00:00
1745539200000,57748.512844727426,2025-04-25 00:00:00+00:00
1745625600000,57630.38262909137,2025-04-26 00:00:00+00:00
1745712000000,57038.270230702066,2025-04-27 00:00:00+00:00
1745798400000,57511.76627485454,2025-04-28 00:00:00+00:00
1745884800000,57165.23412303434,2025-04-29 00:00:00+00:00
1745971200000,57327.95990796807,2025-04-30 00:00:00+00:00
1746057600000,57263.448736980674,2025-05-01 00:00:00+00:00
1746144000000,57445.19145543494,2025-05-02 00:00:00+00:00
1746230400000,56539.75247412602,2025-05-03 00:00:00+00:00
1746316800000,56011.8075353823,2025-05-04 00:00:00+00:00
1746403200000,56300.691962503464,2025-05-05 00:00:00+00:00
1746489600000,56862.22922415262,2025-05-06 00:00:00+00:00
1746576000000,56891.21730960784,2025-05-07 00:00:00+00:00
1746662400000,59742.42281004854,2025-05-08 00:00:00+00:00
1746748800000,60039.65533117056,2025-05-09 00:00:00+00:00
1746835200000,61488.63972799123,2025-05-10 00:00:00+00:00
1746921600000,60813.886149379585,2025-05-11 00:00:00+00:00
1747008000000,60637.551226583826,2025-05-12 00:00:00+00:00
1747094400000,61188.371946594554,2025-05-13 00:00:00+00:00
1747180800000,60425.384137998226,2025-05-14 00:00:00+00:00
1747267200000,59676.2290983264,2025-05-15 00:00:00+00:00
1747353600000,59316.602523916954,2025-05-16 00:00:00+00:00
1747440000000,59072.86771321585,2025-05-17 00:00:00+00:00
1747526400000,60058.50375834486,2025-05-18 00:00:00+00:00
1747612800000,59289.7856136135,2025-05-19 00:00:00+00:00
1747699200000,59506.18578575524,2025-05-20 00:00:00+00:00
1747785600000,60676.59915860886,2025-05-21 00:00:00+00:00
1747872000000,62599.59168209239,2025-05-22 00:00:00+00:00
1747958400000,60772.50804788607,2025-05-23 00:00:00+00:00
1748044800000,61058.98515885033,2025-05-24 00:00:00+00:00
1748131200000,61164.318604537686,2025-05-25 00:00:00+00:00
1748217600000,60987.33177173897,2025-05-26 00:00:00+00:00
1748304000000,61410.235526152865,2025-05-27 00:00:00+00:00
1748390400000,61236.92815821516,2025-05-28 00:00:00+00:00
1748476800000,60265.13180593005,2025-05-29 00:00:00+00:00
1748563200000,58392.62154865744,2025-05-30 00:00:00+00:00
1748649600000,59219.37594105234,2025-05-31 00:00:00+00:00
1748736000000,59223.797474534826,2025-06-01 00:00:00+00:00
1748822400000,59303.30216321013,2025-06-02 00:00:00+00:00
1748908800000,59269.04621336266,2025-06-03 00:00:00+00:00
1748995200000,58665.97516781227,2025-06-04 00:00:00+00:00
1749081600000,57236.57058693257,2025-06-05 00:00:00+00:00
1749168000000,57667.19068555041,2025-06-06 00:00:00+00:00
1749254400000,58256.32015964289,2025-06-07 00:00:00+00:00
1749340800000,57969.43448472892,2025-06-08 00:00:00+00:00
1749427200000,58884.971224326,2025-06-09 00:00:00+00:00
1749513600000,59503.38930042427,2025-06-10 00:00:00+00:00
1749600000000,58554.338168970986,2025-06-11 00:00:00+00:00
1749686400000,57514.734395660416,2025-06-12 00:00:00+00:00
1749772800000,57400.862991955604,2025-06-13 00:00:00+00:00
1749859200000,56981.88025059753,2025-06-14 00:00:00+00:00
1749945600000,57392.19483182675,2025-06-15 00:00:00+00:00
1750032000000,57501.82609300264,2025-06-16 00:00:00+00:00
1750118400000,57177.05364287861,2025-06-17 00:00:00+00:00
1750204800000,57289.41602605826,2025-06-18 00:00:00+00:00
1750291200000,57771.09278605123,2025-06-19 00:00:00+00:00
1750377600000,56926.51219827211,2025-06-20 00:00:00+00:00
1750464000000,56338.24772634083,2025-06-21 00:00:00+00:00
1750550400000,55811.33384334584,2025-06-22 00:00:00+00:00
1750636800000,56334.83523141445,2025-06-23 00:00:00+00:00
1750723200000,56360.19215104876,2025-06-24 00:00:00+00:00
1750809600000,56641.77653908588,2025-06-25 00:00:00+00:00
1750896000000,56590.881273653096,2025-06-26 00:00:00+00:00
1750982400000,56867.78911391314,2025-06-27 00:00:00+00:00
1751068800000,56832.25312301719,2025-06-28 00:00:00+00:00
1751155200000,57137.89561681362,2025-06-29 00:00:00+00:00
1751241600000,57141.179694307866,2025-06-30 00:00:00+00:00
1751328000000,56866.92538220067,2025-07-01 00:00:00+00:00
1751414400000,57408.841696322444,2025-07-02 00:00:00+00:00
1751500800000,57355.61648523571,2025-07-03 00:00:00+00:00
1751587200000,56910.45208926134,2025-07-04 00:00:00+00:00
1751673600000,57118.48066490062,2025-07-05 00:00:00+00:00
1751760000000,57286.89982785913,2025-07-06 00:00:00+00:00
1751846400000,57323.37432650684,2025-07-07 00:00:00+00:00
1751932800000,57485.26352529588,2025-07-08 00:00:00+00:00
1752019200000,57923.72265877055,2025-07-09 00:00:00+00:00
1752105600000,58393.08229998112,2025-07-10 00:00:00+00:00
1752192000000,59785.8478042488,2025-07-11 00:00:00+00:00
1752278400000,59889.47217294236,2025-07-12 00:00:00+00:00
1752364800000,61433.535737866456,2025-07-13 00:00:00+00:00
1752451200000,61461.59073253156,2025-07-14 00:00:00+00:00
1752537600000,61293.256333413854,2025-07-15 00:00:00+00:00
1752624000000,61813.072326279675,2025-07-16 00:00:00+00:00
1752710400000,63170.69985496822,2025-07-17 00:00:00+00:00
1752796800000,63702.15742580287,2025-07-18 00:00:00+00:00
1752883200000,63688.01267021475,2025-07-19 00:00:00+00:00
1752969600000,64954.253985726056,2025-07-20 00:00:00+00:00
1753056000000,65042.82621197024,2025-07-21 00:00:00+00:00
1753142400000,65186.3284763303,2025-07-22 00:00:00+00:00
1753228800000,62795.096144798874,2025-07-23 00:00:00+00:00
1753315200000,62636.760940965556,2025-07-24 00:00:00+00:00
1753401600000,63589.445024848435,2025-07-25 00:00:00+00:00
1753488000000,63806.95847419807,2025-07-26 00:00:00+00:00
1753574400000,64611.571937508175,2025-07-27 00:00:00+00:00
1753660800000,63385.198583274825,2025-07-28 00:00:00+00:00
1753747200000,63623.02139265448,2025-07-29 00:00:00+00:00
1753833600000,63084.009656137656,2025-07-30 00:00:00+00:00
1753920000000,62021.50575220391,2025-07-31 00:00:00+00:00
1754006400000,60961.70391169895,2025-08-01 00:00:00+00:00
1754092800000,60109.09368291567,2025-08-02 00:00:00+00:00
1754179200000,61524.550524291764,2025-08-03 00:00:00+00:00
1754265600000,62915.02229675938,2025-08-04 00:00:00+00:00
1754352000000,61889.62858360775,2025-08-05 00:00:00+00:00
1754438400000,62510.45422267206,2025-08-06 00:00:00+00:00
1754524800000,63829.87293841615,2025-08-07 00:00:00+00:00
1754611200000,64237.40545775397,2025-08-08 00:00:00+00:00
1754697600000,64030.6846804505,2025-08-09 00:00:00+00:00
1754784000000,64176.66535570815,2025-08-10 00:00:00+00:00
1754870400000,64079.20160662933,2025-08-11 00:00:00+00:00
1754956800000,65864.66392936872,2025-08-12 00:00:00+00:00
1755043200000,66814.23545030737,2025-08-13 00:00:00+00:00
1755129600000,65564.73331985739,2025-08-14 00:00:00+00:00
1755216000000,65486.333554484816,2025-08-15 00:00:00+00:00
1755302400000,65282.05949860605,2025-08-16 00:00:00+00:00
1755388800000,65708.20941963355,2025-08-17 00:00:00+00:00
1755475200000,64845.43883562649,2025-08-18 00:00:00+00:00
1755561600000,63338.9508503146,2025-08-19 00:00:00+00:00
1755648000000,64685.48020672098,2025-08-20 00:00:00+00:00
1755734400000,63838.01204033005,2025-08-21 00:00:00+00:00
1755820800000,66636.55958670621,2025-08-22 00:00:00+00:00
1755907200000,65987.52110774413,2025-08-23 00:00:00+00:00
1755993600000,65511.58637487331,2025-08-24 00:00:00+00:00
1756080000000,62985.47632276529,2025-08-25 00:00:00+00:00
1756166400000,63984.50301515371,2025-08-26 00:00:00+00:00
1756252800000,63589.1425976738,2025-08-27 00:00:00+00:00
1756339200000,63914.86326533072,2025-08-28 00:00:00+00:00
1756425600000,62894.671982566186,2025-08-29 00:00:00+00:00
1756512000000,62919.25001821651,2025-08-30 00:00:00+00:00
1756598400000,62842.87296278887,2025-08-31 00:00:00+00:00
1756684800000,62358.69944817908,2025-09-01 00:00:00+00:00
1756771200000,63000.09452495,2025-09-02 00:00:00+00:00
1756857600000,63265.66821096945,2025-09-03 00:00:00+00:00
1756944000000,62358.43712411492,2025-09-04 00:00:00+00:00
1757030400000,62467.5701302674,2025-09-05 00:00:00+00:00
1757116800000,62367.219033389396,2025-09-06 00:00:00+00:00
1757203200000,62698.04155131747,2025-09-07 00:00:00+00:00
1757289600000,62908.94048392688,2025-09-08 00:00:00+00:00
1757376000000,63622.402170482506,2025-09-09 00:00:00+00:00
1757462400000,63863.16056045329,2025-09-10 00:00:00+00:00
1757548800000,63863.86628136976,2025-09-11 00:00:00+00:00
1757635200000,64644.54585665165,2025-09-12 00:00:00+00:00
1757721600000,64899.19683102484,2025-09-13 00:00:00+00:00
1757808000000,64273.897235355114,2025-09-14 00:00:00+00:00
1757894400000,63806.27767776957,2025-09-15 00:00:00+00:00
1757980800000,64240.017906061985,2025-09-16 00:00:00+00:00
1758067200000,64963.99700820297,2025-09-17 00:00:00+00:00
1758153600000,64951.5919887165,2025-09-18 00:00:00+00:00
1758240000000,64246.86424353169,2025-09-19 00:00:00+00:00
1758326400000,64861.82558864825,2025-09-20 00:00:00+00:00
1758412800000,64780.224843342214,2025-09-21 00:00:00+00:00
1758499200000,63206.06896920997,2025-09-22 00:00:00+00:00
1758585600000,63745.44528558643,2025-09-23 00:00:00+00:00
1758672000000,63879.122712120516,2025-09-24 00:00:00+00:00
1758758400000,61894.23666882912,2025-09-25 00:00:00+00:00
1758844800000,62594.684602976806,2025-09-26 00:00:00+00:00
1758931200000,62498.36846204883,2025-09-27 00:00:00+00:00
1759017600000,63546.373720658805,2025-09-28 00:00:00+00:00
1759104000000,64837.743478881384,2025-09-29 00:00:00+00:00
1759190400000,64811.18380518615,2025-09-30 00:00:00+00:00
1759276800000,65143.247409869735,2025-10-01 00:00:00+00:00
1759363200000,65917.75646919217,2025-10-02 00:00:00+00:00
1759449600000,66653.29976121309,2025-10-03 00:00:00+00:00
1759536000000,66896.65906537102,2025-10-04 00:00:00+00:00
1759622400000,67326.23810310606,2025-10-05 00:00:00+00:00
1759708800000,67736.83354805585,2025-10-06 00:00:00+00:00
1759795200000,67081.35800396404,2025-10-07 00:00:00+00:00
1759881600000,68549.3833188492,2025-10-08 00:00:00+00:00
1759968000000,68741.298969765,2025-10-09 00:00:00+00:00
1760054400000,65483.743813319415,2025-10-10 00:00:00+00:00
1760140800000,67081.07125523713,2025-10-11 00:00:00+00:00
1760227200000,66873.62355698887,2025-10-12 00:00:00+00:00
1760313600000,66954.9906087216,2025-10-13 00:00:00+00:00
1760400000000,66745.45739162304,2025-10-14 00:00:00+00:00
1760486400000,65920.79449647882,2025-10-15 00:00:00+00:00
1760572800000,65109.783740893465,2025-10-16 00:00:00+00:00
1760659200000,65206.903980356845,2025-10-17 00:00:00+00:00
1760745600000,65448.14186218905,2025-10-18 00:00:00+00:00
1760832000000,66054.90346134779,2025-10-19 00:00:00+00:00
1760918400000,66693.47683746353,2025-10-20 00:00:00+00:00
1761004800000,66203.71220448177,2025-10-21 00:00:00+00:00
1761091200000,65673.57583485893,2025-10-22 00:00:00+00:00
1761177600000,65973.17984385978,2025-10-23 00:00:00+00:00
1761264000000,66531.74713490525,2025-10-24 00:00:00+00:00
1761350400000,66755.9326119272,2025-10-25 00:00:00+00:00
1761436800000,67986.76844273394,2025-10-26 00:00:00+00:00
1761523200000,68447.83932710197,2025-10-27 00:00:00+00:00
1761609600000,67842.32672425488,2025-10-28 00:00:00+00:00
1761696000000,68728.21481039833,2025-10-29 00:00:00+00:00
1761782400000,68348.0028805439,2025-10-30 00:00:00+00:00
1761868800000,70114.34942885977,2025-10-31 00:00:00+00:00
1761955200000,70414.4567449681,2025-11-01 00:00:00+00:00
1762041600000,70454.75636947902,2025-11-02 00:00:00+00:00
1762128000000,70403.01935663522,2025-11-03 00:00:00+00:00
1762214400000,70212.13051650969,2025-11-04 00:00:00+00:00
1762300800000,70931.43170551148,2025-11-05 00:00:00+00:00
1762387200000,72336.63200294247,2025-11-06 00:00:00+00:00
1762473600000,74924.52971790529,2025-11-07 00:00:00+00:00
1762560000000,73679.76421893766,2025-11-08 00:00:00+00:00
1762646400000,74133.08798583811,2025-11-09 00:00:00+00:00
1762732800000,72022.57233694609,2025-11-10 00:00:00+00:00
1762819200000,70066.05552539218,2025-11-11 00:00:00+00:00
1762905600000,71480.5289526378,2025-11-12 00:00:00+00:00
1762992000000,71814.13015778983,2025-11-13 00:00:00+00:00
1763078400000,73858.87945326864,2025-11-14 00:00:00+00:00
1763164800000,75282.56758396928,2025-11-15 00:00:00+00:00
1763251200000,75947.9243444523,2025-11-16 00:00:00+00:00
1763337600000,73915.86389149309,2025-11-17 00:00:00+00:00
1763424000000,74234.4691918492,2025-11-18 00:00:00+00:00
1763510400000,75367.23676950925,2025-11-19 00:00:00+00:00
1763596800000,74944.5829604923,2025-11-20 00:00:00+00:00
1763683200000,72533.24146931047,2025-11-21 00:00:00+00:00
1763769600000,71772.14162436128,2025-11-22 00:00:00+00:00
1763856000000,73033.18186458324,2025-11-23 00:00:00+00:00
1763942400000,71808.13179587146,2025-11-24 00:00:00+00:00
1764028800000,71609.72444011022,2025-11-25 00:00:00+00:00
1764115200000,71968.93403652911,2025-11-26 00:00:00+00:00
1764201600000,71127.31771813729,2025-11-27 00:00:00+00:00
1764288000000,70257.55523997468,2025-11-28 00:00:00+00:00
1764374400000,70449.04140890703,2025-11-29 00:00:00+00:00
1764460800000,69702.70676252613,2025-11-30 00:00:00+00:00
1764547200000,67565.31857448163,2025-12-01 00:00:00+00:00
1764633600000,67565.31857448163,2025-12-02 00:00:00+00:00
1764720000000,67565.31857448163,2025-12-03 00:00:00+00:00
1764806400000,67565.31857448163,2025-12-04 00:00:00+00:00
1764892800000,67565.31857448163,2025-12-05 00:00:00+00:00
1764979200000,67565.31857448163,2025-12-06 00:00:00+00:00
1765065600000,67565.31857448163,2025-12-07 00:00:00+00:00
1765152000000,67565.31857448163,2025-12-08 00:00:00+00:00
1765238400000,67565.31857448163,2025-12-09 00:00:00+00:00
1765324800000,67565.31857448163,2025-12-10 00:00:00+00:00
1765411200000,67565.31857448163,2025-12-11 00:00:00+00:00
1765497600000,67565.31857448163,2025-12-12 00:00:00+00:00
1765584000000,67565.31857448163,2025-12-13 00:00:00+00:00
1765670400000,67565.31857448163,2025-12-14 00:00:00+00:00
1765756800000,67565.31857448163,2025-12-15 00:00:00+00:00
1765843200000,67565.31857448163,2025-12-16 00:00:00+00:00
1765929600000,67565.31857448163,2025-12-17 00:00:00+00:00
1766016000000,67565.31857448163,2025-12-18 00:00:00+00:00
1766102400000,67565.31857448163,2025-12-19 00:00:00+00:00
1766188800000,67565.31857448163,2025-12-20 00:00:00+00:00
1766275200000,67565.31857448163,2025-12-21 00:00:00+00:00
1766361600000,67565.31857448163,2025-12-22 00:00:00+00:00
1766448000000,67565.31857448163,2025-12-23 00:00:00+00:00
1766534400000,67565.31857448163,2025-12-24 00:00:00+00:00
1766620800000,67565.31857448163,2025-12-25 00:00:00+00:00
1766707200000,67565.31857448163,2025-12-26 00:00:00+00:00
1766793600000,67565.31857448163,2025-12-27 00:00:00+00:00
1766880000000,67565.31857448163,2025-12-28 00:00:00+00:00
1766966400000,67565.31857448163,2025-12-29 00:00:00+00:00
1767052800000,67565.31857448163,2025-12-30 00:00:00+00:00
1767139200000,67565.31857448163,2025-12-31 00:00:00+00:00
1767225600000,67565.31857448163,2026-01-01 00:00:00+00:00
1767312000000,67565.31857448163,2026-01-02 00:00:00+00:00
1767398400000,67565.31857448163,2026-01-03 00:00:00+00:00
1767484800000,67565.31857448163,2026-01-04 00:00:00+00:00
1767571200000,67565.31857448163,2026-01-05 00:00:00+00:00
1767657600000,67565.31857448163,2026-01-06 00:00:00+00:00
1767744000000,67565.31857448163,2026-01-07 00:00:00+00:00
1767830400000,67565.31857448163,2026-01-08 00:00:00+00:00
1767916800000,67565.31857448163,2026-01-09 00:00:00+00:00
1768003200000,67565.31857448163,2026-01-10 00:00:00+00:00
1768089600000,67565.31857448163,2026-01-11 00:00:00+00:00
1768176000000,67565.31857448163,2026-01-12 00:00:00+00:00
1768262400000,67565.31857448163,2026-01-13 00:00:00+00:00
1768348800000,67565.31857448163,2026-01-14 00:00:00+00:00
1768435200000,67565.31857448163,2026-01-15 00:00:00+00:00
1768521600000,67565.31857448163,2026-01-16 00:00:00+00:00
1768608000000,67565.31857448163,2026-01-17 00:00:00+00:00
1768694400000,67565.31857448163,2026-01-18 00:00:00+00:00
1768780800000,67565.31857448163,2026-01-19 00:00:00+00:00
1768867200000,67565.31857448163,2026-01-20 00:00:00+00:00
1768953600000,67565.31857448163,2026-01-21 00:00:00+00:00
1769040000000,67565.31857448163,2026-01-22 00:00:00+00:00
1769126400000,67565.31857448163,2026-01-23 00:00:00+00:00
1769212800000,67565.31857448163,2026-01-24 00:00:00+00:00
1769299200000,67565.31857448163,2026-01-25 00:00:00+00:00
1769385600000,67565.31857448163,2026-01-26 00:00:00+00:00
1769472000000,67565.31857448163,2026-01-27 00:00:00+00:00
1769558400000,67565.31857448163,2026-01-28 00:00:00+00:00
1769644800000,67565.31857448163,2026-01-29 00:00:00+00:00
1769731200000,67565.31857448163,2026-01-30 00:00:00+00:00
1769817600000,67565.31857448163,2026-01-31 00:00:00+00:00
1769904000000,67565.31857448163,2026-02-01 00:00:00+00:00
1769990400000,67565.31857448163,2026-02-02 00:00:00+00:00
1770076800000,67565.31857448163,2026-02-03 00:00:00+00:00
1770163200000,67565.31857448163,2026-02-04 00:00:00+00:00
1770249600000,67565.31857448163,2026-02-05 00:00:00+00:00
1770336000000,67565.31857448163,2026-02-06 00:00:00+00:00
1770422400000,67565.31857448163,2026-02-07 00:00:00+00:00
1770508800000,67565.31857448163,2026-02-08 00:00:00+00:00
1770595200000,67565.31857448163,2026-02-09 00:00:00+00:00
1770681600000,67565.31857448163,2026-02-10 00:00:00+00:00
1770768000000,67565.31857448163,2026-02-11 00:00:00+00:00
1770854400000,67565.31857448163,2026-02-12 00:00:00+00:00
1770940800000,67565.31857448163,2026-02-13 00:00:00+00:00
1771027200000,67565.31857448163,2026-02-14 00:00:00+00:00
1771113600000,67565.31857448163,2026-02-15 00:00:00+00:00
1771200000000,67565.31857448163,2026-02-16 00:00:00+00:00
1771286400000,67565.31857448163,2026-02-17 00:00:00+00:00
1771372800000,67565.31857448163,2026-02-18 00:00:00+00:00
1771459200000,67565.31857448163,2026-02-19 00:00:00+00:00
1771545600000,67565.31857448163,2026-02-20 00:00:00+00:00
1771632000000,67565.31857448163,2026-02-21 00:00:00+00:00
1771718400000,67565.31857448163,2026-02-22 00:00:00+00:00
1771804800000,67565.31857448163,2026-02-23 00:00:00+00:00
1771891200000,67565.31857448163,2026-02-24 00:00:00+00:00
1771977600000,67565.31857448163,2026-02-25 00:00:00+00:00
1772064000000,67565.31857448163,2026-02-26 00:00:00+00:00
1772150400000,67565.31857448163,2026-02-27 00:00:00+00:00
1772236800000,67565.31857448163,2026-02-28 00:00:00+00:00
1772323200000,67565.31857448163,2026-03-01 00:00:00+00:00
1772409600000,67565.31857448163,2026-03-02 00:00:00+00:00
1772496000000,67565.31857448163,2026-03-03 00:00:00+00:00
1772582400000,67565.31857448163,2026-03-04 00:00:00+00:00
1772668800000,67565.31857448163,2026-03-05 00:00:00+00:00
1772755200000,67565.31857448163,2026-03-06 00:00:00+00:00
1772841600000,67565.31857448163,2026-03-07 00:00:00+00:00
1772928000000,67565.31857448163,2026-03-08 00:00:00+00:00
1773014400000,67565.31857448163,2026-03-09 00:00:00+00:00
1773100800000,67565.31857448163,2026-03-10 00:00:00+00:00
1773187200000,67565.31857448163,2026-03-11 00:00:00+00:00
1773273600000,67565.31857448163,2026-03-12 00:00:00+00:00
1773360000000,67565.31857448163,2026-03-13 00:00:00+00:00
1773446400000,67565.31857448163,2026-03-14 00:00:00+00:00
1773532800000,67565.31857448163,2026-03-15 00:00:00+00:00
1773619200000,67565.31857448163,2026-03-16 00:00:00+00:00
1773705600000,67565.31857448163,2026-03-17 00:00:00+00:00
1773792000000,67565.31857448163,2026-03-18 00:00:00+00:00
1773878400000,67565.31857448163,2026-03-19 00:00:00+00:00
1773964800000,67565.31857448163,2026-03-20 00:00:00+00:00
1774051200000,67565.31857448163,2026-03-21 00:00:00+00:00
1774137600000,67565.31857448163,2026-03-22 00:00:00+00:00
1774224000000,67565.31857448163,2026-03-23 00:00:00+00:00
1774310400000,67565.31857448163,2026-03-24 00:00:00+00:00
1774396800000,67565.31857448163,2026-03-25 00:00:00+00:00
1774483200000,67565.31857448163,2026-03-26 00:00:00+00:00
1774569600000,67565.31857448163,2026-03-27 00:00:00+00:00
1774656000000,67565.31857448163,2026-03-28 00:00:00+00:00
1774742400000,67565.31857448163,2026-03-29 00:00:00+00:00
1774828800000,67565.31857448163,2026-03-30 00:00:00+00:00
1774915200000,67565.31857448163,2026-03-31 00:00:00+00:00
1775001600000,67565.31857448163,2026-04-01 00:00:00+00:00
1775088000000,67565.31857448163,2026-04-02 00:00:00+00:00
1775174400000,67565.31857448163,2026-04-03 00:00:00+00:00
1775260800000,67565.31857448163,2026-04-04 00:00:00+00:00
1775347200000,67565.31857448163,2026-04-05 00:00:00+00:00
1775433600000,67565.31857448163,2026-04-06 00:00:00+00:00
1775520000000,67565.31857448163,2026-04-07 00:00:00+00:00
1775606400000,67565.31857448163,2026-04-08 00:00:00+00:00
1775692800000,67565.31857448163,2026-04-09 00:00:00+00:00
1775779200000,67565.31857448163,2026-04-10 00:00:00+00:00
1775865600000,67565.31857448163,2026-04-11 00:00:00+00:00
1775952000000,67565.31857448163,2026-04-12 00:00:00+00:00
1776038400000,67565.31857448163,2026-04-13 00:00:00+00:00
1776124800000,67565.31857448163,2026-04-14 00:00:00+00:00
1776211200000,67565.31857448163,2026-04-15 00:00:00+00:00
1776297600000,67565.31857448163,2026-04-16 00:00:00+00:00
1776384000000,67565.31857448163,2026-04-17 00:00:00+00:00
1776470400000,67565.31857448163,2026-04-18 00:00:00+00:00
1776556800000,67565.31857448163,2026-04-19 00:00:00+00:00
1776643200000,67565.31857448163,2026-04-20 00:00:00+00:00
1776729600000,67565.31857448163,2026-04-21 00:00:00+00:00
1776816000000,67565.31857448163,2026-04-22 00:00:00+00:00
1776902400000,67565.31857448163,2026-04-23 00:00:00+00:00
1776988800000,67565.31857448163,2026-04-24 00:00:00+00:00
1777075200000,67565.31857448163,2026-04-25 00:00:00+00:00
1777161600000,67565.31857448163,2026-04-26 00:00:00+00:00
1777248000000,67565.31857448163,2026-04-27 00:00:00+00:00
1777334400000,67565.31857448163,2026-04-28 00:00:00+00:00
1777420800000,67565.31857448163,2026-04-29 00:00:00+00:00
1777507200000,67565.31857448163,2026-04-30 00:00:00+00:00
1777593600000,67565.31857448163,2026-05-01 00:00:00+00:00
1777680000000,67565.31857448163,2026-05-02 00:00:00+00:00
1777766400000,67690.9791256589,2026-05-03 00:00:00+00:00
1777852800000,68100.80029679263,2026-05-04 00:00:00+00:00
1777939200000,69813.96105587826,2026-05-05 00:00:00+00:00
1778025600000,70415.76131290372,2026-05-06 00:00:00+00:00
1778112000000,70170.84269354503,2026-05-07 00:00:00+00:00
1778198400000,71498.04299605307,2026-05-08 00:00:00+00:00
1778284800000,71190.52516349475,2026-05-09 00:00:00+00:00
1778371200000,71976.18623182329,2026-05-10 00:00:00+00:00
1778457600000,71855.53844500848,2026-05-11 00:00:00+00:00
1778544000000,71623.53924325033,2026-05-12 00:00:00+00:00
1778630400000,71551.47303523435,2026-05-13 00:00:00+00:00
1778716800000,72609.87888533279,2026-05-14 00:00:00+00:00
1778803200000,71058.5400583446,2026-05-15 00:00:00+00:00
1778889600000,70347.78277392777,2026-05-16 00:00:00+00:00
1778976000000,70141.40188160981,2026-05-17 00:00:00+00:00
1779062400000,70901.87076336333,2026-05-18 00:00:00+00:00
1779148800000,70530.81803997603,2026-05-19 00:00:00+00:00
1779235200000,71649.10244193308,2026-05-20 00:00:00+00:00
1779321600000,73171.5716765158,2026-05-21 00:00:00+00:00
1779408000000,72036.97820014806,2026-05-22 00:00:00+00:00
1779494400000,73877.65831709247,2026-05-23 00:00:00+00:00
1779580800000,73895.57875463823,2026-05-24 00:00:00+00:00
1779667200000,75744.43779398163,2026-05-25 00:00:00+00:00
1779753600000,74384.08449174953,2026-05-26 00:00:00+00:00
1779840000000,73149.80088249601,2026-05-27 00:00:00+00:00
1779926400000,72176.7025530978,2026-05-28 00:00:00+00:00
1780012800000,73246.85676153413,2026-05-29 00:00:00+00:00
