timestamp,equity,datetime
1590883200000,60.0,2020-05-31 00:00:00+00:00
1590969600000,60.0,2020-06-01 00:00:00+00:00
1591056000000,60.0,2020-06-02 00:00:00+00:00
1591142400000,60.0,2020-06-03 00:00:00+00:00
1591228800000,60.0,2020-06-04 00:00:00+00:00
1591315200000,60.0,2020-06-05 00:00:00+00:00
1591401600000,60.0,2020-06-06 00:00:00+00:00
1591488000000,60.0,2020-06-07 00:00:00+00:00
1591574400000,60.0,2020-06-08 00:00:00+00:00
1591660800000,60.0,2020-06-09 00:00:00+00:00
1591747200000,60.0,2020-06-10 00:00:00+00:00
1591833600000,60.0,2020-06-11 00:00:00+00:00
1591920000000,60.0,2020-06-12 00:00:00+00:00
1592006400000,60.0,2020-06-13 00:00:00+00:00
1592092800000,60.0,2020-06-14 00:00:00+00:00
1592179200000,60.0,2020-06-15 00:00:00+00:00
1592265600000,60.0,2020-06-16 00:00:00+00:00
1592352000000,60.0,2020-06-17 00:00:00+00:00
1592438400000,60.0,2020-06-18 00:00:00+00:00
1592524800000,60.0,2020-06-19 00:00:00+00:00
1592611200000,60.0,2020-06-20 00:00:00+00:00
1592697600000,60.0,2020-06-21 00:00:00+00:00
1592784000000,60.0,2020-06-22 00:00:00+00:00
1592870400000,60.0,2020-06-23 00:00:00+00:00
1592956800000,60.0,2020-06-24 00:00:00+00:00
1593043200000,60.0,2020-06-25 00:00:00+00:00
1593129600000,60.0,2020-06-26 00:00:00+00:00
1593216000000,60.0,2020-06-27 00:00:00+00:00
1593302400000,60.0,2020-06-28 00:00:00+00:00
1593388800000,60.0,2020-06-29 00:00:00+00:00
1593475200000,60.0,2020-06-30 00:00:00+00:00
1593561600000,60.0,2020-07-01 00:00:00+00:00
1593648000000,60.0,2020-07-02 00:00:00+00:00
1593734400000,60.0,2020-07-03 00:00:00+00:00
1593820800000,60.0,2020-07-04 00:00:00+00:00
1593907200000,60.0,2020-07-05 00:00:00+00:00
1593993600000,60.0,2020-07-06 00:00:00+00:00
1594080000000,60.0,2020-07-07 00:00:00+00:00
1594166400000,60.0,2020-07-08 00:00:00+00:00
1594252800000,60.0,2020-07-09 00:00:00+00:00
1594339200000,60.0,2020-07-10 00:00:00+00:00
1594425600000,60.0,2020-07-11 00:00:00+00:00
1594512000000,60.0,2020-07-12 00:00:00+00:00
1594598400000,60.0,2020-07-13 00:00:00+00:00
1594684800000,60.0,2020-07-14 00:00:00+00:00
1594771200000,60.0,2020-07-15 00:00:00+00:00
1594857600000,60.0,2020-07-16 00:00:00+00:00
1594944000000,60.0,2020-07-17 00:00:00+00:00
1595030400000,60.0,2020-07-18 00:00:00+00:00
1595116800000,60.0,2020-07-19 00:00:00+00:00
1595203200000,60.0,2020-07-20 00:00:00+00:00
1595289600000,60.0,2020-07-21 00:00:00+00:00
1595376000000,60.0,2020-07-22 00:00:00+00:00
1595462400000,60.0,2020-07-23 00:00:00+00:00
1595548800000,60.0,2020-07-24 00:00:00+00:00
1595635200000,60.0,2020-07-25 00:00:00+00:00
1595721600000,60.0,2020-07-26 00:00:00+00:00
1595808000000,60.0,2020-07-27 00:00:00+00:00
1595894400000,60.0,2020-07-28 00:00:00+00:00
1595980800000,60.0,2020-07-29 00:00:00+00:00
1596067200000,60.0,2020-07-30 00:00:00+00:00
1596153600000,60.82416847963812,2020-07-31 00:00:00+00:00
1596240000000,65.0099297394999,2020-08-01 00:00:00+00:00
1596326400000,63.35928638501903,2020-08-02 00:00:00+00:00
1596412800000,64.59381612947637,2020-08-03 00:00:00+00:00
1596499200000,65.57143695810598,2020-08-04 00:00:00+00:00
1596585600000,65.88166830359735,2020-08-05 00:00:00+00:00
1596672000000,65.33166034004674,2020-08-06 00:00:00+00:00
1596758400000,63.85801006117351,2020-08-07 00:00:00+00:00
1596844800000,65.05295846139408,2020-08-08 00:00:00+00:00
1596931200000,64.86227722623325,2020-08-09 00:00:00+00:00
1597017600000,65.38108662008229,2020-08-10 00:00:00+00:00
1597104000000,63.42021878312093,2020-08-11 00:00:00+00:00
1597190400000,64.14386446149848,2020-08-12 00:00:00+00:00
1597276800000,66.55841875840716,2020-08-13 00:00:00+00:00
1597363200000,67.9525189022273,2020-08-14 00:00:00+00:00
1597449600000,67.86594345453516,2020-08-15 00:00:00+00:00
1597536000000,69.15662870255979,2020-08-16 00:00:00+00:00
1597622400000,68.77234037320441,2020-08-17 00:00:00+00:00
1597708800000,67.36077549797207,2020-08-18 00:00:00+00:00
1597795200000,65.54962368152621,2020-08-19 00:00:00+00:00
1597881600000,66.84901897765444,2020-08-20 00:00:00+00:00
1597968000000,63.90260899198963,2020-08-21 00:00:00+00:00
1598054400000,64.76506734645933,2020-08-22 00:00:00+00:00
1598140800000,64.57945157252502,2020-08-23 00:00:00+00:00
1598227200000,65.6923379425996,2020-08-24 00:00:00+00:00
1598313600000,63.23215633833142,2020-08-25 00:00:00+00:00
1598400000000,63.409700699950626,2020-08-26 00:00:00+00:00
1598486400000,62.94423980606592,2020-08-27 00:00:00+00:00
1598572800000,64.14422571783672,2020-08-28 00:00:00+00:00
1598659200000,64.2303832675125,2020-08-29 00:00:00+00:00
1598745600000,66.78917621601848,2020-08-30 00:00:00+00:00
1598832000000,66.97593810527617,2020-08-31 00:00:00+00:00
1598918400000,70.31451108780266,2020-09-01 00:00:00+00:00
1599004800000,66.73032501824049,2020-09-02 00:00:00+00:00
1599091200000,60.09785841199692,2020-09-03 00:00:00+00:00
1599177600000,60.33000436373642,2020-09-04 00:00:00+00:00
1599264000000,55.947515361919976,2020-09-05 00:00:00+00:00
1599350400000,56.24279937989558,2020-09-06 00:00:00+00:00
1599436800000,56.38287516903863,2020-09-07 00:00:00+00:00
1599523200000,57.12351733408921,2020-09-08 00:00:00+00:00
1599609600000,56.694176461404496,2020-09-09 00:00:00+00:00
1599696000000,56.2006469839851,2020-09-10 00:00:00+00:00
1599782400000,56.305905037160024,2020-09-11 00:00:00+00:00
1599868800000,56.10329442666941,2020-09-12 00:00:00+00:00
1599955200000,55.87929941235156,2020-09-13 00:00:00+00:00
1600041600000,55.70297424935809,2020-09-14 00:00:00+00:00
1600128000000,55.48093465003117,2020-09-15 00:00:00+00:00
1600214400000,55.32801702725281,2020-09-16 00:00:00+00:00
1600300800000,55.50281226257105,2020-09-17 00:00:00+00:00
1600387200000,56.08653278516946,2020-09-18 00:00:00+00:00
1600473600000,56.014864548868466,2020-09-19 00:00:00+00:00
1600560000000,56.43689306894272,2020-09-20 00:00:00+00:00
1600646400000,58.24199383408633,2020-09-21 00:00:00+00:00
1600732800000,57.869431380404166,2020-09-22 00:00:00+00:00
1600819200000,58.8865323229144,2020-09-23 00:00:00+00:00
1600905600000,57.96226281668296,2020-09-24 00:00:00+00:00
1600992000000,56.170709218882145,2020-09-25 00:00:00+00:00
1601078400000,56.40871797700236,2020-09-26 00:00:00+00:00
1601164800000,56.011763184129606,2020-09-27 00:00:00+00:00
1601251200000,56.1066606568044,2020-09-28 00:00:00+00:00
1601337600000,55.92247813829546,2020-09-29 00:00:00+00:00
1601424000000,55.78276188737485,2020-09-30 00:00:00+00:00
1601510400000,56.09469268749483,2020-10-01 00:00:00+00:00
1601596800000,56.72954809538368,2020-10-02 00:00:00+00:00
1601683200000,56.714387450910955,2020-10-03 00:00:00+00:00
1601769600000,56.081047387344405,2020-10-04 00:00:00+00:00
1601856000000,56.19930257460656,2020-10-05 00:00:00+00:00
1601942400000,56.44585372554727,2020-10-06 00:00:00+00:00
1602028800000,56.51559341024677,2020-10-07 00:00:00+00:00
1602115200000,56.28117077488423,2020-10-08 00:00:00+00:00
1602201600000,55.62319448401827,2020-10-09 00:00:00+00:00
1602288000000,55.18903053775887,2020-10-10 00:00:00+00:00
1602374400000,55.140326157249646,2020-10-11 00:00:00+00:00
1602460800000,55.1217549078643,2020-10-12 00:00:00+00:00
1602547200000,55.30944805931736,2020-10-13 00:00:00+00:00
1602633600000,55.34052774054893,2020-10-14 00:00:00+00:00
1602720000000,55.67463431378827,2020-10-15 00:00:00+00:00
1602806400000,55.59693511070935,2020-10-16 00:00:00+00:00
1602892800000,55.721253835635615,2020-10-17 00:00:00+00:00
1602979200000,55.71348391532772,2020-10-18 00:00:00+00:00
1603065600000,55.67463431378827,2020-10-19 00:00:00+00:00
1603152000000,55.666864393480374,2020-10-20 00:00:00+00:00
1603238400000,57.98178300086628,2020-10-21 00:00:00+00:00
1603324800000,58.30672119813535,2020-10-22 00:00:00+00:00
1603411200000,58.21426221665836,2020-10-23 00:00:00+00:00
1603497600000,58.79971007741626,2020-10-24 00:00:00+00:00
1603584000000,58.43330038169374,2020-10-25 00:00:00+00:00
1603670400000,58.376217681558686,2020-10-26 00:00:00+00:00
1603756800000,60.03028039854544,2020-10-27 00:00:00+00:00
1603843200000,58.959296326316455,2020-10-28 00:00:00+00:00
1603929600000,59.50590827690239,2020-10-29 00:00:00+00:00
1604016000000,59.79996186035757,2020-10-30 00:00:00+00:00
1604102400000,60.473211701427324,2020-10-31 00:00:00+00:00
1604188800000,60.384625440850954,2020-11-01 00:00:00+00:00
1604275200000,59.775340217476284,2020-11-02 00:00:00+00:00
1604361600000,60.81118867870795,2020-11-03 00:00:00+00:00
1604448000000,61.31821343376886,2020-11-04 00:00:00+00:00
1604534400000,64.85232704741367,2020-11-05 00:00:00+00:00
1604620800000,63.767094972387,2020-11-06 00:00:00+00:00
1604707200000,62.35626578284384,2020-11-07 00:00:00+00:00
1604793600000,64.21072714247845,2020-11-08 00:00:00+00:00
1604880000000,63.796119337876085,2020-11-09 00:00:00+00:00
1604966400000,63.69843626984824,2020-11-10 00:00:00+00:00
1605052800000,64.83355713909316,2020-11-11 00:00:00+00:00
1605139200000,66.48753771763705,2020-11-12 00:00:00+00:00
1605225600000,67.37116627595871,2020-11-13 00:00:00+00:00
1605312000000,66.78650893497823,2020-11-14 00:00:00+00:00
1605398400000,66.5858963806709,2020-11-15 00:00:00+00:00
1605484800000,70.07387393988972,2020-11-16 00:00:00+00:00
1605571200000,73.87331200573642,2020-11-17 00:00:00+00:00
1605657600000,73.52682999214898,2020-11-18 00:00:00+00:00
1605744000000,74.351313468161,2020-11-19 00:00:00+00:00
1605830400000,78.69883426374638,2020-11-20 00:00:00+00:00
1605916800000,88.38962598435648,2020-11-21 00:00:00+00:00
1606003200000,86.32327895259019,2020-11-22 00:00:00+00:00
1606089600000,98.26140444176188,2020-11-23 00:00:00+00:00
1606176000000,106.22387217152158,2020-11-24 00:00:00+00:00
1606262400000,100.4152135174848,2020-11-25 00:00:00+00:00
1606348800000,89.1174155956263,2020-11-26 00:00:00+00:00
1606435200000,90.95019853151915,2020-11-27 00:00:00+00:00
1606521600000,97.07672593719849,2020-11-28 00:00:00+00:00
1606608000000,96.98437869441126,2020-11-29 00:00:00+00:00
1606694400000,105.60936023781754,2020-11-30 00:00:00+00:00
1606780800000,99.07511113594482,2020-12-01 00:00:00+00:00
1606867200000,101.67197580859268,2020-12-02 00:00:00+00:00
1606953600000,102.35994846719326,2020-12-03 00:00:00+00:00
1607040000000,94.61922494852573,2020-12-04 00:00:00+00:00
1607126400000,98.28596445681958,2020-12-05 00:00:00+00:00
1607212800000,101.53242731618819,2020-12-06 00:00:00+00:00
1607299200000,100.01626338378414,2020-12-07 00:00:00+00:00
1607385600000,94.00826237583811,2020-12-08 00:00:00+00:00
1607472000000,96.34357281954723,2020-12-09 00:00:00+00:00
1607558400000,94.6840447685392,2020-12-10 00:00:00+00:00
1607644800000,89.89519217403361,2020-12-11 00:00:00+00:00
1607731200000,91.65757258426282,2020-12-12 00:00:00+00:00
1607817600000,93.25553315768286,2020-12-13 00:00:00+00:00
1607904000000,92.40093154685351,2020-12-14 00:00:00+00:00
1607990400000,90.73546811220312,2020-12-15 00:00:00+00:00
1608076800000,96.22277879587824,2020-12-16 00:00:00+00:00
1608163200000,100.44171739117405,2020-12-17 00:00:00+00:00
1608249600000,101.32373465877218,2020-12-18 00:00:00+00:00
1608336000000,103.57338122220997,2020-12-19 00:00:00+00:00
1608422400000,102.35779571389416,2020-12-20 00:00:00+00:00
1608508800000,102.33749026640258,2020-12-21 00:00:00+00:00
1608595200000,105.714758141675,2020-12-22 00:00:00+00:00
1608681600000,105.39725465372567,2020-12-23 00:00:00+00:00
1608768000000,106.0197718339746,2020-12-24 00:00:00+00:00
1608854400000,108.4707649932579,2020-12-25 00:00:00+00:00
1608940800000,114.04739326815682,2020-12-26 00:00:00+00:00
1609027200000,114.34402645049266,2020-12-27 00:00:00+00:00
1609113600000,116.74139353370228,2020-12-28 00:00:00+00:00
1609200000000,118.55412277755053,2020-12-29 00:00:00+00:00
1609286400000,122.23080398062577,2020-12-30 00:00:00+00:00
1609372800000,120.57757309769403,2020-12-31 00:00:00+00:00
1609459200000,122.98283712145924,2021-01-01 00:00:00+00:00
1609545600000,131.47404110384088,2021-01-02 00:00:00+00:00
1609632000000,134.1113876358242,2021-01-03 00:00:00+00:00
1609718400000,131.21420258824242,2021-01-04 00:00:00+00:00
1609804800000,136.73196678514424,2021-01-05 00:00:00+00:00
1609891200000,144.61778044788306,2021-01-06 00:00:00+00:00
1609977600000,152.224395255816,2021-01-07 00:00:00+00:00
1610064000000,155.76276543387897,2021-01-08 00:00:00+00:00
1610150400000,154.06250512663289,2021-01-09 00:00:00+00:00
1610236800000,147.72838479005935,2021-01-10 00:00:00+00:00
1610323200000,140.74146848596678,2021-01-11 00:00:00+00:00
1610409600000,137.27373725871834,2021-01-12 00:00:00+00:00
1610496000000,146.4826828394063,2021-01-13 00:00:00+00:00
1610582400000,151.55332532680154,2021-01-14 00:00:00+00:00
1610668800000,144.6815624065807,2021-01-15 00:00:00+00:00
1610755200000,141.7890100164438,2021-01-16 00:00:00+00:00
1610841600000,140.3972209263374,2021-01-17 00:00:00+00:00
1610928000000,143.1011715459114,2021-01-18 00:00:00+00:00
1611014400000,141.52265775102103,2021-01-19 00:00:00+00:00
1611100800000,140.5780718075513,2021-01-20 00:00:00+00:00
1611187200000,127.97093703477407,2021-01-21 00:00:00+00:00
1611273600000,133.41187265304882,2021-01-22 00:00:00+00:00
1611360000000,130.5620571295187,2021-01-23 00:00:00+00:00
1611446400000,131.11403530334,2021-01-24 00:00:00+00:00
1611532800000,131.25095556199503,2021-01-25 00:00:00+00:00
1611619200000,131.00550371682664,2021-01-26 00:00:00+00:00
1611705600000,127.47757658072119,2021-01-27 00:00:00+00:00
1611792000000,129.88061221506726,2021-01-28 00:00:00+00:00
1611878400000,128.8335385641376,2021-01-29 00:00:00+00:00
1611964800000,129.44770164662594,2021-01-30 00:00:00+00:00
1612051200000,131.2722325098743,2021-01-31 00:00:00+00:00
1612137600000,131.5750944130412,2021-02-01 00:00:00+00:00
1612224000000,133.29728646582603,2021-02-02 00:00:00+00:00
1612310400000,135.722264193138,2021-02-03 00:00:00+00:00
1612396800000,135.92462368852347,2021-02-04 00:00:00+00:00
1612483200000,143.3805186409848,2021-02-05 00:00:00+00:00
1612569600000,140.63247573508605,2021-02-06 00:00:00+00:00
1612656000000,153.3277841723107,2021-02-07 00:00:00+00:00
1612742400000,164.19185468657722,2021-02-08 00:00:00+00:00
1612828800000,165.93736664297583,2021-02-09 00:00:00+00:00
1612915200000,201.48600391171857,2021-02-10 00:00:00+00:00
1613001600000,192.54543624637444,2021-02-11 00:00:00+00:00
1613088000000,203.77792736612838,2021-02-12 00:00:00+00:00
1613174400000,197.2395171070415,2021-02-13 00:00:00+00:00
1613260800000,185.14763984065715,2021-02-14 00:00:00+00:00
1613347200000,180.81729552182966,2021-02-15 00:00:00+00:00
1613433600000,179.37351763312338,2021-02-16 00:00:00+00:00
1613520000000,182.27325673203367,2021-02-17 00:00:00+00:00
1613606400000,189.2684908719014,2021-02-18 00:00:00+00:00
1613692800000,184.3865947268857,2021-02-19 00:00:00+00:00
1613779200000,186.31757210347718,2021-02-20 00:00:00+00:00
1613865600000,187.432706345269,2021-02-21 00:00:00+00:00
1613952000000,177.8330526595165,2021-02-22 00:00:00+00:00
1614038400000,165.148114682014,2021-02-23 00:00:00+00:00
1614124800000,170.17560812235394,2021-02-24 00:00:00+00:00
1614211200000,166.15961456030894,2021-02-25 00:00:00+00:00
1614297600000,166.79014899756785,2021-02-26 00:00:00+00:00
1614384000000,165.79502919090618,2021-02-27 00:00:00+00:00
1614470400000,161.1585909439787,2021-02-28 00:00:00+00:00
1614556800000,173.81967812860142,2021-03-01 00:00:00+00:00
1614643200000,170.06618002717087,2021-03-02 00:00:00+00:00
1614729600000,172.80175102839405,2021-03-03 00:00:00+00:00
1614816000000,175.76038049015418,2021-03-04 00:00:00+00:00
1614902400000,172.177572503026,2021-03-05 00:00:00+00:00
1614988800000,172.28298179311327,2021-03-06 00:00:00+00:00
1615075200000,182.1172322211672,2021-03-07 00:00:00+00:00
1615161600000,182.96925847854217,2021-03-08 00:00:00+00:00
1615248000000,193.43646143847621,2021-03-09 00:00:00+00:00
1615334400000,189.06712949813996,2021-03-10 00:00:00+00:00
1615420800000,197.33474638705923,2021-03-11 00:00:00+00:00
1615507200000,200.2237093254967,2021-03-12 00:00:00+00:00
1615593600000,209.3821341265353,2021-03-13 00:00:00+00:00
1615680000000,202.21047860834253,2021-03-14 00:00:00+00:00
1615766400000,195.40217746458433,2021-03-15 00:00:00+00:00
1615852800000,203.30327469925476,2021-03-16 00:00:00+00:00
1615939200000,216.530799007565,2021-03-17 00:00:00+00:00
1616025600000,209.3083548338528,2021-03-18 00:00:00+00:00
1616112000000,215.04309214444342,2021-03-19 00:00:00+00:00
1616198400000,214.21105554994892,2021-03-20 00:00:00+00:00
1616284800000,213.05710630816952,2021-03-21 00:00:00+00:00
1616371200000,206.57275904463188,2021-03-22 00:00:00+00:00
1616457600000,206.0878403851012,2021-03-23 00:00:00+00:00
1616544000000,199.44082178784294,2021-03-24 00:00:00+00:00
1616630400000,199.09193259129194,2021-03-25 00:00:00+00:00
1616716800000,225.2687328190695,2021-03-26 00:00:00+00:00
1616803200000,230.8909451215923,2021-03-27 00:00:00+00:00
1616889600000,229.48067132713544,2021-03-28 00:00:00+00:00
1616976000000,232.07574978691318,2021-03-29 00:00:00+00:00
1617062400000,245.63583644038837,2021-03-30 00:00:00+00:00
1617148800000,280.48686455163244,2021-03-31 00:00:00+00:00
1617235200000,275.00627248214755,2021-04-01 00:00:00+00:00
1617321600000,274.2983445097629,2021-04-02 00:00:00+00:00
1617408000000,284.63059686501333,2021-04-03 00:00:00+00:00
1617494400000,305.47117555408204,2021-04-04 00:00:00+00:00
1617580800000,308.00359771918795,2021-04-05 00:00:00+00:00
1617667200000,300.647357167006,2021-04-06 00:00:00+00:00
1617753600000,288.1831079883473,2021-04-07 00:00:00+00:00
1617840000000,302.27635781835505,2021-04-08 00:00:00+00:00
1617926400000,308.059926292723,2021-04-09 00:00:00+00:00
1618012800000,326.2029094764226,2021-04-10 00:00:00+00:00
1618099200000,330.0145988695771,2021-04-11 00:00:00+00:00
1618185600000,337.1310925684649,2021-04-12 00:00:00+00:00
1618272000000,351.29739502896854,2021-04-13 00:00:00+00:00
1618358400000,349.35018731083954,2021-04-14 00:00:00+00:00
1618444800000,363.5327998781262,2021-04-15 00:00:00+00:00
1618531200000,355.66293944365606,2021-04-16 00:00:00+00:00
1618617600000,351.0538959214735,2021-04-17 00:00:00+00:00
1618704000000,335.61832337547355,2021-04-18 00:00:00+00:00
1618790400000,324.7298373072158,2021-04-19 00:00:00+00:00
1618876800000,333.682323623091,2021-04-20 00:00:00+00:00
1618963200000,320.50677939011956,2021-04-21 00:00:00+00:00
1619049600000,313.63230856187795,2021-04-22 00:00:00+00:00
1619136000000,309.5169364585773,2021-04-23 00:00:00+00:00
1619222400000,304.6555492559735,2021-04-24 00:00:00+00:00
1619308800000,311.33372918227025,2021-04-25 00:00:00+00:00
1619395200000,319.75560704303405,2021-04-26 00:00:00+00:00
1619481600000,322.15126906038495,2021-04-27 00:00:00+00:00
1619568000000,325.57962952987793,2021-04-28 00:00:00+00:00
1619654400000,324.9903194592271,2021-04-29 00:00:00+00:00
1619740800000,334.8303262870134,2021-04-30 00:00:00+00:00
1619827200000,347.86728451464245,2021-05-01 00:00:00+00:00
1619913600000,340.85785230136395,2021-05-02 00:00:00+00:00
1620000000000,347.053725605319,2021-05-03 00:00:00+00:00
1620086400000,339.44295645575636,2021-05-04 00:00:00+00:00
1620172800000,364.050704790229,2021-05-05 00:00:00+00:00
1620259200000,355.686456077227,2021-05-06 00:00:00+00:00
1620345600000,360.28851119494476,2021-05-07 00:00:00+00:00
1620432000000,369.1358449525113,2021-05-08 00:00:00+00:00
1620518400000,363.94855656372175,2021-05-09 00:00:00+00:00
1620604800000,349.1537547910275,2021-05-10 00:00:00+00:00
1620691200000,363.23984242866663,2021-05-11 00:00:00+00:00
1620777600000,338.10700894718747,2021-05-12 00:00:00+00:00
1620864000000,340.30821695712547,2021-05-13 00:00:00+00:00
1620950400000,356.4135649313065,2021-05-14 00:00:00+00:00
1621036800000,346.4605265883008,2021-05-15 00:00:00+00:00
1621123200000,348.45600768439704,2021-05-16 00:00:00+00:00
1621209600000,339.27351520472115,2021-05-17 00:00:00+00:00
1621296000000,354.5056736375589,2021-05-18 00:00:00+00:00
1621382400000,296.0762211547443,2021-05-19 00:00:00+00:00
1621468800000,310.67849269860386,2021-05-20 00:00:00+00:00
1621555200000,307.61534727188416,2021-05-21 00:00:00+00:00
1621641600000,297.6500101893193,2021-05-22 00:00:00+00:00
1621728000000,300.3289964356753,2021-05-23 00:00:00+00:00
1621814400000,288.78919070116467,2021-05-24 00:00:00+00:00
1621900800000,289.95404024476034,2021-05-25 00:00:00+00:00
1621987200000,285.12121968581187,2021-05-26 00:00:00+00:00
1622073600000,287.94392778929074,2021-05-27 00:00:00+00:00
1622160000000,294.4479098580914,2021-05-28 00:00:00+00:00
1622246400000,299.1168267409109,2021-05-29 00:00:00+00:00
1622332800000,296.448838476426,2021-05-30 00:00:00+00:00
1622419200000,290.0522922182278,2021-05-31 00:00:00+00:00
1622505600000,291.92276552826684,2021-06-01 00:00:00+00:00
1622592000000,287.3342139343137,2021-06-02 00:00:00+00:00
1622678400000,278.2807086690328,2021-06-03 00:00:00+00:00
1622764800000,286.3358915619999,2021-06-04 00:00:00+00:00
1622851200000,288.54321325814755,2021-06-05 00:00:00+00:00
1622937600000,288.42558179454414,2021-06-06 00:00:00+00:00
1623024000000,296.8337071038108,2021-06-07 00:00:00+00:00
1623110400000,299.1962306401332,2021-06-08 00:00:00+00:00
1623196800000,290.80163837141066,2021-06-09 00:00:00+00:00
1623283200000,295.77796175991983,2021-06-10 00:00:00+00:00
1623369600000,297.5512880805982,2021-06-11 00:00:00+00:00
1623456000000,299.63715433450176,2021-06-12 00:00:00+00:00
1623542400000,292.3292299645053,2021-06-13 00:00:00+00:00
1623628800000,288.80186572069414,2021-06-14 00:00:00+00:00
1623715200000,290.4830782792433,2021-06-15 00:00:00+00:00
1623801600000,294.9162673919975,2021-06-16 00:00:00+00:00
1623888000000,294.4649310927831,2021-06-17 00:00:00+00:00
1623974400000,300.33985418132556,2021-06-18 00:00:00+00:00
1624060800000,301.8488770546992,2021-06-19 00:00:00+00:00
1624147200000,301.2905101188597,2021-06-20 00:00:00+00:00
1624233600000,318.8122978821192,2021-06-21 00:00:00+00:00
1624320000000,317.3716467188094,2021-06-22 00:00:00+00:00
1624406400000,310.8815522269967,2021-06-23 00:00:00+00:00
1624492800000,308.9735785302971,2021-06-24 00:00:00+00:00
1624579200000,317.2319661503398,2021-06-25 00:00:00+00:00
1624665600000,315.72868605708845,2021-06-26 00:00:00+00:00
1624752000000,310.88490918451316,2021-06-27 00:00:00+00:00
1624838400000,309.46595998565516,2021-06-28 00:00:00+00:00
1624924800000,304.0843038751134,2021-06-29 00:00:00+00:00
1625011200000,305.32970680938007,2021-06-30 00:00:00+00:00
1625097600000,310.5980824853996,2021-07-01 00:00:00+00:00
1625184000000,310.3831588828963,2021-07-02 00:00:00+00:00
1625270400000,308.36864693808684,2021-07-03 00:00:00+00:00
1625356800000,306.2540418809722,2021-07-04 00:00:00+00:00
1625443200000,310.3729821217186,2021-07-05 00:00:00+00:00
1625529600000,307.78651597479245,2021-07-06 00:00:00+00:00
1625616000000,307.79990066080495,2021-07-07 00:00:00+00:00
1625702400000,311.8437043061101,2021-07-08 00:00:00+00:00
1625788800000,309.58427203932007,2021-07-09 00:00:00+00:00
1625875200000,310.6575416029797,2021-07-10 00:00:00+00:00
1625961600000,308.99978998075886,2021-07-11 00:00:00+00:00
1626048000000,312.1668552880032,2021-07-12 00:00:00+00:00
1626134400000,314.7774723437783,2021-07-13 00:00:00+00:00
1626220800000,313.3688331120169,2021-07-14 00:00:00+00:00
1626307200000,315.4275925323675,2021-07-15 00:00:00+00:00
1626393600000,318.56047393905385,2021-07-16 00:00:00+00:00
1626480000000,319.01284087471555,2021-07-17 00:00:00+00:00
1626566400000,318.88263699607984,2021-07-18 00:00:00+00:00
1626652800000,324.9161296187942,2021-07-19 00:00:00+00:00
1626739200000,327.4911573064449,2021-07-20 00:00:00+00:00
1626825600000,318.9581079935341,2021-07-21 00:00:00+00:00
1626912000000,311.66863420872164,2021-07-22 00:00:00+00:00
1626998400000,308.4116064451412,2021-07-23 00:00:00+00:00
1627084800000,307.42496239058676,2021-07-24 00:00:00+00:00
1627171200000,307.30599850955304,2021-07-25 00:00:00+00:00
1627257600000,306.4990387991703,2021-07-26 00:00:00+00:00
1627344000000,304.5247023229771,2021-07-27 00:00:00+00:00
1627430400000,303.5741783284442,2021-07-28 00:00:00+00:00
1627516800000,303.5105834843432,2021-07-29 00:00:00+00:00
1627603200000,301.62066398468806,2021-07-30 00:00:00+00:00
1627689600000,301.40586712902336,2021-07-31 00:00:00+00:00
1627776000000,297.949904807591,2021-08-01 00:00:00+00:00
1627862400000,296.5935699546142,2021-08-02 00:00:00+00:00
1627948800000,294.78866573368595,2021-08-03 00:00:00+00:00
1628035200000,297.7095781214657,2021-08-04 00:00:00+00:00
1628121600000,299.9099204142241,2021-08-05 00:00:00+00:00
1628208000000,305.4368202034065,2021-08-06 00:00:00+00:00
1628294400000,316.33116538772964,2021-08-07 00:00:00+00:00
1628380800000,306.14998788094726,2021-08-08 00:00:00+00:00
1628467200000,318.1552052097598,2021-08-09 00:00:00+00:00
1628553600000,317.27948719960256,2021-08-10 00:00:00+00:00
1628640000000,338.66066108599586,2021-08-11 00:00:00+00:00
1628726400000,333.72749693041754,2021-08-12 00:00:00+00:00
1628812800000,378.2106105563886,2021-08-13 00:00:00+00:00
1628899200000,380.25631147941107,2021-08-14 00:00:00+00:00
1628985600000,382.7241837027923,2021-08-15 00:00:00+00:00
1629072000000,366.4711730758379,2021-08-16 00:00:00+00:00
1629158400000,342.46715593849507,2021-08-17 00:00:00+00:00
1629244800000,349.0087363421733,2021-08-18 00:00:00+00:00
1629331200000,384.95954495022136,2021-08-19 00:00:00+00:00
1629417600000,400.51365773300574,2021-08-20 00:00:00+00:00
1629504000000,391.09873216508294,2021-08-21 00:00:00+00:00
1629590400000,406.6287751897918,2021-08-22 00:00:00+00:00
1629676800000,424.5257725650913,2021-08-23 00:00:00+00:00
1629763200000,392.03266688792894,2021-08-24 00:00:00+00:00
1629849600000,403.1651256955425,2021-08-25 00:00:00+00:00
1629936000000,372.64014692369733,2021-08-26 00:00:00+00:00
1630022400000,414.87105280274136,2021-08-27 00:00:00+00:00
1630108800000,407.98891223515426,2021-08-28 00:00:00+00:00
1630195200000,407.43908101304413,2021-08-29 00:00:00+00:00
1630281600000,393.26941003610915,2021-08-30 00:00:00+00:00
1630368000000,408.7312085587417,2021-08-31 00:00:00+00:00
1630454400000,444.6878008970812,2021-09-01 00:00:00+00:00
1630540800000,455.3772020878987,2021-09-02 00:00:00+00:00
1630627200000,466.1434082179586,2021-09-03 00:00:00+00:00
1630713600000,455.11412030936,2021-09-04 00:00:00+00:00
1630800000000,479.4037468952856,2021-09-05 00:00:00+00:00
1630886400000,477.7389137307358,2021-09-06 00:00:00+00:00
1630972800000,394.44761722675935,2021-09-07 00:00:00+00:00
1631059200000,399.18198126165714,2021-09-08 00:00:00+00:00
1631145600000,403.0456990597903,2021-09-09 00:00:00+00:00
1631232000000,379.7509424240525,2021-09-10 00:00:00+00:00
1631318400000,402.37589299890584,2021-09-11 00:00:00+00:00
1631404800000,430.54046644840304,2021-09-12 00:00:00+00:00
1631491200000,399.83218116531503,2021-09-13 00:00:00+00:00
1631577600000,425.028154771065,2021-09-14 00:00:00+00:00
1631664000000,435.51822366486385,2021-09-15 00:00:00+00:00
1631750400000,429.7866014492742,2021-09-16 00:00:00+00:00
1631836800000,409.35607168189233,2021-09-17 00:00:00+00:00
1631923200000,419.652484659892,2021-09-18 00:00:00+00:00
1632009600000,415.70687631678703,2021-09-19 00:00:00+00:00
1632096000000,364.21180820441396,2021-09-20 00:00:00+00:00
1632182400000,354.5392670748297,2021-09-21 00:00:00+00:00
1632268800000,395.5426758755388,2021-09-22 00:00:00+00:00
1632355200000,406.77961056871527,2021-09-23 00:00:00+00:00
1632441600000,383.13616590860454,2021-09-24 00:00:00+00:00
1632528000000,376.8972421010318,2021-09-25 00:00:00+00:00
1632614400000,374.61015995486247,2021-09-26 00:00:00+00:00
1632700800000,374.34813631624866,2021-09-27 00:00:00+00:00
1632787200000,373.27848488803875,2021-09-28 00:00:00+00:00
1632873600000,366.18276053791004,2021-09-29 00:00:00+00:00
1632960000000,353.60600311697374,2021-09-30 00:00:00+00:00
1633046400000,326.33267659711873,2021-10-01 00:00:00+00:00
1633132800000,327.6316171224273,2021-10-02 00:00:00+00:00
1633219200000,320.1594215842586,2021-10-03 00:00:00+00:00
1633305600000,317.4430292626748,2021-10-04 00:00:00+00:00
1633392000000,309.5697867342259,2021-10-05 00:00:00+00:00
1633478400000,306.4367049420333,2021-10-06 00:00:00+00:00
1633564800000,307.4485540075079,2021-10-07 00:00:00+00:00
1633651200000,307.7034651389271,2021-10-08 00:00:00+00:00
1633737600000,305.6376207486685,2021-10-09 00:00:00+00:00
1633824000000,305.0556514712497,2021-10-10 00:00:00+00:00
1633910400000,310.29319016664925,2021-10-11 00:00:00+00:00
1633996800000,307.50950440826523,2021-10-12 00:00:00+00:00
1634083200000,310.09423922874447,2021-10-13 00:00:00+00:00
1634169600000,310.0653206362284,2021-10-14 00:00:00+00:00
1634256000000,318.153809811026,2021-10-15 00:00:00+00:00
1634342400000,316.7008282386654,2021-10-16 00:00:00+00:00
1634428800000,317.908993162352,2021-10-17 00:00:00+00:00
1634515200000,318.7815452872526,2021-10-18 00:00:00+00:00
1634601600000,323.0441009310905,2021-10-19 00:00:00+00:00
1634688000000,326.31294938940266,2021-10-20 00:00:00+00:00
1634774400000,319.1975727233131,2021-10-21 00:00:00+00:00
1634860800000,316.3430120962077,2021-10-22 00:00:00+00:00
1634947200000,317.4482036358057,2021-10-23 00:00:00+00:00
1635033600000,316.6582920941754,2021-10-24 00:00:00+00:00
1635120000000,319.46206341332726,2021-10-25 00:00:00+00:00
1635206400000,309.7713727109093,2021-10-26 00:00:00+00:00
1635292800000,280.7023933012123,2021-10-27 00:00:00+00:00
1635379200000,294.8635089250446,2021-10-28 00:00:00+00:00
1635465600000,304.7691069894616,2021-10-29 00:00:00+00:00
1635552000000,293.67740193729173,2021-10-30 00:00:00+00:00
1635638400000,299.8738929456782,2021-10-31 00:00:00+00:00
1635724800000,298.71901265495484,2021-11-01 00:00:00+00:00
1635811200000,309.12870232619736,2021-11-02 00:00:00+00:00
1635897600000,309.9955649535535,2021-11-03 00:00:00+00:00
1635984000000,299.9467350574397,2021-11-04 00:00:00+00:00
1636070400000,295.5469986163108,2021-11-05 00:00:00+00:00
1636156800000,294.35143646059885,2021-11-06 00:00:00+00:00
1636243200000,301.32594244899315,2021-11-07 00:00:00+00:00
1636329600000,317.014836888097,2021-11-08 00:00:00+00:00
1636416000000,336.3219193651832,2021-11-09 00:00:00+00:00
1636502400000,311.33374068161373,2021-11-10 00:00:00+00:00
1636588800000,331.94564588865626,2021-11-11 00:00:00+00:00
1636675200000,323.70882081305615,2021-11-12 00:00:00+00:00
1636761600000,324.7727618618163,2021-11-13 00:00:00+00:00
1636848000000,331.77836856206744,2021-11-14 00:00:00+00:00
1636934400000,319.00675515541644,2021-11-15 00:00:00+00:00
1637020800000,279.7359751956033,2021-11-16 00:00:00+00:00
1637107200000,272.35348657503954,2021-11-17 00:00:00+00:00
1637193600000,261.07308956129015,2021-11-18 00:00:00+00:00
1637280000000,265.6296097269597,2021-11-19 00:00:00+00:00
1637366400000,265.5723644134991,2021-11-20 00:00:00+00:00
1637452800000,265.5723644134991,2021-11-21 00:00:00+00:00
1637539200000,265.5723644134991,2021-11-22 00:00:00+00:00
1637625600000,265.5723644134991,2021-11-23 00:00:00+00:00
1637712000000,262.5908516088514,2021-11-24 00:00:00+00:00
1637798400000,264.83891584083193,2021-11-25 00:00:00+00:00
1637884800000,254.04209111475183,2021-11-26 00:00:00+00:00
1637971200000,251.43808936871173,2021-11-27 00:00:00+00:00
1638057600000,249.676392023277,2021-11-28 00:00:00+00:00
1638144000000,255.68138030114454,2021-11-29 00:00:00+00:00
1638230400000,250.90261837116097,2021-11-30 00:00:00+00:00
1638316800000,252.64146581626923,2021-12-01 00:00:00+00:00
1638403200000,238.65544521526948,2021-12-02 00:00:00+00:00
1638489600000,252.0259758142054,2021-12-03 00:00:00+00:00
1638576000000,270.63099483872656,2021-12-04 00:00:00+00:00
1638662400000,278.66561686974296,2021-12-05 00:00:00+00:00
1638748800000,274.0763822307224,2021-12-06 00:00:00+00:00
1638835200000,273.6766521008381,2021-12-07 00:00:00+00:00
1638921600000,263.2222278924838,2021-12-08 00:00:00+00:00
1639008000000,283.65349376869705,2021-12-09 00:00:00+00:00
1639094400000,289.9887898160047,2021-12-10 00:00:00+00:00
1639180800000,279.48152424662044,2021-12-11 00:00:00+00:00
1639267200000,279.4983237709434,2021-12-12 00:00:00+00:00
1639353600000,298.6679565979833,2021-12-13 00:00:00+00:00
1639440000000,287.37516226765695,2021-12-14 00:00:00+00:00
1639526400000,283.5186185907149,2021-12-15 00:00:00+00:00
1639612800000,291.8249068755249,2021-12-16 00:00:00+00:00
1639699200000,294.2539418419218,2021-12-17 00:00:00+00:00
1639785600000,288.48194211960555,2021-12-18 00:00:00+00:00
1639872000000,292.1625944332206,2021-12-19 00:00:00+00:00
1639958400000,295.07663630582726,2021-12-20 00:00:00+00:00
1640044800000,290.14390661275826,2021-12-21 00:00:00+00:00
1640131200000,283.8890059762195,2021-12-22 00:00:00+00:00
1640217600000,266.44402956920715,2021-12-23 00:00:00+00:00
1640304000000,272.70397964094764,2021-12-24 00:00:00+00:00
1640390400000,268.4869152744363,2021-12-25 00:00:00+00:00
1640476800000,263.7591011079834,2021-12-26 00:00:00+00:00
1640563200000,259.91594522589014,2021-12-27 00:00:00+00:00
1640649600000,263.7222293001918,2021-12-28 00:00:00+00:00
1640736000000,273.26397216363824,2021-12-29 00:00:00+00:00
1640822400000,271.1669223013377,2021-12-30 00:00:00+00:00
1640908800000,273.8500078103496,2021-12-31 00:00:00+00:00
1640995200000,267.71169005124295,2022-01-01 00:00:00+00:00
1641081600000,265.2724780173864,2022-01-02 00:00:00+00:00
1641168000000,274.6847235705363,2022-01-03 00:00:00+00:00
1641254400000,275.76032073436375,2022-01-04 00:00:00+00:00
1641340800000,289.70985661370196,2022-01-05 00:00:00+00:00
1641427200000,291.88836429470325,2022-01-06 00:00:00+00:00
1641513600000,298.53828975312535,2022-01-07 00:00:00+00:00
1641600000000,302.19473915386084,2022-01-08 00:00:00+00:00
1641686400000,299.10482297300143,2022-01-09 00:00:00+00:00
1641772800000,310.51419481349257,2022-01-10 00:00:00+00:00
1641859200000,312.01331281608776,2022-01-11 00:00:00+00:00
1641945600000,302.02518278474895,2022-01-12 00:00:00+00:00
1642032000000,314.04982387628286,2022-01-13 00:00:00+00:00
1642118400000,310.78432820969823,2022-01-14 00:00:00+00:00
1642204800000,307.09965041206925,2022-01-15 00:00:00+00:00
1642291200000,307.4239429667809,2022-01-16 00:00:00+00:00
1642377600000,304.80922041312857,2022-01-17 00:00:00+00:00
1642464000000,307.2246402137358,2022-01-18 00:00:00+00:00
1642550400000,306.9431994661403,2022-01-19 00:00:00+00:00
1642636800000,310.893276523262,2022-01-20 00:00:00+00:00
1642723200000,329.9161038184376,2022-01-21 00:00:00+00:00
1642809600000,338.39075402664986,2022-01-22 00:00:00+00:00
1642896000000,334.64298841090283,2022-01-23 00:00:00+00:00
1642982400000,340.6362743467954,2022-01-24 00:00:00+00:00
1643068800000,339.49110614875923,2022-01-25 00:00:00+00:00
1643155200000,338.5521656617704,2022-01-26 00:00:00+00:00
1643241600000,338.43417772994377,2022-01-27 00:00:00+00:00
1643328000000,332.9437608522695,2022-01-28 00:00:00+00:00
1643414400000,327.6923816782107,2022-01-29 00:00:00+00:00
1643500800000,331.58257670028604,2022-01-30 00:00:00+00:00
1643587200000,328.0382826574654,2022-01-31 00:00:00+00:00
1643673600000,325.19022929272074,2022-02-01 00:00:00+00:00
1643760000000,333.41434475947926,2022-02-02 00:00:00+00:00
1643846400000,330.5342752207563,2022-02-03 00:00:00+00:00
1643932800000,309.2487842767168,2022-02-04 00:00:00+00:00
1644019200000,306.50895713400894,2022-02-05 00:00:00+00:00
1644105600000,301.627981202569,2022-02-06 00:00:00+00:00
1644192000000,294.53015175697317,2022-02-07 00:00:00+00:00
1644278400000,298.7291568945711,2022-02-08 00:00:00+00:00
1644364800000,294.95413595578015,2022-02-09 00:00:00+00:00
1644451200000,300.2022282339719,2022-02-10 00:00:00+00:00
1644537600000,308.077695525268,2022-02-11 00:00:00+00:00
1644624000000,307.9425574010369,2022-02-12 00:00:00+00:00
1644710400000,310.25735044552744,2022-02-13 00:00:00+00:00
1644796800000,307.97048257090614,2022-02-14 00:00:00+00:00
1644883200000,298.54483386020684,2022-02-15 00:00:00+00:00
1644969600000,299.0435063574148,2022-02-16 00:00:00+00:00
1645056000000,304.73728294038153,2022-02-17 00:00:00+00:00
1645142400000,305.5348968116228,2022-02-18 00:00:00+00:00
1645228800000,305.2401877957903,2022-02-19 00:00:00+00:00
1645315200000,306.5269634917205,2022-02-20 00:00:00+00:00
1645401600000,310.5601498302045,2022-02-21 00:00:00+00:00
1645488000000,308.7337285965041,2022-02-22 00:00:00+00:00
1645574400000,310.1548346307342,2022-02-23 00:00:00+00:00
1645660800000,308.4383925962087,2022-02-24 00:00:00+00:00
1645747200000,306.71064380413935,2022-02-25 00:00:00+00:00
1645833600000,307.4415875373986,2022-02-26 00:00:00+00:00
1645920000000,307.75516107886335,2022-02-27 00:00:00+00:00
1646006400000,301.2844957180747,2022-02-28 00:00:00+00:00
1646092800000,302.41021039152093,2022-03-01 00:00:00+00:00
1646179200000,301.88693876607226,2022-03-02 00:00:00+00:00
1646265600000,304.3910610928311,2022-03-03 00:00:00+00:00
1646352000000,308.4176875411167,2022-03-04 00:00:00+00:00
1646438400000,307.65404862991653,2022-03-05 00:00:00+00:00
1646524800000,310.15378241270923,2022-03-06 00:00:00+00:00
1646611200000,311.86820118484763,2022-03-07 00:00:00+00:00
1646697600000,311.411168688972,2022-03-08 00:00:00+00:00
1646784000000,308.4845573892925,2022-03-09 00:00:00+00:00
1646870400000,311.36138566573686,2022-03-10 00:00:00+00:00
1646956800000,312.68950660237584,2022-03-11 00:00:00+00:00
1647043200000,312.0559375310274,2022-03-12 00:00:00+00:00
1647129600000,313.5330271349578,2022-03-13 00:00:00+00:00
1647216000000,312.39876565144095,2022-03-14 00:00:00+00:00
1647302400000,312.4905541813018,2022-03-15 00:00:00+00:00
1647388800000,310.0665237154591,2022-03-16 00:00:00+00:00
1647475200000,310.01776234258114,2022-03-17 00:00:00+00:00
1647561600000,309.13681878268636,2022-03-18 00:00:00+00:00
1647648000000,307.579247406439,2022-03-19 00:00:00+00:00
1647734400000,309.5320991911588,2022-03-20 00:00:00+00:00
1647820800000,309.3398615393289,2022-03-21 00:00:00+00:00
1647907200000,308.1676332584063,2022-03-22 00:00:00+00:00
1647993600000,307.0375561508083,2022-03-23 00:00:00+00:00
1648080000000,306.76187502828725,2022-03-24 00:00:00+00:00
1648166400000,307.5105681776109,2022-03-25 00:00:00+00:00
1648252800000,310.60161522132853,2022-03-26 00:00:00+00:00
1648339200000,312.4156407109679,2022-03-27 00:00:00+00:00
1648425600000,306.5478903906903,2022-03-28 00:00:00+00:00
1648512000000,309.01965158774067,2022-03-29 00:00:00+00:00
1648598400000,309.35623003844023,2022-03-30 00:00:00+00:00
1648684800000,302.4756895648252,2022-03-31 00:00:00+00:00
1648771200000,308.4413106757343,2022-04-01 00:00:00+00:00
1648857600000,301.42399182366177,2022-04-02 00:00:00+00:00
1648944000000,307.09685894104916,2022-04-03 00:00:00+00:00
1649030400000,300.21620513780687,2022-04-04 00:00:00+00:00
1649116800000,286.64870051380166,2022-04-05 00:00:00+00:00
1649203200000,251.27484657719828,2022-04-06 00:00:00+00:00
1649289600000,263.8752589491529,2022-04-07 00:00:00+00:00
1649376000000,248.1726540572361,2022-04-08 00:00:00+00:00
1649462400000,251.3170531269033,2022-04-09 00:00:00+00:00
1649548800000,246.3548002257015,2022-04-10 00:00:00+00:00
1649635200000,232.70408590769023,2022-04-11 00:00:00+00:00
1649721600000,236.89631092289778,2022-04-12 00:00:00+00:00
1649808000000,238.38536074484105,2022-04-13 00:00:00+00:00
1649894400000,238.7920867214263,2022-04-14 00:00:00+00:00
1649980800000,238.55290840487788,2022-04-15 00:00:00+00:00
1650067200000,237.4354861323296,2022-04-16 00:00:00+00:00
1650153600000,235.17046047323416,2022-04-17 00:00:00+00:00
1650240000000,236.79192157634284,2022-04-18 00:00:00+00:00
1650326400000,240.851704588877,2022-04-19 00:00:00+00:00
1650412800000,238.2030149000553,2022-04-20 00:00:00+00:00
1650499200000,233.9662762877077,2022-04-21 00:00:00+00:00
1650585600000,233.75295430473432,2022-04-22 00:00:00+00:00
1650672000000,233.14304293763325,2022-04-23 00:00:00+00:00
1650758400000,232.3516703373451,2022-04-24 00:00:00+00:00
1650844800000,230.49925358189353,2022-04-25 00:00:00+00:00
1650931200000,230.46970564442287,2022-04-26 00:00:00+00:00
1651017600000,230.46970564442287,2022-04-27 00:00:00+00:00
1651104000000,230.46970564442287,2022-04-28 00:00:00+00:00
1651190400000,236.59451622002047,2022-04-29 00:00:00+00:00
1651276800000,245.7065427232466,2022-04-30 00:00:00+00:00
1651363200000,236.53369909458763,2022-05-01 00:00:00+00:00
1651449600000,238.18579175108928,2022-05-02 00:00:00+00:00
1651536000000,241.12354441194935,2022-05-03 00:00:00+00:00
1651622400000,212.95259976662993,2022-05-04 00:00:00+00:00
1651708800000,239.15829785259064,2022-05-05 00:00:00+00:00
1651795200000,239.72350203440476,2022-05-06 00:00:00+00:00
1651881600000,248.1109497494099,2022-05-07 00:00:00+00:00
1651968000000,254.43094962308612,2022-05-08 00:00:00+00:00
1652054400000,291.9366339382154,2022-05-09 00:00:00+00:00
1652140800000,281.8895156165744,2022-05-10 00:00:00+00:00
1652227200000,321.7391468336732,2022-05-11 00:00:00+00:00
1652313600000,330.9703718553912,2022-05-12 00:00:00+00:00
1652400000000,316.7918319679056,2022-05-13 00:00:00+00:00
1652486400000,312.777282581569,2022-05-14 00:00:00+00:00
1652572800000,301.09939173287086,2022-05-15 00:00:00+00:00
1652659200000,313.09994853741154,2022-05-16 00:00:00+00:00
1652745600000,304.4186296819241,2022-05-17 00:00:00+00:00
1652832000000,322.2110316268061,2022-05-18 00:00:00+00:00
1652918400000,315.2608243793266,2022-05-19 00:00:00+00:00
1653004800000,320.42402368028786,2022-05-20 00:00:00+00:00
1653091200000,317.10902646011147,2022-05-21 00:00:00+00:00
1653177600000,311.86015649501314,2022-05-22 00:00:00+00:00
1653264000000,318.2487685833015,2022-05-23 00:00:00+00:00
1653350400000,317.1362417278255,2022-05-24 00:00:00+00:00
1653436800000,319.6366178830596,2022-05-25 00:00:00+00:00
1653523200000,332.0592512626734,2022-05-26 00:00:00+00:00
1653609600000,337.5857928948457,2022-05-27 00:00:00+00:00
1653696000000,332.9868766679979,2022-05-28 00:00:00+00:00
1653782400000,330.2202509354525,2022-05-29 00:00:00+00:00
1653868800000,314.00450505141896,2022-05-30 00:00:00+00:00
1653955200000,311.5367998078007,2022-05-31 00:00:00+00:00
1654041600000,325.5511043303675,2022-06-01 00:00:00+00:00
1654128000000,319.9587664529302,2022-06-02 00:00:00+00:00
1654214400000,326.72258606125587,2022-06-03 00:00:00+00:00
1654300800000,324.1362664909218,2022-06-04 00:00:00+00:00
1654387200000,323.30558639898635,2022-06-05 00:00:00+00:00
1654473600000,315.8631672868366,2022-06-06 00:00:00+00:00
1654560000000,319.1242428189335,2022-06-07 00:00:00+00:00
1654646400000,321.7937274533211,2022-06-08 00:00:00+00:00
1654732800000,320.8247501980603,2022-06-09 00:00:00+00:00
1654819200000,330.1642912095441,2022-06-10 00:00:00+00:00
1654905600000,339.2484483466145,2022-06-11 00:00:00+00:00
1654992000000,349.5768121442865,2022-06-12 00:00:00+00:00
1655078400000,357.9960263346937,2022-06-13 00:00:00+00:00
1655164800000,354.5996978033978,2022-06-14 00:00:00+00:00
1655251200000,342.9911904267185,2022-06-15 00:00:00+00:00
1655337600000,356.24305684578525,2022-06-16 00:00:00+00:00
1655424000000,353.5349612259901,2022-06-17 00:00:00+00:00
1655510400000,358.15602885635815,2022-06-18 00:00:00+00:00
1655596800000,349.47648738683336,2022-06-19 00:00:00+00:00
1655683200000,346.50515846111966,2022-06-20 00:00:00+00:00
1655769600000,341.55333538747465,2022-06-21 00:00:00+00:00
1655856000000,344.50145774535645,2022-06-22 00:00:00+00:00
1655942400000,334.1914056285413,2022-06-23 00:00:00+00:00
1656028800000,326.8933865278334,2022-06-24 00:00:00+00:00
1656115200000,325.5108695904237,2022-06-25 00:00:00+00:00
1656201600000,329.93032645444146,2022-06-26 00:00:00+00:00
1656288000000,330.88237063196186,2022-06-27 00:00:00+00:00
1656374400000,338.5372952475988,2022-06-28 00:00:00+00:00
1656460800000,340.79248118831515,2022-06-29 00:00:00+00:00
1656547200000,342.88008282401233,2022-06-30 00:00:00+00:00
1656633600000,346.5449697254191,2022-07-01 00:00:00+00:00
1656720000000,343.93803375034537,2022-07-02 00:00:00+00:00
1656806400000,343.52306687060116,2022-07-03 00:00:00+00:00
1656892800000,338.4437160628817,2022-07-04 00:00:00+00:00
1656979200000,341.1914858017552,2022-07-05 00:00:00+00:00
1657065600000,337.16198608578645,2022-07-06 00:00:00+00:00
1657152000000,331.5798784190183,2022-07-07 00:00:00+00:00
1657238400000,333.9991132689151,2022-07-08 00:00:00+00:00
1657324800000,331.0343564752252,2022-07-09 00:00:00+00:00
1657411200000,336.82650361085837,2022-07-10 00:00:00+00:00
1657497600000,346.87029910540946,2022-07-11 00:00:00+00:00
1657584000000,352.11990708944603,2022-07-12 00:00:00+00:00
1657670400000,342.7095618741182,2022-07-13 00:00:00+00:00
1657756800000,337.6437210627248,2022-07-14 00:00:00+00:00
1657843200000,334.32654981013525,2022-07-15 00:00:00+00:00
1657929600000,326.1971921487352,2022-07-16 00:00:00+00:00
1658016000000,328.52910126458795,2022-07-17 00:00:00+00:00
1658102400000,317.68433346676454,2022-07-18 00:00:00+00:00
1658188800000,314.52889421524264,2022-07-19 00:00:00+00:00
1658275200000,314.4654115535425,2022-07-20 00:00:00+00:00
1658361600000,314.4654115535425,2022-07-21 00:00:00+00:00
1658448000000,314.4654115535425,2022-07-22 00:00:00+00:00
1658534400000,314.4654115535425,2022-07-23 00:00:00+00:00
1658620800000,314.4654115535425,2022-07-24 00:00:00+00:00
1658707200000,314.4654115535425,2022-07-25 00:00:00+00:00
1658793600000,314.4654115535425,2022-07-26 00:00:00+00:00
1658880000000,314.4654115535425,2022-07-27 00:00:00+00:00
1658966400000,314.4654115535425,2022-07-28 00:00:00+00:00
1659052800000,313.1599830617947,2022-07-29 00:00:00+00:00
1659139200000,311.18245277231546,2022-07-30 00:00:00+00:00
1659225600000,307.5156542898122,2022-07-31 00:00:00+00:00
1659312000000,305.77441811837895,2022-08-01 00:00:00+00:00
1659398400000,305.0908891239816,2022-08-02 00:00:00+00:00
1659484800000,308.8048438520073,2022-08-03 00:00:00+00:00
1659571200000,307.86467741157276,2022-08-04 00:00:00+00:00
1659657600000,315.4675108183676,2022-08-05 00:00:00+00:00
1659744000000,318.45478215083466,2022-08-06 00:00:00+00:00
1659830400000,315.23048329975444,2022-08-07 00:00:00+00:00
1659916800000,317.9978976897378,2022-08-08 00:00:00+00:00
1660003200000,308.8995585627615,2022-08-09 00:00:00+00:00
1660089600000,321.49004080786074,2022-08-10 00:00:00+00:00
1660176000000,319.5200170512547,2022-08-11 00:00:00+00:00
1660262400000,328.8497688034101,2022-08-12 00:00:00+00:00
1660348800000,323.8010088955113,2022-08-13 00:00:00+00:00
1660435200000,314.1374246940227,2022-08-14 00:00:00+00:00
1660521600000,307.6925055311307,2022-08-15 00:00:00+00:00
1660608000000,302.7879427015572,2022-08-16 00:00:00+00:00
1660694400000,290.99176993735045,2022-08-17 00:00:00+00:00
1660780800000,279.8680567994173,2022-08-18 00:00:00+00:00
1660867200000,262.1386641927538,2022-08-19 00:00:00+00:00
1660953600000,261.0174616978879,2022-08-20 00:00:00+00:00
1661040000000,262.6519802694076,2022-08-21 00:00:00+00:00
1661126400000,261.9802693258891,2022-08-22 00:00:00+00:00
1661212800000,261.942005607841,2022-08-23 00:00:00+00:00
1661299200000,261.942005607841,2022-08-24 00:00:00+00:00
1661385600000,261.942005607841,2022-08-25 00:00:00+00:00
1661472000000,261.942005607841,2022-08-26 00:00:00+00:00
1661558400000,261.942005607841,2022-08-27 00:00:00+00:00
1661644800000,261.942005607841,2022-08-28 00:00:00+00:00
1661731200000,261.942005607841,2022-08-29 00:00:00+00:00
1661817600000,261.942005607841,2022-08-30 00:00:00+00:00
1661904000000,261.942005607841,2022-08-31 00:00:00+00:00
1661990400000,261.942005607841,2022-09-01 00:00:00+00:00
1662076800000,261.942005607841,2022-09-02 00:00:00+00:00
1662163200000,261.942005607841,2022-09-03 00:00:00+00:00
1662249600000,261.942005607841,2022-09-04 00:00:00+00:00
1662336000000,261.942005607841,2022-09-05 00:00:00+00:00
1662422400000,261.942005607841,2022-09-06 00:00:00+00:00
1662508800000,261.942005607841,2022-09-07 00:00:00+00:00
1662595200000,261.942005607841,2022-09-08 00:00:00+00:00
1662681600000,261.942005607841,2022-09-09 00:00:00+00:00
1662768000000,261.942005607841,2022-09-10 00:00:00+00:00
1662854400000,261.942005607841,2022-09-11 00:00:00+00:00
1662940800000,261.942005607841,2022-09-12 00:00:00+00:00
1663027200000,261.942005607841,2022-09-13 00:00:00+00:00
1663113600000,261.942005607841,2022-09-14 00:00:00+00:00
1663200000000,261.942005607841,2022-09-15 00:00:00+00:00
1663286400000,261.942005607841,2022-09-16 00:00:00+00:00
1663372800000,261.942005607841,2022-09-17 00:00:00+00:00
1663459200000,261.942005607841,2022-09-18 00:00:00+00:00
1663545600000,261.942005607841,2022-09-19 00:00:00+00:00
1663632000000,261.942005607841,2022-09-20 00:00:00+00:00
1663718400000,261.942005607841,2022-09-21 00:00:00+00:00
1663804800000,261.942005607841,2022-09-22 00:00:00+00:00
1663891200000,261.942005607841,2022-09-23 00:00:00+00:00
1663977600000,261.942005607841,2022-09-24 00:00:00+00:00
1664064000000,261.942005607841,2022-09-25 00:00:00+00:00
1664150400000,257.6996516930605,2022-09-26 00:00:00+00:00
1664236800000,255.55194004236054,2022-09-27 00:00:00+00:00
1664323200000,255.55016628744457,2022-09-28 00:00:00+00:00
1664409600000,259.86345268797095,2022-09-29 00:00:00+00:00
1664496000000,259.30181295615574,2022-09-30 00:00:00+00:00
1664582400000,259.4656546285766,2022-10-01 00:00:00+00:00
1664668800000,257.9439204719426,2022-10-02 00:00:00+00:00
1664755200000,257.5324713192826,2022-10-03 00:00:00+00:00
1664841600000,257.90647605208426,2022-10-04 00:00:00+00:00
1664928000000,259.30069161399484,2022-10-05 00:00:00+00:00
1665014400000,259.8112831724747,2022-10-06 00:00:00+00:00
1665100800000,263.33178769285286,2022-10-07 00:00:00+00:00
1665187200000,263.9141916625084,2022-10-08 00:00:00+00:00
1665273600000,265.31045649400295,2022-10-09 00:00:00+00:00
1665360000000,262.40786638103015,2022-10-10 00:00:00+00:00
1665446400000,261.92955671517274,2022-10-11 00:00:00+00:00
1665532800000,261.57729454969945,2022-10-12 00:00:00+00:00
1665619200000,260.88683926007036,2022-10-13 00:00:00+00:00
1665705600000,263.68765670420623,2022-10-14 00:00:00+00:00
1665792000000,264.4120295531165,2022-10-15 00:00:00+00:00
1665878400000,261.1658599809403,2022-10-16 00:00:00+00:00
1665964800000,260.1361163458694,2022-10-17 00:00:00+00:00
1666051200000,263.6125473299782,2022-10-18 00:00:00+00:00
1666137600000,268.64096940331865,2022-10-19 00:00:00+00:00
1666224000000,269.38295078480445,2022-10-20 00:00:00+00:00
1666310400000,266.39929188516294,2022-10-21 00:00:00+00:00
1666396800000,264.66058140397223,2022-10-22 00:00:00+00:00
1666483200000,258.9868483703466,2022-10-23 00:00:00+00:00
1666569600000,262.20183074195637,2022-10-24 00:00:00+00:00
1666656000000,246.55547712751772,2022-10-25 00:00:00+00:00
1666742400000,244.76144932540672,2022-10-26 00:00:00+00:00
1666828800000,249.87445292011213,2022-10-27 00:00:00+00:00
1666915200000,245.11598710294746,2022-10-28 00:00:00+00:00
1667001600000,236.46369216042334,2022-10-29 00:00:00+00:00
1667088000000,236.20281213496193,2022-10-30 00:00:00+00:00
1667174400000,238.40675454409865,2022-10-31 00:00:00+00:00
1667260800000,244.85144297814452,2022-11-01 00:00:00+00:00
1667347200000,236.23391837391898,2022-11-02 00:00:00+00:00
1667433600000,235.69340362076534,2022-11-03 00:00:00+00:00
1667520000000,250.02521250399758,2022-11-04 00:00:00+00:00
1667606400000,245.69568437711803,2022-11-05 00:00:00+00:00
1667692800000,233.25719380889274,2022-11-06 00:00:00+00:00
1667779200000,232.0268630139422,2022-11-07 00:00:00+00:00
1667865600000,193.88682859534873,2022-11-08 00:00:00+00:00
1667952000000,172.1624252594734,2022-11-09 00:00:00+00:00
1668038400000,182.8596210057691,2022-11-10 00:00:00+00:00
1668124800000,180.25424726184647,2022-11-11 00:00:00+00:00
1668211200000,179.5427641124054,2022-11-12 00:00:00+00:00
1668297600000,183.2589141299411,2022-11-13 00:00:00+00:00
1668384000000,182.2784876652597,2022-11-14 00:00:00+00:00
1668470400000,180.39658007288784,2022-11-15 00:00:00+00:00
1668556800000,184.55690245138905,2022-11-16 00:00:00+00:00
1668643200000,185.42847286352878,2022-11-17 00:00:00+00:00
1668729600000,185.43771286361442,2022-11-18 00:00:00+00:00
1668816000000,183.97882543846487,2022-11-19 00:00:00+00:00
1668902400000,192.17460586585025,2022-11-20 00:00:00+00:00
1668988800000,193.60711261899178,2022-11-21 00:00:00+00:00
1669075200000,189.81607221435868,2022-11-22 00:00:00+00:00
1669161600000,183.61325587400987,2022-11-23 00:00:00+00:00
1669248000000,182.3514592190436,2022-11-24 00:00:00+00:00
1669334400000,184.1958692768593,2022-11-25 00:00:00+00:00
1669420800000,184.87609118292477,2022-11-26 00:00:00+00:00
1669507200000,185.2694249018458,2022-11-27 00:00:00+00:00
1669593600000,187.87708732014244,2022-11-28 00:00:00+00:00
1669680000000,185.1736841670586,2022-11-29 00:00:00+00:00
1669766400000,176.32603843634826,2022-11-30 00:00:00+00:00
1669852800000,176.259416732747,2022-12-01 00:00:00+00:00
1669939200000,174.25360307734664,2022-12-02 00:00:00+00:00
1670025600000,177.96623859490344,2022-12-03 00:00:00+00:00
1670112000000,175.46830060032565,2022-12-04 00:00:00+00:00
1670198400000,175.48635553212497,2022-12-05 00:00:00+00:00
1670284800000,173.92589794206583,2022-12-06 00:00:00+00:00
1670371200000,178.65024378651682,2022-12-07 00:00:00+00:00
1670457600000,175.04138015611898,2022-12-08 00:00:00+00:00
1670544000000,175.61915663256113,2022-12-09 00:00:00+00:00
1670630400000,175.54576289275488,2022-12-10 00:00:00+00:00
1670716800000,178.66222330123142,2022-12-11 00:00:00+00:00
1670803200000,178.5482336429978,2022-12-12 00:00:00+00:00
1670889600000,174.16937003178805,2022-12-13 00:00:00+00:00
1670976000000,177.83337507691334,2022-12-14 00:00:00+00:00
1671062400000,182.11926649892467,2022-12-15 00:00:00+00:00
1671148800000,204.49551149614115,2022-12-16 00:00:00+00:00
1671235200000,201.507207822112,2022-12-17 00:00:00+00:00
1671321600000,202.48326004823173,2022-12-18 00:00:00+00:00
1671408000000,210.8727658260994,2022-12-19 00:00:00+00:00
1671494400000,204.99922046094346,2022-12-20 00:00:00+00:00
1671580800000,207.7490432054075,2022-12-21 00:00:00+00:00
1671667200000,206.35640373327178,2022-12-22 00:00:00+00:00
1671753600000,205.1139828246378,2022-12-23 00:00:00+00:00
1671840000000,206.92833618754793,2022-12-24 00:00:00+00:00
1671926400000,208.2973514266352,2022-12-25 00:00:00+00:00
1672012800000,202.85974684435638,2022-12-26 00:00:00+00:00
1672099200000,204.74072270695157,2022-12-27 00:00:00+00:00
1672185600000,213.4526147782785,2022-12-28 00:00:00+00:00
1672272000000,216.62662694559057,2022-12-29 00:00:00+00:00
1672358400000,215.28398861241655,2022-12-30 00:00:00+00:00
1672444800000,217.11281821318005,2022-12-31 00:00:00+00:00
1672531200000,215.07361205123502,2023-01-01 00:00:00+00:00
1672617600000,209.519002171126,2023-01-02 00:00:00+00:00
1672704000000,206.78614316367955,2023-01-03 00:00:00+00:00
1672790400000,200.47444250268032,2023-01-04 00:00:00+00:00
1672876800000,202.3544100428332,2023-01-05 00:00:00+00:00
1672963200000,197.32790018950428,2023-01-06 00:00:00+00:00
1673049600000,196.46901921150345,2023-01-07 00:00:00+00:00
1673136000000,185.9034742031085,2023-01-08 00:00:00+00:00
1673222400000,178.03430353354534,2023-01-09 00:00:00+00:00
1673308800000,176.30379771243366,2023-01-10 00:00:00+00:00
1673395200000,171.70933033137115,2023-01-11 00:00:00+00:00
1673481600000,171.37667375276743,2023-01-12 00:00:00+00:00
1673568000000,171.33232176829287,2023-01-13 00:00:00+00:00
1673654400000,177.58733595562722,2023-01-14 00:00:00+00:00
1673740800000,176.18808341258617,2023-01-15 00:00:00+00:00
1673827200000,176.08551962339402,2023-01-16 00:00:00+00:00
1673913600000,174.95551471177276,2023-01-17 00:00:00+00:00
1674000000000,159.60669044943577,2023-01-18 00:00:00+00:00
1674086400000,168.5108504298937,2023-01-19 00:00:00+00:00
1674172800000,189.1811790129852,2023-01-20 00:00:00+00:00
1674259200000,184.48793193142765,2023-01-21 00:00:00+00:00
1674345600000,188.34455019030707,2023-01-22 00:00:00+00:00
1674432000000,192.77858200991895,2023-01-23 00:00:00+00:00
1674518400000,179.1453822832417,2023-01-24 00:00:00+00:00
1674604800000,190.68388501604437,2023-01-25 00:00:00+00:00
1674691200000,192.25400386754066,2023-01-26 00:00:00+00:00
1674777600000,203.4772492374309,2023-01-27 00:00:00+00:00
1674864000000,196.9034139016799,2023-01-28 00:00:00+00:00
1674950400000,210.19777246292338,2023-01-29 00:00:00+00:00
1675036800000,192.44787009119972,2023-01-30 00:00:00+00:00
1675123200000,199.02027018103828,2023-01-31 00:00:00+00:00
1675209600000,209.5902693385531,2023-02-01 00:00:00+00:00
1675296000000,212.57800901120044,2023-02-02 00:00:00+00:00
1675382400000,218.05810173934708,2023-02-03 00:00:00+00:00
1675468800000,216.1528887160726,2023-02-04 00:00:00+00:00
1675555200000,207.6838511249861,2023-02-05 00:00:00+00:00
1675641600000,201.36475260842926,2023-02-06 00:00:00+00:00
1675728000000,215.51879228441823,2023-02-07 00:00:00+00:00
1675814400000,208.03764289239135,2023-02-08 00:00:00+00:00
1675900800000,181.98711265274744,2023-02-09 00:00:00+00:00
1675987200000,177.5842836805019,2023-02-10 00:00:00+00:00
1676073600000,182.9209057099756,2023-02-11 00:00:00+00:00
1676160000000,180.69064104570555,2023-02-12 00:00:00+00:00
1676246400000,174.34122192775905,2023-02-13 00:00:00+00:00
1676332800000,177.7842977498073,2023-02-14 00:00:00+00:00
1676419200000,187.10780367992635,2023-02-15 00:00:00+00:00
1676505600000,177.52560714531032,2023-02-16 00:00:00+00:00
1676592000000,184.54979402697467,2023-02-17 00:00:00+00:00
1676678400000,187.58227170226846,2023-02-18 00:00:00+00:00
1676764800000,186.48159507543843,2023-02-19 00:00:00+00:00
1676851200000,190.34410349335664,2023-02-20 00:00:00+00:00
1676937600000,181.45627535762188,2023-02-21 00:00:00+00:00
1677024000000,178.91586172730135,2023-02-22 00:00:00+00:00
1677110400000,177.61013924892248,2023-02-23 00:00:00+00:00
1677196800000,165.99488843766156,2023-02-24 00:00:00+00:00
1677283200000,163.19585117039114,2023-02-25 00:00:00+00:00
1677369600000,169.4005502968286,2023-02-26 00:00:00+00:00
1677456000000,167.02142294779117,2023-02-27 00:00:00+00:00
1677542400000,163.31552305886746,2023-02-28 00:00:00+00:00
1677628800000,170.33096474676847,2023-03-01 00:00:00+00:00
1677715200000,168.16713781899713,2023-03-02 00:00:00+00:00
1677801600000,158.5769689495898,2023-03-03 00:00:00+00:00
1677888000000,154.42141365977747,2023-03-04 00:00:00+00:00
1677974400000,155.76296127293105,2023-03-05 00:00:00+00:00
1678060800000,155.92470991257346,2023-03-06 00:00:00+00:00
1678147200000,154.68051135978791,2023-03-07 00:00:00+00:00
1678233600000,154.60890944527495,2023-03-08 00:00:00+00:00
1678320000000,154.60890944527495,2023-03-09 00:00:00+00:00
1678406400000,153.9468969733159,2023-03-10 00:00:00+00:00
1678492800000,155.5638751903185,2023-03-11 00:00:00+00:00
1678579200000,144.51628445897816,2023-03-12 00:00:00+00:00
1678665600000,139.985335517776,2023-03-13 00:00:00+00:00
1678752000000,133.90707174444967,2023-03-14 00:00:00+00:00
1678838400000,142.56418769395526,2023-03-15 00:00:00+00:00
1678924800000,141.0503043641031,2023-03-16 00:00:00+00:00
1679011200000,132.3215355127994,2023-03-17 00:00:00+00:00
1679097600000,135.16979651718387,2023-03-18 00:00:00+00:00
1679184000000,133.45751560113268,2023-03-19 00:00:00+00:00
1679270400000,136.60082218281866,2023-03-20 00:00:00+00:00
1679356800000,134.36302513626876,2023-03-21 00:00:00+00:00
1679443200000,136.0691698104267,2023-03-22 00:00:00+00:00
1679529600000,134.02146467897114,2023-03-23 00:00:00+00:00
1679616000000,135.59642798762872,2023-03-24 00:00:00+00:00
1679702400000,135.80782513531824,2023-03-25 00:00:00+00:00
1679788800000,135.17465219271838,2023-03-26 00:00:00+00:00
1679875200000,135.3219636164322,2023-03-27 00:00:00+00:00
1679961600000,135.01779034961757,2023-03-28 00:00:00+00:00
1680048000000,131.9456843055776,2023-03-29 00:00:00+00:00
1680134400000,132.4963031583521,2023-03-30 00:00:00+00:00
1680220800000,129.77196153717318,2023-03-31 00:00:00+00:00
1680307200000,129.03354306631616,2023-04-01 00:00:00+00:00
1680393600000,128.43692244496225,2023-04-02 00:00:00+00:00
1680480000000,126.45930677871833,2023-04-03 00:00:00+00:00
1680566400000,127.3506864646589,2023-04-04 00:00:00+00:00
1680652800000,127.92214560656674,2023-04-05 00:00:00+00:00
1680739200000,127.02001307653387,2023-04-06 00:00:00+00:00
1680825600000,127.5697592454314,2023-04-07 00:00:00+00:00
1680912000000,126.41439891420738,2023-04-08 00:00:00+00:00
1680998400000,127.27181807777363,2023-04-09 00:00:00+00:00
1681084800000,130.6683055772491,2023-04-10 00:00:00+00:00
1681171200000,131.43467636733706,2023-04-11 00:00:00+00:00
1681257600000,129.5994204666701,2023-04-12 00:00:00+00:00
1681344000000,131.59868075633148,2023-04-13 00:00:00+00:00
1681430400000,132.9872628916945,2023-04-14 00:00:00+00:00
1681516800000,132.30316678007927,2023-04-15 00:00:00+00:00
1681603200000,132.76754531498318,2023-04-16 00:00:00+00:00
1681689600000,129.31470148297038,2023-04-17 00:00:00+00:00
1681776000000,132.96214185298027,2023-04-18 00:00:00+00:00
1681862400000,124.63260898806095,2023-04-19 00:00:00+00:00
1681948800000,121.99117460886623,2023-04-20 00:00:00+00:00
1682035200000,118.65788694117461,2023-04-21 00:00:00+00:00
1682121600000,120.4054180531739,2023-04-22 00:00:00+00:00
1682208000000,118.6053283467168,2023-04-23 00:00:00+00:00
1682294400000,118.86411671708129,2023-04-24 00:00:00+00:00
1682380800000,121.9769013606163,2023-04-25 00:00:00+00:00
1682467200000,122.19906873517448,2023-04-26 00:00:00+00:00
1682553600000,123.52963158280318,2023-04-27 00:00:00+00:00
1682640000000,122.33578711951797,2023-04-28 00:00:00+00:00
1682726400000,121.52768381205908,2023-04-29 00:00:00+00:00
1682812800000,120.76352569956775,2023-04-30 00:00:00+00:00
1682899200000,120.96616187636258,2023-05-01 00:00:00+00:00
1682985600000,120.9808102746851,2023-05-02 00:00:00+00:00
1683072000000,121.17612225231866,2023-05-03 00:00:00+00:00
1683158400000,119.8235868072062,2023-05-04 00:00:00+00:00
1683244800000,120.39330769883247,2023-05-05 00:00:00+00:00
1683331200000,120.04779871376186,2023-05-06 00:00:00+00:00
1683417600000,120.53692846722933,2023-05-07 00:00:00+00:00
1683504000000,120.33345907418858,2023-05-08 00:00:00+00:00
1683590400000,120.53413996657791,2023-05-09 00:00:00+00:00
1683676800000,120.56797464943337,2023-05-10 00:00:00+00:00
1683763200000,120.31985364182663,2023-05-11 00:00:00+00:00
1683849600000,120.50594439753168,2023-05-12 00:00:00+00:00
1683936000000,121.25638614366747,2023-05-13 00:00:00+00:00
1684022400000,120.428526861427,2023-05-14 00:00:00+00:00
1684108800000,120.34881449052541,2023-05-15 00:00:00+00:00
1684195200000,120.66754171015836,2023-05-16 00:00:00+00:00
1684281600000,118.58059937979908,2023-05-17 00:00:00+00:00
1684368000000,119.91057031083756,2023-05-18 00:00:00+00:00
1684454400000,118.0490492650427,2023-05-19 00:00:00+00:00
1684540800000,118.65151325388939,2023-05-20 00:00:00+00:00
1684627200000,120.99418154542285,2023-05-21 00:00:00+00:00
1684713600000,121.10024904033929,2023-05-22 00:00:00+00:00
1684800000000,119.9219434188198,2023-05-23 00:00:00+00:00
1684886400000,122.30869664459006,2023-05-24 00:00:00+00:00
1684972800000,121.78510670168367,2023-05-25 00:00:00+00:00
1685059200000,120.66598376724353,2023-05-26 00:00:00+00:00
1685145600000,119.45966996635748,2023-05-27 00:00:00+00:00
1685232000000,117.03161811037342,2023-05-28 00:00:00+00:00
1685318400000,117.44666857857152,2023-05-29 00:00:00+00:00
1685404800000,114.22148565083441,2023-05-30 00:00:00+00:00
1685491200000,114.97652694417204,2023-05-31 00:00:00+00:00
1685577600000,114.99463149043693,2023-06-01 00:00:00+00:00
1685664000000,111.26915946737174,2023-06-02 00:00:00+00:00
1685750400000,110.94347928575621,2023-06-03 00:00:00+00:00
1685836800000,110.01080083305688,2023-06-04 00:00:00+00:00
1685923200000,110.87097726102608,2023-06-05 00:00:00+00:00
1686009600000,107.39659450139298,2023-06-06 00:00:00+00:00
1686096000000,109.9967418988963,2023-06-07 00:00:00+00:00
1686182400000,110.4677958716932,2023-06-08 00:00:00+00:00
1686268800000,108.32452529392759,2023-06-09 00:00:00+00:00
1686355200000,124.47444583980928,2023-06-10 00:00:00+00:00
1686441600000,124.69798237217745,2023-06-11 00:00:00+00:00
1686528000000,123.53939687546286,2023-06-12 00:00:00+00:00
1686614400000,120.83456894877673,2023-06-13 00:00:00+00:00
1686700800000,124.7683454314708,2023-06-14 00:00:00+00:00
1686787200000,126.55337761819713,2023-06-15 00:00:00+00:00
1686873600000,124.08690612854996,2023-06-16 00:00:00+00:00
1686960000000,122.17525990836283,2023-06-17 00:00:00+00:00
1687046400000,123.31355208724155,2023-06-18 00:00:00+00:00
1687132800000,122.41441571728136,2023-06-19 00:00:00+00:00
1687219200000,116.46600220162797,2023-06-20 00:00:00+00:00
1687305600000,111.52133197804648,2023-06-21 00:00:00+00:00
1687392000000,113.99315001073867,2023-06-22 00:00:00+00:00
1687478400000,106.86159810974367,2023-06-23 00:00:00+00:00
1687564800000,106.8377510043854,2023-06-24 00:00:00+00:00
1687651200000,103.72173287528217,2023-06-25 00:00:00+00:00
1687737600000,104.97921380135054,2023-06-26 00:00:00+00:00
1687824000000,105.39828819794063,2023-06-27 00:00:00+00:00
1687910400000,107.79929845938464,2023-06-28 00:00:00+00:00
1687996800000,109.43442005519543,2023-06-29 00:00:00+00:00
1688083200000,112.38376460415381,2023-06-30 00:00:00+00:00
1688169600000,109.5335867215427,2023-07-01 00:00:00+00:00
1688256000000,110.5525463666508,2023-07-02 00:00:00+00:00
1688342400000,109.349493741808,2023-07-03 00:00:00+00:00
1688428800000,108.39596764097095,2023-07-04 00:00:00+00:00
1688515200000,109.65020369180628,2023-07-05 00:00:00+00:00
1688601600000,111.44042918728827,2023-07-06 00:00:00+00:00
1688688000000,110.74049645682568,2023-07-07 00:00:00+00:00
1688774400000,109.37822245873129,2023-07-08 00:00:00+00:00
1688860800000,109.67131094792165,2023-07-09 00:00:00+00:00
1688947200000,108.61287456613499,2023-07-10 00:00:00+00:00
1689033600000,107.70280667742844,2023-07-11 00:00:00+00:00
1689120000000,109.54952878670798,2023-07-12 00:00:00+00:00
1689206400000,101.99886750364975,2023-07-13 00:00:00+00:00
1689292800000,98.17866480088358,2023-07-14 00:00:00+00:00
1689379200000,96.06710280488481,2023-07-15 00:00:00+00:00
1689465600000,96.10526736008299,2023-07-16 00:00:00+00:00
1689552000000,94.87425632538651,2023-07-17 00:00:00+00:00
1689638400000,95.02735023111856,2023-07-18 00:00:00+00:00
1689724800000,98.49492041924705,2023-07-19 00:00:00+00:00
1689811200000,99.27999545785526,2023-07-20 00:00:00+00:00
1689897600000,98.80848082134078,2023-07-21 00:00:00+00:00
1689984000000,97.72401306138573,2023-07-22 00:00:00+00:00
1690070400000,98.74611448777314,2023-07-23 00:00:00+00:00
1690156800000,95.2487658554505,2023-07-24 00:00:00+00:00
1690243200000,95.3160894712433,2023-07-25 00:00:00+00:00
1690329600000,98.55490703915682,2023-07-26 00:00:00+00:00
1690416000000,98.93912116257783,2023-07-27 00:00:00+00:00
1690502400000,98.70521849784706,2023-07-28 00:00:00+00:00
1690588800000,98.82837826543204,2023-07-29 00:00:00+00:00
1690675200000,97.61327528099393,2023-07-30 00:00:00+00:00
1690761600000,96.10910669124232,2023-07-31 00:00:00+00:00
1690848000000,97.12655777016765,2023-08-01 00:00:00+00:00
1690934400000,94.46795586186252,2023-08-02 00:00:00+00:00
1691020800000,92.77419606801064,2023-08-03 00:00:00+00:00
1691107200000,91.67879981128813,2023-08-04 00:00:00+00:00
1691193600000,91.97158991534472,2023-08-05 00:00:00+00:00
1691280000000,91.28449574762377,2023-08-06 00:00:00+00:00
1691366400000,91.06419897057307,2023-08-07 00:00:00+00:00
1691452800000,92.70905967939593,2023-08-08 00:00:00+00:00
1691539200000,93.59019849414999,2023-08-09 00:00:00+00:00
1691625600000,93.09212003717076,2023-08-10 00:00:00+00:00
1691712000000,93.07758782055825,2023-08-11 00:00:00+00:00
1691798400000,93.55683463595766,2023-08-12 00:00:00+00:00
1691884800000,92.08359510823902,2023-08-13 00:00:00+00:00
1691971200000,93.01035409020527,2023-08-14 00:00:00+00:00
1692057600000,89.91775291619685,2023-08-15 00:00:00+00:00
1692144000000,85.30255723393033,2023-08-16 00:00:00+00:00
1692230400000,84.93303499073608,2023-08-17 00:00:00+00:00
1692316800000,84.36990402259227,2023-08-18 00:00:00+00:00
1692403200000,85.59033277639544,2023-08-19 00:00:00+00:00
1692489600000,84.37878941491905,2023-08-20 00:00:00+00:00
1692576000000,86.68197062033582,2023-08-21 00:00:00+00:00
1692662400000,86.6706691445848,2023-08-22 00:00:00+00:00
1692748800000,86.59357358213032,2023-08-23 00:00:00+00:00
1692835200000,87.56362055438557,2023-08-24 00:00:00+00:00
1692921600000,88.09203920967877,2023-08-25 00:00:00+00:00
1693008000000,87.5365918308474,2023-08-26 00:00:00+00:00
1693094400000,86.92603244137722,2023-08-27 00:00:00+00:00
1693180800000,85.34665522407757,2023-08-28 00:00:00+00:00
1693267200000,83.51181843328379,2023-08-29 00:00:00+00:00
1693353600000,85.70288039331133,2023-08-30 00:00:00+00:00
1693440000000,89.74185205616749,2023-08-31 00:00:00+00:00
1693526400000,90.64294187408383,2023-09-01 00:00:00+00:00
1693612800000,90.35247644659908,2023-09-02 00:00:00+00:00
1693699200000,90.6321012150608,2023-09-03 00:00:00+00:00
1693785600000,90.83996277136532,2023-09-04 00:00:00+00:00
1693872000000,90.04036095863113,2023-09-05 00:00:00+00:00
1693958400000,89.92780908120237,2023-09-06 00:00:00+00:00
1694044800000,89.04121390900501,2023-09-07 00:00:00+00:00
1694131200000,90.03591815468302,2023-09-08 00:00:00+00:00
1694217600000,90.15567923977493,2023-09-09 00:00:00+00:00
1694304000000,92.4761124635346,2023-09-10 00:00:00+00:00
1694390400000,95.36035161704055,2023-09-11 00:00:00+00:00
1694476800000,93.86353343881059,2023-09-12 00:00:00+00:00
1694563200000,92.64139811884925,2023-09-13 00:00:00+00:00
1694649600000,91.45048041503841,2023-09-14 00:00:00+00:00
1694736000000,89.95810004845553,2023-09-15 00:00:00+00:00
1694822400000,90.59967778503481,2023-09-16 00:00:00+00:00
1694908800000,91.50689465514796,2023-09-17 00:00:00+00:00
1694995200000,91.10736239457866,2023-09-18 00:00:00+00:00
1695081600000,90.3853097357482,2023-09-19 00:00:00+00:00
1695168000000,91.33578932888413,2023-09-20 00:00:00+00:00
1695254400000,92.80027412341033,2023-09-21 00:00:00+00:00
1695340800000,89.92369819954278,2023-09-22 00:00:00+00:00
1695427200000,90.72596655776005,2023-09-23 00:00:00+00:00
1695513600000,91.38114059021513,2023-09-24 00:00:00+00:00
1695600000000,89.9406758245283,2023-09-25 00:00:00+00:00
1695686400000,89.963550724043,2023-09-26 00:00:00+00:00
1695772800000,89.10241059505628,2023-09-27 00:00:00+00:00
1695859200000,86.99447526465592,2023-09-28 00:00:00+00:00
1695945600000,86.8378107830258,2023-09-29 00:00:00+00:00
1696032000000,86.43318174497946,2023-09-30 00:00:00+00:00
1696118400000,85.20542495295477,2023-10-01 00:00:00+00:00
1696204800000,82.98795408417767,2023-10-02 00:00:00+00:00
1696291200000,84.46259063061589,2023-10-03 00:00:00+00:00
1696377600000,81.57759846085447,2023-10-04 00:00:00+00:00
1696464000000,80.73821482006254,2023-10-05 00:00:00+00:00
1696550400000,81.66105126362675,2023-10-06 00:00:00+00:00
1696636800000,81.56420126354888,2023-10-07 00:00:00+00:00
1696723200000,81.8940755075308,2023-10-08 00:00:00+00:00
1696809600000,78.79345051537466,2023-10-09 00:00:00+00:00
1696896000000,78.79236924838881,2023-10-10 00:00:00+00:00
1696982400000,79.72650216765375,2023-10-11 00:00:00+00:00
1697068800000,76.77494357275057,2023-10-12 00:00:00+00:00
1697155200000,76.7732680126071,2023-10-13 00:00:00+00:00
1697241600000,75.89458643732827,2023-10-14 00:00:00+00:00
1697328000000,76.63118286730042,2023-10-15 00:00:00+00:00
1697414400000,76.46826665411874,2023-10-16 00:00:00+00:00
1697500800000,76.50984832358637,2023-10-17 00:00:00+00:00
1697587200000,76.97570988574772,2023-10-18 00:00:00+00:00
1697673600000,76.58855850368477,2023-10-19 00:00:00+00:00
1697760000000,76.69368498746421,2023-10-20 00:00:00+00:00
1697846400000,80.30795956227256,2023-10-21 00:00:00+00:00
1697932800000,84.28767291428902,2023-10-22 00:00:00+00:00
1698019200000,84.49540641729223,2023-10-23 00:00:00+00:00
1698105600000,84.62028530740962,2023-10-24 00:00:00+00:00
1698192000000,87.52862774265759,2023-10-25 00:00:00+00:00
1698278400000,86.76569184890758,2023-10-26 00:00:00+00:00
1698364800000,87.38366313819533,2023-10-27 00:00:00+00:00
1698451200000,86.67210130154771,2023-10-28 00:00:00+00:00
1698537600000,87.6750432933764,2023-10-29 00:00:00+00:00
1698624000000,88.09382190530876,2023-10-30 00:00:00+00:00
1698710400000,88.72454516086066,2023-10-31 00:00:00+00:00
1698796800000,90.50053473659531,2023-11-01 00:00:00+00:00
1698883200000,87.82193139891078,2023-11-02 00:00:00+00:00
1698969600000,89.15999620512885,2023-11-03 00:00:00+00:00
1699056000000,89.64594702264549,2023-11-04 00:00:00+00:00
1699142400000,92.10488455793384,2023-11-05 00:00:00+00:00
1699228800000,94.73793840250066,2023-11-06 00:00:00+00:00
1699315200000,95.27261549789043,2023-11-07 00:00:00+00:00
1699401600000,101.88172725271819,2023-11-08 00:00:00+00:00
1699488000000,101.8953429218733,2023-11-09 00:00:00+00:00
1699574400000,105.5904213862101,2023-11-10 00:00:00+00:00
1699660800000,108.75706713226418,2023-11-11 00:00:00+00:00
1699747200000,107.12905217504151,2023-11-12 00:00:00+00:00
1699833600000,100.84705242555003,2023-11-13 00:00:00+00:00
1699920000000,98.53138605865158,2023-11-14 00:00:00+00:00
1700006400000,104.49695932573132,2023-11-15 00:00:00+00:00
1700092800000,98.83202722872704,2023-11-16 00:00:00+00:00
1700179200000,98.69732434847961,2023-11-17 00:00:00+00:00
1700265600000,98.81818281364731,2023-11-18 00:00:00+00:00
1700352000000,103.57495254782648,2023-11-19 00:00:00+00:00
1700438400000,102.2099893418962,2023-11-20 00:00:00+00:00
1700524800000,96.65285048492667,2023-11-21 00:00:00+00:00
1700611200000,101.21912865925111,2023-11-22 00:00:00+00:00
1700697600000,101.75006948382133,2023-11-23 00:00:00+00:00
1700784000000,102.41848142913467,2023-11-24 00:00:00+00:00
1700870400000,103.46147153039064,2023-11-25 00:00:00+00:00
1700956800000,103.12849744546442,2023-11-26 00:00:00+00:00
1701043200000,100.93361190273507,2023-11-27 00:00:00+00:00
1701129600000,102.6800281734022,2023-11-28 00:00:00+00:00
1701216000000,102.6634369279607,2023-11-29 00:00:00+00:00
1701302400000,102.18198436650972,2023-11-30 00:00:00+00:00
1701388800000,105.10980386260307,2023-12-01 00:00:00+00:00
1701475200000,109.3259062659314,2023-12-02 00:00:00+00:00
1701561600000,108.90770588368471,2023-12-03 00:00:00+00:00
1701648000000,111.24079212997687,2023-12-04 00:00:00+00:00
1701734400000,112.96556166825542,2023-12-05 00:00:00+00:00
1701820800000,111.10117362720783,2023-12-06 00:00:00+00:00
1701907200000,112.1256692644927,2023-12-07 00:00:00+00:00
1701993600000,117.25586116329691,2023-12-08 00:00:00+00:00
1702080000000,114.26645247189573,2023-12-09 00:00:00+00:00
1702166400000,114.92693058961707,2023-12-10 00:00:00+00:00
1702252800000,106.91208585106273,2023-12-11 00:00:00+00:00
1702339200000,106.3426526588085,2023-12-12 00:00:00+00:00
1702425600000,108.50732779776975,2023-12-13 00:00:00+00:00
1702512000000,110.7391263578474,2023-12-14 00:00:00+00:00
1702598400000,105.9475477851106,2023-12-15 00:00:00+00:00
1702684800000,106.40507799118957,2023-12-16 00:00:00+00:00
1702771200000,105.50058326597458,2023-12-17 00:00:00+00:00
1702857600000,107.66902900526644,2023-12-18 00:00:00+00:00
1702944000000,105.84570271036843,2023-12-19 00:00:00+00:00
1703030400000,109.27399531120639,2023-12-20 00:00:00+00:00
1703116800000,112.07242652747918,2023-12-21 00:00:00+00:00
1703203200000,111.46114223360851,2023-12-22 00:00:00+00:00
1703289600000,112.03829675926784,2023-12-23 00:00:00+00:00
1703376000000,110.46418988173419,2023-12-24 00:00:00+00:00
1703462400000,112.35753632300768,2023-12-25 00:00:00+00:00
1703548800000,109.16836470850271,2023-12-26 00:00:00+00:00
1703635200000,110.07411108573338,2023-12-27 00:00:00+00:00
1703721600000,107.5346919587771,2023-12-28 00:00:00+00:00
1703808000000,106.92848626750109,2023-12-29 00:00:00+00:00
1703894400000,106.41992677029427,2023-12-30 00:00:00+00:00
1703980800000,105.97907893932998,2023-12-31 00:00:00+00:00
1704067200000,110.29663290406559,2024-01-01 00:00:00+00:00
1704153600000,109.86056862465567,2024-01-02 00:00:00+00:00
1704240000000,104.4881337986276,2024-01-03 00:00:00+00:00
1704326400000,107.00915431042986,2024-01-04 00:00:00+00:00
1704412800000,105.10167426218331,2024-01-05 00:00:00+00:00
1704499200000,104.89130300873356,2024-01-06 00:00:00+00:00
1704585600000,104.79649183454762,2024-01-07 00:00:00+00:00
1704672000000,108.93287243642528,2024-01-08 00:00:00+00:00
1704758400000,108.5958648422986,2024-01-09 00:00:00+00:00
1704844800000,108.50646329328418,2024-01-10 00:00:00+00:00
1704931200000,106.71514135799451,2024-01-11 00:00:00+00:00
1705017600000,103.19940328538604,2024-01-12 00:00:00+00:00
1705104000000,103.34322994167154,2024-01-13 00:00:00+00:00
1705190400000,102.3892587461448,2024-01-14 00:00:00+00:00
1705276800000,102.51029268077565,2024-01-15 00:00:00+00:00
1705363200000,102.79634940264202,2024-01-16 00:00:00+00:00
1705449600000,103.56009651222116,2024-01-17 00:00:00+00:00
1705536000000,105.5024538893323,2024-01-18 00:00:00+00:00
1705622400000,104.96382122137747,2024-01-19 00:00:00+00:00
1705708800000,101.64022167869209,2024-01-20 00:00:00+00:00
1705795200000,102.86134701715366,2024-01-21 00:00:00+00:00
1705881600000,106.17353366828176,2024-01-22 00:00:00+00:00
1705968000000,107.99068286252607,2024-01-23 00:00:00+00:00
1706054400000,107.35784054088751,2024-01-24 00:00:00+00:00
1706140800000,107.58825342392569,2024-01-25 00:00:00+00:00
1706227200000,105.85605278572255,2024-01-26 00:00:00+00:00
1706313600000,105.82221418747942,2024-01-27 00:00:00+00:00
1706400000000,106.96099032833527,2024-01-28 00:00:00+00:00
1706486400000,105.01417766535135,2024-01-29 00:00:00+00:00
1706572800000,107.07187447124348,2024-01-30 00:00:00+00:00
1706659200000,108.40160937056469,2024-01-31 00:00:00+00:00
1706745600000,108.07752562052511,2024-02-01 00:00:00+00:00
1706832000000,107.58917575246683,2024-02-02 00:00:00+00:00
1706918400000,107.31074318364414,2024-02-03 00:00:00+00:00
1707004800000,108.74955370222642,2024-02-04 00:00:00+00:00
1707091200000,108.59187595897346,2024-02-05 00:00:00+00:00
1707177600000,110.14194076581049,2024-02-06 00:00:00+00:00
1707264000000,108.05417992259632,2024-02-07 00:00:00+00:00
1707350400000,108.04749671741854,2024-02-08 00:00:00+00:00
1707436800000,106.73633590911578,2024-02-09 00:00:00+00:00
1707523200000,107.05757435573685,2024-02-10 00:00:00+00:00
1707609600000,107.39863300045337,2024-02-11 00:00:00+00:00
1707696000000,106.55520876702288,2024-02-12 00:00:00+00:00
1707782400000,108.09312063717684,2024-02-13 00:00:00+00:00
1707868800000,108.51229758060786,2024-02-14 00:00:00+00:00
1707955200000,107.30218892757085,2024-02-15 00:00:00+00:00
1708041600000,108.0104334954936,2024-02-16 00:00:00+00:00
1708128000000,107.64853064085581,2024-02-17 00:00:00+00:00
1708214400000,108.89381333240063,2024-02-18 00:00:00+00:00
1708300800000,109.40581457457456,2024-02-19 00:00:00+00:00
1708387200000,111.00681282461527,2024-02-20 00:00:00+00:00
1708473600000,110.00601108829277,2024-02-21 00:00:00+00:00
1708560000000,109.23835923638119,2024-02-22 00:00:00+00:00
1708646400000,107.17865104413285,2024-02-23 00:00:00+00:00
1708732800000,107.2685476690601,2024-02-24 00:00:00+00:00
1708819200000,107.34659365252084,2024-02-25 00:00:00+00:00
1708905600000,109.23492712931274,2024-02-26 00:00:00+00:00
1708992000000,109.53267699773893,2024-02-27 00:00:00+00:00
1709078400000,106.47278489168801,2024-02-28 00:00:00+00:00
1709164800000,104.62597991649272,2024-02-29 00:00:00+00:00
1709251200000,107.79682719605779,2024-03-01 00:00:00+00:00
1709337600000,108.59462181996128,2024-03-02 00:00:00+00:00
1709424000000,108.24719651628864,2024-03-03 00:00:00+00:00
1709510400000,106.81721983535655,2024-03-04 00:00:00+00:00
1709596800000,100.91146451957339,2024-03-05 00:00:00+00:00
1709683200000,106.52892974714887,2024-03-06 00:00:00+00:00
1709769600000,108.13182323482164,2024-03-07 00:00:00+00:00
1709856000000,110.37098144067743,2024-03-08 00:00:00+00:00
1709942400000,118.59841222727101,2024-03-09 00:00:00+00:00
1710028800000,132.22510599548372,2024-03-10 00:00:00+00:00
1710115200000,132.1122783259104,2024-03-11 00:00:00+00:00
1710201600000,135.1294005585889,2024-03-12 00:00:00+00:00
1710288000000,132.20005581141194,2024-03-13 00:00:00+00:00
1710374400000,143.54946151245454,2024-03-14 00:00:00+00:00
1710460800000,141.92048638507285,2024-03-15 00:00:00+00:00
1710547200000,137.44398426824787,2024-03-16 00:00:00+00:00
1710633600000,143.4806656387874,2024-03-17 00:00:00+00:00
1710720000000,137.7261686292896,2024-03-18 00:00:00+00:00
1710806400000,134.27471899829996,2024-03-19 00:00:00+00:00
1710892800000,140.2855711866446,2024-03-20 00:00:00+00:00
1710979200000,120.1645289345747,2024-03-21 00:00:00+00:00
1711065600000,118.00332815843726,2024-03-22 00:00:00+00:00
1711152000000,117.75750403549986,2024-03-23 00:00:00+00:00
1711238400000,119.7563449482937,2024-03-24 00:00:00+00:00
1711324800000,122.22408419231193,2024-03-25 00:00:00+00:00
1711411200000,122.84520288931908,2024-03-26 00:00:00+00:00
1711497600000,124.01335147851874,2024-03-27 00:00:00+00:00
1711584000000,123.6826733563667,2024-03-28 00:00:00+00:00
1711670400000,117.06822183633275,2024-03-29 00:00:00+00:00
1711756800000,116.29977248686154,2024-03-30 00:00:00+00:00
1711843200000,117.14423345266465,2024-03-31 00:00:00+00:00
1711929600000,116.43240183185452,2024-04-01 00:00:00+00:00
1712016000000,116.54446693203467,2024-04-02 00:00:00+00:00
1712102400000,115.15076932946408,2024-04-03 00:00:00+00:00
1712188800000,114.8173373334983,2024-04-04 00:00:00+00:00
1712275200000,114.60287551837288,2024-04-05 00:00:00+00:00
1712361600000,114.61582754531526,2024-04-06 00:00:00+00:00
1712448000000,114.22615061222172,2024-04-07 00:00:00+00:00
1712534400000,113.30830033319405,2024-04-08 00:00:00+00:00
1712620800000,112.85005243315894,2024-04-09 00:00:00+00:00
1712707200000,113.00205612187355,2024-04-10 00:00:00+00:00
1712793600000,111.24063899524828,2024-04-11 00:00:00+00:00
1712880000000,112.47226158387109,2024-04-12 00:00:00+00:00
1712966400000,114.66832564566006,2024-04-13 00:00:00+00:00
1713052800000,116.79180364103497,2024-04-14 00:00:00+00:00
1713139200000,116.66028855251805,2024-04-15 00:00:00+00:00
1713225600000,115.7403001976274,2024-04-16 00:00:00+00:00
1713312000000,116.80041568674865,2024-04-17 00:00:00+00:00
1713398400000,115.7926431518531,2024-04-18 00:00:00+00:00
1713484800000,114.99088007157233,2024-04-19 00:00:00+00:00
1713571200000,114.78471289711109,2024-04-20 00:00:00+00:00
1713657600000,114.85447904298714,2024-04-21 00:00:00+00:00
1713744000000,112.82941686979302,2024-04-22 00:00:00+00:00
1713830400000,112.7266946027559,2024-04-23 00:00:00+00:00
1713916800000,114.06374099107379,2024-04-24 00:00:00+00:00
1714003200000,111.15573291103782,2024-04-25 00:00:00+00:00
1714089600000,109.21863227174798,2024-04-26 00:00:00+00:00
1714176000000,109.6044964303388,2024-04-27 00:00:00+00:00
1714262400000,109.78699394399193,2024-04-28 00:00:00+00:00
1714348800000,109.16239395065342,2024-04-29 00:00:00+00:00
1714435200000,110.05669977751931,2024-04-30 00:00:00+00:00
1714521600000,109.83557459772915,2024-05-01 00:00:00+00:00
1714608000000,109.40400534482873,2024-05-02 00:00:00+00:00
1714694400000,109.5633587253551,2024-05-03 00:00:00+00:00
1714780800000,108.27722145414214,2024-05-04 00:00:00+00:00
1714867200000,108.45039854761431,2024-05-05 00:00:00+00:00
1714953600000,109.1704307648174,2024-05-06 00:00:00+00:00
1715040000000,109.69148007183323,2024-05-07 00:00:00+00:00
1715126400000,109.35228502471203,2024-05-08 00:00:00+00:00
1715212800000,109.40754859843666,2024-05-09 00:00:00+00:00
1715299200000,109.9373272076779,2024-05-10 00:00:00+00:00
1715385600000,110.45538432983608,2024-05-11 00:00:00+00:00
1715472000000,110.99324587853415,2024-05-12 00:00:00+00:00
1715558400000,111.33823672769563,2024-05-13 00:00:00+00:00
1715644800000,111.6917414147232,2024-05-14 00:00:00+00:00
1715731200000,109.81784416382769,2024-05-15 00:00:00+00:00
1715817600000,109.7658190872551,2024-05-16 00:00:00+00:00
1715904000000,109.13375224733736,2024-05-17 00:00:00+00:00
1715990400000,108.69468709217307,2024-05-18 00:00:00+00:00
1716076800000,109.09019154494408,2024-05-19 00:00:00+00:00
1716163200000,104.62962049276763,2024-05-20 00:00:00+00:00
1716249600000,104.41561137338871,2024-05-21 00:00:00+00:00
1716336000000,104.83021361503164,2024-05-22 00:00:00+00:00
1716422400000,106.17133514435369,2024-05-23 00:00:00+00:00
1716508800000,105.07116950787211,2024-05-24 00:00:00+00:00
1716595200000,106.1741227729052,2024-05-25 00:00:00+00:00
1716681600000,107.97826514808811,2024-05-26 00:00:00+00:00
1716768000000,109.49198137308387,2024-05-27 00:00:00+00:00
1716854400000,108.13020784694051,2024-05-28 00:00:00+00:00
1716940800000,104.3895069975861,2024-05-29 00:00:00+00:00
1717027200000,104.4665856028371,2024-05-30 00:00:00+00:00
1717113600000,104.09291418193939,2024-05-31 00:00:00+00:00
1717200000000,103.71318847669028,2024-06-01 00:00:00+00:00
1717286400000,102.08359095802469,2024-06-02 00:00:00+00:00
1717372800000,101.88125474610005,2024-06-03 00:00:00+00:00
1717459200000,106.52949495057594,2024-06-04 00:00:00+00:00
1717545600000,106.6583137392629,2024-06-05 00:00:00+00:00
1717632000000,104.67754227849531,2024-06-06 00:00:00+00:00
1717718400000,99.65289627912288,2024-06-07 00:00:00+00:00
1717804800000,99.34307628791302,2024-06-08 00:00:00+00:00
1717891200000,99.87376039980036,2024-06-09 00:00:00+00:00
1717977600000,99.84908011676411,2024-06-10 00:00:00+00:00
1718064000000,95.04675104769306,2024-06-11 00:00:00+00:00
1718150400000,94.24409263926482,2024-06-12 00:00:00+00:00
1718236800000,95.65086523357968,2024-06-13 00:00:00+00:00
1718323200000,96.07394459215098,2024-06-14 00:00:00+00:00
1718409600000,94.17800810177442,2024-06-15 00:00:00+00:00
1718496000000,93.75515835708359,2024-06-16 00:00:00+00:00
1718582400000,95.12302878173497,2024-06-17 00:00:00+00:00
1718668800000,99.21200420389974,2024-06-18 00:00:00+00:00
1718755200000,98.30073890867159,2024-06-19 00:00:00+00:00
1718841600000,97.49568465777222,2024-06-20 00:00:00+00:00
1718928000000,98.47308834786247,2024-06-21 00:00:00+00:00
1719014400000,99.32341383527258,2024-06-22 00:00:00+00:00
1719100800000,100.87397883776367,2024-06-23 00:00:00+00:00
1719187200000,101.05696526234905,2024-06-24 00:00:00+00:00
1719273600000,100.09168114156611,2024-06-25 00:00:00+00:00
1719360000000,101.50762693353408,2024-06-26 00:00:00+00:00
1719446400000,100.53341520003924,2024-06-27 00:00:00+00:00
1719532800000,101.45417679411051,2024-06-28 00:00:00+00:00
1719619200000,102.15402734756323,2024-06-29 00:00:00+00:00
1719705600000,101.84477047314077,2024-06-30 00:00:00+00:00
1719792000000,102.39885849116777,2024-07-01 00:00:00+00:00
1719878400000,100.84767580029535,2024-07-02 00:00:00+00:00
1719964800000,103.62767884010937,2024-07-03 00:00:00+00:00
1720051200000,108.45759393571839,2024-07-04 00:00:00+00:00
1720137600000,110.7825596362546,2024-07-05 00:00:00+00:00
1720224000000,106.08456657656492,2024-07-06 00:00:00+00:00
1720310400000,111.60393135485813,2024-07-07 00:00:00+00:00
1720396800000,110.26597814452474,2024-07-08 00:00:00+00:00
1720483200000,108.48586278954552,2024-07-09 00:00:00+00:00
1720569600000,108.34942987977173,2024-07-10 00:00:00+00:00
1720656000000,107.66490475703085,2024-07-11 00:00:00+00:00
1720742400000,104.64010016397323,2024-07-12 00:00:00+00:00
1720828800000,93.78775420327354,2024-07-13 00:00:00+00:00
1720915200000,93.23708540338276,2024-07-14 00:00:00+00:00
1721001600000,87.84686512615917,2024-07-15 00:00:00+00:00
1721088000000,86.119463069259,2024-07-16 00:00:00+00:00
1721174400000,84.36283108164558,2024-07-17 00:00:00+00:00
1721260800000,85.20736509688373,2024-07-18 00:00:00+00:00
1721347200000,85.2669335160102,2024-07-19 00:00:00+00:00
1721433600000,85.69784997263085,2024-07-20 00:00:00+00:00
1721520000000,86.18447183258927,2024-07-21 00:00:00+00:00
1721606400000,87.06564523586822,2024-07-22 00:00:00+00:00
1721692800000,85.54274069719231,2024-07-23 00:00:00+00:00
1721779200000,86.7246968929568,2024-07-24 00:00:00+00:00
1721865600000,86.74334823046586,2024-07-25 00:00:00+00:00
1721952000000,87.44110374427599,2024-07-26 00:00:00+00:00
1722038400000,86.47087102745076,2024-07-27 00:00:00+00:00
1722124800000,87.4825001983547,2024-07-28 00:00:00+00:00
1722211200000,88.37862573979474,2024-07-29 00:00:00+00:00
1722297600000,89.72860109818554,2024-07-30 00:00:00+00:00
1722384000000,90.83686593338946,2024-07-31 00:00:00+00:00
1722470400000,89.10590341778934,2024-08-01 00:00:00+00:00
1722556800000,89.086517225324,2024-08-02 00:00:00+00:00
1722643200000,89.41279096949815,2024-08-03 00:00:00+00:00
1722729600000,87.99738614248955,2024-08-04 00:00:00+00:00
1722816000000,83.05837834098398,2024-08-05 00:00:00+00:00
1722902400000,81.8196778229231,2024-08-06 00:00:00+00:00
1722988800000,83.2180790315763,2024-08-07 00:00:00+00:00
1723075200000,79.66057271033422,2024-08-08 00:00:00+00:00
1723161600000,80.42488386023913,2024-08-09 00:00:00+00:00
1723248000000,80.30509667630476,2024-08-10 00:00:00+00:00
1723334400000,81.95376366432035,2024-08-11 00:00:00+00:00
1723420800000,80.57590554716141,2024-08-12 00:00:00+00:00
1723507200000,80.14677128046652,2024-08-13 00:00:00+00:00
1723593600000,80.79809676083468,2024-08-14 00:00:00+00:00
1723680000000,81.84808122250611,2024-08-15 00:00:00+00:00
1723766400000,81.9847114052378,2024-08-16 00:00:00+00:00
1723852800000,81.80790610063313,2024-08-17 00:00:00+00:00
1723939200000,81.89192717927698,2024-08-18 00:00:00+00:00
1724025600000,81.67569774850831,2024-08-19 00:00:00+00:00
1724112000000,81.66864743292007,2024-08-20 00:00:00+00:00
1724198400000,81.08204442684803,2024-08-21 00:00:00+00:00
1724284800000,80.91913713499636,2024-08-22 00:00:00+00:00
1724371200000,78.14762436274135,2024-08-23 00:00:00+00:00
1724457600000,77.61679910113672,2024-08-24 00:00:00+00:00
1724544000000,78.62124581022029,2024-08-25 00:00:00+00:00
1724630400000,78.59200227905933,2024-08-26 00:00:00+00:00
1724716800000,79.9892935090271,2024-08-27 00:00:00+00:00
1724803200000,79.3795405654391,2024-08-28 00:00:00+00:00
1724889600000,79.72370710223615,2024-08-29 00:00:00+00:00
1724976000000,79.75604680525788,2024-08-30 00:00:00+00:00
1725062400000,79.39616641945815,2024-08-31 00:00:00+00:00
1725148800000,79.8129332103743,2024-09-01 00:00:00+00:00
1725235200000,78.48052013218147,2024-09-02 00:00:00+00:00
1725321600000,78.73378106080304,2024-09-03 00:00:00+00:00
1725408000000,78.44326564887048,2024-09-04 00:00:00+00:00
1725494400000,79.17484042014298,2024-09-05 00:00:00+00:00
1725580800000,80.162135749942,2024-09-06 00:00:00+00:00
1725667200000,80.45104492476172,2024-09-07 00:00:00+00:00
1725753600000,80.54351715504686,2024-09-08 00:00:00+00:00
1725840000000,80.23266929990304,2024-09-09 00:00:00+00:00
1725926400000,79.63004052783879,2024-09-10 00:00:00+00:00
1726012800000,80.17223391879415,2024-09-11 00:00:00+00:00
1726099200000,79.67219854112113,2024-09-12 00:00:00+00:00
1726185600000,78.31644107104412,2024-09-13 00:00:00+00:00
1726272000000,78.2476853214129,2024-09-14 00:00:00+00:00
1726358400000,79.18502482453228,2024-09-15 00:00:00+00:00
1726444800000,79.82500091939966,2024-09-16 00:00:00+00:00
1726531200000,79.33465652878503,2024-09-17 00:00:00+00:00
1726617600000,77.96056190689619,2024-09-18 00:00:00+00:00
1726704000000,76.60508802453495,2024-09-19 00:00:00+00:00
1726790400000,74.68586183979357,2024-09-20 00:00:00+00:00
1726876800000,74.18548825872941,2024-09-21 00:00:00+00:00
1726963200000,73.99173460065221,2024-09-22 00:00:00+00:00
1727049600000,73.78874144629744,2024-09-23 00:00:00+00:00
1727136000000,76.6604216559914,2024-09-24 00:00:00+00:00
1727222400000,75.48391257499568,2024-09-25 00:00:00+00:00
1727308800000,74.77859357904597,2024-09-26 00:00:00+00:00
1727395200000,75.48943934675847,2024-09-27 00:00:00+00:00
1727481600000,74.99321088543914,2024-09-28 00:00:00+00:00
1727568000000,75.9920910537901,2024-09-29 00:00:00+00:00
1727654400000,75.18332239071782,2024-09-30 00:00:00+00:00
1727740800000,74.59846403532805,2024-10-01 00:00:00+00:00
1727827200000,75.01312562802806,2024-10-02 00:00:00+00:00
1727913600000,72.37655835719495,2024-10-03 00:00:00+00:00
1728000000000,74.5661294396841,2024-10-04 00:00:00+00:00
1728086400000,73.74884750542513,2024-10-05 00:00:00+00:00
1728172800000,74.69124705648795,2024-10-06 00:00:00+00:00
1728259200000,76.18188910457926,2024-10-07 00:00:00+00:00
1728345600000,75.76530205885841,2024-10-08 00:00:00+00:00
1728432000000,73.79962471198354,2024-10-09 00:00:00+00:00
1728518400000,73.22558234739934,2024-10-10 00:00:00+00:00
1728604800000,76.80893557497588,2024-10-11 00:00:00+00:00
1728691200000,79.56482421875906,2024-10-12 00:00:00+00:00
1728777600000,80.36136127473512,2024-10-13 00:00:00+00:00
1728864000000,79.1921836485871,2024-10-14 00:00:00+00:00
1728950400000,76.38746965155869,2024-10-15 00:00:00+00:00
1729036800000,76.28565473706352,2024-10-16 00:00:00+00:00
1729123200000,75.62931616431494,2024-10-17 00:00:00+00:00
1729209600000,76.69445114497665,2024-10-18 00:00:00+00:00
1729296000000,75.64352048206553,2024-10-19 00:00:00+00:00
1729382400000,77.26458022285887,2024-10-20 00:00:00+00:00
1729468800000,74.84747816496301,2024-10-21 00:00:00+00:00
1729555200000,73.99571471900168,2024-10-22 00:00:00+00:00
1729641600000,74.10899698314655,2024-10-23 00:00:00+00:00
1729728000000,73.65024934951661,2024-10-24 00:00:00+00:00
1729814400000,71.02418353757723,2024-10-25 00:00:00+00:00
1729900800000,70.83993962154793,2024-10-26 00:00:00+00:00
1729987200000,72.6205604617491,2024-10-27 00:00:00+00:00
1730073600000,74.96254027536398,2024-10-28 00:00:00+00:00
1730160000000,77.01644545204107,2024-10-29 00:00:00+00:00
1730246400000,75.96353631579483,2024-10-30 00:00:00+00:00
1730332800000,74.26783404347387,2024-10-31 00:00:00+00:00
1730419200000,74.42407460959339,2024-11-01 00:00:00+00:00
1730505600000,74.0084941807293,2024-11-02 00:00:00+00:00
1730592000000,73.0323308452604,2024-11-03 00:00:00+00:00
1730678400000,73.82823969210055,2024-11-04 00:00:00+00:00
1730764800000,76.06234917496647,2024-11-05 00:00:00+00:00
1730851200000,82.0788031104875,2024-11-06 00:00:00+00:00
1730937600000,82.04922439440585,2024-11-07 00:00:00+00:00
1731024000000,84.2301841303444,2024-11-08 00:00:00+00:00
1731110400000,86.53665281630165,2024-11-09 00:00:00+00:00
1731196800000,94.35743995498274,2024-11-10 00:00:00+00:00
1731283200000,104.38929198379302,2024-11-11 00:00:00+00:00
1731369600000,106.68839955938274,2024-11-12 00:00:00+00:00
1731456000000,107.70055041460988,2024-11-13 00:00:00+00:00
1731542400000,101.82394334983624,2024-11-14 00:00:00+00:00
1731628800000,105.29048115335425,2024-11-15 00:00:00+00:00
1731715200000,105.92826075232253,2024-11-16 00:00:00+00:00
1731801600000,106.12890282478587,2024-11-17 00:00:00+00:00
1731888000000,106.86664859223947,2024-11-18 00:00:00+00:00
1731974400000,108.51520059829902,2024-11-19 00:00:00+00:00
1732060800000,106.11403005673101,2024-11-20 00:00:00+00:00
1732147200000,109.22625861590696,2024-11-21 00:00:00+00:00
1732233600000,113.03679485907494,2024-11-22 00:00:00+00:00
1732320000000,116.8296924147574,2024-11-23 00:00:00+00:00
1732406400000,118.61165739666777,2024-11-24 00:00:00+00:00
1732492800000,111.18723316254847,2024-11-25 00:00:00+00:00
1732579200000,112.04771361958873,2024-11-26 00:00:00+00:00
1732665600000,116.4540177793753,2024-11-27 00:00:00+00:00
1732752000000,116.19786977285905,2024-11-28 00:00:00+00:00
1732838400000,118.98834265753487,2024-11-29 00:00:00+00:00
1732924800000,120.60252795852304,2024-11-30 00:00:00+00:00
1733011200000,123.61241775294833,2024-12-01 00:00:00+00:00
1733097600000,128.31998122930344,2024-12-02 00:00:00+00:00
1733184000000,125.13420693014834,2024-12-03 00:00:00+00:00
1733270400000,127.05251824131008,2024-12-04 00:00:00+00:00
1733356800000,126.76568018726852,2024-12-05 00:00:00+00:00
1733443200000,127.64513627957041,2024-12-06 00:00:00+00:00
1733529600000,130.14869590476053,2024-12-07 00:00:00+00:00
1733616000000,133.8813247650518,2024-12-08 00:00:00+00:00
1733702400000,119.12750433828353,2024-12-09 00:00:00+00:00
1733788800000,116.4623314692968,2024-12-10 00:00:00+00:00
1733875200000,121.59191795149275,2024-12-11 00:00:00+00:00
1733961600000,118.4767064704181,2024-12-12 00:00:00+00:00
1734048000000,119.16868882896331,2024-12-13 00:00:00+00:00
1734134400000,116.88038520038485,2024-12-14 00:00:00+00:00
1734220800000,118.36844349866134,2024-12-15 00:00:00+00:00
1734307200000,116.47727130644165,2024-12-16 00:00:00+00:00
1734393600000,114.85189775843583,2024-12-17 00:00:00+00:00
1734480000000,109.92654797106077,2024-12-18 00:00:00+00:00
1734566400000,109.16897538458223,2024-12-19 00:00:00+00:00
1734652800000,109.44659898201087,2024-12-20 00:00:00+00:00
1734739200000,108.10790225169045,2024-12-21 00:00:00+00:00
1734825600000,108.42594362726418,2024-12-22 00:00:00+00:00
1734912000000,111.67304176035523,2024-12-23 00:00:00+00:00
1734998400000,114.4724109721301,2024-12-24 00:00:00+00:00
1735084800000,112.89699419200184,2024-12-25 00:00:00+00:00
1735171200000,109.39043380046198,2024-12-26 00:00:00+00:00
1735257600000,108.23370010062278,2024-12-27 00:00:00+00:00
1735344000000,109.35064309387506,2024-12-28 00:00:00+00:00
1735430400000,108.62446987294098,2024-12-29 00:00:00+00:00
1735516800000,108.43318863895803,2024-12-30 00:00:00+00:00
1735603200000,108.53522698733552,2024-12-31 00:00:00+00:00
1735689600000,108.5066545672992,2025-01-01 00:00:00+00:00
1735776000000,105.81896789053889,2025-01-02 00:00:00+00:00
1735862400000,104.7039440097378,2025-01-03 00:00:00+00:00
1735948800000,104.0758099102498,2025-01-04 00:00:00+00:00
1736035200000,102.47851062990875,2025-01-05 00:00:00+00:00
1736121600000,102.39925772094381,2025-01-06 00:00:00+00:00
1736208000000,102.88490620294671,2025-01-07 00:00:00+00:00
1736294400000,102.68213417001228,2025-01-08 00:00:00+00:00
1736380800000,101.88855153752064,2025-01-09 00:00:00+00:00
1736467200000,102.51777698264574,2025-01-10 00:00:00+00:00
1736553600000,103.03370294653888,2025-01-11 00:00:00+00:00
1736640000000,102.34612583725999,2025-01-12 00:00:00+00:00
1736726400000,102.33542141897652,2025-01-13 00:00:00+00:00
1736812800000,102.33542141897652,2025-01-14 00:00:00+00:00
1736899200000,102.33542141897652,2025-01-15 00:00:00+00:00
1736985600000,102.33542141897652,2025-01-16 00:00:00+00:00
1737072000000,102.33542141897652,2025-01-17 00:00:00+00:00
1737158400000,102.33542141897652,2025-01-18 00:00:00+00:00
1737244800000,102.33542141897652,2025-01-19 00:00:00+00:00
1737331200000,102.33542141897652,2025-01-20 00:00:00+00:00
1737417600000,102.33542141897652,2025-01-21 00:00:00+00:00
1737504000000,102.33542141897652,2025-01-22 00:00:00+00:00
1737590400000,102.33542141897652,2025-01-23 00:00:00+00:00
1737676800000,102.35202764031506,2025-01-24 00:00:00+00:00
1737763200000,102.52172560315472,2025-01-25 00:00:00+00:00
1737849600000,102.10255208759254,2025-01-26 00:00:00+00:00
1737936000000,101.79275770257068,2025-01-27 00:00:00+00:00
1738022400000,103.48217510540881,2025-01-28 00:00:00+00:00
1738108800000,103.04295759352667,2025-01-29 00:00:00+00:00
1738195200000,103.04375082969386,2025-01-30 00:00:00+00:00
1738281600000,102.36824907860195,2025-01-31 00:00:00+00:00
1738368000000,103.70358646909457,2025-02-01 00:00:00+00:00
1738454400000,108.5826500698393,2025-02-02 00:00:00+00:00
1738540800000,108.50041900833436,2025-02-03 00:00:00+00:00
1738627200000,112.44675954284344,2025-02-04 00:00:00+00:00
1738713600000,112.98836549387856,2025-02-05 00:00:00+00:00
1738800000000,114.69666937761866,2025-02-06 00:00:00+00:00
1738886400000,114.42280451650903,2025-02-07 00:00:00+00:00
1738972800000,113.22100033437661,2025-02-08 00:00:00+00:00
1739059200000,112.09056228181056,2025-02-09 00:00:00+00:00
1739145600000,111.57653174853371,2025-02-10 00:00:00+00:00
1739232000000,112.2777967670586,2025-02-11 00:00:00+00:00
1739318400000,109.17168616975546,2025-02-12 00:00:00+00:00
1739404800000,111.09321123275608,2025-02-13 00:00:00+00:00
1739491200000,109.63314991452364,2025-02-14 00:00:00+00:00
1739577600000,111.08958568942026,2025-02-15 00:00:00+00:00
1739664000000,109.44395728921623,2025-02-16 00:00:00+00:00
1739750400000,110.15689496482429,2025-02-17 00:00:00+00:00
1739836800000,110.97101666971453,2025-02-18 00:00:00+00:00
1739923200000,111.76737393964615,2025-02-19 00:00:00+00:00
1740009600000,110.34344450489974,2025-02-20 00:00:00+00:00
1740096000000,111.57878369138017,2025-02-21 00:00:00+00:00
1740182400000,109.94672948509303,2025-02-22 00:00:00+00:00
1740268800000,110.67726630127122,2025-02-23 00:00:00+00:00
1740355200000,115.40653000663272,2025-02-24 00:00:00+00:00
1740441600000,114.53536336526314,2025-02-25 00:00:00+00:00
1740528000000,114.5548992921961,2025-02-26 00:00:00+00:00
1740614400000,114.91538435524531,2025-02-27 00:00:00+00:00
1740700800000,115.81795272492162,2025-02-28 00:00:00+00:00
1740787200000,116.39126793882049,2025-03-01 00:00:00+00:00
1740873600000,112.83584573776066,2025-03-02 00:00:00+00:00
1740960000000,119.29851099827145,2025-03-03 00:00:00+00:00
1741046400000,119.79000905119071,2025-03-04 00:00:00+00:00
1741132800000,119.26172625433074,2025-03-05 00:00:00+00:00
1741219200000,119.46555387014493,2025-03-06 00:00:00+00:00
1741305600000,120.39989778841857,2025-03-07 00:00:00+00:00
1741392000000,120.62997331569059,2025-03-08 00:00:00+00:00
1741478400000,124.80656591361718,2025-03-09 00:00:00+00:00
1741564800000,127.14677499738067,2025-03-10 00:00:00+00:00
1741651200000,125.55117935616428,2025-03-11 00:00:00+00:00
1741737600000,123.34678942979244,2025-03-12 00:00:00+00:00
1741824000000,122.8177092143652,2025-03-13 00:00:00+00:00
1741910400000,121.87759226518216,2025-03-14 00:00:00+00:00
1741996800000,118.19930579814941,2025-03-15 00:00:00+00:00
1742083200000,118.21720846749218,2025-03-16 00:00:00+00:00
1742169600000,117.09253418361332,2025-03-17 00:00:00+00:00
1742256000000,117.250441397413,2025-03-18 00:00:00+00:00
1742342400000,116.7809013110322,2025-03-19 00:00:00+00:00
1742428800000,117.12229458083777,2025-03-20 00:00:00+00:00
1742515200000,117.70008021728397,2025-03-21 00:00:00+00:00
1742601600000,116.9244970097988,2025-03-22 00:00:00+00:00
1742688000000,116.62655551397155,2025-03-23 00:00:00+00:00
1742774400000,113.50643140346165,2025-03-24 00:00:00+00:00
1742860800000,112.82778089189858,2025-03-25 00:00:00+00:00
1742947200000,113.6502431682929,2025-03-26 00:00:00+00:00
1743033600000,112.94294732430113,2025-03-27 00:00:00+00:00
1743120000000,116.86364882051396,2025-03-28 00:00:00+00:00
1743206400000,119.55734820755785,2025-03-29 00:00:00+00:00
1743292800000,119.61092301846799,2025-03-30 00:00:00+00:00
1743379200000,120.27882765603675,2025-03-31 00:00:00+00:00
1743465600000,119.37207723509734,2025-04-01 00:00:00+00:00
1743552000000,122.66311461473629,2025-04-02 00:00:00+00:00
1743638400000,122.12078735512948,2025-04-03 00:00:00+00:00
1743724800000,121.94841555637967,2025-04-04 00:00:00+00:00
1743811200000,122.45707488961695,2025-04-05 00:00:00+00:00
1743897600000,126.49063110488513,2025-04-06 00:00:00+00:00
1743984000000,125.56388665507727,2025-04-07 00:00:00+00:00
1744070400000,127.01514629462976,2025-04-08 00:00:00+00:00
1744156800000,122.99834341072103,2025-04-09 00:00:00+00:00
1744243200000,124.20403609561085,2025-04-10 00:00:00+00:00
1744329600000,122.78285152308332,2025-04-11 00:00:00+00:00
1744416000000,121.11737639162011,2025-04-12 00:00:00+00:00
1744502400000,122.31690749239792,2025-04-13 00:00:00+00:00
1744588800000,122.42312994865341,2025-04-14 00:00:00+00:00
1744675200000,123.69637245433286,2025-04-15 00:00:00+00:00
1744761600000,124.15959889947939,2025-04-16 00:00:00+00:00
1744848000000,122.90293190747173,2025-04-17 00:00:00+00:00
1744934400000,122.66956490483507,2025-04-18 00:00:00+00:00
1745020800000,120.93749243642417,2025-04-19 00:00:00+00:00
1745107200000,120.00952738896758,2025-04-20 00:00:00+00:00
1745193600000,120.66509616606564,2025-04-21 00:00:00+00:00
1745280000000,115.9931175892623,2025-04-22 00:00:00+00:00
1745366400000,115.10351078469573,2025-04-23 00:00:00+00:00
1745452800000,114.33997145593926,2025-04-24 00:00:00+00:00
1745539200000,114.32042168850784,2025-04-25 00:00:00+00:00
1745625600000,114.01828672376149,2025-04-26 00:00:00+00:00
1745712000000,111.71936391444446,2025-04-27 00:00:00+00:00
1745798400000,114.65588362900036,2025-04-28 00:00:00+00:00
1745884800000,113.3206021997753,2025-04-29 00:00:00+00:00
1745971200000,113.92659141022294,2025-04-30 00:00:00+00:00
1746057600000,113.41971771222063,2025-05-01 00:00:00+00:00
1746144000000,115.75450576835452,2025-05-02 00:00:00+00:00
1746230400000,111.64840457119602,2025-05-03 00:00:00+00:00
1746316800000,109.59431459640385,2025-05-04 00:00:00+00:00
1746403200000,111.680826212291,2025-05-05 00:00:00+00:00
1746489600000,114.0185164472515,2025-05-06 00:00:00+00:00
1746576000000,114.16581248316315,2025-05-07 00:00:00+00:00
1746662400000,124.7315233218305,2025-05-08 00:00:00+00:00
1746748800000,126.21519602130672,2025-05-09 00:00:00+00:00
1746835200000,132.70747612059466,2025-05-10 00:00:00+00:00
1746921600000,128.48144484085475,2025-05-11 00:00:00+00:00
1747008000000,127.82657716492088,2025-05-12 00:00:00+00:00
1747094400000,130.3230597035,2025-05-13 00:00:00+00:00
1747180800000,127.0491853286677,2025-05-14 00:00:00+00:00
1747267200000,123.54006243532415,2025-05-15 00:00:00+00:00
1747353600000,122.18095633300042,2025-05-16 00:00:00+00:00
1747440000000,121.11083875504487,2025-05-17 00:00:00+00:00
1747526400000,123.57167597076108,2025-05-18 00:00:00+00:00
1747612800000,119.94558143354183,2025-05-19 00:00:00+00:00
1747699200000,120.98867532401195,2025-05-20 00:00:00+00:00
1747785600000,126.17158635926872,2025-05-21 00:00:00+00:00
1747872000000,133.17539018450407,2025-05-22 00:00:00+00:00
1747958400000,127.23297851059355,2025-05-23 00:00:00+00:00
1748044800000,127.81792497075051,2025-05-24 00:00:00+00:00
1748131200000,127.72681110418175,2025-05-25 00:00:00+00:00
1748217600000,128.03160570062255,2025-05-26 00:00:00+00:00
1748304000000,129.61757493404727,2025-05-27 00:00:00+00:00
1748390400000,130.35637357756872,2025-05-28 00:00:00+00:00
1748476800000,125.7223809312241,2025-05-29 00:00:00+00:00
1748563200000,118.41635550380761,2025-05-30 00:00:00+00:00
1748649600000,123.7944524599479,2025-05-31 00:00:00+00:00
1748736000000,121.92769933761805,2025-06-01 00:00:00+00:00
1748822400000,121.96455581190814,2025-06-02 00:00:00+00:00
1748908800000,121.6821238814153,2025-06-03 00:00:00+00:00
1748995200000,120.8031830186598,2025-06-04 00:00:00+00:00
1749081600000,120.15353361047211,2025-06-05 00:00:00+00:00
1749168000000,119.4070894068168,2025-06-06 00:00:00+00:00
1749254400000,122.67548567053926,2025-06-07 00:00:00+00:00
1749340800000,120.65042917672938,2025-06-08 00:00:00+00:00
1749427200000,123.28439546921545,2025-06-09 00:00:00+00:00
1749513600000,124.94373233144657,2025-06-10 00:00:00+00:00
1749600000000,120.68399383876287,2025-06-11 00:00:00+00:00
1749686400000,115.67514422700998,2025-06-12 00:00:00+00:00
1749772800000,114.69269567346119,2025-06-13 00:00:00+00:00
1749859200000,113.1514569496746,2025-06-14 00:00:00+00:00
1749945600000,113.47863118300536,2025-06-15 00:00:00+00:00
1750032000000,114.33356132514066,2025-06-16 00:00:00+00:00
1750118400000,113.62956800464215,2025-06-17 00:00:00+00:00
1750204800000,114.0374314760067,2025-06-18 00:00:00+00:00
1750291200000,114.32160520018354,2025-06-19 00:00:00+00:00
1750377600000,112.42814332061393,2025-06-20 00:00:00+00:00
1750464000000,110.77622910659463,2025-06-21 00:00:00+00:00
1750550400000,110.77622910659463,2025-06-22 00:00:00+00:00
1750636800000,108.78563581175091,2025-06-23 00:00:00+00:00
1750723200000,108.16387664701764,2025-06-24 00:00:00+00:00
1750809600000,109.37526271990882,2025-06-25 00:00:00+00:00
1750896000000,109.92472430734752,2025-06-26 00:00:00+00:00
1750982400000,109.69658528566245,2025-06-27 00:00:00+00:00
1751068800000,108.01225093729045,2025-06-28 00:00:00+00:00
1751155200000,106.21318376952772,2025-06-29 00:00:00+00:00
1751241600000,108.04040808217994,2025-06-30 00:00:00+00:00
1751328000000,110.11483816997986,2025-07-01 00:00:00+00:00
1751414400000,106.18187985870371,2025-07-02 00:00:00+00:00
1751500800000,105.39496239201583,2025-07-03 00:00:00+00:00
1751587200000,108.04328239856555,2025-07-04 00:00:00+00:00
1751673600000,107.63380714784452,2025-07-05 00:00:00+00:00
1751760000000,107.29897246617483,2025-07-06 00:00:00+00:00
1751846400000,108.12982437544191,2025-07-07 00:00:00+00:00
1751932800000,107.3348540126399,2025-07-08 00:00:00+00:00
1752019200000,104.68699132481251,2025-07-09 00:00:00+00:00
1752105600000,103.2551405212335,2025-07-10 00:00:00+00:00
1752192000000,105.70298402570711,2025-07-11 00:00:00+00:00
1752278400000,105.99913814802788,2025-07-12 00:00:00+00:00
1752364800000,111.78115447362431,2025-07-13 00:00:00+00:00
1752451200000,111.22621874932064,2025-07-14 00:00:00+00:00
1752537600000,109.2511639077201,2025-07-15 00:00:00+00:00
1752624000000,113.62697160060127,2025-07-16 00:00:00+00:00
1752710400000,123.93752708203222,2025-07-17 00:00:00+00:00
1752796800000,123.36469233843017,2025-07-18 00:00:00+00:00
1752883200000,121.1956496793188,2025-07-19 00:00:00+00:00
1752969600000,120.53160980576257,2025-07-20 00:00:00+00:00
1753056000000,122.58353456510667,2025-07-21 00:00:00+00:00
1753142400000,123.0990385769447,2025-07-22 00:00:00+00:00
1753228800000,113.40230125902256,2025-07-23 00:00:00+00:00
1753315200000,113.96045906048344,2025-07-24 00:00:00+00:00
1753401600000,115.37698829305093,2025-07-25 00:00:00+00:00
1753488000000,116.8478264425347,2025-07-26 00:00:00+00:00
1753574400000,118.34100106540197,2025-07-27 00:00:00+00:00
1753660800000,115.84315719362323,2025-07-28 00:00:00+00:00
1753747200000,120.79754921055202,2025-07-29 00:00:00+00:00
1753833600000,116.15243158134494,2025-07-30 00:00:00+00:00
1753920000000,114.0076009594891,2025-07-31 00:00:00+00:00
1754006400000,111.46054773794597,2025-08-01 00:00:00+00:00
1754092800000,107.62025529933274,2025-08-02 00:00:00+00:00
1754179200000,111.380698033053,2025-08-03 00:00:00+00:00
1754265600000,113.16058525039544,2025-08-04 00:00:00+00:00
1754352000000,111.87614780992777,2025-08-05 00:00:00+00:00
1754438400000,114.0568175404595,2025-08-06 00:00:00+00:00
1754524800000,117.3411051257174,2025-08-07 00:00:00+00:00
1754611200000,118.26286275021346,2025-08-08 00:00:00+00:00
1754697600000,121.94126119423939,2025-08-09 00:00:00+00:00
1754784000000,124.1978889901953,2025-08-10 00:00:00+00:00
1754870400000,125.92716432616176,2025-08-11 00:00:00+00:00
1754956800000,131.86331645072104,2025-08-12 00:00:00+00:00
1755043200000,135.43663466471156,2025-08-13 00:00:00+00:00
1755129600000,130.78597576868046,2025-08-14 00:00:00+00:00
1755216000000,128.34009294625375,2025-08-15 00:00:00+00:00
1755302400000,127.11353763439779,2025-08-16 00:00:00+00:00
1755388800000,128.65994155944549,2025-08-17 00:00:00+00:00
1755475200000,125.53280595866694,2025-08-18 00:00:00+00:00
1755561600000,121.52827061890648,2025-08-19 00:00:00+00:00
1755648000000,126.49969694316569,2025-08-20 00:00:00+00:00
1755734400000,124.56335034049917,2025-08-21 00:00:00+00:00
1755820800000,136.98602421958986,2025-08-22 00:00:00+00:00
1755907200000,134.89652093261608,2025-08-23 00:00:00+00:00
1755993600000,133.51161344136779,2025-08-24 00:00:00+00:00
1756080000000,122.19673567058274,2025-08-25 00:00:00+00:00
1756166400000,127.48631769098118,2025-08-26 00:00:00+00:00
1756252800000,124.15448530590474,2025-08-27 00:00:00+00:00
1756339200000,124.20027177554674,2025-08-28 00:00:00+00:00
1756425600000,119.42053871095267,2025-08-29 00:00:00+00:00
1756512000000,119.76441371083205,2025-08-30 00:00:00+00:00
1756598400000,119.60379610375576,2025-08-31 00:00:00+00:00
1756684800000,117.58152457894546,2025-09-01 00:00:00+00:00
1756771200000,118.88370453032078,2025-09-02 00:00:00+00:00
1756857600000,120.37473194467206,2025-09-03 00:00:00+00:00
1756944000000,117.1030102617096,2025-09-04 00:00:00+00:00
1757030400000,117.58486255369046,2025-09-05 00:00:00+00:00
1757116800000,117.95143300689399,2025-09-06 00:00:00+00:00
1757203200000,118.17036359458291,2025-09-07 00:00:00+00:00
1757289600000,116.29716125089948,2025-09-08 00:00:00+00:00
1757376000000,117.25993314721346,2025-09-09 00:00:00+00:00
1757462400000,116.82638105329413,2025-09-10 00:00:00+00:00
1757548800000,116.4847755723944,2025-09-11 00:00:00+00:00
1757635200000,117.8486617654739,2025-09-12 00:00:00+00:00
1757721600000,118.30624518578703,2025-09-13 00:00:00+00:00
1757808000000,116.50642746085681,2025-09-14 00:00:00+00:00
1757894400000,114.45921222121473,2025-09-15 00:00:00+00:00
1757980800000,117.17729573332777,2025-09-16 00:00:00+00:00
1758067200000,121.6436857130311,2025-09-17 00:00:00+00:00
1758153600000,121.5499954564028,2025-09-18 00:00:00+00:00
1758240000000,119.15678161455823,2025-09-19 00:00:00+00:00
1758326400000,122.98365863698687,2025-09-20 00:00:00+00:00
1758412800000,122.24195153842174,2025-09-21 00:00:00+00:00
1758499200000,115.33642369943377,2025-09-22 00:00:00+00:00
1758585600000,114.62758009157443,2025-09-23 00:00:00+00:00
1758672000000,114.53099856199897,2025-09-24 00:00:00+00:00
1758758400000,106.2008554037778,2025-09-25 00:00:00+00:00
1758844800000,107.71258737832149,2025-09-26 00:00:00+00:00
1758931200000,108.41558725612607,2025-09-27 00:00:00+00:00
1759017600000,111.11098417051858,2025-09-28 00:00:00+00:00
1759104000000,115.10217552794293,2025-09-29 00:00:00+00:00
1759190400000,111.2995625752325,2025-09-30 00:00:00+00:00
1759276800000,113.35290483627037,2025-10-01 00:00:00+00:00
1759363200000,119.72340299729426,2025-10-02 00:00:00+00:00
1759449600000,125.51964028459396,2025-10-03 00:00:00+00:00
1759536000000,122.45510923368826,2025-10-04 00:00:00+00:00
1759622400000,122.83436197757008,2025-10-05 00:00:00+00:00
1759708800000,129.14338424381842,2025-10-06 00:00:00+00:00
1759795200000,130.6257469640005,2025-10-07 00:00:00+00:00
1759881600000,131.01374638001988,2025-10-08 00:00:00+00:00
1759968000000,130.60210969360236,2025-10-09 00:00:00+00:00
1760054400000,116.91414787812617,2025-10-10 00:00:00+00:00
1760140800000,123.60472137993358,2025-10-11 00:00:00+00:00
1760227200000,130.62685491400097,2025-10-12 00:00:00+00:00
1760313600000,128.6028489141795,2025-10-13 00:00:00+00:00
1760400000000,123.57046869882332,2025-10-14 00:00:00+00:00
1760486400000,119.93908633886865,2025-10-15 00:00:00+00:00
1760572800000,117.15294315111859,2025-10-16 00:00:00+00:00
1760659200000,113.86704265802777,2025-10-17 00:00:00+00:00
1760745600000,115.26274599734502,2025-10-18 00:00:00+00:00
1760832000000,117.05972467167342,2025-10-19 00:00:00+00:00
1760918400000,118.84011119196417,2025-10-20 00:00:00+00:00
1761004800000,118.97648167913795,2025-10-21 00:00:00+00:00
1761091200000,117.56030401248456,2025-10-22 00:00:00+00:00
1761177600000,117.24640687682133,2025-10-23 00:00:00+00:00
1761264000000,118.48927948213598,2025-10-24 00:00:00+00:00
1761350400000,119.29938909988174,2025-10-25 00:00:00+00:00
1761436800000,121.74166081297389,2025-10-26 00:00:00+00:00
1761523200000,123.6015699455111,2025-10-27 00:00:00+00:00
1761609600000,121.83715766359167,2025-10-28 00:00:00+00:00
1761696000000,124.56476831939159,2025-10-29 00:00:00+00:00
1761782400000,125.29493435081264,2025-10-30 00:00:00+00:00
1761868800000,129.11704864974902,2025-10-31 00:00:00+00:00
1761955200000,128.71948684262082,2025-11-01 00:00:00+00:00
1762041600000,129.62675188139306,2025-11-02 00:00:00+00:00
1762128000000,134.10012935419977,2025-11-03 00:00:00+00:00
1762214400000,135.3319583101013,2025-11-04 00:00:00+00:00
1762300800000,137.19826876087885,2025-11-05 00:00:00+00:00
1762387200000,141.41327803660627,2025-11-06 00:00:00+00:00
1762473600000,146.64201683359136,2025-11-07 00:00:00+00:00
1762560000000,143.37268675170782,2025-11-08 00:00:00+00:00
1762646400000,144.22266297652396,2025-11-09 00:00:00+00:00
1762732800000,136.4799069523591,2025-11-10 00:00:00+00:00
1762819200000,132.3984553891414,2025-11-11 00:00:00+00:00
1762905600000,137.4338705927424,2025-11-12 00:00:00+00:00
1762992000000,139.44004415924323,2025-11-13 00:00:00+00:00
1763078400000,148.33644841133088,2025-11-14 00:00:00+00:00
1763164800000,152.38883319830003,2025-11-15 00:00:00+00:00
1763251200000,155.2098298839615,2025-11-16 00:00:00+00:00
1763337600000,149.54205754271726,2025-11-17 00:00:00+00:00
1763424000000,150.29897204653741,2025-11-18 00:00:00+00:00
1763510400000,154.78620969652496,2025-11-19 00:00:00+00:00
1763596800000,154.95026201905006,2025-11-20 00:00:00+00:00
1763683200000,147.76693967597853,2025-11-21 00:00:00+00:00
1763769600000,145.2346778857466,2025-11-22 00:00:00+00:00
1763856000000,149.78265198188745,2025-11-23 00:00:00+00:00
1763942400000,144.548638118676,2025-11-24 00:00:00+00:00
1764028800000,143.51981028369082,2025-11-25 00:00:00+00:00
1764115200000,143.57769260841224,2025-11-26 00:00:00+00:00
1764201600000,140.54702184295,2025-11-27 00:00:00+00:00
1764288000000,138.17678048109835,2025-11-28 00:00:00+00:00
1764374400000,138.82925801164347,2025-11-29 00:00:00+00:00
1764460800000,139.33813639830606,2025-11-30 00:00:00+00:00
1764547200000,143.2063403956609,2025-12-01 00:00:00+00:00
1764633600000,137.55423201006994,2025-12-02 00:00:00+00:00
1764720000000,134.96436430683465,2025-12-03 00:00:00+00:00
1764806400000,136.19916917613313,2025-12-04 00:00:00+00:00
1764892800000,139.14307456344577,2025-12-05 00:00:00+00:00
1764979200000,138.64583299267056,2025-12-06 00:00:00+00:00
1765065600000,138.14971798476452,2025-12-07 00:00:00+00:00
1765152000000,137.55601441741862,2025-12-08 00:00:00+00:00
1765238400000,135.49487431896725,2025-12-09 00:00:00+00:00
1765324800000,136.74495849291097,2025-12-10 00:00:00+00:00
1765411200000,137.60979149058394,2025-12-11 00:00:00+00:00
1765497600000,138.94925582620635,2025-12-12 00:00:00+00:00
1765584000000,137.93657072636202,2025-12-13 00:00:00+00:00
1765670400000,139.6846460036223,2025-12-14 00:00:00+00:00
1765756800000,141.812164902795,2025-12-15 00:00:00+00:00
1765843200000,140.86364329670982,2025-12-16 00:00:00+00:00
1765929600000,143.170291374643,2025-12-17 00:00:00+00:00
1766016000000,144.99671757326038,2025-12-18 00:00:00+00:00
1766102400000,141.76616228714968,2025-12-19 00:00:00+00:00
1766188800000,142.24032865444656,2025-12-20 00:00:00+00:00
1766275200000,142.63334058852791,2025-12-21 00:00:00+00:00
1766361600000,142.03199503168167,2025-12-22 00:00:00+00:00
1766448000000,142.57434523562588,2025-12-23 00:00:00+00:00
1766534400000,142.89757277632737,2025-12-24 00:00:00+00:00
1766620800000,143.68315828448164,2025-12-25 00:00:00+00:00
1766707200000,142.53203585700223,2025-12-26 00:00:00+00:00
1766793600000,140.91001357495847,2025-12-27 00:00:00+00:00
1766880000000,140.8547675893433,2025-12-28 00:00:00+00:00
1766966400000,141.23759481768516,2025-12-29 00:00:00+00:00
1767052800000,141.2822298686912,2025-12-30 00:00:00+00:00
1767139200000,143.34354874283466,2025-12-31 00:00:00+00:00
1767225600000,138.5768990675146,2026-01-01 00:00:00+00:00
1767312000000,133.20470015127864,2026-01-02 00:00:00+00:00
1767398400000,131.99315038280662,2026-01-03 00:00:00+00:00
1767484800000,130.04601621731553,2026-01-04 00:00:00+00:00
1767571200000,127.7670035829806,2026-01-05 00:00:00+00:00
1767657600000,126.77654303486334,2026-01-06 00:00:00+00:00
1767744000000,123.02577716387178,2026-01-07 00:00:00+00:00
1767830400000,117.93343918601944,2026-01-08 00:00:00+00:00
1767916800000,118.01333893009128,2026-01-09 00:00:00+00:00
1768003200000,117.29539007042251,2026-01-10 00:00:00+00:00
1768089600000,116.7076258334226,2026-01-11 00:00:00+00:00
1768176000000,116.38151979842044,2026-01-12 00:00:00+00:00
1768262400000,119.9983321866261,2026-01-13 00:00:00+00:00
1768348800000,118.1759719351788,2026-01-14 00:00:00+00:00
1768435200000,114.47586843136045,2026-01-15 00:00:00+00:00
1768521600000,114.82888575205442,2026-01-16 00:00:00+00:00
1768608000000,114.07312153747779,2026-01-17 00:00:00+00:00
1768694400000,108.72907557937326,2026-01-18 00:00:00+00:00
1768780800000,104.55028671627228,2026-01-19 00:00:00+00:00
1768867200000,100.4591812120391,2026-01-20 00:00:00+00:00
1768953600000,101.83000006217138,2026-01-21 00:00:00+00:00
1769040000000,101.88230636458312,2026-01-22 00:00:00+00:00
1769126400000,101.42705173717977,2026-01-23 00:00:00+00:00
1769212800000,101.67182121445721,2026-01-24 00:00:00+00:00
1769299200000,102.69926653640817,2026-01-25 00:00:00+00:00
1769385600000,101.68084382821189,2026-01-26 00:00:00+00:00
1769472000000,99.93927731980988,2026-01-27 00:00:00+00:00
1769558400000,99.38973026889451,2026-01-28 00:00:00+00:00
1769644800000,102.45361919874532,2026-01-29 00:00:00+00:00
1769731200000,102.85916912600722,2026-01-30 00:00:00+00:00
1769817600000,105.98446683487757,2026-01-31 00:00:00+00:00
1769904000000,107.33589708368045,2026-02-01 00:00:00+00:00
1769990400000,105.95355465555676,2026-02-02 00:00:00+00:00
1770076800000,108.3020266472287,2026-02-03 00:00:00+00:00
1770163200000,109.39889450665794,2026-02-04 00:00:00+00:00
1770249600000,116.90465878454897,2026-02-05 00:00:00+00:00
1770336000000,112.89373408961497,2026-02-06 00:00:00+00:00
1770422400000,113.42727871175317,2026-02-07 00:00:00+00:00
1770508800000,114.17201834302102,2026-02-08 00:00:00+00:00
1770595200000,114.39990417692837,2026-02-09 00:00:00+00:00
1770681600000,115.7527040894458,2026-02-10 00:00:00+00:00
1770768000000,117.06888294111253,2026-02-11 00:00:00+00:00
1770854400000,114.72215349032997,2026-02-12 00:00:00+00:00
1770940800000,111.12576736884131,2026-02-13 00:00:00+00:00
1771027200000,108.62277622716113,2026-02-14 00:00:00+00:00
1771113600000,110.60870159679081,2026-02-15 00:00:00+00:00
1771200000000,108.21313535893648,2026-02-16 00:00:00+00:00
1771286400000,109.79094036305509,2026-02-17 00:00:00+00:00
1771372800000,111.59279080518391,2026-02-18 00:00:00+00:00
1771459200000,112.11879720575801,2026-02-19 00:00:00+00:00
1771545600000,110.79953345399794,2026-02-20 00:00:00+00:00
1771632000000,110.62778021294612,2026-02-21 00:00:00+00:00
1771718400000,112.71928880533848,2026-02-22 00:00:00+00:00
1771804800000,114.26671148511478,2026-02-23 00:00:00+00:00
1771891200000,114.70394640496365,2026-02-24 00:00:00+00:00
1771977600000,109.15222309186161,2026-02-25 00:00:00+00:00
1772064000000,110.09700757998297,2026-02-26 00:00:00+00:00
1772150400000,112.13339543042765,2026-02-27 00:00:00+00:00
1772236800000,109.99705852969441,2026-02-28 00:00:00+00:00
1772323200000,111.43611260918395,2026-03-01 00:00:00+00:00
1772409600000,109.07401841421787,2026-03-02 00:00:00+00:00
1772496000000,109.71656140887866,2026-03-03 00:00:00+00:00
1772582400000,106.79936654674043,2026-03-04 00:00:00+00:00
1772668800000,107.77777001178973,2026-03-05 00:00:00+00:00
1772755200000,109.81580097089815,2026-03-06 00:00:00+00:00
1772841600000,109.61499954315451,2026-03-07 00:00:00+00:00
1772928000000,111.31584057881736,2026-03-08 00:00:00+00:00
1773014400000,109.40138703481243,2026-03-09 00:00:00+00:00
1773100800000,108.23880904984864,2026-03-10 00:00:00+00:00
1773187200000,107.64738421084843,2026-03-11 00:00:00+00:00
1773273600000,107.354916202437,2026-03-12 00:00:00+00:00
1773360000000,107.78452201677203,2026-03-13 00:00:00+00:00
1773446400000,109.62101604116835,2026-03-14 00:00:00+00:00
1773532800000,109.48004861198973,2026-03-15 00:00:00+00:00
1773619200000,105.31797331298732,2026-03-16 00:00:00+00:00
1773705600000,105.39924460396084,2026-03-17 00:00:00+00:00
1773792000000,105.2894180830259,2026-03-18 00:00:00+00:00
1773878400000,107.03063746889555,2026-03-19 00:00:00+00:00
1773964800000,110.48859838435419,2026-03-20 00:00:00+00:00
1774051200000,108.46839655725994,2026-03-21 00:00:00+00:00
1774137600000,111.2492708391646,2026-03-22 00:00:00+00:00
1774224000000,110.19644162144151,2026-03-23 00:00:00+00:00
1774310400000,106.5258463338307,2026-03-24 00:00:00+00:00
1774396800000,104.50874995363175,2026-03-25 00:00:00+00:00
1774483200000,101.69147065557789,2026-03-26 00:00:00+00:00
1774569600000,100.3272385293075,2026-03-27 00:00:00+00:00
1774656000000,101.40371436442813,2026-03-28 00:00:00+00:00
1774742400000,101.2844922716953,2026-03-29 00:00:00+00:00
1774828800000,104.70368306114241,2026-03-30 00:00:00+00:00
1774915200000,105.5772866044427,2026-03-31 00:00:00+00:00
1775001600000,114.3178183555069,2026-04-01 00:00:00+00:00
1775088000000,111.78656315702102,2026-04-02 00:00:00+00:00
1775174400000,116.3640323372466,2026-04-03 00:00:00+00:00
1775260800000,114.68691385468755,2026-04-04 00:00:00+00:00
1775347200000,114.18093186295341,2026-04-05 00:00:00+00:00
1775433600000,116.56224841803817,2026-04-06 00:00:00+00:00
1775520000000,115.56121257272127,2026-04-07 00:00:00+00:00
1775606400000,120.42854491991886,2026-04-08 00:00:00+00:00
1775692800000,117.10879453582596,2026-04-09 00:00:00+00:00
1775779200000,117.2422559488709,2026-04-10 00:00:00+00:00
1775865600000,116.74178776610702,2026-04-11 00:00:00+00:00
1775952000000,114.75379932600856,2026-04-12 00:00:00+00:00
1776038400000,122.97144197683028,2026-04-13 00:00:00+00:00
1776124800000,127.62899763722366,2026-04-14 00:00:00+00:00
1776211200000,118.42854841405087,2026-04-15 00:00:00+00:00
1776297600000,120.09730423511671,2026-04-16 00:00:00+00:00
1776384000000,120.80047450831181,2026-04-17 00:00:00+00:00
1776470400000,123.95089012112332,2026-04-18 00:00:00+00:00
1776556800000,142.45792518240802,2026-04-19 00:00:00+00:00
1776643200000,151.2563241170078,2026-04-20 00:00:00+00:00
1776729600000,147.2508993380839,2026-04-21 00:00:00+00:00
1776816000000,149.90286482837348,2026-04-22 00:00:00+00:00
1776902400000,144.6917282741798,2026-04-23 00:00:00+00:00
1776988800000,143.56321552886493,2026-04-24 00:00:00+00:00
1777075200000,147.17098205193983,2026-04-25 00:00:00+00:00
1777161600000,149.76211772556553,2026-04-26 00:00:00+00:00
1777248000000,150.24103544251918,2026-04-27 00:00:00+00:00
1777334400000,151.961079672347,2026-04-28 00:00:00+00:00
1777420800000,145.15302961453605,2026-04-29 00:00:00+00:00
1777507200000,153.13201290595634,2026-04-30 00:00:00+00:00
1777593600000,152.82300366756337,2026-05-01 00:00:00+00:00
1777680000000,180.9864184552107,2026-05-02 00:00:00+00:00
1777766400000,182.46934185150823,2026-05-03 00:00:00+00:00
1777852800000,177.6480902928332,2026-05-04 00:00:00+00:00
1777939200000,196.5693465200889,2026-05-05 00:00:00+00:00
1778025600000,245.61810354970976,2026-05-06 00:00:00+00:00
1778112000000,240.3639649099311,2026-05-07 00:00:00+00:00
1778198400000,233.43073200780935,2026-05-08 00:00:00+00:00
1778284800000,245.6921015839217,2026-05-09 00:00:00+00:00
1778371200000,250.80334832308148,2026-05-10 00:00:00+00:00
1778457600000,262.0492388916847,2026-05-11 00:00:00+00:00
1778544000000,289.7355818050998,2026-05-12 00:00:00+00:00
1778630400000,307.05007747038525,2026-05-13 00:00:00+00:00
1778716800000,295.52767862106793,2026-05-14 00:00:00+00:00
1778803200000,289.9623413205396,2026-05-15 00:00:00+00:00
1778889600000,305.75959781917027,2026-05-16 00:00:00+00:00
1778976000000,303.3663591370762,2026-05-17 00:00:00+00:00
1779062400000,315.8083648655499,2026-05-18 00:00:00+00:00
1779148800000,297.5220221023038,2026-05-19 00:00:00+00:00
1779235200000,277.0774479211659,2026-05-20 00:00:00+00:00
1779321600000,279.7394187082309,2026-05-21 00:00:00+00:00
1779408000000,307.17651857457327,2026-05-22 00:00:00+00:00
1779494400000,284.3425255058592,2026-05-23 00:00:00+00:00
1779580800000,275.9598710114288,2026-05-24 00:00:00+00:00
1779667200000,311.2752661761979,2026-05-25 00:00:00+00:00
1779753600000,273.76827530466704,2026-05-26 00:00:00+00:00
1779840000000,183.62579810651914,2026-05-27 00:00:00+00:00
1779926400000,178.02179873574684,2026-05-28 00:00:00+00:00
1780012800000,208.20654376359371,2026-05-29 00:00:00+00:00
