timestamp,equity,datetime
1590883200000,50.0,2020-05-31 00:00:00+00:00
1590969600000,50.0,2020-06-01 00:00:00+00:00
1591056000000,50.0,2020-06-02 00:00:00+00:00
1591142400000,50.0,2020-06-03 00:00:00+00:00
1591228800000,50.0,2020-06-04 00:00:00+00:00
1591315200000,50.0,2020-06-05 00:00:00+00:00
1591401600000,50.0,2020-06-06 00:00:00+00:00
1591488000000,50.0,2020-06-07 00:00:00+00:00
1591574400000,50.0,2020-06-08 00:00:00+00:00
1591660800000,50.0,2020-06-09 00:00:00+00:00
1591747200000,50.0,2020-06-10 00:00:00+00:00
1591833600000,50.0,2020-06-11 00:00:00+00:00
1591920000000,50.0,2020-06-12 00:00:00+00:00
1592006400000,50.0,2020-06-13 00:00:00+00:00
1592092800000,50.0,2020-06-14 00:00:00+00:00
1592179200000,50.0,2020-06-15 00:00:00+00:00
1592265600000,50.0,2020-06-16 00:00:00+00:00
1592352000000,50.0,2020-06-17 00:00:00+00:00
1592438400000,50.0,2020-06-18 00:00:00+00:00
1592524800000,50.0,2020-06-19 00:00:00+00:00
1592611200000,50.0,2020-06-20 00:00:00+00:00
1592697600000,50.0,2020-06-21 00:00:00+00:00
1592784000000,50.0,2020-06-22 00:00:00+00:00
1592870400000,50.0,2020-06-23 00:00:00+00:00
1592956800000,50.0,2020-06-24 00:00:00+00:00
1593043200000,50.0,2020-06-25 00:00:00+00:00
1593129600000,50.0,2020-06-26 00:00:00+00:00
1593216000000,50.0,2020-06-27 00:00:00+00:00
1593302400000,50.0,2020-06-28 00:00:00+00:00
1593388800000,50.0,2020-06-29 00:00:00+00:00
1593475200000,50.0,2020-06-30 00:00:00+00:00
1593561600000,50.0,2020-07-01 00:00:00+00:00
1593648000000,50.0,2020-07-02 00:00:00+00:00
1593734400000,50.0,2020-07-03 00:00:00+00:00
1593820800000,50.0,2020-07-04 00:00:00+00:00
1593907200000,50.0,2020-07-05 00:00:00+00:00
1593993600000,50.0,2020-07-06 00:00:00+00:00
1594080000000,50.0,2020-07-07 00:00:00+00:00
1594166400000,50.0,2020-07-08 00:00:00+00:00
1594252800000,50.0,2020-07-09 00:00:00+00:00
1594339200000,50.0,2020-07-10 00:00:00+00:00
1594425600000,50.0,2020-07-11 00:00:00+00:00
1594512000000,50.0,2020-07-12 00:00:00+00:00
1594598400000,50.0,2020-07-13 00:00:00+00:00
1594684800000,50.0,2020-07-14 00:00:00+00:00
1594771200000,50.0,2020-07-15 00:00:00+00:00
1594857600000,50.0,2020-07-16 00:00:00+00:00
1594944000000,50.0,2020-07-17 00:00:00+00:00
1595030400000,50.0,2020-07-18 00:00:00+00:00
1595116800000,50.0,2020-07-19 00:00:00+00:00
1595203200000,50.0,2020-07-20 00:00:00+00:00
1595289600000,50.0,2020-07-21 00:00:00+00:00
1595376000000,50.0,2020-07-22 00:00:00+00:00
1595462400000,50.0,2020-07-23 00:00:00+00:00
1595548800000,50.0,2020-07-24 00:00:00+00:00
1595635200000,50.0,2020-07-25 00:00:00+00:00
1595721600000,50.0,2020-07-26 00:00:00+00:00
1595808000000,50.0,2020-07-27 00:00:00+00:00
1595894400000,50.0,2020-07-28 00:00:00+00:00
1595980800000,50.0,2020-07-29 00:00:00+00:00
1596067200000,50.0,2020-07-30 00:00:00+00:00
1596153600000,55.420168066337745,2020-07-31 00:00:00+00:00
1596240000000,71.09183592546937,2020-08-01 00:00:00+00:00
1596326400000,48.48781998344562,2020-08-02 00:00:00+00:00
1596412800000,55.209798036910364,2020-08-03 00:00:00+00:00
1596499200000,58.407061306712585,2020-08-04 00:00:00+00:00
1596585600000,64.42866929756913,2020-08-05 00:00:00+00:00
1596672000000,63.21293639658319,2020-08-06 00:00:00+00:00
1596758400000,57.10240406650772,2020-08-07 00:00:00+00:00
1596844800000,64.91522250256813,2020-08-08 00:00:00+00:00
1596931200000,61.54569981661315,2020-08-09 00:00:00+00:00
1597017600000,63.43612958823677,2020-08-10 00:00:00+00:00
1597104000000,52.74296923809723,2020-08-11 00:00:00+00:00
1597190400000,55.23509531954945,2020-08-12 00:00:00+00:00
1597276800000,63.58417920028489,2020-08-13 00:00:00+00:00
1597363200000,68.49601561378314,2020-08-14 00:00:00+00:00
1597449600000,67.96629411608913,2020-08-15 00:00:00+00:00
1597536000000,69.65415968500363,2020-08-16 00:00:00+00:00
1597622400000,71.45613681305713,2020-08-17 00:00:00+00:00
1597708800000,66.09285296270812,2020-08-18 00:00:00+00:00
1597795200000,58.85387473378111,2020-08-19 00:00:00+00:00
1597881600000,62.39308889682145,2020-08-20 00:00:00+00:00
1597968000000,54.27574013673423,2020-08-21 00:00:00+00:00
1598054400000,56.17420602547604,2020-08-22 00:00:00+00:00
1598140800000,54.52997802546403,2020-08-23 00:00:00+00:00
1598227200000,59.37143535659773,2020-08-24 00:00:00+00:00
1598313600000,50.74965357922609,2020-08-25 00:00:00+00:00
1598400000000,53.84047575965395,2020-08-26 00:00:00+00:00
1598486400000,55.185432442842796,2020-08-27 00:00:00+00:00
1598572800000,57.68205054831445,2020-08-28 00:00:00+00:00
1598659200000,57.57838927262393,2020-08-29 00:00:00+00:00
1598745600000,64.95857320857718,2020-08-30 00:00:00+00:00
1598832000000,64.24939272715888,2020-08-31 00:00:00+00:00
1598918400000,75.65123214734365,2020-09-01 00:00:00+00:00
1599004800000,67.90463704664604,2020-09-02 00:00:00+00:00
1599091200000,42.09723879766774,2020-09-03 00:00:00+00:00
1599177600000,43.92184762457852,2020-09-04 00:00:00+00:00
1599264000000,28.55084856762417,2020-09-05 00:00:00+00:00
1599350400000,29.200093189890705,2020-09-06 00:00:00+00:00
1599436800000,30.1923774753557,2020-09-07 00:00:00+00:00
1599523200000,35.36478558213914,2020-09-08 00:00:00+00:00
1599609600000,32.370892720145655,2020-09-09 00:00:00+00:00
1599696000000,28.936342172358952,2020-09-10 00:00:00+00:00
1599782400000,29.815745687511537,2020-09-11 00:00:00+00:00
1599868800000,28.06160896319331,2020-09-12 00:00:00+00:00
1599955200000,26.976971423033085,2020-09-13 00:00:00+00:00
1600041600000,25.733322584422673,2020-09-14 00:00:00+00:00
1600128000000,23.4265780248664,2020-09-15 00:00:00+00:00
1600214400000,22.702639474688834,2020-09-16 00:00:00+00:00
1600300800000,24.01353342706935,2020-09-17 00:00:00+00:00
1600387200000,26.050775847063907,2020-09-18 00:00:00+00:00
1600473600000,25.717064367116258,2020-09-19 00:00:00+00:00
1600560000000,27.16631364512791,2020-09-20 00:00:00+00:00
1600646400000,35.72515006568953,2020-09-21 00:00:00+00:00
1600732800000,33.957713722131544,2020-09-22 00:00:00+00:00
1600819200000,38.42656467443305,2020-09-23 00:00:00+00:00
1600905600000,33.52580516743391,2020-09-24 00:00:00+00:00
1600992000000,24.553549944158263,2020-09-25 00:00:00+00:00
1601078400000,25.19573581976378,2020-09-26 00:00:00+00:00
1601164800000,21.960964810426294,2020-09-27 00:00:00+00:00
1601251200000,23.465088691130283,2020-09-28 00:00:00+00:00
1601337600000,22.487811740017445,2020-09-29 00:00:00+00:00
1601424000000,22.566716417815538,2020-09-30 00:00:00+00:00
1601510400000,23.855500057148394,2020-10-01 00:00:00+00:00
1601596800000,26.04579932091529,2020-10-02 00:00:00+00:00
1601683200000,25.978268256625714,2020-10-03 00:00:00+00:00
1601769600000,23.928946110521245,2020-10-04 00:00:00+00:00
1601856000000,24.053016378279512,2020-10-05 00:00:00+00:00
1601942400000,24.933126293034313,2020-10-06 00:00:00+00:00
1602028800000,25.10954517753288,2020-10-07 00:00:00+00:00
1602115200000,24.28346011420974,2020-10-08 00:00:00+00:00
1602201600000,22.157955991443078,2020-10-09 00:00:00+00:00
1602288000000,20.408593153296454,2020-10-10 00:00:00+00:00
1602374400000,20.34265162190385,2020-10-11 00:00:00+00:00
1602460800000,20.159258059724028,2020-10-12 00:00:00+00:00
1602547200000,20.57759435633201,2020-10-13 00:00:00+00:00
1602633600000,20.648921032508902,2020-10-14 00:00:00+00:00
1602720000000,21.415682801410473,2020-10-15 00:00:00+00:00
1602806400000,21.23736611096825,2020-10-16 00:00:00+00:00
1602892800000,21.522672815675808,2020-10-17 00:00:00+00:00
1602979200000,21.504841146631584,2020-10-18 00:00:00+00:00
1603065600000,21.415682801410473,2020-10-19 00:00:00+00:00
1603152000000,21.39785113236625,2020-10-20 00:00:00+00:00
1603238400000,20.809406053906905,2020-10-21 00:00:00+00:00
1603324800000,20.41710933493401,2020-10-22 00:00:00+00:00
1603411200000,20.488436011110895,2020-10-23 00:00:00+00:00
1603497600000,20.613257694420454,2020-10-24 00:00:00+00:00
1603584000000,20.34578265875712,2020-10-25 00:00:00+00:00
1603670400000,20.060475954049558,2020-10-26 00:00:00+00:00
1603756800000,22.252332141223512,2020-10-27 00:00:00+00:00
1603843200000,20.82210628502711,2020-10-28 00:00:00+00:00
1603929600000,21.552069097085443,2020-10-29 00:00:00+00:00
1604016000000,21.944757512413133,2020-10-30 00:00:00+00:00
1604102400000,22.843836551351632,2020-10-31 00:00:00+00:00
1604188800000,22.725535669326014,2020-11-01 00:00:00+00:00
1604275200000,21.911876995154312,2020-11-02 00:00:00+00:00
1604361600000,22.86482768266307,2020-11-03 00:00:00+00:00
1604448000000,23.76234970995525,2020-11-04 00:00:00+00:00
1604534400000,27.61071194881623,2020-11-05 00:00:00+00:00
1604620800000,24.775929015018143,2020-11-06 00:00:00+00:00
1604707200000,23.92051423342823,2020-11-07 00:00:00+00:00
1604793600000,26.387187268218945,2020-11-08 00:00:00+00:00
1604880000000,25.833506949622823,2020-11-09 00:00:00+00:00
1604966400000,25.703057904460785,2020-11-10 00:00:00+00:00
1605052800000,27.218934059111117,2020-11-11 00:00:00+00:00
1605139200000,29.513595612052583,2020-11-12 00:00:00+00:00
1605225600000,29.634387442355393,2020-11-13 00:00:00+00:00
1605312000000,28.653222077113394,2020-11-14 00:00:00+00:00
1605398400000,28.223092793065582,2020-11-15 00:00:00+00:00
1605484800000,31.115658577093463,2020-11-16 00:00:00+00:00
1605571200000,34.8058643217567,2020-11-17 00:00:00+00:00
1605657600000,35.259255230485294,2020-11-18 00:00:00+00:00
1605744000000,35.34877607933915,2020-11-19 00:00:00+00:00
1605830400000,38.61624874022375,2020-11-20 00:00:00+00:00
1605916800000,38.8372916581129,2020-11-21 00:00:00+00:00
1606003200000,37.738246955938344,2020-11-22 00:00:00+00:00
1606089600000,37.53464067598948,2020-11-23 00:00:00+00:00
1606176000000,40.59111085665604,2020-11-24 00:00:00+00:00
1606262400000,38.91270990748977,2020-11-25 00:00:00+00:00
1606348800000,32.833531475882786,2020-11-26 00:00:00+00:00
1606435200000,32.7904572318281,2020-11-27 00:00:00+00:00
1606521600000,34.988776569864356,2020-11-28 00:00:00+00:00
1606608000000,36.76443946868433,2020-11-29 00:00:00+00:00
1606694400000,42.66189364290049,2020-11-30 00:00:00+00:00
1606780800000,39.031623946014406,2020-12-01 00:00:00+00:00
1606867200000,40.69599894026605,2020-12-02 00:00:00+00:00
1606953600000,41.56702606937536,2020-12-03 00:00:00+00:00
1607040000000,38.61582719513069,2020-12-04 00:00:00+00:00
1607126400000,40.468402912293854,2020-12-05 00:00:00+00:00
1607212800000,41.33985158649622,2020-12-06 00:00:00+00:00
1607299200000,40.565204994573335,2020-12-07 00:00:00+00:00
1607385600000,37.2941683615383,2020-12-08 00:00:00+00:00
1607472000000,38.132123361982835,2020-12-09 00:00:00+00:00
1607558400000,37.04196942904376,2020-12-10 00:00:00+00:00
1607644800000,36.191061497557875,2020-12-11 00:00:00+00:00
1607731200000,39.136243773656105,2020-12-12 00:00:00+00:00
1607817600000,40.57359757415338,2020-12-13 00:00:00+00:00
1607904000000,40.94007354914886,2020-12-14 00:00:00+00:00
1607990400000,41.53104144734036,2020-12-15 00:00:00+00:00
1608076800000,48.89616234647304,2020-12-16 00:00:00+00:00
1608163200000,54.53026580436912,2020-12-17 00:00:00+00:00
1608249600000,55.70813943894623,2020-12-18 00:00:00+00:00
1608336000000,58.47857211282975,2020-12-19 00:00:00+00:00
1608422400000,57.04409248342154,2020-12-20 00:00:00+00:00
1608508800000,54.19728350313146,2020-12-21 00:00:00+00:00
1608595200000,58.400816204300455,2020-12-22 00:00:00+00:00
1608681600000,56.14470686623355,2020-12-23 00:00:00+00:00
1608768000000,58.05764017626693,2020-12-24 00:00:00+00:00
1608854400000,61.861356517807366,2020-12-25 00:00:00+00:00
1608940800000,68.67823886227256,2020-12-26 00:00:00+00:00
1609027200000,67.89956843082498,2020-12-27 00:00:00+00:00
1609113600000,70.95393088602623,2020-12-28 00:00:00+00:00
1609200000000,72.1042508004296,2020-12-29 00:00:00+00:00
1609286400000,77.8685350475194,2020-12-30 00:00:00+00:00
1609372800000,78.03979732214606,2020-12-31 00:00:00+00:00
1609459200000,79.51704461735945,2021-01-01 00:00:00+00:00
1609545600000,90.4877556642935,2021-01-02 00:00:00+00:00
1609632000000,93.76285445913442,2021-01-03 00:00:00+00:00
1609718400000,89.8407222687248,2021-01-04 00:00:00+00:00
1609804800000,97.3842717090662,2021-01-05 00:00:00+00:00
1609891200000,108.20709707289795,2021-01-06 00:00:00+00:00
1609977600000,118.45922702528634,2021-01-07 00:00:00+00:00
1610064000000,122.82149061513371,2021-01-08 00:00:00+00:00
1610150400000,120.90081620430045,2021-01-09 00:00:00+00:00
1610236800000,113.5645136606207,2021-01-10 00:00:00+00:00
1610323200000,102.78365119468921,2021-01-11 00:00:00+00:00
1610409600000,97.60416495851973,2021-01-12 00:00:00+00:00
1610496000000,110.49643182875435,2021-01-13 00:00:00+00:00
1610582400000,117.1730929463547,2021-01-14 00:00:00+00:00
1610668800000,107.94481938045111,2021-01-15 00:00:00+00:00
1610755200000,105.14890238957796,2021-01-16 00:00:00+00:00
1610841600000,104.55172628183409,2021-01-17 00:00:00+00:00
1610928000000,107.6827716216914,2021-01-18 00:00:00+00:00
1611014400000,104.63296951795145,2021-01-19 00:00:00+00:00
1611100800000,103.13445335667903,2021-01-20 00:00:00+00:00
1611187200000,85.42944448123872,2021-01-21 00:00:00+00:00
1611273600000,93.50153482371726,2021-01-22 00:00:00+00:00
1611360000000,90.05306602878439,2021-01-23 00:00:00+00:00
1611446400000,90.7779319774448,2021-01-24 00:00:00+00:00
1611532800000,81.40398933266182,2021-01-25 00:00:00+00:00
1611619200000,92.82394419637856,2021-01-26 00:00:00+00:00
1611705600000,80.40045467975494,2021-01-27 00:00:00+00:00
1611792000000,88.67276115546831,2021-01-28 00:00:00+00:00
1611878400000,94.75489891667172,2021-01-29 00:00:00+00:00
1611964800000,112.03741647285175,2021-01-30 00:00:00+00:00
1612051200000,107.2432663968146,2021-01-31 00:00:00+00:00
1612137600000,122.51470767640987,2021-02-01 00:00:00+00:00
1612224000000,120.96962757809546,2021-02-02 00:00:00+00:00
1612310400000,145.69829096858152,2021-02-03 00:00:00+00:00
1612396800000,167.34600697008682,2021-02-04 00:00:00+00:00
1612483200000,185.1460038663576,2021-02-05 00:00:00+00:00
1612569600000,189.03686953274558,2021-02-06 00:00:00+00:00
1612656000000,249.6614362914345,2021-02-07 00:00:00+00:00
1612742400000,286.1857050826139,2021-02-08 00:00:00+00:00
1612828800000,278.6451377132355,2021-02-09 00:00:00+00:00
1612915200000,377.0634956109578,2021-02-10 00:00:00+00:00
1613001600000,352.3226427301232,2021-02-11 00:00:00+00:00
1613088000000,387.83979367825964,2021-02-12 00:00:00+00:00
1613174400000,363.4525850911531,2021-02-13 00:00:00+00:00
1613260800000,323.4218593208767,2021-02-14 00:00:00+00:00
1613347200000,300.7275936700827,2021-02-15 00:00:00+00:00
1613433600000,293.4536360605097,2021-02-16 00:00:00+00:00
1613520000000,299.3882970887256,2021-02-17 00:00:00+00:00
1613606400000,334.3826842648819,2021-02-18 00:00:00+00:00
1613692800000,315.205719120431,2021-02-19 00:00:00+00:00
1613779200000,328.9113159402483,2021-02-20 00:00:00+00:00
1613865600000,335.58690143439804,2021-02-21 00:00:00+00:00
1613952000000,298.9318494031932,2021-02-22 00:00:00+00:00
1614038400000,244.94926389440957,2021-02-23 00:00:00+00:00
1614124800000,273.7510646717509,2021-02-24 00:00:00+00:00
1614211200000,246.19649545774797,2021-02-25 00:00:00+00:00
1614297600000,248.55325417121634,2021-02-26 00:00:00+00:00
1614384000000,248.52986640174973,2021-02-27 00:00:00+00:00
1614470400000,233.08596468356643,2021-02-28 00:00:00+00:00
1614556800000,264.44250617596936,2021-03-01 00:00:00+00:00
1614643200000,253.51521592096742,2021-03-02 00:00:00+00:00
1614729600000,260.24126782264176,2021-03-03 00:00:00+00:00
1614816000000,271.397975589317,2021-03-04 00:00:00+00:00
1614902400000,264.6167389420848,2021-03-05 00:00:00+00:00
1614988800000,262.30114204266727,2021-03-06 00:00:00+00:00
1615075200000,295.1335698454553,2021-03-07 00:00:00+00:00
1615161600000,296.75953377758805,2021-03-08 00:00:00+00:00
1615248000000,327.15077580665627,2021-03-09 00:00:00+00:00
1615334400000,311.335355267096,2021-03-10 00:00:00+00:00
1615420800000,328.8258750380397,2021-03-11 00:00:00+00:00
1615507200000,337.5373073761136,2021-03-12 00:00:00+00:00
1615593600000,366.11058297950126,2021-03-13 00:00:00+00:00
1615680000000,343.7707686781665,2021-03-14 00:00:00+00:00
1615766400000,323.00163542734595,2021-03-15 00:00:00+00:00
1615852800000,356.5406808035955,2021-03-16 00:00:00+00:00
1615939200000,398.8095760585612,2021-03-17 00:00:00+00:00
1616025600000,370.4656367915966,2021-03-18 00:00:00+00:00
1616112000000,393.63508497834533,2021-03-19 00:00:00+00:00
1616198400000,385.9997463151236,2021-03-20 00:00:00+00:00
1616284800000,382.6575863668575,2021-03-21 00:00:00+00:00
1616371200000,358.59081374390234,2021-03-22 00:00:00+00:00
1616457600000,357.754834235823,2021-03-23 00:00:00+00:00
1616544000000,333.8165871171175,2021-03-24 00:00:00+00:00
1616630400000,334.5363454347457,2021-03-25 00:00:00+00:00
1616716800000,405.82466693398266,2021-03-26 00:00:00+00:00
1616803200000,421.9516299120547,2021-03-27 00:00:00+00:00
1616889600000,417.7763836630978,2021-03-28 00:00:00+00:00
1616976000000,425.2446224384264,2021-03-29 00:00:00+00:00
1617062400000,463.7427498670959,2021-03-30 00:00:00+00:00
1617148800000,536.9279408176092,2021-03-31 00:00:00+00:00
1617235200000,529.9345262773162,2021-04-01 00:00:00+00:00
1617321600000,521.7749646310198,2021-04-02 00:00:00+00:00
1617408000000,541.6587394926187,2021-04-03 00:00:00+00:00
1617494400000,578.2572621180259,2021-04-04 00:00:00+00:00
1617580800000,578.5203156268332,2021-04-05 00:00:00+00:00
1617667200000,569.9236077426453,2021-04-06 00:00:00+00:00
1617753600000,545.7937796168422,2021-04-07 00:00:00+00:00
1617840000000,571.7197426282846,2021-04-08 00:00:00+00:00
1617926400000,597.4168497035274,2021-04-09 00:00:00+00:00
1618012800000,629.6935445874013,2021-04-10 00:00:00+00:00
1618099200000,646.9872720430722,2021-04-11 00:00:00+00:00
1618185600000,661.3429900561102,2021-04-12 00:00:00+00:00
1618272000000,674.6509250213462,2021-04-13 00:00:00+00:00
1618358400000,673.1343753405637,2021-04-14 00:00:00+00:00
1618444800000,693.5255908354814,2021-04-15 00:00:00+00:00
1618531200000,679.0981832576824,2021-04-16 00:00:00+00:00
1618617600000,671.6003268202567,2021-04-17 00:00:00+00:00
1618704000000,640.6956105513218,2021-04-18 00:00:00+00:00
1618790400000,625.572829644211,2021-04-19 00:00:00+00:00
1618876800000,649.6938752403427,2021-04-20 00:00:00+00:00
1618963200000,622.2895747761835,2021-04-21 00:00:00+00:00
1619049600000,615.5014393888165,2021-04-22 00:00:00+00:00
1619136000000,605.454788934356,2021-04-23 00:00:00+00:00
1619222400000,599.1923443605792,2021-04-24 00:00:00+00:00
1619308800000,618.276748590621,2021-04-25 00:00:00+00:00
1619395200000,635.0018402964572,2021-04-26 00:00:00+00:00
1619481600000,642.2458521830243,2021-04-27 00:00:00+00:00
1619568000000,653.5264421438304,2021-04-28 00:00:00+00:00
1619654400000,652.4258981064703,2021-04-29 00:00:00+00:00
1619740800000,675.9972255448783,2021-04-30 00:00:00+00:00
1619827200000,711.1725041133561,2021-05-01 00:00:00+00:00
1619913600000,694.1136327158662,2021-05-02 00:00:00+00:00
1620000000000,715.3596370310272,2021-05-03 00:00:00+00:00
1620086400000,697.8176366976169,2021-05-04 00:00:00+00:00
1620172800000,753.5978779274152,2021-05-05 00:00:00+00:00
1620259200000,729.8844738882698,2021-05-06 00:00:00+00:00
1620345600000,745.4656323348654,2021-05-07 00:00:00+00:00
1620432000000,754.407277041442,2021-05-08 00:00:00+00:00
1620518400000,739.7926245125578,2021-05-09 00:00:00+00:00
1620604800000,698.1310557006555,2021-05-10 00:00:00+00:00
1620691200000,729.132435961601,2021-05-11 00:00:00+00:00
1620777600000,672.2035582652927,2021-05-12 00:00:00+00:00
1620864000000,680.7818835579455,2021-05-13 00:00:00+00:00
1620950400000,714.12272511437,2021-05-14 00:00:00+00:00
1621036800000,696.8655844405106,2021-05-15 00:00:00+00:00
1621123200000,705.8596499357018,2021-05-16 00:00:00+00:00
1621209600000,687.0992919117854,2021-05-17 00:00:00+00:00
1621296000000,722.5064420315629,2021-05-18 00:00:00+00:00
1621382400000,573.2874879147382,2021-05-19 00:00:00+00:00
1621468800000,624.0697309784538,2021-05-20 00:00:00+00:00
1621555200000,600.6165428492799,2021-05-21 00:00:00+00:00
1621641600000,573.9181387305035,2021-05-22 00:00:00+00:00
1621728000000,576.7638892514302,2021-05-23 00:00:00+00:00
1621814400000,549.2311881966057,2021-05-24 00:00:00+00:00
1621900800000,551.6432330079854,2021-05-25 00:00:00+00:00
1621987200000,537.7508299173921,2021-05-26 00:00:00+00:00
1622073600000,545.1451381595326,2021-05-27 00:00:00+00:00
1622160000000,558.5841777849068,2021-05-28 00:00:00+00:00
1622246400000,571.7148095656257,2021-05-29 00:00:00+00:00
1622332800000,565.2776818387672,2021-05-30 00:00:00+00:00
1622419200000,548.6947305829702,2021-05-31 00:00:00+00:00
1622505600000,552.9900102186317,2021-06-01 00:00:00+00:00
1622592000000,539.7362950672882,2021-06-02 00:00:00+00:00
1622678400000,516.9550201766347,2021-06-03 00:00:00+00:00
1622764800000,537.6579593634004,2021-06-04 00:00:00+00:00
1622851200000,541.7558521844087,2021-06-05 00:00:00+00:00
1622937600000,541.9788922363311,2021-06-06 00:00:00+00:00
1623024000000,563.4007302264391,2021-06-07 00:00:00+00:00
1623110400000,569.8510189146234,2021-06-08 00:00:00+00:00
1623196800000,551.5606969337515,2021-06-09 00:00:00+00:00
1623283200000,565.4765942431192,2021-06-10 00:00:00+00:00
1623369600000,572.1143989771218,2021-06-11 00:00:00+00:00
1623456000000,574.9240704188032,2021-06-12 00:00:00+00:00
1623542400000,559.3316831957673,2021-06-13 00:00:00+00:00
1623628800000,551.6005276998491,2021-06-14 00:00:00+00:00
1623715200000,555.8232853399967,2021-06-15 00:00:00+00:00
1623801600000,565.5990001588178,2021-06-16 00:00:00+00:00
1623888000000,563.3220241867023,2021-06-17 00:00:00+00:00
1623974400000,576.8671325074918,2021-06-18 00:00:00+00:00
1624060800000,580.8778759274961,2021-06-19 00:00:00+00:00
1624147200000,578.9874718528116,2021-06-20 00:00:00+00:00
1624233600000,624.3852164216556,2021-06-21 00:00:00+00:00
1624320000000,621.9704489005843,2021-06-22 00:00:00+00:00
1624406400000,604.8933022288101,2021-06-23 00:00:00+00:00
1624492800000,600.6614382795639,2021-06-24 00:00:00+00:00
1624579200000,619.984173921587,2021-06-25 00:00:00+00:00
1624665600000,616.8218457547883,2021-06-26 00:00:00+00:00
1624752000000,606.9297376289811,2021-06-27 00:00:00+00:00
1624838400000,602.0306132103967,2021-06-28 00:00:00+00:00
1624924800000,588.9729211271214,2021-06-29 00:00:00+00:00
1625011200000,590.3713647339588,2021-06-30 00:00:00+00:00
1625097600000,603.4722541813447,2021-07-01 00:00:00+00:00
1625184000000,603.4836535531541,2021-07-02 00:00:00+00:00
1625270400000,599.2380871711799,2021-07-03 00:00:00+00:00
1625356800000,593.8183078696119,2021-07-04 00:00:00+00:00
1625443200000,603.2294438606544,2021-07-05 00:00:00+00:00
1625529600000,595.9729246635891,2021-07-06 00:00:00+00:00
1625616000000,595.0479047374545,2021-07-07 00:00:00+00:00
1625702400000,605.6799941784486,2021-07-08 00:00:00+00:00
1625788800000,600.7250281330037,2021-07-09 00:00:00+00:00
1625875200000,603.3539894411839,2021-07-10 00:00:00+00:00
1625961600000,599.6715950762665,2021-07-11 00:00:00+00:00
1626048000000,606.866191710322,2021-07-12 00:00:00+00:00
1626134400000,611.6737913345278,2021-07-13 00:00:00+00:00
1626220800000,610.3488481591623,2021-07-14 00:00:00+00:00
1626307200000,614.9882954428303,2021-07-15 00:00:00+00:00
1626393600000,621.3774242210396,2021-07-16 00:00:00+00:00
1626480000000,621.9747336382385,2021-07-17 00:00:00+00:00
1626566400000,621.1410367125717,2021-07-18 00:00:00+00:00
1626652800000,630.5918933610477,2021-07-19 00:00:00+00:00
1626739200000,636.2357811915908,2021-07-20 00:00:00+00:00
1626825600000,621.319565446746,2021-07-21 00:00:00+00:00
1626912000000,612.5199210050312,2021-07-22 00:00:00+00:00
1626998400000,607.5914883232808,2021-07-23 00:00:00+00:00
1627084800000,605.1917281892848,2021-07-24 00:00:00+00:00
1627171200000,604.9214248946278,2021-07-25 00:00:00+00:00
1627257600000,602.7512288613175,2021-07-26 00:00:00+00:00
1627344000000,599.6022746980478,2021-07-27 00:00:00+00:00
1627430400000,597.5705122110688,2021-07-28 00:00:00+00:00
1627516800000,597.0355266967408,2021-07-29 00:00:00+00:00
1627603200000,594.245419855158,2021-07-30 00:00:00+00:00
1627689600000,593.7609356340939,2021-07-31 00:00:00+00:00
1627776000000,590.8290832372052,2021-08-01 00:00:00+00:00
1627862400000,589.9358641101388,2021-08-02 00:00:00+00:00
1627948800000,588.7968251674612,2021-08-03 00:00:00+00:00
1628035200000,590.6401545359967,2021-08-04 00:00:00+00:00
1628121600000,592.0287465341823,2021-08-05 00:00:00+00:00
1628208000000,595.5310507258738,2021-08-06 00:00:00+00:00
1628294400000,602.4657845788585,2021-08-07 00:00:00+00:00
1628380800000,595.4579735485503,2021-08-08 00:00:00+00:00
1628467200000,603.4517059733945,2021-08-09 00:00:00+00:00
1628553600000,603.0100850000913,2021-08-10 00:00:00+00:00
1628640000000,610.0027252475959,2021-08-11 00:00:00+00:00
1628726400000,603.8026060248732,2021-08-12 00:00:00+00:00
1628812800000,630.5051010510133,2021-08-13 00:00:00+00:00
1628899200000,636.0300201964953,2021-08-14 00:00:00+00:00
1628985600000,635.1429516087879,2021-08-15 00:00:00+00:00
1629072000000,625.9346204457172,2021-08-16 00:00:00+00:00
1629158400000,610.6473766065399,2021-08-17 00:00:00+00:00
1629244800000,613.5667837870784,2021-08-18 00:00:00+00:00
1629331200000,635.9647145982995,2021-08-19 00:00:00+00:00
1629417600000,646.5845469443543,2021-08-20 00:00:00+00:00
1629504000000,641.456366901646,2021-08-21 00:00:00+00:00
1629590400000,650.4175384434873,2021-08-22 00:00:00+00:00
1629676800000,664.0123341334634,2021-08-23 00:00:00+00:00
1629763200000,645.6534419371635,2021-08-24 00:00:00+00:00
1629849600000,651.7164015360593,2021-08-25 00:00:00+00:00
1629936000000,631.5031767875815,2021-08-26 00:00:00+00:00
1630022400000,656.8615702697749,2021-08-27 00:00:00+00:00
1630108800000,654.1824590300826,2021-08-28 00:00:00+00:00
1630195200000,651.7583487537829,2021-08-29 00:00:00+00:00
1630281600000,643.053006055803,2021-08-30 00:00:00+00:00
1630368000000,652.7013757967543,2021-08-31 00:00:00+00:00
1630454400000,673.9478707210262,2021-09-01 00:00:00+00:00
1630540800000,679.0883243151178,2021-09-02 00:00:00+00:00
1630627200000,687.0510302615222,2021-09-03 00:00:00+00:00
1630713600000,687.3814282158552,2021-09-04 00:00:00+00:00
1630800000000,698.3159395385346,2021-09-05 00:00:00+00:00
1630886400000,700.037046698839,2021-09-06 00:00:00+00:00
1630972800000,652.2362427917197,2021-09-07 00:00:00+00:00
1631059200000,659.5388549160122,2021-09-08 00:00:00+00:00
1631145600000,664.4454746261766,2021-09-09 00:00:00+00:00
1631232000000,648.2869432005186,2021-09-10 00:00:00+00:00
1631318400000,668.4458183828909,2021-09-11 00:00:00+00:00
1631404800000,689.7800540505807,2021-09-12 00:00:00+00:00
1631491200000,673.4621822001194,2021-09-13 00:00:00+00:00
1631577600000,685.0372045999744,2021-09-14 00:00:00+00:00
1631664000000,704.9999813930804,2021-09-15 00:00:00+00:00
1631750400000,700.2241807130506,2021-09-16 00:00:00+00:00
1631836800000,683.333991441538,2021-09-17 00:00:00+00:00
1631923200000,695.5062247159286,2021-09-18 00:00:00+00:00
1632009600000,687.7727476132465,2021-09-19 00:00:00+00:00
1632096000000,635.9900669090229,2021-09-20 00:00:00+00:00
1632182400000,621.4363247267896,2021-09-21 00:00:00+00:00
1632268800000,655.7975046818289,2021-09-22 00:00:00+00:00
1632355200000,670.354433773184,2021-09-23 00:00:00+00:00
1632441600000,652.8203799584111,2021-09-24 00:00:00+00:00
1632528000000,644.5637998477433,2021-09-25 00:00:00+00:00
1632614400000,640.6783672971239,2021-09-26 00:00:00+00:00
1632700800000,635.6787244079567,2021-09-27 00:00:00+00:00
1632787200000,633.6806646737995,2021-09-28 00:00:00+00:00
1632873600000,629.8201555439274,2021-09-29 00:00:00+00:00
1632960000000,621.7803415940749,2021-09-30 00:00:00+00:00
1633046400000,603.414469057169,2021-10-01 00:00:00+00:00
1633132800000,608.7745663827486,2021-10-02 00:00:00+00:00
1633219200000,603.7031693439698,2021-10-03 00:00:00+00:00
1633305600000,598.5484042709219,2021-10-04 00:00:00+00:00
1633392000000,591.110513711401,2021-10-05 00:00:00+00:00
1633478400000,587.1428723310896,2021-10-06 00:00:00+00:00
1633564800000,588.4244835021304,2021-10-07 00:00:00+00:00
1633651200000,588.2795336284707,2021-10-08 00:00:00+00:00
1633737600000,586.7274354370007,2021-10-09 00:00:00+00:00
1633824000000,586.4035553586175,2021-10-10 00:00:00+00:00
1633910400000,588.950834973776,2021-10-11 00:00:00+00:00
1633996800000,587.5969879857687,2021-10-12 00:00:00+00:00
1634083200000,588.8540750836797,2021-10-13 00:00:00+00:00
1634169600000,588.8400105114638,2021-10-14 00:00:00+00:00
1634256000000,592.7738513459933,2021-10-15 00:00:00+00:00
1634342400000,592.0671930173921,2021-10-16 00:00:00+00:00
1634428800000,592.6547846440773,2021-10-17 00:00:00+00:00
1634515200000,593.079150814942,2021-10-18 00:00:00+00:00
1634601600000,595.1522469258239,2021-10-19 00:00:00+00:00
1634688000000,596.7420530403284,2021-10-20 00:00:00+00:00
1634774400000,593.2814859706048,2021-10-21 00:00:00+00:00
1634860800000,591.8931689540553,2021-10-22 00:00:00+00:00
1634947200000,592.4306794228822,2021-10-23 00:00:00+00:00
1635033600000,592.04650554183,2021-10-24 00:00:00+00:00
1635120000000,593.2813136210192,2021-10-25 00:00:00+00:00
1635206400000,588.1398264630155,2021-10-26 00:00:00+00:00
1635292800000,569.2117895210403,2021-10-27 00:00:00+00:00
1635379200000,578.8696265343372,2021-10-28 00:00:00+00:00
1635465600000,585.2420412376221,2021-10-29 00:00:00+00:00
1635552000000,576.7471818988802,2021-10-30 00:00:00+00:00
1635638400000,581.5393907010164,2021-10-31 00:00:00+00:00
1635724800000,581.0252745888214,2021-11-01 00:00:00+00:00
1635811200000,587.5159094303693,2021-11-02 00:00:00+00:00
1635897600000,588.3692302750495,2021-11-03 00:00:00+00:00
1635984000000,581.6944535956623,2021-11-04 00:00:00+00:00
1636070400000,578.6910980612348,2021-11-05 00:00:00+00:00
1636156800000,577.4463491575759,2021-11-06 00:00:00+00:00
1636243200000,581.8178089745331,2021-11-07 00:00:00+00:00
1636329600000,591.4265026760636,2021-11-08 00:00:00+00:00
1636416000000,606.8435485067374,2021-11-09 00:00:00+00:00
1636502400000,589.895440296854,2021-11-10 00:00:00+00:00
1636588800000,605.5044286437745,2021-11-11 00:00:00+00:00
1636675200000,599.7165279269689,2021-11-12 00:00:00+00:00
1636761600000,599.5398532586158,2021-11-13 00:00:00+00:00
1636848000000,604.4245622359466,2021-11-14 00:00:00+00:00
1636934400000,596.043201914546,2021-11-15 00:00:00+00:00
1637020800000,569.6307468456685,2021-11-16 00:00:00+00:00
1637107200000,565.0307973687486,2021-11-17 00:00:00+00:00
1637193600000,558.0978042062127,2021-11-18 00:00:00+00:00
1637280000000,561.7024554838164,2021-11-19 00:00:00+00:00
1637366400000,561.6574836556989,2021-11-20 00:00:00+00:00
1637452800000,561.6574836556989,2021-11-21 00:00:00+00:00
1637539200000,561.6574836556989,2021-11-22 00:00:00+00:00
1637625600000,561.6574836556989,2021-11-23 00:00:00+00:00
1637712000000,558.1960476035111,2021-11-24 00:00:00+00:00
1637798400000,561.5448948800339,2021-11-25 00:00:00+00:00
1637884800000,548.9366944939185,2021-11-26 00:00:00+00:00
1637971200000,547.1122029676744,2021-11-27 00:00:00+00:00
1638057600000,545.1205622480142,2021-11-28 00:00:00+00:00
1638144000000,551.6695130163536,2021-11-29 00:00:00+00:00
1638230400000,546.5752473998816,2021-11-30 00:00:00+00:00
1638316800000,548.3875684159011,2021-12-01 00:00:00+00:00
1638403200000,534.2158241610272,2021-12-02 00:00:00+00:00
1638489600000,546.1925004991577,2021-12-03 00:00:00+00:00
1638576000000,562.900730295555,2021-12-04 00:00:00+00:00
1638662400000,572.4357226239354,2021-12-05 00:00:00+00:00
1638748800000,567.1042703892487,2021-12-06 00:00:00+00:00
1638835200000,565.5615653830456,2021-12-07 00:00:00+00:00
1638921600000,553.6463053012542,2021-12-08 00:00:00+00:00
1639008000000,576.6429621984785,2021-12-09 00:00:00+00:00
1639094400000,584.9289329038987,2021-12-10 00:00:00+00:00
1639180800000,572.9551938713194,2021-12-11 00:00:00+00:00
1639267200000,572.4567006703865,2021-12-12 00:00:00+00:00
1639353600000,594.5809243825574,2021-12-13 00:00:00+00:00
1639440000000,579.320645466308,2021-12-14 00:00:00+00:00
1639526400000,575.5710530880226,2021-12-15 00:00:00+00:00
1639612800000,585.242231081358,2021-12-16 00:00:00+00:00
1639699200000,588.6671932023543,2021-12-17 00:00:00+00:00
1639785600000,581.4984651783013,2021-12-18 00:00:00+00:00
1639872000000,585.9382631062671,2021-12-19 00:00:00+00:00
1639958400000,588.9944120089965,2021-12-20 00:00:00+00:00
1640044800000,583.2919156136925,2021-12-21 00:00:00+00:00
1640131200000,576.6891086389746,2021-12-22 00:00:00+00:00
1640217600000,556.610840884947,2021-12-23 00:00:00+00:00
1640304000000,563.0557467873252,2021-12-24 00:00:00+00:00
1640390400000,557.8459393470634,2021-12-25 00:00:00+00:00
1640476800000,552.7360458289879,2021-12-26 00:00:00+00:00
1640563200000,549.2954400234022,2021-12-27 00:00:00+00:00
1640649600000,558.1990559514188,2021-12-28 00:00:00+00:00
1640736000000,568.5739060085274,2021-12-29 00:00:00+00:00
1640822400000,568.1027656560175,2021-12-30 00:00:00+00:00
1640908800000,568.3335016294218,2021-12-31 00:00:00+00:00
1640995200000,565.0080983701039,2022-01-01 00:00:00+00:00
1641081600000,561.6202614033633,2022-01-02 00:00:00+00:00
1641168000000,572.6677092512839,2022-01-03 00:00:00+00:00
1641254400000,572.1704676358383,2022-01-04 00:00:00+00:00
1641340800000,580.8578879171087,2022-01-05 00:00:00+00:00
1641427200000,583.6971515984296,2022-01-06 00:00:00+00:00
1641513600000,586.7142589796504,2022-01-07 00:00:00+00:00
1641600000000,587.2108100844274,2022-01-08 00:00:00+00:00
1641686400000,584.2357750897318,2022-01-09 00:00:00+00:00
1641772800000,596.8401575208027,2022-01-10 00:00:00+00:00
1641859200000,603.2454728121866,2022-01-11 00:00:00+00:00
1641945600000,594.9623791304075,2022-01-12 00:00:00+00:00
1642032000000,608.0504302886463,2022-01-13 00:00:00+00:00
1642118400000,606.7470907424439,2022-01-14 00:00:00+00:00
1642204800000,602.2483030598924,2022-01-15 00:00:00+00:00
1642291200000,604.1139730780884,2022-01-16 00:00:00+00:00
1642377600000,597.3334988037308,2022-01-17 00:00:00+00:00
1642464000000,599.2099752069928,2022-01-18 00:00:00+00:00
1642550400000,596.0106062290652,2022-01-19 00:00:00+00:00
1642636800000,596.979996066964,2022-01-20 00:00:00+00:00
1642723200000,606.5771132137933,2022-01-21 00:00:00+00:00
1642809600000,609.2736811412517,2022-01-22 00:00:00+00:00
1642896000000,605.9632451099343,2022-01-23 00:00:00+00:00
1642982400000,610.6977048686697,2022-01-24 00:00:00+00:00
1643068800000,606.3832506191111,2022-01-25 00:00:00+00:00
1643155200000,607.1052175146598,2022-01-26 00:00:00+00:00
1643241600000,607.5244754063166,2022-01-27 00:00:00+00:00
1643328000000,603.3285957869184,2022-01-28 00:00:00+00:00
1643414400000,596.3930059854838,2022-01-29 00:00:00+00:00
1643500800000,602.2707463464561,2022-01-30 00:00:00+00:00
1643587200000,599.030108757776,2022-01-31 00:00:00+00:00
1643673600000,595.6923919084123,2022-02-01 00:00:00+00:00
1643760000000,604.3679464587435,2022-02-02 00:00:00+00:00
1643846400000,602.0564589002233,2022-02-03 00:00:00+00:00
1643932800000,583.719346034383,2022-02-04 00:00:00+00:00
1644019200000,582.4936584199187,2022-02-05 00:00:00+00:00
1644105600000,578.1042166641605,2022-02-06 00:00:00+00:00
1644192000000,569.212737239891,2022-02-07 00:00:00+00:00
1644278400000,577.0101559402933,2022-02-08 00:00:00+00:00
1644364800000,574.2717111037789,2022-02-09 00:00:00+00:00
1644451200000,579.7687295512643,2022-02-10 00:00:00+00:00
1644537600000,587.7255666097356,2022-02-11 00:00:00+00:00
1644624000000,587.760521383031,2022-02-12 00:00:00+00:00
1644710400000,590.0850160583439,2022-02-13 00:00:00+00:00
1644796800000,587.7318515210576,2022-02-14 00:00:00+00:00
1644883200000,578.7878476943778,2022-02-15 00:00:00+00:00
1644969600000,579.6393919105345,2022-02-16 00:00:00+00:00
1645056000000,585.8305398932764,2022-02-17 00:00:00+00:00
1645142400000,586.9503200402002,2022-02-18 00:00:00+00:00
1645228800000,586.5278947474594,2022-02-19 00:00:00+00:00
1645315200000,587.7984770596946,2022-02-20 00:00:00+00:00
1645401600000,592.3723923075783,2022-02-21 00:00:00+00:00
1645488000000,590.3067196480222,2022-02-22 00:00:00+00:00
1645574400000,591.8247626718858,2022-02-23 00:00:00+00:00
1645660800000,589.7224861871038,2022-02-24 00:00:00+00:00
1645747200000,587.7606172319576,2022-02-25 00:00:00+00:00
1645833600000,588.6994800669662,2022-02-26 00:00:00+00:00
1645920000000,589.4661263380053,2022-02-27 00:00:00+00:00
1646006400000,581.9624046968387,2022-02-28 00:00:00+00:00
1646092800000,583.1216661008956,2022-03-01 00:00:00+00:00
1646179200000,582.4184670292317,2022-03-02 00:00:00+00:00
1646265600000,585.2893764671554,2022-03-03 00:00:00+00:00
1646352000000,589.8142809677682,2022-03-04 00:00:00+00:00
1646438400000,588.9620854412399,2022-03-05 00:00:00+00:00
1646524800000,591.8237754270885,2022-03-06 00:00:00+00:00
1646611200000,593.7292611736842,2022-03-07 00:00:00+00:00
1646697600000,593.2361660139594,2022-03-08 00:00:00+00:00
1646784000000,589.899470021733,2022-03-09 00:00:00+00:00
1646870400000,593.1323158038401,2022-03-10 00:00:00+00:00
1646956800000,594.5998490986534,2022-03-11 00:00:00+00:00
1647043200000,593.9298941195244,2022-03-12 00:00:00+00:00
1647129600000,595.5902571550057,2022-03-13 00:00:00+00:00
1647216000000,594.2699198299707,2022-03-14 00:00:00+00:00
1647302400000,594.189718731062,2022-03-15 00:00:00+00:00
1647388800000,591.4153835369708,2022-03-16 00:00:00+00:00
1647475200000,591.3594293305262,2022-03-17 00:00:00+00:00
1647561600000,590.3349294539702,2022-03-18 00:00:00+00:00
1647648000000,588.6143599877614,2022-03-19 00:00:00+00:00
1647734400000,590.8272268753091,2022-03-20 00:00:00+00:00
1647820800000,590.6499208101089,2022-03-21 00:00:00+00:00
1647907200000,589.3572245976092,2022-03-22 00:00:00+00:00
1647993600000,588.2886102941278,2022-03-23 00:00:00+00:00
1648080000000,588.0299521572562,2022-03-24 00:00:00+00:00
1648166400000,588.6182851992537,2022-03-25 00:00:00+00:00
1648252800000,591.0657832547373,2022-03-26 00:00:00+00:00
1648339200000,592.502132749163,2022-03-27 00:00:00+00:00
1648425600000,587.8560347455333,2022-03-28 00:00:00+00:00
1648512000000,589.5394491729645,2022-03-29 00:00:00+00:00
1648598400000,589.4054573578459,2022-03-30 00:00:00+00:00
1648684800000,584.3667409903276,2022-03-31 00:00:00+00:00
1648771200000,588.0515712796642,2022-04-01 00:00:00+00:00
1648857600000,583.8238609857975,2022-04-02 00:00:00+00:00
1648944000000,587.1800650483929,2022-04-03 00:00:00+00:00
1649030400000,583.6146332690739,2022-04-04 00:00:00+00:00
1649116800000,575.7437738728058,2022-04-05 00:00:00+00:00
1649203200000,556.7765237023526,2022-04-06 00:00:00+00:00
1649289600000,564.9842999351972,2022-04-07 00:00:00+00:00
1649376000000,555.206620050628,2022-04-08 00:00:00+00:00
1649462400000,557.2042461411518,2022-04-09 00:00:00+00:00
1649548800000,552.0549721095526,2022-04-10 00:00:00+00:00
1649635200000,540.2985347267518,2022-04-11 00:00:00+00:00
1649721600000,544.5925195451375,2022-04-12 00:00:00+00:00
1649808000000,546.1311452159362,2022-04-13 00:00:00+00:00
1649894400000,546.2762245734251,2022-04-14 00:00:00+00:00
1649980800000,545.8760721937211,2022-04-15 00:00:00+00:00
1650067200000,544.7914623726366,2022-04-16 00:00:00+00:00
1650153600000,542.5557014141489,2022-04-17 00:00:00+00:00
1650240000000,544.3121750017399,2022-04-18 00:00:00+00:00
1650326400000,548.7227266051373,2022-04-19 00:00:00+00:00
1650412800000,545.8668647521832,2022-04-20 00:00:00+00:00
1650499200000,541.4121366576036,2022-04-21 00:00:00+00:00
1650585600000,541.179263270142,2022-04-22 00:00:00+00:00
1650672000000,540.4893721703073,2022-04-23 00:00:00+00:00
1650758400000,539.5942242143235,2022-04-24 00:00:00+00:00
1650844800000,537.4988938078009,2022-04-25 00:00:00+00:00
1650931200000,537.4654711497246,2022-04-26 00:00:00+00:00
1651017600000,537.4654711497246,2022-04-27 00:00:00+00:00
1651104000000,537.4654711497246,2022-04-28 00:00:00+00:00
1651190400000,542.9475752548293,2022-04-29 00:00:00+00:00
1651276800000,551.1469528144404,2022-04-30 00:00:00+00:00
1651363200000,541.9602946993496,2022-05-01 00:00:00+00:00
1651449600000,544.7008725203641,2022-05-02 00:00:00+00:00
1651536000000,547.1230536530426,2022-05-03 00:00:00+00:00
1651622400000,516.100122557585,2022-05-04 00:00:00+00:00
1651708800000,544.8182738590382,2022-05-05 00:00:00+00:00
1651795200000,546.190336787812,2022-05-06 00:00:00+00:00
1651881600000,556.0245086220582,2022-05-07 00:00:00+00:00
1651968000000,562.4882449644455,2022-05-08 00:00:00+00:00
1652054400000,603.5161804855755,2022-05-09 00:00:00+00:00
1652140800000,593.2146799844627,2022-05-10 00:00:00+00:00
1652227200000,634.5746450900673,2022-05-11 00:00:00+00:00
1652313600000,642.6843733783744,2022-05-12 00:00:00+00:00
1652400000000,628.888113295548,2022-05-13 00:00:00+00:00
1652486400000,624.5246261920213,2022-05-14 00:00:00+00:00
1652572800000,611.3905025132681,2022-05-15 00:00:00+00:00
1652659200000,624.4633579264587,2022-05-16 00:00:00+00:00
1652745600000,615.0827551992503,2022-05-17 00:00:00+00:00
1652832000000,635.0026643890915,2022-05-18 00:00:00+00:00
1652918400000,627.2290785764092,2022-05-19 00:00:00+00:00
1653004800000,633.2511636027506,2022-05-20 00:00:00+00:00
1653091200000,629.2002807063218,2022-05-21 00:00:00+00:00
1653177600000,622.8110084926147,2022-05-22 00:00:00+00:00
1653264000000,628.8022763577907,2022-05-23 00:00:00+00:00
1653350400000,627.2363129726465,2022-05-24 00:00:00+00:00
1653436800000,630.9538976307215,2022-05-25 00:00:00+00:00
1653523200000,645.2359493312345,2022-05-26 00:00:00+00:00
1653609600000,651.4320393221878,2022-05-27 00:00:00+00:00
1653696000000,645.1512495006823,2022-05-28 00:00:00+00:00
1653782400000,642.0105303315885,2022-05-29 00:00:00+00:00
1653868800000,624.6462689651436,2022-05-30 00:00:00+00:00
1653955200000,622.4997940637505,2022-05-31 00:00:00+00:00
1654041600000,637.9738605248888,2022-06-01 00:00:00+00:00
1654128000000,631.8101339517469,2022-06-02 00:00:00+00:00
1654214400000,639.1061759933259,2022-06-03 00:00:00+00:00
1654300800000,633.9015439703561,2022-06-04 00:00:00+00:00
1654387200000,632.4836015831615,2022-06-05 00:00:00+00:00
1654473600000,623.8573483082615,2022-06-06 00:00:00+00:00
1654560000000,624.6473797908832,2022-06-07 00:00:00+00:00
1654646400000,627.9251841526725,2022-06-08 00:00:00+00:00
1654732800000,627.9115315644657,2022-06-09 00:00:00+00:00
1654819200000,640.2676064615678,2022-06-10 00:00:00+00:00
1654905600000,652.7333857353335,2022-06-11 00:00:00+00:00
1654992000000,665.708584998807,2022-06-12 00:00:00+00:00
1655078400000,682.1974419026627,2022-06-13 00:00:00+00:00
1655164800000,680.2614465877956,2022-06-14 00:00:00+00:00
1655251200000,671.8236038185638,2022-06-15 00:00:00+00:00
1655337600000,690.1691701239316,2022-06-16 00:00:00+00:00
1655424000000,684.6368711135882,2022-06-17 00:00:00+00:00
1655510400000,693.7882165572054,2022-06-18 00:00:00+00:00
1655596800000,682.0551482163874,2022-06-19 00:00:00+00:00
1655683200000,679.798381633133,2022-06-20 00:00:00+00:00
1655769600000,675.3308535944418,2022-06-21 00:00:00+00:00
1655856000000,679.6860851311608,2022-06-22 00:00:00+00:00
1655942400000,668.4146825309474,2022-06-23 00:00:00+00:00
1656028800000,664.6121880944179,2022-06-24 00:00:00+00:00
1656115200000,663.0311432269656,2022-06-25 00:00:00+00:00
1656201600000,669.2101890065588,2022-06-26 00:00:00+00:00
1656288000000,669.7447890077827,2022-06-27 00:00:00+00:00
1656374400000,677.057460715225,2022-06-28 00:00:00+00:00
1656460800000,680.0344092650848,2022-06-29 00:00:00+00:00
1656547200000,682.3590632403399,2022-06-30 00:00:00+00:00
1656633600000,684.9840060596119,2022-07-01 00:00:00+00:00
1656720000000,682.399860630908,2022-07-02 00:00:00+00:00
1656806400000,682.2698450556958,2022-07-03 00:00:00+00:00
1656892800000,675.3608056689624,2022-07-04 00:00:00+00:00
1656979200000,677.7223460711816,2022-07-05 00:00:00+00:00
1657065600000,672.7665553475427,2022-07-06 00:00:00+00:00
1657152000000,667.6763385486472,2022-07-07 00:00:00+00:00
1657238400000,669.9819950158151,2022-07-08 00:00:00+00:00
1657324800000,667.0418979992344,2022-07-09 00:00:00+00:00
1657411200000,670.6671996989315,2022-07-10 00:00:00+00:00
1657497600000,678.2299443658254,2022-07-11 00:00:00+00:00
1657584000000,682.2413975262366,2022-07-12 00:00:00+00:00
1657670400000,675.3751479516962,2022-07-13 00:00:00+00:00
1657756800000,669.4146776120933,2022-07-14 00:00:00+00:00
1657843200000,665.9101642056775,2022-07-15 00:00:00+00:00
1657929600000,655.8256288625463,2022-07-16 00:00:00+00:00
1658016000000,660.4632205557921,2022-07-17 00:00:00+00:00
1658102400000,646.3695357978925,2022-07-18 00:00:00+00:00
1658188800000,644.2743634772618,2022-07-19 00:00:00+00:00
1658275200000,644.1651100050736,2022-07-20 00:00:00+00:00
1658361600000,644.1651100050736,2022-07-21 00:00:00+00:00
1658448000000,644.1651100050736,2022-07-22 00:00:00+00:00
1658534400000,644.1651100050736,2022-07-23 00:00:00+00:00
1658620800000,644.1651100050736,2022-07-24 00:00:00+00:00
1658707200000,644.1651100050736,2022-07-25 00:00:00+00:00
1658793600000,644.1651100050736,2022-07-26 00:00:00+00:00
1658880000000,644.1651100050736,2022-07-27 00:00:00+00:00
1658966400000,644.1651100050736,2022-07-28 00:00:00+00:00
1659052800000,643.0770996635893,2022-07-29 00:00:00+00:00
1659139200000,641.4289255819345,2022-07-30 00:00:00+00:00
1659225600000,638.4491358773139,2022-07-31 00:00:00+00:00
1659312000000,637.1908899003299,2022-08-01 00:00:00+00:00
1659398400000,636.6191192557178,2022-08-02 00:00:00+00:00
1659484800000,639.7649878127097,2022-08-03 00:00:00+00:00
1659571200000,639.0252165636283,2022-08-04 00:00:00+00:00
1659657600000,645.2348914109538,2022-08-05 00:00:00+00:00
1659744000000,649.6080510612871,2022-08-06 00:00:00+00:00
1659830400000,645.8654550667746,2022-08-07 00:00:00+00:00
1659916800000,647.7780851231213,2022-08-08 00:00:00+00:00
1660003200000,639.4325258061015,2022-08-09 00:00:00+00:00
1660089600000,649.7185733912243,2022-08-10 00:00:00+00:00
1660176000000,648.1325267565503,2022-08-11 00:00:00+00:00
1660262400000,656.099431189936,2022-08-12 00:00:00+00:00
1660348800000,651.5972030003421,2022-08-13 00:00:00+00:00
1660435200000,644.4015899173259,2022-08-14 00:00:00+00:00
1660521600000,639.83471037572,2022-08-15 00:00:00+00:00
1660608000000,636.3013100285281,2022-08-16 00:00:00+00:00
1660694400000,627.1938773187071,2022-08-17 00:00:00+00:00
1660780800000,617.6529365110082,2022-08-18 00:00:00+00:00
1660867200000,602.5792967061487,2022-08-19 00:00:00+00:00
1660953600000,601.6401754029393,2022-08-20 00:00:00+00:00
1661040000000,602.8115078173008,2022-08-21 00:00:00+00:00
1661126400000,602.1228067898444,2022-08-22 00:00:00+00:00
1661212800000,602.0826148512647,2022-08-23 00:00:00+00:00
1661299200000,602.0826148512647,2022-08-24 00:00:00+00:00
1661385600000,602.0826148512647,2022-08-25 00:00:00+00:00
1661472000000,602.0826148512647,2022-08-26 00:00:00+00:00
1661558400000,602.0826148512647,2022-08-27 00:00:00+00:00
1661644800000,602.0826148512647,2022-08-28 00:00:00+00:00
1661731200000,602.0826148512647,2022-08-29 00:00:00+00:00
1661817600000,602.0826148512647,2022-08-30 00:00:00+00:00
1661904000000,602.0826148512647,2022-08-31 00:00:00+00:00
1661990400000,602.0826148512647,2022-09-01 00:00:00+00:00
1662076800000,602.0826148512647,2022-09-02 00:00:00+00:00
1662163200000,602.0826148512647,2022-09-03 00:00:00+00:00
1662249600000,602.0826148512647,2022-09-04 00:00:00+00:00
1662336000000,602.0826148512647,2022-09-05 00:00:00+00:00
1662422400000,602.0826148512647,2022-09-06 00:00:00+00:00
1662508800000,602.0826148512647,2022-09-07 00:00:00+00:00
1662595200000,602.0826148512647,2022-09-08 00:00:00+00:00
1662681600000,602.0826148512647,2022-09-09 00:00:00+00:00
1662768000000,602.0826148512647,2022-09-10 00:00:00+00:00
1662854400000,602.0826148512647,2022-09-11 00:00:00+00:00
1662940800000,602.0826148512647,2022-09-12 00:00:00+00:00
1663027200000,602.0826148512647,2022-09-13 00:00:00+00:00
1663113600000,602.0826148512647,2022-09-14 00:00:00+00:00
1663200000000,602.0826148512647,2022-09-15 00:00:00+00:00
1663286400000,602.0826148512647,2022-09-16 00:00:00+00:00
1663372800000,602.0826148512647,2022-09-17 00:00:00+00:00
1663459200000,602.0826148512647,2022-09-18 00:00:00+00:00
1663545600000,602.0826148512647,2022-09-19 00:00:00+00:00
1663632000000,602.0826148512647,2022-09-20 00:00:00+00:00
1663718400000,602.0826148512647,2022-09-21 00:00:00+00:00
1663804800000,602.0826148512647,2022-09-22 00:00:00+00:00
1663891200000,602.0826148512647,2022-09-23 00:00:00+00:00
1663977600000,602.0826148512647,2022-09-24 00:00:00+00:00
1664064000000,602.0826148512647,2022-09-25 00:00:00+00:00
1664150400000,598.1161798357056,2022-09-26 00:00:00+00:00
1664236800000,596.1373126064872,2022-09-27 00:00:00+00:00
1664323200000,596.1263658358416,2022-09-28 00:00:00+00:00
1664409600000,600.1185029022357,2022-09-29 00:00:00+00:00
1664496000000,599.6059642384771,2022-09-30 00:00:00+00:00
1664582400000,599.7741317959557,2022-10-01 00:00:00+00:00
1664668800000,598.401880354515,2022-10-02 00:00:00+00:00
1664755200000,597.9742607393418,2022-10-03 00:00:00+00:00
1664841600000,598.2818648686214,2022-10-04 00:00:00+00:00
1664928000000,599.5809272254346,2022-10-05 00:00:00+00:00
1665014400000,600.0534187198734,2022-10-06 00:00:00+00:00
1665100800000,603.3317013564858,2022-10-07 00:00:00+00:00
1665187200000,603.8863018119752,2022-10-08 00:00:00+00:00
1665273600000,605.1701491676553,2022-10-09 00:00:00+00:00
1665360000000,602.5180637249339,2022-10-10 00:00:00+00:00
1665446400000,602.085499356324,2022-10-11 00:00:00+00:00
1665532800000,601.7451571802044,2022-10-12 00:00:00+00:00
1665619200000,601.1140674667415,2022-10-13 00:00:00+00:00
1665705600000,603.04560231428,2022-10-14 00:00:00+00:00
1665792000000,603.5696437768825,2022-10-15 00:00:00+00:00
1665878400000,600.9470928909321,2022-10-16 00:00:00+00:00
1665964800000,600.0979636029593,2022-10-17 00:00:00+00:00
1666051200000,602.3286384767969,2022-10-18 00:00:00+00:00
1666137600000,605.6702430192584,2022-10-19 00:00:00+00:00
1666224000000,605.910321256904,2022-10-20 00:00:00+00:00
1666310400000,603.7731028202827,2022-10-21 00:00:00+00:00
1666396800000,602.4127676256782,2022-10-22 00:00:00+00:00
1666483200000,598.0335955493493,2022-10-23 00:00:00+00:00
1666569600000,600.4910298681286,2022-10-24 00:00:00+00:00
1666656000000,588.9648772045675,2022-10-25 00:00:00+00:00
1666742400000,587.6816961521338,2022-10-26 00:00:00+00:00
1666828800000,591.1243902683916,2022-10-27 00:00:00+00:00
1666915200000,587.9920321179051,2022-10-28 00:00:00+00:00
1667001600000,582.4197481517436,2022-10-29 00:00:00+00:00
1667088000000,582.2236697203712,2022-10-30 00:00:00+00:00
1667174400000,585.4542379256752,2022-10-31 00:00:00+00:00
1667260800000,593.2055136257409,2022-11-01 00:00:00+00:00
1667347200000,586.070223144279,2022-11-02 00:00:00+00:00
1667433600000,583.7810781748433,2022-11-03 00:00:00+00:00
1667520000000,589.9248454155701,2022-11-04 00:00:00+00:00
1667606400000,587.2336077869359,2022-11-05 00:00:00+00:00
1667692800000,578.7023079777416,2022-11-06 00:00:00+00:00
1667779200000,578.4960627486246,2022-11-07 00:00:00+00:00
1667865600000,548.1884856563347,2022-11-08 00:00:00+00:00
1667952000000,520.4345502075652,2022-11-09 00:00:00+00:00
1668038400000,544.6988013951395,2022-11-10 00:00:00+00:00
1668124800000,539.4512455218726,2022-11-11 00:00:00+00:00
1668211200000,539.05471192816,2022-11-12 00:00:00+00:00
1668297600000,543.2846701093794,2022-11-13 00:00:00+00:00
1668384000000,541.667016742354,2022-11-14 00:00:00+00:00
1668470400000,539.2657300776316,2022-11-15 00:00:00+00:00
1668556800000,545.9165378976669,2022-11-16 00:00:00+00:00
1668643200000,547.8874096082094,2022-11-17 00:00:00+00:00
1668729600000,548.6330245551851,2022-11-18 00:00:00+00:00
1668816000000,547.1806428528921,2022-11-19 00:00:00+00:00
1668902400000,560.1854697196919,2022-11-20 00:00:00+00:00
1668988800000,562.5544378701724,2022-11-21 00:00:00+00:00
1669075200000,555.9745944565018,2022-11-22 00:00:00+00:00
1669161600000,546.2836075497324,2022-11-23 00:00:00+00:00
1669248000000,545.0329632282428,2022-11-24 00:00:00+00:00
1669334400000,548.20231408067,2022-11-25 00:00:00+00:00
1669420800000,549.3996359215654,2022-11-26 00:00:00+00:00
1669507200000,550.2635748314007,2022-11-27 00:00:00+00:00
1669593600000,554.2631285757171,2022-11-28 00:00:00+00:00
1669680000000,550.2681922518168,2022-11-29 00:00:00+00:00
1669766400000,536.5981251636073,2022-11-30 00:00:00+00:00
1669852800000,535.6563067084754,2022-12-01 00:00:00+00:00
1669939200000,532.5332661771921,2022-12-02 00:00:00+00:00
1670025600000,538.3510744447952,2022-12-03 00:00:00+00:00
1670112000000,534.7500093260425,2022-12-04 00:00:00+00:00
1670198400000,535.4844000604759,2022-12-05 00:00:00+00:00
1670284800000,531.5844457405002,2022-12-06 00:00:00+00:00
1670371200000,539.3000988253838,2022-12-07 00:00:00+00:00
1670457600000,535.1889541390958,2022-12-08 00:00:00+00:00
1670544000000,536.3085528384522,2022-12-09 00:00:00+00:00
1670630400000,536.0431188798398,2022-12-10 00:00:00+00:00
1670716800000,540.0364068903647,2022-12-11 00:00:00+00:00
1670803200000,540.1778264288022,2022-12-12 00:00:00+00:00
1670889600000,534.0389813389565,2022-12-13 00:00:00+00:00
1670976000000,537.3603327197488,2022-12-14 00:00:00+00:00
1671062400000,542.1252037816784,2022-12-15 00:00:00+00:00
1671148800000,568.003571697582,2022-12-16 00:00:00+00:00
1671235200000,564.5705515817803,2022-12-17 00:00:00+00:00
1671321600000,566.1233526838674,2022-12-18 00:00:00+00:00
1671408000000,575.6663930140194,2022-12-19 00:00:00+00:00
1671494400000,568.7192751331346,2022-12-20 00:00:00+00:00
1671580800000,571.7785896074637,2022-12-21 00:00:00+00:00
1671667200000,571.0937968673336,2022-12-22 00:00:00+00:00
1671753600000,569.8601362471753,2022-12-23 00:00:00+00:00
1671840000000,572.2663133308347,2022-12-24 00:00:00+00:00
1671926400000,573.658477534001,2022-12-25 00:00:00+00:00
1672012800000,568.6908430282522,2022-12-26 00:00:00+00:00
1672099200000,570.6871252686095,2022-12-27 00:00:00+00:00
1672185600000,581.5904669745257,2022-12-28 00:00:00+00:00
1672272000000,584.8661802191741,2022-12-29 00:00:00+00:00
1672358400000,583.470788110333,2022-12-30 00:00:00+00:00
1672444800000,585.2013569589852,2022-12-31 00:00:00+00:00
1672531200000,583.2296706852308,2023-01-01 00:00:00+00:00
1672617600000,575.0917831788744,2023-01-02 00:00:00+00:00
1672704000000,567.893269219756,2023-01-03 00:00:00+00:00
1672790400000,559.3173378059633,2023-01-04 00:00:00+00:00
1672876800000,561.3935252654463,2023-01-05 00:00:00+00:00
1672963200000,556.2037710227669,2023-01-06 00:00:00+00:00
1673049600000,555.7508595212822,2023-01-07 00:00:00+00:00
1673136000000,549.1372833137746,2023-01-08 00:00:00+00:00
1673222400000,536.6603291080119,2023-01-09 00:00:00+00:00
1673308800000,535.3239073612357,2023-01-10 00:00:00+00:00
1673395200000,531.4843162473721,2023-01-11 00:00:00+00:00
1673481600000,531.1981825098782,2023-01-12 00:00:00+00:00
1673568000000,531.1588283378296,2023-01-13 00:00:00+00:00
1673654400000,534.5814135406278,2023-01-14 00:00:00+00:00
1673740800000,533.4670769825121,2023-01-15 00:00:00+00:00
1673827200000,533.1213499060207,2023-01-16 00:00:00+00:00
1673913600000,532.6362411052785,2023-01-17 00:00:00+00:00
1674000000000,520.4707827546234,2023-01-18 00:00:00+00:00
1674086400000,527.0306565159971,2023-01-19 00:00:00+00:00
1674172800000,542.8037889642288,2023-01-20 00:00:00+00:00
1674259200000,539.3984225801789,2023-01-21 00:00:00+00:00
1674345600000,542.7960306693951,2023-01-22 00:00:00+00:00
1674432000000,546.6969193854567,2023-01-23 00:00:00+00:00
1674518400000,536.1157923684353,2023-01-24 00:00:00+00:00
1674604800000,545.0228329695399,2023-01-25 00:00:00+00:00
1674691200000,546.8849461079942,2023-01-26 00:00:00+00:00
1674777600000,558.5628030827759,2023-01-27 00:00:00+00:00
1674864000000,553.130504201283,2023-01-28 00:00:00+00:00
1674950400000,562.6434380566906,2023-01-29 00:00:00+00:00
1675036800000,548.79257905951,2023-01-30 00:00:00+00:00
1675123200000,553.8309069068323,2023-01-31 00:00:00+00:00
1675209600000,562.1897300660771,2023-02-01 00:00:00+00:00
1675296000000,564.4583588503393,2023-02-02 00:00:00+00:00
1675382400000,568.317582351734,2023-02-03 00:00:00+00:00
1675468800000,566.468007294605,2023-02-04 00:00:00+00:00
1675555200000,559.5481265519227,2023-02-05 00:00:00+00:00
1675641600000,554.3316483066546,2023-02-06 00:00:00+00:00
1675728000000,565.6394851111489,2023-02-07 00:00:00+00:00
1675814400000,559.5839782198757,2023-02-08 00:00:00+00:00
1675900800000,539.1436571112486,2023-02-09 00:00:00+00:00
1675987200000,536.0204921463599,2023-02-10 00:00:00+00:00
1676073600000,540.0288665042582,2023-02-11 00:00:00+00:00
1676160000000,538.2471290108974,2023-02-12 00:00:00+00:00
1676246400000,533.9501938341638,2023-02-13 00:00:00+00:00
1676332800000,539.2767800139397,2023-02-14 00:00:00+00:00
1676419200000,551.6793635450169,2023-02-15 00:00:00+00:00
1676505600000,539.624748355255,2023-02-16 00:00:00+00:00
1676592000000,548.6271467795036,2023-02-17 00:00:00+00:00
1676678400000,555.4676968315629,2023-02-18 00:00:00+00:00
1676764800000,552.2905272733594,2023-02-19 00:00:00+00:00
1676851200000,555.1820990681063,2023-02-20 00:00:00+00:00
1676937600000,544.1036107498119,2023-02-21 00:00:00+00:00
1677024000000,540.4731583254802,2023-02-22 00:00:00+00:00
1677110400000,539.6120788330028,2023-02-23 00:00:00+00:00
1677196800000,524.6521673940307,2023-02-24 00:00:00+00:00
1677283200000,519.4833549502484,2023-02-25 00:00:00+00:00
1677369600000,528.2888513126414,2023-02-26 00:00:00+00:00
1677456000000,524.4903377310011,2023-02-27 00:00:00+00:00
1677542400000,518.7741908834455,2023-02-28 00:00:00+00:00
1677628800000,530.3913778035999,2023-03-01 00:00:00+00:00
1677715200000,526.7171379370482,2023-03-02 00:00:00+00:00
1677801600000,515.5360256983457,2023-03-03 00:00:00+00:00
1677888000000,507.2403725405003,2023-03-04 00:00:00+00:00
1677974400000,509.23973531606373,2023-03-05 00:00:00+00:00
1678060800000,509.316523289411,2023-03-06 00:00:00+00:00
1678147200000,508.4853504969754,2023-03-07 00:00:00+00:00
1678233600000,508.4375176465865,2023-03-08 00:00:00+00:00
1678320000000,508.4375176465865,2023-03-09 00:00:00+00:00
1678406400000,507.6464294967641,2023-03-10 00:00:00+00:00
1678492800000,509.7564013068718,2023-03-11 00:00:00+00:00
1678579200000,492.2764342259671,2023-03-12 00:00:00+00:00
1678665600000,485.2641684371997,2023-03-13 00:00:00+00:00
1678752000000,476.43296618707586,2023-03-14 00:00:00+00:00
1678838400000,494.4416098488089,2023-03-15 00:00:00+00:00
1678924800000,491.6821598643916,2023-03-16 00:00:00+00:00
1679011200000,472.7434052612784,2023-03-17 00:00:00+00:00
1679097600000,479.62072553316375,2023-03-18 00:00:00+00:00
1679184000000,475.4285499829772,2023-03-19 00:00:00+00:00
1679270400000,483.36786902240897,2023-03-20 00:00:00+00:00
1679356800000,473.26746026510955,2023-03-21 00:00:00+00:00
1679443200000,477.5605082739739,2023-03-22 00:00:00+00:00
1679529600000,472.2353958027315,2023-03-23 00:00:00+00:00
1679616000000,476.3540346378475,2023-03-24 00:00:00+00:00
1679702400000,476.7379410867047,2023-03-25 00:00:00+00:00
1679788800000,475.4286122363333,2023-03-26 00:00:00+00:00
1679875200000,480.3711291727741,2023-03-27 00:00:00+00:00
1679961600000,486.4514446882449,2023-03-28 00:00:00+00:00
1680048000000,484.7083696005542,2023-03-29 00:00:00+00:00
1680134400000,487.42756877960124,2023-03-30 00:00:00+00:00
1680220800000,485.72336962434633,2023-03-31 00:00:00+00:00
1680307200000,482.12223372853526,2023-04-01 00:00:00+00:00
1680393600000,481.7116656154441,2023-04-02 00:00:00+00:00
1680480000000,478.5560324999768,2023-04-03 00:00:00+00:00
1680566400000,479.73594688677105,2023-04-04 00:00:00+00:00
1680652800000,481.1235436609875,2023-04-05 00:00:00+00:00
1680739200000,480.81968991221777,2023-04-06 00:00:00+00:00
1680825600000,481.45045116411364,2023-04-07 00:00:00+00:00
1680912000000,478.0686112470095,2023-04-08 00:00:00+00:00
1680998400000,481.6267045499744,2023-04-09 00:00:00+00:00
1681084800000,491.4501476403569,2023-04-10 00:00:00+00:00
1681171200000,495.0390699886773,2023-04-11 00:00:00+00:00
1681257600000,491.8144427620579,2023-04-12 00:00:00+00:00
1681344000000,495.89242416631606,2023-04-13 00:00:00+00:00
1681430400000,510.6607576262991,2023-04-14 00:00:00+00:00
1681516800000,512.3207009214254,2023-04-15 00:00:00+00:00
1681603200000,523.0121505067877,2023-04-16 00:00:00+00:00
1681689600000,514.3257214946501,2023-04-17 00:00:00+00:00
1681776000000,516.4552732228997,2023-04-18 00:00:00+00:00
1681862400000,498.54763588139974,2023-04-19 00:00:00+00:00
1681948800000,489.1799481611625,2023-04-20 00:00:00+00:00
1682035200000,476.1420146739799,2023-04-21 00:00:00+00:00
1682121600000,480.70719543015196,2023-04-22 00:00:00+00:00
1682208000000,473.7412548090034,2023-04-23 00:00:00+00:00
1682294400000,474.1673189358089,2023-04-24 00:00:00+00:00
1682380800000,485.79680515569663,2023-04-25 00:00:00+00:00
1682467200000,486.6296808650138,2023-04-26 00:00:00+00:00
1682553600000,491.617782640595,2023-04-27 00:00:00+00:00
1682640000000,487.1422197630552,2023-04-28 00:00:00+00:00
1682726400000,484.11274877641785,2023-04-29 00:00:00+00:00
1682812800000,481.24802243557946,2023-04-30 00:00:00+00:00
1682899200000,482.00767830231933,2023-05-01 00:00:00+00:00
1682985600000,482.06259318425236,2023-05-02 00:00:00+00:00
1683072000000,482.79479161002575,2023-05-03 00:00:00+00:00
1683158400000,477.72431751154505,2023-05-04 00:00:00+00:00
1683244800000,481.2177049670289,2023-05-05 00:00:00+00:00
1683331200000,476.8915613784325,2023-05-06 00:00:00+00:00
1683417600000,477.8412375562689,2023-05-07 00:00:00+00:00
1683504000000,473.2740763655455,2023-05-08 00:00:00+00:00
1683590400000,473.4331821566525,2023-05-09 00:00:00+00:00
1683676800000,473.4653089503985,2023-05-10 00:00:00+00:00
1683763200000,473.2297124629279,2023-05-11 00:00:00+00:00
1683849600000,473.40640982853085,2023-05-12 00:00:00+00:00
1683936000000,474.410868945405,2023-05-13 00:00:00+00:00
1684022400000,472.82289338071126,2023-05-14 00:00:00+00:00
1684108800000,471.8987961392058,2023-05-15 00:00:00+00:00
1684195200000,472.7748337863521,2023-05-16 00:00:00+00:00
1684281600000,466.32356711491747,2023-05-17 00:00:00+00:00
1684368000000,471.5679269154291,2023-05-18 00:00:00+00:00
1684454400000,467.4310837424775,2023-05-19 00:00:00+00:00
1684540800000,469.37497050681225,2023-05-20 00:00:00+00:00
1684627200000,477.0853682497294,2023-05-21 00:00:00+00:00
1684713600000,476.4112775554406,2023-05-22 00:00:00+00:00
1684800000000,473.4098062502361,2023-05-23 00:00:00+00:00
1684886400000,481.7842914267088,2023-05-24 00:00:00+00:00
1684972800000,480.5247381490879,2023-05-25 00:00:00+00:00
1685059200000,475.378537409105,2023-05-26 00:00:00+00:00
1685145600000,471.4471551609876,2023-05-27 00:00:00+00:00
1685232000000,463.20022565883716,2023-05-28 00:00:00+00:00
1685318400000,467.0230080430862,2023-05-29 00:00:00+00:00
1685404800000,460.54866613250294,2023-05-30 00:00:00+00:00
1685491200000,467.34469612480285,2023-05-31 00:00:00+00:00
1685577600000,468.56323356620027,2023-06-01 00:00:00+00:00
1685664000000,461.0769941356879,2023-06-02 00:00:00+00:00
1685750400000,460.0177872153581,2023-06-03 00:00:00+00:00
1685836800000,459.57544863285335,2023-06-04 00:00:00+00:00
1685923200000,464.8095019878686,2023-06-05 00:00:00+00:00
1686009600000,461.08207765331423,2023-06-06 00:00:00+00:00
1686096000000,465.3862523082722,2023-06-07 00:00:00+00:00
1686182400000,465.3960714360016,2023-06-08 00:00:00+00:00
1686268800000,463.5540430115097,2023-06-09 00:00:00+00:00
1686355200000,487.05861386674235,2023-06-10 00:00:00+00:00
1686441600000,488.1046901994468,2023-06-11 00:00:00+00:00
1686528000000,487.6634508218272,2023-06-12 00:00:00+00:00
1686614400000,481.85188875760207,2023-06-13 00:00:00+00:00
1686700800000,488.4784996945405,2023-06-14 00:00:00+00:00
1686787200000,489.83465534974454,2023-06-15 00:00:00+00:00
1686873600000,486.0434513059827,2023-06-16 00:00:00+00:00
1686960000000,482.8333572712403,2023-06-17 00:00:00+00:00
1687046400000,484.1551743919023,2023-06-18 00:00:00+00:00
1687132800000,483.09247521848533,2023-06-19 00:00:00+00:00
1687219200000,475.1545084249491,2023-06-20 00:00:00+00:00
1687305600000,467.7892285880245,2023-06-21 00:00:00+00:00
1687392000000,472.27011336048423,2023-06-22 00:00:00+00:00
1687478400000,461.56707101309433,2023-06-23 00:00:00+00:00
1687564800000,464.2852796867118,2023-06-24 00:00:00+00:00
1687651200000,460.18408363329695,2023-06-25 00:00:00+00:00
1687737600000,465.1620764023019,2023-06-26 00:00:00+00:00
1687824000000,464.53734345053533,2023-06-27 00:00:00+00:00
1687910400000,469.50640355110454,2023-06-28 00:00:00+00:00
1687996800000,473.77233591598036,2023-06-29 00:00:00+00:00
1688083200000,479.4194525706382,2023-06-30 00:00:00+00:00
1688169600000,472.6703397604165,2023-07-01 00:00:00+00:00
1688256000000,474.8311758746708,2023-07-02 00:00:00+00:00
1688342400000,470.4108058155759,2023-07-03 00:00:00+00:00
1688428800000,468.0960875236909,2023-07-04 00:00:00+00:00
1688515200000,471.63076249519236,2023-07-05 00:00:00+00:00
1688601600000,476.44429307927373,2023-07-06 00:00:00+00:00
1688688000000,475.63034686719044,2023-07-07 00:00:00+00:00
1688774400000,472.27399278627007,2023-07-08 00:00:00+00:00
1688860800000,472.8676518046547,2023-07-09 00:00:00+00:00
1688947200000,473.4059561959993,2023-07-10 00:00:00+00:00
1689033600000,473.16147219573924,2023-07-11 00:00:00+00:00
1689120000000,476.57861319774474,2023-07-12 00:00:00+00:00
1689206400000,460.0966707128841,2023-07-13 00:00:00+00:00
1689292800000,458.2441030743641,2023-07-14 00:00:00+00:00
1689379200000,454.33652561900925,2023-07-15 00:00:00+00:00
1689465600000,456.6397322306163,2023-07-16 00:00:00+00:00
1689552000000,450.81643559665724,2023-07-17 00:00:00+00:00
1689638400000,451.6656484479199,2023-07-18 00:00:00+00:00
1689724800000,462.4240172404921,2023-07-19 00:00:00+00:00
1689811200000,463.00891484306754,2023-07-20 00:00:00+00:00
1689897600000,461.82656942601506,2023-07-21 00:00:00+00:00
1689984000000,458.18735179564305,2023-07-22 00:00:00+00:00
1690070400000,459.99232372290635,2023-07-23 00:00:00+00:00
1690156800000,452.0122473708379,2023-07-24 00:00:00+00:00
1690243200000,450.35373231537596,2023-07-25 00:00:00+00:00
1690329600000,460.7311144968089,2023-07-26 00:00:00+00:00
1690416000000,463.0577879213343,2023-07-27 00:00:00+00:00
1690502400000,462.91800486253675,2023-07-28 00:00:00+00:00
1690588800000,461.99822722193807,2023-07-29 00:00:00+00:00
1690675200000,455.6025884881236,2023-07-30 00:00:00+00:00
1690761600000,451.0418297495315,2023-07-31 00:00:00+00:00
1690848000000,453.24455418032574,2023-08-01 00:00:00+00:00
1690934400000,446.11711423084313,2023-08-02 00:00:00+00:00
1691020800000,442.16696665926156,2023-08-03 00:00:00+00:00
1691107200000,441.6253929857778,2023-08-04 00:00:00+00:00
1691193600000,444.6870031591055,2023-08-05 00:00:00+00:00
1691280000000,439.43463883188247,2023-08-06 00:00:00+00:00
1691366400000,438.45170052448907,2023-08-07 00:00:00+00:00
1691452800000,440.51083052768854,2023-08-08 00:00:00+00:00
1691539200000,442.40182041106067,2023-08-09 00:00:00+00:00
1691625600000,441.2394182428893,2023-08-10 00:00:00+00:00
1691712000000,441.1837755142245,2023-08-11 00:00:00+00:00
1691798400000,442.02311845899214,2023-08-12 00:00:00+00:00
1691884800000,439.5587557266982,2023-08-13 00:00:00+00:00
1691971200000,440.96963324589905,2023-08-14 00:00:00+00:00
1692057600000,435.82482261543936,2023-08-15 00:00:00+00:00
1692144000000,427.96442009313836,2023-08-16 00:00:00+00:00
1692230400000,426.7662408039873,2023-08-17 00:00:00+00:00
1692316800000,426.23262012977045,2023-08-18 00:00:00+00:00
1692403200000,430.4328923575128,2023-08-19 00:00:00+00:00
1692489600000,426.3209597158306,2023-08-20 00:00:00+00:00
1692576000000,432.1839153583438,2023-08-21 00:00:00+00:00
1692662400000,432.37549229156474,2023-08-22 00:00:00+00:00
1692748800000,430.91873256635694,2023-08-23 00:00:00+00:00
1692835200000,432.9263437321137,2023-08-24 00:00:00+00:00
1692921600000,433.915657788685,2023-08-25 00:00:00+00:00
1693008000000,432.936007488941,2023-08-26 00:00:00+00:00
1693094400000,431.3524692069761,2023-08-27 00:00:00+00:00
1693180800000,427.6521430939258,2023-08-28 00:00:00+00:00
1693267200000,419.53766127264703,2023-08-29 00:00:00+00:00
1693353600000,425.26789794911286,2023-08-30 00:00:00+00:00
1693440000000,436.92490774757385,2023-08-31 00:00:00+00:00
1693526400000,439.82705066138493,2023-09-01 00:00:00+00:00
1693612800000,439.24156651379985,2023-09-02 00:00:00+00:00
1693699200000,438.9582799113498,2023-09-03 00:00:00+00:00
1693785600000,439.47595730553985,2023-09-04 00:00:00+00:00
1693872000000,437.17392126178015,2023-09-05 00:00:00+00:00
1693958400000,437.6296774174594,2023-09-06 00:00:00+00:00
1694044800000,435.48810761638293,2023-09-07 00:00:00+00:00
1694131200000,437.7816239623821,2023-09-08 00:00:00+00:00
1694217600000,438.9142514037306,2023-09-09 00:00:00+00:00
1694304000000,448.98922983032395,2023-09-10 00:00:00+00:00
1694390400000,455.999784169861,2023-09-11 00:00:00+00:00
1694476800000,453.5369324550979,2023-09-12 00:00:00+00:00
1694563200000,451.15221598675294,2023-09-13 00:00:00+00:00
1694649600000,448.1430054764334,2023-09-14 00:00:00+00:00
1694736000000,445.36150483033146,2023-09-15 00:00:00+00:00
1694822400000,447.16143324273605,2023-09-16 00:00:00+00:00
1694908800000,452.02625138480505,2023-09-17 00:00:00+00:00
1694995200000,451.1364016034765,2023-09-18 00:00:00+00:00
1695081600000,448.470159732116,2023-09-19 00:00:00+00:00
1695168000000,450.7736743603518,2023-09-20 00:00:00+00:00
1695254400000,454.9239156361653,2023-09-21 00:00:00+00:00
1695340800000,447.9859785956433,2023-09-22 00:00:00+00:00
1695427200000,449.70471631477585,2023-09-23 00:00:00+00:00
1695513600000,452.22961688314246,2023-09-24 00:00:00+00:00
1695600000000,448.6181937720101,2023-09-25 00:00:00+00:00
1695686400000,449.59760783830984,2023-09-26 00:00:00+00:00
1695772800000,447.9544205148995,2023-09-27 00:00:00+00:00
1695859200000,442.9054219123205,2023-09-28 00:00:00+00:00
1695945600000,435.6609136723046,2023-09-29 00:00:00+00:00
1696032000000,435.8814048910739,2023-09-30 00:00:00+00:00
1696118400000,428.26586933240816,2023-10-01 00:00:00+00:00
1696204800000,426.11671217285385,2023-10-02 00:00:00+00:00
1696291200000,424.2720054393366,2023-10-03 00:00:00+00:00
1696377600000,421.8938378670147,2023-10-04 00:00:00+00:00
1696464000000,419.60908586169666,2023-10-05 00:00:00+00:00
1696550400000,424.15172199629666,2023-10-06 00:00:00+00:00
1696636800000,422.30928303128354,2023-10-07 00:00:00+00:00
1696723200000,423.0316074089396,2023-10-08 00:00:00+00:00
1696809600000,420.2980394138739,2023-10-09 00:00:00+00:00
1696896000000,419.9643276339114,2023-10-10 00:00:00+00:00
1696982400000,423.55238115905746,2023-10-11 00:00:00+00:00
1697068800000,417.0295275242731,2023-10-12 00:00:00+00:00
1697155200000,418.1097616250262,2023-10-13 00:00:00+00:00
1697241600000,417.07152383416945,2023-10-14 00:00:00+00:00
1697328000000,418.26716297360286,2023-10-15 00:00:00+00:00
1697414400000,419.40918337210474,2023-10-16 00:00:00+00:00
1697500800000,419.9610354652576,2023-10-17 00:00:00+00:00
1697587200000,421.3601919831409,2023-10-18 00:00:00+00:00
1697673600000,421.9141146171344,2023-10-19 00:00:00+00:00
1697760000000,422.1590625807519,2023-10-20 00:00:00+00:00
1697846400000,428.6791468710929,2023-10-21 00:00:00+00:00
1697932800000,434.84281953558366,2023-10-22 00:00:00+00:00
1698019200000,436.9172483802117,2023-10-23 00:00:00+00:00
1698105600000,435.71582827774455,2023-10-24 00:00:00+00:00
1698192000000,443.356325561558,2023-10-25 00:00:00+00:00
1698278400000,440.38037680724534,2023-10-26 00:00:00+00:00
1698364800000,446.3247169492784,2023-10-27 00:00:00+00:00
1698451200000,445.858194449338,2023-10-28 00:00:00+00:00
1698537600000,450.43768310172806,2023-10-29 00:00:00+00:00
1698624000000,448.6600819815933,2023-10-30 00:00:00+00:00
1698710400000,454.503815976633,2023-10-31 00:00:00+00:00
1698796800000,462.52469650140506,2023-11-01 00:00:00+00:00
1698883200000,453.0482072996908,2023-11-02 00:00:00+00:00
1698969600000,456.25280497538364,2023-11-03 00:00:00+00:00
1699056000000,459.9149133744249,2023-11-04 00:00:00+00:00
1699142400000,467.95380432013474,2023-11-05 00:00:00+00:00
1699228800000,477.18388476118633,2023-11-06 00:00:00+00:00
1699315200000,477.65872461969525,2023-11-07 00:00:00+00:00
1699401600000,490.9483074749885,2023-11-08 00:00:00+00:00
1699488000000,487.8907116658694,2023-11-09 00:00:00+00:00
1699574400000,505.657889056018,2023-11-10 00:00:00+00:00
1699660800000,510.515134800637,2023-11-11 00:00:00+00:00
1699747200000,506.0514400531983,2023-11-12 00:00:00+00:00
1699833600000,485.81175454556177,2023-11-13 00:00:00+00:00
1699920000000,478.93286820690423,2023-11-14 00:00:00+00:00
1700006400000,501.29280006043444,2023-11-15 00:00:00+00:00
1700092800000,480.5404095718384,2023-11-16 00:00:00+00:00
1700179200000,482.8099024724334,2023-11-17 00:00:00+00:00
1700265600000,481.4372745887388,2023-11-18 00:00:00+00:00
1700352000000,495.4415121767153,2023-11-19 00:00:00+00:00
1700438400000,485.2245700189894,2023-11-20 00:00:00+00:00
1700524800000,461.1713889784175,2023-11-21 00:00:00+00:00
1700611200000,483.24027345879716,2023-11-22 00:00:00+00:00
1700697600000,480.61932661849517,2023-11-23 00:00:00+00:00
1700784000000,485.2225457295635,2023-11-24 00:00:00+00:00
1700870400000,497.10709414497325,2023-11-25 00:00:00+00:00
1700956800000,494.8617423859658,2023-11-26 00:00:00+00:00
1701043200000,484.45169167232154,2023-11-27 00:00:00+00:00
1701129600000,488.8741697143127,2023-11-28 00:00:00+00:00
1701216000000,489.3007064768377,2023-11-29 00:00:00+00:00
1701302400000,494.8478371711828,2023-11-30 00:00:00+00:00
1701388800000,498.9713399706837,2023-12-01 00:00:00+00:00
1701475200000,507.6091650691885,2023-12-02 00:00:00+00:00
1701561600000,504.94154611702874,2023-12-03 00:00:00+00:00
1701648000000,508.5459487632904,2023-12-04 00:00:00+00:00
1701734400000,515.0320150664111,2023-12-05 00:00:00+00:00
1701820800000,513.8165017886339,2023-12-06 00:00:00+00:00
1701907200000,522.4348747703701,2023-12-07 00:00:00+00:00
1701993600000,549.0620534769039,2023-12-08 00:00:00+00:00
1702080000000,545.2160003038134,2023-12-09 00:00:00+00:00
1702166400000,560.4199652548286,2023-12-10 00:00:00+00:00
1702252800000,549.5573116966432,2023-12-11 00:00:00+00:00
1702339200000,558.9641306355522,2023-12-12 00:00:00+00:00
1702425600000,590.0215173869564,2023-12-13 00:00:00+00:00
1702512000000,596.8936179233602,2023-12-14 00:00:00+00:00
1702598400000,577.0942402470412,2023-12-15 00:00:00+00:00
1702684800000,579.0103990311798,2023-12-16 00:00:00+00:00
1702771200000,577.8390934703186,2023-12-17 00:00:00+00:00
1702857600000,607.9906980722927,2023-12-18 00:00:00+00:00
1702944000000,598.1629931136846,2023-12-19 00:00:00+00:00
1703030400000,633.4099418158801,2023-12-20 00:00:00+00:00
1703116800000,633.6213487080292,2023-12-21 00:00:00+00:00
1703203200000,621.0655833608142,2023-12-22 00:00:00+00:00
1703289600000,638.9569715900658,2023-12-23 00:00:00+00:00
1703376000000,626.3008729194614,2023-12-24 00:00:00+00:00
1703462400000,645.805187705034,2023-12-25 00:00:00+00:00
1703548800000,619.7625386008316,2023-12-26 00:00:00+00:00
1703635200000,622.1153148370125,2023-12-27 00:00:00+00:00
1703721600000,595.8414285692619,2023-12-28 00:00:00+00:00
1703808000000,595.6228639548767,2023-12-29 00:00:00+00:00
1703894400000,600.3380964636036,2023-12-30 00:00:00+00:00
1703980800000,591.225768660182,2023-12-31 00:00:00+00:00
1704067200000,623.27002180332,2024-01-01 00:00:00+00:00
1704153600000,609.3027131630271,2024-01-02 00:00:00+00:00
1704240000000,574.2796041175918,2024-01-03 00:00:00+00:00
1704326400000,599.5781231080363,2024-01-04 00:00:00+00:00
1704412800000,592.5835212644771,2024-01-05 00:00:00+00:00
1704499200000,597.006963534437,2024-01-06 00:00:00+00:00
1704585600000,574.9321999167678,2024-01-07 00:00:00+00:00
1704672000000,612.4765808059399,2024-01-08 00:00:00+00:00
1704758400000,598.2972474733397,2024-01-09 00:00:00+00:00
1704844800000,611.9003290699536,2024-01-10 00:00:00+00:00
1704931200000,600.2680824711223,2024-01-11 00:00:00+00:00
1705017600000,578.4403556350776,2024-01-12 00:00:00+00:00
1705104000000,589.5530926982053,2024-01-13 00:00:00+00:00
1705190400000,576.5712560696217,2024-01-14 00:00:00+00:00
1705276800000,598.4158886107252,2024-01-15 00:00:00+00:00
1705363200000,596.8582733372871,2024-01-16 00:00:00+00:00
1705449600000,590.6459106890344,2024-01-17 00:00:00+00:00
1705536000000,581.6880925911183,2024-01-18 00:00:00+00:00
1705622400000,580.607016406558,2024-01-19 00:00:00+00:00
1705708800000,571.5299630635827,2024-01-20 00:00:00+00:00
1705795200000,574.1323624848028,2024-01-21 00:00:00+00:00
1705881600000,580.5247491865399,2024-01-22 00:00:00+00:00
1705968000000,583.8988326020859,2024-01-23 00:00:00+00:00
1706054400000,580.9429199194828,2024-01-24 00:00:00+00:00
1706140800000,581.2162347681992,2024-01-25 00:00:00+00:00
1706227200000,576.0663094275849,2024-01-26 00:00:00+00:00
1706313600000,575.6038855215937,2024-01-27 00:00:00+00:00
1706400000000,578.880574922704,2024-01-28 00:00:00+00:00
1706486400000,569.6756923761448,2024-01-29 00:00:00+00:00
1706572800000,576.618032162738,2024-01-30 00:00:00+00:00
1706659200000,582.7336083622303,2024-01-31 00:00:00+00:00
1706745600000,581.0862714305009,2024-02-01 00:00:00+00:00
1706832000000,578.9964494460874,2024-02-02 00:00:00+00:00
1706918400000,578.4586606808946,2024-02-03 00:00:00+00:00
1707004800000,584.3254183968857,2024-02-04 00:00:00+00:00
1707091200000,584.3370334383724,2024-02-05 00:00:00+00:00
1707177600000,588.6677561657181,2024-02-06 00:00:00+00:00
1707264000000,582.6878957010052,2024-02-07 00:00:00+00:00
1707350400000,579.4695099241864,2024-02-08 00:00:00+00:00
1707436800000,574.7806669525382,2024-02-09 00:00:00+00:00
1707523200000,575.6837280156768,2024-02-10 00:00:00+00:00
1707609600000,579.8075403562381,2024-02-11 00:00:00+00:00
1707696000000,577.6497553808601,2024-02-12 00:00:00+00:00
1707782400000,575.7481485172462,2024-02-13 00:00:00+00:00
1707868800000,573.4514229056897,2024-02-14 00:00:00+00:00
1707955200000,568.2745324573093,2024-02-15 00:00:00+00:00
1708041600000,565.7479089066356,2024-02-16 00:00:00+00:00
1708128000000,559.9144765174838,2024-02-17 00:00:00+00:00
1708214400000,565.0929099712241,2024-02-18 00:00:00+00:00
1708300800000,564.0774092012138,2024-02-19 00:00:00+00:00
1708387200000,563.713598899326,2024-02-20 00:00:00+00:00
1708473600000,562.0638464144862,2024-02-21 00:00:00+00:00
1708560000000,560.0901377305885,2024-02-22 00:00:00+00:00
1708646400000,554.3446501158566,2024-02-23 00:00:00+00:00
1708732800000,558.583431352266,2024-02-24 00:00:00+00:00
1708819200000,560.1420306355125,2024-02-25 00:00:00+00:00
1708905600000,567.2757512184602,2024-02-26 00:00:00+00:00
1708992000000,565.6281035649581,2024-02-27 00:00:00+00:00
1709078400000,568.9541764006648,2024-02-28 00:00:00+00:00
1709164800000,558.4016804797434,2024-02-29 00:00:00+00:00
1709251200000,586.0897296828824,2024-03-01 00:00:00+00:00
1709337600000,598.778397109355,2024-03-02 00:00:00+00:00
1709424000000,621.4888870865682,2024-03-03 00:00:00+00:00
1709510400000,643.2090061803657,2024-03-04 00:00:00+00:00
1709596800000,615.5769802978772,2024-03-05 00:00:00+00:00
1709683200000,647.2274771116868,2024-03-06 00:00:00+00:00
1709769600000,653.0400486660564,2024-03-07 00:00:00+00:00
1709856000000,694.0085044982725,2024-03-08 00:00:00+00:00
1709942400000,695.4237588533531,2024-03-09 00:00:00+00:00
1710028800000,743.6081048699558,2024-03-10 00:00:00+00:00
1710115200000,751.2766265150908,2024-03-11 00:00:00+00:00
1710201600000,747.6029279847234,2024-03-12 00:00:00+00:00
1710288000000,770.2086648831063,2024-03-13 00:00:00+00:00
1710374400000,797.8528482137237,2024-03-14 00:00:00+00:00
1710460800000,783.7825150314266,2024-03-15 00:00:00+00:00
1710547200000,743.4247050343954,2024-03-16 00:00:00+00:00
1710633600000,761.776866545259,2024-03-17 00:00:00+00:00
1710720000000,735.467722799456,2024-03-18 00:00:00+00:00
1710806400000,712.0648356517157,2024-03-19 00:00:00+00:00
1710892800000,764.3004079781709,2024-03-20 00:00:00+00:00
1710979200000,711.9567280002918,2024-03-21 00:00:00+00:00
1711065600000,701.7453211512357,2024-03-22 00:00:00+00:00
1711152000000,701.2344492673336,2024-03-23 00:00:00+00:00
1711238400000,721.0498172085544,2024-03-24 00:00:00+00:00
1711324800000,735.0585470542461,2024-03-25 00:00:00+00:00
1711411200000,733.4764857524196,2024-03-26 00:00:00+00:00
1711497600000,738.1392201253688,2024-03-27 00:00:00+00:00
1711584000000,748.762546488242,2024-03-28 00:00:00+00:00
1711670400000,740.2496656083825,2024-03-29 00:00:00+00:00
1711756800000,739.4607112150779,2024-03-30 00:00:00+00:00
1711843200000,762.5998037937296,2024-03-31 00:00:00+00:00
1711929600000,736.3741652637007,2024-04-01 00:00:00+00:00
1712016000000,713.7834290694301,2024-04-02 00:00:00+00:00
1712102400000,701.3260042431137,2024-04-03 00:00:00+00:00
1712188800000,719.7438734846795,2024-04-04 00:00:00+00:00
1712275200000,710.194599924336,2024-04-05 00:00:00+00:00
1712361600000,717.1004778053294,2024-04-06 00:00:00+00:00
1712448000000,717.8265865755546,2024-04-07 00:00:00+00:00
1712534400000,724.1626239075313,2024-04-08 00:00:00+00:00
1712620800000,710.837556374527,2024-04-09 00:00:00+00:00
1712707200000,713.3555025457606,2024-04-10 00:00:00+00:00
1712793600000,711.0681425887611,2024-04-11 00:00:00+00:00
1712880000000,689.07853783939,2024-04-12 00:00:00+00:00
1712966400000,680.0210711731507,2024-04-13 00:00:00+00:00
1713052800000,694.6640899103782,2024-04-14 00:00:00+00:00
1713139200000,691.1134495091259,2024-04-15 00:00:00+00:00
1713225600000,687.2159038572369,2024-04-16 00:00:00+00:00
1713312000000,690.0288405540883,2024-04-17 00:00:00+00:00
1713398400000,682.0800515016622,2024-04-18 00:00:00+00:00
1713484800000,678.488651685507,2024-04-19 00:00:00+00:00
1713571200000,670.4665361974984,2024-04-20 00:00:00+00:00
1713657600000,673.269127005683,2024-04-21 00:00:00+00:00
1713744000000,663.1788557074688,2024-04-22 00:00:00+00:00
1713830400000,668.4394834181845,2024-04-23 00:00:00+00:00
1713916800000,677.9078108013548,2024-04-24 00:00:00+00:00
1714003200000,674.7947313836596,2024-04-25 00:00:00+00:00
1714089600000,674.8436321974522,2024-04-26 00:00:00+00:00
1714176000000,674.1849110464206,2024-04-27 00:00:00+00:00
1714262400000,675.4056207984289,2024-04-28 00:00:00+00:00
1714348800000,674.5434348055973,2024-04-29 00:00:00+00:00
1714435200000,684.1169297366436,2024-04-30 00:00:00+00:00
1714521600000,685.1431112141229,2024-05-01 00:00:00+00:00
1714608000000,684.3557442943244,2024-05-02 00:00:00+00:00
1714694400000,679.468539517492,2024-05-03 00:00:00+00:00
1714780800000,677.0641832525292,2024-05-04 00:00:00+00:00
1714867200000,678.6786420837636,2024-05-05 00:00:00+00:00
1714953600000,679.3109938840473,2024-05-06 00:00:00+00:00
1715040000000,682.6927562294388,2024-05-07 00:00:00+00:00
1715126400000,685.7678914993505,2024-05-08 00:00:00+00:00
1715212800000,682.653447214374,2024-05-09 00:00:00+00:00
1715299200000,685.1092379456297,2024-05-10 00:00:00+00:00
1715385600000,689.5045794720011,2024-05-11 00:00:00+00:00
1715472000000,691.3731757595394,2024-05-12 00:00:00+00:00
1715558400000,694.0179684345916,2024-05-13 00:00:00+00:00
1715644800000,699.1107167704757,2024-05-14 00:00:00+00:00
1715731200000,686.2365797384076,2024-05-15 00:00:00+00:00
1715817600000,687.2747319708559,2024-05-16 00:00:00+00:00
1715904000000,679.3610189310953,2024-05-17 00:00:00+00:00
1715990400000,674.958208471081,2024-05-18 00:00:00+00:00
1716076800000,680.424387844938,2024-05-19 00:00:00+00:00
1716163200000,653.4496372659763,2024-05-20 00:00:00+00:00
1716249600000,656.5315365024654,2024-05-21 00:00:00+00:00
1716336000000,655.6855537121725,2024-05-22 00:00:00+00:00
1716422400000,659.3231985495397,2024-05-23 00:00:00+00:00
1716508800000,655.9747793467783,2024-05-24 00:00:00+00:00
1716595200000,659.2862405959094,2024-05-25 00:00:00+00:00
1716681600000,663.3753295660927,2024-05-26 00:00:00+00:00
1716768000000,666.3995135478708,2024-05-27 00:00:00+00:00
1716854400000,663.2809101538007,2024-05-28 00:00:00+00:00
1716940800000,654.6564967452189,2024-05-29 00:00:00+00:00
1717027200000,655.1208753951851,2024-05-30 00:00:00+00:00
1717113600000,659.4963896229585,2024-05-31 00:00:00+00:00
1717200000000,665.0482717134515,2024-06-01 00:00:00+00:00
1717286400000,659.3601550889484,2024-06-02 00:00:00+00:00
1717372800000,657.1155703893024,2024-06-03 00:00:00+00:00
1717459200000,669.8129629248344,2024-06-04 00:00:00+00:00
1717545600000,667.2362381659693,2024-06-05 00:00:00+00:00
1717632000000,660.5206784738684,2024-06-06 00:00:00+00:00
1717718400000,645.642533716481,2024-06-07 00:00:00+00:00
1717804800000,640.4800012148669,2024-06-08 00:00:00+00:00
1717891200000,645.0115781123545,2024-06-09 00:00:00+00:00
1717977600000,639.7578308668997,2024-06-10 00:00:00+00:00
1718064000000,635.9870143571304,2024-06-11 00:00:00+00:00
1718150400000,638.1749222477857,2024-06-12 00:00:00+00:00
1718236800000,634.9171665420282,2024-06-13 00:00:00+00:00
1718323200000,634.1861347510126,2024-06-14 00:00:00+00:00
1718409600000,632.1789235571053,2024-06-15 00:00:00+00:00
1718496000000,629.119572852249,2024-06-16 00:00:00+00:00
1718582400000,637.6756188011915,2024-06-17 00:00:00+00:00
1718668800000,648.9930133991094,2024-06-18 00:00:00+00:00
1718755200000,637.5571895178779,2024-06-19 00:00:00+00:00
1718841600000,630.7590197200578,2024-06-20 00:00:00+00:00
1718928000000,634.1085260128626,2024-06-21 00:00:00+00:00
1719014400000,638.4917713141825,2024-06-22 00:00:00+00:00
1719100800000,644.5671546535036,2024-06-23 00:00:00+00:00
1719187200000,636.3738761478804,2024-06-24 00:00:00+00:00
1719273600000,635.4555384399616,2024-06-25 00:00:00+00:00
1719360000000,632.5400761500684,2024-06-26 00:00:00+00:00
1719446400000,638.1612974114068,2024-06-27 00:00:00+00:00
1719532800000,645.6960035733505,2024-06-28 00:00:00+00:00
1719619200000,650.0698607238029,2024-06-29 00:00:00+00:00
1719705600000,646.6470007301522,2024-06-30 00:00:00+00:00
1719792000000,652.3720557609503,2024-07-01 00:00:00+00:00
1719878400000,647.6054418562348,2024-07-02 00:00:00+00:00
1719964800000,654.8419908297308,2024-07-03 00:00:00+00:00
1720051200000,669.3715260857257,2024-07-04 00:00:00+00:00
1720137600000,678.788493109523,2024-07-05 00:00:00+00:00
1720224000000,666.2165177934593,2024-07-06 00:00:00+00:00
1720310400000,681.4526456014493,2024-07-07 00:00:00+00:00
1720396800000,675.9593434894003,2024-07-08 00:00:00+00:00
1720483200000,670.2621593896154,2024-07-09 00:00:00+00:00
1720569600000,668.5251982835409,2024-07-10 00:00:00+00:00
1720656000000,669.805889727396,2024-07-11 00:00:00+00:00
1720742400000,661.9514952813995,2024-07-12 00:00:00+00:00
1720828800000,645.4351145990398,2024-07-13 00:00:00+00:00
1720915200000,639.0431094118788,2024-07-14 00:00:00+00:00
1721001600000,607.1008850992353,2024-07-15 00:00:00+00:00
1721088000000,607.4042832375663,2024-07-16 00:00:00+00:00
1721174400000,606.5067544231132,2024-07-17 00:00:00+00:00
1721260800000,610.0094799408954,2024-07-18 00:00:00+00:00
1721347200000,608.9237448602009,2024-07-19 00:00:00+00:00
1721433600000,609.2442633217657,2024-07-20 00:00:00+00:00
1721520000000,614.1565160693285,2024-07-21 00:00:00+00:00
1721606400000,619.3806367259865,2024-07-22 00:00:00+00:00
1721692800000,614.387740235649,2024-07-23 00:00:00+00:00
1721779200000,619.8116522764594,2024-07-24 00:00:00+00:00
1721865600000,621.5531147092872,2024-07-25 00:00:00+00:00
1721952000000,619.896889909448,2024-07-26 00:00:00+00:00
1722038400000,616.6852256872016,2024-07-27 00:00:00+00:00
1722124800000,620.1324132629508,2024-07-28 00:00:00+00:00
1722211200000,621.2202969484185,2024-07-29 00:00:00+00:00
1722297600000,628.6598152703573,2024-07-30 00:00:00+00:00
1722384000000,632.398947114275,2024-07-31 00:00:00+00:00
1722470400000,627.9534391779179,2024-08-01 00:00:00+00:00
1722556800000,631.8367816932504,2024-08-02 00:00:00+00:00
1722643200000,634.0204560903545,2024-08-03 00:00:00+00:00
1722729600000,637.2735436125363,2024-08-04 00:00:00+00:00
1722816000000,642.0634481169421,2024-08-05 00:00:00+00:00
1722902400000,632.0796060401622,2024-08-06 00:00:00+00:00
1722988800000,637.2260496892488,2024-08-07 00:00:00+00:00
1723075200000,624.5331727939089,2024-08-08 00:00:00+00:00
1723161600000,636.6196149465694,2024-08-09 00:00:00+00:00
1723248000000,637.0210505031781,2024-08-10 00:00:00+00:00
1723334400000,646.6849808209024,2024-08-11 00:00:00+00:00
1723420800000,641.9513138879435,2024-08-12 00:00:00+00:00
1723507200000,638.9305144413202,2024-08-13 00:00:00+00:00
1723593600000,639.996837154982,2024-08-14 00:00:00+00:00
1723680000000,647.6349114490977,2024-08-15 00:00:00+00:00
1723766400000,644.8199542001485,2024-08-16 00:00:00+00:00
1723852800000,645.8686959315622,2024-08-17 00:00:00+00:00
1723939200000,646.8141148903061,2024-08-18 00:00:00+00:00
1724025600000,644.3150639069893,2024-08-19 00:00:00+00:00
1724112000000,642.134044880331,2024-08-20 00:00:00+00:00
1724198400000,631.1599303536865,2024-08-21 00:00:00+00:00
1724284800000,630.5764907146137,2024-08-22 00:00:00+00:00
1724371200000,619.9216554081588,2024-08-23 00:00:00+00:00
1724457600000,619.0018991482344,2024-08-24 00:00:00+00:00
1724544000000,619.3385496424335,2024-08-25 00:00:00+00:00
1724630400000,615.1705469873663,2024-08-26 00:00:00+00:00
1724716800000,616.007858468277,2024-08-27 00:00:00+00:00
1724803200000,611.4957119499489,2024-08-28 00:00:00+00:00
1724889600000,612.0026883842078,2024-08-29 00:00:00+00:00
1724976000000,612.056975143169,2024-08-30 00:00:00+00:00
1725062400000,612.8850956763407,2024-08-31 00:00:00+00:00
1725148800000,618.6019564506876,2024-09-01 00:00:00+00:00
1725235200000,606.838896520605,2024-09-02 00:00:00+00:00
1725321600000,613.3107824221654,2024-09-03 00:00:00+00:00
1725408000000,607.6234937658537,2024-09-04 00:00:00+00:00
1725494400000,613.5582240460047,2024-09-05 00:00:00+00:00
1725580800000,617.4386477766658,2024-09-06 00:00:00+00:00
1725667200000,613.7802730874101,2024-09-07 00:00:00+00:00
1725753600000,612.5637079439323,2024-09-08 00:00:00+00:00
1725840000000,603.8693723030017,2024-09-09 00:00:00+00:00
1725926400000,602.242392611319,2024-09-10 00:00:00+00:00
1726012800000,609.1729008256463,2024-09-11 00:00:00+00:00
1726099200000,606.3335672338704,2024-09-12 00:00:00+00:00
1726185600000,599.0891204654564,2024-09-13 00:00:00+00:00
1726272000000,599.9497581759471,2024-09-14 00:00:00+00:00
1726358400000,608.3400439677263,2024-09-15 00:00:00+00:00
1726444800000,608.4705010742849,2024-09-16 00:00:00+00:00
1726531200000,606.3130105400726,2024-09-17 00:00:00+00:00
1726617600000,602.2198555911966,2024-09-18 00:00:00+00:00
1726704000000,598.2406170983701,2024-09-19 00:00:00+00:00
1726790400000,594.9912979594906,2024-09-20 00:00:00+00:00
1726876800000,584.7089655171096,2024-09-21 00:00:00+00:00
1726963200000,590.664427944043,2024-09-22 00:00:00+00:00
1727049600000,590.2446937913801,2024-09-23 00:00:00+00:00
1727136000000,599.3698337814677,2024-09-24 00:00:00+00:00
1727222400000,595.5196251253927,2024-09-25 00:00:00+00:00
1727308800000,590.984954376979,2024-09-26 00:00:00+00:00
1727395200000,595.5755827437603,2024-09-27 00:00:00+00:00
1727481600000,592.3206951862834,2024-09-28 00:00:00+00:00
1727568000000,597.7443131259582,2024-09-29 00:00:00+00:00
1727654400000,594.2806362025559,2024-09-30 00:00:00+00:00
1727740800000,584.486939607566,2024-10-01 00:00:00+00:00
1727827200000,577.039222467146,2024-10-02 00:00:00+00:00
1727913600000,560.930276972172,2024-10-03 00:00:00+00:00
1728000000000,582.2705426988683,2024-10-04 00:00:00+00:00
1728086400000,573.7607777047665,2024-10-05 00:00:00+00:00
1728172800000,585.7225165010582,2024-10-06 00:00:00+00:00
1728259200000,588.9071423234095,2024-10-07 00:00:00+00:00
1728345600000,585.9177655989316,2024-10-08 00:00:00+00:00
1728432000000,573.9608810455984,2024-10-09 00:00:00+00:00
1728518400000,574.2062804393609,2024-10-10 00:00:00+00:00
1728604800000,586.9237845409388,2024-10-11 00:00:00+00:00
1728691200000,596.4182208446327,2024-10-12 00:00:00+00:00
1728777600000,598.3443546331033,2024-10-13 00:00:00+00:00
1728864000000,594.5488612621712,2024-10-14 00:00:00+00:00
1728950400000,584.8910719908097,2024-10-15 00:00:00+00:00
1729036800000,584.0122980069139,2024-10-16 00:00:00+00:00
1729123200000,581.9692563576273,2024-10-17 00:00:00+00:00
1729209600000,584.75022272684,2024-10-18 00:00:00+00:00
1729296000000,581.2626967386724,2024-10-19 00:00:00+00:00
1729382400000,588.7316647577646,2024-10-20 00:00:00+00:00
1729468800000,577.6194394159586,2024-10-21 00:00:00+00:00
1729555200000,575.2168823745551,2024-10-22 00:00:00+00:00
1729641600000,572.7959052144555,2024-10-23 00:00:00+00:00
1729728000000,573.7432041260902,2024-10-24 00:00:00+00:00
1729814400000,557.2499379648513,2024-10-25 00:00:00+00:00
1729900800000,559.7132353786786,2024-10-26 00:00:00+00:00
1729987200000,567.9102869481088,2024-10-27 00:00:00+00:00
1730073600000,575.15804095593,2024-10-28 00:00:00+00:00
1730160000000,581.6233386530034,2024-10-29 00:00:00+00:00
1730246400000,576.5751520154982,2024-10-30 00:00:00+00:00
1730332800000,572.0296224238442,2024-10-31 00:00:00+00:00
1730419200000,572.5276821992078,2024-11-01 00:00:00+00:00
1730505600000,570.2618182438823,2024-11-02 00:00:00+00:00
1730592000000,565.0668174137684,2024-11-03 00:00:00+00:00
1730678400000,567.6174725593828,2024-11-04 00:00:00+00:00
1730764800000,572.9783060319259,2024-11-05 00:00:00+00:00
1730851200000,588.0652518420264,2024-11-06 00:00:00+00:00
1730937600000,586.9597752602097,2024-11-07 00:00:00+00:00
1731024000000,592.7940072873332,2024-11-08 00:00:00+00:00
1731110400000,595.5222886645738,2024-11-09 00:00:00+00:00
1731196800000,613.5512877588558,2024-11-10 00:00:00+00:00
1731283200000,639.6710609205652,2024-11-11 00:00:00+00:00
1731369600000,644.7371796399163,2024-11-12 00:00:00+00:00
1731456000000,648.7772841960266,2024-11-13 00:00:00+00:00
1731542400000,627.1566687606743,2024-11-14 00:00:00+00:00
1731628800000,649.5570011022548,2024-11-15 00:00:00+00:00
1731715200000,656.4546942140339,2024-11-16 00:00:00+00:00
1731801600000,653.0795066421988,2024-11-17 00:00:00+00:00
1731888000000,660.2239049456131,2024-11-18 00:00:00+00:00
1731974400000,661.8721868079086,2024-11-19 00:00:00+00:00
1732060800000,660.3218650238558,2024-11-20 00:00:00+00:00
1732147200000,679.7186996032898,2024-11-21 00:00:00+00:00
1732233600000,707.4487283858325,2024-11-22 00:00:00+00:00
1732320000000,727.4801306549844,2024-11-23 00:00:00+00:00
1732406400000,730.1139696562212,2024-11-24 00:00:00+00:00
1732492800000,696.1848313255529,2024-11-25 00:00:00+00:00
1732579200000,697.1223985924638,2024-11-26 00:00:00+00:00
1732665600000,725.2467423567323,2024-11-27 00:00:00+00:00
1732752000000,726.0617739599178,2024-11-28 00:00:00+00:00
1732838400000,744.9836158074008,2024-11-29 00:00:00+00:00
1732924800000,754.0993834883812,2024-11-30 00:00:00+00:00
1733011200000,767.010000762062,2024-12-01 00:00:00+00:00
1733097600000,786.6409298806199,2024-12-02 00:00:00+00:00
1733184000000,774.5777286356208,2024-12-03 00:00:00+00:00
1733270400000,788.4452450380588,2024-12-04 00:00:00+00:00
1733356800000,789.4033594936714,2024-12-05 00:00:00+00:00
1733443200000,806.1910401547452,2024-12-06 00:00:00+00:00
1733529600000,811.5877067096118,2024-12-07 00:00:00+00:00
1733616000000,819.2935949433644,2024-12-08 00:00:00+00:00
1733702400000,757.4968193959888,2024-12-09 00:00:00+00:00
1733788800000,743.1105739637147,2024-12-10 00:00:00+00:00
1733875200000,777.8038292533483,2024-12-11 00:00:00+00:00
1733961600000,770.6228083000491,2024-12-12 00:00:00+00:00
1734048000000,769.8201273911379,2024-12-13 00:00:00+00:00
1734134400000,769.7072084607078,2024-12-14 00:00:00+00:00
1734220800000,788.9638194986707,2024-12-15 00:00:00+00:00
1734307200000,776.6931669293065,2024-12-16 00:00:00+00:00
1734393600000,764.1527538472225,2024-12-17 00:00:00+00:00
1734480000000,737.6586115730067,2024-12-18 00:00:00+00:00
1734566400000,711.890252282825,2024-12-19 00:00:00+00:00
1734652800000,731.6138838721997,2024-12-20 00:00:00+00:00
1734739200000,707.7114461158903,2024-12-21 00:00:00+00:00
1734825600000,708.720097456597,2024-12-22 00:00:00+00:00
1734912000000,724.5181240783068,2024-12-23 00:00:00+00:00
1734998400000,732.2397553451351,2024-12-24 00:00:00+00:00
1735084800000,722.0868857750513,2024-12-25 00:00:00+00:00
1735171200000,702.1228933512327,2024-12-26 00:00:00+00:00
1735257600000,697.5456376507636,2024-12-27 00:00:00+00:00
1735344000000,701.496925698324,2024-12-28 00:00:00+00:00
1735430400000,702.264773088945,2024-12-29 00:00:00+00:00
1735516800000,702.4358413060161,2024-12-30 00:00:00+00:00
1735603200000,702.1746477819888,2024-12-31 00:00:00+00:00
1735689600000,701.7511313057172,2025-01-01 00:00:00+00:00
1735776000000,691.1352169864507,2025-01-02 00:00:00+00:00
1735862400000,683.7829168259043,2025-01-03 00:00:00+00:00
1735948800000,681.2168442176198,2025-01-04 00:00:00+00:00
1736035200000,672.4880681192066,2025-01-05 00:00:00+00:00
1736121600000,672.5105858163374,2025-01-06 00:00:00+00:00
1736208000000,675.139895948083,2025-01-07 00:00:00+00:00
1736294400000,674.6687596413761,2025-01-08 00:00:00+00:00
1736380800000,673.0334027188759,2025-01-09 00:00:00+00:00
1736467200000,672.2341248924736,2025-01-10 00:00:00+00:00
1736553600000,675.2377363760017,2025-01-11 00:00:00+00:00
1736640000000,671.7963101620043,2025-01-12 00:00:00+00:00
1736726400000,674.0670263479499,2025-01-13 00:00:00+00:00
1736812800000,672.9112763767286,2025-01-14 00:00:00+00:00
1736899200000,670.3281061223255,2025-01-15 00:00:00+00:00
1736985600000,670.1669457677726,2025-01-16 00:00:00+00:00
1737072000000,666.9690638752896,2025-01-17 00:00:00+00:00
1737158400000,666.9276838821966,2025-01-18 00:00:00+00:00
1737244800000,666.9276838821966,2025-01-19 00:00:00+00:00
1737331200000,666.9276838821966,2025-01-20 00:00:00+00:00
1737417600000,666.9276838821966,2025-01-21 00:00:00+00:00
1737504000000,666.9276838821966,2025-01-22 00:00:00+00:00
1737590400000,666.9276838821966,2025-01-23 00:00:00+00:00
1737676800000,666.9691842181517,2025-01-24 00:00:00+00:00
1737763200000,667.4485538573259,2025-01-25 00:00:00+00:00
1737849600000,665.7810465567829,2025-01-26 00:00:00+00:00
1737936000000,665.3519770928403,2025-01-27 00:00:00+00:00
1738022400000,668.6549761383257,2025-01-28 00:00:00+00:00
1738108800000,667.715867211088,2025-01-29 00:00:00+00:00
1738195200000,667.6962397507637,2025-01-30 00:00:00+00:00
1738281600000,666.8627959661461,2025-01-31 00:00:00+00:00
1738368000000,673.7809693225528,2025-02-01 00:00:00+00:00
1738454400000,696.8107993622458,2025-02-02 00:00:00+00:00
1738540800000,691.875324483419,2025-02-03 00:00:00+00:00
1738627200000,706.1076007058575,2025-02-04 00:00:00+00:00
1738713600000,708.1417104932339,2025-02-05 00:00:00+00:00
1738800000000,715.8108208601867,2025-02-06 00:00:00+00:00
1738886400000,713.9326458300632,2025-02-07 00:00:00+00:00
1738972800000,705.6318238264987,2025-02-08 00:00:00+00:00
1739059200000,701.5566040494841,2025-02-09 00:00:00+00:00
1739145600000,699.8695127618687,2025-02-10 00:00:00+00:00
1739232000000,698.7829392709414,2025-02-11 00:00:00+00:00
1739318400000,687.3240365177551,2025-02-12 00:00:00+00:00
1739404800000,694.6229940186097,2025-02-13 00:00:00+00:00
1739491200000,687.2584998735257,2025-02-14 00:00:00+00:00
1739577600000,694.2219241248563,2025-02-15 00:00:00+00:00
1739664000000,688.4883523401501,2025-02-16 00:00:00+00:00
1739750400000,685.5899791868796,2025-02-17 00:00:00+00:00
1739836800000,695.2762045707112,2025-02-18 00:00:00+00:00
1739923200000,693.5284127919202,2025-02-19 00:00:00+00:00
1740009600000,687.3254887503836,2025-02-20 00:00:00+00:00
1740096000000,694.9849136429618,2025-02-21 00:00:00+00:00
1740182400000,687.6278198436671,2025-02-22 00:00:00+00:00
1740268800000,691.4677426178347,2025-02-23 00:00:00+00:00
1740355200000,714.2713428116584,2025-02-24 00:00:00+00:00
1740441600000,710.2574222803248,2025-02-25 00:00:00+00:00
1740528000000,706.4995277019472,2025-02-26 00:00:00+00:00
1740614400000,706.9838945334469,2025-02-27 00:00:00+00:00
1740700800000,709.15742014208,2025-02-28 00:00:00+00:00
1740787200000,712.4067559597947,2025-03-01 00:00:00+00:00
1740873600000,686.2927107543168,2025-03-02 00:00:00+00:00
1740960000000,718.8862133884128,2025-03-03 00:00:00+00:00
1741046400000,723.9341034695033,2025-03-04 00:00:00+00:00
1741132800000,717.8016322921064,2025-03-05 00:00:00+00:00
1741219200000,720.7890591883558,2025-03-06 00:00:00+00:00
1741305600000,724.6705623157054,2025-03-07 00:00:00+00:00
1741392000000,725.6466157403024,2025-03-08 00:00:00+00:00
1741478400000,745.1628023993021,2025-03-09 00:00:00+00:00
1741564800000,755.8698272277552,2025-03-10 00:00:00+00:00
1741651200000,746.4415734427774,2025-03-11 00:00:00+00:00
1741737600000,735.0636008285499,2025-03-12 00:00:00+00:00
1741824000000,735.9779863113716,2025-03-13 00:00:00+00:00
1741910400000,732.0174269312284,2025-03-14 00:00:00+00:00
1741996800000,723.3671746368652,2025-03-15 00:00:00+00:00
1742083200000,728.1210955327698,2025-03-16 00:00:00+00:00
1742169600000,719.9756819730126,2025-03-17 00:00:00+00:00
1742256000000,721.1821235183529,2025-03-18 00:00:00+00:00
1742342400000,717.0509033343262,2025-03-19 00:00:00+00:00
1742428800000,719.108160322205,2025-03-20 00:00:00+00:00
1742515200000,721.4680584521379,2025-03-21 00:00:00+00:00
1742601600000,721.2288659178104,2025-03-22 00:00:00+00:00
1742688000000,715.9013397170615,2025-03-23 00:00:00+00:00
1742774400000,703.8534358879436,2025-03-24 00:00:00+00:00
1742860800000,698.057353698685,2025-03-25 00:00:00+00:00
1742947200000,697.6790280955971,2025-03-26 00:00:00+00:00
1743033600000,697.8405727166563,2025-03-27 00:00:00+00:00
1743120000000,716.1781009484157,2025-03-28 00:00:00+00:00
1743206400000,730.0013823648193,2025-03-29 00:00:00+00:00
1743292800000,731.6232884781109,2025-03-30 00:00:00+00:00
1743379200000,733.5257559361833,2025-03-31 00:00:00+00:00
1743465600000,726.5171256499294,2025-04-01 00:00:00+00:00
1743552000000,743.1187991816126,2025-04-02 00:00:00+00:00
1743638400000,741.5265747814475,2025-04-03 00:00:00+00:00
1743724800000,738.3497119245068,2025-04-04 00:00:00+00:00
1743811200000,740.9363873534089,2025-04-05 00:00:00+00:00
1743897600000,765.4023587759135,2025-04-06 00:00:00+00:00
1743984000000,762.8551376029159,2025-04-07 00:00:00+00:00
1744070400000,771.8433916145559,2025-04-08 00:00:00+00:00
1744156800000,748.2580403903273,2025-04-09 00:00:00+00:00
1744243200000,758.1757963996456,2025-04-10 00:00:00+00:00
1744329600000,750.6578373108968,2025-04-11 00:00:00+00:00
1744416000000,740.9709325359319,2025-04-12 00:00:00+00:00
1744502400000,747.3746602781466,2025-04-13 00:00:00+00:00
1744588800000,748.2987175169372,2025-04-14 00:00:00+00:00
1744675200000,754.8319345124432,2025-04-15 00:00:00+00:00
1744761600000,756.1675793448818,2025-04-16 00:00:00+00:00
1744848000000,751.0950987613492,2025-04-17 00:00:00+00:00
1744934400000,749.7370053754164,2025-04-18 00:00:00+00:00
1745020800000,743.8944394821341,2025-04-19 00:00:00+00:00
1745107200000,743.2099273883484,2025-04-20 00:00:00+00:00
1745193600000,742.9018043135674,2025-04-21 00:00:00+00:00
1745280000000,719.2711477911341,2025-04-22 00:00:00+00:00
1745366400000,717.4932070267134,2025-04-23 00:00:00+00:00
1745452800000,718.062402655913,2025-04-24 00:00:00+00:00
1745539200000,718.0250401958021,2025-04-25 00:00:00+00:00
1745625600000,717.4050124502684,2025-04-26 00:00:00+00:00
1745712000000,713.3636451199377,2025-04-27 00:00:00+00:00
1745798400000,718.7629224074675,2025-04-28 00:00:00+00:00
1745884800000,716.1787350912381,2025-04-29 00:00:00+00:00
1745971200000,716.7981526761017,2025-04-30 00:00:00+00:00
1746057600000,713.1255438383322,2025-05-01 00:00:00+00:00
1746144000000,714.7374802697018,2025-05-02 00:00:00+00:00
1746230400000,702.439497166039,2025-05-03 00:00:00+00:00
1746316800000,696.3294772058233,2025-05-04 00:00:00+00:00
1746403200000,700.4171022244427,2025-05-05 00:00:00+00:00
1746489600000,705.8708287389126,2025-05-06 00:00:00+00:00
1746576000000,705.7754112512177,2025-05-07 00:00:00+00:00
1746662400000,741.6478657986987,2025-05-08 00:00:00+00:00
1746748800000,746.8579241754121,2025-05-09 00:00:00+00:00
1746835200000,766.6859694892818,2025-05-10 00:00:00+00:00
1746921600000,757.9624777241045,2025-05-11 00:00:00+00:00
1747008000000,756.8117415602651,2025-05-12 00:00:00+00:00
1747094400000,763.6428710196933,2025-05-13 00:00:00+00:00
1747180800000,752.8322021630651,2025-05-14 00:00:00+00:00
1747267200000,741.0083679752242,2025-05-15 00:00:00+00:00
1747353600000,735.7128343825268,2025-05-16 00:00:00+00:00
1747440000000,732.4531425923967,2025-05-17 00:00:00+00:00
1747526400000,743.3919295622984,2025-05-18 00:00:00+00:00
1747612800000,732.9322388165092,2025-05-19 00:00:00+00:00
1747699200000,734.6657440805916,2025-05-20 00:00:00+00:00
1747785600000,749.1402108977804,2025-05-21 00:00:00+00:00
1747872000000,775.5961841279793,2025-05-22 00:00:00+00:00
1747958400000,752.677276031813,2025-05-23 00:00:00+00:00
1748044800000,756.9096939650427,2025-05-24 00:00:00+00:00
1748131200000,757.014736850915,2025-05-25 00:00:00+00:00
1748217600000,753.802802877579,2025-05-26 00:00:00+00:00
1748304000000,761.1224111198765,2025-05-27 00:00:00+00:00
1748390400000,759.2677589156631,2025-05-28 00:00:00+00:00
1748476800000,748.4178526313211,2025-05-29 00:00:00+00:00
1748563200000,719.3224076189167,2025-05-30 00:00:00+00:00
1748649600000,730.3990858227913,2025-05-31 00:00:00+00:00
1748736000000,728.8530920932008,2025-06-01 00:00:00+00:00
1748822400000,729.7600865292186,2025-06-02 00:00:00+00:00
1748908800000,729.5633463693249,2025-06-03 00:00:00+00:00
1748995200000,726.4758031479491,2025-06-04 00:00:00+00:00
1749081600000,723.165134610638,2025-06-05 00:00:00+00:00
1749168000000,722.9441170741035,2025-06-06 00:00:00+00:00
1749254400000,726.5674206497431,2025-06-07 00:00:00+00:00
1749340800000,724.2092571096634,2025-06-08 00:00:00+00:00
1749427200000,727.7681965105829,2025-06-09 00:00:00+00:00
1749513600000,729.1664653433199,2025-06-10 00:00:00+00:00
1749600000000,724.9802856147479,2025-06-11 00:00:00+00:00
1749686400000,717.5174577544108,2025-06-12 00:00:00+00:00
1749772800000,716.2849800730635,2025-06-13 00:00:00+00:00
1749859200000,712.7738141304841,2025-06-14 00:00:00+00:00
1749945600000,712.514789019505,2025-06-15 00:00:00+00:00
1750032000000,714.1690866976281,2025-06-16 00:00:00+00:00
1750118400000,713.6225689726708,2025-06-17 00:00:00+00:00
1750204800000,714.5016071918832,2025-06-18 00:00:00+00:00
1750291200000,715.0654017745526,2025-06-19 00:00:00+00:00
1750377600000,711.3088139574181,2025-06-20 00:00:00+00:00
1750464000000,708.0314515355527,2025-06-21 00:00:00+00:00
1750550400000,708.0314515355527,2025-06-22 00:00:00+00:00
1750636800000,703.6221988665136,2025-06-23 00:00:00+00:00
1750723200000,702.2449746672253,2025-06-24 00:00:00+00:00
1750809600000,704.9282486885776,2025-06-25 00:00:00+00:00
1750896000000,706.1453305391115,2025-06-26 00:00:00+00:00
1750982400000,705.6399924608196,2025-06-27 00:00:00+00:00
1751068800000,701.8165022996307,2025-06-28 00:00:00+00:00
1751155200000,697.7198935493689,2025-06-29 00:00:00+00:00
1751241600000,701.9080281003423,2025-06-30 00:00:00+00:00
1751328000000,706.6226960404721,2025-07-01 00:00:00+00:00
1751414400000,697.6504396557119,2025-07-02 00:00:00+00:00
1751500800000,695.7665166915083,2025-07-03 00:00:00+00:00
1751587200000,701.80222817361,2025-07-04 00:00:00+00:00
1751673600000,700.8685812717888,2025-07-05 00:00:00+00:00
1751760000000,700.1152449728564,2025-07-06 00:00:00+00:00
1751846400000,702.0132458102021,2025-07-07 00:00:00+00:00
1751932800000,700.2106173299844,2025-07-08 00:00:00+00:00
1752019200000,694.1408167229089,2025-07-09 00:00:00+00:00
1752105600000,690.9665544191616,2025-07-10 00:00:00+00:00
1752192000000,692.7788475917138,2025-07-11 00:00:00+00:00
1752278400000,692.9490024326191,2025-07-12 00:00:00+00:00
1752364800000,702.8909557485891,2025-07-13 00:00:00+00:00
1752451200000,701.9993322088337,2025-07-14 00:00:00+00:00
1752537600000,698.625475611454,2025-07-15 00:00:00+00:00
1752624000000,704.3113768513508,2025-07-16 00:00:00+00:00
1752710400000,730.8244060303693,2025-07-17 00:00:00+00:00
1752796800000,722.4351946655312,2025-07-18 00:00:00+00:00
1752883200000,723.9033261017355,2025-07-19 00:00:00+00:00
1752969600000,726.7657988602479,2025-07-20 00:00:00+00:00
1753056000000,731.954207132826,2025-07-21 00:00:00+00:00
1753142400000,734.1736244917112,2025-07-22 00:00:00+00:00
1753228800000,708.7997392213458,2025-07-23 00:00:00+00:00
1753315200000,706.4662448185957,2025-07-24 00:00:00+00:00
1753401600000,712.6217992364052,2025-07-25 00:00:00+00:00
1753488000000,718.8015547769061,2025-07-26 00:00:00+00:00
1753574400000,724.4580118537948,2025-07-27 00:00:00+00:00
1753660800000,712.8569704501878,2025-07-28 00:00:00+00:00
1753747200000,713.5683893205284,2025-07-29 00:00:00+00:00
1753833600000,706.4600164657481,2025-07-30 00:00:00+00:00
1753920000000,701.277945063315,2025-07-31 00:00:00+00:00
1754006400000,693.8507868505645,2025-08-01 00:00:00+00:00
1754092800000,684.9923731865337,2025-08-02 00:00:00+00:00
1754179200000,692.7700603299475,2025-08-03 00:00:00+00:00
1754265600000,698.0369686567981,2025-08-04 00:00:00+00:00
1754352000000,690.7818343396348,2025-08-05 00:00:00+00:00
1754438400000,697.0136617468557,2025-08-06 00:00:00+00:00
1754524800000,705.6721053339165,2025-08-07 00:00:00+00:00
1754611200000,707.3340337579411,2025-08-08 00:00:00+00:00
1754697600000,713.9190022448831,2025-08-09 00:00:00+00:00
1754784000000,719.0073700571506,2025-08-10 00:00:00+00:00
1754870400000,717.8524310008504,2025-08-11 00:00:00+00:00
1754956800000,728.9912063131736,2025-08-12 00:00:00+00:00
1755043200000,729.7665737452437,2025-08-13 00:00:00+00:00
1755129600000,717.585497727613,2025-08-14 00:00:00+00:00
1755216000000,715.8344082869525,2025-08-15 00:00:00+00:00
1755302400000,717.4520250892032,2025-08-16 00:00:00+00:00
1755388800000,717.0126439304664,2025-08-17 00:00:00+00:00
1755475200000,710.5795300761542,2025-08-18 00:00:00+00:00
1755561600000,700.4597981317361,2025-08-19 00:00:00+00:00
1755648000000,707.4679575532215,2025-08-20 00:00:00+00:00
1755734400000,700.7775400306655,2025-08-21 00:00:00+00:00
1755820800000,721.8927445326126,2025-08-22 00:00:00+00:00
1755907200000,717.2103507893808,2025-08-23 00:00:00+00:00
1755993600000,712.6241896223501,2025-08-24 00:00:00+00:00
1756080000000,692.4880408053174,2025-08-25 00:00:00+00:00
1756166400000,700.4787427650413,2025-08-26 00:00:00+00:00
1756252800000,695.3234416571506,2025-08-27 00:00:00+00:00
1756339200000,696.9277590382981,2025-08-28 00:00:00+00:00
1756425600000,688.2975080384783,2025-08-29 00:00:00+00:00
1756512000000,688.4059109545765,2025-08-30 00:00:00+00:00
1756598400000,687.6134006527501,2025-08-31 00:00:00+00:00
1756684800000,684.6588369530909,2025-09-01 00:00:00+00:00
1756771200000,687.1367527829569,2025-09-02 00:00:00+00:00
1756857600000,689.0047854061955,2025-09-03 00:00:00+00:00
1756944000000,683.9152734457614,2025-09-04 00:00:00+00:00
1757030400000,683.813535981427,2025-09-05 00:00:00+00:00
1757116800000,684.3608012083126,2025-09-06 00:00:00+00:00
1757203200000,684.0732769224059,2025-09-07 00:00:00+00:00
1757289600000,681.1257029581824,2025-09-08 00:00:00+00:00
1757376000000,682.6183574267275,2025-09-09 00:00:00+00:00
1757462400000,681.4519278951461,2025-09-10 00:00:00+00:00
1757548800000,680.5975719287452,2025-09-11 00:00:00+00:00
1757635200000,682.0401801475003,2025-09-12 00:00:00+00:00
1757721600000,682.3884225358545,2025-09-13 00:00:00+00:00
1757808000000,678.9153368011912,2025-09-14 00:00:00+00:00
1757894400000,675.4367613426679,2025-09-15 00:00:00+00:00
1757980800000,678.4218160620651,2025-09-16 00:00:00+00:00
1758067200000,684.8734031095012,2025-09-17 00:00:00+00:00
1758153600000,689.2970755221621,2025-09-18 00:00:00+00:00
1758240000000,681.1501383815024,2025-09-19 00:00:00+00:00
1758326400000,685.8602006648716,2025-09-20 00:00:00+00:00
1758412800000,685.2193995465485,2025-09-21 00:00:00+00:00
1758499200000,674.3575901107547,2025-09-22 00:00:00+00:00
1758585600000,677.8226857925546,2025-09-23 00:00:00+00:00
1758672000000,679.9257223546249,2025-09-24 00:00:00+00:00
1758758400000,662.5608920215308,2025-09-25 00:00:00+00:00
1758844800000,666.6308531824659,2025-09-26 00:00:00+00:00
1758931200000,667.3076137675423,2025-09-27 00:00:00+00:00
1759017600000,676.7245341305486,2025-09-28 00:00:00+00:00
1759104000000,695.7338375817322,2025-09-29 00:00:00+00:00
1759190400000,687.9772969027297,2025-09-30 00:00:00+00:00
1759276800000,735.6544921146369,2025-10-01 00:00:00+00:00
1759363200000,757.2204765304429,2025-10-02 00:00:00+00:00
1759449600000,757.9850698253579,2025-10-03 00:00:00+00:00
1759536000000,784.0982664305208,2025-10-04 00:00:00+00:00
1759622400000,791.402932485759,2025-10-05 00:00:00+00:00
1759708800000,794.2506493607818,2025-10-06 00:00:00+00:00
1759795200000,764.2263982744087,2025-10-07 00:00:00+00:00
1759881600000,813.9530305986234,2025-10-08 00:00:00+00:00
1759968000000,844.895386216757,2025-10-09 00:00:00+00:00
1760054400000,838.910311428956,2025-10-10 00:00:00+00:00
1760140800000,906.2060299103289,2025-10-11 00:00:00+00:00
1760227200000,908.6894614404993,2025-10-12 00:00:00+00:00
1760313600000,885.7591264387446,2025-10-13 00:00:00+00:00
1760400000000,881.5432179180275,2025-10-14 00:00:00+00:00
1760486400000,868.9691892381725,2025-10-15 00:00:00+00:00
1760572800000,843.4259130920356,2025-10-16 00:00:00+00:00
1760659200000,856.2617310463733,2025-10-17 00:00:00+00:00
1760745600000,856.1332216758424,2025-10-18 00:00:00+00:00
1760832000000,869.3425602174098,2025-10-19 00:00:00+00:00
1760918400000,907.3428824751018,2025-10-20 00:00:00+00:00
1761004800000,900.9027410141,2025-10-21 00:00:00+00:00
1761091200000,882.1199775994318,2025-10-22 00:00:00+00:00
1761177600000,885.0217832660029,2025-10-23 00:00:00+00:00
1761264000000,905.8766769032164,2025-10-24 00:00:00+00:00
1761350400000,915.4228839099959,2025-10-25 00:00:00+00:00
1761436800000,961.6950821459469,2025-10-26 00:00:00+00:00
1761523200000,976.5401133059553,2025-10-27 00:00:00+00:00
1761609600000,953.3599749958038,2025-10-28 00:00:00+00:00
1761696000000,987.1366791821032,2025-10-29 00:00:00+00:00
1761782400000,992.9118698772857,2025-10-30 00:00:00+00:00
1761868800000,1050.5252518547275,2025-10-31 00:00:00+00:00
1761955200000,1054.418296256445,2025-11-01 00:00:00+00:00
1762041600000,1055.3518953522776,2025-11-02 00:00:00+00:00
1762128000000,1094.60234535248,2025-11-03 00:00:00+00:00
1762214400000,1107.1176616843222,2025-11-04 00:00:00+00:00
1762300800000,1132.3171543801298,2025-11-05 00:00:00+00:00
1762387200000,1189.0946190037805,2025-11-06 00:00:00+00:00
1762473600000,1288.1317769019845,2025-11-07 00:00:00+00:00
1762560000000,1245.3722614986511,2025-11-08 00:00:00+00:00
1762646400000,1260.2693093855328,2025-11-09 00:00:00+00:00
1762732800000,1173.3886485102312,2025-11-10 00:00:00+00:00
1762819200000,1109.762848444246,2025-11-11 00:00:00+00:00
1762905600000,1212.7032957319261,2025-11-12 00:00:00+00:00
1762992000000,1216.599196193666,2025-11-13 00:00:00+00:00
1763078400000,1319.76271037559,2025-11-14 00:00:00+00:00
1763164800000,1372.2320665410437,2025-11-15 00:00:00+00:00
1763251200000,1411.9549506766411,2025-11-16 00:00:00+00:00
1763337600000,1325.61169145485,2025-11-17 00:00:00+00:00
1763424000000,1331.1130128343516,2025-11-18 00:00:00+00:00
1763510400000,1381.6608059435139,2025-11-19 00:00:00+00:00
1763596800000,1380.277837680355,2025-11-20 00:00:00+00:00
1763683200000,1294.0762740400378,2025-11-21 00:00:00+00:00
1763769600000,1259.9527558863078,2025-11-22 00:00:00+00:00
1763856000000,1316.893429827263,2025-11-23 00:00:00+00:00
1763942400000,1274.111096462375,2025-11-24 00:00:00+00:00
1764028800000,1252.7956805307786,2025-11-25 00:00:00+00:00
1764115200000,1274.1630154585794,2025-11-26 00:00:00+00:00
1764201600000,1249.5071289489833,2025-11-27 00:00:00+00:00
1764288000000,1207.4392945968661,2025-11-28 00:00:00+00:00
1764374400000,1207.6351467941329,2025-11-29 00:00:00+00:00
1764460800000,1206.3725209769948,2025-11-30 00:00:00+00:00
1764547200000,1217.639806527137,2025-12-01 00:00:00+00:00
1764633600000,1188.851478175647,2025-12-02 00:00:00+00:00
1764720000000,1187.3993529774955,2025-12-03 00:00:00+00:00
1764806400000,1190.0372110008989,2025-12-04 00:00:00+00:00
1764892800000,1193.074114693989,2025-12-05 00:00:00+00:00
1764979200000,1190.1495481763886,2025-12-06 00:00:00+00:00
1765065600000,1189.8047059633316,2025-12-07 00:00:00+00:00
1765152000000,1189.8015909000087,2025-12-08 00:00:00+00:00
1765238400000,1182.394821382971,2025-12-09 00:00:00+00:00
1765324800000,1182.7245728525245,2025-12-10 00:00:00+00:00
1765411200000,1196.8209308908886,2025-12-11 00:00:00+00:00
1765497600000,1197.9097644364574,2025-12-12 00:00:00+00:00
1765584000000,1198.4965892884243,2025-12-13 00:00:00+00:00
1765670400000,1206.973999505093,2025-12-14 00:00:00+00:00
1765756800000,1204.7941059429486,2025-12-15 00:00:00+00:00
1765843200000,1203.4582173627052,2025-12-16 00:00:00+00:00
1765929600000,1209.9461260076846,2025-12-17 00:00:00+00:00
1766016000000,1214.0055002451165,2025-12-18 00:00:00+00:00
1766102400000,1220.491887455214,2025-12-19 00:00:00+00:00
1766188800000,1226.1786582157729,2025-12-20 00:00:00+00:00
1766275200000,1217.2896585760018,2025-12-21 00:00:00+00:00
1766361600000,1218.3072313813088,2025-12-22 00:00:00+00:00
1766448000000,1217.921741824192,2025-12-23 00:00:00+00:00
1766534400000,1214.0918947126534,2025-12-24 00:00:00+00:00
1766620800000,1215.164111011533,2025-12-25 00:00:00+00:00
1766707200000,1213.57693666465,2025-12-26 00:00:00+00:00
1766793600000,1205.1654617352174,2025-12-27 00:00:00+00:00
1766880000000,1205.3986659702678,2025-12-28 00:00:00+00:00
1766966400000,1209.0692007085534,2025-12-29 00:00:00+00:00
1767052800000,1207.4676851784095,2025-12-30 00:00:00+00:00
1767139200000,1208.6043633390093,2025-12-31 00:00:00+00:00
1767225600000,1192.7673177044271,2026-01-01 00:00:00+00:00
1767312000000,1177.5589122058925,2026-01-02 00:00:00+00:00
1767398400000,1176.5320636135343,2026-01-03 00:00:00+00:00
1767484800000,1167.3610425356324,2026-01-04 00:00:00+00:00
1767571200000,1158.9593609184092,2026-01-05 00:00:00+00:00
1767657600000,1155.2722945672858,2026-01-06 00:00:00+00:00
1767744000000,1151.4508886181538,2026-01-07 00:00:00+00:00
1767830400000,1143.3798371258106,2026-01-08 00:00:00+00:00
1767916800000,1143.5677117567711,2026-01-09 00:00:00+00:00
1768003200000,1142.3219240252827,2026-01-10 00:00:00+00:00
1768089600000,1141.3020331714968,2026-01-11 00:00:00+00:00
1768176000000,1140.7361726758656,2026-01-12 00:00:00+00:00
1768262400000,1147.0120799910478,2026-01-13 00:00:00+00:00
1768348800000,1143.8167923610881,2026-01-14 00:00:00+00:00
1768435200000,1137.4524147169932,2026-01-15 00:00:00+00:00
1768521600000,1139.9920732215621,2026-01-16 00:00:00+00:00
1768608000000,1144.6676667144256,2026-01-17 00:00:00+00:00
1768694400000,1147.7029958564015,2026-01-18 00:00:00+00:00
1768780800000,1120.5184967110167,2026-01-19 00:00:00+00:00
1768867200000,1112.9771397401403,2026-01-20 00:00:00+00:00
1768953600000,1115.9991427384375,2026-01-21 00:00:00+00:00
1769040000000,1116.8202276677198,2026-01-22 00:00:00+00:00
1769126400000,1113.7739647591313,2026-01-23 00:00:00+00:00
1769212800000,1114.5116021263648,2026-01-24 00:00:00+00:00
1769299200000,1116.0944038803782,2026-01-25 00:00:00+00:00
1769385600000,1113.8220072124197,2026-01-26 00:00:00+00:00
1769472000000,1107.4029492483576,2026-01-27 00:00:00+00:00
1769558400000,1096.5675111190778,2026-01-28 00:00:00+00:00
1769644800000,1110.1079021082533,2026-01-29 00:00:00+00:00
1769731200000,1111.9963996363822,2026-01-30 00:00:00+00:00
1769817600000,1129.1690282287973,2026-01-31 00:00:00+00:00
1769904000000,1136.2527318686866,2026-02-01 00:00:00+00:00
1769990400000,1129.5770244611003,2026-02-02 00:00:00+00:00
1770076800000,1139.6881892912365,2026-02-03 00:00:00+00:00
1770163200000,1145.135283703741,2026-02-04 00:00:00+00:00
1770249600000,1176.7899603287829,2026-02-05 00:00:00+00:00
1770336000000,1158.638793928319,2026-02-06 00:00:00+00:00
1770422400000,1160.8854582106485,2026-02-07 00:00:00+00:00
1770508800000,1164.0237957790898,2026-02-08 00:00:00+00:00
1770595200000,1164.880269518246,2026-02-09 00:00:00+00:00
1770681600000,1170.930067642751,2026-02-10 00:00:00+00:00
1770768000000,1176.231863665755,2026-02-11 00:00:00+00:00
1770854400000,1167.9849625351364,2026-02-12 00:00:00+00:00
1770940800000,1155.952078883767,2026-02-13 00:00:00+00:00
1771027200000,1143.7123151597818,2026-02-14 00:00:00+00:00
1771113600000,1152.3605165250247,2026-02-15 00:00:00+00:00
1771200000000,1145.530072554825,2026-02-16 00:00:00+00:00
1771286400000,1151.5311295093181,2026-02-17 00:00:00+00:00
1771372800000,1158.9453545708225,2026-02-18 00:00:00+00:00
1771459200000,1159.5660127490514,2026-02-19 00:00:00+00:00
1771545600000,1154.5224036924471,2026-02-20 00:00:00+00:00
1771632000000,1154.3778211634335,2026-02-21 00:00:00+00:00
1771718400000,1162.2202919985466,2026-02-22 00:00:00+00:00
1771804800000,1169.038770239436,2026-02-23 00:00:00+00:00
1771891200000,1170.5694434026568,2026-02-24 00:00:00+00:00
1771977600000,1147.3759843574185,2026-02-25 00:00:00+00:00
1772064000000,1153.5696838511153,2026-02-26 00:00:00+00:00
1772150400000,1161.0681689835603,2026-02-27 00:00:00+00:00
1772236800000,1153.889683527075,2026-02-28 00:00:00+00:00
1772323200000,1158.908840661605,2026-03-01 00:00:00+00:00
1772409600000,1151.031582841735,2026-03-02 00:00:00+00:00
1772496000000,1154.5100045032677,2026-03-03 00:00:00+00:00
1772582400000,1146.3730289728908,2026-03-04 00:00:00+00:00
1772668800000,1149.449207422168,2026-03-05 00:00:00+00:00
1772755200000,1156.5575275271608,2026-03-06 00:00:00+00:00
1772841600000,1155.69575893881,2026-03-07 00:00:00+00:00
1772928000000,1160.7812664191213,2026-03-08 00:00:00+00:00
1773014400000,1151.3123968805085,2026-03-09 00:00:00+00:00
1773100800000,1148.3463021426924,2026-03-10 00:00:00+00:00
1773187200000,1147.6196217676534,2026-03-11 00:00:00+00:00
1773273600000,1147.688267355417,2026-03-12 00:00:00+00:00
1773360000000,1143.3931951544357,2026-03-13 00:00:00+00:00
1773446400000,1148.9623717574775,2026-03-14 00:00:00+00:00
1773532800000,1146.1787730891376,2026-03-15 00:00:00+00:00
1773619200000,1131.5435763163655,2026-03-16 00:00:00+00:00
1773705600000,1132.450416604478,2026-03-17 00:00:00+00:00
1773792000000,1134.705449170119,2026-03-18 00:00:00+00:00
1773878400000,1135.4327533416613,2026-03-19 00:00:00+00:00
1773964800000,1139.8435301947995,2026-03-20 00:00:00+00:00
1774051200000,1136.9553497003326,2026-03-21 00:00:00+00:00
1774137600000,1140.99955124297,2026-03-22 00:00:00+00:00
1774224000000,1136.5122258348545,2026-03-23 00:00:00+00:00
1774310400000,1128.254674581683,2026-03-24 00:00:00+00:00
1774396800000,1124.5783656623937,2026-03-25 00:00:00+00:00
1774483200000,1114.7218024479257,2026-03-26 00:00:00+00:00
1774569600000,1108.778342680261,2026-03-27 00:00:00+00:00
1774656000000,1111.8971754163417,2026-03-28 00:00:00+00:00
1774742400000,1107.9441411016542,2026-03-29 00:00:00+00:00
1774828800000,1116.7184632085643,2026-03-30 00:00:00+00:00
1774915200000,1112.121394701888,2026-03-31 00:00:00+00:00
1775001600000,1126.4629841557353,2026-04-01 00:00:00+00:00
1775088000000,1113.186016973894,2026-04-02 00:00:00+00:00
1775174400000,1128.1879169879055,2026-04-03 00:00:00+00:00
1775260800000,1123.937785938569,2026-04-04 00:00:00+00:00
1775347200000,1122.7100016268892,2026-04-05 00:00:00+00:00
1775433600000,1126.0047395367037,2026-04-06 00:00:00+00:00
1775520000000,1128.3471528543726,2026-04-07 00:00:00+00:00
1775606400000,1136.007015058557,2026-04-08 00:00:00+00:00
1775692800000,1128.5583245477021,2026-04-09 00:00:00+00:00
1775779200000,1127.3966715508518,2026-04-10 00:00:00+00:00
1775865600000,1116.9482242900613,2026-04-11 00:00:00+00:00
1775952000000,1114.7366217015217,2026-04-12 00:00:00+00:00
1776038400000,1125.473543781631,2026-04-13 00:00:00+00:00
1776124800000,1135.4236252016658,2026-04-14 00:00:00+00:00
1776211200000,1116.9609701156826,2026-04-15 00:00:00+00:00
1776297600000,1120.3466486412158,2026-04-16 00:00:00+00:00
1776384000000,1114.7360407937774,2026-04-17 00:00:00+00:00
1776470400000,1122.454318226712,2026-04-18 00:00:00+00:00
1776556800000,1157.428237476527,2026-04-19 00:00:00+00:00
1776643200000,1167.7718197424686,2026-04-20 00:00:00+00:00
1776729600000,1161.2496697304603,2026-04-21 00:00:00+00:00
1776816000000,1166.89757179076,2026-04-22 00:00:00+00:00
1776902400000,1170.7721189341742,2026-04-23 00:00:00+00:00
1776988800000,1173.3111584928663,2026-04-24 00:00:00+00:00
1777075200000,1184.0987245307963,2026-04-25 00:00:00+00:00
1777161600000,1183.4604434095365,2026-04-26 00:00:00+00:00
1777248000000,1183.2128829705664,2026-04-27 00:00:00+00:00
1777334400000,1181.1978243113604,2026-04-28 00:00:00+00:00
1777420800000,1169.1271594054151,2026-04-29 00:00:00+00:00
1777507200000,1187.4605093605637,2026-04-30 00:00:00+00:00
1777593600000,1220.0008784941986,2026-05-01 00:00:00+00:00
1777680000000,1311.8416484188558,2026-05-02 00:00:00+00:00
1777766400000,1323.3242127575304,2026-05-03 00:00:00+00:00
1777852800000,1287.580967619127,2026-05-04 00:00:00+00:00
1777939200000,1388.2366563762018,2026-05-05 00:00:00+00:00
1778025600000,1589.7691095150528,2026-05-06 00:00:00+00:00
1778112000000,1579.1384430804806,2026-05-07 00:00:00+00:00
1778198400000,1544.5342666532551,2026-05-08 00:00:00+00:00
1778284800000,1600.3508990392081,2026-05-09 00:00:00+00:00
1778371200000,1616.0156633058984,2026-05-10 00:00:00+00:00
1778457600000,1636.5541254048883,2026-05-11 00:00:00+00:00
1778544000000,1686.8467575479885,2026-05-12 00:00:00+00:00
1778630400000,1774.416932097283,2026-05-13 00:00:00+00:00
1778716800000,1742.434995273615,2026-05-14 00:00:00+00:00
1778803200000,1660.7925325531498,2026-05-15 00:00:00+00:00
1778889600000,1683.5985045763912,2026-05-16 00:00:00+00:00
1778976000000,1671.152101022941,2026-05-17 00:00:00+00:00
1779062400000,1719.8985931362624,2026-05-18 00:00:00+00:00
1779148800000,1659.75193413819,2026-05-19 00:00:00+00:00
1779235200000,1650.8643011859688,2026-05-20 00:00:00+00:00
1779321600000,1653.9188830371347,2026-05-21 00:00:00+00:00
1779408000000,1699.7657979912804,2026-05-22 00:00:00+00:00
1779494400000,1649.0701362693944,2026-05-23 00:00:00+00:00
1779580800000,1635.2953068560862,2026-05-24 00:00:00+00:00
1779667200000,1697.575117069937,2026-05-25 00:00:00+00:00
1779753600000,1623.3135620977364,2026-05-26 00:00:00+00:00
1779840000000,1456.821207742264,2026-05-27 00:00:00+00:00
1779926400000,1450.6541219978933,2026-05-28 00:00:00+00:00
1780012800000,1575.697512124685,2026-05-29 00:00:00+00:00
