timestamp,funding_rate,datetime
1735920000000,5e-05,2025-01-03 16:00:00.000
1735934400001,5e-05,2025-01-03 20:00:00.001
1735948800000,6.724e-05,2025-01-04 00:00:00.000
1735963200000,0.00017975,2025-01-04 04:00:00.000
1735977600000,5e-05,2025-01-04 08:00:00.000
1735992000000,5e-05,2025-01-04 12:00:00.000
1736006400000,5e-05,2025-01-04 16:00:00.000
1736020800001,5e-05,2025-01-04 20:00:00.001
1736035200000,5e-05,2025-01-05 00:00:00.000
1736049600000,5e-05,2025-01-05 04:00:00.000
1736064000000,5e-05,2025-01-05 08:00:00.000
1736078400000,5e-05,2025-01-05 12:00:00.000
1736092800000,5e-05,2025-01-05 16:00:00.000
1736107200000,5e-05,2025-01-05 20:00:00.000
1736121600000,5e-05,2025-01-06 00:00:00.000
1736136000000,5e-05,2025-01-06 04:00:00.000
1736150400001,5e-05,2025-01-06 08:00:00.001
1736164800000,5e-05,2025-01-06 12:00:00.000
1736179200000,5e-05,2025-01-06 16:00:00.000
1736193600000,5e-05,2025-01-06 20:00:00.000
1736208000000,5e-05,2025-01-07 00:00:00.000
1736222400000,5e-05,2025-01-07 04:00:00.000
1736236800000,5e-05,2025-01-07 08:00:00.000
1736251200001,5e-05,2025-01-07 12:00:00.001
1736265600008,5e-05,2025-01-07 16:00:00.008
1736280000000,5e-05,2025-01-07 20:00:00.000
1736294400001,5e-05,2025-01-08 00:00:00.001
1736308800006,5e-05,2025-01-08 04:00:00.006
1736323200000,5e-05,2025-01-08 08:00:00.000
1736337600000,5e-05,2025-01-08 12:00:00.000
1736352000000,5e-05,2025-01-08 16:00:00.000
1736366400000,5e-05,2025-01-08 20:00:00.000
1736380800000,5e-05,2025-01-09 00:00:00.000
1736395200001,5e-05,2025-01-09 04:00:00.001
1736409600000,5e-05,2025-01-09 08:00:00.000
1736424000000,5e-05,2025-01-09 12:00:00.000
1736438400000,5e-05,2025-01-09 16:00:00.000
1736452800000,5e-05,2025-01-09 20:00:00.000
1736467200000,5e-05,2025-01-10 00:00:00.000
1736481600000,5e-05,2025-01-10 04:00:00.000
1736496000000,5e-05,2025-01-10 08:00:00.000
1736510400000,5e-05,2025-01-10 12:00:00.000
1736524800000,5e-05,2025-01-10 16:00:00.000
1736539200001,5e-05,2025-01-10 20:00:00.001
1736553600000,9.95e-06,2025-01-11 00:00:00.000
1736568000000,5e-05,2025-01-11 04:00:00.000
1736582400000,5e-05,2025-01-11 08:00:00.000
1736596800000,5e-05,2025-01-11 12:00:00.000
1736611200000,5e-05,2025-01-11 16:00:00.000
1736625600000,5e-05,2025-01-11 20:00:00.000
1736640000000,5e-05,2025-01-12 00:00:00.000
1736654400000,5e-05,2025-01-12 04:00:00.000
1736668800000,5e-05,2025-01-12 08:00:00.000
1736683200000,5e-05,2025-01-12 12:00:00.000
1736697600000,5e-05,2025-01-12 16:00:00.000
1736712000000,5e-05,2025-01-12 20:00:00.000
1736726400000,5e-05,2025-01-13 00:00:00.000
1736740800000,5e-05,2025-01-13 04:00:00.000
1736755200000,5e-05,2025-01-13 08:00:00.000
1736769600000,-0.00025674,2025-01-13 12:00:00.000
1736784000000,5e-05,2025-01-13 16:00:00.000
1736798400000,5e-05,2025-01-13 20:00:00.000
1736812800000,5e-05,2025-01-14 00:00:00.000
1736827200000,5e-05,2025-01-14 04:00:00.000
1736841600000,5e-05,2025-01-14 08:00:00.000
1736856000000,5e-05,2025-01-14 12:00:00.000
1736870400000,4.471e-05,2025-01-14 16:00:00.000
1736884800000,1.717e-05,2025-01-14 20:00:00.000
1736899200000,5e-05,2025-01-15 00:00:00.000
1736913600000,4.135e-05,2025-01-15 04:00:00.000
1736928000000,4.373e-05,2025-01-15 08:00:00.000
1736942400000,5e-05,2025-01-15 12:00:00.000
1736956800000,5e-05,2025-01-15 16:00:00.000
1736971200000,5e-05,2025-01-15 20:00:00.000
1736985600000,5e-05,2025-01-16 00:00:00.000
1737000000000,5e-05,2025-01-16 04:00:00.000
1737014400000,5e-05,2025-01-16 08:00:00.000
1737028800000,5e-05,2025-01-16 12:00:00.000
1737043200000,5e-05,2025-01-16 16:00:00.000
1737057600000,5e-05,2025-01-16 20:00:00.000
1737072000004,5e-05,2025-01-17 00:00:00.004
1737086400000,5e-05,2025-01-17 04:00:00.000
1737100800000,5e-05,2025-01-17 08:00:00.000
1737115200013,5e-05,2025-01-17 12:00:00.013
1737129600008,5e-05,2025-01-17 16:00:00.008
1737144000005,5e-05,2025-01-17 20:00:00.005
1737158400000,5e-05,2025-01-18 00:00:00.000
1737172800003,5e-05,2025-01-18 04:00:00.003
1737187200007,5e-05,2025-01-18 08:00:00.007
1737201600000,5e-05,2025-01-18 12:00:00.000
1737216000000,5e-05,2025-01-18 16:00:00.000
1737230400000,5e-05,2025-01-18 20:00:00.000
1737244800000,5e-05,2025-01-19 00:00:00.000
1737259200000,5e-05,2025-01-19 04:00:00.000
1737273600000,5e-05,2025-01-19 08:00:00.000
1737288000000,5e-05,2025-01-19 12:00:00.000
1737302400000,5e-05,2025-01-19 16:00:00.000
1737316800000,5e-05,2025-01-19 20:00:00.000
1737331200000,5e-05,2025-01-20 00:00:00.000
1737345600000,5e-05,2025-01-20 04:00:00.000
1737360000009,5e-05,2025-01-20 08:00:00.009
1737374400002,5e-05,2025-01-20 12:00:00.002
1737388800000,5e-05,2025-01-20 16:00:00.000
1737403200001,5e-05,2025-01-20 20:00:00.001
1737417600000,5e-05,2025-01-21 00:00:00.000
1737432000000,5e-05,2025-01-21 04:00:00.000
1737446400000,5e-05,2025-01-21 08:00:00.000
1737460800000,5e-05,2025-01-21 12:00:00.000
1737475200000,5e-05,2025-01-21 16:00:00.000
1737489600000,5e-05,2025-01-21 20:00:00.000
1737504000000,5e-05,2025-01-22 00:00:00.000
1737518400000,5e-05,2025-01-22 04:00:00.000
1737532800000,5e-05,2025-01-22 08:00:00.000
1737547200000,5e-05,2025-01-22 12:00:00.000
1737561600000,5e-05,2025-01-22 16:00:00.000
1737576000000,5e-05,2025-01-22 20:00:00.000
1737590400001,5e-05,2025-01-23 00:00:00.001
1737604800001,5e-05,2025-01-23 04:00:00.001
1737619200000,5e-05,2025-01-23 08:00:00.000
1737633600000,5e-05,2025-01-23 12:00:00.000
1737648000000,5e-05,2025-01-23 16:00:00.000
1737662400000,5e-05,2025-01-23 20:00:00.000
1737676800000,5e-05,2025-01-24 00:00:00.000
1737691200000,5e-05,2025-01-24 04:00:00.000
1737705600000,5e-05,2025-01-24 08:00:00.000
1737720000001,5e-05,2025-01-24 12:00:00.001
1737734400000,5e-05,2025-01-24 16:00:00.000
1737748800000,5e-05,2025-01-24 20:00:00.000
1737763200000,5e-05,2025-01-25 00:00:00.000
1737777600000,5e-05,2025-01-25 04:00:00.000
1737792000000,5e-05,2025-01-25 08:00:00.000
1737806400000,5e-05,2025-01-25 12:00:00.000
1737820800001,5e-05,2025-01-25 16:00:00.001
1737835200001,5e-05,2025-01-25 20:00:00.001
1737849600000,5e-05,2025-01-26 00:00:00.000
1737864000000,5e-05,2025-01-26 04:00:00.000
1737878400000,5e-05,2025-01-26 08:00:00.000
1737892800000,5e-05,2025-01-26 12:00:00.000
1737907200000,5e-05,2025-01-26 16:00:00.000
1737921600000,5e-05,2025-01-26 20:00:00.000
1737936000000,5e-05,2025-01-27 00:00:00.000
1737950400000,5e-05,2025-01-27 04:00:00.000
1737964800000,5e-05,2025-01-27 08:00:00.000
1737979200001,5e-05,2025-01-27 12:00:00.001
1737993600000,5e-05,2025-01-27 16:00:00.000
1738008000000,5e-05,2025-01-27 20:00:00.000
1738022400000,5e-05,2025-01-28 00:00:00.000
1738036800000,5e-05,2025-01-28 04:00:00.000
1738051200000,5e-05,2025-01-28 08:00:00.000
1738065600000,5e-05,2025-01-28 12:00:00.000
1738080000000,5e-05,2025-01-28 16:00:00.000
1738094400000,5e-05,2025-01-28 20:00:00.000
1738108800000,5e-05,2025-01-29 00:00:00.000
1738123200001,5e-05,2025-01-29 04:00:00.001
1738137600000,5e-05,2025-01-29 08:00:00.000
1738152000000,5e-05,2025-01-29 12:00:00.000
1738166400000,5e-05,2025-01-29 16:00:00.000
1738180800000,5e-05,2025-01-29 20:00:00.000
1738195200000,5e-05,2025-01-30 00:00:00.000
1738209600000,5e-05,2025-01-30 04:00:00.000
1738224000000,5e-05,2025-01-30 08:00:00.000
1738238400000,5e-05,2025-01-30 12:00:00.000
1738252800000,5e-05,2025-01-30 16:00:00.000
1738267200000,5e-05,2025-01-30 20:00:00.000
1738281600000,5e-05,2025-01-31 00:00:00.000
1738296000000,5e-05,2025-01-31 04:00:00.000
1738310400000,5e-05,2025-01-31 08:00:00.000
1738324800001,5e-05,2025-01-31 12:00:00.001
1738339200000,5e-05,2025-01-31 16:00:00.000
1738353600000,5e-05,2025-01-31 20:00:00.000
1738368000000,5e-05,2025-02-01 00:00:00.000
1738382400000,5e-05,2025-02-01 04:00:00.000
1738396800000,5e-05,2025-02-01 08:00:00.000
1738411200000,5e-05,2025-02-01 12:00:00.000
1738425600000,5e-05,2025-02-01 16:00:00.000
1738440000000,5e-05,2025-02-01 20:00:00.000
1738454400001,5e-05,2025-02-02 00:00:00.001
1738468800000,5e-05,2025-02-02 04:00:00.000
1738483200000,5e-05,2025-02-02 08:00:00.000
1738497600000,5e-05,2025-02-02 12:00:00.000
1738512000000,5e-05,2025-02-02 16:00:00.000
1738526400000,5e-05,2025-02-02 20:00:00.000
1738540800000,5e-05,2025-02-03 00:00:00.000
1738555200000,5e-05,2025-02-03 04:00:00.000
1738569600000,5e-05,2025-02-03 08:00:00.000
1738584000000,5e-05,2025-02-03 12:00:00.000
1738598400000,5e-05,2025-02-03 16:00:00.000
1738612800000,5e-05,2025-02-03 20:00:00.000
1738627200000,5e-05,2025-02-04 00:00:00.000
1738641600001,5e-05,2025-02-04 04:00:00.001
1738656000001,5e-05,2025-02-04 08:00:00.001
1738670400001,5e-05,2025-02-04 12:00:00.001
1738684800000,5e-05,2025-02-04 16:00:00.000
1738699200000,5e-05,2025-02-04 20:00:00.000
1738713600001,5e-05,2025-02-05 00:00:00.001
1738728000000,5e-05,2025-02-05 04:00:00.000
1738742400001,5e-05,2025-02-05 08:00:00.001
1738756800000,5e-05,2025-02-05 12:00:00.000
1738771200000,5e-05,2025-02-05 16:00:00.000
1738785600000,5e-05,2025-02-05 20:00:00.000
1738800000001,5e-05,2025-02-06 00:00:00.001
1738814400001,5e-05,2025-02-06 04:00:00.001
1738828800001,5e-05,2025-02-06 08:00:00.001
1738843200000,5e-05,2025-02-06 12:00:00.000
1738857600000,5e-05,2025-02-06 16:00:00.000
1738872000000,5e-05,2025-02-06 20:00:00.000
1738886400000,5e-05,2025-02-07 00:00:00.000
1738900800000,5e-05,2025-02-07 04:00:00.000
1738915200000,5e-05,2025-02-07 08:00:00.000
1738929600000,5e-05,2025-02-07 12:00:00.000
1738944000000,5e-05,2025-02-07 16:00:00.000
1738958400000,5e-05,2025-02-07 20:00:00.000
1738972800000,5e-05,2025-02-08 00:00:00.000
1738987200000,5e-05,2025-02-08 04:00:00.000
1739001600000,5e-05,2025-02-08 08:00:00.000
1739016000000,5e-05,2025-02-08 12:00:00.000
1739030400000,5e-05,2025-02-08 16:00:00.000
1739044800000,5e-05,2025-02-08 20:00:00.000
1739059200000,5e-05,2025-02-09 00:00:00.000
1739073600000,5e-05,2025-02-09 04:00:00.000
1739088000000,5e-05,2025-02-09 08:00:00.000
1739102400000,5e-05,2025-02-09 12:00:00.000
1739116800000,5e-05,2025-02-09 16:00:00.000
1739131200007,5e-05,2025-02-09 20:00:00.007
1739145600000,5e-05,2025-02-10 00:00:00.000
1739160000000,5e-05,2025-02-10 04:00:00.000
1739174400000,5e-05,2025-02-10 08:00:00.000
1739188800000,5e-05,2025-02-10 12:00:00.000
1739203200000,4.977e-05,2025-02-10 16:00:00.000
1739217600001,2.591e-05,2025-02-10 20:00:00.001
1739232000000,5e-05,2025-02-11 00:00:00.000
1739246400000,5e-05,2025-02-11 04:00:00.000
1739260800000,-2.915e-05,2025-02-11 08:00:00.000
1739275200000,5e-05,2025-02-11 12:00:00.000
1739289600000,5e-05,2025-02-11 16:00:00.000
1739304000000,5e-05,2025-02-11 20:00:00.000
1739318400000,5e-05,2025-02-12 00:00:00.000
1739332800000,5e-05,2025-02-12 04:00:00.000
1739347200000,5e-05,2025-02-12 08:00:00.000
1739361600001,5e-05,2025-02-12 12:00:00.001
1739376000001,5e-05,2025-02-12 16:00:00.001
1739390400000,-4.19e-06,2025-02-12 20:00:00.000
1739404800001,5e-05,2025-02-13 00:00:00.001
1739419200000,5e-05,2025-02-13 04:00:00.000
1739433600000,5e-05,2025-02-13 08:00:00.000
1739448000000,5e-05,2025-02-13 12:00:00.000
1739462400001,4.503e-05,2025-02-13 16:00:00.001
1739476800000,5e-05,2025-02-13 20:00:00.000
1739491200000,5e-05,2025-02-14 00:00:00.000
1739505600000,5e-05,2025-02-14 04:00:00.000
1739520000001,5e-05,2025-02-14 08:00:00.001
1739534400000,5e-05,2025-02-14 12:00:00.000
1739548800000,5e-05,2025-02-14 16:00:00.000
1739563200000,5e-05,2025-02-14 20:00:00.000
1739577600000,5e-05,2025-02-15 00:00:00.000
1739592000000,5e-05,2025-02-15 04:00:00.000
1739606400000,5e-05,2025-02-15 08:00:00.000
1739620800000,5e-05,2025-02-15 12:00:00.000
1739635200000,5e-05,2025-02-15 16:00:00.000
1739649600001,5e-05,2025-02-15 20:00:00.001
1739664000000,5e-05,2025-02-16 00:00:00.000
1739678400000,5e-05,2025-02-16 04:00:00.000
1739692800000,5e-05,2025-02-16 08:00:00.000
1739707200000,5e-05,2025-02-16 12:00:00.000
1739721600000,5e-05,2025-02-16 16:00:00.000
1739736000000,5e-05,2025-02-16 20:00:00.000
1739750400000,5e-05,2025-02-17 00:00:00.000
1739764800001,1.894e-05,2025-02-17 04:00:00.001
1739779200000,5e-05,2025-02-17 08:00:00.000
1739793600004,5e-05,2025-02-17 12:00:00.004
1739808000000,5e-05,2025-02-17 16:00:00.000
1739822400001,3.563e-05,2025-02-17 20:00:00.001
1739836800000,5e-05,2025-02-18 00:00:00.000
1739851200000,5e-05,2025-02-18 04:00:00.000
1739865600000,5e-05,2025-02-18 08:00:00.000
1739880000000,5e-05,2025-02-18 12:00:00.000
1739894400000,5e-05,2025-02-18 16:00:00.000
1739908800000,5e-05,2025-02-18 20:00:00.000
1739923200000,5e-05,2025-02-19 00:00:00.000
1739937600000,5e-05,2025-02-19 04:00:00.000
1739952000000,5e-05,2025-02-19 08:00:00.000
1739966400000,5e-05,2025-02-19 12:00:00.000
1739980800000,5e-05,2025-02-19 16:00:00.000
1739995200000,5.94e-06,2025-02-19 20:00:00.000
1740009600000,2.499e-05,2025-02-20 00:00:00.000
1740024000000,5e-05,2025-02-20 04:00:00.000
1740038400000,5e-05,2025-02-20 08:00:00.000
1740052800000,5e-05,2025-02-20 12:00:00.000
1740067200000,5e-05,2025-02-20 16:00:00.000
1740081600000,5e-05,2025-02-20 20:00:00.000
1740096000001,3.769e-05,2025-02-21 00:00:00.001
1740110400000,5e-05,2025-02-21 04:00:00.000
1740124800000,5e-05,2025-02-21 08:00:00.000
1740139200000,5e-05,2025-02-21 12:00:00.000
1740153600000,5e-05,2025-02-21 16:00:00.000
1740168000000,5e-05,2025-02-21 20:00:00.000
1740182400000,5e-05,2025-02-22 00:00:00.000
1740196800000,5e-05,2025-02-22 04:00:00.000
1740211200000,5e-05,2025-02-22 08:00:00.000
1740225600000,5e-05,2025-02-22 12:00:00.000
1740240000000,5e-05,2025-02-22 16:00:00.000
1740254400000,5e-05,2025-02-22 20:00:00.000
1740268800000,5e-05,2025-02-23 00:00:00.000
1740283200000,2e-08,2025-02-23 04:00:00.000
1740297600000,-9.726e-05,2025-02-23 08:00:00.000
1740312000000,-2.562e-05,2025-02-23 12:00:00.000
1740326400000,2.241e-05,2025-02-23 16:00:00.000
1740340800000,2.63e-05,2025-02-23 20:00:00.000
1740355200000,4.936e-05,2025-02-24 00:00:00.000
1740369600000,5e-05,2025-02-24 04:00:00.000
1740384000000,5e-05,2025-02-24 08:00:00.000
1740398400001,-6.288e-05,2025-02-24 12:00:00.001
1740412800000,-0.00012975,2025-02-24 16:00:00.000
1740427200000,5e-05,2025-02-24 20:00:00.000
1740441600000,5e-05,2025-02-25 00:00:00.000
1740456000000,5e-05,2025-02-25 04:00:00.000
1740470400000,5e-05,2025-02-25 08:00:00.000
1740484800000,5e-05,2025-02-25 12:00:00.000
1740499200000,5e-05,2025-02-25 16:00:00.000
1740513600000,5e-05,2025-02-25 20:00:00.000
1740528000000,5e-05,2025-02-26 00:00:00.000
1740542400000,5e-05,2025-02-26 04:00:00.000
1740556800000,5e-05,2025-02-26 08:00:00.000
1740571200001,5e-05,2025-02-26 12:00:00.001
1740585600000,5e-05,2025-02-26 16:00:00.000
1740600000000,5e-05,2025-02-26 20:00:00.000
1740614400001,5e-05,2025-02-27 00:00:00.001
1740628800001,5e-05,2025-02-27 04:00:00.001
1740643200000,3.952e-05,2025-02-27 08:00:00.000
1740657600006,5e-05,2025-02-27 12:00:00.006
1740672000000,5e-05,2025-02-27 16:00:00.000
1740686400001,4.752e-05,2025-02-27 20:00:00.001
1740700800001,5e-05,2025-02-28 00:00:00.001
1740715200000,5e-05,2025-02-28 04:00:00.000
1740729600000,5e-05,2025-02-28 08:00:00.000
1740744000000,-2.88e-06,2025-02-28 12:00:00.000
1740758400000,5e-05,2025-02-28 16:00:00.000
1740772800000,5e-05,2025-02-28 20:00:00.000
1740787200000,5e-05,2025-03-01 00:00:00.000
1740801600000,5e-05,2025-03-01 04:00:00.000
1740816000000,5e-05,2025-03-01 08:00:00.000
1740830400001,5e-05,2025-03-01 12:00:00.001
1740844800001,5e-05,2025-03-01 16:00:00.001
1740859200000,5e-05,2025-03-01 20:00:00.000
1740873600000,5e-05,2025-03-02 00:00:00.000
1740888000000,5e-05,2025-03-02 04:00:00.000
1740902400000,5e-05,2025-03-02 08:00:00.000
1740916800000,5e-05,2025-03-02 12:00:00.000
1740931200000,5e-05,2025-03-02 16:00:00.000
1740945600000,5e-05,2025-03-02 20:00:00.000
1740960000001,5e-05,2025-03-03 00:00:00.001
1740974400000,5e-05,2025-03-03 04:00:00.000
1740988800000,1.73e-05,2025-03-03 08:00:00.000
1741003200001,2.475e-05,2025-03-03 12:00:00.001
1741017600000,-3.027e-05,2025-03-03 16:00:00.000
1741032000000,-3.326e-05,2025-03-03 20:00:00.000
1741046400001,-5.897e-05,2025-03-04 00:00:00.001
1741060800000,-3.5e-06,2025-03-04 04:00:00.000
1741075200005,-0.00018607,2025-03-04 08:00:00.005
1741089600000,-0.00012328,2025-03-04 12:00:00.000
1741104000000,-1.045e-05,2025-03-04 16:00:00.000
1741118400000,-2.693e-05,2025-03-04 20:00:00.000
1741132800000,5e-05,2025-03-05 00:00:00.000
1741147200000,-2.75e-06,2025-03-05 04:00:00.000
1741161600000,5e-05,2025-03-05 08:00:00.000
1741176000000,5e-05,2025-03-05 12:00:00.000
1741190400000,1.56e-06,2025-03-05 16:00:00.000
1741204800000,2.504e-05,2025-03-05 20:00:00.000
1741219200000,5e-05,2025-03-06 00:00:00.000
1741233600000,5e-05,2025-03-06 04:00:00.000
1741248000001,5e-05,2025-03-06 08:00:00.001
1741262400001,-8.727e-05,2025-03-06 12:00:00.001
1741276800000,-0.00019261,2025-03-06 16:00:00.000
1741291200000,5e-05,2025-03-06 20:00:00.000
1741305600000,5e-05,2025-03-07 00:00:00.000
1741320000000,5e-05,2025-03-07 04:00:00.000
1741334400001,5e-05,2025-03-07 08:00:00.001
1741348800000,3.942e-05,2025-03-07 12:00:00.000
1741363200000,5e-05,2025-03-07 16:00:00.000
1741377600000,5e-05,2025-03-07 20:00:00.000
1741392000000,5e-05,2025-03-08 00:00:00.000
1741406400000,5e-05,2025-03-08 04:00:00.000
1741420800001,5e-05,2025-03-08 08:00:00.001
1741435200001,5e-05,2025-03-08 12:00:00.001
1741449600001,1.783e-05,2025-03-08 16:00:00.001
1741464000001,5e-05,2025-03-08 20:00:00.001
1741478400001,5e-05,2025-03-09 00:00:00.001
1741492800000,5e-05,2025-03-09 04:00:00.000
1741507200000,5e-05,2025-03-09 08:00:00.000
1741521600000,5e-05,2025-03-09 12:00:00.000
1741536000000,5e-05,2025-03-09 16:00:00.000
1741550400000,5e-05,2025-03-09 20:00:00.000
1741564800000,5e-05,2025-03-10 00:00:00.000
1741579200000,5e-05,2025-03-10 04:00:00.000
1741593600000,-8.664e-05,2025-03-10 08:00:00.000
1741608000000,5e-05,2025-03-10 12:00:00.000
1741622400000,5e-05,2025-03-10 16:00:00.000
1741636800000,5e-05,2025-03-10 20:00:00.000
1741651200000,5e-05,2025-03-11 00:00:00.000
1741665600000,5e-05,2025-03-11 04:00:00.000
1741680000000,5e-05,2025-03-11 08:00:00.000
1741694400000,5e-05,2025-03-11 12:00:00.000
1741708800001,3.865e-05,2025-03-11 16:00:00.001
1741723200001,5e-05,2025-03-11 20:00:00.001
1741737600000,-0.00012184,2025-03-12 00:00:00.000
1741752000001,-0.00016316,2025-03-12 04:00:00.001
1741766400000,-0.00011786,2025-03-12 08:00:00.000
1741780800000,5e-05,2025-03-12 12:00:00.000
1741795200001,-6.57e-06,2025-03-12 16:00:00.001
1741809600000,5e-05,2025-03-12 20:00:00.000
1741824000000,5e-05,2025-03-13 00:00:00.000
1741838400000,5e-05,2025-03-13 04:00:00.000
1741852800000,5e-05,2025-03-13 08:00:00.000
1741867200000,5e-05,2025-03-13 12:00:00.000
1741881600000,5e-05,2025-03-13 16:00:00.000
1741896000000,1.608e-05,2025-03-13 20:00:00.000
1741910400000,5e-05,2025-03-14 00:00:00.000
1741924800000,5e-05,2025-03-14 04:00:00.000
1741939200000,5e-05,2025-03-14 08:00:00.000
1741953600000,5e-05,2025-03-14 12:00:00.000
1741968000000,5e-05,2025-03-14 16:00:00.000
1741982400000,5e-05,2025-03-14 20:00:00.000
1741996800000,5e-05,2025-03-15 00:00:00.000
1742011200000,4.03e-06,2025-03-15 04:00:00.000
1742025600000,1.923e-05,2025-03-15 08:00:00.000
1742040000000,5e-05,2025-03-15 12:00:00.000
1742054400000,2.387e-05,2025-03-15 16:00:00.000
1742068800000,-0.00010155,2025-03-15 20:00:00.000
1742083200000,5e-05,2025-03-16 00:00:00.000
1742097600000,5e-05,2025-03-16 04:00:00.000
1742112000000,5e-05,2025-03-16 08:00:00.000
1742126400000,5e-05,2025-03-16 12:00:00.000
1742140800000,5e-05,2025-03-16 16:00:00.000
1742155200000,5e-05,2025-03-16 20:00:00.000
1742169600000,-0.00017144,2025-03-17 00:00:00.000
1742184000000,5e-05,2025-03-17 04:00:00.000
1742198400000,3.147e-05,2025-03-17 08:00:00.000
1742212800000,5e-05,2025-03-17 12:00:00.000
1742227200000,5e-05,2025-03-17 16:00:00.000
1742241600000,5e-05,2025-03-17 20:00:00.000
1742256000000,5e-05,2025-03-18 00:00:00.000
1742270400000,5e-05,2025-03-18 04:00:00.000
1742284800000,5e-05,2025-03-18 08:00:00.000
1742299200001,5e-05,2025-03-18 12:00:00.001
1742313600000,5e-05,2025-03-18 16:00:00.000
1742328000000,5e-05,2025-03-18 20:00:00.000
1742342400000,5e-05,2025-03-19 00:00:00.000
1742356800000,5e-05,2025-03-19 04:00:00.000
1742371200000,5e-05,2025-03-19 08:00:00.000
1742385600000,-7.45e-05,2025-03-19 12:00:00.000
1742400000000,-6.6e-05,2025-03-19 16:00:00.000
1742414400000,5e-05,2025-03-19 20:00:00.000
1742428800000,5e-05,2025-03-20 00:00:00.000
1742443200000,5e-05,2025-03-20 04:00:00.000
1742457600000,5e-05,2025-03-20 08:00:00.000
1742472000000,-7.163e-05,2025-03-20 12:00:00.000
1742486400000,5e-05,2025-03-20 16:00:00.000
1742500800000,2.718e-05,2025-03-20 20:00:00.000
1742515200000,1.385e-05,2025-03-21 00:00:00.000
1742529600000,5e-05,2025-03-21 04:00:00.000
1742544000000,4.622e-05,2025-03-21 08:00:00.000
1742558400000,-5.502e-05,2025-03-21 12:00:00.000
1742572800000,5e-05,2025-03-21 16:00:00.000
1742587200000,5e-05,2025-03-21 20:00:00.000
1742601600000,5e-05,2025-03-22 00:00:00.000
1742616000001,5e-05,2025-03-22 04:00:00.001
1742630400004,5e-05,2025-03-22 08:00:00.004
1742644800013,5e-05,2025-03-22 12:00:00.013
1742659200000,5e-05,2025-03-22 16:00:00.000
1742673600001,5e-05,2025-03-22 20:00:00.001
1742688000000,5e-05,2025-03-23 00:00:00.000
1742702400000,5e-05,2025-03-23 04:00:00.000
1742716800000,5e-05,2025-03-23 08:00:00.000
1742731200000,5e-05,2025-03-23 12:00:00.000
1742745600000,5e-05,2025-03-23 16:00:00.000
1742760000000,-6.39e-06,2025-03-23 20:00:00.000
1742774400000,5e-05,2025-03-24 00:00:00.000
1742788800000,5e-05,2025-03-24 04:00:00.000
1742803200000,5e-05,2025-03-24 08:00:00.000
1742817600000,5e-05,2025-03-24 12:00:00.000
1742832000000,5e-05,2025-03-24 16:00:00.000
1742846400004,5e-05,2025-03-24 20:00:00.004
1742860800001,5e-05,2025-03-25 00:00:00.001
1742875200000,5e-05,2025-03-25 04:00:00.000
1742889600000,5e-05,2025-03-25 08:00:00.000
1742904000000,5e-05,2025-03-25 12:00:00.000
1742918400000,-9.854e-05,2025-03-25 16:00:00.000
1742932800000,-0.00022675,2025-03-25 20:00:00.000
1742947200000,5e-05,2025-03-26 00:00:00.000
1742961600001,-0.00020059,2025-03-26 04:00:00.001
1742976000000,5e-05,2025-03-26 08:00:00.000
1742990400000,5e-05,2025-03-26 12:00:00.000
1743004800001,5e-05,2025-03-26 16:00:00.001
1743019200000,5e-05,2025-03-26 20:00:00.000
1743033600001,5e-05,2025-03-27 00:00:00.001
1743048000000,5e-05,2025-03-27 04:00:00.000
1743062400001,5e-05,2025-03-27 08:00:00.001
1743076800000,5e-05,2025-03-27 12:00:00.000
1743091200002,5e-05,2025-03-27 16:00:00.002
1743105600000,5e-05,2025-03-27 20:00:00.000
1743120000001,5e-05,2025-03-28 00:00:00.001
1743134400000,5e-05,2025-03-28 04:00:00.000
1743148800001,3.641e-05,2025-03-28 08:00:00.001
1743163200000,3.339e-05,2025-03-28 12:00:00.000
1743177600000,4.688e-05,2025-03-28 16:00:00.000
1743192000000,4.994e-05,2025-03-28 20:00:00.000
1743206400000,5e-05,2025-03-29 00:00:00.000
1743220800001,4.125e-05,2025-03-29 04:00:00.001
1743235200000,3.58e-06,2025-03-29 08:00:00.000
1743249600000,5e-05,2025-03-29 12:00:00.000
1743264000000,5e-05,2025-03-29 16:00:00.000
1743278400000,5e-05,2025-03-29 20:00:00.000
1743292800000,5e-05,2025-03-30 00:00:00.000
1743307200000,5e-05,2025-03-30 04:00:00.000
1743321600000,5e-05,2025-03-30 08:00:00.000
1743336000000,5e-05,2025-03-30 12:00:00.000
1743350400000,9.27e-06,2025-03-30 16:00:00.000
1743364800000,-2.448e-05,2025-03-30 20:00:00.000
1743379200000,5e-05,2025-03-31 00:00:00.000
1743393600000,5e-05,2025-03-31 04:00:00.000
1743408000000,5e-05,2025-03-31 08:00:00.000
1743422400000,5e-05,2025-03-31 12:00:00.000
1743436800000,5e-05,2025-03-31 16:00:00.000
1743451200000,5e-05,2025-03-31 20:00:00.000
1743465600000,5e-05,2025-04-01 00:00:00.000
1743480000001,4.276e-05,2025-04-01 04:00:00.001
1743494400001,-4.182e-05,2025-04-01 08:00:00.001
1743508800000,5e-05,2025-04-01 12:00:00.000
1743523200000,3.516e-05,2025-04-01 16:00:00.000
1743537600003,5e-05,2025-04-01 20:00:00.003
1743552000001,-6.13e-06,2025-04-02 00:00:00.001
1743566400001,5e-05,2025-04-02 04:00:00.001
1743580800000,-8.952e-05,2025-04-02 08:00:00.000
1743595200002,5e-05,2025-04-02 12:00:00.002
1743609600000,-6.915e-05,2025-04-02 16:00:00.000
1743624000000,5e-05,2025-04-02 20:00:00.000
1743638400000,5e-05,2025-04-03 00:00:00.000
1743652800000,5e-05,2025-04-03 04:00:00.000
1743667200000,5e-05,2025-04-03 08:00:00.000
1743681600000,5e-05,2025-04-03 12:00:00.000
1743696000000,5e-05,2025-04-03 16:00:00.000
1743710400000,5e-05,2025-04-03 20:00:00.000
1743724800000,5e-05,2025-04-04 00:00:00.000
1743739200000,5e-05,2025-04-04 04:00:00.000
1743753600000,5e-05,2025-04-04 08:00:00.000
1743768000000,5e-05,2025-04-04 12:00:00.000
1743782400000,4.984e-05,2025-04-04 16:00:00.000
1743796800001,3.671e-05,2025-04-04 20:00:00.001
1743811200000,4.178e-05,2025-04-05 00:00:00.000
1743825600000,5e-05,2025-04-05 04:00:00.000
1743840000000,5e-05,2025-04-05 08:00:00.000
1743854400000,-1.239e-05,2025-04-05 12:00:00.000
1743868800000,1.182e-05,2025-04-05 16:00:00.000
1743883200000,5e-05,2025-04-05 20:00:00.000
1743897600000,5e-05,2025-04-06 00:00:00.000
1743912000000,5e-05,2025-04-06 04:00:00.000
1743926400000,5e-05,2025-04-06 08:00:00.000
1743940800001,5e-05,2025-04-06 12:00:00.001
1743955200002,5e-05,2025-04-06 16:00:00.002
1743969600001,5e-05,2025-04-06 20:00:00.001
1743984000000,5e-05,2025-04-07 00:00:00.000
1743998400000,5e-05,2025-04-07 04:00:00.000
1744012800000,5e-05,2025-04-07 08:00:00.000
1744027200000,-6.58e-06,2025-04-07 12:00:00.000
1744041600000,-1.134e-05,2025-04-07 16:00:00.000
1744056000000,3.343e-05,2025-04-07 20:00:00.000
1744070400000,3.197e-05,2025-04-08 00:00:00.000
1744084800000,5e-05,2025-04-08 04:00:00.000
1744099200000,5e-05,2025-04-08 08:00:00.000
1744113600000,-1.473e-05,2025-04-08 12:00:00.000
1744128000000,-0.00035443,2025-04-08 16:00:00.000
1744142400000,-0.00020746,2025-04-08 20:00:00.000
1744156800000,5e-05,2025-04-09 00:00:00.000
1744171200000,-0.00017948,2025-04-09 04:00:00.000
1744185600001,5e-05,2025-04-09 08:00:00.001
1744200000000,5e-05,2025-04-09 12:00:00.000
1744214400000,5e-05,2025-04-09 16:00:00.000
1744228800000,5e-05,2025-04-09 20:00:00.000
1744243200000,5e-05,2025-04-10 00:00:00.000
1744257600000,5e-05,2025-04-10 04:00:00.000
1744272000000,5e-05,2025-04-10 08:00:00.000
1744286400000,5e-05,2025-04-10 12:00:00.000
1744300800000,5e-05,2025-04-10 16:00:00.000
1744315200000,-0.00015452,2025-04-10 20:00:00.000
1744329600001,-2.1e-06,2025-04-11 00:00:00.001
1744344000001,1.58e-05,2025-04-11 04:00:00.001
1744358400000,2.511e-05,2025-04-11 08:00:00.000
1744372800000,5e-05,2025-04-11 12:00:00.000
1744387200000,1.435e-05,2025-04-11 16:00:00.000
1744401600001,5e-05,2025-04-11 20:00:00.001
1744416000000,5e-05,2025-04-12 00:00:00.000
1744430400000,5e-05,2025-04-12 04:00:00.000
1744444800001,-9.087e-05,2025-04-12 08:00:00.001
1744459200001,5e-05,2025-04-12 12:00:00.001
1744473600000,-0.00011238,2025-04-12 16:00:00.000
1744488000000,-9.978e-05,2025-04-12 20:00:00.000
1744502400000,4.068e-05,2025-04-13 00:00:00.000
1744516800000,-0.00023178,2025-04-13 04:00:00.000
1744531200000,-0.00028463,2025-04-13 08:00:00.000
1744545600000,-1.07e-06,2025-04-13 12:00:00.000
1744560000000,-0.00030845,2025-04-13 16:00:00.000
1744574400000,5e-05,2025-04-13 20:00:00.000
1744588800000,-0.00019978,2025-04-14 00:00:00.000
1744603200000,-0.00021178,2025-04-14 04:00:00.000
1744617600000,-0.00043749,2025-04-14 08:00:00.000
1744632000002,-0.00033292,2025-04-14 12:00:00.002
1744646400000,-0.00036293,2025-04-14 16:00:00.000
1744660800000,3.795e-05,2025-04-14 20:00:00.000
1744675200000,-0.0002017,2025-04-15 00:00:00.000
1744689600001,-0.00010161,2025-04-15 04:00:00.001
1744704000000,-0.00018525,2025-04-15 08:00:00.000
1744718400000,-0.00017448,2025-04-15 12:00:00.000
1744732800001,-0.00042608,2025-04-15 16:00:00.001
1744747200000,-0.0001976,2025-04-15 20:00:00.000
1744761600000,-0.00113235,2025-04-16 00:00:00.000
1744776000000,-0.00036419,2025-04-16 04:00:00.000
1744790400000,-0.00039153,2025-04-16 08:00:00.000
1744804800000,-0.00011567,2025-04-16 12:00:00.000
1744819200000,-0.0005937,2025-04-16 16:00:00.000
1744833600000,-0.00086014,2025-04-16 20:00:00.000
1744848000001,-0.00095065,2025-04-17 00:00:00.001
1744862400000,-0.00105471,2025-04-17 04:00:00.000
1744876800000,-0.00197303,2025-04-17 08:00:00.000
1744891200000,-0.00244163,2025-04-17 12:00:00.000
1744905600001,-0.0029223,2025-04-17 16:00:00.001
1744920000001,-0.00302228,2025-04-17 20:00:00.001
1744934400000,-0.00253123,2025-04-18 00:00:00.000
1744948800000,-0.00171109,2025-04-18 04:00:00.000
1744963200000,-0.00470141,2025-04-18 08:00:00.000
1744977600000,-0.00119792,2025-04-18 12:00:00.000
1744992000000,-0.0008324,2025-04-18 16:00:00.000
1745006400000,-0.00039402,2025-04-18 20:00:00.000
1745020800000,-0.00050225,2025-04-19 00:00:00.000
1745035200000,-0.00094199,2025-04-19 04:00:00.000
1745049600000,-0.00065189,2025-04-19 08:00:00.000
1745064000000,-0.00059474,2025-04-19 12:00:00.000
1745078400000,-0.00083218,2025-04-19 16:00:00.000
1745092800000,-0.00033914,2025-04-19 20:00:00.000
1745107200000,-0.00031449,2025-04-20 00:00:00.000
1745121600000,-0.00019112,2025-04-20 04:00:00.000
1745136000000,-0.00029828,2025-04-20 08:00:00.000
1745150400001,-0.00063825,2025-04-20 12:00:00.001
1745164800000,-0.00042648,2025-04-20 16:00:00.000
1745179200000,-0.00011985,2025-04-20 20:00:00.000
1745193600000,-5.105e-05,2025-04-21 00:00:00.000
1745208000000,-0.00039232,2025-04-21 04:00:00.000
1745222400005,-0.00055956,2025-04-21 08:00:00.005
1745236800002,-0.0003803,2025-04-21 12:00:00.002
1745251200003,-0.00014793,2025-04-21 16:00:00.003
1745265600006,-0.0001265,2025-04-21 20:00:00.006
1745280000008,-0.00025813,2025-04-22 00:00:00.008
1745294400000,-0.00133872,2025-04-22 04:00:00.000
1745308800000,-0.00016995,2025-04-22 08:00:00.000
1745323200001,2.873e-05,2025-04-22 12:00:00.001
1745337600000,-0.00097103,2025-04-22 16:00:00.000
1745352000004,5e-05,2025-04-22 20:00:00.004
1745366400000,5e-05,2025-04-23 00:00:00.000
1745380800000,1.316e-05,2025-04-23 04:00:00.000
1745395200002,-0.00042694,2025-04-23 08:00:00.002
1745409600005,-0.00028327,2025-04-23 12:00:00.005
1745424000000,5e-05,2025-04-23 16:00:00.000
1745438400001,5e-05,2025-04-23 20:00:00.001
1745452800000,5e-05,2025-04-24 00:00:00.000
1745467200003,3.371e-05,2025-04-24 04:00:00.003
1745481600001,5e-05,2025-04-24 08:00:00.001
1745496000001,-0.00012014,2025-04-24 12:00:00.001
1745510400001,-0.0001671,2025-04-24 16:00:00.001
1745524800006,-0.0002311,2025-04-24 20:00:00.006
1745539200007,-0.00019157,2025-04-25 00:00:00.007
1745553600001,5e-05,2025-04-25 04:00:00.001
1745568000002,5e-05,2025-04-25 08:00:00.002
1745582400000,5e-05,2025-04-25 12:00:00.000
1745596800003,-0.00084559,2025-04-25 16:00:00.003
1745611200001,-6.349e-05,2025-04-25 20:00:00.001
1745625600002,-7.463e-05,2025-04-26 00:00:00.002
1745640000001,-6.647e-05,2025-04-26 04:00:00.001
1745654400000,5e-05,2025-04-26 08:00:00.000
1745668800000,5e-05,2025-04-26 12:00:00.000
1745683200002,5e-05,2025-04-26 16:00:00.002
1745697600000,5e-05,2025-04-26 20:00:00.000
1745712000001,5e-05,2025-04-27 00:00:00.001
1745726400001,-0.00031097,2025-04-27 04:00:00.001
1745740800000,-0.00059097,2025-04-27 08:00:00.000
1745755200000,-7.377e-05,2025-04-27 12:00:00.000
1745769600000,-0.00030592,2025-04-27 16:00:00.000
1745784000003,-0.00020851,2025-04-27 20:00:00.003
1745798400001,5e-05,2025-04-28 00:00:00.001
1745812800001,-9.915e-05,2025-04-28 04:00:00.001
1745827200003,-0.00045181,2025-04-28 08:00:00.003
1745841600000,-5.59e-05,2025-04-28 12:00:00.000
1745856000005,-0.00014788,2025-04-28 16:00:00.005
1745870400002,-0.00033305,2025-04-28 20:00:00.002
1745884800000,-0.00021211,2025-04-29 00:00:00.000
1745899200000,-0.00060062,2025-04-29 04:00:00.000
1745913600000,-6.199e-05,2025-04-29 08:00:00.000
1745928000001,-0.00048373,2025-04-29 12:00:00.001
1745942400010,-0.00011169,2025-04-29 16:00:00.010
1745956800002,2.467e-05,2025-04-29 20:00:00.002
1745971200001,-0.00024265,2025-04-30 00:00:00.001
1745985600001,-1.185e-05,2025-04-30 04:00:00.001
1746000000000,7.6e-07,2025-04-30 08:00:00.000
1746014400001,2.947e-05,2025-04-30 12:00:00.001
1746028800003,-0.00010119,2025-04-30 16:00:00.003
1746043200002,1.867e-05,2025-04-30 20:00:00.002
1746057600000,5e-05,2025-05-01 00:00:00.000
1746072000008,-5.244e-05,2025-05-01 04:00:00.008
1746086400000,-0.00016955,2025-05-01 08:00:00.000
1746100800001,-0.00013161,2025-05-01 12:00:00.001
1746115200001,3.924e-05,2025-05-01 16:00:00.001
1746129600000,5e-05,2025-05-01 20:00:00.000
1746144000000,5e-05,2025-05-02 00:00:00.000
1746158400000,-0.00052241,2025-05-02 04:00:00.000
1746172800000,-0.00064428,2025-05-02 08:00:00.000
1746187200005,-0.00056332,2025-05-02 12:00:00.005
1746201600003,-0.00041024,2025-05-02 16:00:00.003
1746216000003,-0.00027949,2025-05-02 20:00:00.003
1746230400000,-0.00032777,2025-05-03 00:00:00.000
1746244800001,-0.0003017,2025-05-03 04:00:00.001
1746259200000,-0.00015155,2025-05-03 08:00:00.000
1746273600006,-7.22e-06,2025-05-03 12:00:00.006
1746288000000,-0.00060102,2025-05-03 16:00:00.000
1746302400000,-0.00025414,2025-05-03 20:00:00.000
1746316800001,-0.0006577,2025-05-04 00:00:00.001
1746331200004,-0.00052941,2025-05-04 04:00:00.004
1746345600001,-0.00092685,2025-05-04 08:00:00.001
1746360000006,-0.00066901,2025-05-04 12:00:00.006
1746374400002,-0.00071369,2025-05-04 16:00:00.002
1746388800000,-0.00056496,2025-05-04 20:00:00.000
1746403200000,-0.0006052,2025-05-05 00:00:00.000
1746417600000,-0.00049981,2025-05-05 04:00:00.000
1746432000000,-0.00041515,2025-05-05 08:00:00.000
1746446400000,-0.00018992,2025-05-05 12:00:00.000
1746460800006,-6.692e-05,2025-05-05 16:00:00.006
1746475200000,-0.00066456,2025-05-05 20:00:00.000
1746489600002,-0.00038032,2025-05-06 00:00:00.002
1746504000000,-0.00063797,2025-05-06 04:00:00.000
1746518400005,-0.00051337,2025-05-06 08:00:00.005
1746532800000,-0.00013706,2025-05-06 12:00:00.000
1746547200000,-0.00057772,2025-05-06 16:00:00.000
1746561600000,-0.00042256,2025-05-06 20:00:00.000
1746576000002,-3.618e-05,2025-05-07 00:00:00.002
1746590400004,-0.00051614,2025-05-07 04:00:00.004
1746604800000,-0.00027675,2025-05-07 08:00:00.000
1746619200000,-0.00058369,2025-05-07 12:00:00.000
1746633600006,-0.00041582,2025-05-07 16:00:00.006
1746648000000,-0.00015713,2025-05-07 20:00:00.000
1746662400000,-6.26e-05,2025-05-08 00:00:00.000
1746676800005,-0.00017708,2025-05-08 04:00:00.005
1746691200001,3.821e-05,2025-05-08 08:00:00.001
1746705600000,5e-05,2025-05-08 12:00:00.000
1746720000002,-3.12e-06,2025-05-08 16:00:00.002
1746734400006,5e-05,2025-05-08 20:00:00.006
1746748800001,5e-05,2025-05-09 00:00:00.001
1746763200000,5e-05,2025-05-09 04:00:00.000
1746777600006,5e-05,2025-05-09 08:00:00.006
1746792000000,5e-05,2025-05-09 12:00:00.000
1746806400000,5e-05,2025-05-09 16:00:00.000
1746820800000,5e-05,2025-05-09 20:00:00.000
1746835200001,5e-05,2025-05-10 00:00:00.001
1746849600003,5e-05,2025-05-10 04:00:00.003
1746864000000,5e-05,2025-05-10 08:00:00.000
1746878400000,5e-05,2025-05-10 12:00:00.000
1746892800001,5e-05,2025-05-10 16:00:00.001
1746907200000,5e-05,2025-05-10 20:00:00.000
1746921600000,5e-05,2025-05-11 00:00:00.000
1746936000000,5e-05,2025-05-11 04:00:00.000
1746950400001,5e-05,2025-05-11 08:00:00.001
1746964800001,5e-05,2025-05-11 12:00:00.001
1746979200001,5e-05,2025-05-11 16:00:00.001
1746993600000,5e-05,2025-05-11 20:00:00.000
1747008000004,5e-05,2025-05-12 00:00:00.004
1747022400003,5e-05,2025-05-12 04:00:00.003
1747036800000,5e-05,2025-05-12 08:00:00.000
1747051200000,5e-05,2025-05-12 12:00:00.000
1747065600000,5e-05,2025-05-12 16:00:00.000
1747080000004,5e-05,2025-05-12 20:00:00.004
1747094400000,5e-05,2025-05-13 00:00:00.000
1747108800000,5e-05,2025-05-13 04:00:00.000
1747123200008,5e-05,2025-05-13 08:00:00.008
1747137600000,5e-05,2025-05-13 12:00:00.000
1747152000001,5e-05,2025-05-13 16:00:00.001
1747166400006,5e-05,2025-05-13 20:00:00.006
1747180800007,5e-05,2025-05-14 00:00:00.007
1747195200000,5e-05,2025-05-14 04:00:00.000
1747209600000,-2.097e-05,2025-05-14 08:00:00.000
1747224000000,4.693e-05,2025-05-14 12:00:00.000
1747238400002,3.601e-05,2025-05-14 16:00:00.002
1747252800007,-4.122e-05,2025-05-14 20:00:00.007
1747267200000,5e-05,2025-05-15 00:00:00.000
1747281600000,2.01e-06,2025-05-15 04:00:00.000
1747296000003,5e-05,2025-05-15 08:00:00.003
1747310400000,-0.00011131,2025-05-15 12:00:00.000
1747324800000,-4.96e-05,2025-05-15 16:00:00.000
1747339200001,2.82e-06,2025-05-15 20:00:00.001
1747353600001,-0.00036721,2025-05-16 00:00:00.001
1747368000001,-0.00044223,2025-05-16 04:00:00.001
1747382400000,-0.00048117,2025-05-16 08:00:00.000
1747396800006,-0.00026176,2025-05-16 12:00:00.006
1747411200000,-0.00024045,2025-05-16 16:00:00.000
1747425600002,-7.582e-05,2025-05-16 20:00:00.002
1747440000000,-0.00049898,2025-05-17 00:00:00.000
1747454400000,-0.00046976,2025-05-17 04:00:00.000
1747468800001,-0.00062739,2025-05-17 08:00:00.001
1747483200002,-0.00031814,2025-05-17 12:00:00.002
1747497600004,-0.00066067,2025-05-17 16:00:00.004
1747512000003,-0.00024434,2025-05-17 20:00:00.003
1747526400000,-0.00030009,2025-05-18 00:00:00.000
1747540800003,-0.0003368,2025-05-18 04:00:00.003
1747555200000,-0.00051525,2025-05-18 08:00:00.000
1747569600010,-0.00062776,2025-05-18 12:00:00.010
1747584000000,-0.00027262,2025-05-18 16:00:00.000
1747598400001,-8.717e-05,2025-05-18 20:00:00.001
1747612800000,-0.00049068,2025-05-19 00:00:00.000
1747627200004,-0.00056159,2025-05-19 04:00:00.004
1747641600006,-0.00036361,2025-05-19 08:00:00.006
1747656000000,-0.00040868,2025-05-19 12:00:00.000
1747670400010,-0.00020037,2025-05-19 16:00:00.010
1747684800000,-0.00014374,2025-05-19 20:00:00.000
1747699200000,-2.165e-05,2025-05-20 00:00:00.000
1747713600000,-7.186e-05,2025-05-20 04:00:00.000
1747728000002,4.462e-05,2025-05-20 08:00:00.002
1747742400003,-0.00036826,2025-05-20 12:00:00.003
1747756800000,-0.00021747,2025-05-20 16:00:00.000
1747771200000,-0.00010271,2025-05-20 20:00:00.000
1747785600000,-4.474e-05,2025-05-21 00:00:00.000
1747800000000,-0.00041656,2025-05-21 04:00:00.000
1747814400001,3.878e-05,2025-05-21 08:00:00.001
1747828800007,5e-05,2025-05-21 12:00:00.007
1747843200004,-0.00013119,2025-05-21 16:00:00.004
1747857600001,2.93e-05,2025-05-21 20:00:00.001
1747872000001,-8.33e-06,2025-05-22 00:00:00.001
1747886400000,-0.00017072,2025-05-22 04:00:00.000
1747900800000,5e-05,2025-05-22 08:00:00.000
1747915200000,5e-05,2025-05-22 12:00:00.000
1747929600002,5e-05,2025-05-22 16:00:00.002
1747944000001,5e-05,2025-05-22 20:00:00.001
1747958400006,5e-05,2025-05-23 00:00:00.006
1747972800000,5e-05,2025-05-23 04:00:00.000
1747987200000,5e-05,2025-05-23 08:00:00.000
1748001600003,5e-05,2025-05-23 12:00:00.003
1748016000007,5e-05,2025-05-23 16:00:00.007
1748030400006,5e-05,2025-05-23 20:00:00.006
1748044800010,5e-05,2025-05-24 00:00:00.010
1748059200000,1.523e-05,2025-05-24 04:00:00.000
1748073600000,3.269e-05,2025-05-24 08:00:00.000
1748088000007,-1.125e-05,2025-05-24 12:00:00.007
1748102400003,2.206e-05,2025-05-24 16:00:00.003
1748116800000,-1.486e-05,2025-05-24 20:00:00.000
1748131200004,-0.00015887,2025-05-25 00:00:00.004
1748145600001,9.67e-06,2025-05-25 04:00:00.001
1748160000000,7.6e-06,2025-05-25 08:00:00.000
1748174400000,-0.00038683,2025-05-25 12:00:00.000
1748188800000,-0.00015972,2025-05-25 16:00:00.000
1748203200010,-0.00018332,2025-05-25 20:00:00.010
1748217600000,-7.363e-05,2025-05-26 00:00:00.000
1748232000000,5e-05,2025-05-26 04:00:00.000
1748246400000,-0.00010174,2025-05-26 08:00:00.000
1748260800000,5e-05,2025-05-26 12:00:00.000
1748275200002,2.322e-05,2025-05-26 16:00:00.002
1748289600000,-8.248e-05,2025-05-26 20:00:00.000
1748304000003,-0.00029332,2025-05-27 00:00:00.003
1748318400000,1.557e-05,2025-05-27 04:00:00.000
1748332800001,2.024e-05,2025-05-27 08:00:00.001
1748347200005,5e-05,2025-05-27 12:00:00.005
1748361600005,-0.00025031,2025-05-27 16:00:00.005
1748376000005,-0.00011642,2025-05-27 20:00:00.005
1748390400002,-0.00028317,2025-05-28 00:00:00.002
1748404800010,-9.79e-06,2025-05-28 04:00:00.010
1748419200003,-0.00021236,2025-05-28 08:00:00.003
1748433600000,-0.00024485,2025-05-28 12:00:00.000
1748448000002,-0.00028108,2025-05-28 16:00:00.002
1748462400000,-0.00023614,2025-05-28 20:00:00.000
1748476800000,-0.00012946,2025-05-29 00:00:00.000
1748491200000,-5.165e-05,2025-05-29 04:00:00.000
1748505600006,-0.00014663,2025-05-29 08:00:00.006
1748520000001,-7.682e-05,2025-05-29 12:00:00.001
1748534400000,-0.00020067,2025-05-29 16:00:00.000
1748548800010,-0.00010983,2025-05-29 20:00:00.010
1748563200003,-0.00018675,2025-05-30 00:00:00.003
1748577600000,-0.00034125,2025-05-30 04:00:00.000
1748592000003,-0.00030517,2025-05-30 08:00:00.003
1748606400006,-0.00049373,2025-05-30 12:00:00.006
1748620800000,-0.00028657,2025-05-30 16:00:00.000
1748635200005,-0.00011136,2025-05-30 20:00:00.005
1748649600000,-0.00071246,2025-05-31 00:00:00.000
1748664000004,-0.00082841,2025-05-31 04:00:00.004
1748678400000,-0.00039644,2025-05-31 08:00:00.000
1748692800000,-0.0002424,2025-05-31 12:00:00.000
1748707200000,-0.00091159,2025-05-31 16:00:00.000
1748721600004,-0.00018322,2025-05-31 20:00:00.004
1748736000001,-9.167e-05,2025-06-01 00:00:00.001
1748750400001,-6.986e-05,2025-06-01 04:00:00.001
1748764800002,-5.682e-05,2025-06-01 08:00:00.002
1748779200008,-0.00013093,2025-06-01 12:00:00.008
1748793600000,-0.00042686,2025-06-01 16:00:00.000
1748808000003,-0.00016272,2025-06-01 20:00:00.003
1748822400001,-0.00055569,2025-06-02 00:00:00.001
1748836800004,-0.0002405,2025-06-02 04:00:00.004
1748851200000,-0.00045051,2025-06-02 08:00:00.000
1748865600002,-0.00012559,2025-06-02 12:00:00.002
1748880000000,4.519e-05,2025-06-02 16:00:00.000
1748894400002,-0.00021055,2025-06-02 20:00:00.002
1748908800000,-0.00028395,2025-06-03 00:00:00.000
1748923200001,-0.00011134,2025-06-03 04:00:00.001
1748937600000,-0.00021305,2025-06-03 08:00:00.000
1748952000000,-0.0001435,2025-06-03 12:00:00.000
1748966400001,-0.00020473,2025-06-03 16:00:00.001
1748980800000,-9.666e-05,2025-06-03 20:00:00.000
1748995200000,-0.00037562,2025-06-04 00:00:00.000
1749009600001,-0.00022133,2025-06-04 04:00:00.001
1749024000000,2.53e-06,2025-06-04 08:00:00.000
1749038400000,-0.00027147,2025-06-04 12:00:00.000
1749052800000,-0.00040091,2025-06-04 16:00:00.000
1749067200001,-0.00015161,2025-06-04 20:00:00.001
1749081600016,-5.483e-05,2025-06-05 00:00:00.016
1749096000001,-0.00017919,2025-06-05 04:00:00.001
1749110400000,-0.00013006,2025-06-05 08:00:00.000
1749124800003,3.33e-06,2025-06-05 12:00:00.003
1749139200000,-0.00021782,2025-06-05 16:00:00.000
1749153600002,-0.0001828,2025-06-05 20:00:00.002
1749168000002,-0.00027343,2025-06-06 00:00:00.002
1749182400000,-2.474e-05,2025-06-06 04:00:00.000
1749196800000,-0.00017428,2025-06-06 08:00:00.000
1749211200002,-9.721e-05,2025-06-06 12:00:00.002
1749225600006,5e-05,2025-06-06 16:00:00.006
1749240000000,-0.00020198,2025-06-06 20:00:00.000
1749254400000,-0.00025895,2025-06-07 00:00:00.000
1749268800000,-9.729e-05,2025-06-07 04:00:00.000
1749283200000,-0.00011335,2025-06-07 08:00:00.000
1749297600000,-0.00013637,2025-06-07 12:00:00.000
1749312000002,6.58e-06,2025-06-07 16:00:00.002
1749326400002,1.164e-05,2025-06-07 20:00:00.002
1749340800000,-9.352e-05,2025-06-08 00:00:00.000
1749355200000,3.158e-05,2025-06-08 04:00:00.000
1749369600000,-8.044e-05,2025-06-08 08:00:00.000
1749384000020,-5.06e-06,2025-06-08 12:00:00.020
1749398400000,-1.263e-05,2025-06-08 16:00:00.000
1749412800001,-9.849e-05,2025-06-08 20:00:00.001
1749427200000,-1.805e-05,2025-06-09 00:00:00.000
1749441600003,1.971e-05,2025-06-09 04:00:00.003
1749456000001,-4.084e-05,2025-06-09 08:00:00.001
1749470400000,-0.00015618,2025-06-09 12:00:00.000
1749484800001,-0.00032057,2025-06-09 16:00:00.001
1749499200012,-3.253e-05,2025-06-09 20:00:00.012
1749513600000,3.925e-05,2025-06-10 00:00:00.000
1749528000000,2.657e-05,2025-06-10 04:00:00.000
1749542400001,5e-05,2025-06-10 08:00:00.001
1749556800005,5e-05,2025-06-10 12:00:00.005
1749571200003,5e-05,2025-06-10 16:00:00.003
1749585600010,3.011e-05,2025-06-10 20:00:00.010
1749600000000,5e-05,2025-06-11 00:00:00.000
1749614400006,5e-05,2025-06-11 04:00:00.006
1749628800000,5e-05,2025-06-11 08:00:00.000
1749643200007,5e-05,2025-06-11 12:00:00.007
1749657600010,5e-05,2025-06-11 16:00:00.010
1749672000012,5e-05,2025-06-11 20:00:00.012
1749686400002,-0.00010995,2025-06-12 00:00:00.002
1749700800000,-8.354e-05,2025-06-12 04:00:00.000
1749715200003,-9.542e-05,2025-06-12 08:00:00.003
1749729600001,2.613e-05,2025-06-12 12:00:00.001
1749744000001,-5.093e-05,2025-06-12 16:00:00.001
1749758400003,-0.00012772,2025-06-12 20:00:00.003
1749772800000,-0.00026847,2025-06-13 00:00:00.000
1749787200002,-0.00015276,2025-06-13 04:00:00.002
1749801600001,-0.00029036,2025-06-13 08:00:00.001
1749816000000,-0.00032812,2025-06-13 12:00:00.000
1749830400004,-0.00015387,2025-06-13 16:00:00.004
1749844800001,-0.00017209,2025-06-13 20:00:00.001
1749859200000,-0.0003717,2025-06-14 00:00:00.000
1749873600000,-0.0002907,2025-06-14 04:00:00.000
1749888000000,-0.00010358,2025-06-14 08:00:00.000
1749902400007,-5.72e-05,2025-06-14 12:00:00.007
1749916800000,-0.00021349,2025-06-14 16:00:00.000
1749931200005,-0.00044719,2025-06-14 20:00:00.005
1749945600005,-0.00058875,2025-06-15 00:00:00.005
1749960000004,-0.00010479,2025-06-15 04:00:00.004
1749974400009,-7.547e-05,2025-06-15 08:00:00.009
1749988800000,2.993e-05,2025-06-15 12:00:00.000
1750003200000,-6.681e-05,2025-06-15 16:00:00.000
1750017600000,-0.00015175,2025-06-15 20:00:00.000
1750032000000,-7.674e-05,2025-06-16 00:00:00.000
1750046400009,-0.00031883,2025-06-16 04:00:00.009
1750060800000,-0.00027945,2025-06-16 08:00:00.000
1750075200000,5e-05,2025-06-16 12:00:00.000
1750089600003,5e-05,2025-06-16 16:00:00.003
1750104000000,5e-05,2025-06-16 20:00:00.000
1750118400000,-9.63e-06,2025-06-17 00:00:00.000
1750132800000,-3.713e-05,2025-06-17 04:00:00.000
1750147200006,-0.00011087,2025-06-17 08:00:00.006
1750161600001,-0.00017103,2025-06-17 12:00:00.001
1750176000001,-0.00011344,2025-06-17 16:00:00.001
1750190400000,-4.059e-05,2025-06-17 20:00:00.000
1750204800001,-0.00022196,2025-06-18 00:00:00.001
1750219200001,-8.18e-05,2025-06-18 04:00:00.001
1750233600001,-1.469e-05,2025-06-18 08:00:00.001
1750248000003,-0.00032861,2025-06-18 12:00:00.003
1750262400001,-0.00034115,2025-06-18 16:00:00.001
1750276800000,-0.00026179,2025-06-18 20:00:00.000
1750291200005,-0.00011041,2025-06-19 00:00:00.005
1750305600005,-0.00023536,2025-06-19 04:00:00.005
1750320000003,-0.00046899,2025-06-19 08:00:00.003
1750334400000,-0.00020216,2025-06-19 12:00:00.000
1750348800000,-0.00011094,2025-06-19 16:00:00.000
1750363200000,-0.00039289,2025-06-19 20:00:00.000
1750377600000,-0.00040173,2025-06-20 00:00:00.000
1750392000017,-0.00037962,2025-06-20 04:00:00.017
1750406400002,-0.0001147,2025-06-20 08:00:00.002
1750420800002,-0.00015516,2025-06-20 12:00:00.002
1750435200001,-0.00040778,2025-06-20 16:00:00.001
1750449600000,-0.00033038,2025-06-20 20:00:00.000
1750464000002,-0.00072605,2025-06-21 00:00:00.002
1750478400003,-0.00016762,2025-06-21 04:00:00.003
1750492800005,-0.00020173,2025-06-21 08:00:00.005
1750507200000,-0.00021572,2025-06-21 12:00:00.000
1750521600000,-0.0006498,2025-06-21 16:00:00.000
1750536000002,-0.00055825,2025-06-21 20:00:00.002
1750550400005,-0.00051549,2025-06-22 00:00:00.005
1750564800000,-0.00034379,2025-06-22 04:00:00.000
1750579200000,-0.00023266,2025-06-22 08:00:00.000
1750593600003,-0.0004447,2025-06-22 12:00:00.003
1750608000003,-0.00044932,2025-06-22 16:00:00.003
1750622400005,-0.00042758,2025-06-22 20:00:00.005
1750636800000,-0.0005772,2025-06-23 00:00:00.000
1750651200007,-0.0006304,2025-06-23 04:00:00.007
1750665600004,-0.00071183,2025-06-23 08:00:00.004
1750680000001,-0.00043628,2025-06-23 12:00:00.001
1750694400013,-0.00040323,2025-06-23 16:00:00.013
1750708800000,-0.00019677,2025-06-23 20:00:00.000
1750723200003,3.797e-05,2025-06-24 00:00:00.003
1750737600001,-0.00026216,2025-06-24 04:00:00.001
1750752000000,3.077e-05,2025-06-24 08:00:00.000
1750766400001,-0.00021757,2025-06-24 12:00:00.001
1750780800000,-0.00021388,2025-06-24 16:00:00.000
1750795200000,-3.521e-05,2025-06-24 20:00:00.000
1750809600005,5e-05,2025-06-25 00:00:00.005
1750824000000,1.201e-05,2025-06-25 04:00:00.000
1750838400000,-0.00021356,2025-06-25 08:00:00.000
1750852800003,-0.00034498,2025-06-25 12:00:00.003
1750867200005,-0.00034139,2025-06-25 16:00:00.005
1750881600002,-0.00041609,2025-06-25 20:00:00.002
1750896000000,-0.00031467,2025-06-26 00:00:00.000
1750910400000,-0.00046238,2025-06-26 04:00:00.000
1750924800006,-0.00036299,2025-06-26 08:00:00.006
1750939200005,-0.00028867,2025-06-26 12:00:00.005
1750953600007,-7.216e-05,2025-06-26 16:00:00.007
1750968000000,-0.0001936,2025-06-26 20:00:00.000
1750982400000,-0.00014443,2025-06-27 00:00:00.000
1750996800001,-0.00023342,2025-06-27 04:00:00.001
1751011200000,-0.00027943,2025-06-27 08:00:00.000
1751025600003,-0.00010044,2025-06-27 12:00:00.003
1751040000009,-0.00047176,2025-06-27 16:00:00.009
1751054400002,-0.00051971,2025-06-27 20:00:00.002
1751068800001,-0.00054278,2025-06-28 00:00:00.001
1751083200000,-7.078e-05,2025-06-28 04:00:00.000
1751097600002,-0.0002874,2025-06-28 08:00:00.002
1751112000000,-0.00018541,2025-06-28 12:00:00.000
1751126400000,-0.00022604,2025-06-28 16:00:00.000
1751140800007,-0.00028822,2025-06-28 20:00:00.007
1751155200004,-5.454e-05,2025-06-29 00:00:00.004
1751169600003,-0.00031044,2025-06-29 04:00:00.003
1751184000001,-0.00021947,2025-06-29 08:00:00.001
1751198400003,-0.00013088,2025-06-29 12:00:00.003
1751212800001,-9.25e-05,2025-06-29 16:00:00.001
1751227200003,5e-05,2025-06-29 20:00:00.003
1751241600000,5e-05,2025-06-30 00:00:00.000
1751256000003,5e-05,2025-06-30 04:00:00.003
1751270400005,5e-05,2025-06-30 08:00:00.005
1751284800000,-6.026e-05,2025-06-30 12:00:00.000
1751299200002,1.953e-05,2025-06-30 16:00:00.002
1751313600000,-1.818e-05,2025-06-30 20:00:00.000
1751328000007,5e-05,2025-07-01 00:00:00.007
1751342400000,-0.00013907,2025-07-01 04:00:00.000
1751356800002,-9.969e-05,2025-07-01 08:00:00.002
1751371200000,-0.00024466,2025-07-01 12:00:00.000
1751385600000,-0.00030953,2025-07-01 16:00:00.000
1751400000000,-0.00029381,2025-07-01 20:00:00.000
1751414400001,-0.00015044,2025-07-02 00:00:00.001
1751428800001,-8.785e-05,2025-07-02 04:00:00.001
1751443200000,5e-05,2025-07-02 08:00:00.000
1751457600001,2.511e-05,2025-07-02 12:00:00.001
1751472000003,-7.304e-05,2025-07-02 16:00:00.003
1751486400000,5e-05,2025-07-02 20:00:00.000
1751500800006,5e-05,2025-07-03 00:00:00.006
1751515200002,6.57e-06,2025-07-03 04:00:00.002
1751529600003,5e-05,2025-07-03 08:00:00.003
1751544000001,5e-05,2025-07-03 12:00:00.001
1751558400003,-0.00012948,2025-07-03 16:00:00.003
1751572800000,5e-05,2025-07-03 20:00:00.000
1751587200005,8.16e-06,2025-07-04 00:00:00.005
1751601600002,-6.299e-05,2025-07-04 04:00:00.002
1751616000003,-4.629e-05,2025-07-04 08:00:00.003
1751630400000,-5.752e-05,2025-07-04 12:00:00.000
1751644800001,-0.00034302,2025-07-04 16:00:00.001
1751659200000,-0.00067082,2025-07-04 20:00:00.000
1751673600004,-0.00038498,2025-07-05 00:00:00.004
1751688000005,-0.00017719,2025-07-05 04:00:00.005
1751702400009,-0.00027712,2025-07-05 08:00:00.009
1751716800000,-0.00032434,2025-07-05 12:00:00.000
1751731200006,-0.00040276,2025-07-05 16:00:00.006
1751745600000,-0.00025941,2025-07-05 20:00:00.000
1751760000001,-0.00010259,2025-07-06 00:00:00.001
1751774400000,-0.00037564,2025-07-06 04:00:00.000
1751788800002,-0.00031706,2025-07-06 08:00:00.002
1751803200001,5e-05,2025-07-06 12:00:00.001
1751817600004,5e-05,2025-07-06 16:00:00.004
1751832000006,5e-05,2025-07-06 20:00:00.006
1751846400000,5e-05,2025-07-07 00:00:00.000
1751860800000,5e-05,2025-07-07 04:00:00.000
1751875200007,5e-05,2025-07-07 08:00:00.007
1751889600000,5e-05,2025-07-07 12:00:00.000
1751904000000,5e-05,2025-07-07 16:00:00.000
1751918400013,5e-05,2025-07-07 20:00:00.013
1751932800010,5e-05,2025-07-08 00:00:00.010
1751947200000,-8.972e-05,2025-07-08 04:00:00.000
1751961600003,5e-05,2025-07-08 08:00:00.003
1751976000004,5e-05,2025-07-08 12:00:00.004
1751990400000,2.91e-06,2025-07-08 16:00:00.000
1752004800002,5e-05,2025-07-08 20:00:00.002
1752019200002,5e-05,2025-07-09 00:00:00.002
1752033600010,5e-05,2025-07-09 04:00:00.010
1752048000006,5e-05,2025-07-09 08:00:00.006
1752062400000,5e-05,2025-07-09 12:00:00.000
1752076800001,5e-05,2025-07-09 16:00:00.001
1752091200007,5e-05,2025-07-09 20:00:00.007
1752105600003,5e-05,2025-07-10 00:00:00.003
1752120000001,5e-05,2025-07-10 04:00:00.001
1752134400000,5e-05,2025-07-10 08:00:00.000
1752148800001,5e-05,2025-07-10 12:00:00.001
1752163200004,5e-05,2025-07-10 16:00:00.004
1752177600000,5e-05,2025-07-10 20:00:00.000
1752192000004,5e-05,2025-07-11 00:00:00.004
1752206400001,5e-05,2025-07-11 04:00:00.001
1752220800007,5e-05,2025-07-11 08:00:00.007
1752235200000,5e-05,2025-07-11 12:00:00.000
1752249600001,5e-05,2025-07-11 16:00:00.001
1752264000006,5e-05,2025-07-11 20:00:00.006
1752278400000,5e-05,2025-07-12 00:00:00.000
1752292800005,5e-05,2025-07-12 04:00:00.005
1752307200001,5e-05,2025-07-12 08:00:00.001
1752321600007,5e-05,2025-07-12 12:00:00.007
1752336000002,5e-05,2025-07-12 16:00:00.002
1752350400003,5e-05,2025-07-12 20:00:00.003
1752364800006,5e-05,2025-07-13 00:00:00.006
1752379200001,5e-05,2025-07-13 04:00:00.001
1752393600001,5e-05,2025-07-13 08:00:00.001
1752408000003,5e-05,2025-07-13 12:00:00.003
1752422400003,5e-05,2025-07-13 16:00:00.003
1752436800008,5e-05,2025-07-13 20:00:00.008
1752451200000,5e-05,2025-07-14 00:00:00.000
1752465600000,5e-05,2025-07-14 04:00:00.000
1752480000000,5e-05,2025-07-14 08:00:00.000
1752494400001,-0.0002406,2025-07-14 12:00:00.001
1752508800000,5e-05,2025-07-14 16:00:00.000
1752523200003,-0.00013694,2025-07-14 20:00:00.003
1752537600002,-9.371e-05,2025-07-15 00:00:00.002
1752552000008,5e-05,2025-07-15 04:00:00.008
1752566400000,5e-05,2025-07-15 08:00:00.000
1752580800000,2.903e-05,2025-07-15 12:00:00.000
1752595200000,-0.00047316,2025-07-15 16:00:00.000
1752609600005,-0.00037847,2025-07-15 20:00:00.005
1752624000000,-0.00011034,2025-07-16 00:00:00.000
1752638400000,-0.00013523,2025-07-16 04:00:00.000
1752652800000,4.383e-05,2025-07-16 08:00:00.000
1752667200005,1.457e-05,2025-07-16 12:00:00.005
1752681600008,5e-05,2025-07-16 16:00:00.008
1752696000000,5e-05,2025-07-16 20:00:00.000
1752710400003,5e-05,2025-07-17 00:00:00.003
1752724800000,5e-05,2025-07-17 04:00:00.000
1752739200000,5e-05,2025-07-17 08:00:00.000
1752753600000,5e-05,2025-07-17 12:00:00.000
1752768000000,5e-05,2025-07-17 16:00:00.000
1752782400000,5e-05,2025-07-17 20:00:00.000
1752796800004,5e-05,2025-07-18 00:00:00.004
1752811200000,5e-05,2025-07-18 04:00:00.000
1752825600000,5e-05,2025-07-18 08:00:00.000
1752840000000,5e-05,2025-07-18 12:00:00.000
1752854400000,-0.00012957,2025-07-18 16:00:00.000
1752868800010,-0.00025486,2025-07-18 20:00:00.010
1752883200009,-4.807e-05,2025-07-19 00:00:00.009
1752897600000,1.721e-05,2025-07-19 04:00:00.000
1752912000000,5e-05,2025-07-19 08:00:00.000
1752926400000,5e-05,2025-07-19 12:00:00.000
1752940800002,5e-05,2025-07-19 16:00:00.002
1752955200002,5e-05,2025-07-19 20:00:00.002
1752969600000,5e-05,2025-07-20 00:00:00.000
1752984000007,5e-05,2025-07-20 04:00:00.007
1752998400000,5e-05,2025-07-20 08:00:00.000
1753012800003,5e-05,2025-07-20 12:00:00.003
1753027200000,5e-05,2025-07-20 16:00:00.000
1753041600013,5e-05,2025-07-20 20:00:00.013
1753056000001,5e-05,2025-07-21 00:00:00.001
1753070400001,5e-05,2025-07-21 04:00:00.001
1753084800000,5e-05,2025-07-21 08:00:00.000
1753099200001,5e-05,2025-07-21 12:00:00.001
1753113600001,5e-05,2025-07-21 16:00:00.001
1753128000003,5e-05,2025-07-21 20:00:00.003
1753142400000,5e-05,2025-07-22 00:00:00.000
1753156800001,5e-05,2025-07-22 04:00:00.001
1753171200010,5e-05,2025-07-22 08:00:00.010
1753185600001,5e-05,2025-07-22 12:00:00.001
1753200000007,5e-05,2025-07-22 16:00:00.007
1753214400001,5e-05,2025-07-22 20:00:00.001
1753228800000,5e-05,2025-07-23 00:00:00.000
1753243200010,5e-05,2025-07-23 04:00:00.010
1753257600004,5e-05,2025-07-23 08:00:00.004
1753272000002,5e-05,2025-07-23 12:00:00.002
1753286400002,5e-05,2025-07-23 16:00:00.002
1753300800005,5e-05,2025-07-23 20:00:00.005
1753315200000,5e-05,2025-07-24 00:00:00.000
1753329600001,5e-05,2025-07-24 04:00:00.001
1753344000001,5e-05,2025-07-24 08:00:00.001
1753358400000,5e-05,2025-07-24 12:00:00.000
1753372800000,5e-05,2025-07-24 16:00:00.000
1753387200001,5e-05,2025-07-24 20:00:00.001
1753401600000,1.588e-05,2025-07-25 00:00:00.000
1753416000001,5e-05,2025-07-25 04:00:00.001
1753430400000,4.503e-05,2025-07-25 08:00:00.000
1753444800000,5e-05,2025-07-25 12:00:00.000
1753459200000,6.98e-06,2025-07-25 16:00:00.000
1753473600000,5e-05,2025-07-25 20:00:00.000
1753488000001,5e-05,2025-07-26 00:00:00.001
1753502400001,5e-05,2025-07-26 04:00:00.001
1753516800005,5e-05,2025-07-26 08:00:00.005
1753531200004,5e-05,2025-07-26 12:00:00.004
1753545600001,5e-05,2025-07-26 16:00:00.001
1753560000000,5e-05,2025-07-26 20:00:00.000
1753574400001,5e-05,2025-07-27 00:00:00.001
1753588800000,5e-05,2025-07-27 04:00:00.000
1753603200000,5e-05,2025-07-27 08:00:00.000
1753617600000,5e-05,2025-07-27 12:00:00.000
1753632000008,5e-05,2025-07-27 16:00:00.008
1753646400002,5e-05,2025-07-27 20:00:00.002
1753660800005,5e-05,2025-07-28 00:00:00.005
1753675200001,5e-05,2025-07-28 04:00:00.001
1753689600000,5e-05,2025-07-28 08:00:00.000
1753704000000,5e-05,2025-07-28 12:00:00.000
1753718400000,5e-05,2025-07-28 16:00:00.000
1753732800005,5e-05,2025-07-28 20:00:00.005
1753747200001,-0.000114,2025-07-29 00:00:00.001
1753761600001,-0.00119274,2025-07-29 04:00:00.001
1753776000000,5e-05,2025-07-29 08:00:00.000
1753790400001,-0.00077653,2025-07-29 12:00:00.001
1753804800000,-0.00032418,2025-07-29 16:00:00.000
1753819200000,-0.00019667,2025-07-29 20:00:00.000
1753833600011,-0.00083637,2025-07-30 00:00:00.011
1753848000000,-0.00055656,2025-07-30 04:00:00.000
1753862400000,-0.00039006,2025-07-30 08:00:00.000
1753876800003,-0.00013045,2025-07-30 12:00:00.003
1753891200008,-0.00011339,2025-07-30 16:00:00.008
1753905600000,5e-05,2025-07-30 20:00:00.000
1753920000000,5e-05,2025-07-31 00:00:00.000
1753934400010,5e-05,2025-07-31 04:00:00.010
1753948800009,5e-05,2025-07-31 08:00:00.009
1753963200003,5e-05,2025-07-31 12:00:00.003
1753977600000,-0.00013759,2025-07-31 16:00:00.000
1753992000000,3.465e-05,2025-07-31 20:00:00.000
1754006400001,-6.879e-05,2025-08-01 00:00:00.001
1754020800000,-0.00012401,2025-08-01 04:00:00.000
1754035200003,-4.048e-05,2025-08-01 08:00:00.003
1754049600001,-0.00017287,2025-08-01 12:00:00.001
1754064000000,3.054e-05,2025-08-01 16:00:00.000
1754078400004,4.118e-05,2025-08-01 20:00:00.004
1754092800004,-0.00029693,2025-08-02 00:00:00.004
1754107200000,-0.00032237,2025-08-02 04:00:00.000
1754121600000,-0.0001238,2025-08-02 08:00:00.000
1754136000005,-0.00022609,2025-08-02 12:00:00.005
1754150400000,-7.592e-05,2025-08-02 16:00:00.000
1754164800001,-0.00022406,2025-08-02 20:00:00.001
1754179200000,-0.00067156,2025-08-03 00:00:00.000
1754193600000,-0.00032053,2025-08-03 04:00:00.000
1754208000000,-0.00037397,2025-08-03 08:00:00.000
1754222400001,-0.00034835,2025-08-03 12:00:00.001
1754236800003,-6.303e-05,2025-08-03 16:00:00.003
1754251200002,-0.00041415,2025-08-03 20:00:00.002
1754265600004,-0.00049224,2025-08-04 00:00:00.004
1754280000000,-0.00053427,2025-08-04 04:00:00.000
1754294400000,-9.005e-05,2025-08-04 08:00:00.000
1754308800006,-0.00019391,2025-08-04 12:00:00.006
1754323200002,-0.00035235,2025-08-04 16:00:00.002
1754337600007,-0.00010122,2025-08-04 20:00:00.007
1754352000000,5e-05,2025-08-05 00:00:00.000
1754366400000,-0.00023888,2025-08-05 04:00:00.000
1754380800000,-0.00013099,2025-08-05 08:00:00.000
1754395200004,5e-05,2025-08-05 12:00:00.004
1754409600000,-0.00011927,2025-08-05 16:00:00.000
1754424000003,-0.00010422,2025-08-05 20:00:00.003
1754438400005,-0.00014323,2025-08-06 00:00:00.005
1754452800000,-0.00027265,2025-08-06 04:00:00.000
1754467200000,-1.46e-06,2025-08-06 08:00:00.000
1754481600000,-0.00019772,2025-08-06 12:00:00.000
1754496000000,-0.00032024,2025-08-06 16:00:00.000
1754510400000,-0.0003174,2025-08-06 20:00:00.000
1754524800003,-0.0004698,2025-08-07 00:00:00.003
1754539200004,-2.415e-05,2025-08-07 04:00:00.004
1754553600002,-0.00011944,2025-08-07 08:00:00.002
1754568000001,-0.00116974,2025-08-07 12:00:00.001
1754582400002,-0.00107975,2025-08-07 16:00:00.002
1754596800001,5e-05,2025-08-07 20:00:00.001
1754611200002,5e-05,2025-08-08 00:00:00.002
1754625600010,5e-05,2025-08-08 04:00:00.010
1754640000004,5e-05,2025-08-08 08:00:00.004
1754654400003,5e-05,2025-08-08 12:00:00.003
1754668800000,5e-05,2025-08-08 16:00:00.000
1754683200004,5e-05,2025-08-08 20:00:00.004
1754697600005,5e-05,2025-08-09 00:00:00.005
1754712000015,5e-05,2025-08-09 04:00:00.015
1754726400000,5e-05,2025-08-09 08:00:00.000
1754740800003,5e-05,2025-08-09 12:00:00.003
1754755200007,5e-05,2025-08-09 16:00:00.007
1754769600000,5e-05,2025-08-09 20:00:00.000
1754784000003,5e-05,2025-08-10 00:00:00.003
1754798400006,5e-05,2025-08-10 04:00:00.006
1754812800005,5e-05,2025-08-10 08:00:00.005
1754827200006,5e-05,2025-08-10 12:00:00.006
1754841600002,5e-05,2025-08-10 16:00:00.002
1754856000000,5e-05,2025-08-10 20:00:00.000
1754870400000,5e-05,2025-08-11 00:00:00.000
1754884800000,5e-05,2025-08-11 04:00:00.000
1754899200000,5e-05,2025-08-11 08:00:00.000
1754913600000,5e-05,2025-08-11 12:00:00.000
1754928000000,5e-05,2025-08-11 16:00:00.000
1754942400000,5e-05,2025-08-11 20:00:00.000
1754956800000,4.336e-05,2025-08-12 00:00:00.000
1754971200001,2.908e-05,2025-08-12 04:00:00.001
1754985600001,5e-05,2025-08-12 08:00:00.001
1755000000000,5e-05,2025-08-12 12:00:00.000
1755014400005,5e-05,2025-08-12 16:00:00.005
1755028800000,5e-05,2025-08-12 20:00:00.000
1755043200000,5e-05,2025-08-13 00:00:00.000
1755057600000,5e-05,2025-08-13 04:00:00.000
1755072000002,5e-05,2025-08-13 08:00:00.002
1755086400000,5e-05,2025-08-13 12:00:00.000
1755100800006,5e-05,2025-08-13 16:00:00.006
1755115200001,5e-05,2025-08-13 20:00:00.001
1755129600002,5e-05,2025-08-14 00:00:00.002
1755144000009,5e-05,2025-08-14 04:00:00.009
1755158400003,5e-05,2025-08-14 08:00:00.003
1755172800001,5e-05,2025-08-14 12:00:00.001
1755187200000,5e-05,2025-08-14 16:00:00.000
1755201600002,5e-05,2025-08-14 20:00:00.002
1755216000000,5e-05,2025-08-15 00:00:00.000
1755230400000,5e-05,2025-08-15 04:00:00.000
1755244800000,4.763e-05,2025-08-15 08:00:00.000
1755259200001,5e-05,2025-08-15 12:00:00.001
1755273600000,5e-05,2025-08-15 16:00:00.000
1755288000007,5e-05,2025-08-15 20:00:00.007
1755302400004,5e-05,2025-08-16 00:00:00.004
1755316800000,5e-05,2025-08-16 04:00:00.000
1755331200000,5e-05,2025-08-16 08:00:00.000
1755345600004,5e-05,2025-08-16 12:00:00.004
1755360000002,5e-05,2025-08-16 16:00:00.002
1755374400006,2.75e-06,2025-08-16 20:00:00.006
1755388800000,5e-05,2025-08-17 00:00:00.000
1755403200000,4.799e-05,2025-08-17 04:00:00.000
1755417600001,2.4e-05,2025-08-17 08:00:00.001
1755432000002,-5.386e-05,2025-08-17 12:00:00.002
1755446400007,-4.233e-05,2025-08-17 16:00:00.007
1755460800001,-0.00073526,2025-08-17 20:00:00.001
1755475200000,-0.00012755,2025-08-18 00:00:00.000
1755489600010,-5.813e-05,2025-08-18 04:00:00.010
1755504000001,-0.00056862,2025-08-18 08:00:00.001
1755518400002,-0.00083345,2025-08-18 12:00:00.002
1755532800002,-0.00173187,2025-08-18 16:00:00.002
1755547200007,-0.00031556,2025-08-18 20:00:00.007
1755561600000,-0.00021688,2025-08-19 00:00:00.000
1755576000000,-0.00090646,2025-08-19 04:00:00.000
1755590400001,-0.00253873,2025-08-19 08:00:00.001
1755604800001,-0.00076915,2025-08-19 12:00:00.001
1755619200000,-0.00092051,2025-08-19 16:00:00.000
1755633600000,-0.00022881,2025-08-19 20:00:00.000
1755648000000,-0.00018579,2025-08-20 00:00:00.000
1755662400000,-0.00050404,2025-08-20 04:00:00.000
1755676800000,-0.0008143,2025-08-20 08:00:00.000
1755691200002,-0.00075283,2025-08-20 12:00:00.002
1755705600000,-0.00010889,2025-08-20 16:00:00.000
1755720000001,-0.00167958,2025-08-20 20:00:00.001
1755734400006,-0.00067702,2025-08-21 00:00:00.006
1755748800003,-0.00150895,2025-08-21 04:00:00.003
1755763200000,-0.00116635,2025-08-21 08:00:00.000
1755777600009,-0.00056344,2025-08-21 12:00:00.009
1755792000003,-0.00044179,2025-08-21 16:00:00.003
1755806400000,-0.00054314,2025-08-21 20:00:00.000
1755820800010,-0.00019876,2025-08-22 00:00:00.010
1755835200003,-0.00065065,2025-08-22 04:00:00.003
1755849600007,-0.0008453,2025-08-22 08:00:00.007
1755864000001,-0.00065703,2025-08-22 12:00:00.001
1755878400001,-0.00032513,2025-08-22 16:00:00.001
1755892800004,-6.054e-05,2025-08-22 20:00:00.004
1755907200004,5e-05,2025-08-23 00:00:00.004
1755921600000,5e-05,2025-08-23 04:00:00.000
1755936000006,-4.975e-05,2025-08-23 08:00:00.006
1755950400000,5e-05,2025-08-23 12:00:00.000
1755964800000,5e-05,2025-08-23 16:00:00.000
1755979200005,-8.825e-05,2025-08-23 20:00:00.005
1755993600001,-4.56e-06,2025-08-24 00:00:00.001
1756008000000,-0.0005552,2025-08-24 04:00:00.000
1756022400002,-0.00057289,2025-08-24 08:00:00.002
1756036800003,-0.00296564,2025-08-24 12:00:00.003
1756051200001,-0.00087507,2025-08-24 16:00:00.001
1756065600008,-0.00963221,2025-08-24 20:00:00.008
1756080000000,-0.00129855,2025-08-25 00:00:00.000
1756094400001,-0.00082387,2025-08-25 04:00:00.001
1756108800002,-0.00147242,2025-08-25 08:00:00.002
1756123200000,-0.0004607,2025-08-25 12:00:00.000
1756137600002,-0.00075352,2025-08-25 16:00:00.002
1756152000003,-0.00097253,2025-08-25 20:00:00.003
1756166400000,-0.00075354,2025-08-26 00:00:00.000
1756180800007,-0.00084811,2025-08-26 04:00:00.007
1756195200000,-0.00049386,2025-08-26 08:00:00.000
1756209600001,-0.00046248,2025-08-26 12:00:00.001
1756224000000,-0.00085755,2025-08-26 16:00:00.000
1756238400000,-0.00035894,2025-08-26 20:00:00.000
1756252800003,-6.71e-05,2025-08-27 00:00:00.003
1756267200000,-8.303e-05,2025-08-27 04:00:00.000
1756281600000,-0.00097941,2025-08-27 08:00:00.000
1756296000003,-0.00734055,2025-08-27 12:00:00.003
1756310400009,-0.01183128,2025-08-27 16:00:00.009
1756324800001,-0.01379679,2025-08-27 20:00:00.001
1756339200000,-0.00222687,2025-08-28 00:00:00.000
1756353600000,-0.00528935,2025-08-28 04:00:00.000
1756368000005,-0.0098621,2025-08-28 08:00:00.005
1756382400000,-0.00956721,2025-08-28 12:00:00.000
1756396800004,-0.00519754,2025-08-28 16:00:00.004
1756411200003,-0.00347198,2025-08-28 20:00:00.003
1756425600000,-0.00149205,2025-08-29 00:00:00.000
1756440000008,-0.00412066,2025-08-29 04:00:00.008
1756454400000,-0.00228943,2025-08-29 08:00:00.000
1756468800010,-0.00232958,2025-08-29 12:00:00.010
1756483200005,-0.00102566,2025-08-29 16:00:00.005
1756497600000,-0.00035562,2025-08-29 20:00:00.000
1756512000000,-0.000915,2025-08-30 00:00:00.000
1756526400000,-0.00067849,2025-08-30 04:00:00.000
1756540800002,-0.00068369,2025-08-30 08:00:00.002
1756555200006,-0.00415529,2025-08-30 12:00:00.006
1756569600003,-0.00214134,2025-08-30 16:00:00.003
1756584000000,-0.00058401,2025-08-30 20:00:00.000
1756598400016,-0.00184549,2025-08-31 00:00:00.016
1756612800000,-0.00167291,2025-08-31 04:00:00.000
1756627200000,-0.00130794,2025-08-31 08:00:00.000
1756641600003,-0.0030974,2025-08-31 12:00:00.003
1756656000001,-0.00315314,2025-08-31 16:00:00.001
1756670400000,-0.00153075,2025-08-31 20:00:00.000
1756684800000,-0.00076856,2025-09-01 00:00:00.000
1756699200005,-0.00089841,2025-09-01 04:00:00.005
1756713600000,-0.00056992,2025-09-01 08:00:00.000
1756728000014,-0.00067911,2025-09-01 12:00:00.014
1756742400001,-6.027e-05,2025-09-01 16:00:00.001
1756756800008,-4.936e-05,2025-09-01 20:00:00.008
1756771200000,-7.284e-05,2025-09-02 00:00:00.000
1756785600009,-0.00051437,2025-09-02 04:00:00.009
1756800000005,-0.00042394,2025-09-02 08:00:00.005
1756814400003,-0.00011232,2025-09-02 12:00:00.003
1756828800007,-0.00047574,2025-09-02 16:00:00.007
1756843200001,-9.128e-05,2025-09-02 20:00:00.001
1756857600006,-0.00043074,2025-09-03 00:00:00.006
1756872000003,-0.00051376,2025-09-03 04:00:00.003
1756886400002,-0.00045805,2025-09-03 08:00:00.002
1756900800000,-0.00035158,2025-09-03 12:00:00.000
1756915200002,-0.00020803,2025-09-03 16:00:00.002
1756929600006,-0.00014966,2025-09-03 20:00:00.006
1756944000002,-0.00014945,2025-09-04 00:00:00.002
1756958400000,-0.00037996,2025-09-04 04:00:00.000
1756972800000,-0.00075021,2025-09-04 08:00:00.000
1756987200002,-0.00065984,2025-09-04 12:00:00.002
1757001600000,-2.91e-05,2025-09-04 16:00:00.000
1757016000000,-0.0005962,2025-09-04 20:00:00.000
1757030400001,-0.00077907,2025-09-05 00:00:00.001
1757044800000,-9.961e-05,2025-09-05 04:00:00.000
1757059200006,-0.00070329,2025-09-05 08:00:00.006
1757073600001,-0.00142569,2025-09-05 12:00:00.001
1757088000000,-0.00284173,2025-09-05 16:00:00.000
1757102400000,-0.00704094,2025-09-05 20:00:00.000
1757116800000,-0.00391089,2025-09-06 00:00:00.000
1757131200000,-0.0064619,2025-09-06 04:00:00.000
1757145600005,-0.0022534,2025-09-06 08:00:00.005
1757160000000,-0.00151978,2025-09-06 12:00:00.000
1757174400000,-0.00405466,2025-09-06 16:00:00.000
1757188800001,-0.00115178,2025-09-06 20:00:00.001
1757203200000,-0.00035298,2025-09-07 00:00:00.000
1757217600008,-0.00087975,2025-09-07 04:00:00.008
1757232000000,-0.00035377,2025-09-07 08:00:00.000
1757246400000,-0.00029497,2025-09-07 12:00:00.000
1757260800000,-0.00048931,2025-09-07 16:00:00.000
1757275200003,-4.809e-05,2025-09-07 20:00:00.003
1757289600007,-0.00015617,2025-09-08 00:00:00.007
1757304000008,-0.00048809,2025-09-08 04:00:00.008
1757318400000,-0.00024955,2025-09-08 08:00:00.000
1757332800005,-0.00056351,2025-09-08 12:00:00.005
1757347200000,-0.00045463,2025-09-08 16:00:00.000
1757361600001,-0.00062546,2025-09-08 20:00:00.001
1757376000000,-0.00053274,2025-09-09 00:00:00.000
1757390400000,-3.313e-05,2025-09-09 04:00:00.000
1757404800000,-0.00043042,2025-09-09 08:00:00.000
1757419200004,-0.00022176,2025-09-09 12:00:00.004
1757433600000,-0.00012756,2025-09-09 16:00:00.000
1757448000000,-0.0004886,2025-09-09 20:00:00.000
1757462400000,-0.00020649,2025-09-10 00:00:00.000
1757476800001,-0.00026915,2025-09-10 04:00:00.001
1757491200002,-0.00050538,2025-09-10 08:00:00.002
1757505600004,-0.0001649,2025-09-10 12:00:00.004
1757520000000,-0.00031364,2025-09-10 16:00:00.000
1757534400007,-0.00056047,2025-09-10 20:00:00.007
1757548800000,-0.0003468,2025-09-11 00:00:00.000
1757563200003,-0.00111242,2025-09-11 04:00:00.003
1757577600000,-0.00184049,2025-09-11 08:00:00.000
1757592000005,-0.00063751,2025-09-11 12:00:00.005
1757606400001,-0.00053317,2025-09-11 16:00:00.001
1757620800001,-0.00151642,2025-09-11 20:00:00.001
1757635200002,-0.00020996,2025-09-12 00:00:00.002
1757649600004,-0.00111995,2025-09-12 04:00:00.004
1757664000001,-0.00042352,2025-09-12 08:00:00.001
1757678400001,-0.00103689,2025-09-12 12:00:00.001
1757692800005,-0.00084818,2025-09-12 16:00:00.005
1757707200000,-0.00021367,2025-09-12 20:00:00.000
1757721600005,-0.00015454,2025-09-13 00:00:00.005
1757736000002,-0.00022652,2025-09-13 04:00:00.002
1757750400002,-0.00045613,2025-09-13 08:00:00.002
1757764800005,-0.00077392,2025-09-13 12:00:00.005
1757779200000,-0.00051867,2025-09-13 16:00:00.000
1757793600001,-4.712e-05,2025-09-13 20:00:00.001
1757808000006,-0.00036103,2025-09-14 00:00:00.006
1757822400001,-0.00049345,2025-09-14 04:00:00.001
1757836800000,-0.00175086,2025-09-14 08:00:00.000
1757851200004,-0.00074637,2025-09-14 12:00:00.004
1757865600001,-0.00048337,2025-09-14 16:00:00.001
1757880000000,4.659e-05,2025-09-14 20:00:00.000
1757894400006,-9.474e-05,2025-09-15 00:00:00.006
1757908800000,-6.166e-05,2025-09-15 04:00:00.000
1757923200002,-0.00031239,2025-09-15 08:00:00.002
1757937600003,-0.00040655,2025-09-15 12:00:00.003
1757952000001,-0.00053649,2025-09-15 16:00:00.001
1757966400001,-0.0006415,2025-09-15 20:00:00.001
1757980800001,-0.00060661,2025-09-16 00:00:00.001
1757995200000,-0.00106388,2025-09-16 04:00:00.000
1758009600000,-0.00019042,2025-09-16 08:00:00.000
1758024000002,-0.00016072,2025-09-16 12:00:00.002
1758038400000,-0.0001892,2025-09-16 16:00:00.000
1758052800004,-0.0001193,2025-09-16 20:00:00.004
1758067200001,-0.00028951,2025-09-17 00:00:00.001
1758081600004,-0.00029244,2025-09-17 04:00:00.004
1758096000000,-0.00016745,2025-09-17 08:00:00.000
1758110400000,-0.00034595,2025-09-17 12:00:00.000
1758124800003,-0.00041437,2025-09-17 16:00:00.003
1758139200000,-0.00022749,2025-09-17 20:00:00.000
1758153600006,-3.011e-05,2025-09-18 00:00:00.006
1758168000001,-2.017e-05,2025-09-18 04:00:00.001
1758182400002,-0.00060547,2025-09-18 08:00:00.002
1758196800000,-0.0002575,2025-09-18 12:00:00.000
1758211200000,-0.00014865,2025-09-18 16:00:00.000
1758225600008,-3.592e-05,2025-09-18 20:00:00.008
1758240000000,1.192e-05,2025-09-19 00:00:00.000
1758254400003,-0.00017149,2025-09-19 04:00:00.003
1758268800005,-0.0001491,2025-09-19 08:00:00.005
1758283200000,-0.00023795,2025-09-19 12:00:00.000
1758297600000,-0.00018305,2025-09-19 16:00:00.000
1758312000004,-0.00012951,2025-09-19 20:00:00.004
1758326400000,-0.00017735,2025-09-20 00:00:00.000
1758340800000,-0.00054091,2025-09-20 04:00:00.000
1758355200000,-0.00097158,2025-09-20 08:00:00.000
1758369600008,-0.00049805,2025-09-20 12:00:00.008
1758384000002,-0.00121468,2025-09-20 16:00:00.002
1758398400000,-0.0004585,2025-09-20 20:00:00.000
1758412800000,-0.00048159,2025-09-21 00:00:00.000
1758427200002,-0.00045294,2025-09-21 04:00:00.002
1758441600000,-0.00042346,2025-09-21 08:00:00.000
1758456000002,-0.00034468,2025-09-21 12:00:00.002
1758470400000,-0.00054352,2025-09-21 16:00:00.000
1758484800000,-0.0004639,2025-09-21 20:00:00.000
1758499200005,-0.00039906,2025-09-22 00:00:00.005
1758513600000,-0.00035097,2025-09-22 04:00:00.000
1758528000003,-0.00102103,2025-09-22 08:00:00.003
1758542400005,-0.00087006,2025-09-22 12:00:00.005
1758556800000,-0.00099909,2025-09-22 16:00:00.000
1758571200001,-0.00091599,2025-09-22 20:00:00.001
1758585600000,-0.00089893,2025-09-23 00:00:00.000
1758600000012,-0.00059221,2025-09-23 04:00:00.012
1758614400001,-0.00095514,2025-09-23 08:00:00.001
1758628800000,-0.00147127,2025-09-23 12:00:00.000
1758643200000,-0.00037664,2025-09-23 16:00:00.000
1758657600001,-0.00025591,2025-09-23 20:00:00.001
1758672000003,-0.00035435,2025-09-24 00:00:00.003
1758686400000,-0.00037767,2025-09-24 04:00:00.000
1758700800001,-0.0005091,2025-09-24 08:00:00.001
1758715200001,-0.00049521,2025-09-24 12:00:00.001
1758729600002,-0.00060252,2025-09-24 16:00:00.002
1758744000001,-0.00041472,2025-09-24 20:00:00.001
1758758400000,-0.00028556,2025-09-25 00:00:00.000
1758772800000,-0.00023195,2025-09-25 04:00:00.000
1758787200001,-0.00018857,2025-09-25 08:00:00.001
1758801600000,-0.00023176,2025-09-25 12:00:00.000
1758816000000,-0.00034274,2025-09-25 16:00:00.000
1758830400000,-0.00012295,2025-09-25 20:00:00.000
1758844800000,-4.062e-05,2025-09-26 00:00:00.000
1758859200002,-0.0001727,2025-09-26 04:00:00.002
1758873600000,-0.00027859,2025-09-26 08:00:00.000
1758888000000,-0.00012956,2025-09-26 12:00:00.000
1758902400008,-0.00034712,2025-09-26 16:00:00.008
1758916800005,-0.00045261,2025-09-26 20:00:00.005
1758931200000,-0.0005688,2025-09-27 00:00:00.000
1758945600000,-0.00031099,2025-09-27 04:00:00.000
1758960000010,-0.00018252,2025-09-27 08:00:00.010
1758974400003,-0.00035751,2025-09-27 12:00:00.003
1758988800003,-0.00024931,2025-09-27 16:00:00.003
1759003200002,-0.00031551,2025-09-27 20:00:00.002
1759017600000,-0.00013774,2025-09-28 00:00:00.000
1759032000002,-0.00030981,2025-09-28 04:00:00.002
1759046400000,-0.00017589,2025-09-28 08:00:00.000
1759060800000,-6.971e-05,2025-09-28 12:00:00.000
1759075200000,-0.0002046,2025-09-28 16:00:00.000
1759089600004,-7.83e-06,2025-09-28 20:00:00.004
1759104000000,-0.00028226,2025-09-29 00:00:00.000
1759118400000,-0.00020605,2025-09-29 04:00:00.000
1759132800002,-9.22e-05,2025-09-29 08:00:00.002
1759147200000,-0.00019185,2025-09-29 12:00:00.000
1759161600001,-0.00036681,2025-09-29 16:00:00.001
1759176000000,-0.0004841,2025-09-29 20:00:00.000
1759190400002,-0.00014053,2025-09-30 00:00:00.002
1759204800000,-0.00034548,2025-09-30 04:00:00.000
1759219200005,-0.00041123,2025-09-30 08:00:00.005
1759233600000,-0.00014126,2025-09-30 12:00:00.000
1759248000000,-0.00029271,2025-09-30 16:00:00.000
1759262400000,-0.00016558,2025-09-30 20:00:00.000
1759276800000,-0.00021928,2025-10-01 00:00:00.000
1759291200008,-0.00022875,2025-10-01 04:00:00.008
1759305600000,-0.00025901,2025-10-01 08:00:00.000
1759320000007,-2.75e-06,2025-10-01 12:00:00.007
1759334400000,-0.00066895,2025-10-01 16:00:00.000
1759348800001,5e-05,2025-10-01 20:00:00.001
1759363200000,-4.951e-05,2025-10-02 00:00:00.000
1759377600001,-7.981e-05,2025-10-02 04:00:00.001
1759392000013,-0.00015268,2025-10-02 08:00:00.013
1759406400000,-0.00012041,2025-10-02 12:00:00.000
1759420800000,-0.0003357,2025-10-02 16:00:00.000
1759435200000,-0.00056356,2025-10-02 20:00:00.000
1759449600006,-0.00044159,2025-10-03 00:00:00.006
1759464000000,-0.00057593,2025-10-03 04:00:00.000
1759478400006,-0.00031114,2025-10-03 08:00:00.006
1759492800000,-0.00035464,2025-10-03 12:00:00.000
1759507200000,-0.00034643,2025-10-03 16:00:00.000
1759521600002,-9.332e-05,2025-10-03 20:00:00.002
1759536000001,-3.5e-05,2025-10-04 00:00:00.001
1759550400006,-0.00014699,2025-10-04 04:00:00.006
1759564800000,-0.00029628,2025-10-04 08:00:00.000
1759579200000,-0.00026928,2025-10-04 12:00:00.000
1759593600000,-0.00017012,2025-10-04 16:00:00.000
1759608000003,-0.00018588,2025-10-04 20:00:00.003
1759622400000,-0.00029708,2025-10-05 00:00:00.000
1759636800000,-0.00033366,2025-10-05 04:00:00.000
1759651200003,-0.00043126,2025-10-05 08:00:00.003
1759665600000,-0.00027439,2025-10-05 12:00:00.000
1759680000009,-0.00024442,2025-10-05 16:00:00.009
1759694400004,-0.00021264,2025-10-05 20:00:00.004
1759708800004,-0.00018338,2025-10-06 00:00:00.004
1759723200003,-0.00031578,2025-10-06 04:00:00.003
1759737600002,-0.00043917,2025-10-06 08:00:00.002
1759752000000,-0.00015075,2025-10-06 12:00:00.000
1759766400004,3.155e-05,2025-10-06 16:00:00.004
1759780800002,-2.91e-06,2025-10-06 20:00:00.002
1759795200000,-0.00013756,2025-10-07 00:00:00.000
1759809600001,-0.00022527,2025-10-07 04:00:00.001
1759824000003,-0.000216,2025-10-07 08:00:00.003
1759838400005,-0.00015744,2025-10-07 12:00:00.005
1759852800000,-5.703e-05,2025-10-07 16:00:00.000
1759867200002,-7.144e-05,2025-10-07 20:00:00.002
1759881600000,-5.978e-05,2025-10-08 00:00:00.000
1759896000002,-1.746e-05,2025-10-08 04:00:00.002
1759910400006,2.725e-05,2025-10-08 08:00:00.006
1759924800003,-1.57e-06,2025-10-08 12:00:00.003
1759939200002,-1.229e-05,2025-10-08 16:00:00.002
1759953600000,-3.141e-05,2025-10-08 20:00:00.000
1759968000001,-5.987e-05,2025-10-09 00:00:00.001
1759982400003,-1.539e-05,2025-10-09 04:00:00.003
1759996800000,-9.217e-05,2025-10-09 08:00:00.000
1760011200002,5e-05,2025-10-09 12:00:00.002
1760025600000,5e-05,2025-10-09 16:00:00.000
1760040000010,-1.719e-05,2025-10-09 20:00:00.010
1760054400005,-2.348e-05,2025-10-10 00:00:00.005
1760068800001,-1.048e-05,2025-10-10 04:00:00.001
1760083200002,-0.00011816,2025-10-10 08:00:00.002
1760097600004,4.798e-05,2025-10-10 12:00:00.004
1760112000014,-1.325e-05,2025-10-10 16:00:00.014
1760126400003,3.064e-05,2025-10-10 20:00:00.003
1760140800000,-0.00119842,2025-10-11 00:00:00.000
1760155200000,-0.00051227,2025-10-11 04:00:00.000
1760169600003,-0.00050068,2025-10-11 08:00:00.003
1760184000003,-0.00049972,2025-10-11 12:00:00.003
1760198400000,-0.00036709,2025-10-11 16:00:00.000
1760212800001,-0.00040698,2025-10-11 20:00:00.001
1760227200004,-0.00039849,2025-10-12 00:00:00.004
1760241600001,-0.00036639,2025-10-12 04:00:00.001
1760256000002,-0.00029274,2025-10-12 08:00:00.002
1760270400001,-0.00019968,2025-10-12 12:00:00.001
1760284800000,-0.00014505,2025-10-12 16:00:00.000
1760299200000,-0.00038805,2025-10-12 20:00:00.000
1760313600003,-0.00025899,2025-10-13 00:00:00.003
1760328000000,-0.00022454,2025-10-13 04:00:00.000
1760342400002,-0.0002605,2025-10-13 08:00:00.002
1760356800001,-0.00019451,2025-10-13 12:00:00.001
1760371200003,-0.00015816,2025-10-13 16:00:00.003
1760385600002,-0.00015156,2025-10-13 20:00:00.002
1760400000000,-6.074e-05,2025-10-14 00:00:00.000
1760414400000,-0.00013658,2025-10-14 04:00:00.000
1760428800000,-4.668e-05,2025-10-14 08:00:00.000
1760443200000,-0.00016129,2025-10-14 12:00:00.000
1760457600000,-8.466e-05,2025-10-14 16:00:00.000
1760472000000,-8.337e-05,2025-10-14 20:00:00.000
1760486400006,-8.755e-05,2025-10-15 00:00:00.006
1760500800001,-0.00010754,2025-10-15 04:00:00.001
1760515200002,-5.035e-05,2025-10-15 08:00:00.002
1760529600005,-0.00017733,2025-10-15 12:00:00.005
1760544000000,-4.453e-05,2025-10-15 16:00:00.000
1760558400004,-6.109e-05,2025-10-15 20:00:00.004
1760572800000,-3.29e-05,2025-10-16 00:00:00.000
1760587200000,-0.00015456,2025-10-16 04:00:00.000
1760601600003,-0.0001402,2025-10-16 08:00:00.003
1760616000000,-7.617e-05,2025-10-16 12:00:00.000
1760630400002,-0.00015722,2025-10-16 16:00:00.002
1760644800003,5e-05,2025-10-16 20:00:00.003
1760659200001,1.027e-05,2025-10-17 00:00:00.001
1760673600001,1.26e-06,2025-10-17 04:00:00.001
1760688000005,2.471e-05,2025-10-17 08:00:00.005
1760702400000,-4.449e-05,2025-10-17 12:00:00.000
1760716800003,5e-05,2025-10-17 16:00:00.003
1760731200004,2.64e-06,2025-10-17 20:00:00.004
1760745600000,2.637e-05,2025-10-18 00:00:00.000
1760760000000,-4.183e-05,2025-10-18 04:00:00.000
1760774400002,-7.758e-05,2025-10-18 08:00:00.002
1760788800007,-5.67e-05,2025-10-18 12:00:00.007
1760803200001,-4.892e-05,2025-10-18 16:00:00.001
1760817600000,5e-05,2025-10-18 20:00:00.000
1760832000001,1.826e-05,2025-10-19 00:00:00.001
1760846400000,2.798e-05,2025-10-19 04:00:00.000
1760860800001,-4.538e-05,2025-10-19 08:00:00.001
1760875200000,-2.118e-05,2025-10-19 12:00:00.000
1760889600001,3.121e-05,2025-10-19 16:00:00.001
1760904000000,-5.477e-05,2025-10-19 20:00:00.000
1760918400004,-0.00017118,2025-10-20 00:00:00.004
1760932800000,1.381e-05,2025-10-20 04:00:00.000
1760947200001,-0.01040937,2025-10-20 08:00:00.001
1760961600000,-0.02,2025-10-20 12:00:00.000
1760965200000,-0.00910596,2025-10-20 13:00:00.000
1760968800005,-0.00538158,2025-10-20 14:00:00.005
1760972400010,-0.0036517,2025-10-20 15:00:00.010
1760976000000,-0.00359401,2025-10-20 16:00:00.000
1760979600003,-0.00233174,2025-10-20 17:00:00.003
1760983200000,-0.00242787,2025-10-20 18:00:00.000
1760986800000,-0.00309289,2025-10-20 19:00:00.000
1760990400000,-0.00206568,2025-10-20 20:00:00.000
1760994000006,-0.00132167,2025-10-20 21:00:00.006
1760997600001,-0.00077076,2025-10-20 22:00:00.001
1761001200000,-0.0008451,2025-10-20 23:00:00.000
1761004800009,-0.00090413,2025-10-21 00:00:00.009
1761008400009,-0.00088818,2025-10-21 01:00:00.009
1761012000007,-0.00057087,2025-10-21 02:00:00.007
1761015600000,-0.00066385,2025-10-21 03:00:00.000
1761019200003,-0.00084776,2025-10-21 04:00:00.003
1761022800001,-0.00055567,2025-10-21 05:00:00.001
1761026400000,-0.00072032,2025-10-21 06:00:00.000
1761030000007,-0.00131434,2025-10-21 07:00:00.007
1761033600000,-0.00109663,2025-10-21 08:00:00.000
1761037200004,-0.00109424,2025-10-21 09:00:00.004
1761040800000,-0.00129363,2025-10-21 10:00:00.000
1761044400006,-0.00163771,2025-10-21 11:00:00.006
1761048000000,-0.0015644,2025-10-21 12:00:00.000
1761051600000,-0.0013009,2025-10-21 13:00:00.000
1761055200000,-0.00142897,2025-10-21 14:00:00.000
1761058800004,-0.00129681,2025-10-21 15:00:00.004
1761062400000,-0.00153266,2025-10-21 16:00:00.000
1761066000001,-0.00179612,2025-10-21 17:00:00.001
1761069600003,-0.00162636,2025-10-21 18:00:00.003
1761073200001,-0.00117942,2025-10-21 19:00:00.001
1761076800001,-0.00087303,2025-10-21 20:00:00.001
1761080400003,-0.00080606,2025-10-21 21:00:00.003
1761084000008,-0.00089552,2025-10-21 22:00:00.008
1761087600000,-0.00127325,2025-10-21 23:00:00.000
1761091200004,-0.0014156,2025-10-22 00:00:00.004
1761094800000,-0.00079906,2025-10-22 01:00:00.000
1761098400001,-0.00058298,2025-10-22 02:00:00.001
1761102000000,-0.00063781,2025-10-22 03:00:00.000
1761105600000,-0.00062919,2025-10-22 04:00:00.000
1761109200007,-0.00083875,2025-10-22 05:00:00.007
1761112800007,-0.00113932,2025-10-22 06:00:00.007
1761116400003,-0.00115222,2025-10-22 07:00:00.003
1761120000000,-0.00085405,2025-10-22 08:00:00.000
1761123600000,-0.00077783,2025-10-22 09:00:00.000
1761127200002,-0.00076833,2025-10-22 10:00:00.002
1761130800001,-0.00082066,2025-10-22 11:00:00.001
1761134400000,-0.0010606,2025-10-22 12:00:00.000
1761138000004,-0.00114979,2025-10-22 13:00:00.004
1761141600001,-0.00117205,2025-10-22 14:00:00.001
1761145200003,-0.00102641,2025-10-22 15:00:00.003
1761148800000,-0.00095384,2025-10-22 16:00:00.000
1761152400004,-0.00082572,2025-10-22 17:00:00.004
1761156000007,-0.00074712,2025-10-22 18:00:00.007
1761159600004,-0.00055695,2025-10-22 19:00:00.004
1761163200004,-0.00061726,2025-10-22 20:00:00.004
1761166800000,-0.00048399,2025-10-22 21:00:00.000
1761170400004,-0.00033812,2025-10-22 22:00:00.004
1761174000000,-0.00030828,2025-10-22 23:00:00.000
1761177600000,-0.00056647,2025-10-23 00:00:00.000
1761181200003,-0.00056972,2025-10-23 01:00:00.003
1761184800002,-0.00056095,2025-10-23 02:00:00.002
1761188400002,-0.00057686,2025-10-23 03:00:00.002
1761192000000,-0.00069026,2025-10-23 04:00:00.000
1761195600001,-0.00081981,2025-10-23 05:00:00.001
1761199200000,-0.00076681,2025-10-23 06:00:00.000
1761202800003,-0.00096215,2025-10-23 07:00:00.003
1761206400001,-0.00089349,2025-10-23 08:00:00.001
1761210000000,-0.00078918,2025-10-23 09:00:00.000
1761213600000,-0.00073651,2025-10-23 10:00:00.000
1761217200002,-0.00100983,2025-10-23 11:00:00.002
1761220800000,-0.00074653,2025-10-23 12:00:00.000
1761224400002,-0.00044,2025-10-23 13:00:00.002
1761228000000,-0.00041622,2025-10-23 14:00:00.000
1761231600000,-0.00040661,2025-10-23 15:00:00.000
1761235200004,-0.00037905,2025-10-23 16:00:00.004
1761238800000,-0.00049491,2025-10-23 17:00:00.000
1761242400005,-0.00050875,2025-10-23 18:00:00.005
1761246000001,-0.00054579,2025-10-23 19:00:00.001
1761249600000,-0.00056609,2025-10-23 20:00:00.000
1761253200001,-0.00047264,2025-10-23 21:00:00.001
1761256800000,-0.00066503,2025-10-23 22:00:00.000
1761260400009,-0.00063695,2025-10-23 23:00:00.009
1761264000000,-0.00067092,2025-10-24 00:00:00.000
1761267600000,-0.00067908,2025-10-24 01:00:00.000
1761271200000,-0.00067394,2025-10-24 02:00:00.000
1761274800000,-0.00087988,2025-10-24 03:00:00.000
1761278400002,-0.00112842,2025-10-24 04:00:00.002
1761282000002,-0.00125598,2025-10-24 05:00:00.002
1761285600001,-0.00107165,2025-10-24 06:00:00.001
1761289200005,-0.00103491,2025-10-24 07:00:00.005
1761292800000,-0.00094566,2025-10-24 08:00:00.000
1761296400000,-0.00096062,2025-10-24 09:00:00.000
1761300000000,-0.00102778,2025-10-24 10:00:00.000
1761303600000,-0.00108849,2025-10-24 11:00:00.000
1761307200002,-0.00044713,2025-10-24 12:00:00.002
1761310800002,-0.00043474,2025-10-24 13:00:00.002
1761314400001,-0.00050673,2025-10-24 14:00:00.001
1761318000002,-0.00034536,2025-10-24 15:00:00.002
1761321600009,-0.00038753,2025-10-24 16:00:00.009
1761325200000,-0.00039352,2025-10-24 17:00:00.000
1761328800001,-0.00037907,2025-10-24 18:00:00.001
1761332400000,-0.00026505,2025-10-24 19:00:00.000
1761336000000,-0.00036149,2025-10-24 20:00:00.000
1761339600000,-0.00050673,2025-10-24 21:00:00.000
1761343200001,-0.00032752,2025-10-24 22:00:00.001
1761346800004,-0.00026365,2025-10-24 23:00:00.004
1761350400000,-0.00032148,2025-10-25 00:00:00.000
1761354000004,-0.00048844,2025-10-25 01:00:00.004
1761357600006,-0.00064005,2025-10-25 02:00:00.006
1761361200005,-0.00067346,2025-10-25 03:00:00.005
1761364800000,-0.00067424,2025-10-25 04:00:00.000
1761368400005,-0.00069751,2025-10-25 05:00:00.005
1761372000000,-0.00074809,2025-10-25 06:00:00.000
1761375600002,-0.00079017,2025-10-25 07:00:00.002
1761379200001,-0.00072477,2025-10-25 08:00:00.001
1761382800000,-0.00080873,2025-10-25 09:00:00.000
1761386400000,-0.00090564,2025-10-25 10:00:00.000
1761390000000,-0.00086034,2025-10-25 11:00:00.000
1761393600000,-0.00080318,2025-10-25 12:00:00.000
1761397200000,-0.00066519,2025-10-25 13:00:00.000
1761400800000,-0.00055817,2025-10-25 14:00:00.000
1761404400000,-0.00043467,2025-10-25 15:00:00.000
1761408000001,-0.00065607,2025-10-25 16:00:00.001
1761411600007,-0.00130909,2025-10-25 17:00:00.007
1761415200001,-0.00316075,2025-10-25 18:00:00.001
1761418800000,-0.00133364,2025-10-25 19:00:00.000
1761422400002,-0.00107242,2025-10-25 20:00:00.002
1761426000008,-0.00042988,2025-10-25 21:00:00.008
1761429600002,-0.00046565,2025-10-25 22:00:00.002
1761433200004,-0.00045229,2025-10-25 23:00:00.004
1761436800001,-0.00055325,2025-10-26 00:00:00.001
1761440400008,-0.00061955,2025-10-26 01:00:00.008
1761444000000,-0.00084132,2025-10-26 02:00:00.000
1761447600000,-0.00073323,2025-10-26 03:00:00.000
1761451200000,-0.00057815,2025-10-26 04:00:00.000
1761454800000,-0.00046371,2025-10-26 05:00:00.000
1761458400000,-0.00060937,2025-10-26 06:00:00.000
1761462000002,-0.00074379,2025-10-26 07:00:00.002
1761465600001,-0.00138353,2025-10-26 08:00:00.001
1761469200004,-0.00131704,2025-10-26 09:00:00.004
1761472800004,-0.00084623,2025-10-26 10:00:00.004
1761476400000,-0.00057889,2025-10-26 11:00:00.000
1761480000002,-0.00070491,2025-10-26 12:00:00.002
1761483600000,-0.00061443,2025-10-26 13:00:00.000
1761487200001,-0.00046194,2025-10-26 14:00:00.001
1761490800004,-0.0004598,2025-10-26 15:00:00.004
1761494400000,-0.00043185,2025-10-26 16:00:00.000
1761498000002,-0.00042111,2025-10-26 17:00:00.002
1761501600002,-0.00050843,2025-10-26 18:00:00.002
1761505200001,-0.00047135,2025-10-26 19:00:00.001
1761508800000,-0.00041673,2025-10-26 20:00:00.000
1761512400000,-0.00054346,2025-10-26 21:00:00.000
1761516000000,-0.00047764,2025-10-26 22:00:00.000
1761519600008,-0.00057752,2025-10-26 23:00:00.008
1761523200000,-0.00069834,2025-10-27 00:00:00.000
1761526800001,-0.00052958,2025-10-27 01:00:00.001
1761530400000,-0.00046344,2025-10-27 02:00:00.000
1761534000000,-0.00048889,2025-10-27 03:00:00.000
1761537600000,-0.00054469,2025-10-27 04:00:00.000
1761541200006,-0.00059825,2025-10-27 05:00:00.006
1761544800003,-0.00054332,2025-10-27 06:00:00.003
1761548400000,-0.00048518,2025-10-27 07:00:00.000
1761552000005,-0.00052383,2025-10-27 08:00:00.005
1761555600000,-0.00048323,2025-10-27 09:00:00.000
1761559200000,-0.0005215,2025-10-27 10:00:00.000
1761562800000,-0.00050262,2025-10-27 11:00:00.000
1761566400003,-0.00049936,2025-10-27 12:00:00.003
1761570000000,-0.0004234,2025-10-27 13:00:00.000
1761573600004,-0.00036426,2025-10-27 14:00:00.004
1761577200001,-0.00032298,2025-10-27 15:00:00.001
1761580800000,-0.00037848,2025-10-27 16:00:00.000
1761584400000,-0.00048781,2025-10-27 17:00:00.000
1761588000005,-0.00070772,2025-10-27 18:00:00.005
1761591600001,-0.00037214,2025-10-27 19:00:00.001
1761595200001,-0.00014239,2025-10-27 20:00:00.001
1761598800000,-0.00011491,2025-10-27 21:00:00.000
1761602400001,-0.00051528,2025-10-27 22:00:00.001
1761606000000,-0.00052323,2025-10-27 23:00:00.000
1761609600000,-0.00029176,2025-10-28 00:00:00.000
1761613200004,-0.00031853,2025-10-28 01:00:00.004
1761616800007,-0.00037122,2025-10-28 02:00:00.007
1761620400008,-0.00040187,2025-10-28 03:00:00.008
1761624000004,-0.00042702,2025-10-28 04:00:00.004
1761627600009,-0.00050276,2025-10-28 05:00:00.009
1761631200003,-0.00056297,2025-10-28 06:00:00.003
1761634800003,-0.00043093,2025-10-28 07:00:00.003
1761638400000,-0.00057141,2025-10-28 08:00:00.000
1761642000001,-0.00048386,2025-10-28 09:00:00.001
1761645600003,-0.00067788,2025-10-28 10:00:00.003
1761649200000,-0.00083695,2025-10-28 11:00:00.000
1761652800000,-0.00051855,2025-10-28 12:00:00.000
1761656400002,-0.00061444,2025-10-28 13:00:00.002
1761660000000,-0.00052587,2025-10-28 14:00:00.000
1761663600000,-0.00053518,2025-10-28 15:00:00.000
1761667200004,-0.00099675,2025-10-28 16:00:00.004
1761670800008,-0.00055068,2025-10-28 17:00:00.008
1761674400001,-0.00047176,2025-10-28 18:00:00.001
1761678000003,-0.00060342,2025-10-28 19:00:00.003
1761681600004,-0.00048993,2025-10-28 20:00:00.004
1761685200007,-0.00051673,2025-10-28 21:00:00.007
1761688800000,-0.0008049,2025-10-28 22:00:00.000
1761692400003,-0.00111151,2025-10-28 23:00:00.003
1761696000004,-0.00059716,2025-10-29 00:00:00.004
1761699600000,-0.00041893,2025-10-29 01:00:00.000
1761703200000,-0.00050775,2025-10-29 02:00:00.000
1761706800009,-0.0008555,2025-10-29 03:00:00.009
1761710400005,-0.00073207,2025-10-29 04:00:00.005
1761714000003,-0.00065104,2025-10-29 05:00:00.003
1761717600000,-0.00063651,2025-10-29 06:00:00.000
1761721200000,-0.00050364,2025-10-29 07:00:00.000
1761724800005,-0.00056418,2025-10-29 08:00:00.005
1761728400000,-0.00051539,2025-10-29 09:00:00.000
1761732000000,-0.00066111,2025-10-29 10:00:00.000
1761735600005,-0.00044666,2025-10-29 11:00:00.005
1761739200011,-0.00045288,2025-10-29 12:00:00.011
1761742800000,-0.00048707,2025-10-29 13:00:00.000
1761746400000,-0.0005218,2025-10-29 14:00:00.000
1761750000000,-0.00055471,2025-10-29 15:00:00.000
1761753600000,-0.00052604,2025-10-29 16:00:00.000
1761757200009,-0.00044064,2025-10-29 17:00:00.009
1761760800001,-0.00044622,2025-10-29 18:00:00.001
1761764400000,-0.00047757,2025-10-29 19:00:00.000
1761768000008,-0.00034392,2025-10-29 20:00:00.008
1761771600000,-0.00032276,2025-10-29 21:00:00.000
1761775200004,-0.00048383,2025-10-29 22:00:00.004
1761778800000,-0.00030897,2025-10-29 23:00:00.000
1761782400004,-0.00041748,2025-10-30 00:00:00.004
1761786000003,-0.00058384,2025-10-30 01:00:00.003
1761789600000,-0.00061376,2025-10-30 02:00:00.000
1761793200003,-0.00054932,2025-10-30 03:00:00.003
1761796800001,-0.00050405,2025-10-30 04:00:00.001
1761800400004,-0.00048415,2025-10-30 05:00:00.004
1761804000000,-0.00037067,2025-10-30 06:00:00.000
1761807600000,-0.00030483,2025-10-30 07:00:00.000
1761811200008,-0.00031991,2025-10-30 08:00:00.008
1761814800010,-0.00031101,2025-10-30 09:00:00.010
1761818400000,-0.00038834,2025-10-30 10:00:00.000
1761822000006,-0.0004099,2025-10-30 11:00:00.006
1761825600006,-0.00033797,2025-10-30 12:00:00.006
1761829200006,-0.00024083,2025-10-30 13:00:00.006
1761832800003,-0.00025672,2025-10-30 14:00:00.003
1761836400000,-0.00033355,2025-10-30 15:00:00.000
1761840000001,-0.00050805,2025-10-30 16:00:00.001
1761843600006,-0.00037279,2025-10-30 17:00:00.006
1761847200000,-0.00026552,2025-10-30 18:00:00.000
1761850800004,-0.00015078,2025-10-30 19:00:00.004
1761854400000,-0.00014248,2025-10-30 20:00:00.000
1761858000000,-0.00022237,2025-10-30 21:00:00.000
1761861600002,-0.000313,2025-10-30 22:00:00.002
1761865200004,-0.00030201,2025-10-30 23:00:00.004
1761868800000,-0.00033319,2025-10-31 00:00:00.000
1761872400000,-0.00034108,2025-10-31 01:00:00.000
1761876000000,-0.00032038,2025-10-31 02:00:00.000
1761879600000,-0.00037497,2025-10-31 03:00:00.000
1761883200000,-0.00039549,2025-10-31 04:00:00.000
1761886800011,-0.00040038,2025-10-31 05:00:00.011
1761890400000,-0.00039867,2025-10-31 06:00:00.000
1761894000007,-0.00030522,2025-10-31 07:00:00.007
1761897600008,-0.00029157,2025-10-31 08:00:00.008
1761901200000,-0.00023658,2025-10-31 09:00:00.000
1761904800009,-0.00027431,2025-10-31 10:00:00.009
1761908400000,-0.00028361,2025-10-31 11:00:00.000
1761912000008,-0.00024194,2025-10-31 12:00:00.008
1761915600004,-0.00020299,2025-10-31 13:00:00.004
1761919200001,-0.00016479,2025-10-31 14:00:00.001
1761922800000,-0.00026315,2025-10-31 15:00:00.000
1761926400007,-0.00036343,2025-10-31 16:00:00.007
1761930000000,-0.00013326,2025-10-31 17:00:00.000
1761933600006,-0.0002445,2025-10-31 18:00:00.006
1761937200003,-0.00025841,2025-10-31 19:00:00.003
1761940800001,-0.0002619,2025-10-31 20:00:00.001
1761944400004,-0.00013023,2025-10-31 21:00:00.004
1761948000000,-0.00018627,2025-10-31 22:00:00.000
1761951600003,-0.0001507,2025-10-31 23:00:00.003
1761955200001,-0.00018334,2025-11-01 00:00:00.001
1761958800000,-0.00019131,2025-11-01 01:00:00.000
1761962400000,-0.00036474,2025-11-01 02:00:00.000
1761966000000,-0.00057233,2025-11-01 03:00:00.000
1761969600000,-0.00038351,2025-11-01 04:00:00.000
1761973200010,-0.00046693,2025-11-01 05:00:00.010
1761976800008,-0.00040332,2025-11-01 06:00:00.008
1761980400001,-0.00021251,2025-11-01 07:00:00.001
1761984000000,-0.00021116,2025-11-01 08:00:00.000
1761987600000,-0.00029576,2025-11-01 09:00:00.000
1761991200000,-0.00031068,2025-11-01 10:00:00.000
1761994800000,-0.00029167,2025-11-01 11:00:00.000
1761998400000,-0.00025659,2025-11-01 12:00:00.000
1762002000000,-0.00018274,2025-11-01 13:00:00.000
1762005600000,-9.342e-05,2025-11-01 14:00:00.000
1762009200000,-0.00048273,2025-11-01 15:00:00.000
1762012800000,-0.00036376,2025-11-01 16:00:00.000
1762016400001,-0.0002003,2025-11-01 17:00:00.001
1762020000000,-0.00027743,2025-11-01 18:00:00.000
1762023600000,-0.00029294,2025-11-01 19:00:00.000
1762027200003,-0.00023717,2025-11-01 20:00:00.003
1762030800000,-0.00025118,2025-11-01 21:00:00.000
1762034400006,-0.00028388,2025-11-01 22:00:00.006
1762038000000,-0.00013069,2025-11-01 23:00:00.000
1762041600007,-0.00013154,2025-11-02 00:00:00.007
1762045200008,-0.00021289,2025-11-02 01:00:00.008
1762048800001,-0.0004033,2025-11-02 02:00:00.001
1762052400000,-0.00039268,2025-11-02 03:00:00.000
1762056000002,-0.00026222,2025-11-02 04:00:00.002
1762059600001,-0.00019371,2025-11-02 05:00:00.001
1762063200000,-0.00016525,2025-11-02 06:00:00.000
1762066800001,-0.00023302,2025-11-02 07:00:00.001
1762070400000,-0.0001561,2025-11-02 08:00:00.000
1762074000001,-0.00016986,2025-11-02 09:00:00.001
1762077600001,-0.00037693,2025-11-02 10:00:00.001
1762081200000,-0.00071229,2025-11-02 11:00:00.000
1762084800001,-0.00075479,2025-11-02 12:00:00.001
1762088400012,-0.00064307,2025-11-02 13:00:00.012
1762092000001,-0.00027849,2025-11-02 14:00:00.001
1762095600000,-0.0002151,2025-11-02 15:00:00.000
1762099200001,-0.00016623,2025-11-02 16:00:00.001
1762102800000,-0.00014544,2025-11-02 17:00:00.000
1762106400000,-0.00016015,2025-11-02 18:00:00.000
1762110000008,-0.00012465,2025-11-02 19:00:00.008
1762113600001,-0.00012936,2025-11-02 20:00:00.001
1762117200002,-0.00015352,2025-11-02 21:00:00.002
1762120800007,-0.00018181,2025-11-02 22:00:00.007
1762124400007,-0.00016714,2025-11-02 23:00:00.007
1762128000000,-0.00028399,2025-11-03 00:00:00.000
1762131600003,-0.00032204,2025-11-03 01:00:00.003
1762135200007,-0.00029088,2025-11-03 02:00:00.007
1762138800000,-0.00015238,2025-11-03 03:00:00.000
1762142400003,-0.00013892,2025-11-03 04:00:00.003
1762146000010,-0.00035378,2025-11-03 05:00:00.010
1762149600000,-0.00022602,2025-11-03 06:00:00.000
1762153200000,-0.00019195,2025-11-03 07:00:00.000
1762156800010,-0.00022319,2025-11-03 08:00:00.010
1762160400001,-0.00018916,2025-11-03 09:00:00.001
1762164000000,-0.00032651,2025-11-03 10:00:00.000
1762167600003,-0.00026122,2025-11-03 11:00:00.003
1762171200002,-0.0003492,2025-11-03 12:00:00.002
1762174800000,-0.00053379,2025-11-03 13:00:00.000
1762178400001,-0.00045469,2025-11-03 14:00:00.001
1762182000000,-0.0003964,2025-11-03 15:00:00.000
1762185600000,-0.00035039,2025-11-03 16:00:00.000
1762189200001,-0.0004537,2025-11-03 17:00:00.001
1762192800003,-0.00032279,2025-11-03 18:00:00.003
1762196400006,-0.00033007,2025-11-03 19:00:00.006
1762200000008,-0.00037813,2025-11-03 20:00:00.008
1762203600006,-0.00048335,2025-11-03 21:00:00.006
1762207200000,-0.00039937,2025-11-03 22:00:00.000
1762210800000,-0.00049281,2025-11-03 23:00:00.000
1762214400002,-0.00045952,2025-11-04 00:00:00.002
1762218000004,-0.00022901,2025-11-04 01:00:00.004
1762221600000,-0.00015885,2025-11-04 02:00:00.000
1762225200003,-0.00014688,2025-11-04 03:00:00.003
1762228800000,-0.00023281,2025-11-04 04:00:00.000
1762232400010,-0.00026795,2025-11-04 05:00:00.010
1762236000006,-0.00031168,2025-11-04 06:00:00.006
1762239600000,-0.00031676,2025-11-04 07:00:00.000
1762243200004,-0.00023576,2025-11-04 08:00:00.004
1762246800001,-0.00024617,2025-11-04 09:00:00.001
1762250400002,-0.00023903,2025-11-04 10:00:00.002
1762254000000,-0.00018444,2025-11-04 11:00:00.000
1762257600000,-0.00026116,2025-11-04 12:00:00.000
1762261200000,-0.00023928,2025-11-04 13:00:00.000
1762264800004,-0.00040618,2025-11-04 14:00:00.004
1762268400000,-0.00031511,2025-11-04 15:00:00.000
1762272000000,-0.00029059,2025-11-04 16:00:00.000
1762275600000,-0.00034762,2025-11-04 17:00:00.000
1762279200001,-0.00038376,2025-11-04 18:00:00.001
1762282800001,-0.00037597,2025-11-04 19:00:00.001
1762286400001,-0.00032091,2025-11-04 20:00:00.001
1762290000000,-0.00035208,2025-11-04 21:00:00.000
1762293600004,-0.00048122,2025-11-04 22:00:00.004
1762297200007,-0.0002878,2025-11-04 23:00:00.007
1762300800000,-0.00033978,2025-11-05 00:00:00.000
1762304400001,-0.00033885,2025-11-05 01:00:00.001
1762308000000,-0.00065677,2025-11-05 02:00:00.000
1762311600001,-0.00031311,2025-11-05 03:00:00.001
1762315200005,-0.0004669,2025-11-05 04:00:00.005
1762318800003,-0.00029684,2025-11-05 05:00:00.003
1762322400000,-0.00026136,2025-11-05 06:00:00.000
1762326000006,-0.00021285,2025-11-05 07:00:00.006
1762329600000,-0.00014839,2025-11-05 08:00:00.000
1762333200001,-0.00018062,2025-11-05 09:00:00.001
1762336800002,-0.00027675,2025-11-05 10:00:00.002
1762340400000,-0.00025005,2025-11-05 11:00:00.000
1762344000000,-0.00050909,2025-11-05 12:00:00.000
1762347600000,-0.00054269,2025-11-05 13:00:00.000
1762351200000,-0.00029313,2025-11-05 14:00:00.000
1762354800000,-0.00013888,2025-11-05 15:00:00.000
1762358400004,-0.00015139,2025-11-05 16:00:00.004
1762362000000,-0.00022422,2025-11-05 17:00:00.000
1762365600000,-0.00029579,2025-11-05 18:00:00.000
1762369200000,-0.00019396,2025-11-05 19:00:00.000
1762372800001,-0.00014507,2025-11-05 20:00:00.001
1762376400001,-0.00014585,2025-11-05 21:00:00.001
1762380000003,-5.731e-05,2025-11-05 22:00:00.003
1762383600000,-8.54e-05,2025-11-05 23:00:00.000
1762387200001,-0.00014643,2025-11-06 00:00:00.001
1762390800001,-0.00018039,2025-11-06 01:00:00.001
1762394400000,-0.00011209,2025-11-06 02:00:00.000
1762398000000,-0.00013854,2025-11-06 03:00:00.000
1762401600009,-0.00017106,2025-11-06 04:00:00.009
1762405200002,-9.684e-05,2025-11-06 05:00:00.002
1762408800004,-0.00010918,2025-11-06 06:00:00.004
1762412400006,-0.00034906,2025-11-06 07:00:00.006
1762416000000,-0.00038801,2025-11-06 08:00:00.000
1762419600000,-0.00029254,2025-11-06 09:00:00.000
1762423200001,-0.00028443,2025-11-06 10:00:00.001
1762426800001,-0.00012265,2025-11-06 11:00:00.001
1762430400001,-0.00023789,2025-11-06 12:00:00.001
1762434000001,-0.00033676,2025-11-06 13:00:00.001
1762437600002,-0.00018571,2025-11-06 14:00:00.002
1762441200000,-0.00016826,2025-11-06 15:00:00.000
1762444800001,-0.00011638,2025-11-06 16:00:00.001
1762448400001,-9.565e-05,2025-11-06 17:00:00.001
1762452000005,-0.00012989,2025-11-06 18:00:00.005
1762455600000,-8.694e-05,2025-11-06 19:00:00.000
1762459200006,-0.00010987,2025-11-06 20:00:00.006
1762462800000,-0.00010332,2025-11-06 21:00:00.000
1762466400000,-7.246e-05,2025-11-06 22:00:00.000
1762470000004,-8.248e-05,2025-11-06 23:00:00.004
1762473600005,-0.00010081,2025-11-07 00:00:00.005
1762477200000,-0.00012111,2025-11-07 01:00:00.000
1762480800000,-7.08e-05,2025-11-07 02:00:00.000
1762484400000,-8.972e-05,2025-11-07 03:00:00.000
1762488000000,-9.42e-05,2025-11-07 04:00:00.000
1762491600000,-0.00010251,2025-11-07 05:00:00.000
1762495200000,-9.356e-05,2025-11-07 06:00:00.000
1762498800004,-0.00010424,2025-11-07 07:00:00.004
1762502400003,-0.00013511,2025-11-07 08:00:00.003
1762506000001,-0.00021789,2025-11-07 09:00:00.001
1762509600004,-9.831e-05,2025-11-07 10:00:00.004
1762513200000,-7.615e-05,2025-11-07 11:00:00.000
1762516800005,-0.00011033,2025-11-07 12:00:00.005
1762520400000,-9.405e-05,2025-11-07 13:00:00.000
1762524000004,-8.145e-05,2025-11-07 14:00:00.004
1762527600011,-8.467e-05,2025-11-07 15:00:00.011
1762531200005,-9.722e-05,2025-11-07 16:00:00.005
1762534800003,-5.784e-05,2025-11-07 17:00:00.003
1762538400005,-8.437e-05,2025-11-07 18:00:00.005
1762542000000,-6.461e-05,2025-11-07 19:00:00.000
1762545600000,-5.034e-05,2025-11-07 20:00:00.000
1762549200004,-4.413e-05,2025-11-07 21:00:00.004
1762552800004,-1.75e-05,2025-11-07 22:00:00.004
1762556400000,-1.23e-06,2025-11-07 23:00:00.000
1762560000011,1.35e-06,2025-11-08 00:00:00.011
1762563600009,-7.227e-05,2025-11-08 01:00:00.009
1762567200010,-6.317e-05,2025-11-08 02:00:00.010
1762570800000,-9.657e-05,2025-11-08 03:00:00.000
1762574400001,-6.935e-05,2025-11-08 04:00:00.001
1762578000006,-3.798e-05,2025-11-08 05:00:00.006
1762581600000,-4.975e-05,2025-11-08 06:00:00.000
1762585200007,-4.499e-05,2025-11-08 07:00:00.007
1762588800015,-4.099e-05,2025-11-08 08:00:00.015
1762592400001,-6.073e-05,2025-11-08 09:00:00.001
1762596000009,-2.64e-05,2025-11-08 10:00:00.009
1762599600008,-5.52e-05,2025-11-08 11:00:00.008
1762603200000,-8.188e-05,2025-11-08 12:00:00.000
1762606800000,-4.963e-05,2025-11-08 13:00:00.000
1762610400000,-4.122e-05,2025-11-08 14:00:00.000
1762614000000,-5.015e-05,2025-11-08 15:00:00.000
1762617600001,-3.814e-05,2025-11-08 16:00:00.001
1762621200000,-5.414e-05,2025-11-08 17:00:00.000
1762624800000,-4.65e-05,2025-11-08 18:00:00.000
1762628400007,-3.354e-05,2025-11-08 19:00:00.007
1762632000006,-5.431e-05,2025-11-08 20:00:00.006
1762635600008,-4.501e-05,2025-11-08 21:00:00.008
1762639200011,-6.387e-05,2025-11-08 22:00:00.011
1762642800000,-0.00015862,2025-11-08 23:00:00.000
1762646400004,-0.0002141,2025-11-09 00:00:00.004
1762650000000,-6.738e-05,2025-11-09 01:00:00.000
1762653600006,-9.598e-05,2025-11-09 02:00:00.006
1762657200000,-0.00012551,2025-11-09 03:00:00.000
1762660800000,-0.00012906,2025-11-09 04:00:00.000
1762664400007,-0.00011161,2025-11-09 05:00:00.007
1762668000004,-0.00013025,2025-11-09 06:00:00.004
1762671600000,-0.00012115,2025-11-09 07:00:00.000
1762675200000,-9.965e-05,2025-11-09 08:00:00.000
1762678800001,-0.00012383,2025-11-09 09:00:00.001
1762682400005,-6.344e-05,2025-11-09 10:00:00.005
1762686000003,-0.0001056,2025-11-09 11:00:00.003
1762689600000,-4.112e-05,2025-11-09 12:00:00.000
1762693200010,-6.022e-05,2025-11-09 13:00:00.010
1762696800007,-5.794e-05,2025-11-09 14:00:00.007
1762700400000,-9.009e-05,2025-11-09 15:00:00.000
1762704000005,-9.455e-05,2025-11-09 16:00:00.005
1762707600000,-1.14e-05,2025-11-09 17:00:00.000
1762711200001,-4.104e-05,2025-11-09 18:00:00.001
1762714800000,-4.861e-05,2025-11-09 19:00:00.000
1762718400010,-3.502e-05,2025-11-09 20:00:00.010
1762722000007,-4.983e-05,2025-11-09 21:00:00.007
1762725600003,-3.674e-05,2025-11-09 22:00:00.003
1762729200012,-3.569e-05,2025-11-09 23:00:00.012
1762732800000,-0.00011734,2025-11-10 00:00:00.000
1762736400001,-0.00010063,2025-11-10 01:00:00.001
1762740000000,-0.00010401,2025-11-10 02:00:00.000
1762743600009,-0.00013828,2025-11-10 03:00:00.009
1762747200005,-0.00011565,2025-11-10 04:00:00.005
1762750800000,-0.00011143,2025-11-10 05:00:00.000
1762754400009,-0.00016432,2025-11-10 06:00:00.009
1762758000000,-5.299e-05,2025-11-10 07:00:00.000
1762761600000,-7.38e-06,2025-11-10 08:00:00.000
1762765200003,-3.51e-05,2025-11-10 09:00:00.003
1762768800001,-6.46e-06,2025-11-10 10:00:00.001
1762772400001,-2.229e-05,2025-11-10 11:00:00.001
1762776000003,-5.83e-05,2025-11-10 12:00:00.003
1762779600001,-4.652e-05,2025-11-10 13:00:00.001
1762783200000,-5.603e-05,2025-11-10 14:00:00.000
1762786800001,-2.961e-05,2025-11-10 15:00:00.001
1762790400003,-1.53e-06,2025-11-10 16:00:00.003
1762794000000,-5.92e-06,2025-11-10 17:00:00.000
1762797600000,-1.273e-05,2025-11-10 18:00:00.000
1762801200004,-3e-08,2025-11-10 19:00:00.004
1762804800000,-2.013e-05,2025-11-10 20:00:00.000
1762808400007,-9.26e-06,2025-11-10 21:00:00.007
1762812000000,1.25e-05,2025-11-10 22:00:00.000
1762815600000,1.25e-05,2025-11-10 23:00:00.000
1762819200007,-1.049e-05,2025-11-11 00:00:00.007
1762822800006,-3.282e-05,2025-11-11 01:00:00.006
1762826400000,-8.45e-06,2025-11-11 02:00:00.000
1762830000008,8.47e-06,2025-11-11 03:00:00.008
1762833600003,-3.62e-06,2025-11-11 04:00:00.003
1762837200000,-4.222e-05,2025-11-11 05:00:00.000
1762840800002,-4.987e-05,2025-11-11 06:00:00.002
1762844400002,-2.841e-05,2025-11-11 07:00:00.002
1762848000000,-6.971e-05,2025-11-11 08:00:00.000
1762851600005,-7.86e-05,2025-11-11 09:00:00.005
1762855200000,-5.158e-05,2025-11-11 10:00:00.000
1762858800006,-4.925e-05,2025-11-11 11:00:00.006
1762862400002,-4.38e-05,2025-11-11 12:00:00.002
1762866000001,-1.318e-05,2025-11-11 13:00:00.001
1762869600000,-0.0006061,2025-11-11 14:00:00.000
1762873200000,-0.00018695,2025-11-11 15:00:00.000
1762876800009,-0.0002417,2025-11-11 16:00:00.009
1762880400005,-0.00023981,2025-11-11 17:00:00.005
1762884000000,-0.00027089,2025-11-11 18:00:00.000
1762887600000,-0.00034426,2025-11-11 19:00:00.000
1762891200000,-0.00035836,2025-11-11 20:00:00.000
1762894800008,-0.00033562,2025-11-11 21:00:00.008
1762898400000,-0.00029697,2025-11-11 22:00:00.000
1762902000008,-0.00036005,2025-11-11 23:00:00.008
1762905600000,-0.00024664,2025-11-12 00:00:00.000
1762909200006,-0.0002509,2025-11-12 01:00:00.006
1762912800000,-0.00025693,2025-11-12 02:00:00.000
1762916400008,-0.00023512,2025-11-12 03:00:00.008
1762920000000,-0.00013296,2025-11-12 04:00:00.000
1762923600007,-0.00014955,2025-11-12 05:00:00.007
1762927200000,-0.00020823,2025-11-12 06:00:00.000
1762930800010,-0.00022858,2025-11-12 07:00:00.010
1762934400002,-0.00022821,2025-11-12 08:00:00.002
1762938000001,-0.00023157,2025-11-12 09:00:00.001
1762941600000,-0.00019996,2025-11-12 10:00:00.000
1762945200000,-0.00024613,2025-11-12 11:00:00.000
1762948800000,-0.000281,2025-11-12 12:00:00.000
1762952400007,-0.000227,2025-11-12 13:00:00.007
1762956000000,-0.00019691,2025-11-12 14:00:00.000
1762959600005,-0.00017366,2025-11-12 15:00:00.005
1762963200000,-0.00015219,2025-11-12 16:00:00.000
1762966800001,-0.00019337,2025-11-12 17:00:00.001
1762970400000,-0.00025956,2025-11-12 18:00:00.000
1762974000008,-0.00031303,2025-11-12 19:00:00.008
1762977600001,-0.00035669,2025-11-12 20:00:00.001
1762981200001,-0.00037467,2025-11-12 21:00:00.001
1762984800004,-0.00038175,2025-11-12 22:00:00.004
1762988400005,-0.00031132,2025-11-12 23:00:00.005
1762992000002,-0.00032356,2025-11-13 00:00:00.002
1762995600010,-0.00024643,2025-11-13 01:00:00.010
1762999200005,-0.00025377,2025-11-13 02:00:00.005
1763002800005,-0.00029353,2025-11-13 03:00:00.005
1763006400000,-0.00024289,2025-11-13 04:00:00.000
1763010000000,-0.00021442,2025-11-13 05:00:00.000
1763013600002,-0.00021589,2025-11-13 06:00:00.002
1763017200001,-0.0001968,2025-11-13 07:00:00.001
1763020800000,-0.00016543,2025-11-13 08:00:00.000
1763024400000,-0.00019191,2025-11-13 09:00:00.000
1763028000007,-0.00016708,2025-11-13 10:00:00.007
1763031600000,-0.00013942,2025-11-13 11:00:00.000
1763035200001,-0.00014696,2025-11-13 12:00:00.001
1763038800000,-0.00017317,2025-11-13 13:00:00.000
1763042400000,-0.00018006,2025-11-13 14:00:00.000
1763046000000,-0.00017947,2025-11-13 15:00:00.000
1763049600001,-0.00018723,2025-11-13 16:00:00.001
1763053200000,-0.00015004,2025-11-13 17:00:00.000
1763056800000,-0.00016144,2025-11-13 18:00:00.000
1763060400000,-0.00022345,2025-11-13 19:00:00.000
1763064000004,-0.00025239,2025-11-13 20:00:00.004
1763067600000,-0.00029513,2025-11-13 21:00:00.000
1763071200001,-0.00029318,2025-11-13 22:00:00.001
1763074800005,-0.00031749,2025-11-13 23:00:00.005
1763078400000,-0.00032377,2025-11-14 00:00:00.000
1763082000006,-0.00028162,2025-11-14 01:00:00.006
1763085600011,-0.00021688,2025-11-14 02:00:00.011
1763089200004,-0.0002398,2025-11-14 03:00:00.004
1763092800000,-0.00020802,2025-11-14 04:00:00.000
1763096400007,-0.00022619,2025-11-14 05:00:00.007
1763100000000,-0.00015679,2025-11-14 06:00:00.000
1763103600002,-0.00017404,2025-11-14 07:00:00.002
1763107200000,-0.00015401,2025-11-14 08:00:00.000
1763110800006,-0.00011057,2025-11-14 09:00:00.006
1763114400001,-0.0001147,2025-11-14 10:00:00.001
1763118000000,-8.73e-05,2025-11-14 11:00:00.000
1763121600001,-0.00010771,2025-11-14 12:00:00.001
1763125200000,-0.00010117,2025-11-14 13:00:00.000
1763128800007,-0.00013236,2025-11-14 14:00:00.007
1763132400000,-0.00015678,2025-11-14 15:00:00.000
1763136000001,-0.0001779,2025-11-14 16:00:00.001
1763139600000,-0.00022835,2025-11-14 17:00:00.000
1763143200001,-0.00060546,2025-11-14 18:00:00.001
1763146800002,-0.00026234,2025-11-14 19:00:00.002
1763150400000,-0.0001411,2025-11-14 20:00:00.000
1763154000000,-8.026e-05,2025-11-14 21:00:00.000
1763157600000,-0.00010402,2025-11-14 22:00:00.000
1763161200000,-0.0001164,2025-11-14 23:00:00.000
1763164800005,-8.849e-05,2025-11-15 00:00:00.005
1763168400005,-8.935e-05,2025-11-15 01:00:00.005
1763172000002,-0.00016766,2025-11-15 02:00:00.002
1763175600007,-0.00015257,2025-11-15 03:00:00.007
1763179200015,-0.00016321,2025-11-15 04:00:00.015
1763182800001,-0.00015068,2025-11-15 05:00:00.001
1763186400002,-0.00016812,2025-11-15 06:00:00.002
1763190000015,-0.00015211,2025-11-15 07:00:00.015
1763193600000,-0.00016182,2025-11-15 08:00:00.000
1763197200001,-0.00019417,2025-11-15 09:00:00.001
1763200800009,-0.00021527,2025-11-15 10:00:00.009
1763204400001,-0.00018136,2025-11-15 11:00:00.001
1763208000008,-0.00021099,2025-11-15 12:00:00.008
1763211600008,-0.00024676,2025-11-15 13:00:00.008
1763215200000,-0.00028895,2025-11-15 14:00:00.000
1763218800003,-0.00027578,2025-11-15 15:00:00.003
1763222400001,-0.0003567,2025-11-15 16:00:00.001
1763226000000,-0.00026654,2025-11-15 17:00:00.000
1763229600000,-0.00029568,2025-11-15 18:00:00.000
1763233200000,-0.00028558,2025-11-15 19:00:00.000
1763236800003,-0.00029191,2025-11-15 20:00:00.003
1763240400000,-0.00028903,2025-11-15 21:00:00.000
1763244000000,-0.00031374,2025-11-15 22:00:00.000
1763247600002,-0.00029291,2025-11-15 23:00:00.002
1763251200001,-0.00027237,2025-11-16 00:00:00.001
1763254800012,-0.00030437,2025-11-16 01:00:00.012
1763258400000,-0.00021077,2025-11-16 02:00:00.000
1763262000011,-0.00020866,2025-11-16 03:00:00.011
1763265600003,-0.00019063,2025-11-16 04:00:00.003
1763269200005,-0.0001207,2025-11-16 05:00:00.005
1763272800000,-0.00016109,2025-11-16 06:00:00.000
1763276400000,-0.00018615,2025-11-16 07:00:00.000
1763280000000,-0.00018084,2025-11-16 08:00:00.000
1763283600003,-0.00013574,2025-11-16 09:00:00.003
1763287200000,-0.00015875,2025-11-16 10:00:00.000
1763290800000,-0.00016783,2025-11-16 11:00:00.000
1763294400003,-0.00016946,2025-11-16 12:00:00.003
1763298000005,-0.00020366,2025-11-16 13:00:00.005
1763301600009,-0.0001713,2025-11-16 14:00:00.009
1763305200003,-0.00063502,2025-11-16 15:00:00.003
1763308800000,-0.000553,2025-11-16 16:00:00.000
1763312400000,-0.00040628,2025-11-16 17:00:00.000
1763316000005,-0.000343,2025-11-16 18:00:00.005
1763319600000,-0.00023536,2025-11-16 19:00:00.000
1763323200000,-0.0002337,2025-11-16 20:00:00.000
1763326800002,-0.00023716,2025-11-16 21:00:00.002
1763330400003,-0.00020207,2025-11-16 22:00:00.003
1763334000005,-0.00017887,2025-11-16 23:00:00.005
1763337600003,-0.00015776,2025-11-17 00:00:00.003
1763341200000,-0.00023129,2025-11-17 01:00:00.000
1763344800000,-0.00022514,2025-11-17 02:00:00.000
1763348400001,-0.00023119,2025-11-17 03:00:00.001
1763352000001,-0.00022773,2025-11-17 04:00:00.001
1763355600003,-0.00025934,2025-11-17 05:00:00.003
1763359200000,-0.00019608,2025-11-17 06:00:00.000
1763362800010,-0.00019951,2025-11-17 07:00:00.010
1763366400003,-0.00018901,2025-11-17 08:00:00.003
1763370000000,-0.00016871,2025-11-17 09:00:00.000
1763373600000,-0.00012861,2025-11-17 10:00:00.000
1763377200001,-0.00013776,2025-11-17 11:00:00.001
1763380800000,-0.00011201,2025-11-17 12:00:00.000
1763384400006,-0.00013322,2025-11-17 13:00:00.006
1763388000000,-0.00012102,2025-11-17 14:00:00.000
1763391600000,-0.00010672,2025-11-17 15:00:00.000
1763395200000,-0.00010256,2025-11-17 16:00:00.000
1763398800000,-0.00010664,2025-11-17 17:00:00.000
1763402400005,-0.000239,2025-11-17 18:00:00.005
1763406000005,-0.00030448,2025-11-17 19:00:00.005
1763409600003,-0.00029599,2025-11-17 20:00:00.003
1763413200000,-0.00028325,2025-11-17 21:00:00.000
1763416800000,-0.0003019,2025-11-17 22:00:00.000
1763420400003,-0.00026563,2025-11-17 23:00:00.003
1763424000002,-0.00020767,2025-11-18 00:00:00.002
1763427600000,-0.00019659,2025-11-18 01:00:00.000
1763431200002,-0.00014523,2025-11-18 02:00:00.002
1763434800005,-0.00013256,2025-11-18 03:00:00.005
1763438400000,-0.00010476,2025-11-18 04:00:00.000
1763442000001,-9.996e-05,2025-11-18 05:00:00.001
1763445600003,-9.524e-05,2025-11-18 06:00:00.003
1763449200000,-0.00011668,2025-11-18 07:00:00.000
1763452800004,-0.00012178,2025-11-18 08:00:00.004
1763456400002,-0.00014801,2025-11-18 09:00:00.002
1763460000005,-0.00011614,2025-11-18 10:00:00.005
1763463600003,-9.008e-05,2025-11-18 11:00:00.003
1763467200000,-0.0001551,2025-11-18 12:00:00.000
1763470800003,-7.99e-05,2025-11-18 13:00:00.003
1763474400007,-0.00010103,2025-11-18 14:00:00.007
1763478000003,-0.00012938,2025-11-18 15:00:00.003
1763481600000,-0.00012906,2025-11-18 16:00:00.000
1763485200001,-0.00011199,2025-11-18 17:00:00.001
1763488800001,-9.557e-05,2025-11-18 18:00:00.001
1763492400000,-9.686e-05,2025-11-18 19:00:00.000
1763496000002,-0.00016452,2025-11-18 20:00:00.002
1763499600000,-9.944e-05,2025-11-18 21:00:00.000
1763503200010,-7.999e-05,2025-11-18 22:00:00.010
1763506800005,-7.072e-05,2025-11-18 23:00:00.005
1763510400000,-8.119e-05,2025-11-19 00:00:00.000
1763514000000,-7.21e-05,2025-11-19 01:00:00.000
1763517600002,-7.189e-05,2025-11-19 02:00:00.002
1763521200004,-7.272e-05,2025-11-19 03:00:00.004
1763524800000,-8.733e-05,2025-11-19 04:00:00.000
1763528400007,-9.259e-05,2025-11-19 05:00:00.007
1763532000000,-7.994e-05,2025-11-19 06:00:00.000
1763535600013,-4.72e-05,2025-11-19 07:00:00.013
1763539200000,-4.423e-05,2025-11-19 08:00:00.000
1763542800000,-5.011e-05,2025-11-19 09:00:00.000
1763546400006,-3.018e-05,2025-11-19 10:00:00.006
1763550000000,-7.163e-05,2025-11-19 11:00:00.000
1763553600000,-9.029e-05,2025-11-19 12:00:00.000
1763557200002,-4.372e-05,2025-11-19 13:00:00.002
1763560800005,-9.221e-05,2025-11-19 14:00:00.005
1763564400003,-5.99e-05,2025-11-19 15:00:00.003
1763568000008,-5.866e-05,2025-11-19 16:00:00.008
1763571600007,-8.729e-05,2025-11-19 17:00:00.007
1763575200003,-9.334e-05,2025-11-19 18:00:00.003
1763578800004,-9.94e-05,2025-11-19 19:00:00.004
1763582400000,-6.847e-05,2025-11-19 20:00:00.000
1763586000007,-6.65e-05,2025-11-19 21:00:00.007
1763589600003,-6.41e-05,2025-11-19 22:00:00.003
1763593200002,-9.004e-05,2025-11-19 23:00:00.002
1763596800000,-8.879e-05,2025-11-20 00:00:00.000
1763600400000,-9.161e-05,2025-11-20 01:00:00.000
1763604000008,-5.177e-05,2025-11-20 02:00:00.008
1763607600008,-8.875e-05,2025-11-20 03:00:00.008
1763611200006,-8.468e-05,2025-11-20 04:00:00.006
1763614800007,-8.384e-05,2025-11-20 05:00:00.007
1763618400003,-8.101e-05,2025-11-20 06:00:00.003
1763622000000,-4.986e-05,2025-11-20 07:00:00.000
1763625600000,-5.375e-05,2025-11-20 08:00:00.000
1763629200000,-7.946e-05,2025-11-20 09:00:00.000
1763632800000,-0.00010162,2025-11-20 10:00:00.000
1763636400000,-6.829e-05,2025-11-20 11:00:00.000
1763640000003,-7.627e-05,2025-11-20 12:00:00.003
1763643600002,-7.612e-05,2025-11-20 13:00:00.002
1763647200000,-0.00015979,2025-11-20 14:00:00.000
1763650800000,-0.0001154,2025-11-20 15:00:00.000
1763654400000,-9.356e-05,2025-11-20 16:00:00.000
1763658000004,-0.0001065,2025-11-20 17:00:00.004
1763661600001,-9.88e-05,2025-11-20 18:00:00.001
1763665200000,-0.00011749,2025-11-20 19:00:00.000
1763668800002,-0.00018965,2025-11-20 20:00:00.002
1763672400000,-0.00021129,2025-11-20 21:00:00.000
1763676000000,-0.00024619,2025-11-20 22:00:00.000
1763679600000,-0.00024329,2025-11-20 23:00:00.000
1763683200001,-0.00019595,2025-11-21 00:00:00.001
1763686800000,-9e-05,2025-11-21 01:00:00.000
1763690400000,-0.00010049,2025-11-21 02:00:00.000
1763694000001,-0.00011107,2025-11-21 03:00:00.001
1763697600000,-9.572e-05,2025-11-21 04:00:00.000
1763701200000,-7.886e-05,2025-11-21 05:00:00.000
1763704800009,-6.798e-05,2025-11-21 06:00:00.009
1763708400001,-3.254e-05,2025-11-21 07:00:00.001
1763712000000,-0.00010497,2025-11-21 08:00:00.000
1763715600008,-0.00013995,2025-11-21 09:00:00.008
1763719200003,-0.00013914,2025-11-21 10:00:00.003
1763722800000,-0.00012779,2025-11-21 11:00:00.000
1763726400001,-9.672e-05,2025-11-21 12:00:00.001
1763730000004,-6.723e-05,2025-11-21 13:00:00.004
1763733600000,-4.124e-05,2025-11-21 14:00:00.000
1763737200004,-3.288e-05,2025-11-21 15:00:00.004
1763740800001,-5.5e-05,2025-11-21 16:00:00.001
1763744400004,-5.702e-05,2025-11-21 17:00:00.004
1763748000005,-7.448e-05,2025-11-21 18:00:00.005
1763751600000,-6.247e-05,2025-11-21 19:00:00.000
1763755200000,-4.017e-05,2025-11-21 20:00:00.000
1763758800001,-2.879e-05,2025-11-21 21:00:00.001
1763762400000,-1.071e-05,2025-11-21 22:00:00.000
1763766000000,-3.07e-06,2025-11-21 23:00:00.000
1763769600004,-2.17e-05,2025-11-22 00:00:00.004
1763773200000,-0.00010672,2025-11-22 01:00:00.000
1763776800000,-6.307e-05,2025-11-22 02:00:00.000
1763780400005,-7.806e-05,2025-11-22 03:00:00.005
1763784000000,-9.569e-05,2025-11-22 04:00:00.000
1763787600000,-0.00011232,2025-11-22 05:00:00.000
1763791200000,-0.00011919,2025-11-22 06:00:00.000
1763794800000,-0.00011309,2025-11-22 07:00:00.000
1763798400000,-0.00011176,2025-11-22 08:00:00.000
1763802000010,-0.00011962,2025-11-22 09:00:00.010
1763805600000,-7.13e-05,2025-11-22 10:00:00.000
1763809200001,-6.253e-05,2025-11-22 11:00:00.001
1763812800000,-5.705e-05,2025-11-22 12:00:00.000
1763816400000,-5.283e-05,2025-11-22 13:00:00.000
1763820000000,-5.819e-05,2025-11-22 14:00:00.000
1763823600001,-7.035e-05,2025-11-22 15:00:00.001
1763827200000,-5.951e-05,2025-11-22 16:00:00.000
1763830800004,-5.008e-05,2025-11-22 17:00:00.004
1763834400000,-2.608e-05,2025-11-22 18:00:00.000
1763838000000,-1.154e-05,2025-11-22 19:00:00.000
1763841600001,-3.069e-05,2025-11-22 20:00:00.001
1763845200000,-6.062e-05,2025-11-22 21:00:00.000
1763848800000,-4.644e-05,2025-11-22 22:00:00.000
1763852400005,-4.785e-05,2025-11-22 23:00:00.005
1763856000000,-8.095e-05,2025-11-23 00:00:00.000
1763859600007,-6.921e-05,2025-11-23 01:00:00.007
1763863200009,-4.55e-05,2025-11-23 02:00:00.009
1763866800000,-8.288e-05,2025-11-23 03:00:00.000
1763870400000,-4.236e-05,2025-11-23 04:00:00.000
1763874000000,-3.37e-05,2025-11-23 05:00:00.000
1763877600004,-1.594e-05,2025-11-23 06:00:00.004
1763881200000,-7.381e-05,2025-11-23 07:00:00.000
1763884800008,-1.527e-05,2025-11-23 08:00:00.008
1763888400003,-2.508e-05,2025-11-23 09:00:00.003
1763892000010,-6.226e-05,2025-11-23 10:00:00.010
1763895600009,-6.547e-05,2025-11-23 11:00:00.009
1763899200000,-7.684e-05,2025-11-23 12:00:00.000
1763902800001,-9.988e-05,2025-11-23 13:00:00.001
1763906400004,-8.791e-05,2025-11-23 14:00:00.004
1763910000000,-8.601e-05,2025-11-23 15:00:00.000
1763913600003,-6.597e-05,2025-11-23 16:00:00.003
1763917200000,-9.116e-05,2025-11-23 17:00:00.000
1763920800004,-9.152e-05,2025-11-23 18:00:00.004
1763924400000,-1.476e-05,2025-11-23 19:00:00.000
1763928000003,-4.688e-05,2025-11-23 20:00:00.003
1763931600000,-2.137e-05,2025-11-23 21:00:00.000
1763935200002,-5.58e-06,2025-11-23 22:00:00.002
1763938800009,-7.012e-05,2025-11-23 23:00:00.009
1763942400004,-4.315e-05,2025-11-24 00:00:00.004
1763946000003,-8.209e-05,2025-11-24 01:00:00.003
1763949600008,-7.075e-05,2025-11-24 02:00:00.008
1763953200006,-3.053e-05,2025-11-24 03:00:00.006
1763956800000,-2.443e-05,2025-11-24 04:00:00.000
1763960400002,-3.5e-07,2025-11-24 05:00:00.002
1763964000000,5.73e-06,2025-11-24 06:00:00.000
1763967600000,-4.657e-05,2025-11-24 07:00:00.000
1763971200000,-0.000105,2025-11-24 08:00:00.000
1763974800000,-6.337e-05,2025-11-24 09:00:00.000
1763978400000,-5.167e-05,2025-11-24 10:00:00.000
1763982000002,-4.558e-05,2025-11-24 11:00:00.002
1763985600000,-2.72e-05,2025-11-24 12:00:00.000
1763989200004,-4.173e-05,2025-11-24 13:00:00.004
1763992800000,-3.168e-05,2025-11-24 14:00:00.000
1763996400000,-8.82e-05,2025-11-24 15:00:00.000
1764000000006,-1.653e-05,2025-11-24 16:00:00.006
1764003600000,1.25e-05,2025-11-24 17:00:00.000
1764007200004,1.25e-05,2025-11-24 18:00:00.004
1764010800000,3.69e-06,2025-11-24 19:00:00.000
1764014400003,1.25e-05,2025-11-24 20:00:00.003
1764018000000,1.25e-05,2025-11-24 21:00:00.000
1764021600006,1.25e-05,2025-11-24 22:00:00.006
1764025200000,1.25e-05,2025-11-24 23:00:00.000
1764028800000,-6.98e-06,2025-11-25 00:00:00.000
1764032400014,-4.578e-05,2025-11-25 01:00:00.014
1764036000001,-9.583e-05,2025-11-25 02:00:00.001
1764039600000,-7.718e-05,2025-11-25 03:00:00.000
1764043200000,-7.795e-05,2025-11-25 04:00:00.000
1764046800002,-7.806e-05,2025-11-25 05:00:00.002
1764050400004,-6.138e-05,2025-11-25 06:00:00.004
1764054000000,-8.463e-05,2025-11-25 07:00:00.000
1764057600009,-5.324e-05,2025-11-25 08:00:00.009
1764061200004,-7.623e-05,2025-11-25 09:00:00.004
1764064800016,-8.989e-05,2025-11-25 10:00:00.016
1764068400000,-9.693e-05,2025-11-25 11:00:00.000
1764072000002,-8.712e-05,2025-11-25 12:00:00.002
1764075600000,-3.836e-05,2025-11-25 13:00:00.000
1764079200010,-5.212e-05,2025-11-25 14:00:00.010
1764082800010,-8.631e-05,2025-11-25 15:00:00.010
1764086400007,-6.339e-05,2025-11-25 16:00:00.007
1764090000010,-4.222e-05,2025-11-25 17:00:00.010
1764093600008,-7.415e-05,2025-11-25 18:00:00.008
1764097200008,-1.392e-05,2025-11-25 19:00:00.008
1764100800009,-5.566e-05,2025-11-25 20:00:00.009
1764104400000,1.41e-06,2025-11-25 21:00:00.000
1764108000000,-7.26e-06,2025-11-25 22:00:00.000
1764111600000,-3.048e-05,2025-11-25 23:00:00.000
1764115200001,-1.736e-05,2025-11-26 00:00:00.001
1764118800000,-7.88e-05,2025-11-26 01:00:00.000
1764122400001,-9.69e-05,2025-11-26 02:00:00.001
1764126000006,-7.934e-05,2025-11-26 03:00:00.006
1764129600006,-2.818e-05,2025-11-26 04:00:00.006
1764133200003,-5.461e-05,2025-11-26 05:00:00.003
1764136800000,-2.482e-05,2025-11-26 06:00:00.000
1764140400000,-3.71e-06,2025-11-26 07:00:00.000
1764144000001,1.093e-05,2025-11-26 08:00:00.001
1764147600001,-3.688e-05,2025-11-26 09:00:00.001
1764151200000,-1.771e-05,2025-11-26 10:00:00.000
1764154800004,-7.42e-06,2025-11-26 11:00:00.004
1764158400001,-2.671e-05,2025-11-26 12:00:00.001
1764162000009,-9.435e-05,2025-11-26 13:00:00.009
1764165600005,-9.289e-05,2025-11-26 14:00:00.005
1764169200000,-9.64e-05,2025-11-26 15:00:00.000
1764172800000,-5.041e-05,2025-11-26 16:00:00.000
1764176400002,-3.991e-05,2025-11-26 17:00:00.002
1764180000006,-4.189e-05,2025-11-26 18:00:00.006
1764183600008,6.8e-06,2025-11-26 19:00:00.008
1764187200001,-4.896e-05,2025-11-26 20:00:00.001
1764190800008,-1.409e-05,2025-11-26 21:00:00.008
1764194400005,-8.11e-06,2025-11-26 22:00:00.005
1764198000003,-1.178e-05,2025-11-26 23:00:00.003
1764201600013,5.86e-06,2025-11-27 00:00:00.013
1764205200007,-1.08e-05,2025-11-27 01:00:00.007
1764208800005,1.25e-05,2025-11-27 02:00:00.005
1764212400000,-5.91e-06,2025-11-27 03:00:00.000
1764216000007,-2.275e-05,2025-11-27 04:00:00.007
1764219600000,8.2e-06,2025-11-27 05:00:00.000
1764223200000,5.1e-07,2025-11-27 06:00:00.000
1764226800003,-2.6e-07,2025-11-27 07:00:00.003
1764230400000,-1.268e-05,2025-11-27 08:00:00.000
1764234000003,-1.995e-05,2025-11-27 09:00:00.003
1764237600002,-5.49e-05,2025-11-27 10:00:00.002
1764241200000,-1.436e-05,2025-11-27 11:00:00.000
1764244800002,1.25e-05,2025-11-27 12:00:00.002
1764248400000,6.3e-07,2025-11-27 13:00:00.000
1764252000004,-1.46e-06,2025-11-27 14:00:00.004
1764255600004,1.25e-05,2025-11-27 15:00:00.004
1764259200004,1.25e-05,2025-11-27 16:00:00.004
1764262800000,-1.145e-05,2025-11-27 17:00:00.000
1764266400000,-9.3e-07,2025-11-27 18:00:00.000
1764270000000,-1.518e-05,2025-11-27 19:00:00.000
1764273600004,-5.12e-06,2025-11-27 20:00:00.004
1764277200001,-7.68e-06,2025-11-27 21:00:00.001
1764280800000,-1.341e-05,2025-11-27 22:00:00.000
1764284400000,-7.09e-06,2025-11-27 23:00:00.000
1764288000008,-1.309e-05,2025-11-28 00:00:00.008
1764291600002,-4.434e-05,2025-11-28 01:00:00.002
1764295200001,-5.16e-05,2025-11-28 02:00:00.001
1764298800002,-9.015e-05,2025-11-28 03:00:00.002
1764302400000,-6.464e-05,2025-11-28 04:00:00.000
1764306000003,-2.628e-05,2025-11-28 05:00:00.003
1764309600001,-7.558e-05,2025-11-28 06:00:00.001
1764313200000,-7.536e-05,2025-11-28 07:00:00.000
1764316800000,-1.797e-05,2025-11-28 08:00:00.000
1764320400000,-1.767e-05,2025-11-28 09:00:00.000
1764324000001,-2.22e-05,2025-11-28 10:00:00.001
1764327600007,-4.74e-05,2025-11-28 11:00:00.007
1764331200004,-9.427e-05,2025-11-28 12:00:00.004
1764334800001,-7.028e-05,2025-11-28 13:00:00.001
1764338400007,-3.849e-05,2025-11-28 14:00:00.007
1764342000000,-9.1e-06,2025-11-28 15:00:00.000
1764345600008,-7.55e-06,2025-11-28 16:00:00.008
1764349200000,-5.786e-05,2025-11-28 17:00:00.000
1764352800000,-6.605e-05,2025-11-28 18:00:00.000
1764356400005,-6.243e-05,2025-11-28 19:00:00.005
1764360000010,-3.677e-05,2025-11-28 20:00:00.010
1764363600004,-2.608e-05,2025-11-28 21:00:00.004
1764367200000,-2.842e-05,2025-11-28 22:00:00.000
1764370800001,-3.844e-05,2025-11-28 23:00:00.001
1764374400000,-0.00010491,2025-11-29 00:00:00.000
1764378000002,-5.972e-05,2025-11-29 01:00:00.002
1764381600008,-4.992e-05,2025-11-29 02:00:00.008
1764385200008,-2.785e-05,2025-11-29 03:00:00.008
1764388800002,-2.58e-06,2025-11-29 04:00:00.002
1764392400000,6.35e-06,2025-11-29 05:00:00.000
1764396000006,-5.389e-05,2025-11-29 06:00:00.006
1764399600000,3.14e-06,2025-11-29 07:00:00.000
1764403200005,-1.29e-06,2025-11-29 08:00:00.005
1764406800002,-1.281e-05,2025-11-29 09:00:00.002
1764410400005,-6.08e-06,2025-11-29 10:00:00.005
1764414000008,1.131e-05,2025-11-29 11:00:00.008
1764417600003,-4.738e-05,2025-11-29 12:00:00.003
1764421200000,-6.554e-05,2025-11-29 13:00:00.000
1764424800004,-4.088e-05,2025-11-29 14:00:00.004
1764428400004,-5.63e-06,2025-11-29 15:00:00.004
1764432000001,7.06e-06,2025-11-29 16:00:00.001
1764435600005,-1.681e-05,2025-11-29 17:00:00.005
1764439200006,-3.03e-06,2025-11-29 18:00:00.006
1764442800000,-3.357e-05,2025-11-29 19:00:00.000
1764446400000,-4.17e-05,2025-11-29 20:00:00.000
1764450000005,-2.071e-05,2025-11-29 21:00:00.005
1764453600000,-5.028e-05,2025-11-29 22:00:00.000
1764457200004,-2.828e-05,2025-11-29 23:00:00.004
1764460800003,-4.256e-05,2025-11-30 00:00:00.003
1764464400000,-3.923e-05,2025-11-30 01:00:00.000
1764468000000,-1.602e-05,2025-11-30 02:00:00.000
1764471600001,-5.758e-05,2025-11-30 03:00:00.001
1764475200004,-5.124e-05,2025-11-30 04:00:00.004
1764478800000,-1.298e-05,2025-11-30 05:00:00.000
1764482400000,-1.485e-05,2025-11-30 06:00:00.000
1764486000000,-1.077e-05,2025-11-30 07:00:00.000
1764489600000,1.02e-06,2025-11-30 08:00:00.000
1764493200000,-1.943e-05,2025-11-30 09:00:00.000
1764496800002,-5.587e-05,2025-11-30 10:00:00.002
1764500400000,-4.578e-05,2025-11-30 11:00:00.000
1764504000000,-6.805e-05,2025-11-30 12:00:00.000
1764507600000,-8.714e-05,2025-11-30 13:00:00.000
1764511200001,-5.254e-05,2025-11-30 14:00:00.001
1764514800000,-5.052e-05,2025-11-30 15:00:00.000
1764518400004,-5.579e-05,2025-11-30 16:00:00.004
1764522000000,1.74e-06,2025-11-30 17:00:00.000
1764525600003,-2.944e-05,2025-11-30 18:00:00.003
1764529200002,-1.038e-05,2025-11-30 19:00:00.002
1764532800006,-2.501e-05,2025-11-30 20:00:00.006
1764536400009,6.94e-06,2025-11-30 21:00:00.009
1764540000005,6.03e-06,2025-11-30 22:00:00.005
1764543600001,-5.43e-06,2025-11-30 23:00:00.001
1764547200000,-3.574e-05,2025-12-01 00:00:00.000
1764550800012,-8.902e-05,2025-12-01 01:00:00.012
1764554400000,-3.34e-05,2025-12-01 02:00:00.000
1764558000009,-1.358e-05,2025-12-01 03:00:00.009
1764561600000,-3.503e-05,2025-12-01 04:00:00.000
1764565200000,-1.002e-05,2025-12-01 05:00:00.000
1764568800000,-2.427e-05,2025-12-01 06:00:00.000
1764572400007,-4.579e-05,2025-12-01 07:00:00.007
1764576000004,-9.832e-05,2025-12-01 08:00:00.004
1764579600006,-0.00012354,2025-12-01 09:00:00.006
1764583200003,-9.838e-05,2025-12-01 10:00:00.003
1764586800000,-0.00014135,2025-12-01 11:00:00.000
1764590400000,-7.558e-05,2025-12-01 12:00:00.000
1764594000005,-7.402e-05,2025-12-01 13:00:00.005
1764597600000,-7.636e-05,2025-12-01 14:00:00.000
1764601200003,-6.849e-05,2025-12-01 15:00:00.003
1764604800000,-5.109e-05,2025-12-01 16:00:00.000
1764608400005,-3.37e-05,2025-12-01 17:00:00.005
1764612000008,-2.967e-05,2025-12-01 18:00:00.008
1764615600000,-1.107e-05,2025-12-01 19:00:00.000
1764619200000,-1.076e-05,2025-12-01 20:00:00.000
1764622800010,-1.688e-05,2025-12-01 21:00:00.010
1764626400005,-4.996e-05,2025-12-01 22:00:00.005
1764630000000,-6.794e-05,2025-12-01 23:00:00.000
1764633600004,-8.864e-05,2025-12-02 00:00:00.004
1764637200002,-0.00011947,2025-12-02 01:00:00.002
1764640800010,-0.00010262,2025-12-02 02:00:00.010
1764644400000,-8.327e-05,2025-12-02 03:00:00.000
1764648000000,-9.217e-05,2025-12-02 04:00:00.000
1764651600000,-0.000125,2025-12-02 05:00:00.000
1764655200002,-0.00014259,2025-12-02 06:00:00.002
1764658800000,-0.000133,2025-12-02 07:00:00.000
1764662400000,-0.00013206,2025-12-02 08:00:00.000
1764666000004,-9.136e-05,2025-12-02 09:00:00.004
1764669600000,-6.755e-05,2025-12-02 10:00:00.000
1764673200001,-4.709e-05,2025-12-02 11:00:00.001
1764676800004,-5.552e-05,2025-12-02 12:00:00.004
1764680400002,-0.00010043,2025-12-02 13:00:00.002
1764684000000,-3.24e-05,2025-12-02 14:00:00.000
1764687600000,-4.83e-06,2025-12-02 15:00:00.000
1764691200000,1.25e-05,2025-12-02 16:00:00.000
1764694800000,1.25e-05,2025-12-02 17:00:00.000
1764698400003,6.62e-06,2025-12-02 18:00:00.003
1764702000003,1.25e-05,2025-12-02 19:00:00.003
1764705600000,1.239e-05,2025-12-02 20:00:00.000
1764709200000,7.93e-06,2025-12-02 21:00:00.000
1764712800001,9.91e-06,2025-12-02 22:00:00.001
1764716400007,1.25e-05,2025-12-02 23:00:00.007
1764720000000,8.21e-06,2025-12-03 00:00:00.000
1764723600000,-3.98e-06,2025-12-03 01:00:00.000
1764727200000,-2.82e-05,2025-12-03 02:00:00.000
1764730800001,-1.133e-05,2025-12-03 03:00:00.001
1764734400004,6.84e-06,2025-12-03 04:00:00.004
1764738000002,1.101e-05,2025-12-03 05:00:00.002
1764741600000,1.25e-05,2025-12-03 06:00:00.000
1764745200000,1.25e-05,2025-12-03 07:00:00.000
1764748800000,1.25e-05,2025-12-03 08:00:00.000
1764752400002,1.25e-05,2025-12-03 09:00:00.002
1764756000002,1.25e-05,2025-12-03 10:00:00.002
1764759600008,1.25e-05,2025-12-03 11:00:00.008
1764763200001,1.25e-05,2025-12-03 12:00:00.001
1764766800004,1.25e-05,2025-12-03 13:00:00.004
1764770400000,1.25e-05,2025-12-03 14:00:00.000
1764774000001,1.192e-05,2025-12-03 15:00:00.001
1764777600005,1.25e-05,2025-12-03 16:00:00.005
1764781200000,1.25e-05,2025-12-03 17:00:00.000
1764784800009,1.25e-05,2025-12-03 18:00:00.009
1764788400005,1.25e-05,2025-12-03 19:00:00.005
1764792000002,1.25e-05,2025-12-03 20:00:00.002
1764795600005,5.97e-06,2025-12-03 21:00:00.005
1764799200000,1.25e-05,2025-12-03 22:00:00.000
1764802800005,1.25e-05,2025-12-03 23:00:00.005
1764806400012,8.12e-06,2025-12-04 00:00:00.012
1764810000000,1.25e-05,2025-12-04 01:00:00.000
1764813600000,1.046e-05,2025-12-04 02:00:00.000
1764817200004,1.25e-05,2025-12-04 03:00:00.004
1764820800000,7.92e-06,2025-12-04 04:00:00.000
1764824400000,1.25e-05,2025-12-04 05:00:00.000
1764828000000,1.25e-05,2025-12-04 06:00:00.000
1764831600003,1.25e-05,2025-12-04 07:00:00.003
1764835200000,1.25e-05,2025-12-04 08:00:00.000
1764838800002,4.58e-06,2025-12-04 09:00:00.002
1764842400009,1.25e-05,2025-12-04 10:00:00.009
1764846000001,1.06e-05,2025-12-04 11:00:00.001
1764849600005,1.37e-06,2025-12-04 12:00:00.005
1764853200003,1.143e-05,2025-12-04 13:00:00.003
1764856800001,1.215e-05,2025-12-04 14:00:00.001
1764864000011,1.836e-05,2025-12-04 16:00:00.011
1764878400000,-1.49e-05,2025-12-04 20:00:00.000
1764892800000,5e-05,2025-12-05 00:00:00.000
1764907200000,3.431e-05,2025-12-05 04:00:00.000
1764921600000,3.238e-05,2025-12-05 08:00:00.000
1764936000001,5e-05,2025-12-05 12:00:00.001
1764950400010,-6.375e-05,2025-12-05 16:00:00.010
1764964800001,-2.409e-05,2025-12-05 20:00:00.001
1764979200001,5e-05,2025-12-06 00:00:00.001
1764993600000,-1.28e-06,2025-12-06 04:00:00.000
1765008000001,9.2e-06,2025-12-06 08:00:00.001
1765022400000,-8.8e-07,2025-12-06 12:00:00.000
1765036800008,-6.22e-06,2025-12-06 16:00:00.008
1765051200000,3.612e-05,2025-12-06 20:00:00.000
1765065600000,5e-05,2025-12-07 00:00:00.000
1765080000000,-0.00018219,2025-12-07 04:00:00.000
1765094400004,-0.00032276,2025-12-07 08:00:00.004
1765108800004,-0.00027474,2025-12-07 12:00:00.004
1765123200000,-0.00015573,2025-12-07 16:00:00.000
1765137600000,-0.00017938,2025-12-07 20:00:00.000
1765152000000,-0.00030985,2025-12-08 00:00:00.000
1765166400000,-0.00024524,2025-12-08 04:00:00.000
1765180800000,-0.0001491,2025-12-08 08:00:00.000
1765195200001,2.265e-05,2025-12-08 12:00:00.001
1765209600001,5e-05,2025-12-08 16:00:00.001
1765224000000,-2.899e-05,2025-12-08 20:00:00.000
1765238400001,4.368e-05,2025-12-09 00:00:00.001
1765252800004,-5.045e-05,2025-12-09 04:00:00.004
1765267200001,4.468e-05,2025-12-09 08:00:00.001
1765281600000,3.568e-05,2025-12-09 12:00:00.000
1765296000007,1.665e-05,2025-12-09 16:00:00.007
1765310400001,5e-05,2025-12-09 20:00:00.001
1765324800007,5e-05,2025-12-10 00:00:00.007
1765339200012,1.944e-05,2025-12-10 04:00:00.012
1765353600002,5e-05,2025-12-10 08:00:00.002
1765368000000,-5.386e-05,2025-12-10 12:00:00.000
1765382400012,-2.079e-05,2025-12-10 16:00:00.012
1765396800000,-1.176e-05,2025-12-10 20:00:00.000
1765411200001,-0.00035534,2025-12-11 00:00:00.001
1765425600000,-0.00021144,2025-12-11 04:00:00.000
1765440000000,-5.698e-05,2025-12-11 08:00:00.000
1765454400000,-0.00013085,2025-12-11 12:00:00.000
1765468800000,-0.00023152,2025-12-11 16:00:00.000
1765483200001,-6.244e-05,2025-12-11 20:00:00.001
1765497600005,-0.00017203,2025-12-12 00:00:00.005
1765512000000,-7.979e-05,2025-12-12 04:00:00.000
1765526400007,1.018e-05,2025-12-12 08:00:00.007
1765540800000,-6.442e-05,2025-12-12 12:00:00.000
1765555200002,-0.00021431,2025-12-12 16:00:00.002
1765569600004,-0.00034827,2025-12-12 20:00:00.004
1765584000001,-0.00021187,2025-12-13 00:00:00.001
1765598400006,-0.00045962,2025-12-13 04:00:00.006
1765612800006,-0.00032202,2025-12-13 08:00:00.006
1765627200002,-0.0002073,2025-12-13 12:00:00.002
1765641600000,-7.407e-05,2025-12-13 16:00:00.000
1765656000000,-9.075e-05,2025-12-13 20:00:00.000
1765670400000,-5.69e-06,2025-12-14 00:00:00.000
1765684800001,-6.905e-05,2025-12-14 04:00:00.001
1765699200003,-0.00021489,2025-12-14 08:00:00.003
1765713600000,-0.0003332,2025-12-14 12:00:00.000
1765728000005,-0.00020082,2025-12-14 16:00:00.005
1765742400000,-0.00028025,2025-12-14 20:00:00.000
1765756800000,-0.00012986,2025-12-15 00:00:00.000
1765771200001,-0.000286,2025-12-15 04:00:00.001
1765785600000,-0.00028015,2025-12-15 08:00:00.000
1765800000000,-0.00017906,2025-12-15 12:00:00.000
1765814400000,-0.00022409,2025-12-15 16:00:00.000
1765828800000,-0.00017754,2025-12-15 20:00:00.000
1765843200002,-0.0002718,2025-12-16 00:00:00.002
1765857600000,-7.674e-05,2025-12-16 04:00:00.000
1765872000000,-8.056e-05,2025-12-16 08:00:00.000
1765886400008,-3.717e-05,2025-12-16 12:00:00.008
1765900800002,-9.198e-05,2025-12-16 16:00:00.002
1765915200000,-0.00028309,2025-12-16 20:00:00.000
1765929600004,-7.798e-05,2025-12-17 00:00:00.004
1765944000002,-0.00012928,2025-12-17 04:00:00.002
1765958400000,-0.00010925,2025-12-17 08:00:00.000
1765972800000,-8.226e-05,2025-12-17 12:00:00.000
1765987200000,-9.567e-05,2025-12-17 16:00:00.000
1766001600001,-0.00018851,2025-12-17 20:00:00.001
1766016000005,-0.00027121,2025-12-18 00:00:00.005
1766030400000,-0.00021762,2025-12-18 04:00:00.000
1766044800007,-2.416e-05,2025-12-18 08:00:00.007
1766059200000,-0.00015513,2025-12-18 12:00:00.000
1766073600001,4.485e-05,2025-12-18 16:00:00.001
1766088000000,-9.627e-05,2025-12-18 20:00:00.000
1766102400000,-2.556e-05,2025-12-19 00:00:00.000
1766116800000,-2.067e-05,2025-12-19 04:00:00.000
1766131200001,-4.777e-05,2025-12-19 08:00:00.001
1766145600000,-1.045e-05,2025-12-19 12:00:00.000
1766160000000,-2.984e-05,2025-12-19 16:00:00.000
1766174400000,-6.38e-06,2025-12-19 20:00:00.000
1766188800005,-0.00010792,2025-12-20 00:00:00.005
1766203200001,-0.00022388,2025-12-20 04:00:00.001
1766217600000,-5.473e-05,2025-12-20 08:00:00.000
1766232000000,-5.497e-05,2025-12-20 12:00:00.000
1766246400002,-4.264e-05,2025-12-20 16:00:00.002
1766260800009,-6.881e-05,2025-12-20 20:00:00.009
1766275200000,-5.687e-05,2025-12-21 00:00:00.000
1766289600003,-0.00010031,2025-12-21 04:00:00.003
1766304000009,-0.0001671,2025-12-21 08:00:00.009
1766318400000,-0.00012322,2025-12-21 12:00:00.000
1766332800000,-0.00023263,2025-12-21 16:00:00.000
1766347200009,-0.00010509,2025-12-21 20:00:00.009
1766361600000,2.348e-05,2025-12-22 00:00:00.000
1766376000000,-7.986e-05,2025-12-22 04:00:00.000
1766390400005,-0.00019613,2025-12-22 08:00:00.005
1766404800002,3.836e-05,2025-12-22 12:00:00.002
1766419200009,-5.394e-05,2025-12-22 16:00:00.009
1766433600001,-8.433e-05,2025-12-22 20:00:00.001
1766448000000,-0.00013688,2025-12-23 00:00:00.000
1766462400000,-0.00011787,2025-12-23 04:00:00.000
1766476800000,-0.00012486,2025-12-23 08:00:00.000
1766491200000,-9.49e-05,2025-12-23 12:00:00.000
1766505600001,-0.00013223,2025-12-23 16:00:00.001
1766520000005,1.135e-05,2025-12-23 20:00:00.005
1766534400001,2.519e-05,2025-12-24 00:00:00.001
1766548800000,-4.768e-05,2025-12-24 04:00:00.000
1766563200001,-8.712e-05,2025-12-24 08:00:00.001
1766577600002,5e-05,2025-12-24 12:00:00.002
1766592000000,1.226e-05,2025-12-24 16:00:00.000
1766606400003,5e-05,2025-12-24 20:00:00.003
1766620800000,3.152e-05,2025-12-25 00:00:00.000
1766635200000,5e-05,2025-12-25 04:00:00.000
1766649600001,-5.747e-05,2025-12-25 08:00:00.001
1766664000008,-6.668e-05,2025-12-25 12:00:00.008
1766678400005,-3.622e-05,2025-12-25 16:00:00.005
1766692800001,5e-05,2025-12-25 20:00:00.001
1766707200004,-2.7e-05,2025-12-26 00:00:00.004
1766721600005,-0.00019764,2025-12-26 04:00:00.005
1766736000001,-0.0021891,2025-12-26 08:00:00.001
1766750400000,-0.00153234,2025-12-26 12:00:00.000
1766764800007,-0.00174639,2025-12-26 16:00:00.007
1766779200000,-0.00146181,2025-12-26 20:00:00.000
1766793600000,-0.00044721,2025-12-27 00:00:00.000
1766808000000,-0.0004666,2025-12-27 04:00:00.000
1766822400000,-0.00044935,2025-12-27 08:00:00.000
1766836800000,-5.737e-05,2025-12-27 12:00:00.000
1766851200011,-0.00020155,2025-12-27 16:00:00.011
1766865600003,-8.36e-06,2025-12-27 20:00:00.003
1766880000008,5e-05,2025-12-28 00:00:00.008
1766894400000,-0.00011154,2025-12-28 04:00:00.000
1766908800000,-0.00016619,2025-12-28 08:00:00.000
1766923200010,-0.00029144,2025-12-28 12:00:00.010
1766937600000,-0.00032291,2025-12-28 16:00:00.000
1766952000002,-5.651e-05,2025-12-28 20:00:00.002
1766966400016,-0.00015407,2025-12-29 00:00:00.016
1766980800000,-0.00010751,2025-12-29 04:00:00.000
1766995200001,-0.00011711,2025-12-29 08:00:00.001
1767009600001,-0.00018057,2025-12-29 12:00:00.001
1767024000000,-3.144e-05,2025-12-29 16:00:00.000
1767038400000,-0.00015602,2025-12-29 20:00:00.000
1767052800005,-4.555e-05,2025-12-30 00:00:00.005
1767067200012,-4.691e-05,2025-12-30 04:00:00.012
1767081600001,-0.00014583,2025-12-30 08:00:00.001
1767096000000,4.34e-06,2025-12-30 12:00:00.000
1767110400003,5e-05,2025-12-30 16:00:00.003
1767124800001,-4.695e-05,2025-12-30 20:00:00.001
1767139200004,-7.32e-06,2025-12-31 00:00:00.004
1767153600008,-6.559e-05,2025-12-31 04:00:00.008
1767168000001,2.879e-05,2025-12-31 08:00:00.001
1767182400007,-7.777e-05,2025-12-31 12:00:00.007
1767196800001,-0.00013718,2025-12-31 16:00:00.001
1767211200009,-0.00026914,2025-12-31 20:00:00.009
1767225600008,-3.902e-05,2026-01-01 00:00:00.008
1767240000000,-7.502e-05,2026-01-01 04:00:00.000
1767254400002,4.123e-05,2026-01-01 08:00:00.002
1767268800007,-2.942e-05,2026-01-01 12:00:00.007
1767283200001,2.722e-05,2026-01-01 16:00:00.001
1767297600005,5e-05,2026-01-01 20:00:00.005
1767312000006,5e-05,2026-01-02 00:00:00.006
1767326400000,4.315e-05,2026-01-02 04:00:00.000
1767340800007,2.969e-05,2026-01-02 08:00:00.007
1767355200000,3.443e-05,2026-01-02 12:00:00.000
1767369600000,5e-05,2026-01-02 16:00:00.000
1767384000000,4.413e-05,2026-01-02 20:00:00.000
1767398400001,3.308e-05,2026-01-03 00:00:00.001
1767412800000,3.843e-05,2026-01-03 04:00:00.000
1767427200000,2.425e-05,2026-01-03 08:00:00.000
1767441600008,-5.165e-05,2026-01-03 12:00:00.008
1767456000000,-2.1e-05,2026-01-03 16:00:00.000
1767470400001,3.034e-05,2026-01-03 20:00:00.001
1767484800000,4.697e-05,2026-01-04 00:00:00.000
1767499200000,5e-05,2026-01-04 04:00:00.000
1767513600000,1.186e-05,2026-01-04 08:00:00.000
1767528000001,-4.44e-06,2026-01-04 12:00:00.001
1767542400001,-0.00014095,2026-01-04 16:00:00.001
1767556800002,3.67e-06,2026-01-04 20:00:00.002
1767571200000,4.989e-05,2026-01-05 00:00:00.000
1767585600001,-2.843e-05,2026-01-05 04:00:00.001
1767600000000,3.549e-05,2026-01-05 08:00:00.000
1767614400000,5e-05,2026-01-05 12:00:00.000
1767628800000,5e-05,2026-01-05 16:00:00.000
1767643200000,3.401e-05,2026-01-05 20:00:00.000
1767657600010,5e-05,2026-01-06 00:00:00.010
1767672000000,2.271e-05,2026-01-06 04:00:00.000
1767686400000,-1.605e-05,2026-01-06 08:00:00.000
1767700800000,3.616e-05,2026-01-06 12:00:00.000
1767715200000,5e-05,2026-01-06 16:00:00.000
1767729600002,5e-05,2026-01-06 20:00:00.002
1767744000001,5e-05,2026-01-07 00:00:00.001
1767758400003,5e-05,2026-01-07 04:00:00.003
1767772800001,5e-05,2026-01-07 08:00:00.001
1767787200000,5e-05,2026-01-07 12:00:00.000
1767801600001,5e-05,2026-01-07 16:00:00.001
1767816000001,3.299e-05,2026-01-07 20:00:00.001
1767830400001,5e-05,2026-01-08 00:00:00.001
1767844800000,5e-05,2026-01-08 04:00:00.000
1767859200000,3.124e-05,2026-01-08 08:00:00.000
1767873600002,3.585e-05,2026-01-08 12:00:00.002
1767888000000,-7.66e-06,2026-01-08 16:00:00.000
1767902400000,-0.00012315,2026-01-08 20:00:00.000
1767916800003,-4.16e-06,2026-01-09 00:00:00.003
1767931200000,3.82e-05,2026-01-09 04:00:00.000
1767945600000,-0.00011214,2026-01-09 08:00:00.000
1767960000000,-2.411e-05,2026-01-09 12:00:00.000
1767974400001,-1.311e-05,2026-01-09 16:00:00.001
1767988800005,3.225e-05,2026-01-09 20:00:00.005
1768003200000,5e-05,2026-01-10 00:00:00.000
1768017600000,1.464e-05,2026-01-10 04:00:00.000
1768032000002,-5.505e-05,2026-01-10 08:00:00.002
1768046400000,-2.752e-05,2026-01-10 12:00:00.000
1768060800001,3.943e-05,2026-01-10 16:00:00.001
1768075200014,-3.621e-05,2026-01-10 20:00:00.014
1768089600003,-4.028e-05,2026-01-11 00:00:00.003
1768104000000,-0.00038242,2026-01-11 04:00:00.000
1768118400006,-0.00033595,2026-01-11 08:00:00.006
1768132800000,-0.00028035,2026-01-11 12:00:00.000
1768147200000,-0.00029377,2026-01-11 16:00:00.000
1768161600002,-0.00027342,2026-01-11 20:00:00.002
1768176000005,-0.00039051,2026-01-12 00:00:00.005
1768190400008,-0.00021712,2026-01-12 04:00:00.008
1768204800000,-0.00026456,2026-01-12 08:00:00.000
1768219200000,9.57e-06,2026-01-12 12:00:00.000
1768233600000,-9.16e-05,2026-01-12 16:00:00.000
1768248000000,-0.00011061,2026-01-12 20:00:00.000
1768262400007,-0.0001385,2026-01-13 00:00:00.007
1768276800000,-0.00011031,2026-01-13 04:00:00.000
1768291200009,-7.916e-05,2026-01-13 08:00:00.009
1768305600000,3.288e-05,2026-01-13 12:00:00.000
1768320000002,5e-05,2026-01-13 16:00:00.002
1768334400003,5e-05,2026-01-13 20:00:00.003
1768348800000,5e-05,2026-01-14 00:00:00.000
1768363200001,5e-05,2026-01-14 04:00:00.001
1768377600001,5e-05,2026-01-14 08:00:00.001
1768392000000,5e-05,2026-01-14 12:00:00.000
1768406400004,5e-05,2026-01-14 16:00:00.004
1768420800007,5e-05,2026-01-14 20:00:00.007
1768435200000,3.528e-05,2026-01-15 00:00:00.000
1768449600008,5e-05,2026-01-15 04:00:00.008
1768464000004,2.658e-05,2026-01-15 08:00:00.004
1768478400000,5e-05,2026-01-15 12:00:00.000
1768492800002,-1.41e-05,2026-01-15 16:00:00.002
1768507200000,-1.975e-05,2026-01-15 20:00:00.000
1768521600000,2.869e-05,2026-01-16 00:00:00.000
1768536000000,1.87e-05,2026-01-16 04:00:00.000
1768550400000,2.899e-05,2026-01-16 08:00:00.000
1768564800001,5e-05,2026-01-16 12:00:00.001
1768579200001,-2.724e-05,2026-01-16 16:00:00.001
1768593600003,-6.629e-05,2026-01-16 20:00:00.003
1768608000000,-7.852e-05,2026-01-17 00:00:00.000
1768622400000,4.486e-05,2026-01-17 04:00:00.000
1768636800000,5e-05,2026-01-17 08:00:00.000
1768651200000,5e-05,2026-01-17 12:00:00.000
1768665600002,5e-05,2026-01-17 16:00:00.002
1768680000002,2.84e-05,2026-01-17 20:00:00.002
1768694400001,4.05e-06,2026-01-18 00:00:00.001
1768708800002,2.63e-05,2026-01-18 04:00:00.002
1768723200000,4.327e-05,2026-01-18 08:00:00.000
1768737600000,1.09e-05,2026-01-18 12:00:00.000
1768752000000,1.665e-05,2026-01-18 16:00:00.000
1768766400011,-0.0001015,2026-01-18 20:00:00.011
1768780800007,2.736e-05,2026-01-19 00:00:00.007
1768795200002,-0.00010315,2026-01-19 04:00:00.002
1768809600007,-8.517e-05,2026-01-19 08:00:00.007
1768824000000,-0.00021786,2026-01-19 12:00:00.000
1768838400007,-0.00014274,2026-01-19 16:00:00.007
1768852800000,2.22e-06,2026-01-19 20:00:00.000
1768867200005,5e-05,2026-01-20 00:00:00.005
1768881600008,2.982e-05,2026-01-20 04:00:00.008
1768896000001,-4.566e-05,2026-01-20 08:00:00.001
1768910400007,-0.0001362,2026-01-20 12:00:00.007
1768924800009,4.244e-05,2026-01-20 16:00:00.009
1768939200002,-0.0001578,2026-01-20 20:00:00.002
1768953600001,-9.69e-06,2026-01-21 00:00:00.001
1768968000009,-2.298e-05,2026-01-21 04:00:00.009
1768982400011,5e-05,2026-01-21 08:00:00.011
1768996800000,-3.404e-05,2026-01-21 12:00:00.000
1769011200011,8.99e-06,2026-01-21 16:00:00.011
1769025600000,6.39e-06,2026-01-21 20:00:00.000
1769040000010,4.007e-05,2026-01-22 00:00:00.010
1769054400011,-8.892e-05,2026-01-22 04:00:00.011
1769068800003,-0.00014623,2026-01-22 08:00:00.003
1769083200000,-0.00020162,2026-01-22 12:00:00.000
1769097600005,-2.955e-05,2026-01-22 16:00:00.005
1769112000000,-6.966e-05,2026-01-22 20:00:00.000
1769126400005,-1.391e-05,2026-01-23 00:00:00.005
1769140800000,-0.00027671,2026-01-23 04:00:00.000
1769155200000,-8.35e-05,2026-01-23 08:00:00.000
1769169600002,-0.00023249,2026-01-23 12:00:00.002
1769184000011,-8.574e-05,2026-01-23 16:00:00.011
1769198400000,-3.086e-05,2026-01-23 20:00:00.000
1769212800011,-1.425e-05,2026-01-24 00:00:00.011
1769227200008,4.255e-05,2026-01-24 04:00:00.008
1769241600002,2.005e-05,2026-01-24 08:00:00.002
1769256000000,5e-05,2026-01-24 12:00:00.000
1769270400001,5e-05,2026-01-24 16:00:00.001
1769284800008,-0.00013007,2026-01-24 20:00:00.008
1769299200002,-4.122e-05,2026-01-25 00:00:00.002
1769313600000,-3.833e-05,2026-01-25 04:00:00.000
1769328000011,-1.572e-05,2026-01-25 08:00:00.011
1769342400000,5e-05,2026-01-25 12:00:00.000
1769356800005,5e-05,2026-01-25 16:00:00.005
1769371200001,9.13e-06,2026-01-25 20:00:00.001
1769385600000,2.211e-05,2026-01-26 00:00:00.000
1769400000000,1.906e-05,2026-01-26 04:00:00.000
1769414400003,5e-05,2026-01-26 08:00:00.003
1769428800000,5e-05,2026-01-26 12:00:00.000
1769443200000,5e-05,2026-01-26 16:00:00.000
1769457600000,-1.348e-05,2026-01-26 20:00:00.000
1769472000002,5e-05,2026-01-27 00:00:00.002
1769486400002,-9.734e-05,2026-01-27 04:00:00.002
1769500800000,5e-05,2026-01-27 08:00:00.000
1769515200006,9.06e-06,2026-01-27 12:00:00.006
1769529600000,4.016e-05,2026-01-27 16:00:00.000
1769544000000,5e-05,2026-01-27 20:00:00.000
1769558400000,5e-05,2026-01-28 00:00:00.000
1769572800008,5e-05,2026-01-28 04:00:00.008
1769587200000,1.852e-05,2026-01-28 08:00:00.000
1769601600005,5e-05,2026-01-28 12:00:00.005
1769616000000,5e-05,2026-01-28 16:00:00.000
1769630400004,5e-05,2026-01-28 20:00:00.004
1769644800000,4.898e-05,2026-01-29 00:00:00.000
1769659200000,-4.47e-05,2026-01-29 04:00:00.000
1769673600009,-2.597e-05,2026-01-29 08:00:00.009
1769688000000,3.495e-05,2026-01-29 12:00:00.000
1769702400000,-8.413e-05,2026-01-29 16:00:00.000
1769716800004,-1.696e-05,2026-01-29 20:00:00.004
1769731200008,-3.85e-05,2026-01-30 00:00:00.008
1769745600005,-2.918e-05,2026-01-30 04:00:00.005
1769760000000,5e-05,2026-01-30 08:00:00.000
1769774400005,5e-05,2026-01-30 12:00:00.005
1769788800001,2.534e-05,2026-01-30 16:00:00.001
1769803200004,4.53e-06,2026-01-30 20:00:00.004
1769817600000,5e-05,2026-01-31 00:00:00.000
1769832000002,-2.2e-07,2026-01-31 04:00:00.002
1769846400001,-4.361e-05,2026-01-31 08:00:00.001
1769860800010,-5.46e-06,2026-01-31 12:00:00.010
1769875200009,1.641e-05,2026-01-31 16:00:00.009
1769889600012,-5.092e-05,2026-01-31 20:00:00.012
1769904000001,-0.00012179,2026-02-01 00:00:00.001
1769918400000,-0.00026352,2026-02-01 04:00:00.000
1769932800004,-0.00027283,2026-02-01 08:00:00.004
1769947200004,-0.00025002,2026-02-01 12:00:00.004
1769961600000,-4.731e-05,2026-02-01 16:00:00.000
1769976000004,5e-05,2026-02-01 20:00:00.004
1769990400000,-0.00022399,2026-02-02 00:00:00.000
1770004800000,-0.00011724,2026-02-02 04:00:00.000
1770019200014,-4.656e-05,2026-02-02 08:00:00.014
1770033600009,-7.9e-06,2026-02-02 12:00:00.009
1770048000000,-0.00013395,2026-02-02 16:00:00.000
1770062400000,-0.00019187,2026-02-02 20:00:00.000
1770076800000,-0.00022004,2026-02-03 00:00:00.000
1770091200001,-0.00017584,2026-02-03 04:00:00.001
1770105600007,-0.00015138,2026-02-03 08:00:00.007
1770120000006,5e-05,2026-02-03 12:00:00.006
1770134400000,-5.996e-05,2026-02-03 16:00:00.000
1770148800009,-0.0001139,2026-02-03 20:00:00.009
1770163200002,-0.00015209,2026-02-04 00:00:00.002
1770177600004,-0.00015234,2026-02-04 04:00:00.004
1770192000007,-0.00012939,2026-02-04 08:00:00.007
1770206400010,-0.0002081,2026-02-04 12:00:00.010
1770220800000,-6.888e-05,2026-02-04 16:00:00.000
1770235200001,-0.00010134,2026-02-04 20:00:00.001
1770249600011,-4.535e-05,2026-02-05 00:00:00.011
1770264000001,-0.00010219,2026-02-05 04:00:00.001
1770278400000,3.497e-05,2026-02-05 08:00:00.000
1770292800006,-4.09e-06,2026-02-05 12:00:00.006
1770307200007,-0.0001038,2026-02-05 16:00:00.007
1770321600000,-0.00012036,2026-02-05 20:00:00.000
1770336000000,-6.765e-05,2026-02-06 00:00:00.000
1770350400001,-1.197e-05,2026-02-06 04:00:00.001
1770364800001,-0.00013036,2026-02-06 08:00:00.001
1770379200003,2.936e-05,2026-02-06 12:00:00.003
1770393600000,2.85e-05,2026-02-06 16:00:00.000
1770408000005,-0.00012946,2026-02-06 20:00:00.005
1770422400003,1.144e-05,2026-02-07 00:00:00.003
1770436800024,-0.00047649,2026-02-07 04:00:00.024
1770451200000,-8.16e-05,2026-02-07 08:00:00.000
1770465600007,1.328e-05,2026-02-07 12:00:00.007
1770480000010,-7.861e-05,2026-02-07 16:00:00.010
1770494400000,-0.0002322,2026-02-07 20:00:00.000
1770508800003,5e-05,2026-02-08 00:00:00.003
1770523200002,-0.00020201,2026-02-08 04:00:00.002
1770537600000,2.821e-05,2026-02-08 08:00:00.000
1770552000005,4.714e-05,2026-02-08 12:00:00.005
1770566400000,-3.799e-05,2026-02-08 16:00:00.000
1770580800000,-3.514e-05,2026-02-08 20:00:00.000
1770595200002,5e-05,2026-02-09 00:00:00.002
1770609600012,5e-05,2026-02-09 04:00:00.012
1770624000001,5e-05,2026-02-09 08:00:00.001
1770638400003,-1.171e-05,2026-02-09 12:00:00.003
1770652800007,-7.25e-06,2026-02-09 16:00:00.007
1770667200006,2.035e-05,2026-02-09 20:00:00.006
1770681600000,-3.619e-05,2026-02-10 00:00:00.000
1770696000000,-8.489e-05,2026-02-10 04:00:00.000
1770710400007,-0.00016379,2026-02-10 08:00:00.007
1770724800000,-1.2e-05,2026-02-10 12:00:00.000
1770739200000,-2.365e-05,2026-02-10 16:00:00.000
1770753600007,-2.014e-05,2026-02-10 20:00:00.007
1770768000000,1.703e-05,2026-02-11 00:00:00.000
1770782400000,5e-05,2026-02-11 04:00:00.000
1770796800006,-0.00019752,2026-02-11 08:00:00.006
1770811200000,-5.732e-05,2026-02-11 12:00:00.000
1770825600000,-8.305e-05,2026-02-11 16:00:00.000
1770840000003,-0.00028798,2026-02-11 20:00:00.003
1770854400000,-0.00031243,2026-02-12 00:00:00.000
1770868800000,-0.00024815,2026-02-12 04:00:00.000
1770883200001,-0.00027022,2026-02-12 08:00:00.001
1770897600002,-0.00030937,2026-02-12 12:00:00.002
1770912000001,-0.00019325,2026-02-12 16:00:00.001
1770926400006,-5.424e-05,2026-02-12 20:00:00.006
1770940800007,5e-05,2026-02-13 00:00:00.007
1770955200000,-6.516e-05,2026-02-13 04:00:00.000
1770969600003,4.68e-05,2026-02-13 08:00:00.003
1770984000000,-3.189e-05,2026-02-13 12:00:00.000
1770998400005,5e-05,2026-02-13 16:00:00.005
1771012800006,5e-05,2026-02-13 20:00:00.006
1771027200002,5e-05,2026-02-14 00:00:00.002
1771041600007,2.356e-05,2026-02-14 04:00:00.007
1771056000004,5e-05,2026-02-14 08:00:00.004
1771070400000,5e-05,2026-02-14 12:00:00.000
1771084800002,2.701e-05,2026-02-14 16:00:00.002
1771099200000,5e-05,2026-02-14 20:00:00.000
1771113600000,-8.646e-05,2026-02-15 00:00:00.000
1771128000000,5e-05,2026-02-15 04:00:00.000
1771142400002,5e-05,2026-02-15 08:00:00.002
1771156800005,3.2e-07,2026-02-15 12:00:00.005
1771171200000,-0.00015225,2026-02-15 16:00:00.000
1771185600009,-2.36e-06,2026-02-15 20:00:00.009
1771200000001,-6.183e-05,2026-02-16 00:00:00.001
1771214400004,-8.357e-05,2026-02-16 04:00:00.004
1771228800003,3.133e-05,2026-02-16 08:00:00.003
1771243200000,5e-05,2026-02-16 12:00:00.000
1771257600000,-2.02e-05,2026-02-16 16:00:00.000
1771272000009,-3.465e-05,2026-02-16 20:00:00.009
1771286400008,1.165e-05,2026-02-17 00:00:00.008
1771300800003,-8.788e-05,2026-02-17 04:00:00.003
1771315200001,-5.806e-05,2026-02-17 08:00:00.001
1771329600000,-4.846e-05,2026-02-17 12:00:00.000
1771344000002,-0.00017034,2026-02-17 16:00:00.002
1771358400002,2.43e-06,2026-02-17 20:00:00.002
1771372800000,-3.826e-05,2026-02-18 00:00:00.000
1771387200000,5e-05,2026-02-18 04:00:00.000
1771401600000,-0.0001516,2026-02-18 08:00:00.000
1771416000007,-8.076e-05,2026-02-18 12:00:00.007
1771430400011,-5.15e-06,2026-02-18 16:00:00.011
1771444800004,-0.00024456,2026-02-18 20:00:00.004
1771459200013,-0.00024297,2026-02-19 00:00:00.013
1771473600003,-0.00014917,2026-02-19 04:00:00.003
1771488000000,-0.00036001,2026-02-19 08:00:00.000
1771502400011,-0.00019535,2026-02-19 12:00:00.011
1771516800003,-0.00035407,2026-02-19 16:00:00.003
1771531200000,-0.00016073,2026-02-19 20:00:00.000
1771545600000,-8.106e-05,2026-02-20 00:00:00.000
1771560000003,5e-05,2026-02-20 04:00:00.003
1771574400000,-0.00338692,2026-02-20 08:00:00.000
1771588800000,-0.00989039,2026-02-20 12:00:00.000
1771603200000,-0.00280701,2026-02-20 16:00:00.000
1771617600000,-0.00175839,2026-02-20 20:00:00.000
1771632000004,-0.0018583,2026-02-21 00:00:00.004
1771646400000,-0.00429529,2026-02-21 04:00:00.000
1771660800000,-0.00225392,2026-02-21 08:00:00.000
1771675200013,-0.00223462,2026-02-21 12:00:00.013
1771689600005,-0.00131354,2026-02-21 16:00:00.005
1771704000000,-0.00090981,2026-02-21 20:00:00.000
1771718400001,-0.00143632,2026-02-22 00:00:00.001
1771732800008,-0.00064721,2026-02-22 04:00:00.008
1771747200004,-0.0010826,2026-02-22 08:00:00.004
1771761600008,-0.00101578,2026-02-22 12:00:00.008
1771776000000,-0.00178424,2026-02-22 16:00:00.000
1771790400000,-0.00083151,2026-02-22 20:00:00.000
1771804800001,-0.0004446,2026-02-23 00:00:00.001
1771819200000,-0.0006486,2026-02-23 04:00:00.000
1771833600000,-0.00166034,2026-02-23 08:00:00.000
1771848000003,-0.00036002,2026-02-23 12:00:00.003
1771862400000,-0.00047806,2026-02-23 16:00:00.000
1771876800000,-0.00037408,2026-02-23 20:00:00.000
1771891200007,-0.00048421,2026-02-24 00:00:00.007
1771905600000,-0.00083099,2026-02-24 04:00:00.000
1771920000000,-0.00028647,2026-02-24 08:00:00.000
1771934400000,-0.000132,2026-02-24 12:00:00.000
1771948800001,-0.00012048,2026-02-24 16:00:00.001
1771963200002,-0.00016984,2026-02-24 20:00:00.002
1771977600001,-0.00028553,2026-02-25 00:00:00.001
1771992000000,-0.00033752,2026-02-25 04:00:00.000
1772006400007,-0.00032101,2026-02-25 08:00:00.007
1772020800000,-0.00029548,2026-02-25 12:00:00.000
1772035200000,-0.00029313,2026-02-25 16:00:00.000
1772049600006,-0.00034697,2026-02-25 20:00:00.006
1772064000000,-0.00031469,2026-02-26 00:00:00.000
1772078400000,-0.00036832,2026-02-26 04:00:00.000
1772092800006,-0.0004262,2026-02-26 08:00:00.006
1772107200004,-0.00073642,2026-02-26 12:00:00.004
1772121600002,-0.00058113,2026-02-26 16:00:00.002
1772136000001,-0.00025682,2026-02-26 20:00:00.001
1772150400007,-0.00076179,2026-02-27 00:00:00.007
1772164800000,-0.00082282,2026-02-27 04:00:00.000
1772179200000,-0.00047472,2026-02-27 08:00:00.000
1772193600000,-0.00024783,2026-02-27 12:00:00.000
1772208000001,-9.957e-05,2026-02-27 16:00:00.001
1772222400007,-3.97e-05,2026-02-27 20:00:00.007
1772236800000,-7.975e-05,2026-02-28 00:00:00.000
1772251200002,-0.00020967,2026-02-28 04:00:00.002
1772265600000,-0.00010823,2026-02-28 08:00:00.000
1772280000001,-0.00010477,2026-02-28 12:00:00.001
1772294400004,-0.0003307,2026-02-28 16:00:00.004
1772308800000,-0.00015343,2026-02-28 20:00:00.000
1772323200005,-0.00012293,2026-03-01 00:00:00.005
1772337600000,-0.00022622,2026-03-01 04:00:00.000
1772352000000,-0.00042016,2026-03-01 08:00:00.000
1772366400000,-0.0003725,2026-03-01 12:00:00.000
1772380800002,-0.00037074,2026-03-01 16:00:00.002
1772395200001,-0.00078965,2026-03-01 20:00:00.001
1772409600001,-0.00056807,2026-03-02 00:00:00.001
1772424000001,-0.00026111,2026-03-02 04:00:00.001
1772438400007,-8.835e-05,2026-03-02 08:00:00.007
1772452800002,-0.00020788,2026-03-02 12:00:00.002
1772467200000,-5.96e-05,2026-03-02 16:00:00.000
1772481600000,-0.00022151,2026-03-02 20:00:00.000
1772496000000,-0.00035088,2026-03-03 00:00:00.000
1772510400009,-0.00015284,2026-03-03 04:00:00.009
1772524800000,-0.00048842,2026-03-03 08:00:00.000
1772539200017,-0.00071731,2026-03-03 12:00:00.017
1772553600007,-0.00041502,2026-03-03 16:00:00.007
1772568000000,-8.292e-05,2026-03-03 20:00:00.000
1772582400001,-4.282e-05,2026-03-04 00:00:00.001
1772596800000,-5.809e-05,2026-03-04 04:00:00.000
1772611200005,-0.0001901,2026-03-04 08:00:00.005
1772625600008,-2.88e-06,2026-03-04 12:00:00.008
1772640000000,-0.00013187,2026-03-04 16:00:00.000
1772654400000,-0.00021635,2026-03-04 20:00:00.000
1772668800000,-1.995e-05,2026-03-05 00:00:00.000
1772683200000,-0.00023155,2026-03-05 04:00:00.000
1772697600000,-0.00047906,2026-03-05 08:00:00.000
1772712000000,-0.00013796,2026-03-05 12:00:00.000
1772726400004,-0.00015198,2026-03-05 16:00:00.004
1772740800000,-5.396e-05,2026-03-05 20:00:00.000
1772755200001,-0.00015729,2026-03-06 00:00:00.001
1772769600003,-7.53e-06,2026-03-06 04:00:00.003
1772784000001,-9.431e-05,2026-03-06 08:00:00.001
1772798400005,-6.763e-05,2026-03-06 12:00:00.005
1772812800004,-0.00023483,2026-03-06 16:00:00.004
1772827200010,-1.292e-05,2026-03-06 20:00:00.010
1772841600001,-0.0001163,2026-03-07 00:00:00.001
1772856000006,-0.00040881,2026-03-07 04:00:00.006
1772870400012,-0.00016654,2026-03-07 08:00:00.012
1772884800000,-0.00040569,2026-03-07 12:00:00.000
1772899200001,-0.00116394,2026-03-07 16:00:00.001
1772913600000,-0.00040698,2026-03-07 20:00:00.000
1772928000001,-0.00025641,2026-03-08 00:00:00.001
1772942400010,-0.00046068,2026-03-08 04:00:00.010
1772956800000,-0.00016505,2026-03-08 08:00:00.000
1772971200002,-2.47e-06,2026-03-08 12:00:00.002
1772985600002,-0.0002707,2026-03-08 16:00:00.002
1773000000000,3.856e-05,2026-03-08 20:00:00.000
1773014400000,-0.00018819,2026-03-09 00:00:00.000
1773028800006,-5.85e-06,2026-03-09 04:00:00.006
1773043200004,5e-05,2026-03-09 08:00:00.004
1773057600001,2.264e-05,2026-03-09 12:00:00.001
1773072000003,5e-05,2026-03-09 16:00:00.003
1773086400000,5e-05,2026-03-09 20:00:00.000
1773100800012,5e-05,2026-03-10 00:00:00.012
1773115200000,5e-05,2026-03-10 04:00:00.000
1773129600002,1.599e-05,2026-03-10 08:00:00.002
1773144000004,5e-05,2026-03-10 12:00:00.004
1773158400001,-2.627e-05,2026-03-10 16:00:00.001
1773172800004,-0.00011808,2026-03-10 20:00:00.004
1773187200000,-3.289e-05,2026-03-11 00:00:00.000
1773201600000,-3.101e-05,2026-03-11 04:00:00.000
1773216000007,-0.0001746,2026-03-11 08:00:00.007
1773230400003,-5.859e-05,2026-03-11 12:00:00.003
1773244800010,5e-05,2026-03-11 16:00:00.010
1773259200004,5e-05,2026-03-11 20:00:00.004
1773273600000,5e-05,2026-03-12 00:00:00.000
1773288000001,4.43e-05,2026-03-12 04:00:00.001
1773302400000,-0.00012375,2026-03-12 08:00:00.000
1773316800006,5e-05,2026-03-12 12:00:00.006
1773331200000,5e-05,2026-03-12 16:00:00.000
1773345600006,5e-05,2026-03-12 20:00:00.006
1773360000006,5e-05,2026-03-13 00:00:00.006
1773374400005,5e-05,2026-03-13 04:00:00.005
1773388800001,5e-05,2026-03-13 08:00:00.001
1773403200003,5e-05,2026-03-13 12:00:00.003
1773417600000,5e-05,2026-03-13 16:00:00.000
1773432000000,5e-05,2026-03-13 20:00:00.000
1773446400001,8.67e-06,2026-03-14 00:00:00.001
1773460800002,5e-05,2026-03-14 04:00:00.002
1773475200000,5e-05,2026-03-14 08:00:00.000
1773489600000,5e-05,2026-03-14 12:00:00.000
1773504000007,5e-05,2026-03-14 16:00:00.007
1773518400000,1.225e-05,2026-03-14 20:00:00.000
1773532800000,4.558e-05,2026-03-15 00:00:00.000
1773547200000,2.276e-05,2026-03-15 04:00:00.000
1773561600000,5.2e-07,2026-03-15 08:00:00.000
1773576000002,5e-05,2026-03-15 12:00:00.002
1773590400000,3.758e-05,2026-03-15 16:00:00.000
1773604800000,5e-05,2026-03-15 20:00:00.000
1773619200000,5e-05,2026-03-16 00:00:00.000
1773633600006,5e-05,2026-03-16 04:00:00.006
1773648000010,5e-05,2026-03-16 08:00:00.010
1773662400002,5e-05,2026-03-16 12:00:00.002
1773676800000,5e-05,2026-03-16 16:00:00.000
1773691200001,5e-05,2026-03-16 20:00:00.001
1773705600000,5e-05,2026-03-17 00:00:00.000
1773720000008,5e-05,2026-03-17 04:00:00.008
1773734400002,5e-05,2026-03-17 08:00:00.002
1773748800012,5e-05,2026-03-17 12:00:00.012
1773763200011,5e-05,2026-03-17 16:00:00.011
1773777600000,5e-05,2026-03-17 20:00:00.000
1773792000002,5e-05,2026-03-18 00:00:00.002
1773806400000,5e-05,2026-03-18 04:00:00.000
1773820800002,5e-05,2026-03-18 08:00:00.002
1773835200001,5e-05,2026-03-18 12:00:00.001
1773849600005,5e-05,2026-03-18 16:00:00.005
1773864000008,5e-05,2026-03-18 20:00:00.008
1773878400000,-2.727e-05,2026-03-19 00:00:00.000
1773892800000,-2.77e-06,2026-03-19 04:00:00.000
1773907200003,5.97e-06,2026-03-19 08:00:00.003
1773921600002,5e-05,2026-03-19 12:00:00.002
1773936000003,2.859e-05,2026-03-19 16:00:00.003
1773950400000,6.76e-06,2026-03-19 20:00:00.000
1773964800002,9.56e-06,2026-03-20 00:00:00.002
1773979200008,5e-05,2026-03-20 04:00:00.008
1773993600000,5e-05,2026-03-20 08:00:00.000
1774008000000,5e-05,2026-03-20 12:00:00.000
1774022400000,5.44e-06,2026-03-20 16:00:00.000
1774036800007,-1.527e-05,2026-03-20 20:00:00.007
1774051200000,2.615e-05,2026-03-21 00:00:00.000
1774065600002,-2.131e-05,2026-03-21 04:00:00.002
1774080000000,-6.399e-05,2026-03-21 08:00:00.000
1774094400003,1.787e-05,2026-03-21 12:00:00.003
1774108800014,2.835e-05,2026-03-21 16:00:00.014
1774123200000,1.436e-05,2026-03-21 20:00:00.000
1774137600012,-3.836e-05,2026-03-22 00:00:00.012
1774152000003,5e-05,2026-03-22 04:00:00.003
1774166400007,-8.72e-05,2026-03-22 08:00:00.007
1774180800000,-3.538e-05,2026-03-22 12:00:00.000
1774195200002,-4.309e-05,2026-03-22 16:00:00.002
1774209600000,3.332e-05,2026-03-22 20:00:00.000
1774224000000,-3.58e-05,2026-03-23 00:00:00.000
1774238400000,-0.0001412,2026-03-23 04:00:00.000
1774252800003,-9.344e-05,2026-03-23 08:00:00.003
1774267200000,-3.853e-05,2026-03-23 12:00:00.000
1774281600002,-6.71e-06,2026-03-23 16:00:00.002
1774296000000,1.77e-06,2026-03-23 20:00:00.000
1774310400000,3.317e-05,2026-03-24 00:00:00.000
1774324800001,-0.00011337,2026-03-24 04:00:00.001
1774339200000,5e-05,2026-03-24 08:00:00.000
1774353600000,-7.225e-05,2026-03-24 12:00:00.000
1774368000003,-2.529e-05,2026-03-24 16:00:00.003
1774382400000,5e-05,2026-03-24 20:00:00.000
1774396800000,5e-05,2026-03-25 00:00:00.000
1774411200000,3.618e-05,2026-03-25 04:00:00.000
1774425600000,5e-05,2026-03-25 08:00:00.000
1774440000005,4.723e-05,2026-03-25 12:00:00.005
1774454400013,8.75e-06,2026-03-25 16:00:00.013
1774468800001,5e-05,2026-03-25 20:00:00.001
1774483200001,-4.78e-06,2026-03-26 00:00:00.001
1774497600002,-0.00017901,2026-03-26 04:00:00.002
1774512000001,-5.209e-05,2026-03-26 08:00:00.001
1774526400000,-0.00015257,2026-03-26 12:00:00.000
1774540800000,9.71e-06,2026-03-26 16:00:00.000
1774555200003,-0.0001924,2026-03-26 20:00:00.003
1774569600006,5e-05,2026-03-27 00:00:00.006
1774584000001,5e-05,2026-03-27 04:00:00.001
1774598400000,5e-05,2026-03-27 08:00:00.000
1774612800002,3.328e-05,2026-03-27 12:00:00.002
1774627200000,-7.1e-05,2026-03-27 16:00:00.000
1774641600000,-4.036e-05,2026-03-27 20:00:00.000
1774656000005,-9.694e-05,2026-03-28 00:00:00.005
1774670400003,5e-05,2026-03-28 04:00:00.003
1774684800005,-3.515e-05,2026-03-28 08:00:00.005
1774699200006,-8.424e-05,2026-03-28 12:00:00.006
1774713600000,-0.00043215,2026-03-28 16:00:00.000
1774728000003,-9.06e-05,2026-03-28 20:00:00.003
1774742400003,-0.0001374,2026-03-29 00:00:00.003
1774756800000,-2.039e-05,2026-03-29 04:00:00.000
1774771200001,-5.773e-05,2026-03-29 08:00:00.001
1774785600000,1.545e-05,2026-03-29 12:00:00.000
1774800000000,-0.00012142,2026-03-29 16:00:00.000
1774814400000,1.719e-05,2026-03-29 20:00:00.000
1774828800000,-0.00012579,2026-03-30 00:00:00.000
1774843200012,-0.00013839,2026-03-30 04:00:00.012
1774857600005,-0.00016616,2026-03-30 08:00:00.005
1774872000005,3.1e-07,2026-03-30 12:00:00.005
1774886400000,-2.574e-05,2026-03-30 16:00:00.000
1774900800000,-0.00022993,2026-03-30 20:00:00.000
1774915200000,-0.00024174,2026-03-31 00:00:00.000
1774929600000,1.735e-05,2026-03-31 04:00:00.000
1774944000000,-1.19e-06,2026-03-31 08:00:00.000
1774958400001,-7.346e-05,2026-03-31 12:00:00.001
1774972800000,-7.882e-05,2026-03-31 16:00:00.000
1774987200002,5e-05,2026-03-31 20:00:00.002
1775001600000,5e-05,2026-04-01 00:00:00.000
1775016000004,5e-05,2026-04-01 04:00:00.004
1775030400000,5e-05,2026-04-01 08:00:00.000
1775044800000,5e-05,2026-04-01 12:00:00.000
1775059200000,5e-05,2026-04-01 16:00:00.000
1775073600000,5e-05,2026-04-01 20:00:00.000
1775088000003,-4.804e-05,2026-04-02 00:00:00.003
1775102400003,-6.47e-05,2026-04-02 04:00:00.003
1775116800001,5e-05,2026-04-02 08:00:00.001
1775131200003,1.785e-05,2026-04-02 12:00:00.003
1775145600001,-1.276e-05,2026-04-02 16:00:00.001
1775160000003,-7.405e-05,2026-04-02 20:00:00.003
1775174400000,3.098e-05,2026-04-03 00:00:00.000
1775188800000,5e-05,2026-04-03 04:00:00.000
1775203200008,5e-05,2026-04-03 08:00:00.008
1775217600006,-0.00014192,2026-04-03 12:00:00.006
1775232000008,-0.00012484,2026-04-03 16:00:00.008
1775246400001,5e-05,2026-04-03 20:00:00.001
1775260800000,-6.41e-06,2026-04-04 00:00:00.000
1775275200001,2.438e-05,2026-04-04 04:00:00.001
1775289600003,-0.00010243,2026-04-04 08:00:00.003
1775304000000,5e-05,2026-04-04 12:00:00.000
1775318400000,4.674e-05,2026-04-04 16:00:00.000
1775332800000,7.77e-06,2026-04-04 20:00:00.000
1775347200008,-1.49e-06,2026-04-05 00:00:00.008
1775361600002,5e-05,2026-04-05 04:00:00.002
1775376000000,4.38e-06,2026-04-05 08:00:00.000
1775390400003,2.885e-05,2026-04-05 12:00:00.003
1775404800001,1.151e-05,2026-04-05 16:00:00.001
1775419200003,2.011e-05,2026-04-05 20:00:00.003
1775433600004,9.21e-06,2026-04-06 00:00:00.004
1775448000005,5e-05,2026-04-06 04:00:00.005
1775462400001,5e-05,2026-04-06 08:00:00.001
1775476800002,-3.865e-05,2026-04-06 12:00:00.002
1775491200003,5e-05,2026-04-06 16:00:00.003
1775505600000,5e-05,2026-04-06 20:00:00.000
1775520000000,3.235e-05,2026-04-07 00:00:00.000
1775534400003,5e-05,2026-04-07 04:00:00.003
1775548800000,5e-05,2026-04-07 08:00:00.000
1775563200008,5e-05,2026-04-07 12:00:00.008
1775577600000,-3.492e-05,2026-04-07 16:00:00.000
1775592000000,3.035e-05,2026-04-07 20:00:00.000
1775606400000,5e-05,2026-04-08 00:00:00.000
1775620800002,5e-05,2026-04-08 04:00:00.002
1775635200000,1.194e-05,2026-04-08 08:00:00.000
1775649600013,-1.052e-05,2026-04-08 12:00:00.013
1775664000006,-3.093e-05,2026-04-08 16:00:00.006
1775678400005,5e-05,2026-04-08 20:00:00.005
1775692800000,5e-05,2026-04-09 00:00:00.000
1775707200005,-0.00010696,2026-04-09 04:00:00.005
1775721600010,-2.554e-05,2026-04-09 08:00:00.010
1775736000001,-9.923e-05,2026-04-09 12:00:00.001
1775750400001,1.47e-06,2026-04-09 16:00:00.001
1775764800001,5e-05,2026-04-09 20:00:00.001
1775779200000,-2.878e-05,2026-04-10 00:00:00.000
1775793600000,3.83e-06,2026-04-10 04:00:00.000
1775808000005,3.836e-05,2026-04-10 08:00:00.005
1775822400000,-0.00010603,2026-04-10 12:00:00.000
1775836800000,1.384e-05,2026-04-10 16:00:00.000
1775851200002,4.156e-05,2026-04-10 20:00:00.002
1775865600000,5e-05,2026-04-11 00:00:00.000
1775880000009,-3.032e-05,2026-04-11 04:00:00.009
1775894400000,-9.984e-05,2026-04-11 08:00:00.000
1775908800002,5e-05,2026-04-11 12:00:00.002
1775923200003,-6.986e-05,2026-04-11 16:00:00.003
1775937600001,5e-05,2026-04-11 20:00:00.001
1775952000000,5e-05,2026-04-12 00:00:00.000
1775966400000,-2.8e-07,2026-04-12 04:00:00.000
1775980800000,2.883e-05,2026-04-12 08:00:00.000
1775995200000,-0.00013044,2026-04-12 12:00:00.000
1776009600000,-0.00016381,2026-04-12 16:00:00.000
1776024000013,5e-05,2026-04-12 20:00:00.013
1776038400011,5e-05,2026-04-13 00:00:00.011
1776052800003,3.394e-05,2026-04-13 04:00:00.003
1776067200006,5e-05,2026-04-13 08:00:00.006
1776081600010,5e-05,2026-04-13 12:00:00.010
1776096000000,5e-05,2026-04-13 16:00:00.000
1776110400000,5e-05,2026-04-13 20:00:00.000
1776124800005,5e-05,2026-04-14 00:00:00.005
1776139200000,-4.408e-05,2026-04-14 04:00:00.000
1776153600003,-0.00010447,2026-04-14 08:00:00.003
1776168000000,3.286e-05,2026-04-14 12:00:00.000
1776182400001,-0.00029824,2026-04-14 16:00:00.001
1776196800009,-0.00047962,2026-04-14 20:00:00.009
1776211200000,-1.347e-05,2026-04-15 00:00:00.000
1776225600000,-0.00014209,2026-04-15 04:00:00.000
1776240000000,-0.00126222,2026-04-15 08:00:00.000
1776254400000,-0.0081998,2026-04-15 12:00:00.000
1776268800000,-0.00539122,2026-04-15 16:00:00.000
1776283200009,-0.0016313,2026-04-15 20:00:00.009
1776297600013,-0.00134247,2026-04-16 00:00:00.013
1776312000008,-0.00113093,2026-04-16 04:00:00.008
1776326400000,-0.00048244,2026-04-16 08:00:00.000
1776340800004,-0.00075509,2026-04-16 12:00:00.004
1776355200000,-0.00159072,2026-04-16 16:00:00.000
1776369600000,-0.00030738,2026-04-16 20:00:00.000
1776384000001,-0.00028883,2026-04-17 00:00:00.001
1776398400003,-0.00038,2026-04-17 04:00:00.003
1776412800011,4.459e-05,2026-04-17 08:00:00.011
1776427200003,-8.6e-06,2026-04-17 12:00:00.003
1776441600001,-0.00014518,2026-04-17 16:00:00.001
1776456000005,-0.00019196,2026-04-17 20:00:00.005
1776470400001,-0.00014144,2026-04-18 00:00:00.001
1776484800003,-0.00065028,2026-04-18 04:00:00.003
1776499200006,-0.00020955,2026-04-18 08:00:00.006
1776513600000,-0.00019442,2026-04-18 12:00:00.000
1776528000000,-0.00031995,2026-04-18 16:00:00.000
1776542400002,-0.0008118,2026-04-18 20:00:00.002
1776556800002,-0.00118988,2026-04-19 00:00:00.002
1776571200000,-0.00036498,2026-04-19 04:00:00.000
1776585600010,-0.00131256,2026-04-19 08:00:00.010
1776600000003,-0.00060918,2026-04-19 12:00:00.003
1776614400001,-0.00091903,2026-04-19 16:00:00.001
1776628800005,-0.0004015,2026-04-19 20:00:00.005
1776643200000,-0.00090858,2026-04-20 00:00:00.000
1776657600001,-0.00073508,2026-04-20 04:00:00.001
1776672000000,-0.00040557,2026-04-20 08:00:00.000
1776686400009,-0.00037197,2026-04-20 12:00:00.009
1776700800001,-0.0004573,2026-04-20 16:00:00.001
1776715200000,-0.00044182,2026-04-20 20:00:00.000
1776729600000,-0.00038409,2026-04-21 00:00:00.000
1776744000000,-0.00069227,2026-04-21 04:00:00.000
1776758400004,-0.00184345,2026-04-21 08:00:00.004
1776772800000,-0.00109071,2026-04-21 12:00:00.000
1776787200004,-0.00113528,2026-04-21 16:00:00.004
1776801600003,-0.00031024,2026-04-21 20:00:00.003
1776816000004,-0.00023385,2026-04-22 00:00:00.004
1776830400003,-0.00024887,2026-04-22 04:00:00.003
1776844800000,-0.00063563,2026-04-22 08:00:00.000
1776859200000,-0.00096332,2026-04-22 12:00:00.000
1776873600000,-0.000388,2026-04-22 16:00:00.000
1776888000003,-0.00065684,2026-04-22 20:00:00.003
1776902400000,-0.00106317,2026-04-23 00:00:00.000
1776916800000,-0.00233753,2026-04-23 04:00:00.000
1776931200000,-0.00054639,2026-04-23 08:00:00.000
1776945600000,-0.00054652,2026-04-23 12:00:00.000
1776960000004,-0.00035634,2026-04-23 16:00:00.004
1776974400006,-0.00025059,2026-04-23 20:00:00.006
1776988800006,-0.00036833,2026-04-24 00:00:00.006
1777003200000,-0.00062782,2026-04-24 04:00:00.000
1777017600000,-0.00031733,2026-04-24 08:00:00.000
1777032000002,-5.684e-05,2026-04-24 12:00:00.002
1777046400000,1.216e-05,2026-04-24 16:00:00.000
1777060800003,-5.568e-05,2026-04-24 20:00:00.003
1777075200000,-3.251e-05,2026-04-25 00:00:00.000
1777089600005,-0.00033183,2026-04-25 04:00:00.005
1777104000002,-0.00018654,2026-04-25 08:00:00.002
1777118400001,-0.00018223,2026-04-25 12:00:00.001
1777132800002,-0.00019651,2026-04-25 16:00:00.002
1777147200001,-0.0002724,2026-04-25 20:00:00.001
1777161600003,-0.00024801,2026-04-26 00:00:00.003
1777176000001,-3.95e-06,2026-04-26 04:00:00.001
1777190400007,3.86e-06,2026-04-26 08:00:00.007
1777204800001,5e-05,2026-04-26 12:00:00.001
1777219200004,-0.00011082,2026-04-26 16:00:00.004
1777233600014,-0.00018604,2026-04-26 20:00:00.014
1777248000004,-7.124e-05,2026-04-27 00:00:00.004
1777262400000,-0.00012721,2026-04-27 04:00:00.000
1777276800000,-0.00010901,2026-04-27 08:00:00.000
1777291200004,-1.759e-05,2026-04-27 12:00:00.004
1777305600002,-4.43e-05,2026-04-27 16:00:00.002
1777320000000,-0.00031139,2026-04-27 20:00:00.000
1777334400001,3.118e-05,2026-04-28 00:00:00.001
1777348800006,-0.00017012,2026-04-28 04:00:00.006
1777363200000,-9.34e-06,2026-04-28 08:00:00.000
1777377600000,-0.00069465,2026-04-28 12:00:00.000
1777392000004,-0.00098075,2026-04-28 16:00:00.004
1777406400001,-0.00030091,2026-04-28 20:00:00.001
1777420800006,-0.00074043,2026-04-29 00:00:00.006
1777435200003,-0.0002788,2026-04-29 04:00:00.003
1777449600011,-0.00044335,2026-04-29 08:00:00.011
1777464000000,5e-05,2026-04-29 12:00:00.000
1777478400003,-5.453e-05,2026-04-29 16:00:00.003
1777492800004,-0.00020862,2026-04-29 20:00:00.004
1777507200002,-2.674e-05,2026-04-30 00:00:00.002
1777521600000,-0.00072721,2026-04-30 04:00:00.000
1777536000000,-0.00166583,2026-04-30 08:00:00.000
1777550400000,-0.00055495,2026-04-30 12:00:00.000
1777564800000,-0.00042725,2026-04-30 16:00:00.000
1777579200002,-0.00044708,2026-04-30 20:00:00.002
1777593600000,-0.00016352,2026-05-01 00:00:00.000
1777608000003,-4.456e-05,2026-05-01 04:00:00.003
1777622400005,3.376e-05,2026-05-01 08:00:00.005
1777636800000,-6.247e-05,2026-05-01 12:00:00.000
1777651200000,-6.05e-06,2026-05-01 16:00:00.000
1777665600009,3.613e-05,2026-05-01 20:00:00.009
1777680000006,2.764e-05,2026-05-02 00:00:00.006
1777694400000,-0.00019403,2026-05-02 04:00:00.000
1777708800000,-0.00032675,2026-05-02 08:00:00.000
1777723200009,-0.00028598,2026-05-02 12:00:00.009
1777737600010,-0.00035458,2026-05-02 16:00:00.010
1777752000000,-0.0002187,2026-05-02 20:00:00.000
1777766400005,-0.0001981,2026-05-03 00:00:00.005
1777780800014,-0.00026827,2026-05-03 04:00:00.014
1777795200003,-0.00031431,2026-05-03 08:00:00.003
1777809600004,-0.00085224,2026-05-03 12:00:00.004
1777824000000,-0.00082154,2026-05-03 16:00:00.000
1777838400000,-0.00041799,2026-05-03 20:00:00.000
1777852800000,-1.783e-05,2026-05-04 00:00:00.000
1777867200003,-0.00029972,2026-05-04 04:00:00.003
1777881600000,-0.00046036,2026-05-04 08:00:00.000
1777896000000,-0.00035414,2026-05-04 12:00:00.000
1777910400003,-0.00035208,2026-05-04 16:00:00.003
1777924800007,-0.00020143,2026-05-04 20:00:00.007
1777939200000,-0.00016376,2026-05-05 00:00:00.000
1777953600000,-0.00025229,2026-05-05 04:00:00.000
1777968000011,-0.00026143,2026-05-05 08:00:00.011
1777982400006,-0.00022216,2026-05-05 12:00:00.006
1777996800000,-0.00015318,2026-05-05 16:00:00.000
1778011200000,-0.00024517,2026-05-05 20:00:00.000
1778025600010,-9.042e-05,2026-05-06 00:00:00.010
1778040000000,-3.854e-05,2026-05-06 04:00:00.000
1778054400000,-1.73e-06,2026-05-06 08:00:00.000
1778068800000,3.662e-05,2026-05-06 12:00:00.000
1778083200002,5e-05,2026-05-06 16:00:00.002
1778097600000,5e-05,2026-05-06 20:00:00.000
1778112000000,3.686e-05,2026-05-07 00:00:00.000
1778126400001,-0.00029509,2026-05-07 04:00:00.001
1778140800000,2.219e-05,2026-05-07 08:00:00.000
1778155200000,5.76e-06,2026-05-07 12:00:00.000
1778169600004,5e-05,2026-05-07 16:00:00.004
1778184000005,3.395e-05,2026-05-07 20:00:00.005
1778198400003,5e-05,2026-05-08 00:00:00.003
1778212800000,5e-05,2026-05-08 04:00:00.000
1778227200002,3.2e-06,2026-05-08 08:00:00.002
1778241600000,5e-05,2026-05-08 12:00:00.000
1778256000003,5e-05,2026-05-08 16:00:00.003
1778270400000,2.832e-05,2026-05-08 20:00:00.000
1778284800000,4.254e-05,2026-05-09 00:00:00.000
1778299200000,5e-05,2026-05-09 04:00:00.000
1778313600001,5e-05,2026-05-09 08:00:00.001
1778328000000,5e-05,2026-05-09 12:00:00.000
1778342400002,-8.82e-06,2026-05-09 16:00:00.002
1778356800000,5e-05,2026-05-09 20:00:00.000
1778371200003,5e-05,2026-05-10 00:00:00.003
1778385600005,5e-05,2026-05-10 04:00:00.005
1778400000000,5e-05,2026-05-10 08:00:00.000
1778414400007,5e-05,2026-05-10 12:00:00.007
1778428800000,5e-05,2026-05-10 16:00:00.000
1778443200002,5e-05,2026-05-10 20:00:00.002
1778457600000,-4.89e-06,2026-05-11 00:00:00.000
1778472000000,-1.376e-05,2026-05-11 04:00:00.000
1778486400000,-3.039e-05,2026-05-11 08:00:00.000
1778500800001,4.141e-05,2026-05-11 12:00:00.001
1778515200000,5.19e-06,2026-05-11 16:00:00.000
1778529600014,5e-05,2026-05-11 20:00:00.014
1778544000002,-5.62e-06,2026-05-12 00:00:00.002
1778558400000,-3.251e-05,2026-05-12 04:00:00.000
1778572800008,-0.00011497,2026-05-12 08:00:00.008
1778587200003,1.133e-05,2026-05-12 12:00:00.003
1778601600000,-6.07e-06,2026-05-12 16:00:00.000
1778616000000,-9.5e-06,2026-05-12 20:00:00.000
1778630400010,-6.745e-05,2026-05-13 00:00:00.010
1778644800003,-3.214e-05,2026-05-13 04:00:00.003
1778659200003,-4.027e-05,2026-05-13 08:00:00.003
1778673600004,-0.00012835,2026-05-13 12:00:00.004
1778688000001,-3.577e-05,2026-05-13 16:00:00.001
1778702400004,6.33e-06,2026-05-13 20:00:00.004
1778716800005,3.905e-05,2026-05-14 00:00:00.005
1778731200005,2.04e-06,2026-05-14 04:00:00.005
1778745600000,5e-05,2026-05-14 08:00:00.000
1778760000001,5e-05,2026-05-14 12:00:00.001
1778774400000,-9.973e-05,2026-05-14 16:00:00.000
1778788800000,-0.00024092,2026-05-14 20:00:00.000
1778803200000,-0.00011264,2026-05-15 00:00:00.000
1778817600006,-0.00033233,2026-05-15 04:00:00.006
1778832000016,-0.00016799,2026-05-15 08:00:00.016
1778846400001,-0.00025715,2026-05-15 12:00:00.001
1778860800012,-0.00027806,2026-05-15 16:00:00.012
1778875200001,-0.00016972,2026-05-15 20:00:00.001
1778889600005,-0.00028522,2026-05-16 00:00:00.005
1778904000000,-0.00024377,2026-05-16 04:00:00.000
1778918400000,-0.00010552,2026-05-16 08:00:00.000
1778932800002,-5.447e-05,2026-05-16 12:00:00.002
1778947200005,-0.00013057,2026-05-16 16:00:00.005
1778961600000,-0.00021506,2026-05-16 20:00:00.000
1778976000000,-0.00022581,2026-05-17 00:00:00.000
1778990400012,7.8e-06,2026-05-17 04:00:00.012
1779004800010,-0.00011868,2026-05-17 08:00:00.010
1779019200014,-9.06e-06,2026-05-17 12:00:00.014
1779033600009,5e-05,2026-05-17 16:00:00.009
1779048000002,5e-05,2026-05-17 20:00:00.002
1779062400007,-9.864e-05,2026-05-18 00:00:00.007
1779076800000,-0.00112689,2026-05-18 04:00:00.000
1779091200002,-0.00014238,2026-05-18 08:00:00.002
1779105600001,-0.00015516,2026-05-18 12:00:00.001
1779120000007,-0.00010425,2026-05-18 16:00:00.007
1779134400000,-0.00042693,2026-05-18 20:00:00.000
1779148800001,-0.00044525,2026-05-19 00:00:00.001
1779163200003,-0.00045144,2026-05-19 04:00:00.003
1779177600001,-0.00050652,2026-05-19 08:00:00.001
1779192000000,-5.386e-05,2026-05-19 12:00:00.000
1779206400009,-0.0002406,2026-05-19 16:00:00.009
1779220800001,-2.358e-05,2026-05-19 20:00:00.001
1779235200001,5e-05,2026-05-20 00:00:00.001
1779249600001,-7.058e-05,2026-05-20 04:00:00.001
1779264000006,-4.673e-05,2026-05-20 08:00:00.006
1779278400001,-4.271e-05,2026-05-20 12:00:00.001
1779292800000,-0.00015045,2026-05-20 16:00:00.000
1779307200019,-0.00024518,2026-05-20 20:00:00.019
1779321600001,-0.00032423,2026-05-21 00:00:00.001
1779336000000,-0.00023002,2026-05-21 04:00:00.000
1779350400000,-0.00012963,2026-05-21 08:00:00.000
1779364800000,-9.126e-05,2026-05-21 12:00:00.000
1779379200000,-8.459e-05,2026-05-21 16:00:00.000
1779393600001,5e-05,2026-05-21 20:00:00.001
1779408000000,-0.00011525,2026-05-22 00:00:00.000
1779422400000,-3.015e-05,2026-05-22 04:00:00.000
1779436800004,-9.858e-05,2026-05-22 08:00:00.004
1779451200000,-2.515e-05,2026-05-22 12:00:00.000
1779465600001,2.276e-05,2026-05-22 16:00:00.001
1779480000002,-9.765e-05,2026-05-22 20:00:00.002
1779494400009,-9.711e-05,2026-05-23 00:00:00.009
1779508800006,5e-05,2026-05-23 04:00:00.006
1779523200001,6.9e-06,2026-05-23 08:00:00.001
1779537600000,5e-05,2026-05-23 12:00:00.000
1779552000003,2.409e-05,2026-05-23 16:00:00.003
1779566400007,1.841e-05,2026-05-23 20:00:00.007
1779580800011,-2.385e-05,2026-05-24 00:00:00.011
1779595200001,-0.00011119,2026-05-24 04:00:00.001
1779609600008,-0.00010079,2026-05-24 08:00:00.008
1779624000001,-0.0002304,2026-05-24 12:00:00.001
1779638400000,-0.00025275,2026-05-24 16:00:00.000
1779652800002,-8.174e-05,2026-05-24 20:00:00.002
1779667200001,-7.405e-05,2026-05-25 00:00:00.001
1779681600000,-7.734e-05,2026-05-25 04:00:00.000
1779696000001,-0.00027973,2026-05-25 08:00:00.001
1779710400008,-1.689e-05,2026-05-25 12:00:00.008
1779724800001,-0.00016261,2026-05-25 16:00:00.001
1779739200000,-2.023e-05,2026-05-25 20:00:00.000
1779753600000,-0.00013089,2026-05-26 00:00:00.000
1779768000003,-8.419e-05,2026-05-26 04:00:00.003
1779782400003,-0.00015387,2026-05-26 08:00:00.003
1779796800000,-0.00013564,2026-05-26 12:00:00.000
1779811200000,2.16e-06,2026-05-26 16:00:00.000
1779825600000,-7.523e-05,2026-05-26 20:00:00.000
1779840000000,-6.05e-05,2026-05-27 00:00:00.000
1779854400002,-6.788e-05,2026-05-27 04:00:00.002
1779868800004,5e-05,2026-05-27 08:00:00.004
1779883200007,5e-05,2026-05-27 12:00:00.007
1779897600009,5e-05,2026-05-27 16:00:00.009
1779912000001,5e-05,2026-05-27 20:00:00.001
1779926400001,4.136e-05,2026-05-28 00:00:00.001
1779940800000,2.049e-05,2026-05-28 04:00:00.000
1779955200000,-3.746e-05,2026-05-28 08:00:00.000
1779969600000,-7.327e-05,2026-05-28 12:00:00.000
1779984000001,5e-05,2026-05-28 16:00:00.001
1779998400005,2.048e-05,2026-05-28 20:00:00.005
1780012800000,4.149e-05,2026-05-29 00:00:00.000
1780027200000,5e-05,2026-05-29 04:00:00.000
1780041600001,2.898e-05,2026-05-29 08:00:00.001
1780056000001,9.44e-06,2026-05-29 12:00:00.001
1780070400008,5e-05,2026-05-29 16:00:00.008
1780084800000,5e-05,2026-05-29 20:00:00.000
1780099200000,-1.039e-05,2026-05-30 00:00:00.000
1780113600004,2.343e-05,2026-05-30 04:00:00.004
1780128000001,-1.472e-05,2026-05-30 08:00:00.001
1780142400000,-5.583e-05,2026-05-30 12:00:00.000
1780156800000,2.246e-05,2026-05-30 16:00:00.000
1780171200000,-2.981e-05,2026-05-30 20:00:00.000
1780185600000,-5.547e-05,2026-05-31 00:00:00.000
1780200000006,1.549e-05,2026-05-31 04:00:00.006
1780214400000,2.23e-06,2026-05-31 08:00:00.000
1780228800005,5e-05,2026-05-31 12:00:00.005
1780243200004,1.432e-05,2026-05-31 16:00:00.004
1780257600010,1.142e-05,2026-05-31 20:00:00.010
1780272000001,4.818e-05,2026-06-01 00:00:00.001
1780286400006,5e-05,2026-06-01 04:00:00.006
1780300800001,5e-05,2026-06-01 08:00:00.001
1780315200000,4.579e-05,2026-06-01 12:00:00.000
1780329600000,4.965e-05,2026-06-01 16:00:00.000
1780344000000,2.222e-05,2026-06-01 20:00:00.000
1780358400000,2.806e-05,2026-06-02 00:00:00.000
1780372800008,3.448e-05,2026-06-02 04:00:00.008
1780387200000,1.868e-05,2026-06-02 08:00:00.000
1780401600002,-0.00024405,2026-06-02 12:00:00.002
1780416000000,-0.00400773,2026-06-02 16:00:00.000
1780430400000,-0.00017216,2026-06-02 20:00:00.000
1780444800013,-0.00064402,2026-06-03 00:00:00.013
1780459200000,-0.00025792,2026-06-03 04:00:00.000
1780473600000,-0.00038214,2026-06-03 08:00:00.000
1780488000000,-7.807e-05,2026-06-03 12:00:00.000
1780502400001,-0.00016456,2026-06-03 16:00:00.001
1780516800002,-6.52e-06,2026-06-03 20:00:00.002
1780531200009,2.813e-05,2026-06-04 00:00:00.009
1780545600000,-9.576e-05,2026-06-04 04:00:00.000
1780560000000,-0.00015229,2026-06-04 08:00:00.000
1780574400002,-8.592e-05,2026-06-04 12:00:00.002
1780588800003,-5.978e-05,2026-06-04 16:00:00.003
1780603200001,-0.00011752,2026-06-04 20:00:00.001
1780617600000,-0.00011387,2026-06-05 00:00:00.000
1780632000001,-0.00010859,2026-06-05 04:00:00.001
1780646400004,-5.687e-05,2026-06-05 08:00:00.004
1780660800000,-1.457e-05,2026-06-05 12:00:00.000
1780675200009,-8.421e-05,2026-06-05 16:00:00.009
1780689600000,-0.00012705,2026-06-05 20:00:00.000
1780704000000,-4.065e-05,2026-06-06 00:00:00.000
1780718400000,-2.009e-05,2026-06-06 04:00:00.000
1780732800000,3.006e-05,2026-06-06 08:00:00.000
1780747200002,-5.443e-05,2026-06-06 12:00:00.002
1780761600000,-6.827e-05,2026-06-06 16:00:00.000
1780776000003,-2.02e-05,2026-06-06 20:00:00.003
1780790400001,-1.19e-06,2026-06-07 00:00:00.001
1780804800000,-4.562e-05,2026-06-07 04:00:00.000
1780819200000,-2.329e-05,2026-06-07 08:00:00.000
