timestamp,funding_rate,datetime
1631894400013,0.0001,2021-09-17 16:00:00.013
1631923200000,0.0001,2021-09-18 00:00:00.000
1631952000010,0.00033746,2021-09-18 08:00:00.010
1631980800005,0.00044413,2021-09-18 16:00:00.005
1632009600006,0.00041162,2021-09-19 00:00:00.006
1632038400015,0.00010208,2021-09-19 08:00:00.015
1632067200007,0.00024432,2021-09-19 16:00:00.007
1632096000018,0.00027088,2021-09-20 00:00:00.018
1632124800000,0.0001,2021-09-20 08:00:00.000
1632153600005,0.0001,2021-09-20 16:00:00.005
1632182400005,0.0001,2021-09-21 00:00:00.005
1632211200007,0.0001,2021-09-21 08:00:00.007
1632240000000,0.0001,2021-09-21 16:00:00.000
1632268800005,0.0001,2021-09-22 00:00:00.005
1632297600006,0.0001,2021-09-22 08:00:00.006
1632326400000,0.0001,2021-09-22 16:00:00.000
1632355200003,0.0001,2021-09-23 00:00:00.003
1632384000000,0.0001,2021-09-23 08:00:00.000
1632412800007,0.0001,2021-09-23 16:00:00.007
1632441600000,0.0001,2021-09-24 00:00:00.000
1632470400017,0.0001,2021-09-24 08:00:00.017
1632499200000,0.0001,2021-09-24 16:00:00.000
1632528000007,0.0001,2021-09-25 00:00:00.007
1632556800002,0.0001,2021-09-25 08:00:00.002
1632585600004,0.0001,2021-09-25 16:00:00.004
1632614400013,0.0001,2021-09-26 00:00:00.013
1632643200000,0.0001,2021-09-26 08:00:00.000
1632672000005,0.0001,2021-09-26 16:00:00.005
1632700800000,0.0001,2021-09-27 00:00:00.000
1632729600001,0.0001,2021-09-27 08:00:00.001
1632758400000,0.0001,2021-09-27 16:00:00.000
1632787200000,0.0001,2021-09-28 00:00:00.000
1632816000014,0.0001,2021-09-28 08:00:00.014
1632844800000,0.0001,2021-09-28 16:00:00.000
1632873600000,0.0001,2021-09-29 00:00:00.000
1632902400002,0.0001,2021-09-29 08:00:00.002
1632931200000,0.0001,2021-09-29 16:00:00.000
1632960000000,0.0001,2021-09-30 00:00:00.000
1632988800004,0.0001,2021-09-30 08:00:00.004
1633017600005,0.0001,2021-09-30 16:00:00.005
1633046400012,0.0001,2021-10-01 00:00:00.012
1633075200008,0.0001,2021-10-01 08:00:00.008
1633104000000,0.0001,2021-10-01 16:00:00.000
1633132800000,0.0001,2021-10-02 00:00:00.000
1633161600002,0.0001,2021-10-02 08:00:00.002
1633190400011,0.0001,2021-10-02 16:00:00.011
1633219200019,0.00029646,2021-10-03 00:00:00.019
1633248000011,0.0001,2021-10-03 08:00:00.011
1633276800004,0.00041471,2021-10-03 16:00:00.004
1633305600004,0.00042685,2021-10-04 00:00:00.004
1633334400000,0.00028762,2021-10-04 08:00:00.000
1633363200000,0.00027326,2021-10-04 16:00:00.000
1633392000007,0.0002883,2021-10-05 00:00:00.007
1633420800007,0.00040634,2021-10-05 08:00:00.007
1633449600004,0.00025508,2021-10-05 16:00:00.004
1633478400002,0.00030364,2021-10-06 00:00:00.002
1633507200000,0.00027563,2021-10-06 08:00:00.000
1633536000003,0.0001,2021-10-06 16:00:00.003
1633564800007,0.00048636,2021-10-07 00:00:00.007
1633593600002,0.00048626,2021-10-07 08:00:00.002
1633622400000,0.00058331,2021-10-07 16:00:00.000
1633651200011,0.00037512,2021-10-08 00:00:00.011
1633680000003,0.00045952,2021-10-08 08:00:00.003
1633708800002,0.0006638,2021-10-08 16:00:00.002
1633737600006,0.00027633,2021-10-09 00:00:00.006
1633766400003,0.00027968,2021-10-09 08:00:00.003
1633795200000,0.0004595,2021-10-09 16:00:00.000
1633824000000,0.00059304,2021-10-10 00:00:00.000
1633852800008,0.00038379,2021-10-10 08:00:00.008
1633881600000,0.00050863,2021-10-10 16:00:00.000
1633910400002,0.0001,2021-10-11 00:00:00.002
1633939200001,0.00028035,2021-10-11 08:00:00.001
1633968000006,0.0001,2021-10-11 16:00:00.006
1633996800008,0.0001,2021-10-12 00:00:00.008
1634025600013,0.00012825,2021-10-12 08:00:00.013
1634054400003,0.0001,2021-10-12 16:00:00.003
1634083200003,0.0001,2021-10-13 00:00:00.003
1634112000015,0.0001,2021-10-13 08:00:00.015
1634140800000,0.00014122,2021-10-13 16:00:00.000
1634169600011,0.00021766,2021-10-14 00:00:00.011
1634198400017,0.00036519,2021-10-14 08:00:00.017
1634227200000,0.00045591,2021-10-14 16:00:00.000
1634256000005,0.00055638,2021-10-15 00:00:00.005
1634284800002,0.00058455,2021-10-15 08:00:00.002
1634313600005,0.00036373,2021-10-15 16:00:00.005
1634342400009,0.00048963,2021-10-16 00:00:00.009
1634371200000,0.0006635,2021-10-16 08:00:00.000
1634400000003,0.00067525,2021-10-16 16:00:00.003
1634428800001,0.00054606,2021-10-17 00:00:00.001
1634457600002,0.00067031,2021-10-17 08:00:00.002
1634486400002,0.00073982,2021-10-17 16:00:00.002
1634515200006,0.00030149,2021-10-18 00:00:00.006
1634544000004,0.000465,2021-10-18 08:00:00.004
1634572800001,0.00052115,2021-10-18 16:00:00.001
1634601600002,0.00029147,2021-10-19 00:00:00.002
1634630400000,0.00048543,2021-10-19 08:00:00.000
1634659200000,0.00031823,2021-10-19 16:00:00.000
1634688000017,0.00021406,2021-10-20 00:00:00.017
1634716800004,0.00036135,2021-10-20 08:00:00.004
1634745600020,0.00065741,2021-10-20 16:00:00.020
1634774400000,0.00061911,2021-10-21 00:00:00.000
1634803200000,0.00085454,2021-10-21 08:00:00.000
1634832000008,0.00091705,2021-10-21 16:00:00.008
1634860800005,0.0004981,2021-10-22 00:00:00.005
1634889600005,0.0005957,2021-10-22 08:00:00.005
1634918400018,0.00062969,2021-10-22 16:00:00.018
1634947200005,0.00067228,2021-10-23 00:00:00.005
1634976000001,0.00044862,2021-10-23 08:00:00.001
1635004800004,0.00037267,2021-10-23 16:00:00.004
1635033600006,0.0008584,2021-10-24 00:00:00.006
1635062400012,0.00062,2021-10-24 08:00:00.012
1635091200001,0.00058624,2021-10-24 16:00:00.001
1635120000012,0.00041318,2021-10-25 00:00:00.012
1635148800002,0.00066003,2021-10-25 08:00:00.002
1635177600022,0.00070445,2021-10-25 16:00:00.022
1635206400005,0.00074263,2021-10-26 00:00:00.005
1635235200016,0.00100071,2021-10-26 08:00:00.016
1635264000000,0.0005236,2021-10-26 16:00:00.000
1635292800004,0.00028154,2021-10-27 00:00:00.004
1635321600000,0.00057136,2021-10-27 08:00:00.000
1635350400002,0.0001,2021-10-27 16:00:00.002
1635379200002,0.0001,2021-10-28 00:00:00.002
1635408000000,0.0001,2021-10-28 08:00:00.000
1635436800005,0.0001,2021-10-28 16:00:00.005
1635465600000,0.0001,2021-10-29 00:00:00.000
1635494400007,0.0001,2021-10-29 08:00:00.007
1635523200001,0.0001,2021-10-29 16:00:00.001
1635552000000,0.0001,2021-10-30 00:00:00.000
1635580800001,0.00023802,2021-10-30 08:00:00.001
1635609600013,0.0003492,2021-10-30 16:00:00.013
1635638400008,0.00010807,2021-10-31 00:00:00.008
1635667200010,0.00034563,2021-10-31 08:00:00.010
1635696000001,0.00045446,2021-10-31 16:00:00.001
1635724800009,0.0001,2021-11-01 00:00:00.009
1635753600014,0.00013137,2021-11-01 08:00:00.014
1635782400001,0.00054669,2021-11-01 16:00:00.001
1635811200000,0.00043034,2021-11-02 00:00:00.000
1635840000007,0.00077607,2021-11-02 08:00:00.007
1635868800010,0.00060518,2021-11-02 16:00:00.010
1635897600019,0.00075612,2021-11-03 00:00:00.019
1635926400000,0.00065701,2021-11-03 08:00:00.000
1635955200005,0.00041387,2021-11-03 16:00:00.005
1635984000006,0.00069766,2021-11-04 00:00:00.006
1636012800004,0.0007043,2021-11-04 08:00:00.004
1636041600004,0.00078519,2021-11-04 16:00:00.004
1636070400000,0.00056717,2021-11-05 00:00:00.000
1636099200013,0.00061213,2021-11-05 08:00:00.013
1636128000016,0.00046772,2021-11-05 16:00:00.016
1636156800010,0.00029004,2021-11-06 00:00:00.010
1636185600000,0.00044538,2021-11-06 08:00:00.000
1636214400007,0.0001,2021-11-06 16:00:00.007
1636243200013,0.00022866,2021-11-07 00:00:00.013
1636272000005,0.00042727,2021-11-07 08:00:00.005
1636300800004,0.00059487,2021-11-07 16:00:00.004
1636329600001,0.00066584,2021-11-08 00:00:00.001
1636358400000,0.00090406,2021-11-08 08:00:00.000
1636387200000,0.00058447,2021-11-08 16:00:00.000
1636416000000,0.00075963,2021-11-09 00:00:00.000
1636444800014,0.00073132,2021-11-09 08:00:00.014
1636473600001,0.00062743,2021-11-09 16:00:00.001
1636502400000,0.00070021,2021-11-10 00:00:00.000
1636531200003,0.00063556,2021-11-10 08:00:00.003
1636560000001,0.00073935,2021-11-10 16:00:00.001
1636588800008,0.0001,2021-11-11 00:00:00.008
1636617600012,0.0001,2021-11-11 08:00:00.012
1636646400007,0.0001,2021-11-11 16:00:00.007
1636675200000,0.0001,2021-11-12 00:00:00.000
1636704000000,0.0001,2021-11-12 08:00:00.000
1636732800004,0.0001,2021-11-12 16:00:00.004
1636761600000,0.0001,2021-11-13 00:00:00.000
1636790400004,0.0001,2021-11-13 08:00:00.004
1636819200006,0.0001,2021-11-13 16:00:00.006
1636848000010,0.0001,2021-11-14 00:00:00.010
1636876800001,0.0001,2021-11-14 08:00:00.001
1636905600000,0.0001,2021-11-14 16:00:00.000
1636934400008,0.0001,2021-11-15 00:00:00.008
1636963200000,0.0001,2021-11-15 08:00:00.000
1636992000000,0.00030804,2021-11-15 16:00:00.000
1637020800000,0.0001,2021-11-16 00:00:00.000
1637049600001,0.00024541,2021-11-16 08:00:00.001
1637078400018,0.0001,2021-11-16 16:00:00.018
1637107200005,0.0001,2021-11-17 00:00:00.005
1637136000007,-0.00012204,2021-11-17 08:00:00.007
1637164800003,-0.00088976,2021-11-17 16:00:00.003
1637193600017,0.0001,2021-11-18 00:00:00.017
1637222400007,0.0001,2021-11-18 08:00:00.007
1637251200011,0.0001,2021-11-18 16:00:00.011
1637280000000,0.0001,2021-11-19 00:00:00.000
1637308800000,0.0001,2021-11-19 08:00:00.000
1637337600005,0.0001,2021-11-19 16:00:00.005
1637366400012,0.0001,2021-11-20 00:00:00.012
1637395200000,0.0001,2021-11-20 08:00:00.000
1637424000007,0.0001,2021-11-20 16:00:00.007
1637452800000,0.0001,2021-11-21 00:00:00.000
1637481600006,0.0001,2021-11-21 08:00:00.006
1637510400000,0.00034075,2021-11-21 16:00:00.000
1637539200004,0.00020916,2021-11-22 00:00:00.004
1637568000000,0.00010522,2021-11-22 08:00:00.000
1637596800000,0.0001,2021-11-22 16:00:00.000
1637625600004,0.0001,2021-11-23 00:00:00.004
1637654400010,0.00010673,2021-11-23 08:00:00.010
1637683200005,0.00024702,2021-11-23 16:00:00.005
1637712000001,0.00012522,2021-11-24 00:00:00.001
1637740800003,0.0004339,2021-11-24 08:00:00.003
1637769600010,0.0001,2021-11-24 16:00:00.010
1637798400000,0.00012307,2021-11-25 00:00:00.000
1637827200010,0.00025441,2021-11-25 08:00:00.010
1637856000000,0.00043959,2021-11-25 16:00:00.000
1637884800000,0.00058621,2021-11-26 00:00:00.000
1637913600000,0.00024747,2021-11-26 08:00:00.000
1637942400016,0.0001,2021-11-26 16:00:00.016
1637971200005,0.0001,2021-11-27 00:00:00.005
1638000000008,0.0001,2021-11-27 08:00:00.008
1638028800007,0.0001,2021-11-27 16:00:00.007
1638057600018,0.0001,2021-11-28 00:00:00.018
1638086400000,0.0001,2021-11-28 08:00:00.000
1638115200004,0.0001,2021-11-28 16:00:00.004
1638144000002,0.0001,2021-11-29 00:00:00.002
1638172800004,0.0001,2021-11-29 08:00:00.004
1638201600000,0.0001,2021-11-29 16:00:00.000
1638230400000,0.00010298,2021-11-30 00:00:00.000
1638259200006,0.0001,2021-11-30 08:00:00.006
1638288000000,0.00035469,2021-11-30 16:00:00.000
1638316800000,0.00040218,2021-12-01 00:00:00.000
1638345600000,0.00023,2021-12-01 08:00:00.000
1638374400001,0.00035064,2021-12-01 16:00:00.001
1638403200000,0.00031502,2021-12-02 00:00:00.000
1638432000007,0.0001,2021-12-02 08:00:00.007
1638460800008,0.00017978,2021-12-02 16:00:00.008
1638489600004,0.00029196,2021-12-03 00:00:00.004
1638518400002,0.00010134,2021-12-03 08:00:00.002
1638547200006,0.00035728,2021-12-03 16:00:00.006
1638576000006,0.0001,2021-12-04 00:00:00.006
1638604800004,4.08e-06,2021-12-04 08:00:00.004
1638633600000,0.0001,2021-12-04 16:00:00.000
1638662400003,0.0001,2021-12-05 00:00:00.003
1638691200008,0.0001,2021-12-05 08:00:00.008
1638720000007,0.0001,2021-12-05 16:00:00.007
1638748800009,0.0001,2021-12-06 00:00:00.009
1638777600001,0.0001,2021-12-06 08:00:00.001
1638806400000,0.0001,2021-12-06 16:00:00.000
1638835200018,7.877e-05,2021-12-07 00:00:00.018
1638864000000,0.0001,2021-12-07 08:00:00.000
1638892800000,7.786e-05,2021-12-07 16:00:00.000
1638921600000,0.0001,2021-12-08 00:00:00.000
1638950400018,0.0001,2021-12-08 08:00:00.018
1638979200010,0.0001,2021-12-08 16:00:00.010
1639008000010,0.0001,2021-12-09 00:00:00.010
1639036800000,0.0001,2021-12-09 08:00:00.000
1639065600000,0.0001,2021-12-09 16:00:00.000
1639094400000,7.959e-05,2021-12-10 00:00:00.000
1639123200008,0.0001,2021-12-10 08:00:00.008
1639152000012,-1.793e-05,2021-12-10 16:00:00.012
1639180800009,3.702e-05,2021-12-11 00:00:00.009
1639209600008,1.519e-05,2021-12-11 08:00:00.008
1639238400000,7.127e-05,2021-12-11 16:00:00.000
1639267200001,-0.00037547,2021-12-12 00:00:00.001
1639296000015,-0.0002129,2021-12-12 08:00:00.015
1639324800011,-3.954e-05,2021-12-12 16:00:00.011
1639353600006,-1.025e-05,2021-12-13 00:00:00.006
1639382400019,0.0001,2021-12-13 08:00:00.019
1639411200000,0.0001,2021-12-13 16:00:00.000
1639440000004,4.716e-05,2021-12-14 00:00:00.004
1639468800000,0.0001,2021-12-14 08:00:00.000
1639497600015,0.0001,2021-12-14 16:00:00.015
1639526400000,3.4e-06,2021-12-15 00:00:00.000
1639555200008,0.0001,2021-12-15 08:00:00.008
1639584000005,0.0001,2021-12-15 16:00:00.005
1639612800006,-3.087e-05,2021-12-16 00:00:00.006
1639641600009,0.0001,2021-12-16 08:00:00.009
1639670400000,0.0001,2021-12-16 16:00:00.000
1639699200000,0.0001,2021-12-17 00:00:00.000
1639728000005,0.0001,2021-12-17 08:00:00.005
1639756800006,0.0001,2021-12-17 16:00:00.006
1639785600014,0.0001,2021-12-18 00:00:00.014
1639814400012,0.0001,2021-12-18 08:00:00.012
1639843200000,0.0001,2021-12-18 16:00:00.000
1639872000031,0.0001,2021-12-19 00:00:00.031
1639900800000,0.0001,2021-12-19 08:00:00.000
1639929600003,0.0001,2021-12-19 16:00:00.003
1639958400015,0.0001,2021-12-20 00:00:00.015
1639987200007,0.0001,2021-12-20 08:00:00.007
1640016000005,0.0001,2021-12-20 16:00:00.005
1640044800003,0.0001,2021-12-21 00:00:00.003
1640073600012,0.0001,2021-12-21 08:00:00.012
1640102400005,0.0001,2021-12-21 16:00:00.005
1640131200000,0.0001,2021-12-22 00:00:00.000
1640160000001,0.0001,2021-12-22 08:00:00.001
1640188800006,0.0001,2021-12-22 16:00:00.006
1640217600011,0.0001,2021-12-23 00:00:00.011
1640246400000,0.0001,2021-12-23 08:00:00.000
1640275200000,0.0001,2021-12-23 16:00:00.000
1640304000005,0.0001,2021-12-24 00:00:00.005
1640332800000,0.0001,2021-12-24 08:00:00.000
1640361600011,0.0001,2021-12-24 16:00:00.011
1640390400000,0.0001,2021-12-25 00:00:00.000
1640419200001,0.0001,2021-12-25 08:00:00.001
1640448000005,0.0001,2021-12-25 16:00:00.005
1640476800004,0.0001,2021-12-26 00:00:00.004
1640505600002,0.0001,2021-12-26 08:00:00.002
1640534400000,0.0001,2021-12-26 16:00:00.000
1640563200002,0.0001,2021-12-27 00:00:00.002
1640592000005,0.0001,2021-12-27 08:00:00.005
1640620800000,0.0001,2021-12-27 16:00:00.000
1640649600000,0.0001,2021-12-28 00:00:00.000
1640678400012,0.0001,2021-12-28 08:00:00.012
1640707200000,0.0001,2021-12-28 16:00:00.000
1640736000006,0.0001,2021-12-29 00:00:00.006
1640764800003,0.0001,2021-12-29 08:00:00.003
1640793600004,0.0001,2021-12-29 16:00:00.004
1640822400003,0.0001,2021-12-30 00:00:00.003
1640851200001,0.0001,2021-12-30 08:00:00.001
1640880000017,0.0001,2021-12-30 16:00:00.017
1640908800006,0.0001,2021-12-31 00:00:00.006
1640937600009,0.0001,2021-12-31 08:00:00.009
1640966400000,0.0001,2021-12-31 16:00:00.000
1640995200006,0.0001,2022-01-01 00:00:00.006
1641024000009,0.0001,2022-01-01 08:00:00.009
1641052800000,0.0001,2022-01-01 16:00:00.000
1641081600028,0.0001,2022-01-02 00:00:00.028
1641110400000,0.0001,2022-01-02 08:00:00.000
1641139200000,0.0001,2022-01-02 16:00:00.000
1641168000010,0.0001,2022-01-03 00:00:00.010
1641196800013,0.0001,2022-01-03 08:00:00.013
1641225600018,0.0001,2022-01-03 16:00:00.018
1641254400000,0.0001,2022-01-04 00:00:00.000
1641283200010,0.0001,2022-01-04 08:00:00.010
1641312000002,0.0001,2022-01-04 16:00:00.002
1641340800001,0.0001,2022-01-05 00:00:00.001
1641369600017,0.0001,2022-01-05 08:00:00.017
1641398400000,0.0001,2022-01-05 16:00:00.000
1641427200002,0.0001,2022-01-06 00:00:00.002
1641456000021,3.98e-06,2022-01-06 08:00:00.021
1641484800006,0.0001,2022-01-06 16:00:00.006
1641513600005,0.0001,2022-01-07 00:00:00.005
1641542400000,0.0001,2022-01-07 08:00:00.000
1641571200001,0.0001,2022-01-07 16:00:00.001
1641600000014,0.0001,2022-01-08 00:00:00.014
1641628800013,0.0001,2022-01-08 08:00:00.013
1641657600000,0.0001,2022-01-08 16:00:00.000
1641686400003,0.0001,2022-01-09 00:00:00.003
1641715200000,0.0001,2022-01-09 08:00:00.000
1641744000000,0.0001,2022-01-09 16:00:00.000
1641772800000,9.126e-05,2022-01-10 00:00:00.000
1641801600010,0.0001,2022-01-10 08:00:00.010
1641830400007,0.0001,2022-01-10 16:00:00.007
1641859200013,0.0001,2022-01-11 00:00:00.013
1641888000004,0.0001,2022-01-11 08:00:00.004
1641916800000,0.0001,2022-01-11 16:00:00.000
1641945600012,5.184e-05,2022-01-12 00:00:00.012
1641974400015,0.0001,2022-01-12 08:00:00.015
1642003200000,0.0001,2022-01-12 16:00:00.000
1642032000007,1.762e-05,2022-01-13 00:00:00.007
1642060800000,0.0001,2022-01-13 08:00:00.000
1642089600014,0.0001,2022-01-13 16:00:00.014
1642118400000,0.0001,2022-01-14 00:00:00.000
1642147200006,0.0001,2022-01-14 08:00:00.006
1642176000014,0.0001,2022-01-14 16:00:00.014
1642204800000,0.0001,2022-01-15 00:00:00.000
1642233600002,0.0001,2022-01-15 08:00:00.002
1642262400000,0.0001,2022-01-15 16:00:00.000
1642291200000,0.0001,2022-01-16 00:00:00.000
1642320000017,0.0001,2022-01-16 08:00:00.017
1642348800011,0.0001,2022-01-16 16:00:00.011
1642377600005,0.0001,2022-01-17 00:00:00.005
1642406400006,0.0001,2022-01-17 08:00:00.006
1642435200012,0.0001,2022-01-17 16:00:00.012
1642464000020,0.0001,2022-01-18 00:00:00.020
1642492800000,0.0001,2022-01-18 08:00:00.000
1642521600013,0.0001,2022-01-18 16:00:00.013
1642550400001,0.0001,2022-01-19 00:00:00.001
1642579200000,0.0001,2022-01-19 08:00:00.000
1642608000000,0.0001,2022-01-19 16:00:00.000
1642636800015,0.0001,2022-01-20 00:00:00.015
1642665600000,0.0001,2022-01-20 08:00:00.000
1642694400000,0.0001,2022-01-20 16:00:00.000
1642723200007,0.0001,2022-01-21 00:00:00.007
1642752000015,0.0001,2022-01-21 08:00:00.015
1642780800000,0.0001,2022-01-21 16:00:00.000
1642809600017,0.0001,2022-01-22 00:00:00.017
1642838400003,1.118e-05,2022-01-22 08:00:00.003
1642867200021,-8.76e-05,2022-01-22 16:00:00.021
1642896000026,-8.432e-05,2022-01-23 00:00:00.026
1642924800010,-0.00015633,2022-01-23 08:00:00.010
1642953600009,-1.019e-05,2022-01-23 16:00:00.009
1642982400010,-6.383e-05,2022-01-24 00:00:00.010
1643011200000,-0.00027314,2022-01-24 08:00:00.000
1643040000021,-5.5e-05,2022-01-24 16:00:00.021
1643068800000,0.0001,2022-01-25 00:00:00.000
1643097600000,8.573e-05,2022-01-25 08:00:00.000
1643126400012,7.47e-06,2022-01-25 16:00:00.012
1643155200000,5.82e-05,2022-01-26 00:00:00.000
1643184000001,-3.107e-05,2022-01-26 08:00:00.001
1643212800005,-0.00014702,2022-01-26 16:00:00.005
1643241600004,7.241e-05,2022-01-27 00:00:00.004
1643270400004,6.605e-05,2022-01-27 08:00:00.004
1643299200019,-3.088e-05,2022-01-27 16:00:00.019
1643328000000,0.0001,2022-01-28 00:00:00.000
1643356800000,-4.429e-05,2022-01-28 08:00:00.000
1643385600025,2.01e-06,2022-01-28 16:00:00.025
1643414400017,-3.63e-06,2022-01-29 00:00:00.017
1643443200000,9.341e-05,2022-01-29 08:00:00.000
1643472000013,8.951e-05,2022-01-29 16:00:00.013
1643500800025,6.27e-06,2022-01-30 00:00:00.025
1643529600009,0.0001,2022-01-30 08:00:00.009
1643558400000,9.517e-05,2022-01-30 16:00:00.000
1643587200000,-3.509e-05,2022-01-31 00:00:00.000
1643616000000,-0.00015648,2022-01-31 08:00:00.000
1643644800000,-0.00016547,2022-01-31 16:00:00.000
1643673600010,-0.00020821,2022-02-01 00:00:00.010
1643702400000,0.0001,2022-02-01 08:00:00.000
1643731200004,8.255e-05,2022-02-01 16:00:00.004
1643760000004,9.984e-05,2022-02-02 00:00:00.004
1643788800000,0.0001,2022-02-02 08:00:00.000
1643817600002,0.0001,2022-02-02 16:00:00.002
1643846400002,-0.00012775,2022-02-03 00:00:00.002
1643875200000,-0.00016515,2022-02-03 08:00:00.000
1643904000000,-6.963e-05,2022-02-03 16:00:00.000
1643932800018,1.586e-05,2022-02-04 00:00:00.018
1643961600005,2.755e-05,2022-02-04 08:00:00.005
1643990400010,2.165e-05,2022-02-04 16:00:00.010
1644019200014,4.458e-05,2022-02-05 00:00:00.014
1644048000000,0.0001,2022-02-05 08:00:00.000
1644076800000,2.77e-05,2022-02-05 16:00:00.000
1644105600000,0.0001,2022-02-06 00:00:00.000
1644134400000,0.0001,2022-02-06 08:00:00.000
1644163200000,0.0001,2022-02-06 16:00:00.000
1644192000003,0.0001,2022-02-07 00:00:00.003
1644220800014,8.214e-05,2022-02-07 08:00:00.014
1644249600003,0.0001,2022-02-07 16:00:00.003
1644278400001,0.0001,2022-02-08 00:00:00.001
1644307200003,0.0001,2022-02-08 08:00:00.003
1644336000002,0.0001,2022-02-08 16:00:00.002
1644364800000,0.0001,2022-02-09 00:00:00.000
1644393600005,0.0001,2022-02-09 08:00:00.005
1644422400001,-2.97e-06,2022-02-09 16:00:00.001
1644451200012,-4.788e-05,2022-02-10 00:00:00.012
1644480000000,0.0001,2022-02-10 08:00:00.000
1644508800006,-4.647e-05,2022-02-10 16:00:00.006
1644537600000,0.0001,2022-02-11 00:00:00.000
1644566400009,0.0001,2022-02-11 08:00:00.009
1644595200015,0.0001,2022-02-11 16:00:00.015
1644624000020,0.0001,2022-02-12 00:00:00.020
1644652800001,0.0001,2022-02-12 08:00:00.001
1644681600007,0.0001,2022-02-12 16:00:00.007
1644710400022,-1.33e-05,2022-02-13 00:00:00.022
1644739200001,4.075e-05,2022-02-13 08:00:00.001
1644768000007,-2.702e-05,2022-02-13 16:00:00.007
1644796800005,-5.924e-05,2022-02-14 00:00:00.005
1644825600013,0.0001,2022-02-14 08:00:00.013
1644854400019,-1.954e-05,2022-02-14 16:00:00.019
1644883200012,1.585e-05,2022-02-15 00:00:00.012
1644912000005,5.125e-05,2022-02-15 08:00:00.005
1644940800011,8.845e-05,2022-02-15 16:00:00.011
1644969600009,2.343e-05,2022-02-16 00:00:00.009
1644998400001,0.0001,2022-02-16 08:00:00.001
1645027200014,0.0001,2022-02-16 16:00:00.014
1645056000018,0.0001,2022-02-17 00:00:00.018
1645084800000,0.0001,2022-02-17 08:00:00.000
1645113600010,0.0001,2022-02-17 16:00:00.010
1645142400000,9.312e-05,2022-02-18 00:00:00.000
1645171200002,-7.88e-06,2022-02-18 08:00:00.002
1645200000000,0.0001,2022-02-18 16:00:00.000
1645228800007,0.0001,2022-02-19 00:00:00.007
1645257600000,0.0001,2022-02-19 08:00:00.000
1645286400023,0.0001,2022-02-19 16:00:00.023
1645315200001,0.0001,2022-02-20 00:00:00.001
1645344000003,0.0001,2022-02-20 08:00:00.003
1645372800001,0.0001,2022-02-20 16:00:00.001
1645401600000,0.0001,2022-02-21 00:00:00.000
1645430400001,-0.00012287,2022-02-21 08:00:00.001
1645459200005,4.391e-05,2022-02-21 16:00:00.005
1645488000005,6.505e-05,2022-02-22 00:00:00.005
1645516800000,-1.22e-06,2022-02-22 08:00:00.000
1645545600000,-3.617e-05,2022-02-22 16:00:00.000
1645574400002,2.329e-05,2022-02-23 00:00:00.002
1645603200005,3.454e-05,2022-02-23 08:00:00.005
1645632000010,7.518e-05,2022-02-23 16:00:00.010
1645660800008,5.17e-06,2022-02-24 00:00:00.008
1645689600003,-2.605e-05,2022-02-24 08:00:00.003
1645718400001,-1.108e-05,2022-02-24 16:00:00.001
1645747200000,-3.781e-05,2022-02-25 00:00:00.000
1645776000006,1.953e-05,2022-02-25 08:00:00.006
1645804800001,2.772e-05,2022-02-25 16:00:00.001
1645833600004,-6.702e-05,2022-02-26 00:00:00.004
1645862400004,-9.46e-05,2022-02-26 08:00:00.004
1645891200007,-3.501e-05,2022-02-26 16:00:00.007
1645920000012,-0.00016763,2022-02-27 00:00:00.012
1645948800000,-0.00037263,2022-02-27 08:00:00.000
1645977600000,-0.00030819,2022-02-27 16:00:00.000
1646006400000,-0.00013979,2022-02-28 00:00:00.000
1646035200001,-0.0001839,2022-02-28 08:00:00.001
1646064000002,-8.787e-05,2022-02-28 16:00:00.002
1646092800002,-4.167e-05,2022-03-01 00:00:00.002
1646121600001,0.0001,2022-03-01 08:00:00.001
1646150400000,0.0001,2022-03-01 16:00:00.000
1646179200000,-5.836e-05,2022-03-02 00:00:00.000
1646208000000,7.121e-05,2022-03-02 08:00:00.000
1646236800002,9.29e-05,2022-03-02 16:00:00.002
1646265600000,-2.847e-05,2022-03-03 00:00:00.000
1646294400000,-8.451e-05,2022-03-03 08:00:00.000
1646323200005,0.0001,2022-03-03 16:00:00.005
1646352000018,3.095e-05,2022-03-04 00:00:00.018
1646380800000,-6.343e-05,2022-03-04 08:00:00.000
1646409600000,-0.0001003,2022-03-04 16:00:00.000
1646438400006,-4.913e-05,2022-03-05 00:00:00.006
1646467200004,-0.00066687,2022-03-05 08:00:00.004
1646496000000,-0.00018628,2022-03-05 16:00:00.000
1646524800004,-0.00032384,2022-03-06 00:00:00.004
1646553600000,-6.998e-05,2022-03-06 08:00:00.000
1646582400013,-7.707e-05,2022-03-06 16:00:00.013
1646611200008,-0.00038471,2022-03-07 00:00:00.008
1646640000006,-0.00017045,2022-03-07 08:00:00.006
1646668800000,-0.00022765,2022-03-07 16:00:00.000
1646697600008,-0.00018975,2022-03-08 00:00:00.008
1646726400002,3.07e-05,2022-03-08 08:00:00.002
1646755200000,0.0001,2022-03-08 16:00:00.000
1646784000008,1.913e-05,2022-03-09 00:00:00.008
1646812800000,0.0001,2022-03-09 08:00:00.000
1646841600004,0.0001,2022-03-09 16:00:00.004
1646870400000,0.0001,2022-03-10 00:00:00.000
1646899200017,2.513e-05,2022-03-10 08:00:00.017
1646928000000,-0.00012307,2022-03-10 16:00:00.000
1646956800008,-4.432e-05,2022-03-11 00:00:00.008
1646985600000,-4.152e-05,2022-03-11 08:00:00.000
1647014400001,4.264e-05,2022-03-11 16:00:00.001
1647043200010,2.788e-05,2022-03-12 00:00:00.010
1647072000001,0.0001,2022-03-12 08:00:00.001
1647100800002,0.0001,2022-03-12 16:00:00.002
1647129600008,3.461e-05,2022-03-13 00:00:00.008
1647158400000,0.0001,2022-03-13 08:00:00.000
1647187200002,0.0001,2022-03-13 16:00:00.002
1647216000014,5.499e-05,2022-03-14 00:00:00.014
1647244800005,2.464e-05,2022-03-14 08:00:00.005
1647273600002,6.107e-05,2022-03-14 16:00:00.002
1647302400008,-2.567e-05,2022-03-15 00:00:00.008
1647331200000,2.322e-05,2022-03-15 08:00:00.000
1647360000006,6.167e-05,2022-03-15 16:00:00.006
1647388800013,0.0001,2022-03-16 00:00:00.013
1647417600000,3.609e-05,2022-03-16 08:00:00.000
1647446400008,0.0001,2022-03-16 16:00:00.008
1647475200004,0.0001,2022-03-17 00:00:00.004
1647504000000,0.0001,2022-03-17 08:00:00.000
1647532800004,0.0001,2022-03-17 16:00:00.004
1647561600000,0.0001,2022-03-18 00:00:00.000
1647590400000,0.0001,2022-03-18 08:00:00.000
1647619200017,0.0001,2022-03-18 16:00:00.017
1647648000008,0.0001,2022-03-19 00:00:00.008
1647676800015,0.0001,2022-03-19 08:00:00.015
1647705600000,0.0001,2022-03-19 16:00:00.000
1647734400000,0.0001,2022-03-20 00:00:00.000
1647763200001,0.0001,2022-03-20 08:00:00.001
1647792000002,0.0001,2022-03-20 16:00:00.002
1647820800013,0.0001,2022-03-21 00:00:00.013
1647849600004,0.0001,2022-03-21 08:00:00.004
1647878400010,0.0001,2022-03-21 16:00:00.010
1647907200012,0.0001,2022-03-22 00:00:00.012
1647936000001,0.0001,2022-03-22 08:00:00.001
1647964800022,0.0001,2022-03-22 16:00:00.022
1647993600007,0.0001,2022-03-23 00:00:00.007
1648022400000,0.0001,2022-03-23 08:00:00.000
1648051200006,0.0001,2022-03-23 16:00:00.006
1648080000013,0.0001,2022-03-24 00:00:00.013
1648108800006,0.0001,2022-03-24 08:00:00.006
1648137600020,0.0001,2022-03-24 16:00:00.020
1648166400010,0.0001,2022-03-25 00:00:00.010
1648195200001,0.0001,2022-03-25 08:00:00.001
1648224000014,0.0001,2022-03-25 16:00:00.014
1648252800020,0.0001,2022-03-26 00:00:00.020
1648281600006,0.0001,2022-03-26 08:00:00.006
1648310400000,0.0001,2022-03-26 16:00:00.000
1648339200004,0.0001,2022-03-27 00:00:00.004
1648368000001,0.0001,2022-03-27 08:00:00.001
1648396800006,0.0001,2022-03-27 16:00:00.006
1648425600012,0.0001,2022-03-28 00:00:00.012
1648454400007,0.0001,2022-03-28 08:00:00.007
1648483200000,0.000128,2022-03-28 16:00:00.000
1648512000000,0.0001,2022-03-29 00:00:00.000
1648540800015,0.0001,2022-03-29 08:00:00.015
1648569600000,0.0001,2022-03-29 16:00:00.000
1648598400000,0.0001,2022-03-30 00:00:00.000
1648627200002,0.0001,2022-03-30 08:00:00.002
1648656000028,0.00022388,2022-03-30 16:00:00.028
1648684800017,0.00014586,2022-03-31 00:00:00.017
1648713600000,0.00031608,2022-03-31 08:00:00.000
1648742400015,0.00015072,2022-03-31 16:00:00.015
1648771200000,0.0001,2022-04-01 00:00:00.000
1648800000000,0.0001,2022-04-01 08:00:00.000
1648828800018,0.0001,2022-04-01 16:00:00.018
1648857600000,0.0001,2022-04-02 00:00:00.000
1648886400002,0.0001,2022-04-02 08:00:00.002
1648915200006,0.0001,2022-04-02 16:00:00.006
1648944000018,0.0001,2022-04-03 00:00:00.018
1648972800018,0.0001,2022-04-03 08:00:00.018
1649001600015,0.0001,2022-04-03 16:00:00.015
1649030400006,0.0001,2022-04-04 00:00:00.006
1649059200000,0.0001,2022-04-04 08:00:00.000
1649088000016,0.0001,2022-04-04 16:00:00.016
1649116800000,0.0001,2022-04-05 00:00:00.000
1649145600010,0.0001,2022-04-05 08:00:00.010
1649174400008,0.0001,2022-04-05 16:00:00.008
1649203200001,0.0001,2022-04-06 00:00:00.001
1649232000021,0.0001,2022-04-06 08:00:00.021
1649260800000,0.0001,2022-04-06 16:00:00.000
1649289600009,0.0001,2022-04-07 00:00:00.009
1649318400000,0.0001,2022-04-07 08:00:00.000
1649347200000,0.0001,2022-04-07 16:00:00.000
1649376000000,0.0001,2022-04-08 00:00:00.000
1649404800004,0.0001,2022-04-08 08:00:00.004
1649433600008,0.0001,2022-04-08 16:00:00.008
1649462400008,0.0001,2022-04-09 00:00:00.008
1649491200000,0.0001,2022-04-09 08:00:00.000
1649520000001,0.0001,2022-04-09 16:00:00.001
1649548800004,0.0001,2022-04-10 00:00:00.004
1649577600007,0.0001,2022-04-10 08:00:00.007
1649606400016,0.0001,2022-04-10 16:00:00.016
1649635200000,0.0001,2022-04-11 00:00:00.000
1649664000000,0.0001,2022-04-11 08:00:00.000
1649692800009,6.877e-05,2022-04-11 16:00:00.009
1649721600000,5.8e-05,2022-04-12 00:00:00.000
1649750400006,5.264e-05,2022-04-12 08:00:00.006
1649779200013,0.0001,2022-04-12 16:00:00.013
1649808000005,0.0001,2022-04-13 00:00:00.005
1649836800008,0.0001,2022-04-13 08:00:00.008
1649865600013,0.0001,2022-04-13 16:00:00.013
1649894400007,0.0001,2022-04-14 00:00:00.007
1649923200000,0.0001,2022-04-14 08:00:00.000
1649952000006,0.0001,2022-04-14 16:00:00.006
1649980800008,0.0001,2022-04-15 00:00:00.008
1650009600002,0.0001,2022-04-15 08:00:00.002
1650038400000,0.0001,2022-04-15 16:00:00.000
1650067200011,0.0001,2022-04-16 00:00:00.011
1650096000007,0.0001,2022-04-16 08:00:00.007
1650124800007,0.0001,2022-04-16 16:00:00.007
1650153600000,0.0001,2022-04-17 00:00:00.000
1650182400004,0.0001,2022-04-17 08:00:00.004
1650211200000,0.0001,2022-04-17 16:00:00.000
1650240000008,0.0001,2022-04-18 00:00:00.008
1650268800012,4.26e-05,2022-04-18 08:00:00.012
1650297600000,8.941e-05,2022-04-18 16:00:00.000
1650326400021,0.0001,2022-04-19 00:00:00.021
1650355200031,0.0001,2022-04-19 08:00:00.031
1650384000000,0.0001,2022-04-19 16:00:00.000
1650412800025,0.0001,2022-04-20 00:00:00.025
1650441600003,0.0001,2022-04-20 08:00:00.003
1650470400000,0.0001,2022-04-20 16:00:00.000
1650499200000,0.0001,2022-04-21 00:00:00.000
1650528000000,0.0001,2022-04-21 08:00:00.000
1650556800024,0.0001,2022-04-21 16:00:00.024
1650585600008,0.0001,2022-04-22 00:00:00.008
1650614400008,0.0001,2022-04-22 08:00:00.008
1650643200008,0.0001,2022-04-22 16:00:00.008
1650672000000,0.0001,2022-04-23 00:00:00.000
1650700800000,0.0001,2022-04-23 08:00:00.000
1650729600012,0.0001,2022-04-23 16:00:00.012
1650758400004,0.0001,2022-04-24 00:00:00.004
1650787200003,0.0001,2022-04-24 08:00:00.003
1650816000000,0.0001,2022-04-24 16:00:00.000
1650844800008,0.0001,2022-04-25 00:00:00.008
1650873600018,7.598e-05,2022-04-25 08:00:00.018
1650902400000,2.425e-05,2022-04-25 16:00:00.000
1650931200014,8.327e-05,2022-04-26 00:00:00.014
1650960000000,0.0001,2022-04-26 08:00:00.000
1650988800017,0.0001,2022-04-26 16:00:00.017
1651017600012,-4.182e-05,2022-04-27 00:00:00.012
1651046400000,6.119e-05,2022-04-27 08:00:00.000
1651075200002,0.0001,2022-04-27 16:00:00.002
1651104000000,-2.038e-05,2022-04-28 00:00:00.000
1651132800004,0.0001,2022-04-28 08:00:00.004
1651161600030,7.295e-05,2022-04-28 16:00:00.030
1651190400000,0.0001,2022-04-29 00:00:00.000
1651219200016,0.0001,2022-04-29 08:00:00.016
1651248000010,5.502e-05,2022-04-29 16:00:00.010
1651276800000,2.534e-05,2022-04-30 00:00:00.000
1651305600005,-1.369e-05,2022-04-30 08:00:00.005
1651334400015,4.7e-06,2022-04-30 16:00:00.015
1651363200000,-0.00014141,2022-05-01 00:00:00.000
1651392000000,-0.00012585,2022-05-01 08:00:00.000
1651420800010,-6.716e-05,2022-05-01 16:00:00.010
1651449600018,-1.147e-05,2022-05-02 00:00:00.018
1651478400007,1.73e-05,2022-05-02 08:00:00.007
1651507200000,-1.198e-05,2022-05-02 16:00:00.000
1651536000006,5.377e-05,2022-05-03 00:00:00.006
1651564800000,0.0001,2022-05-03 08:00:00.000
1651593600021,0.0001,2022-05-03 16:00:00.021
1651622400007,-6.767e-05,2022-05-04 00:00:00.007
1651651200011,0.0001,2022-05-04 08:00:00.011
1651680000000,4.995e-05,2022-05-04 16:00:00.000
1651708800005,0.0001,2022-05-05 00:00:00.005
1651737600019,0.0001,2022-05-05 08:00:00.019
1651766400005,0.0001,2022-05-05 16:00:00.005
1651795200005,-0.00013281,2022-05-06 00:00:00.005
1651824000001,-9.441e-05,2022-05-06 08:00:00.001
1651852800010,-7.689e-05,2022-05-06 16:00:00.010
1651881600004,3.799e-05,2022-05-07 00:00:00.004
1651910400016,-1.604e-05,2022-05-07 08:00:00.016
1651939200011,-0.0001022,2022-05-07 16:00:00.011
1651968000000,-0.00013951,2022-05-08 00:00:00.000
1651996800007,1.375e-05,2022-05-08 08:00:00.007
1652025600015,-2.688e-05,2022-05-08 16:00:00.015
1652054400000,-2.476e-05,2022-05-09 00:00:00.000
1652083200001,-7.481e-05,2022-05-09 08:00:00.001
1652112000000,-6.225e-05,2022-05-09 16:00:00.000
1652140800000,-0.00014598,2022-05-10 00:00:00.000
1652169600007,7.128e-05,2022-05-10 08:00:00.007
1652198400008,8.433e-05,2022-05-10 16:00:00.008
1652227200004,-5.675e-05,2022-05-11 00:00:00.004
1652256000007,-9.541e-05,2022-05-11 08:00:00.007
1652284800008,-0.00062018,2022-05-11 16:00:00.008
1652313600014,-0.00086187,2022-05-12 00:00:00.014
1652342400000,-0.00090263,2022-05-12 08:00:00.000
1652371200007,-0.00023201,2022-05-12 16:00:00.007
1652400000014,-9.897e-05,2022-05-13 00:00:00.014
1652428800001,-6.865e-05,2022-05-13 08:00:00.001
1652457600000,-0.00019323,2022-05-13 16:00:00.000
1652486400000,9.44e-06,2022-05-14 00:00:00.000
1652515200000,6.17e-05,2022-05-14 08:00:00.000
1652544000001,4.033e-05,2022-05-14 16:00:00.001
1652572800000,1.009e-05,2022-05-15 00:00:00.000
1652601600000,7.194e-05,2022-05-15 08:00:00.000
1652630400000,-3.575e-05,2022-05-15 16:00:00.000
1652659200021,-3.8e-05,2022-05-16 00:00:00.021
1652688000013,3.657e-05,2022-05-16 08:00:00.013
1652716800006,-2.818e-05,2022-05-16 16:00:00.006
1652745600000,-4.858e-05,2022-05-17 00:00:00.000
1652774400010,-1.902e-05,2022-05-17 08:00:00.010
1652803200023,-4.768e-05,2022-05-17 16:00:00.023
1652832000003,-0.00015197,2022-05-18 00:00:00.003
1652860800024,-0.00014637,2022-05-18 08:00:00.024
1652889600014,-0.00020079,2022-05-18 16:00:00.014
1652918400000,-0.00028032,2022-05-19 00:00:00.000
1652947200008,-0.0003054,2022-05-19 08:00:00.008
1652976000015,-0.00034234,2022-05-19 16:00:00.015
1653004800001,-0.00014309,2022-05-20 00:00:00.001
1653033600003,-7.723e-05,2022-05-20 08:00:00.003
1653062400012,-0.00015443,2022-05-20 16:00:00.012
1653091200008,-9.937e-05,2022-05-21 00:00:00.008
1653120000001,-7.298e-05,2022-05-21 08:00:00.001
1653148800007,-9.879e-05,2022-05-21 16:00:00.007
1653177600003,3.864e-05,2022-05-22 00:00:00.003
1653206400016,6.548e-05,2022-05-22 08:00:00.016
1653235200000,9.999e-05,2022-05-22 16:00:00.000
1653264000011,-7.88e-06,2022-05-23 00:00:00.011
1653292800000,6.104e-05,2022-05-23 08:00:00.000
1653321600023,4.095e-05,2022-05-23 16:00:00.023
1653350400011,-0.00014418,2022-05-24 00:00:00.011
1653379200000,-0.00024532,2022-05-24 08:00:00.000
1653408000009,-0.00022773,2022-05-24 16:00:00.009
1653436800001,-4.406e-05,2022-05-25 00:00:00.001
1653465600000,-5.284e-05,2022-05-25 08:00:00.000
1653494400015,-8.664e-05,2022-05-25 16:00:00.015
1653523200005,-4.131e-05,2022-05-26 00:00:00.005
1653552000001,-4.14e-05,2022-05-26 08:00:00.001
1653580800000,-0.00037544,2022-05-26 16:00:00.000
1653609600007,-0.00016449,2022-05-27 00:00:00.007
1653638400008,-0.00024901,2022-05-27 08:00:00.008
1653667200000,-0.0001983,2022-05-27 16:00:00.000
1653696000018,-0.00012944,2022-05-28 00:00:00.018
1653724800016,-0.00017605,2022-05-28 08:00:00.016
1653753600013,-0.00020376,2022-05-28 16:00:00.013
1653782400000,-8.844e-05,2022-05-29 00:00:00.000
1653811200025,-0.00010068,2022-05-29 08:00:00.025
1653840000002,-9.151e-05,2022-05-29 16:00:00.002
1653868800000,-5.169e-05,2022-05-30 00:00:00.000
1653897600013,1.894e-05,2022-05-30 08:00:00.013
1653926400005,7.37e-05,2022-05-30 16:00:00.005
1653955200016,9.875e-05,2022-05-31 00:00:00.016
1653984000000,0.0001,2022-05-31 08:00:00.000
1654012800000,8.826e-05,2022-05-31 16:00:00.000
1654041600000,7.729e-05,2022-06-01 00:00:00.000
1654070400011,7.442e-05,2022-06-01 08:00:00.011
1654099200000,9.145e-05,2022-06-01 16:00:00.000
1654128000000,-0.00010013,2022-06-02 00:00:00.000
1654156800006,-8.911e-05,2022-06-02 08:00:00.006
1654185600021,-0.00016588,2022-06-02 16:00:00.021
1654214400016,-4.658e-05,2022-06-03 00:00:00.016
1654243200016,4.409e-05,2022-06-03 08:00:00.016
1654272000012,-0.00015745,2022-06-03 16:00:00.012
1654300800005,-9.419e-05,2022-06-04 00:00:00.005
1654329600000,-4.851e-05,2022-06-04 08:00:00.000
1654358400007,-1.018e-05,2022-06-04 16:00:00.007
1654387200005,-1.072e-05,2022-06-05 00:00:00.005
1654416000015,-7.439e-05,2022-06-05 08:00:00.015
1654444800000,7.97e-06,2022-06-05 16:00:00.000
1654473600000,-5.084e-05,2022-06-06 00:00:00.000
1654502400017,0.0001,2022-06-06 08:00:00.017
1654531200000,6.863e-05,2022-06-06 16:00:00.000
1654560000000,-5.079e-05,2022-06-07 00:00:00.000
1654588800011,0.0,2022-06-07 08:00:00.011
1654617600000,4.357e-05,2022-06-07 16:00:00.000
1654646400008,1.34e-06,2022-06-08 00:00:00.008
1654675200020,-2.988e-05,2022-06-08 08:00:00.020
1654704000012,3.645e-05,2022-06-08 16:00:00.012
1654732800000,-4.74e-06,2022-06-09 00:00:00.000
1654761600000,-1.027e-05,2022-06-09 08:00:00.000
1654790400000,7.407e-05,2022-06-09 16:00:00.000
1654819200009,3.419e-05,2022-06-10 00:00:00.009
1654848000000,6.621e-05,2022-06-10 08:00:00.000
1654876800006,-0.00016359,2022-06-10 16:00:00.006
1654905600018,-0.00014084,2022-06-11 00:00:00.018
1654934400014,-9.237e-05,2022-06-11 08:00:00.014
1654963200000,-0.0002259,2022-06-11 16:00:00.000
1654992000015,-0.00019014,2022-06-12 00:00:00.015
1655020800019,-0.00036034,2022-06-12 08:00:00.019
1655049600010,-0.00022933,2022-06-12 16:00:00.010
1655078400009,-0.00025806,2022-06-13 00:00:00.009
1655107200000,-0.00045244,2022-06-13 08:00:00.000
1655136000007,-0.00026364,2022-06-13 16:00:00.007
1655164800013,-0.00015205,2022-06-14 00:00:00.013
1655193600008,5.619e-05,2022-06-14 08:00:00.008
1655222400006,7.99e-06,2022-06-14 16:00:00.006
1655251200000,1.51e-05,2022-06-15 00:00:00.000
1655280000016,-0.00018847,2022-06-15 08:00:00.016
1655308800008,-8.026e-05,2022-06-15 16:00:00.008
1655337600009,5.624e-05,2022-06-16 00:00:00.009
1655366400016,0.0001,2022-06-16 08:00:00.016
1655395200000,-8.872e-05,2022-06-16 16:00:00.000
1655424000008,-0.00012251,2022-06-17 00:00:00.008
1655452800003,9.38e-06,2022-06-17 08:00:00.003
1655481600000,-6.045e-05,2022-06-17 16:00:00.000
1655510400020,5.623e-05,2022-06-18 00:00:00.020
1655539200025,-0.00020195,2022-06-18 08:00:00.025
1655568000014,-5.479e-05,2022-06-18 16:00:00.014
1655596800012,-9.58e-06,2022-06-19 00:00:00.012
1655625600012,-8.127e-05,2022-06-19 08:00:00.012
1655654400008,0.0001,2022-06-19 16:00:00.008
1655683200016,5.731e-05,2022-06-20 00:00:00.016
1655712000000,-2.177e-05,2022-06-20 08:00:00.000
1655740800013,0.0001,2022-06-20 16:00:00.013
1655769600012,8.339e-05,2022-06-21 00:00:00.012
1655798400018,0.0001,2022-06-21 08:00:00.018
1655827200010,0.0001,2022-06-21 16:00:00.010
1655856000000,-6.26e-06,2022-06-22 00:00:00.000
1655884800001,-0.00011031,2022-06-22 08:00:00.001
1655913600012,2.275e-05,2022-06-22 16:00:00.012
1655942400000,-7.276e-05,2022-06-23 00:00:00.000
1655971200000,6.046e-05,2022-06-23 08:00:00.000
1656000000016,8.622e-05,2022-06-23 16:00:00.016
1656028800005,5.982e-05,2022-06-24 00:00:00.005
1656057600004,0.0001,2022-06-24 08:00:00.004
1656086400018,0.0001,2022-06-24 16:00:00.018
1656115200001,9.385e-05,2022-06-25 00:00:00.001
1656144000010,0.0001,2022-06-25 08:00:00.010
1656172800000,9.785e-05,2022-06-25 16:00:00.000
1656201600002,0.0001,2022-06-26 00:00:00.002
1656230400016,0.0001,2022-06-26 08:00:00.016
1656259200006,6.774e-05,2022-06-26 16:00:00.006
1656288000008,1.96e-06,2022-06-27 00:00:00.008
1656316800000,2.293e-05,2022-06-27 08:00:00.000
1656345600016,3.725e-05,2022-06-27 16:00:00.016
1656374400016,4.832e-05,2022-06-28 00:00:00.016
1656403200001,0.0001,2022-06-28 08:00:00.001
1656432000005,0.0001,2022-06-28 16:00:00.005
1656460800000,6.166e-05,2022-06-29 00:00:00.000
1656489600013,0.0001,2022-06-29 08:00:00.013
1656518400000,5.06e-06,2022-06-29 16:00:00.000
1656547200000,6.206e-05,2022-06-30 00:00:00.000
1656576000000,5.658e-05,2022-06-30 08:00:00.000
1656604800000,-5.235e-05,2022-06-30 16:00:00.000
1656633600001,9.903e-05,2022-07-01 00:00:00.001
1656662400017,-4.373e-05,2022-07-01 08:00:00.017
1656691200005,-4.26e-05,2022-07-01 16:00:00.005
1656720000000,7.131e-05,2022-07-02 00:00:00.000
1656748800000,1.627e-05,2022-07-02 08:00:00.000
1656777600008,1.062e-05,2022-07-02 16:00:00.008
1656806400015,0.0001,2022-07-03 00:00:00.015
1656835200004,8.252e-05,2022-07-03 08:00:00.004
1656864000005,8.789e-05,2022-07-03 16:00:00.005
1656892800021,0.0001,2022-07-04 00:00:00.021
1656921600001,6.237e-05,2022-07-04 08:00:00.001
1656950400000,0.0001,2022-07-04 16:00:00.000
1656979200000,0.0001,2022-07-05 00:00:00.000
1657008000000,0.0001,2022-07-05 08:00:00.000
1657036800015,4.194e-05,2022-07-05 16:00:00.015
1657065600006,8.517e-05,2022-07-06 00:00:00.006
1657094400000,0.0001,2022-07-06 08:00:00.000
1657123200000,0.0001,2022-07-06 16:00:00.000
1657152000010,0.0001,2022-07-07 00:00:00.010
1657180800010,0.0001,2022-07-07 08:00:00.010
1657209600011,0.0001,2022-07-07 16:00:00.011
1657238400008,0.0001,2022-07-08 00:00:00.008
1657267200009,0.0001,2022-07-08 08:00:00.009
1657296000000,9.587e-05,2022-07-08 16:00:00.000
1657324800000,0.0001,2022-07-09 00:00:00.000
1657353600000,0.0001,2022-07-09 08:00:00.000
1657382400009,0.0001,2022-07-09 16:00:00.009
1657411200001,0.0001,2022-07-10 00:00:00.001
1657440000002,0.0001,2022-07-10 08:00:00.002
1657468800001,0.0001,2022-07-10 16:00:00.001
1657497600000,0.0001,2022-07-11 00:00:00.000
1657526400003,6.867e-05,2022-07-11 08:00:00.003
1657555200001,3.679e-05,2022-07-11 16:00:00.001
1657584000000,-0.00011102,2022-07-12 00:00:00.000
1657612800021,-0.00013013,2022-07-12 08:00:00.021
1657641600000,-0.00014939,2022-07-12 16:00:00.000
1657670400012,-0.00011023,2022-07-13 00:00:00.012
1657699200022,-0.00018917,2022-07-13 08:00:00.022
1657728000005,-0.00018752,2022-07-13 16:00:00.005
1657756800017,-0.00015968,2022-07-14 00:00:00.017
1657785600001,1e-06,2022-07-14 08:00:00.001
1657814400000,-0.00016636,2022-07-14 16:00:00.000
1657843200004,0.0001,2022-07-15 00:00:00.004
1657872000019,0.0001,2022-07-15 08:00:00.019
1657900800017,0.0001,2022-07-15 16:00:00.017
1657929600021,0.0001,2022-07-16 00:00:00.021
1657958400014,0.0001,2022-07-16 08:00:00.014
1657987200005,0.0001,2022-07-16 16:00:00.005
1658016000000,0.0001,2022-07-17 00:00:00.000
1658044800003,0.0001,2022-07-17 08:00:00.003
1658073600007,0.0001,2022-07-17 16:00:00.007
1658102400001,0.0001,2022-07-18 00:00:00.001
1658131200004,0.0001,2022-07-18 08:00:00.004
1658160000019,0.0001,2022-07-18 16:00:00.019
1658188800000,0.0001,2022-07-19 00:00:00.000
1658217600000,0.0001,2022-07-19 08:00:00.000
1658246400001,0.0001,2022-07-19 16:00:00.001
1658275200004,0.0001,2022-07-20 00:00:00.004
1658304000000,0.0001,2022-07-20 08:00:00.000
1658332800003,0.0001,2022-07-20 16:00:00.003
1658361600000,0.0001,2022-07-21 00:00:00.000
1658390400018,0.0001,2022-07-21 08:00:00.018
1658419200011,9.537e-05,2022-07-21 16:00:00.011
1658448000014,0.0001,2022-07-22 00:00:00.014
1658476800000,7.977e-05,2022-07-22 08:00:00.000
1658505600000,0.0001,2022-07-22 16:00:00.000
1658534400004,0.0001,2022-07-23 00:00:00.004
1658563200002,0.0001,2022-07-23 08:00:00.002
1658592000001,0.0001,2022-07-23 16:00:00.001
1658620800000,0.0001,2022-07-24 00:00:00.000
1658649600011,0.0001,2022-07-24 08:00:00.011
1658678400000,9.749e-05,2022-07-24 16:00:00.000
1658707200000,0.0001,2022-07-25 00:00:00.000
1658736000014,6.52e-06,2022-07-25 08:00:00.014
1658764800006,0.0001,2022-07-25 16:00:00.006
1658793600010,-5.803e-05,2022-07-26 00:00:00.010
1658822400000,-0.00012602,2022-07-26 08:00:00.000
1658851200000,-4.448e-05,2022-07-26 16:00:00.000
1658880000008,-0.00016603,2022-07-27 00:00:00.008
1658908800000,-0.00013838,2022-07-27 08:00:00.000
1658937600003,-8.189e-05,2022-07-27 16:00:00.003
1658966400009,8.339e-05,2022-07-28 00:00:00.009
1658995200008,0.0001,2022-07-28 08:00:00.008
1659024000013,0.0001,2022-07-28 16:00:00.013
1659052800000,0.0001,2022-07-29 00:00:00.000
1659081600000,0.0001,2022-07-29 08:00:00.000
1659110400000,0.0001,2022-07-29 16:00:00.000
1659139200005,0.0001,2022-07-30 00:00:00.005
1659168000009,0.0001,2022-07-30 08:00:00.009
1659196800000,0.0001,2022-07-30 16:00:00.000
1659225600022,0.0001,2022-07-31 00:00:00.022
1659254400011,0.0001,2022-07-31 08:00:00.011
1659283200019,0.0001,2022-07-31 16:00:00.019
1659312000010,0.0001,2022-08-01 00:00:00.010
1659340800019,0.0001,2022-08-01 08:00:00.019
1659369600017,0.0001,2022-08-01 16:00:00.017
1659398400000,0.0001,2022-08-02 00:00:00.000
1659427200007,0.0001,2022-08-02 08:00:00.007
1659456000014,0.0001,2022-08-02 16:00:00.014
1659484800001,0.0001,2022-08-03 00:00:00.001
1659513600020,7.359e-05,2022-08-03 08:00:00.020
1659542400008,0.0001,2022-08-03 16:00:00.008
1659571200001,0.0001,2022-08-04 00:00:00.001
1659600000009,0.0001,2022-08-04 08:00:00.009
1659628800015,0.0001,2022-08-04 16:00:00.015
1659657600005,0.0001,2022-08-05 00:00:00.005
1659686400000,0.0001,2022-08-05 08:00:00.000
1659715200000,0.0001,2022-08-05 16:00:00.000
1659744000021,0.0001,2022-08-06 00:00:00.021
1659772800000,0.0001,2022-08-06 08:00:00.000
1659801600015,0.0001,2022-08-06 16:00:00.015
1659830400013,0.0001,2022-08-07 00:00:00.013
1659859200000,0.0001,2022-08-07 08:00:00.000
1659888000014,0.0001,2022-08-07 16:00:00.014
1659916800009,0.0001,2022-08-08 00:00:00.009
1659945600006,0.0001,2022-08-08 08:00:00.006
1659974400000,0.0001,2022-08-08 16:00:00.000
1660003200020,0.0001,2022-08-09 00:00:00.020
1660032000000,0.0001,2022-08-09 08:00:00.000
1660060800000,0.0001,2022-08-09 16:00:00.000
1660089600000,3.921e-05,2022-08-10 00:00:00.000
1660118400016,-3.282e-05,2022-08-10 08:00:00.016
1660147200018,0.0001,2022-08-10 16:00:00.018
1660176000012,0.0001,2022-08-11 00:00:00.012
1660204800000,0.0001,2022-08-11 08:00:00.000
1660233600000,0.0001,2022-08-11 16:00:00.000
1660262400006,0.0001,2022-08-12 00:00:00.006
1660291200000,0.0001,2022-08-12 08:00:00.000
1660320000005,0.0001,2022-08-12 16:00:00.005
1660348800012,0.0001,2022-08-13 00:00:00.012
1660377600006,0.0001,2022-08-13 08:00:00.006
1660406400018,0.0001,2022-08-13 16:00:00.018
1660435200000,5.256e-05,2022-08-14 00:00:00.000
1660464000000,0.0001,2022-08-14 08:00:00.000
1660492800000,0.0001,2022-08-14 16:00:00.000
1660521600010,0.0001,2022-08-15 00:00:00.010
1660550400002,0.0001,2022-08-15 08:00:00.002
1660579200010,0.0001,2022-08-15 16:00:00.010
1660608000010,8.5e-05,2022-08-16 00:00:00.010
1660636800002,0.0001,2022-08-16 08:00:00.002
1660665600000,0.0001,2022-08-16 16:00:00.000
1660694400020,0.0001,2022-08-17 00:00:00.020
1660723200016,0.0001,2022-08-17 08:00:00.016
1660752000001,9.768e-05,2022-08-17 16:00:00.001
1660780800005,0.0001,2022-08-18 00:00:00.005
1660809600012,0.0001,2022-08-18 08:00:00.012
1660838400013,9.456e-05,2022-08-18 16:00:00.013
1660867200000,3.565e-05,2022-08-19 00:00:00.000
1660896000000,-0.00012446,2022-08-19 08:00:00.000
1660924800009,-0.00018732,2022-08-19 16:00:00.009
1660953600000,4.47e-06,2022-08-20 00:00:00.000
1660982400005,3.326e-05,2022-08-20 08:00:00.005
1661011200000,-3.702e-05,2022-08-20 16:00:00.000
1661040000010,-0.0001553,2022-08-21 00:00:00.010
1661068800013,-4.953e-05,2022-08-21 08:00:00.013
1661097600000,-6.183e-05,2022-08-21 16:00:00.000
1661126400011,-1.23e-05,2022-08-22 00:00:00.011
1661155200005,2.911e-05,2022-08-22 08:00:00.005
1661184000005,-8.909e-05,2022-08-22 16:00:00.005
1661212800000,0.0001,2022-08-23 00:00:00.000
1661241600021,3.03e-06,2022-08-23 08:00:00.021
1661270400005,0.0001,2022-08-23 16:00:00.005
1661299200017,0.0001,2022-08-24 00:00:00.017
1661328000021,0.0001,2022-08-24 08:00:00.021
1661356800000,-7.334e-05,2022-08-24 16:00:00.000
1661385600003,2.469e-05,2022-08-25 00:00:00.003
1661414400000,0.0001,2022-08-25 08:00:00.000
1661443200004,0.0001,2022-08-25 16:00:00.004
1661472000001,0.0001,2022-08-26 00:00:00.001
1661500800004,9.498e-05,2022-08-26 08:00:00.004
1661529600000,-3.935e-05,2022-08-26 16:00:00.000
1661558400010,-0.00013033,2022-08-27 00:00:00.010
1661587200007,-0.00014616,2022-08-27 08:00:00.007
1661616000008,-7.111e-05,2022-08-27 16:00:00.008
1661644800019,-7.315e-05,2022-08-28 00:00:00.019
1661673600000,-4.03e-05,2022-08-28 08:00:00.000
1661702400000,0.0001,2022-08-28 16:00:00.000
1661731200000,4.524e-05,2022-08-29 00:00:00.000
1661760000000,-4.211e-05,2022-08-29 08:00:00.000
1661788800001,7.062e-05,2022-08-29 16:00:00.001
1661817600001,9.644e-05,2022-08-30 00:00:00.001
1661846400005,9.299e-05,2022-08-30 08:00:00.005
1661875200010,0.0001,2022-08-30 16:00:00.010
1661904000000,-8.94e-05,2022-08-31 00:00:00.000
1661932800005,0.0001,2022-08-31 08:00:00.005
1661961600013,0.0001,2022-08-31 16:00:00.013
1661990400012,6.757e-05,2022-09-01 00:00:00.012
1662019200000,5.712e-05,2022-09-01 08:00:00.000
1662048000013,-2.877e-05,2022-09-01 16:00:00.013
1662076800002,0.0001,2022-09-02 00:00:00.002
1662105600013,0.0001,2022-09-02 08:00:00.013
1662134400000,0.0001,2022-09-02 16:00:00.000
1662163200000,-8.97e-06,2022-09-03 00:00:00.000
1662192000002,0.0001,2022-09-03 08:00:00.002
1662220800007,0.0001,2022-09-03 16:00:00.007
1662249600008,6.895e-05,2022-09-04 00:00:00.008
1662278400009,0.0001,2022-09-04 08:00:00.009
1662307200000,0.0001,2022-09-04 16:00:00.000
1662336000015,0.0001,2022-09-05 00:00:00.015
1662364800013,0.0001,2022-09-05 08:00:00.013
1662393600007,2.278e-05,2022-09-05 16:00:00.007
1662422400018,0.0001,2022-09-06 00:00:00.018
1662451200020,0.0001,2022-09-06 08:00:00.020
1662480000028,0.0001,2022-09-06 16:00:00.028
1662508800013,-9.324e-05,2022-09-07 00:00:00.013
1662537600022,-0.00010648,2022-09-07 08:00:00.022
1662566400021,-5.311e-05,2022-09-07 16:00:00.021
1662595200010,2.412e-05,2022-09-08 00:00:00.010
1662624000000,0.0001,2022-09-08 08:00:00.000
1662652800003,0.0001,2022-09-08 16:00:00.003
1662681600011,0.0001,2022-09-09 00:00:00.011
1662710400000,0.0001,2022-09-09 08:00:00.000
1662739200000,0.0001,2022-09-09 16:00:00.000
1662768000003,0.0001,2022-09-10 00:00:00.003
1662796800000,0.0001,2022-09-10 08:00:00.000
1662825600012,0.0001,2022-09-10 16:00:00.012
1662854400009,0.0001,2022-09-11 00:00:00.009
1662883200012,8.251e-05,2022-09-11 08:00:00.012
1662912000005,0.0001,2022-09-11 16:00:00.005
1662940800007,0.0001,2022-09-12 00:00:00.007
1662969600013,9.97e-05,2022-09-12 08:00:00.013
1662998400000,0.0001,2022-09-12 16:00:00.000
1663027200004,5.532e-05,2022-09-13 00:00:00.004
1663056000000,7.923e-05,2022-09-13 08:00:00.000
1663084800000,4.33e-05,2022-09-13 16:00:00.000
1663113600000,-1.296e-05,2022-09-14 00:00:00.000
1663142400000,1.037e-05,2022-09-14 08:00:00.000
1663171200000,4.104e-05,2022-09-14 16:00:00.000
1663200000019,8.473e-05,2022-09-15 00:00:00.019
1663228800012,-0.00010389,2022-09-15 08:00:00.012
1663257600007,-1.938e-05,2022-09-15 16:00:00.007
1663286400000,5.191e-05,2022-09-16 00:00:00.000
1663315200000,2.201e-05,2022-09-16 08:00:00.000
1663344000000,0.0001,2022-09-16 16:00:00.000
1663372800000,8.369e-05,2022-09-17 00:00:00.000
1663401600012,0.0001,2022-09-17 08:00:00.012
1663430400017,0.0001,2022-09-17 16:00:00.017
1663459200000,0.0001,2022-09-18 00:00:00.000
1663488000004,0.0001,2022-09-18 08:00:00.004
1663516800000,0.0001,2022-09-18 16:00:00.000
1663545600018,-7.281e-05,2022-09-19 00:00:00.018
1663574400006,-8.323e-05,2022-09-19 08:00:00.006
1663603200010,-0.00015847,2022-09-19 16:00:00.010
1663632000007,-8.211e-05,2022-09-20 00:00:00.007
1663660800001,0.0001,2022-09-20 08:00:00.001
1663689600000,1.71e-05,2022-09-20 16:00:00.000
1663718400001,-3.073e-05,2022-09-21 00:00:00.001
1663747200005,-1.32e-05,2022-09-21 08:00:00.005
1663776000000,-0.00011319,2022-09-21 16:00:00.000
1663804800000,-0.00017852,2022-09-22 00:00:00.000
1663833600000,-8.123e-05,2022-09-22 08:00:00.000
1663862400011,8.906e-05,2022-09-22 16:00:00.011
1663891200023,0.0001,2022-09-23 00:00:00.023
1663920000004,0.0001,2022-09-23 08:00:00.004
1663948800005,4.134e-05,2022-09-23 16:00:00.005
1663977600000,0.0001,2022-09-24 00:00:00.000
1664006400005,0.0001,2022-09-24 08:00:00.005
1664035200000,0.0001,2022-09-24 16:00:00.000
1664064000010,0.0001,2022-09-25 00:00:00.010
1664092800000,9.759e-05,2022-09-25 08:00:00.000
1664121600003,0.0001,2022-09-25 16:00:00.003
1664150400001,4.636e-05,2022-09-26 00:00:00.001
1664179200006,3.323e-05,2022-09-26 08:00:00.006
1664208000000,7.571e-05,2022-09-26 16:00:00.000
1664236800026,9.732e-05,2022-09-27 00:00:00.026
1664265600004,0.0001,2022-09-27 08:00:00.004
1664294400006,9.618e-05,2022-09-27 16:00:00.006
1664323200011,-6.05e-06,2022-09-28 00:00:00.011
1664352000000,1.007e-05,2022-09-28 08:00:00.000
1664380800000,1.982e-05,2022-09-28 16:00:00.000
1664409600010,0.0001,2022-09-29 00:00:00.010
1664438400000,0.0001,2022-09-29 08:00:00.000
1664467200000,0.0001,2022-09-29 16:00:00.000
1664496000006,0.0001,2022-09-30 00:00:00.006
1664524800002,0.0001,2022-09-30 08:00:00.002
1664553600007,0.0001,2022-09-30 16:00:00.007
1664582400008,0.0001,2022-10-01 00:00:00.008
1664611200011,0.0001,2022-10-01 08:00:00.011
1664640000000,0.0001,2022-10-01 16:00:00.000
1664668800000,0.0001,2022-10-02 00:00:00.000
1664697600000,0.0001,2022-10-02 08:00:00.000
1664726400006,0.0001,2022-10-02 16:00:00.006
1664755200000,0.0001,2022-10-03 00:00:00.000
1664784000014,0.0001,2022-10-03 08:00:00.014
1664812800010,0.0001,2022-10-03 16:00:00.010
1664841600006,0.0001,2022-10-04 00:00:00.006
1664870400004,0.0001,2022-10-04 08:00:00.004
1664899200013,1.432e-05,2022-10-04 16:00:00.013
1664928000000,0.0001,2022-10-05 00:00:00.000
1664956800000,0.0001,2022-10-05 08:00:00.000
1664985600012,0.0001,2022-10-05 16:00:00.012
1665014400008,0.0001,2022-10-06 00:00:00.008
1665043200002,4.783e-05,2022-10-06 08:00:00.002
1665072000006,0.0001,2022-10-06 16:00:00.006
1665100800000,7.049e-05,2022-10-07 00:00:00.000
1665129600000,0.0001,2022-10-07 08:00:00.000
1665158400007,0.0001,2022-10-07 16:00:00.007
1665187200010,8.065e-05,2022-10-08 00:00:00.010
1665216000004,0.0001,2022-10-08 08:00:00.004
1665244800018,0.0001,2022-10-08 16:00:00.018
1665273600000,7.965e-05,2022-10-09 00:00:00.000
1665302400007,-3.598e-05,2022-10-09 08:00:00.007
1665331200011,-2.63e-06,2022-10-09 16:00:00.011
1665360000018,6.14e-05,2022-10-10 00:00:00.018
1665388800000,0.0001,2022-10-10 08:00:00.000
1665417600026,0.0001,2022-10-10 16:00:00.026
1665446400020,0.0001,2022-10-11 00:00:00.020
1665475200027,4.274e-05,2022-10-11 08:00:00.027
1665504000000,9.181e-05,2022-10-11 16:00:00.000
1665532800014,0.0001,2022-10-12 00:00:00.014
1665561600000,0.0001,2022-10-12 08:00:00.000
1665590400000,0.0001,2022-10-12 16:00:00.000
1665619200013,0.0001,2022-10-13 00:00:00.013
1665648000016,-2.806e-05,2022-10-13 08:00:00.016
1665676800009,-0.00014462,2022-10-13 16:00:00.009
1665705600020,7.32e-06,2022-10-14 00:00:00.020
1665734400000,0.0001,2022-10-14 08:00:00.000
1665763200009,0.0001,2022-10-14 16:00:00.009
1665792000001,9.127e-05,2022-10-15 00:00:00.001
1665820800005,9.088e-05,2022-10-15 08:00:00.005
1665849600004,-5.282e-05,2022-10-15 16:00:00.004
1665878400012,4.419e-05,2022-10-16 00:00:00.012
1665907200000,3.22e-05,2022-10-16 08:00:00.000
1665936000010,7.391e-05,2022-10-16 16:00:00.010
1665964800012,9.57e-05,2022-10-17 00:00:00.012
1665993600010,0.0001,2022-10-17 08:00:00.010
1666022400017,0.0001,2022-10-17 16:00:00.017
1666051200010,0.0001,2022-10-18 00:00:00.010
1666080000008,6.047e-05,2022-10-18 08:00:00.008
1666108800000,7.032e-05,2022-10-18 16:00:00.000
1666137600007,5.301e-05,2022-10-19 00:00:00.007
1666166400022,0.0001,2022-10-19 08:00:00.022
1666195200016,-5.193e-05,2022-10-19 16:00:00.016
1666224000000,-8.75e-06,2022-10-20 00:00:00.000
1666252800013,-5.385e-05,2022-10-20 08:00:00.013
1666281600000,-9.57e-05,2022-10-20 16:00:00.000
1666310400005,9.671e-05,2022-10-21 00:00:00.005
1666339200018,6.22e-05,2022-10-21 08:00:00.018
1666368000000,6.111e-05,2022-10-21 16:00:00.000
1666396800000,0.0001,2022-10-22 00:00:00.000
1666425600015,5.106e-05,2022-10-22 08:00:00.015
1666454400000,0.0001,2022-10-22 16:00:00.000
1666483200025,0.0001,2022-10-23 00:00:00.025
1666512000000,0.0001,2022-10-23 08:00:00.000
1666540800004,0.0001,2022-10-23 16:00:00.004
1666569600009,3.211e-05,2022-10-24 00:00:00.009
1666598400012,0.0001,2022-10-24 08:00:00.012
1666627200002,5.463e-05,2022-10-24 16:00:00.002
1666656000013,0.0001,2022-10-25 00:00:00.013
1666684800013,7.604e-05,2022-10-25 08:00:00.013
1666713600000,9.15e-06,2022-10-25 16:00:00.000
1666742400006,0.0001,2022-10-26 00:00:00.006
1666771200013,0.0001,2022-10-26 08:00:00.013
1666800000000,6.117e-05,2022-10-26 16:00:00.000
1666828800009,9.614e-05,2022-10-27 00:00:00.009
1666857600006,0.0001,2022-10-27 08:00:00.006
1666886400009,0.0001,2022-10-27 16:00:00.009
1666915200000,0.0001,2022-10-28 00:00:00.000
1666944000000,0.0001,2022-10-28 08:00:00.000
1666972800007,8.861e-05,2022-10-28 16:00:00.007
1667001600000,0.0001,2022-10-29 00:00:00.000
1667030400003,0.0001,2022-10-29 08:00:00.003
1667059200010,0.0001,2022-10-29 16:00:00.010
1667088000000,0.0001,2022-10-30 00:00:00.000
1667116800013,8.904e-05,2022-10-30 08:00:00.013
1667145600009,0.0001,2022-10-30 16:00:00.009
1667174400012,0.0001,2022-10-31 00:00:00.012
1667203200000,0.0001,2022-10-31 08:00:00.000
1667232000010,0.0001,2022-10-31 16:00:00.010
1667260800000,0.0001,2022-11-01 00:00:00.000
1667289600000,0.0001,2022-11-01 08:00:00.000
1667318400000,0.0001,2022-11-01 16:00:00.000
1667347200000,9.129e-05,2022-11-02 00:00:00.000
1667376000000,7.6e-05,2022-11-02 08:00:00.000
1667404800019,0.0001,2022-11-02 16:00:00.019
1667433600011,0.0001,2022-11-03 00:00:00.011
1667462400016,0.0001,2022-11-03 08:00:00.016
1667491200005,0.0001,2022-11-03 16:00:00.005
1667520000000,-0.0075,2022-11-04 00:00:00.000
1667548800004,-0.00277015,2022-11-04 08:00:00.004
1667577600020,-0.00054954,2022-11-04 16:00:00.020
1667606400009,8.818e-05,2022-11-05 00:00:00.009
1667635200007,0.0001,2022-11-05 08:00:00.007
1667664000018,0.0001,2022-11-05 16:00:00.018
1667692800009,0.0001,2022-11-06 00:00:00.009
1667721600000,0.0001,2022-11-06 08:00:00.000
1667750400010,0.0001,2022-11-06 16:00:00.010
1667779200012,8.09e-05,2022-11-07 00:00:00.012
1667808000014,0.0001,2022-11-07 08:00:00.014
1667836800006,0.0001,2022-11-07 16:00:00.006
1667865600000,3.211e-05,2022-11-08 00:00:00.000
1667894400001,-0.00015572,2022-11-08 08:00:00.001
1667923200005,-0.00029754,2022-11-08 16:00:00.005
1667952000000,-0.00563306,2022-11-09 00:00:00.000
1667980800013,-0.00045399,2022-11-09 08:00:00.013
1668009600004,-0.00057426,2022-11-09 16:00:00.004
1668038400006,-0.00205468,2022-11-10 00:00:00.006
1668067200000,-0.00256912,2022-11-10 08:00:00.000
1668096000015,-0.00072109,2022-11-10 16:00:00.015
1668124800000,-1.32e-05,2022-11-11 00:00:00.000
1668153600015,-0.00013842,2022-11-11 08:00:00.015
1668182400027,0.0001,2022-11-11 16:00:00.027
1668211200007,-2.6e-06,2022-11-12 00:00:00.007
1668240000016,0.0001,2022-11-12 08:00:00.016
1668268800000,0.0001,2022-11-12 16:00:00.000
1668297600004,0.0001,2022-11-13 00:00:00.004
1668326400000,3.144e-05,2022-11-13 08:00:00.000
1668355200017,0.0001,2022-11-13 16:00:00.017
1668384000000,0.0001,2022-11-14 00:00:00.000
1668412800000,0.0001,2022-11-14 08:00:00.000
1668441600000,0.0001,2022-11-14 16:00:00.000
1668470400014,0.0001,2022-11-15 00:00:00.014
1668499200009,0.0001,2022-11-15 08:00:00.009
1668528000010,0.0001,2022-11-15 16:00:00.010
1668556800011,0.0001,2022-11-16 00:00:00.011
1668585600004,0.0001,2022-11-16 08:00:00.004
1668614400008,4.888e-05,2022-11-16 16:00:00.008
1668643200000,8.773e-05,2022-11-17 00:00:00.000
1668672000000,0.0001,2022-11-17 08:00:00.000
1668700800006,-1.188e-05,2022-11-17 16:00:00.006
1668729600004,8.449e-05,2022-11-18 00:00:00.004
1668758400016,6.411e-05,2022-11-18 08:00:00.016
1668787200000,4.59e-05,2022-11-18 16:00:00.000
1668816000000,0.0001,2022-11-19 00:00:00.000
1668844800004,-7.124e-05,2022-11-19 08:00:00.004
1668873600024,-3.858e-05,2022-11-19 16:00:00.024
1668902400015,0.0001,2022-11-20 00:00:00.015
1668931200004,4.728e-05,2022-11-20 08:00:00.004
1668960000000,8.401e-05,2022-11-20 16:00:00.000
1668988800006,-1.331e-05,2022-11-21 00:00:00.006
1669017600015,-3.556e-05,2022-11-21 08:00:00.015
1669046400000,-9.99e-06,2022-11-21 16:00:00.000
1669075200000,9.751e-05,2022-11-22 00:00:00.000
1669104000000,6.974e-05,2022-11-22 08:00:00.000
1669132800000,4.35e-05,2022-11-22 16:00:00.000
1669161600000,0.0001,2022-11-23 00:00:00.000
1669190400011,4.486e-05,2022-11-23 08:00:00.011
1669219200014,2.871e-05,2022-11-23 16:00:00.014
1669248000007,0.0001,2022-11-24 00:00:00.007
1669276800014,9.787e-05,2022-11-24 08:00:00.014
1669305600013,0.0001,2022-11-24 16:00:00.013
1669334400004,-9.186e-05,2022-11-25 00:00:00.004
1669363200015,1.53e-06,2022-11-25 08:00:00.015
1669392000000,5.761e-05,2022-11-25 16:00:00.000
1669420800011,2.542e-05,2022-11-26 00:00:00.011
1669449600000,3.023e-05,2022-11-26 08:00:00.000
1669478400000,0.0001,2022-11-26 16:00:00.000
1669507200012,0.0001,2022-11-27 00:00:00.012
1669536000000,0.0001,2022-11-27 08:00:00.000
1669564800003,0.0001,2022-11-27 16:00:00.003
1669593600015,0.0001,2022-11-28 00:00:00.015
1669622400004,4.49e-06,2022-11-28 08:00:00.004
1669651200011,-0.00022083,2022-11-28 16:00:00.011
1669680000000,3.524e-05,2022-11-29 00:00:00.000
1669708800015,0.0001,2022-11-29 08:00:00.015
1669737600000,0.0001,2022-11-29 16:00:00.000
1669766400007,5.88e-05,2022-11-30 00:00:00.007
1669795200000,0.0001,2022-11-30 08:00:00.000
1669824000015,0.0001,2022-11-30 16:00:00.015
1669852800001,0.0001,2022-12-01 00:00:00.001
1669881600006,5.948e-05,2022-12-01 08:00:00.006
1669910400000,0.0001,2022-12-01 16:00:00.000
1669939200001,7.449e-05,2022-12-02 00:00:00.001
1669968000016,0.0001,2022-12-02 08:00:00.016
1669996800017,3.2e-05,2022-12-02 16:00:00.017
1670025600006,-2.251e-05,2022-12-03 00:00:00.006
1670054400000,7.156e-05,2022-12-03 08:00:00.000
1670083200011,-0.00011884,2022-12-03 16:00:00.011
1670112000006,-0.00017349,2022-12-04 00:00:00.006
1670140800000,-0.00021951,2022-12-04 08:00:00.000
1670169600006,6.181e-05,2022-12-04 16:00:00.006
1670198400002,-0.00011471,2022-12-05 00:00:00.002
1670227200011,1.753e-05,2022-12-05 08:00:00.011
1670256000008,0.0001,2022-12-05 16:00:00.008
1670284800014,0.0001,2022-12-06 00:00:00.014
1670313600027,7e-05,2022-12-06 08:00:00.027
1670342400009,-0.00013132,2022-12-06 16:00:00.009
1670371200000,0.0001,2022-12-07 00:00:00.000
1670400000000,0.0001,2022-12-07 08:00:00.000
1670428800000,-1.615e-05,2022-12-07 16:00:00.000
1670457600006,1.128e-05,2022-12-08 00:00:00.006
1670486400000,0.0001,2022-12-08 08:00:00.000
1670515200014,-3.441e-05,2022-12-08 16:00:00.014
1670544000017,1.305e-05,2022-12-09 00:00:00.017
1670572800005,0.0001,2022-12-09 08:00:00.005
1670601600000,0.0001,2022-12-09 16:00:00.000
1670630400009,0.0001,2022-12-10 00:00:00.009
1670659200010,0.0001,2022-12-10 08:00:00.010
1670688000001,0.0001,2022-12-10 16:00:00.001
1670716800011,0.0001,2022-12-11 00:00:00.011
1670745600007,0.0001,2022-12-11 08:00:00.007
1670774400011,0.0001,2022-12-11 16:00:00.011
1670803200000,-3.896e-05,2022-12-12 00:00:00.000
1670832000004,-0.00022007,2022-12-12 08:00:00.004
1670860800000,4.88e-06,2022-12-12 16:00:00.000
1670889600000,4.32e-06,2022-12-13 00:00:00.000
1670918400018,0.0001,2022-12-13 08:00:00.018
1670947200011,0.0001,2022-12-13 16:00:00.011
1670976000010,0.0001,2022-12-14 00:00:00.010
1671004800015,0.0001,2022-12-14 08:00:00.015
1671033600004,0.0001,2022-12-14 16:00:00.004
1671062400000,0.0001,2022-12-15 00:00:00.000
1671091200023,1.451e-05,2022-12-15 08:00:00.023
1671120000010,0.0001,2022-12-15 16:00:00.010
1671148800016,0.0001,2022-12-16 00:00:00.016
1671177600011,0.0001,2022-12-16 08:00:00.011
1671206400001,0.0001,2022-12-16 16:00:00.001
1671235200001,-0.00034425,2022-12-17 00:00:00.001
1671264000011,8.89e-05,2022-12-17 08:00:00.011
1671292800011,9.355e-05,2022-12-17 16:00:00.011
1671321600008,0.0001,2022-12-18 00:00:00.008
1671350400001,0.0001,2022-12-18 08:00:00.001
1671379200012,-3.594e-05,2022-12-18 16:00:00.012
1671408000000,6.733e-05,2022-12-19 00:00:00.000
1671436800000,0.0001,2022-12-19 08:00:00.000
1671465600000,0.0001,2022-12-19 16:00:00.000
1671494400005,0.0001,2022-12-20 00:00:00.005
1671523200016,0.0001,2022-12-20 08:00:00.016
1671552000000,0.0001,2022-12-20 16:00:00.000
1671580800007,0.0001,2022-12-21 00:00:00.007
1671609600012,-3.115e-05,2022-12-21 08:00:00.012
1671638400017,0.0001,2022-12-21 16:00:00.017
1671667200004,0.0001,2022-12-22 00:00:00.004
1671696000000,0.0001,2022-12-22 08:00:00.000
1671724800001,0.0001,2022-12-22 16:00:00.001
1671753600018,0.0001,2022-12-23 00:00:00.018
1671782400000,0.0001,2022-12-23 08:00:00.000
1671811200000,0.0001,2022-12-23 16:00:00.000
1671840000001,-0.00016415,2022-12-24 00:00:00.001
1671868800007,-3.221e-05,2022-12-24 08:00:00.007
1671897600008,5.72e-05,2022-12-24 16:00:00.008
1671926400000,-0.00029527,2022-12-25 00:00:00.000
1671955200013,-0.00027347,2022-12-25 08:00:00.013
1671984000000,4.103e-05,2022-12-25 16:00:00.000
1672012800001,9.758e-05,2022-12-26 00:00:00.001
1672041600000,0.0001,2022-12-26 08:00:00.000
1672070400005,-0.00010041,2022-12-26 16:00:00.005
1672099200005,-0.00013965,2022-12-27 00:00:00.005
1672128000010,0.0001,2022-12-27 08:00:00.010
1672156800006,-9.499e-05,2022-12-27 16:00:00.006
1672185600010,-3.225e-05,2022-12-28 00:00:00.010
1672214400010,2.497e-05,2022-12-28 08:00:00.010
1672243200010,-0.00031751,2022-12-28 16:00:00.010
1672272000011,0.0001,2022-12-29 00:00:00.011
1672300800000,0.0001,2022-12-29 08:00:00.000
1672329600008,0.0001,2022-12-29 16:00:00.008
1672358400000,-7.667e-05,2022-12-30 00:00:00.000
1672387200000,-4.697e-05,2022-12-30 08:00:00.000
1672416000000,-0.0002058,2022-12-30 16:00:00.000
1672444800014,-0.00011965,2022-12-31 00:00:00.014
1672473600000,-0.00029161,2022-12-31 08:00:00.000
1672502400000,-0.00014324,2022-12-31 16:00:00.000
1672531200000,8.507e-05,2023-01-01 00:00:00.000
1672560000008,0.0001,2023-01-01 08:00:00.008
1672588800000,0.0001,2023-01-01 16:00:00.000
1672617600000,0.0001,2023-01-02 00:00:00.000
1672646400008,0.0001,2023-01-02 08:00:00.008
1672675200015,0.0001,2023-01-02 16:00:00.015
1672704000003,0.0001,2023-01-03 00:00:00.003
1672732800018,0.0001,2023-01-03 08:00:00.018
1672761600000,0.0001,2023-01-03 16:00:00.000
1672790400000,0.0001,2023-01-04 00:00:00.000
1672819200016,0.0001,2023-01-04 08:00:00.016
1672848000011,0.0001,2023-01-04 16:00:00.011
1672876800009,0.0001,2023-01-05 00:00:00.009
1672905600011,0.0001,2023-01-05 08:00:00.011
1672934400000,0.0001,2023-01-05 16:00:00.000
1672963200005,0.0001,2023-01-06 00:00:00.005
1672992000001,7.66e-06,2023-01-06 08:00:00.001
1673020800000,-0.00011144,2023-01-06 16:00:00.000
1673049600006,-0.00558102,2023-01-07 00:00:00.006
1673078400017,-0.00458015,2023-01-07 08:00:00.017
1673107200000,-0.00028184,2023-01-07 16:00:00.000
1673136000015,0.0001,2023-01-08 00:00:00.015
1673164800000,0.0001,2023-01-08 08:00:00.000
1673193600010,2.912e-05,2023-01-08 16:00:00.010
1673222400003,-0.00389496,2023-01-09 00:00:00.003
1673251200000,-0.00013009,2023-01-09 08:00:00.000
1673280000006,-0.00205834,2023-01-09 16:00:00.006
1673308800003,0.0001,2023-01-10 00:00:00.003
1673337600021,-0.00146993,2023-01-10 08:00:00.021
1673366400000,-0.00033199,2023-01-10 16:00:00.000
1673395200011,-3.013e-05,2023-01-11 00:00:00.011
1673424000006,0.0001,2023-01-11 08:00:00.006
1673452800004,0.0001,2023-01-11 16:00:00.004
1673481600000,0.0001,2023-01-12 00:00:00.000
1673510400000,0.0001,2023-01-12 08:00:00.000
1673539200000,0.0001,2023-01-12 16:00:00.000
1673568000004,0.0001,2023-01-13 00:00:00.004
1673596800000,0.0001,2023-01-13 08:00:00.000
1673625600018,0.0001,2023-01-13 16:00:00.018
1673654400000,0.0001,2023-01-14 00:00:00.000
1673683200001,0.00034234,2023-01-14 08:00:00.001
1673712000000,0.0001,2023-01-14 16:00:00.000
1673740800010,0.0001,2023-01-15 00:00:00.010
1673769600002,0.0001,2023-01-15 08:00:00.002
1673798400000,0.0001,2023-01-15 16:00:00.000
1673827200010,0.00040148,2023-01-16 00:00:00.010
1673856000007,0.0001,2023-01-16 08:00:00.007
1673884800000,0.0001,2023-01-16 16:00:00.000
1673913600004,0.0001,2023-01-17 00:00:00.004
1673942400005,0.0001,2023-01-17 08:00:00.005
1673971200001,0.0001,2023-01-17 16:00:00.001
1674000000008,0.0001,2023-01-18 00:00:00.008
1674028800009,0.0001,2023-01-18 08:00:00.009
1674057600017,0.0001,2023-01-18 16:00:00.017
1674086400000,9.874e-05,2023-01-19 00:00:00.000
1674115200015,0.0001,2023-01-19 08:00:00.015
1674144000012,8.936e-05,2023-01-19 16:00:00.012
1674172800000,-0.00011822,2023-01-20 00:00:00.000
1674201600000,-4.741e-05,2023-01-20 08:00:00.000
1674230400000,-0.000479,2023-01-20 16:00:00.000
1674259200013,0.0001,2023-01-21 00:00:00.013
1674288000001,0.0001,2023-01-21 08:00:00.001
1674316800016,0.0001,2023-01-21 16:00:00.016
1674345600000,0.0001,2023-01-22 00:00:00.000
1674374400000,0.0001,2023-01-22 08:00:00.000
1674403200023,0.0001,2023-01-22 16:00:00.023
1674432000014,0.0001,2023-01-23 00:00:00.014
1674460800014,0.00020518,2023-01-23 08:00:00.014
1674489600016,0.00024198,2023-01-23 16:00:00.016
1674518400008,0.0001,2023-01-24 00:00:00.008
1674547200008,0.0001,2023-01-24 08:00:00.008
1674576000000,0.0001,2023-01-24 16:00:00.000
1674604800012,0.0001,2023-01-25 00:00:00.012
1674633600000,-0.0001768,2023-01-25 08:00:00.000
1674662400010,0.0001,2023-01-25 16:00:00.010
1674691200010,0.0001,2023-01-26 00:00:00.010
1674720000003,0.0001,2023-01-26 08:00:00.003
1674748800020,0.0001,2023-01-26 16:00:00.020
1674777600008,0.0001,2023-01-27 00:00:00.008
1674806400000,0.0001,2023-01-27 08:00:00.000
1674835200000,0.0001,2023-01-27 16:00:00.000
1674864000009,0.00037007,2023-01-28 00:00:00.009
1674892800018,0.00051058,2023-01-28 08:00:00.018
1674921600005,0.0001,2023-01-28 16:00:00.005
1674950400011,0.00010935,2023-01-29 00:00:00.011
1674979200000,0.00017412,2023-01-29 08:00:00.000
1675008000008,0.0001,2023-01-29 16:00:00.008
1675036800001,0.0001,2023-01-30 00:00:00.001
1675065600000,0.0001,2023-01-30 08:00:00.000
1675094400000,0.0001,2023-01-30 16:00:00.000
1675123200005,0.0001,2023-01-31 00:00:00.005
1675152000000,0.0001,2023-01-31 08:00:00.000
1675180800007,6.79e-05,2023-01-31 16:00:00.007
1675209600013,0.0001,2023-02-01 00:00:00.013
1675238400000,0.0001,2023-02-01 08:00:00.000
1675267200012,0.0001,2023-02-01 16:00:00.012
1675296000004,0.0001,2023-02-02 00:00:00.004
1675324800023,0.00029753,2023-02-02 08:00:00.023
1675353600003,0.00022498,2023-02-02 16:00:00.003
1675382400010,0.0001,2023-02-03 00:00:00.010
1675411200000,0.0001,2023-02-03 08:00:00.000
1675440000000,0.0001,2023-02-03 16:00:00.000
1675468800010,0.00016868,2023-02-04 00:00:00.010
1675497600000,0.0001,2023-02-04 08:00:00.000
1675526400000,0.0001,2023-02-04 16:00:00.000
1675555200016,0.00014502,2023-02-05 00:00:00.016
1675584000009,0.0001,2023-02-05 08:00:00.009
1675612800018,0.0001,2023-02-05 16:00:00.018
1675641600001,0.0001,2023-02-06 00:00:00.001
1675670400000,0.0001,2023-02-06 08:00:00.000
1675699200012,0.0001,2023-02-06 16:00:00.012
1675728000004,4.594e-05,2023-02-07 00:00:00.004
1675756800011,0.0001,2023-02-07 08:00:00.011
1675785600018,0.0001,2023-02-07 16:00:00.018
1675814400009,0.0001,2023-02-08 00:00:00.009
1675843200010,0.0002014,2023-02-08 08:00:00.010
1675872000000,0.0001,2023-02-08 16:00:00.000
1675900800014,1.552e-05,2023-02-09 00:00:00.014
1675929600006,-9.629e-05,2023-02-09 08:00:00.006
1675958400001,3.871e-05,2023-02-09 16:00:00.001
1675987200012,-0.00026132,2023-02-10 00:00:00.012
1676016000005,-8.749e-05,2023-02-10 08:00:00.005
1676044800020,-1.523e-05,2023-02-10 16:00:00.020
1676073600007,-0.00010398,2023-02-11 00:00:00.007
1676102400002,-0.00016203,2023-02-11 08:00:00.002
1676131200021,-0.00033286,2023-02-11 16:00:00.021
1676160000004,-0.00011876,2023-02-12 00:00:00.004
1676188800000,-0.00018317,2023-02-12 08:00:00.000
1676217600002,5.267e-05,2023-02-12 16:00:00.002
1676246400006,-0.00029127,2023-02-13 00:00:00.006
1676275200008,6.53e-06,2023-02-13 08:00:00.008
1676304000002,-2.415e-05,2023-02-13 16:00:00.002
1676332800013,-7.101e-05,2023-02-14 00:00:00.013
1676361600014,-0.00017114,2023-02-14 08:00:00.014
1676390400016,2.664e-05,2023-02-14 16:00:00.016
1676419200011,8.012e-05,2023-02-15 00:00:00.011
1676448000000,-3.687e-05,2023-02-15 08:00:00.000
1676476800005,2.52e-05,2023-02-15 16:00:00.005
1676505600019,0.0001,2023-02-16 00:00:00.019
1676534400000,0.0001,2023-02-16 08:00:00.000
1676563200001,0.0001,2023-02-16 16:00:00.001
1676592000003,0.0001,2023-02-17 00:00:00.003
1676620800016,0.0001,2023-02-17 08:00:00.016
1676649600000,0.0001,2023-02-17 16:00:00.000
1676678400011,0.0001,2023-02-18 00:00:00.011
1676707200000,0.0001,2023-02-18 08:00:00.000
1676736000007,0.0001,2023-02-18 16:00:00.007
1676764800019,0.0001,2023-02-19 00:00:00.019
1676793600005,0.0001,2023-02-19 08:00:00.005
1676822400003,0.0001,2023-02-19 16:00:00.003
1676851200006,0.0001,2023-02-20 00:00:00.006
1676880000008,0.0001,2023-02-20 08:00:00.008
1676908800006,0.00017858,2023-02-20 16:00:00.006
1676937600001,0.0001,2023-02-21 00:00:00.001
1676966400004,0.00012946,2023-02-21 08:00:00.004
1676995200011,0.0001,2023-02-21 16:00:00.011
1677024000009,0.0001,2023-02-22 00:00:00.009
1677052800010,0.0001,2023-02-22 08:00:00.010
1677081600000,0.0001,2023-02-22 16:00:00.000
1677110400006,0.0001,2023-02-23 00:00:00.006
1677139200005,0.0001,2023-02-23 08:00:00.005
1677168000002,0.0001,2023-02-23 16:00:00.002
1677196800015,0.0001,2023-02-24 00:00:00.015
1677225600011,0.0001,2023-02-24 08:00:00.011
1677254400014,0.0001,2023-02-24 16:00:00.014
1677283200015,5.318e-05,2023-02-25 00:00:00.015
1677312000015,0.0001,2023-02-25 08:00:00.015
1677340800015,6.457e-05,2023-02-25 16:00:00.015
1677369600007,-1.401e-05,2023-02-26 00:00:00.007
1677398400012,-2.52e-06,2023-02-26 08:00:00.012
1677427200000,-6.037e-05,2023-02-26 16:00:00.000
1677456000011,0.0001,2023-02-27 00:00:00.011
1677484800003,0.0001,2023-02-27 08:00:00.003
1677513600000,0.0001,2023-02-27 16:00:00.000
1677542400011,0.0001,2023-02-28 00:00:00.011
1677571200018,0.0001,2023-02-28 08:00:00.018
1677600000005,0.0001,2023-02-28 16:00:00.005
1677628800016,3.487e-05,2023-03-01 00:00:00.016
1677657600000,0.0001,2023-03-01 08:00:00.000
1677686400008,0.0001,2023-03-01 16:00:00.008
1677715200009,0.0001,2023-03-02 00:00:00.009
1677744000013,0.0001,2023-03-02 08:00:00.013
1677772800000,0.0001,2023-03-02 16:00:00.000
1677801600000,5.693e-05,2023-03-03 00:00:00.000
1677830400013,-0.00036867,2023-03-03 08:00:00.013
1677859200000,4.21e-05,2023-03-03 16:00:00.000
1677888000001,7.991e-05,2023-03-04 00:00:00.001
1677916800008,6.337e-05,2023-03-04 08:00:00.008
1677945600012,-0.00010065,2023-03-04 16:00:00.012
1677974400000,-0.00012486,2023-03-05 00:00:00.000
1678003200000,-3.488e-05,2023-03-05 08:00:00.000
1678032000015,-0.00018965,2023-03-05 16:00:00.015
1678060800007,-0.00022596,2023-03-06 00:00:00.007
1678089600017,-9.651e-05,2023-03-06 08:00:00.017
1678118400000,-0.00016556,2023-03-06 16:00:00.000
1678147200009,5.501e-05,2023-03-07 00:00:00.009
1678176000016,0.0001,2023-03-07 08:00:00.016
1678204800017,0.0001,2023-03-07 16:00:00.017
1678233600000,6.717e-05,2023-03-08 00:00:00.000
1678262400014,8.72e-06,2023-03-08 08:00:00.014
1678291200021,-1.032e-05,2023-03-08 16:00:00.021
1678320000010,-0.00024505,2023-03-09 00:00:00.010
1678348800013,-0.00024691,2023-03-09 08:00:00.013
1678377600002,-4.507e-05,2023-03-09 16:00:00.002
1678406400000,-0.00052958,2023-03-10 00:00:00.000
1678435200000,-0.00020311,2023-03-10 08:00:00.000
1678464000005,-0.00035121,2023-03-10 16:00:00.005
1678492800011,-0.00016693,2023-03-11 00:00:00.011
1678521600003,-0.00019176,2023-03-11 08:00:00.003
1678550400011,-0.00018081,2023-03-11 16:00:00.011
1678579200001,-0.00011573,2023-03-12 00:00:00.001
1678608000000,-0.00013092,2023-03-12 08:00:00.000
1678636800005,-0.00042259,2023-03-12 16:00:00.005
1678665600010,0.0001,2023-03-13 00:00:00.010
1678694400018,0.0001,2023-03-13 08:00:00.018
1678723200003,0.0001,2023-03-13 16:00:00.003
1678752000010,0.0001,2023-03-14 00:00:00.010
1678780800009,0.0001,2023-03-14 08:00:00.009
1678809600010,0.0001,2023-03-14 16:00:00.010
1678838400011,0.00032474,2023-03-15 00:00:00.011
1678867200000,0.0001,2023-03-15 08:00:00.000
1678896000012,0.0001,2023-03-15 16:00:00.012
1678924800004,-0.00011864,2023-03-16 00:00:00.004
1678953600018,0.0001,2023-03-16 08:00:00.018
1678982400005,-8.18e-06,2023-03-16 16:00:00.005
1679011200017,0.0001,2023-03-17 00:00:00.017
1679040000010,5.916e-05,2023-03-17 08:00:00.010
1679068800003,0.0001,2023-03-17 16:00:00.003
1679097600012,0.0001,2023-03-18 00:00:00.012
1679126400000,0.00010393,2023-03-18 08:00:00.000
1679155200016,0.00015086,2023-03-18 16:00:00.016
1679184000013,0.0001,2023-03-19 00:00:00.013
1679212800024,0.0001021,2023-03-19 08:00:00.024
1679241600000,0.0001,2023-03-19 16:00:00.000
1679270400005,0.0001,2023-03-20 00:00:00.005
1679299200012,0.0001,2023-03-20 08:00:00.012
1679328000015,0.0001,2023-03-20 16:00:00.015
1679356800006,0.0001,2023-03-21 00:00:00.006
1679385600004,0.0001,2023-03-21 08:00:00.004
1679414400003,9.625e-05,2023-03-21 16:00:00.003
1679443200000,0.0001,2023-03-22 00:00:00.000
1679472000003,2.502e-05,2023-03-22 08:00:00.003
1679500800000,0.0001,2023-03-22 16:00:00.000
1679529600016,7.87e-06,2023-03-23 00:00:00.016
1679558400001,8.834e-05,2023-03-23 08:00:00.001
1679587200013,9.934e-05,2023-03-23 16:00:00.013
1679616000013,0.0001,2023-03-24 00:00:00.013
1679644800012,-7.45e-06,2023-03-24 08:00:00.012
1679673600027,0.0001,2023-03-24 16:00:00.027
1679702400015,8.319e-05,2023-03-25 00:00:00.015
1679731200011,0.0001,2023-03-25 08:00:00.011
1679760000011,6.29e-06,2023-03-25 16:00:00.011
1679788800000,-9.215e-05,2023-03-26 00:00:00.000
1679817600015,-1.017e-05,2023-03-26 08:00:00.015
1679846400000,-2.614e-05,2023-03-26 16:00:00.000
1679875200019,7.919e-05,2023-03-27 00:00:00.019
1679904000009,0.0001,2023-03-27 08:00:00.009
1679932800000,-0.00018423,2023-03-27 16:00:00.000
1679961600007,-0.00019644,2023-03-28 00:00:00.007
1679990400000,4.486e-05,2023-03-28 08:00:00.000
1680019200013,-1.954e-05,2023-03-28 16:00:00.013
1680048000010,0.0001,2023-03-29 00:00:00.010
1680076800006,3.358e-05,2023-03-29 08:00:00.006
1680105600014,0.0001,2023-03-29 16:00:00.014
1680134400000,0.0001,2023-03-30 00:00:00.000
1680163200000,9.239e-05,2023-03-30 08:00:00.000
1680192000006,0.0001,2023-03-30 16:00:00.006
1680220800003,6.711e-05,2023-03-31 00:00:00.003
1680249600006,5.528e-05,2023-03-31 08:00:00.006
1680278400011,3.683e-05,2023-03-31 16:00:00.011
1680307200000,0.0001,2023-04-01 00:00:00.000
1680336000000,0.0001,2023-04-01 08:00:00.000
1680364800018,0.0001,2023-04-01 16:00:00.018
1680393600013,0.0001,2023-04-02 00:00:00.013
1680422400014,0.0001,2023-04-02 08:00:00.014
1680451200001,3.683e-05,2023-04-02 16:00:00.001
1680480000000,6.205e-05,2023-04-03 00:00:00.000
1680508800013,3.895e-05,2023-04-03 08:00:00.013
1680537600011,5.89e-05,2023-04-03 16:00:00.011
1680566400002,0.0001,2023-04-04 00:00:00.002
1680595200017,0.0001,2023-04-04 08:00:00.017
1680624000008,0.0001,2023-04-04 16:00:00.008
1680652800000,8.75e-06,2023-04-05 00:00:00.000
1680681600016,0.0001,2023-04-05 08:00:00.016
1680710400004,0.0001,2023-04-05 16:00:00.004
1680739200000,0.0001,2023-04-06 00:00:00.000
1680768000011,0.0001,2023-04-06 08:00:00.011
1680796800000,9.283e-05,2023-04-06 16:00:00.000
1680825600006,5.896e-05,2023-04-07 00:00:00.006
1680854400005,-2.076e-05,2023-04-07 08:00:00.005
1680883200000,0.0001,2023-04-07 16:00:00.000
1680912000000,0.0001,2023-04-08 00:00:00.000
1680940800014,0.0001,2023-04-08 08:00:00.014
1680969600018,0.0001,2023-04-08 16:00:00.018
1680998400013,1.896e-05,2023-04-09 00:00:00.013
1681027200024,9.951e-05,2023-04-09 08:00:00.024
1681056000010,5.923e-05,2023-04-09 16:00:00.010
1681084800000,0.0001,2023-04-10 00:00:00.000
1681113600010,0.0001,2023-04-10 08:00:00.010
1681142400006,0.0001,2023-04-10 16:00:00.006
1681171200008,0.0001,2023-04-11 00:00:00.008
1681200000007,0.0001,2023-04-11 08:00:00.007
1681228800016,0.0001,2023-04-11 16:00:00.016
1681257600006,0.0001,2023-04-12 00:00:00.006
1681286400008,0.0001,2023-04-12 08:00:00.008
1681315200014,0.0001,2023-04-12 16:00:00.014
1681344000027,0.0001,2023-04-13 00:00:00.027
1681372800010,0.0001,2023-04-13 08:00:00.010
1681401600000,0.0001,2023-04-13 16:00:00.000
1681430400001,0.0001,2023-04-14 00:00:00.001
1681459200008,0.0001,2023-04-14 08:00:00.008
1681488000007,0.0001,2023-04-14 16:00:00.007
1681516800007,0.0001353,2023-04-15 00:00:00.007
1681545600007,0.0001,2023-04-15 08:00:00.007
1681574400011,0.00012264,2023-04-15 16:00:00.011
1681603200014,0.00011599,2023-04-16 00:00:00.014
1681632000007,0.00032012,2023-04-16 08:00:00.007
1681660800002,0.0001549,2023-04-16 16:00:00.002
1681689600017,0.00024449,2023-04-17 00:00:00.017
1681718400006,0.00042664,2023-04-17 08:00:00.006
1681747200000,0.00023023,2023-04-17 16:00:00.000
1681776000013,0.0001,2023-04-18 00:00:00.013
1681804800017,0.00015729,2023-04-18 08:00:00.017
1681833600000,0.00029252,2023-04-18 16:00:00.000
1681862400022,0.00027141,2023-04-19 00:00:00.022
1681891200014,0.0001135,2023-04-19 08:00:00.014
1681920000000,0.0001,2023-04-19 16:00:00.000
1681948800010,0.0001,2023-04-20 00:00:00.010
1681977600012,0.0001,2023-04-20 08:00:00.012
1682006400012,0.0001,2023-04-20 16:00:00.012
1682035200009,7.18e-06,2023-04-21 00:00:00.009
1682064000009,8.38e-05,2023-04-21 08:00:00.009
1682092800003,4.099e-05,2023-04-21 16:00:00.003
1682121600000,0.0001,2023-04-22 00:00:00.000
1682150400000,1.523e-05,2023-04-22 08:00:00.000
1682179200016,1.46e-06,2023-04-22 16:00:00.016
1682208000009,1.299e-05,2023-04-23 00:00:00.009
1682236800020,0.0001,2023-04-23 08:00:00.020
1682265600007,9.428e-05,2023-04-23 16:00:00.007
1682294400000,0.0001,2023-04-24 00:00:00.000
1682323200008,9.927e-05,2023-04-24 08:00:00.008
1682352000006,0.0001,2023-04-24 16:00:00.006
1682380800014,0.0001,2023-04-25 00:00:00.014
1682409600009,0.0001,2023-04-25 08:00:00.009
1682438400015,0.0001,2023-04-25 16:00:00.015
1682467200015,0.0001,2023-04-26 00:00:00.015
1682496000013,1.672e-05,2023-04-26 08:00:00.013
1682524800001,0.0001,2023-04-26 16:00:00.001
1682553600014,-0.00019927,2023-04-27 00:00:00.014
1682582400008,0.0001,2023-04-27 08:00:00.008
1682611200005,-1.383e-05,2023-04-27 16:00:00.005
1682640000011,0.0001,2023-04-28 00:00:00.011
1682668800007,0.0001,2023-04-28 08:00:00.007
1682697600006,0.0001,2023-04-28 16:00:00.006
1682726400004,0.0001,2023-04-29 00:00:00.004
1682755200016,0.0001,2023-04-29 08:00:00.016
1682784000001,0.0001,2023-04-29 16:00:00.001
1682812800008,0.0001,2023-04-30 00:00:00.008
1682841600000,4.68e-05,2023-04-30 08:00:00.000
1682870400010,-1.77e-05,2023-04-30 16:00:00.010
1682899200004,0.0001,2023-05-01 00:00:00.004
1682928000008,0.0001,2023-05-01 08:00:00.008
1682956800014,8.357e-05,2023-05-01 16:00:00.014
1682985600015,8.428e-05,2023-05-02 00:00:00.015
1683014400018,0.0001,2023-05-02 08:00:00.018
1683043200000,0.0001,2023-05-02 16:00:00.000
1683072000009,0.0001,2023-05-03 00:00:00.009
1683100800003,6.444e-05,2023-05-03 08:00:00.003
1683129600011,8.99e-05,2023-05-03 16:00:00.011
1683158400000,0.0001,2023-05-04 00:00:00.000
1683187200000,0.0001,2023-05-04 08:00:00.000
1683216000011,7.667e-05,2023-05-04 16:00:00.011
1683244800002,9.455e-05,2023-05-05 00:00:00.002
1683273600000,-2.034e-05,2023-05-05 08:00:00.000
1683302400000,0.0001,2023-05-05 16:00:00.000
1683331200009,0.0001,2023-05-06 00:00:00.009
1683360000000,0.0001,2023-05-06 08:00:00.000
1683388800000,0.0001,2023-05-06 16:00:00.000
1683417600000,0.0001,2023-05-07 00:00:00.000
1683446400000,0.0001,2023-05-07 08:00:00.000
1683475200006,9.284e-05,2023-05-07 16:00:00.006
1683504000000,0.0001,2023-05-08 00:00:00.000
1683532800007,2.12e-05,2023-05-08 08:00:00.007
1683561600015,-1.09e-06,2023-05-08 16:00:00.015
1683590400015,-0.00018706,2023-05-09 00:00:00.015
1683619200000,7.66e-06,2023-05-09 08:00:00.000
1683648000000,-0.00010189,2023-05-09 16:00:00.000
1683676800007,5.825e-05,2023-05-10 00:00:00.007
1683705600003,1.684e-05,2023-05-10 08:00:00.003
1683734400000,-7.498e-05,2023-05-10 16:00:00.000
1683763200011,9.186e-05,2023-05-11 00:00:00.011
1683792000000,3.403e-05,2023-05-11 08:00:00.000
1683820800005,8.177e-05,2023-05-11 16:00:00.005
1683849600020,-2.795e-05,2023-05-12 00:00:00.020
1683878400001,4.084e-05,2023-05-12 08:00:00.001
1683907200010,0.0001,2023-05-12 16:00:00.010
1683936000000,-1.071e-05,2023-05-13 00:00:00.000
1683964800000,7.267e-05,2023-05-13 08:00:00.000
1683993600026,0.0001,2023-05-13 16:00:00.026
1684022400029,4.08e-05,2023-05-14 00:00:00.029
1684051200010,1.39e-05,2023-05-14 08:00:00.010
1684080000008,8.171e-05,2023-05-14 16:00:00.008
1684108800006,2.683e-05,2023-05-15 00:00:00.006
1684137600005,5.267e-05,2023-05-15 08:00:00.005
1684166400008,5.912e-05,2023-05-15 16:00:00.008
1684195200021,0.0001,2023-05-16 00:00:00.021
1684224000000,0.0001,2023-05-16 08:00:00.000
1684252800000,6.876e-05,2023-05-16 16:00:00.000
1684281600010,-0.00010161,2023-05-17 00:00:00.010
1684310400000,7.015e-05,2023-05-17 08:00:00.000
1684339200001,0.0001,2023-05-17 16:00:00.001
1684368000000,0.0001,2023-05-18 00:00:00.000
1684396800026,9.935e-05,2023-05-18 08:00:00.026
1684425600019,2.26e-06,2023-05-18 16:00:00.019
1684454400000,7.851e-05,2023-05-19 00:00:00.000
1684483200002,0.0001,2023-05-19 08:00:00.002
1684512000000,0.0001,2023-05-19 16:00:00.000
1684540800005,4.038e-05,2023-05-20 00:00:00.005
1684569600014,0.0001,2023-05-20 08:00:00.014
1684598400020,5.937e-05,2023-05-20 16:00:00.020
1684627200014,0.0001,2023-05-21 00:00:00.014
1684656000001,0.0001,2023-05-21 08:00:00.001
1684684800015,7.898e-05,2023-05-21 16:00:00.015
1684713600028,0.0001,2023-05-22 00:00:00.028
1684742400000,4.426e-05,2023-05-22 08:00:00.000
1684771200012,0.0001,2023-05-22 16:00:00.012
1684800000006,0.0001,2023-05-23 00:00:00.006
1684828800014,0.0001,2023-05-23 08:00:00.014
1684857600008,0.0001,2023-05-23 16:00:00.008
1684886400000,0.0001,2023-05-24 00:00:00.000
1684915200025,0.0001,2023-05-24 08:00:00.025
1684944000008,0.0001,2023-05-24 16:00:00.008
1684972800000,5.249e-05,2023-05-25 00:00:00.000
1685001600025,0.0001,2023-05-25 08:00:00.025
1685030400016,0.0001,2023-05-25 16:00:00.016
1685059200000,0.0001,2023-05-26 00:00:00.000
1685088000024,0.0001,2023-05-26 08:00:00.024
1685116800012,0.0001,2023-05-26 16:00:00.012
1685145600012,0.0001,2023-05-27 00:00:00.012
1685174400018,0.0001,2023-05-27 08:00:00.018
1685203200008,0.0001,2023-05-27 16:00:00.008
1685232000017,0.0001,2023-05-28 00:00:00.017
1685260800015,0.0001,2023-05-28 08:00:00.015
1685289600000,0.0001,2023-05-28 16:00:00.000
1685318400000,0.0001,2023-05-29 00:00:00.000
1685347200020,0.0001,2023-05-29 08:00:00.020
1685376000011,0.0001,2023-05-29 16:00:00.011
1685404800003,0.0001,2023-05-30 00:00:00.003
1685433600000,0.0001,2023-05-30 08:00:00.000
1685462400003,0.0001,2023-05-30 16:00:00.003
1685491200013,0.0001,2023-05-31 00:00:00.013
1685520000000,4.597e-05,2023-05-31 08:00:00.000
1685548800000,0.0001,2023-05-31 16:00:00.000
1685577600008,1.607e-05,2023-06-01 00:00:00.008
1685606400012,0.0001,2023-06-01 08:00:00.012
1685635200000,0.0001,2023-06-01 16:00:00.000
1685664000000,0.0001,2023-06-02 00:00:00.000
1685692800006,0.0001,2023-06-02 08:00:00.006
1685721600012,0.0001,2023-06-02 16:00:00.012
1685750400000,0.0001,2023-06-03 00:00:00.000
1685779200011,0.0001,2023-06-03 08:00:00.011
1685808000003,0.0001,2023-06-03 16:00:00.003
1685836800000,0.0001,2023-06-04 00:00:00.000
1685865600000,0.0001,2023-06-04 08:00:00.000
1685894400000,0.0001,2023-06-04 16:00:00.000
1685923200005,0.0001,2023-06-05 00:00:00.005
1685952000000,0.0001,2023-06-05 08:00:00.000
1685980800000,0.0001,2023-06-05 16:00:00.000
1686009600000,-3.416e-05,2023-06-06 00:00:00.000
1686038400009,-8.255e-05,2023-06-06 08:00:00.009
1686067200013,0.0001,2023-06-06 16:00:00.013
1686096000000,0.0001,2023-06-07 00:00:00.000
1686124800016,0.0001,2023-06-07 08:00:00.016
1686153600000,0.0001,2023-06-07 16:00:00.000
1686182400006,0.0001,2023-06-08 00:00:00.006
1686211200000,0.0001,2023-06-08 08:00:00.000
1686240000000,0.0001,2023-06-08 16:00:00.000
1686268800000,0.0001,2023-06-09 00:00:00.000
1686297600000,4.913e-05,2023-06-09 08:00:00.000
1686326400000,0.0001,2023-06-09 16:00:00.000
1686355200000,0.0001,2023-06-10 00:00:00.000
1686384000000,-0.00034371,2023-06-10 08:00:00.000
1686412800000,-0.00078518,2023-06-10 16:00:00.000
1686441600001,-0.00041315,2023-06-11 00:00:00.001
1686470400000,-0.00019038,2023-06-11 08:00:00.000
1686499200000,-0.00023386,2023-06-11 16:00:00.000
1686528000000,-0.00018336,2023-06-12 00:00:00.000
1686556800000,-9.388e-05,2023-06-12 08:00:00.000
1686585600001,6.41e-06,2023-06-12 16:00:00.001
1686614400000,1.843e-05,2023-06-13 00:00:00.000
1686643200000,2.838e-05,2023-06-13 08:00:00.000
1686672000000,9.711e-05,2023-06-13 16:00:00.000
1686700800000,2.299e-05,2023-06-14 00:00:00.000
1686729600000,9.821e-05,2023-06-14 08:00:00.000
1686758400000,0.0001,2023-06-14 16:00:00.000
1686787200000,-8.636e-05,2023-06-15 00:00:00.000
1686816000000,-9.85e-06,2023-06-15 08:00:00.000
1686844800000,0.0001,2023-06-15 16:00:00.000
1686873600000,-2.336e-05,2023-06-16 00:00:00.000
1686902400000,0.0001,2023-06-16 08:00:00.000
1686931200000,7.038e-05,2023-06-16 16:00:00.000
1686960000000,-0.00017801,2023-06-17 00:00:00.000
1686988800000,-4.548e-05,2023-06-17 08:00:00.000
1687017600000,6.878e-05,2023-06-17 16:00:00.000
1687046400000,-8.01e-06,2023-06-18 00:00:00.000
1687075200000,-0.00022194,2023-06-18 08:00:00.000
1687104000000,-4.296e-05,2023-06-18 16:00:00.000
1687132800000,-3.526e-05,2023-06-19 00:00:00.000
1687161600000,-0.00028131,2023-06-19 08:00:00.000
1687190400000,-5.446e-05,2023-06-19 16:00:00.000
1687219200001,8.383e-05,2023-06-20 00:00:00.001
1687248000000,4.601e-05,2023-06-20 08:00:00.000
1687276800000,4.789e-05,2023-06-20 16:00:00.000
1687305600000,-3.68e-05,2023-06-21 00:00:00.000
1687334400000,0.0001,2023-06-21 08:00:00.000
1687363200000,0.0001,2023-06-21 16:00:00.000
1687392000000,-0.00011971,2023-06-22 00:00:00.000
1687420800001,0.0001,2023-06-22 08:00:00.001
1687449600000,0.0001,2023-06-22 16:00:00.000
1687478400000,0.0001,2023-06-23 00:00:00.000
1687507200000,0.0001,2023-06-23 08:00:00.000
1687536000000,5.789e-05,2023-06-23 16:00:00.000
1687564800000,0.0001,2023-06-24 00:00:00.000
1687593600000,0.0001,2023-06-24 08:00:00.000
1687622400000,0.0001,2023-06-24 16:00:00.000
1687651200000,5.218e-05,2023-06-25 00:00:00.000
1687680000000,1.896e-05,2023-06-25 08:00:00.000
1687708800000,0.0001,2023-06-25 16:00:00.000
1687737600000,0.0001,2023-06-26 00:00:00.000
1687766400000,0.0001,2023-06-26 08:00:00.000
1687795200000,0.0001,2023-06-26 16:00:00.000
1687824000000,0.0001,2023-06-27 00:00:00.000
1687852800000,0.0001,2023-06-27 08:00:00.000
1687881600000,0.0001,2023-06-27 16:00:00.000
1687910400000,0.0001,2023-06-28 00:00:00.000
1687939200000,0.0001,2023-06-28 08:00:00.000
1687968000000,0.0001,2023-06-28 16:00:00.000
1687996800000,-5.965e-05,2023-06-29 00:00:00.000
1688025600000,-0.00018399,2023-06-29 08:00:00.000
1688054400000,-1.996e-05,2023-06-29 16:00:00.000
1688083200000,7.417e-05,2023-06-30 00:00:00.000
1688112000000,0.0001,2023-06-30 08:00:00.000
1688140800001,0.0001,2023-06-30 16:00:00.001
1688169600000,0.0001,2023-07-01 00:00:00.000
1688198400000,9.437e-05,2023-07-01 08:00:00.000
1688227200000,0.0001,2023-07-01 16:00:00.000
1688256000000,0.0001,2023-07-02 00:00:00.000
1688284800000,0.0001,2023-07-02 08:00:00.000
1688313600001,4.995e-05,2023-07-02 16:00:00.001
1688342400000,0.0001,2023-07-03 00:00:00.000
1688371200000,0.0001,2023-07-03 08:00:00.000
1688400000000,0.0001,2023-07-03 16:00:00.000
1688428800001,0.0001,2023-07-04 00:00:00.001
1688457600000,0.0001,2023-07-04 08:00:00.000
1688486400000,0.0001,2023-07-04 16:00:00.000
1688515200000,0.0001,2023-07-05 00:00:00.000
1688544000000,0.0001,2023-07-05 08:00:00.000
1688572800000,6.44e-06,2023-07-05 16:00:00.000
1688601600000,8.428e-05,2023-07-06 00:00:00.000
1688630400000,0.0001,2023-07-06 08:00:00.000
1688659200000,6.685e-05,2023-07-06 16:00:00.000
1688688000000,0.0001,2023-07-07 00:00:00.000
1688716800000,-8.6e-07,2023-07-07 08:00:00.000
1688745600000,0.0001,2023-07-07 16:00:00.000
1688774400000,0.0001,2023-07-08 00:00:00.000
1688803200000,0.0001,2023-07-08 08:00:00.000
1688832000000,0.0001,2023-07-08 16:00:00.000
1688860800000,0.0001,2023-07-09 00:00:00.000
1688889600000,0.0001,2023-07-09 08:00:00.000
1688918400000,0.0001,2023-07-09 16:00:00.000
1688947200000,0.0001,2023-07-10 00:00:00.000
1688976000000,0.0001,2023-07-10 08:00:00.000
1689004800000,0.0001,2023-07-10 16:00:00.000
1689033600000,0.0001,2023-07-11 00:00:00.000
1689062400000,6.806e-05,2023-07-11 08:00:00.000
1689091200000,0.0001,2023-07-11 16:00:00.000
1689120000000,0.0001,2023-07-12 00:00:00.000
1689148800000,0.0001,2023-07-12 08:00:00.000
1689177600000,0.0001,2023-07-12 16:00:00.000
1689206400000,0.0001,2023-07-13 00:00:00.000
1689235200000,-8.103e-05,2023-07-13 08:00:00.000
1689264000000,0.0001,2023-07-13 16:00:00.000
1689292800000,0.00040945,2023-07-14 00:00:00.000
1689321600000,0.0001,2023-07-14 08:00:00.000
1689350400000,0.0001,2023-07-14 16:00:00.000
1689379200000,0.0001,2023-07-15 00:00:00.000
1689408000000,0.0001,2023-07-15 08:00:00.000
1689436800000,0.0001,2023-07-15 16:00:00.000
1689465600001,0.0001,2023-07-16 00:00:00.001
1689494400000,0.0001,2023-07-16 08:00:00.000
1689523200000,0.0001,2023-07-16 16:00:00.000
1689552000000,-8.78e-05,2023-07-17 00:00:00.000
1689580800000,0.0001,2023-07-17 08:00:00.000
1689609600000,8.314e-05,2023-07-17 16:00:00.000
1689638400000,2.073e-05,2023-07-18 00:00:00.000
1689667200000,0.0001,2023-07-18 08:00:00.000
1689696000000,0.0001,2023-07-18 16:00:00.000
1689724800000,0.0001,2023-07-19 00:00:00.000
1689753600000,0.0001,2023-07-19 08:00:00.000
1689782400001,0.0001,2023-07-19 16:00:00.001
1689811200000,0.0001,2023-07-20 00:00:00.000
1689840000000,0.0001,2023-07-20 08:00:00.000
1689868800000,0.0001,2023-07-20 16:00:00.000
1689897600001,9.594e-05,2023-07-21 00:00:00.001
1689926400000,0.0001,2023-07-21 08:00:00.000
1689955200000,5.096e-05,2023-07-21 16:00:00.000
1689984000000,-6.485e-05,2023-07-22 00:00:00.000
1690012800000,0.0001,2023-07-22 08:00:00.000
1690041600000,-1.095e-05,2023-07-22 16:00:00.000
1690070400000,0.0001,2023-07-23 00:00:00.000
1690099200000,0.0001,2023-07-23 08:00:00.000
1690128000000,0.0001,2023-07-23 16:00:00.000
1690156800000,0.0001,2023-07-24 00:00:00.000
1690185600000,0.0001,2023-07-24 08:00:00.000
1690214400000,0.0001,2023-07-24 16:00:00.000
1690243200000,-2.88e-05,2023-07-25 00:00:00.000
1690272000000,8.565e-05,2023-07-25 08:00:00.000
1690300800000,1.189e-05,2023-07-25 16:00:00.000
1690329600000,0.0001,2023-07-26 00:00:00.000
1690358400001,-6.019e-05,2023-07-26 08:00:00.001
1690387200000,0.0001,2023-07-26 16:00:00.000
1690416000000,-0.00010392,2023-07-27 00:00:00.000
1690444800000,-5.955e-05,2023-07-27 08:00:00.000
1690473600001,8.757e-05,2023-07-27 16:00:00.001
1690502400000,0.0001,2023-07-28 00:00:00.000
1690531200000,0.0001,2023-07-28 08:00:00.000
1690560000000,0.0001,2023-07-28 16:00:00.000
1690588800000,-3.411e-05,2023-07-29 00:00:00.000
1690617600000,0.0001,2023-07-29 08:00:00.000
1690646400001,2.861e-05,2023-07-29 16:00:00.001
1690675200000,0.0001,2023-07-30 00:00:00.000
1690704000000,2.64e-06,2023-07-30 08:00:00.000
1690732800000,-3.778e-05,2023-07-30 16:00:00.000
1690761600000,4.873e-05,2023-07-31 00:00:00.000
1690790400000,0.0001,2023-07-31 08:00:00.000
1690819200001,-3.537e-05,2023-07-31 16:00:00.001
1690848000000,0.0001,2023-08-01 00:00:00.000
1690876800000,-4.055e-05,2023-08-01 08:00:00.000
1690905600000,-0.00010377,2023-08-01 16:00:00.000
1690934400000,-6.116e-05,2023-08-02 00:00:00.000
1690963200000,9.512e-05,2023-08-02 08:00:00.000
1690992000000,0.0001,2023-08-02 16:00:00.000
1691020800000,0.0001,2023-08-03 00:00:00.000
1691049600000,0.0001,2023-08-03 08:00:00.000
1691078400001,0.0001,2023-08-03 16:00:00.001
1691107200000,0.0001,2023-08-04 00:00:00.000
1691136000000,7.307e-05,2023-08-04 08:00:00.000
1691164800000,3.138e-05,2023-08-04 16:00:00.000
1691193600000,8.014e-05,2023-08-05 00:00:00.000
1691222400000,8.161e-05,2023-08-05 08:00:00.000
1691251200001,0.0001,2023-08-05 16:00:00.001
1691280000000,-7.905e-05,2023-08-06 00:00:00.000
1691308800001,5.87e-05,2023-08-06 08:00:00.001
1691337600005,0.0001,2023-08-06 16:00:00.005
1691366400000,1.396e-05,2023-08-07 00:00:00.000
1691395200000,4.562e-05,2023-08-07 08:00:00.000
1691424000000,0.0001,2023-08-07 16:00:00.000
1691452800000,0.0001,2023-08-08 00:00:00.000
1691481600000,-0.00020522,2023-08-08 08:00:00.000
1691510400000,0.0001,2023-08-08 16:00:00.000
1691539200000,0.0001,2023-08-09 00:00:00.000
1691568000000,0.0001,2023-08-09 08:00:00.000
1691596800000,0.0001,2023-08-09 16:00:00.000
1691625600001,0.0001,2023-08-10 00:00:00.001
1691654400000,0.0001,2023-08-10 08:00:00.000
1691683200000,0.0001,2023-08-10 16:00:00.000
1691712000000,0.0001,2023-08-11 00:00:00.000
1691740800000,0.0001,2023-08-11 08:00:00.000
1691769600000,0.0001,2023-08-11 16:00:00.000
1691798400000,0.0001,2023-08-12 00:00:00.000
1691827200000,0.0001,2023-08-12 08:00:00.000
1691856000000,0.0001,2023-08-12 16:00:00.000
1691884800000,0.0001,2023-08-13 00:00:00.000
1691913600000,0.0001,2023-08-13 08:00:00.000
1691942400000,0.0001,2023-08-13 16:00:00.000
1691971200001,0.0001,2023-08-14 00:00:00.001
1692000000000,0.0001,2023-08-14 08:00:00.000
1692028800000,1.296e-05,2023-08-14 16:00:00.000
1692057600001,0.0001,2023-08-15 00:00:00.001
1692086400000,0.0001,2023-08-15 08:00:00.000
1692115200000,0.0001,2023-08-15 16:00:00.000
1692144000000,-0.00018547,2023-08-16 00:00:00.000
1692172800001,0.0001,2023-08-16 08:00:00.001
1692201600000,-0.00015333,2023-08-16 16:00:00.000
1692230400000,0.0001,2023-08-17 00:00:00.000
1692259200000,0.0001,2023-08-17 08:00:00.000
1692288000000,-0.00016857,2023-08-17 16:00:00.000
1692316800000,-0.000693,2023-08-18 00:00:00.000
1692345600000,0.0001,2023-08-18 08:00:00.000
1692374400000,3.213e-05,2023-08-18 16:00:00.000
1692403200000,-0.00025821,2023-08-19 00:00:00.000
1692432000000,0.0001,2023-08-19 08:00:00.000
1692460800000,0.0001,2023-08-19 16:00:00.000
1692489600000,5.014e-05,2023-08-20 00:00:00.000
1692518400000,0.0001,2023-08-20 08:00:00.000
1692547200000,0.0001,2023-08-20 16:00:00.000
1692576000000,0.0001,2023-08-21 00:00:00.000
1692604800000,0.0001,2023-08-21 08:00:00.000
1692633600000,0.0001,2023-08-21 16:00:00.000
1692662400000,0.0001,2023-08-22 00:00:00.000
1692691200000,6.159e-05,2023-08-22 08:00:00.000
1692720000000,0.0001,2023-08-22 16:00:00.000
1692748800000,-1.043e-05,2023-08-23 00:00:00.000
1692777600000,0.0001,2023-08-23 08:00:00.000
1692806400000,0.0001,2023-08-23 16:00:00.000
1692835200000,0.0001,2023-08-24 00:00:00.000
1692864000000,0.0001,2023-08-24 08:00:00.000
1692892800000,0.0001,2023-08-24 16:00:00.000
1692921600000,0.0001,2023-08-25 00:00:00.000
1692950400000,-0.00019483,2023-08-25 08:00:00.000
1692979200000,1.687e-05,2023-08-25 16:00:00.000
1693008000000,0.0001,2023-08-26 00:00:00.000
1693036800000,-0.0003358,2023-08-26 08:00:00.000
1693065600000,0.0001,2023-08-26 16:00:00.000
1693094400000,0.0001,2023-08-27 00:00:00.000
1693123200000,0.0001,2023-08-27 08:00:00.000
1693152000000,0.0001,2023-08-27 16:00:00.000
1693180800000,0.0001,2023-08-28 00:00:00.000
1693209600001,0.0001,2023-08-28 08:00:00.001
1693238400001,0.0001,2023-08-28 16:00:00.001
1693267200000,0.0001,2023-08-29 00:00:00.000
1693296000000,6.618e-05,2023-08-29 08:00:00.000
1693324800000,-0.00030674,2023-08-29 16:00:00.000
1693353600000,0.0001,2023-08-30 00:00:00.000
1693382400000,0.0001,2023-08-30 08:00:00.000
1693411200000,0.0001,2023-08-30 16:00:00.000
1693440000000,9.463e-05,2023-08-31 00:00:00.000
1693468800000,1.264e-05,2023-08-31 08:00:00.000
1693497600000,-7.127e-05,2023-08-31 16:00:00.000
1693526400000,0.0001,2023-09-01 00:00:00.000
1693555200000,-6.748e-05,2023-09-01 08:00:00.000
1693584000001,-0.00015382,2023-09-01 16:00:00.001
1693612800000,0.0001,2023-09-02 00:00:00.000
1693641600000,0.0001,2023-09-02 08:00:00.000
1693670400000,0.0001,2023-09-02 16:00:00.000
1693699200000,1.93e-06,2023-09-03 00:00:00.000
1693728000000,0.0001,2023-09-03 08:00:00.000
1693756800000,-2.314e-05,2023-09-03 16:00:00.000
1693785600000,-0.00024315,2023-09-04 00:00:00.000
1693814400000,-0.00019481,2023-09-04 08:00:00.000
1693843200000,7.15e-05,2023-09-04 16:00:00.000
1693872000000,0.0001,2023-09-05 00:00:00.000
1693900800000,4.278e-05,2023-09-05 08:00:00.000
1693929600000,9e-06,2023-09-05 16:00:00.000
1693958400000,2.717e-05,2023-09-06 00:00:00.000
1693987200000,0.0001,2023-09-06 08:00:00.000
1694016000001,0.0001,2023-09-06 16:00:00.001
1694044800000,-0.00021325,2023-09-07 00:00:00.000
1694073600000,-9.881e-05,2023-09-07 08:00:00.000
1694102400000,0.0001,2023-09-07 16:00:00.000
1694131200000,-2.786e-05,2023-09-08 00:00:00.000
1694160000000,0.0001,2023-09-08 08:00:00.000
1694188800000,2.065e-05,2023-09-08 16:00:00.000
1694217600000,7.791e-05,2023-09-09 00:00:00.000
1694246400000,0.0001,2023-09-09 08:00:00.000
1694275200000,0.0001,2023-09-09 16:00:00.000
1694304000000,0.0001,2023-09-10 00:00:00.000
1694332800000,-0.00048153,2023-09-10 08:00:00.000
1694361600000,0.0001,2023-09-10 16:00:00.000
1694390400000,-0.0002127,2023-09-11 00:00:00.000
1694419200000,-0.00012794,2023-09-11 08:00:00.000
1694448000001,4.972e-05,2023-09-11 16:00:00.001
1694476800000,3.188e-05,2023-09-12 00:00:00.000
1694505600000,0.0001,2023-09-12 08:00:00.000
1694534400000,0.0001,2023-09-12 16:00:00.000
1694563200000,0.0001,2023-09-13 00:00:00.000
1694592000000,-0.00020936,2023-09-13 08:00:00.000
1694620800000,0.0001,2023-09-13 16:00:00.000
1694649600000,-2.362e-05,2023-09-14 00:00:00.000
1694678400001,-5.505e-05,2023-09-14 08:00:00.001
1694707200000,9.032e-05,2023-09-14 16:00:00.000
1694736000000,0.0001,2023-09-15 00:00:00.000
1694764800000,0.0001,2023-09-15 08:00:00.000
1694793600000,-7.019e-05,2023-09-15 16:00:00.000
1694822400000,0.0001,2023-09-16 00:00:00.000
1694851200000,0.0001,2023-09-16 08:00:00.000
1694880000000,0.0001,2023-09-16 16:00:00.000
1694908800000,0.0001,2023-09-17 00:00:00.000
1694937600000,2.241e-05,2023-09-17 08:00:00.000
1694966400000,0.0001,2023-09-17 16:00:00.000
1694995200000,4.13e-06,2023-09-18 00:00:00.000
1695024000000,-0.0002262,2023-09-18 08:00:00.000
1695052800000,0.0001,2023-09-18 16:00:00.000
1695081600000,0.0001,2023-09-19 00:00:00.000
1695110400001,0.0001,2023-09-19 08:00:00.001
1695139200000,-0.00021833,2023-09-19 16:00:00.000
1695168000000,0.0001,2023-09-20 00:00:00.000
1695196800000,0.0001,2023-09-20 08:00:00.000
1695225600000,0.0001,2023-09-20 16:00:00.000
1695254400001,-0.00020354,2023-09-21 00:00:00.001
1695283200000,0.0001,2023-09-21 08:00:00.000
1695312000000,0.0001,2023-09-21 16:00:00.000
1695340800000,0.0001,2023-09-22 00:00:00.000
1695369600000,0.0001,2023-09-22 08:00:00.000
1695398400000,0.0001,2023-09-22 16:00:00.000
1695427200000,-6.526e-05,2023-09-23 00:00:00.000
1695456000000,0.0001,2023-09-23 08:00:00.000
1695484800000,0.0001,2023-09-23 16:00:00.000
1695513600000,-7.996e-05,2023-09-24 00:00:00.000
1695542400000,0.0001,2023-09-24 08:00:00.000
1695571200000,9.626e-05,2023-09-24 16:00:00.000
1695600000000,-9.655e-05,2023-09-25 00:00:00.000
1695628800000,0.0001,2023-09-25 08:00:00.000
1695657600000,0.0001,2023-09-25 16:00:00.000
1695686400000,0.0001,2023-09-26 00:00:00.000
1695715200000,0.00015233,2023-09-26 08:00:00.000
1695744000000,0.0001,2023-09-26 16:00:00.000
1695772800000,0.0001,2023-09-27 00:00:00.000
1695801600001,0.0001,2023-09-27 08:00:00.001
1695830400000,0.0001,2023-09-27 16:00:00.000
1695859200000,-0.00054955,2023-09-28 00:00:00.000
1695888000000,0.0001,2023-09-28 08:00:00.000
1695916800000,0.0001,2023-09-28 16:00:00.000
1695945600000,0.00030114,2023-09-29 00:00:00.000
1695974400000,-0.00021411,2023-09-29 08:00:00.000
1696003200000,0.0001,2023-09-29 16:00:00.000
1696032000000,0.0001,2023-09-30 00:00:00.000
1696060800000,7.43e-06,2023-09-30 08:00:00.000
1696089600000,0.0001,2023-09-30 16:00:00.000
1696118400000,0.0001,2023-10-01 00:00:00.000
1696147200000,0.0001,2023-10-01 08:00:00.000
1696176000000,0.0001,2023-10-01 16:00:00.000
1696204800000,-3.239e-05,2023-10-02 00:00:00.000
1696233600000,0.0001,2023-10-02 08:00:00.000
1696262400000,6.277e-05,2023-10-02 16:00:00.000
1696291200000,-2.968e-05,2023-10-03 00:00:00.000
1696320000000,-7.326e-05,2023-10-03 08:00:00.000
1696348800000,4.198e-05,2023-10-03 16:00:00.000
1696377600000,0.0001,2023-10-04 00:00:00.000
1696406400000,0.0001,2023-10-04 08:00:00.000
1696435200000,0.0001,2023-10-04 16:00:00.000
1696464000000,0.0001,2023-10-05 00:00:00.000
1696492800000,0.0001,2023-10-05 08:00:00.000
1696521600001,0.0001,2023-10-05 16:00:00.001
1696550400000,0.0001,2023-10-06 00:00:00.000
1696579200000,8.321e-05,2023-10-06 08:00:00.000
1696608000000,0.0001,2023-10-06 16:00:00.000
1696636800000,-0.00033175,2023-10-07 00:00:00.000
1696665600000,5.281e-05,2023-10-07 08:00:00.000
1696694400000,-3.832e-05,2023-10-07 16:00:00.000
1696723200000,0.0001,2023-10-08 00:00:00.000
1696752000001,0.0001,2023-10-08 08:00:00.001
1696780800000,-0.0001143,2023-10-08 16:00:00.000
1696809600000,-0.00013746,2023-10-09 00:00:00.000
1696838400000,0.0001,2023-10-09 08:00:00.000
1696867200000,-0.00025767,2023-10-09 16:00:00.000
1696896000000,0.0001,2023-10-10 00:00:00.000
1696924800000,-0.00053005,2023-10-10 08:00:00.000
1696953600000,0.0001,2023-10-10 16:00:00.000
1696982400000,0.0001,2023-10-11 00:00:00.000
1697011200000,0.0001,2023-10-11 08:00:00.000
1697040000000,0.0001,2023-10-11 16:00:00.000
1697068800000,-0.00069176,2023-10-12 00:00:00.000
1697097600000,6.913e-05,2023-10-12 08:00:00.000
1697126400000,0.0001,2023-10-12 16:00:00.000
1697155200000,-0.00016337,2023-10-13 00:00:00.000
1697184000000,-9.01e-06,2023-10-13 08:00:00.000
1697212800000,0.0001,2023-10-13 16:00:00.000
1697241600000,-0.00011612,2023-10-14 00:00:00.000
1697270400000,0.0001,2023-10-14 08:00:00.000
1697299200000,0.0001,2023-10-14 16:00:00.000
1697328000000,0.0001,2023-10-15 00:00:00.000
1697356800000,0.0001,2023-10-15 08:00:00.000
1697385600000,0.0001,2023-10-15 16:00:00.000
1697414400000,0.0001,2023-10-16 00:00:00.000
1697443200000,0.0001,2023-10-16 08:00:00.000
1697472000000,0.0001,2023-10-16 16:00:00.000
1697500800000,0.0001,2023-10-17 00:00:00.000
1697529600000,0.0001,2023-10-17 08:00:00.000
1697558400000,0.0001,2023-10-17 16:00:00.000
1697587200000,5.054e-05,2023-10-18 00:00:00.000
1697616000000,-1.048e-05,2023-10-18 08:00:00.000
1697644800000,-0.00022499,2023-10-18 16:00:00.000
1697673600000,0.0001,2023-10-19 00:00:00.000
1697702400001,0.0001,2023-10-19 08:00:00.001
1697731200000,-0.00023241,2023-10-19 16:00:00.000
1697760000000,-0.00027687,2023-10-20 00:00:00.000
1697788800005,-0.00012273,2023-10-20 08:00:00.005
1697817600000,0.0001,2023-10-20 16:00:00.000
1697846400000,0.0001,2023-10-21 00:00:00.000
1697875200000,0.0001,2023-10-21 08:00:00.000
1697904000000,0.0001,2023-10-21 16:00:00.000
1697932800000,0.0001,2023-10-22 00:00:00.000
1697961600000,0.0001,2023-10-22 08:00:00.000
1697990400000,0.0001,2023-10-22 16:00:00.000
1698019200000,0.0001,2023-10-23 00:00:00.000
1698048000001,0.0001,2023-10-23 08:00:00.001
1698076800001,0.0001,2023-10-23 16:00:00.001
1698105600000,0.0001,2023-10-24 00:00:00.000
1698134400000,0.00018616,2023-10-24 08:00:00.000
1698163200000,0.0001,2023-10-24 16:00:00.000
1698192000000,0.0001,2023-10-25 00:00:00.000
1698220800000,0.0001,2023-10-25 08:00:00.000
1698249600001,0.0001,2023-10-25 16:00:00.001
1698278400001,-0.00038572,2023-10-26 00:00:00.001
1698307200000,0.0001,2023-10-26 08:00:00.000
1698336000000,0.00032797,2023-10-26 16:00:00.000
1698364800000,0.0001,2023-10-27 00:00:00.000
1698393600000,0.00035323,2023-10-27 08:00:00.000
1698422400000,0.00013665,2023-10-27 16:00:00.000
1698451200000,0.0001,2023-10-28 00:00:00.000
1698480000001,0.0001,2023-10-28 08:00:00.001
1698508800000,0.0001,2023-10-28 16:00:00.000
1698537600000,0.0001,2023-10-29 00:00:00.000
1698566400000,0.0001,2023-10-29 08:00:00.000
1698595200000,0.0001,2023-10-29 16:00:00.000
1698624000000,0.0001,2023-10-30 00:00:00.000
1698652800000,0.00022208,2023-10-30 08:00:00.000
1698681600000,0.0002724,2023-10-30 16:00:00.000
1698710400001,0.00039436,2023-10-31 00:00:00.001
1698739200000,0.00036146,2023-10-31 08:00:00.000
1698768000000,0.00030934,2023-10-31 16:00:00.000
1698796800000,0.0001,2023-11-01 00:00:00.000
1698825600000,0.00021475,2023-11-01 08:00:00.000
1698854400000,0.0001,2023-11-01 16:00:00.000
1698883200001,0.0001,2023-11-02 00:00:00.001
1698912000000,0.0003116,2023-11-02 08:00:00.000
1698940800000,0.00034325,2023-11-02 16:00:00.000
1698969600000,2.96e-06,2023-11-03 00:00:00.000
1698998400000,0.0001482,2023-11-03 08:00:00.000
1699027200000,0.0001,2023-11-03 16:00:00.000
1699056000000,0.0001,2023-11-04 00:00:00.000
1699084800000,0.0001,2023-11-04 08:00:00.000
1699113600000,0.00022469,2023-11-04 16:00:00.000
1699142400000,0.0001,2023-11-05 00:00:00.000
1699171200000,0.0001,2023-11-05 08:00:00.000
1699200000000,0.0001,2023-11-05 16:00:00.000
1699228800000,0.000133,2023-11-06 00:00:00.000
1699257600001,0.00024546,2023-11-06 08:00:00.001
1699286400000,0.00014517,2023-11-06 16:00:00.000
1699315200001,0.00043824,2023-11-07 00:00:00.001
1699344000000,0.0001,2023-11-07 08:00:00.000
1699372800000,0.00022732,2023-11-07 16:00:00.000
1699401600000,0.0001,2023-11-08 00:00:00.000
1699430400000,0.0001,2023-11-08 08:00:00.000
1699459200000,0.00019442,2023-11-08 16:00:00.000
1699488000000,0.0004055,2023-11-09 00:00:00.000
1699516800000,0.00019708,2023-11-09 08:00:00.000
1699545600000,0.0005438,2023-11-09 16:00:00.000
1699574400000,0.0001,2023-11-10 00:00:00.000
1699603200000,0.0004598,2023-11-10 08:00:00.000
1699632000000,0.00024384,2023-11-10 16:00:00.000
1699660800000,0.00050803,2023-11-11 00:00:00.000
1699689600000,0.0001,2023-11-11 08:00:00.000
1699718400000,0.00063392,2023-11-11 16:00:00.000
1699747200000,0.00010156,2023-11-12 00:00:00.000
1699776000000,0.00024082,2023-11-12 08:00:00.000
1699804800001,0.00028604,2023-11-12 16:00:00.001
1699833600000,0.00051702,2023-11-13 00:00:00.000
1699862400000,0.00011513,2023-11-13 08:00:00.000
1699891200000,0.0001,2023-11-13 16:00:00.000
1699920000000,0.0003635,2023-11-14 00:00:00.000
1699948800000,0.00035429,2023-11-14 08:00:00.000
1699977600001,0.0001,2023-11-14 16:00:00.001
1700006400000,0.00025197,2023-11-15 00:00:00.000
1700035200000,0.00035468,2023-11-15 08:00:00.000
1700064000000,0.0001,2023-11-15 16:00:00.000
1700092800000,0.0001,2023-11-16 00:00:00.000
1700121600000,0.0001,2023-11-16 08:00:00.000
1700150400001,0.00013743,2023-11-16 16:00:00.001
1700179200000,0.0001,2023-11-17 00:00:00.000
1700208000001,0.0001,2023-11-17 08:00:00.001
1700236800001,0.0001,2023-11-17 16:00:00.001
1700265600000,0.0001,2023-11-18 00:00:00.000
1700294400000,0.0001,2023-11-18 08:00:00.000
1700323200000,0.0001,2023-11-18 16:00:00.000
1700352000000,0.0001,2023-11-19 00:00:00.000
1700380800000,0.0001,2023-11-19 08:00:00.000
1700409600000,0.00022598,2023-11-19 16:00:00.000
1700438400000,0.0001,2023-11-20 00:00:00.000
1700467200000,0.0001,2023-11-20 08:00:00.000
1700496000000,0.0001,2023-11-20 16:00:00.000
1700524800000,0.0001,2023-11-21 00:00:00.000
1700553600000,0.0001,2023-11-21 08:00:00.000
1700582400000,0.0001,2023-11-21 16:00:00.000
1700611200000,0.00024813,2023-11-22 00:00:00.000
1700640000000,0.0001,2023-11-22 08:00:00.000
1700668800000,0.0001,2023-11-22 16:00:00.000
1700697600000,0.0001,2023-11-23 00:00:00.000
1700726400000,0.0001,2023-11-23 08:00:00.000
1700755200001,0.0001,2023-11-23 16:00:00.001
1700784000000,0.0001,2023-11-24 00:00:00.000
1700812800000,0.0001,2023-11-24 08:00:00.000
1700841600000,7.171e-05,2023-11-24 16:00:00.000
1700870400000,0.0001,2023-11-25 00:00:00.000
1700899200000,0.0001,2023-11-25 08:00:00.000
1700928000000,0.0001,2023-11-25 16:00:00.000
1700956800000,0.0001,2023-11-26 00:00:00.000
1700985600000,0.0001,2023-11-26 08:00:00.000
1701014400000,0.0001,2023-11-26 16:00:00.000
1701043200000,0.0001,2023-11-27 00:00:00.000
1701072000001,0.0001,2023-11-27 08:00:00.001
1701100800000,0.0001,2023-11-27 16:00:00.000
1701129600000,0.0001,2023-11-28 00:00:00.000
1701158400000,0.0001,2023-11-28 08:00:00.000
1701187200000,0.0001,2023-11-28 16:00:00.000
1701216000001,0.0001,2023-11-29 00:00:00.001
1701244800000,0.0001,2023-11-29 08:00:00.000
1701273600000,0.0001,2023-11-29 16:00:00.000
1701302400000,0.0001,2023-11-30 00:00:00.000
1701331200000,0.0001,2023-11-30 08:00:00.000
1701360000000,0.00041098,2023-11-30 16:00:00.000
1701388800000,0.0002865,2023-12-01 00:00:00.000
1701417600000,0.0001,2023-12-01 08:00:00.000
1701446400000,4.838e-05,2023-12-01 16:00:00.000
1701475200000,0.0001,2023-12-02 00:00:00.000
1701504000000,0.0001,2023-12-02 08:00:00.000
1701532800000,0.0001,2023-12-02 16:00:00.000
1701561600000,0.0001963,2023-12-03 00:00:00.000
1701590400000,0.00032597,2023-12-03 08:00:00.000
1701619200000,0.0001,2023-12-03 16:00:00.000
1701648000000,0.0001,2023-12-04 00:00:00.000
1701676800000,0.00047566,2023-12-04 08:00:00.000
1701705600000,0.0001,2023-12-04 16:00:00.000
1701734400000,0.00019738,2023-12-05 00:00:00.000
1701763200000,0.0001,2023-12-05 08:00:00.000
1701792000000,0.00025023,2023-12-05 16:00:00.000
1701820800000,0.00051,2023-12-06 00:00:00.000
1701849600000,0.00069185,2023-12-06 08:00:00.000
1701878400000,0.00047809,2023-12-06 16:00:00.000
1701907200000,0.00019271,2023-12-07 00:00:00.000
1701936000000,0.00045374,2023-12-07 08:00:00.000
1701964800000,0.0001,2023-12-07 16:00:00.000
1701993600000,0.00045284,2023-12-08 00:00:00.000
1702022400000,0.00014141,2023-12-08 08:00:00.000
1702051200000,0.00015153,2023-12-08 16:00:00.000
1702080000000,0.00030341,2023-12-09 00:00:00.000
1702108800000,0.00048526,2023-12-09 08:00:00.000
1702137600000,0.00051599,2023-12-09 16:00:00.000
1702166400000,0.00041142,2023-12-10 00:00:00.000
1702195200000,0.00059171,2023-12-10 08:00:00.000
1702224000000,0.0006704,2023-12-10 16:00:00.000
1702252800000,0.00031045,2023-12-11 00:00:00.000
1702281600000,0.0001,2023-12-11 08:00:00.000
1702310400000,0.0001,2023-12-11 16:00:00.000
1702339200000,0.00023059,2023-12-12 00:00:00.000
1702368000000,0.00035409,2023-12-12 08:00:00.000
1702396800000,0.00035561,2023-12-12 16:00:00.000
1702425600000,0.00027679,2023-12-13 00:00:00.000
1702454400000,0.00014021,2023-12-13 08:00:00.000
1702483200001,0.0001,2023-12-13 16:00:00.001
1702512000000,0.0001,2023-12-14 00:00:00.000
1702540800000,0.00040556,2023-12-14 08:00:00.000
1702569600000,0.0005485,2023-12-14 16:00:00.000
1702598400000,0.0002007,2023-12-15 00:00:00.000
1702627200000,0.00062996,2023-12-15 08:00:00.000
1702656000000,0.00067518,2023-12-15 16:00:00.000
1702684800000,0.00061081,2023-12-16 00:00:00.000
1702713600000,0.0001,2023-12-16 08:00:00.000
1702742400001,0.00029478,2023-12-16 16:00:00.001
1702771200000,0.00044328,2023-12-17 00:00:00.000
1702800000000,0.00034163,2023-12-17 08:00:00.000
1702828800000,0.00042981,2023-12-17 16:00:00.000
1702857600000,0.0001978,2023-12-18 00:00:00.000
1702886400001,0.0001,2023-12-18 08:00:00.001
1702915200000,0.0001,2023-12-18 16:00:00.000
1702944000000,0.00028663,2023-12-19 00:00:00.000
1702972800000,0.00011486,2023-12-19 08:00:00.000
1703001600000,0.0001,2023-12-19 16:00:00.000
1703030400000,0.0001,2023-12-20 00:00:00.000
1703059200000,0.0001,2023-12-20 08:00:00.000
1703088000000,0.00031573,2023-12-20 16:00:00.000
1703116800000,0.00041415,2023-12-21 00:00:00.000
1703145600000,0.00023015,2023-12-21 08:00:00.000
1703174400000,0.00016092,2023-12-21 16:00:00.000
1703203200000,0.00040333,2023-12-22 00:00:00.000
1703232000000,0.00011191,2023-12-22 08:00:00.000
1703260800000,0.00023029,2023-12-22 16:00:00.000
1703289600000,0.00026827,2023-12-23 00:00:00.000
1703318400001,0.00066178,2023-12-23 08:00:00.001
1703347200000,0.00053781,2023-12-23 16:00:00.000
1703376000000,0.00087165,2023-12-24 00:00:00.000
1703404800000,0.00066442,2023-12-24 08:00:00.000
1703433600000,0.00011879,2023-12-24 16:00:00.000
1703462400000,0.00023948,2023-12-25 00:00:00.000
1703491200000,0.00055686,2023-12-25 08:00:00.000
1703520000000,0.00043924,2023-12-25 16:00:00.000
1703548800000,0.00017224,2023-12-26 00:00:00.000
1703577600000,0.00013761,2023-12-26 08:00:00.000
1703606400000,0.00029018,2023-12-26 16:00:00.000
1703635200000,0.00065196,2023-12-27 00:00:00.000
1703664000000,0.00066527,2023-12-27 08:00:00.000
1703692800000,0.00068449,2023-12-27 16:00:00.000
1703721600000,0.00071851,2023-12-28 00:00:00.000
1703750400000,0.00092353,2023-12-28 08:00:00.000
1703779200000,0.00075468,2023-12-28 16:00:00.000
1703808000001,0.00029041,2023-12-29 00:00:00.001
1703836800000,0.00057643,2023-12-29 08:00:00.000
1703865600000,0.00033087,2023-12-29 16:00:00.000
1703894400001,0.00018719,2023-12-30 00:00:00.001
1703923200000,0.0003524,2023-12-30 08:00:00.000
1703952000000,0.00033185,2023-12-30 16:00:00.000
1703980800000,0.00085701,2023-12-31 00:00:00.000
1704009600001,0.00026237,2023-12-31 08:00:00.001
1704038400000,0.00037033,2023-12-31 16:00:00.000
1704067200000,0.00027457,2024-01-01 00:00:00.000
1704096000000,0.00033392,2024-01-01 08:00:00.000
1704124800000,0.00041946,2024-01-01 16:00:00.000
1704153600000,0.00077491,2024-01-02 00:00:00.000
1704182400000,0.00052165,2024-01-02 08:00:00.000
1704211200000,0.00092173,2024-01-02 16:00:00.000
1704240000000,0.00032884,2024-01-03 00:00:00.000
1704268800000,0.0001261,2024-01-03 08:00:00.000
1704297600000,0.0001,2024-01-03 16:00:00.000
1704326400000,8.46e-06,2024-01-04 00:00:00.000
1704355200000,0.0001,2024-01-04 08:00:00.000
1704384000000,0.0001,2024-01-04 16:00:00.000
1704412800001,0.0001,2024-01-05 00:00:00.001
1704441600000,0.0001,2024-01-05 08:00:00.000
1704470400000,0.0001,2024-01-05 16:00:00.000
1704499200000,0.0001,2024-01-06 00:00:00.000
1704528000000,0.0001,2024-01-06 08:00:00.000
1704556800000,0.0001,2024-01-06 16:00:00.000
1704585600000,0.0001,2024-01-07 00:00:00.000
1704614400001,0.0001,2024-01-07 08:00:00.001
1704643200001,0.0001,2024-01-07 16:00:00.001
1704672000000,1.222e-05,2024-01-08 00:00:00.000
1704700800000,-5.684e-05,2024-01-08 08:00:00.000
1704729600000,0.0001,2024-01-08 16:00:00.000
1704758400001,0.0001,2024-01-09 00:00:00.001
1704787200000,0.00025649,2024-01-09 08:00:00.000
1704816000000,0.0001,2024-01-09 16:00:00.000
1704844800000,0.0001,2024-01-10 00:00:00.000
1704873600000,0.0001,2024-01-10 08:00:00.000
1704902400000,0.0001,2024-01-10 16:00:00.000
1704931200000,0.0001,2024-01-11 00:00:00.000
1704960000000,0.0001,2024-01-11 08:00:00.000
1704988800000,0.0001,2024-01-11 16:00:00.000
1705017600001,0.0001,2024-01-12 00:00:00.001
1705046400000,0.0001,2024-01-12 08:00:00.000
1705075200000,0.00028827,2024-01-12 16:00:00.000
1705104000000,0.0001,2024-01-13 00:00:00.000
1705132800000,0.00031072,2024-01-13 08:00:00.000
1705161600001,0.0001,2024-01-13 16:00:00.001
1705190400000,0.0001,2024-01-14 00:00:00.000
1705219200000,0.0001,2024-01-14 08:00:00.000
1705248000001,0.00016433,2024-01-14 16:00:00.001
1705276800000,0.0001,2024-01-15 00:00:00.000
1705305600000,0.0001,2024-01-15 08:00:00.000
1705334400000,0.0001,2024-01-15 16:00:00.000
1705363200000,0.0001,2024-01-16 00:00:00.000
1705392000000,0.0001,2024-01-16 08:00:00.000
1705420800001,0.0001,2024-01-16 16:00:00.001
1705449600000,0.0001,2024-01-17 00:00:00.000
1705478400000,0.0001,2024-01-17 08:00:00.000
1705507200000,0.0001,2024-01-17 16:00:00.000
1705536000001,0.0001,2024-01-18 00:00:00.001
1705564800000,0.0001,2024-01-18 08:00:00.000
1705593600000,0.0001,2024-01-18 16:00:00.000
1705622400000,0.0001,2024-01-19 00:00:00.000
1705651200000,0.0001,2024-01-19 08:00:00.000
1705680000002,0.0001,2024-01-19 16:00:00.002
1705708800000,0.0001,2024-01-20 00:00:00.000
1705737600003,-6.037e-05,2024-01-20 08:00:00.003
1705766400000,0.0001,2024-01-20 16:00:00.000
1705795200000,0.0001,2024-01-21 00:00:00.000
1705824000000,0.0001,2024-01-21 08:00:00.000
1705852800000,0.0001,2024-01-21 16:00:00.000
1705881600000,0.0001,2024-01-22 00:00:00.000
1705910400000,-3.518e-05,2024-01-22 08:00:00.000
1705939200000,0.0001,2024-01-22 16:00:00.000
1705968000000,0.0001,2024-01-23 00:00:00.000
1705996800000,8.08e-05,2024-01-23 08:00:00.000
1706025600000,0.0001,2024-01-23 16:00:00.000
1706054400000,0.0001,2024-01-24 00:00:00.000
1706083200000,0.0001,2024-01-24 08:00:00.000
1706112000000,0.0001,2024-01-24 16:00:00.000
1706140800000,0.0001,2024-01-25 00:00:00.000
1706169600001,0.0001,2024-01-25 08:00:00.001
1706198400000,0.0001,2024-01-25 16:00:00.000
1706227200001,0.0001,2024-01-26 00:00:00.001
1706256000000,0.0001,2024-01-26 08:00:00.000
1706284800000,0.0001,2024-01-26 16:00:00.000
1706313600000,0.0001,2024-01-27 00:00:00.000
1706342400000,0.0001,2024-01-27 08:00:00.000
1706371200000,0.0001,2024-01-27 16:00:00.000
1706400000000,0.0001,2024-01-28 00:00:00.000
1706428800000,0.0001,2024-01-28 08:00:00.000
1706457600000,0.0001,2024-01-28 16:00:00.000
1706486400000,0.0001,2024-01-29 00:00:00.000
1706515200001,0.0001,2024-01-29 08:00:00.001
1706544000000,0.0001,2024-01-29 16:00:00.000
1706572800000,0.0001,2024-01-30 00:00:00.000
1706601600000,0.0001,2024-01-30 08:00:00.000
1706630400001,0.0001,2024-01-30 16:00:00.001
1706659200000,0.0001,2024-01-31 00:00:00.000
1706688000000,0.0001,2024-01-31 08:00:00.000
1706716800000,0.0001,2024-01-31 16:00:00.000
1706745600000,0.0001,2024-02-01 00:00:00.000
1706774400000,0.0001,2024-02-01 08:00:00.000
1706803200002,0.0001,2024-02-01 16:00:00.002
1706832000000,0.0001,2024-02-02 00:00:00.000
1706860800000,0.0001,2024-02-02 08:00:00.000
1706889600000,0.0001,2024-02-02 16:00:00.000
1706918400000,0.0001,2024-02-03 00:00:00.000
1706947200000,0.0001,2024-02-03 08:00:00.000
1706976000001,0.0001,2024-02-03 16:00:00.001
1707004800000,0.0001,2024-02-04 00:00:00.000
1707033600004,0.0001,2024-02-04 08:00:00.004
1707062400000,0.0001,2024-02-04 16:00:00.000
1707091200000,0.0001,2024-02-05 00:00:00.000
1707120000000,0.0001,2024-02-05 08:00:00.000
1707148800000,0.0001,2024-02-05 16:00:00.000
1707177600000,0.0001,2024-02-06 00:00:00.000
1707206400001,0.0001,2024-02-06 08:00:00.001
1707235200000,0.0001,2024-02-06 16:00:00.000
1707264000000,0.0001,2024-02-07 00:00:00.000
1707292800000,0.0001,2024-02-07 08:00:00.000
1707321600000,0.0001,2024-02-07 16:00:00.000
1707350400000,0.0001,2024-02-08 00:00:00.000
1707379200000,0.0001,2024-02-08 08:00:00.000
1707408000000,0.0001,2024-02-08 16:00:00.000
1707436800000,0.0001,2024-02-09 00:00:00.000
1707465600000,0.0001,2024-02-09 08:00:00.000
1707494400001,0.0001,2024-02-09 16:00:00.001
1707523200001,0.0001,2024-02-10 00:00:00.001
1707552000000,0.0001,2024-02-10 08:00:00.000
1707580800000,0.0001,2024-02-10 16:00:00.000
1707609600000,0.0001,2024-02-11 00:00:00.000
1707638400001,0.0001,2024-02-11 08:00:00.001
1707667200000,0.0001,2024-02-11 16:00:00.000
1707696000000,0.0001,2024-02-12 00:00:00.000
1707724800000,0.0001,2024-02-12 08:00:00.000
1707753600000,0.0001,2024-02-12 16:00:00.000
1707782400000,0.00019592,2024-02-13 00:00:00.000
1707811200000,0.0001,2024-02-13 08:00:00.000
1707840000000,0.00018026,2024-02-13 16:00:00.000
1707868800000,0.00013676,2024-02-14 00:00:00.000
1707897600000,0.00017861,2024-02-14 08:00:00.000
1707926400000,0.00020566,2024-02-14 16:00:00.000
1707955200000,0.0001374,2024-02-15 00:00:00.000
1707984000000,0.00025539,2024-02-15 08:00:00.000
1708012800000,0.00033049,2024-02-15 16:00:00.000
1708041600000,0.00035001,2024-02-16 00:00:00.000
1708070400000,0.00042204,2024-02-16 08:00:00.000
1708099200000,0.00039127,2024-02-16 16:00:00.000
1708128000000,0.00031504,2024-02-17 00:00:00.000
1708156800000,0.00034638,2024-02-17 08:00:00.000
1708185600000,0.00036182,2024-02-17 16:00:00.000
1708214400000,0.00030422,2024-02-18 00:00:00.000
1708243200000,0.00034837,2024-02-18 08:00:00.000
1708272000000,0.0003865,2024-02-18 16:00:00.000
1708300800000,0.00039727,2024-02-19 00:00:00.000
1708329600000,0.00041437,2024-02-19 08:00:00.000
1708358400000,0.00037179,2024-02-19 16:00:00.000
1708387200000,0.00052102,2024-02-20 00:00:00.000
1708416000000,0.00050777,2024-02-20 08:00:00.000
1708444800000,0.0003285,2024-02-20 16:00:00.000
1708473600000,0.00029358,2024-02-21 00:00:00.000
1708502400000,0.00018167,2024-02-21 08:00:00.000
1708531200000,0.0001272,2024-02-21 16:00:00.000
1708560000001,0.00017782,2024-02-22 00:00:00.001
1708588800001,0.00029052,2024-02-22 08:00:00.001
1708617600000,0.00028909,2024-02-22 16:00:00.000
1708646400000,0.00036671,2024-02-23 00:00:00.000
1708675200000,0.00029766,2024-02-23 08:00:00.000
1708704000000,0.00030945,2024-02-23 16:00:00.000
1708732800000,0.00029434,2024-02-24 00:00:00.000
1708761600001,0.00025186,2024-02-24 08:00:00.001
1708790400000,0.00025974,2024-02-24 16:00:00.000
1708819200001,0.00026573,2024-02-25 00:00:00.001
1708848000000,0.0003476,2024-02-25 08:00:00.000
1708876800000,0.00033061,2024-02-25 16:00:00.000
1708905600000,0.00038258,2024-02-26 00:00:00.000
1708934400000,0.00053758,2024-02-26 08:00:00.000
1708963200000,0.00034504,2024-02-26 16:00:00.000
1708992000000,0.00032353,2024-02-27 00:00:00.000
1709020800000,0.00057588,2024-02-27 08:00:00.000
1709049600000,0.00044039,2024-02-27 16:00:00.000
1709078400000,0.00063826,2024-02-28 00:00:00.000
1709107200000,0.0005518,2024-02-28 08:00:00.000
1709136000000,0.00066351,2024-02-28 16:00:00.000
1709164800000,0.00024379,2024-02-29 00:00:00.000
1709193600000,0.00061232,2024-02-29 08:00:00.000
1709222400000,0.00068196,2024-02-29 16:00:00.000
1709251200000,0.00061977,2024-03-01 00:00:00.000
1709280000000,0.00057898,2024-03-01 08:00:00.000
1709308800000,0.000549,2024-03-01 16:00:00.000
1709337600000,0.00085565,2024-03-02 00:00:00.000
1709366400001,0.00103928,2024-03-02 08:00:00.001
1709395200000,0.0010759,2024-03-02 16:00:00.000
1709424000000,0.00102283,2024-03-03 00:00:00.000
1709452800000,0.00087137,2024-03-03 08:00:00.000
1709481600000,0.00057419,2024-03-03 16:00:00.000
1709510400000,0.00062666,2024-03-04 00:00:00.000
1709539200000,0.00075873,2024-03-04 08:00:00.000
1709568000000,0.00066288,2024-03-04 16:00:00.000
1709596800000,0.00066903,2024-03-05 00:00:00.000
1709625600000,0.00132857,2024-03-05 08:00:00.000
1709654400000,0.00101086,2024-03-05 16:00:00.000
1709683200000,0.0001,2024-03-06 00:00:00.000
1709712000001,0.00024004,2024-03-06 08:00:00.001
1709740800000,0.00038131,2024-03-06 16:00:00.000
1709769600000,0.00029071,2024-03-07 00:00:00.000
1709798400000,0.00043588,2024-03-07 08:00:00.000
1709827200000,0.00041118,2024-03-07 16:00:00.000
1709856000000,0.00051532,2024-03-08 00:00:00.000
1709884800000,0.00065506,2024-03-08 08:00:00.000
1709913600000,0.0006362,2024-03-08 16:00:00.000
1709942400000,0.00052201,2024-03-09 00:00:00.000
1709971200001,0.00078127,2024-03-09 08:00:00.001
1710000000000,0.00107382,2024-03-09 16:00:00.000
1710028800000,0.00112453,2024-03-10 00:00:00.000
1710057600000,0.00075442,2024-03-10 08:00:00.000
1710086400000,0.00082781,2024-03-10 16:00:00.000
1710115200000,0.00072662,2024-03-11 00:00:00.000
1710144000000,0.00083163,2024-03-11 08:00:00.000
1710172800000,0.00081876,2024-03-11 16:00:00.000
1710201600000,0.00067753,2024-03-12 00:00:00.000
1710230400000,0.00095532,2024-03-12 08:00:00.000
1710259200000,0.00068558,2024-03-12 16:00:00.000
1710288000000,0.00066285,2024-03-13 00:00:00.000
1710316800001,0.00063039,2024-03-13 08:00:00.001
1710345600000,0.00069911,2024-03-13 16:00:00.000
1710374400001,0.00055481,2024-03-14 00:00:00.001
1710403200000,0.00068064,2024-03-14 08:00:00.000
1710432000000,0.00068209,2024-03-14 16:00:00.000
1710460800000,0.00062083,2024-03-15 00:00:00.000
1710489600000,0.0006141,2024-03-15 08:00:00.000
1710518400000,0.00031558,2024-03-15 16:00:00.000
1710547200000,0.00028613,2024-03-16 00:00:00.000
1710576000000,0.00030069,2024-03-16 08:00:00.000
1710604800000,0.00038332,2024-03-16 16:00:00.000
1710633600000,0.00026379,2024-03-17 00:00:00.000
1710662400000,0.00038151,2024-03-17 08:00:00.000
1710691200000,0.00028052,2024-03-17 16:00:00.000
1710720000000,0.00027881,2024-03-18 00:00:00.000
1710748800000,0.00023495,2024-03-18 08:00:00.000
1710777600001,0.00029401,2024-03-18 16:00:00.001
1710806400000,0.00014882,2024-03-19 00:00:00.000
1710835200000,0.00020988,2024-03-19 08:00:00.000
1710864000001,0.0001,2024-03-19 16:00:00.001
1710892800000,0.00029542,2024-03-20 00:00:00.000
1710921600004,0.00014286,2024-03-20 08:00:00.004
1710950400000,0.00012605,2024-03-20 16:00:00.000
1710979200000,0.00017749,2024-03-21 00:00:00.000
1711008000000,0.00023992,2024-03-21 08:00:00.000
1711036800000,0.00026773,2024-03-21 16:00:00.000
1711065600000,0.0001884,2024-03-22 00:00:00.000
1711094400000,0.00030641,2024-03-22 08:00:00.000
1711123200000,0.0001,2024-03-22 16:00:00.000
1711152000000,0.00013698,2024-03-23 00:00:00.000
1711180800000,0.00018802,2024-03-23 08:00:00.000
1711209600000,0.0001,2024-03-23 16:00:00.000
1711238400000,0.00012422,2024-03-24 00:00:00.000
1711267200000,0.00012011,2024-03-24 08:00:00.000
1711296000000,0.0001,2024-03-24 16:00:00.000
1711324800000,0.0001,2024-03-25 00:00:00.000
1711353600001,0.00026671,2024-03-25 08:00:00.001
1711382400000,0.0002787,2024-03-25 16:00:00.000
1711411200000,0.00019053,2024-03-26 00:00:00.000
1711440000000,0.00024559,2024-03-26 08:00:00.000
1711468800000,0.00046221,2024-03-26 16:00:00.000
1711497600000,0.00039251,2024-03-27 00:00:00.000
1711526400001,0.0005239,2024-03-27 08:00:00.001
1711555200000,0.0003984,2024-03-27 16:00:00.000
1711584000000,0.00043698,2024-03-28 00:00:00.000
1711612800000,0.00042949,2024-03-28 08:00:00.000
1711641600000,0.00044903,2024-03-28 16:00:00.000
1711670400000,0.0004745,2024-03-29 00:00:00.000
1711699200000,0.00042836,2024-03-29 08:00:00.000
1711728000000,0.00049521,2024-03-29 16:00:00.000
1711756800000,0.00057954,2024-03-30 00:00:00.000
1711785600000,0.00061378,2024-03-30 08:00:00.000
1711814400000,0.00054145,2024-03-30 16:00:00.000
1711843200000,0.00058476,2024-03-31 00:00:00.000
1711872000000,0.00054701,2024-03-31 08:00:00.000
1711900800001,0.00056106,2024-03-31 16:00:00.001
1711929600000,0.00067024,2024-04-01 00:00:00.000
1711958400000,0.00047423,2024-04-01 08:00:00.000
1711987200000,0.00036595,2024-04-01 16:00:00.000
1712016000007,0.00018447,2024-04-02 00:00:00.007
1712044800015,0.00020886,2024-04-02 08:00:00.015
1712073600000,0.00016276,2024-04-02 16:00:00.000
1712102400000,0.00012719,2024-04-03 00:00:00.000
1712131200000,0.00015921,2024-04-03 08:00:00.000
1712160000000,0.00016351,2024-04-03 16:00:00.000
1712188800000,0.00015666,2024-04-04 00:00:00.000
1712217600000,0.00020398,2024-04-04 08:00:00.000
1712246400000,0.0001,2024-04-04 16:00:00.000
1712275200000,0.00015582,2024-04-05 00:00:00.000
1712304000000,0.00017064,2024-04-05 08:00:00.000
1712332800000,0.00010846,2024-04-05 16:00:00.000
1712361600000,0.00018136,2024-04-06 00:00:00.000
1712390400000,0.00013142,2024-04-06 08:00:00.000
1712419200000,0.0001,2024-04-06 16:00:00.000
1712448000000,0.00010362,2024-04-07 00:00:00.000
1712476800000,0.00011001,2024-04-07 08:00:00.000
1712505600000,0.00014088,2024-04-07 16:00:00.000
1712534400001,0.00014892,2024-04-08 00:00:00.001
1712563200000,0.00011981,2024-04-08 08:00:00.000
1712592000006,0.00016799,2024-04-08 16:00:00.006
1712620800000,0.00027025,2024-04-09 00:00:00.000
1712649600001,0.0002063,2024-04-09 08:00:00.001
1712678400001,0.00016593,2024-04-09 16:00:00.001
1712707200000,0.0001,2024-04-10 00:00:00.000
1712736000001,0.0002101,2024-04-10 08:00:00.001
1712764800000,0.00013227,2024-04-10 16:00:00.000
1712793600000,0.00014502,2024-04-11 00:00:00.000
1712822400000,0.00010316,2024-04-11 08:00:00.000
1712851200000,0.00022843,2024-04-11 16:00:00.000
1712880000000,0.00018203,2024-04-12 00:00:00.000
1712908800001,0.00025484,2024-04-12 08:00:00.001
1712937600000,0.00022831,2024-04-12 16:00:00.000
1712966400000,0.0001,2024-04-13 00:00:00.000
1712995200000,0.0001,2024-04-13 08:00:00.000
1713024000001,0.0001,2024-04-13 16:00:00.001
1713052800000,-8.449e-05,2024-04-14 00:00:00.000
1713081600000,8.781e-05,2024-04-14 08:00:00.000
1713110400000,0.0001,2024-04-14 16:00:00.000
1713139200000,-6.79e-05,2024-04-15 00:00:00.000
1713168000001,6.082e-05,2024-04-15 08:00:00.001
1713196800000,9.915e-05,2024-04-15 16:00:00.000
1713225600001,6.024e-05,2024-04-16 00:00:00.001
1713254400000,2.974e-05,2024-04-16 08:00:00.000
1713283200000,0.0001,2024-04-16 16:00:00.000
1713312000000,-5.312e-05,2024-04-17 00:00:00.000
1713340800000,-1.348e-05,2024-04-17 08:00:00.000
1713369600000,0.0001,2024-04-17 16:00:00.000
1713398400000,0.0001,2024-04-18 00:00:00.000
1713427200000,-1.7e-06,2024-04-18 08:00:00.000
1713456000000,-0.00020745,2024-04-18 16:00:00.000
1713484800001,-0.00018674,2024-04-19 00:00:00.001
1713513600000,-3.59e-05,2024-04-19 08:00:00.000
1713542400000,1.476e-05,2024-04-19 16:00:00.000
1713571200000,5.113e-05,2024-04-20 00:00:00.000
1713600000000,-4.511e-05,2024-04-20 08:00:00.000
1713628800000,0.0001,2024-04-20 16:00:00.000
1713657600000,0.0001,2024-04-21 00:00:00.000
1713686400000,4.06e-05,2024-04-21 08:00:00.000
1713715200000,0.0001,2024-04-21 16:00:00.000
1713744000000,8.227e-05,2024-04-22 00:00:00.000
1713772800000,3.698e-05,2024-04-22 08:00:00.000
1713801600000,5.107e-05,2024-04-22 16:00:00.000
1713830400000,5.595e-05,2024-04-23 00:00:00.000
1713859200000,0.0001,2024-04-23 08:00:00.000
1713888000001,7.36e-06,2024-04-23 16:00:00.001
1713916800000,0.0001,2024-04-24 00:00:00.000
1713945600000,0.0001,2024-04-24 08:00:00.000
1713974400000,0.0001,2024-04-24 16:00:00.000
1714003200000,8.454e-05,2024-04-25 00:00:00.000
1714032000000,0.0001,2024-04-25 08:00:00.000
1714060800010,3.028e-05,2024-04-25 16:00:00.010
1714089600001,0.0001,2024-04-26 00:00:00.001
1714118400000,4.914e-05,2024-04-26 08:00:00.000
1714147200000,0.0001,2024-04-26 16:00:00.000
1714176000000,9.971e-05,2024-04-27 00:00:00.000
1714204800001,0.0001,2024-04-27 08:00:00.001
1714233600000,0.0001,2024-04-27 16:00:00.000
1714262400000,0.0001,2024-04-28 00:00:00.000
1714291200000,-3.678e-05,2024-04-28 08:00:00.000
1714320000000,-4.888e-05,2024-04-28 16:00:00.000
1714348800000,0.0001,2024-04-29 00:00:00.000
1714377600000,0.0001,2024-04-29 08:00:00.000
1714406400000,-8.946e-05,2024-04-29 16:00:00.000
1714435200000,0.0001,2024-04-30 00:00:00.000
1714464000000,0.0001,2024-04-30 08:00:00.000
1714492800000,0.0001,2024-04-30 16:00:00.000
1714521600000,-0.00018553,2024-05-01 00:00:00.000
1714550400000,0.0001,2024-05-01 08:00:00.000
1714579200000,0.0001,2024-05-01 16:00:00.000
1714608000000,-7.904e-05,2024-05-02 00:00:00.000
1714636800000,0.0001,2024-05-02 08:00:00.000
1714665600002,-2.7e-05,2024-05-02 16:00:00.002
1714694400000,1.219e-05,2024-05-03 00:00:00.000
1714723200000,4.401e-05,2024-05-03 08:00:00.000
1714752000000,0.0001,2024-05-03 16:00:00.000
1714780800000,0.0001,2024-05-04 00:00:00.000
1714809600000,0.0001,2024-05-04 08:00:00.000
1714838400000,6.9e-05,2024-05-04 16:00:00.000
1714867200000,0.0001,2024-05-05 00:00:00.000
1714896000000,0.0001,2024-05-05 08:00:00.000
1714924800000,0.0001,2024-05-05 16:00:00.000
1714953600000,3.248e-05,2024-05-06 00:00:00.000
1714982400000,-4.15e-06,2024-05-06 08:00:00.000
1715011200000,0.0001,2024-05-06 16:00:00.000
1715040000000,5.074e-05,2024-05-07 00:00:00.000
1715068800000,6.749e-05,2024-05-07 08:00:00.000
1715097600000,0.0001,2024-05-07 16:00:00.000
1715126400000,6.957e-05,2024-05-08 00:00:00.000
1715155200000,3.133e-05,2024-05-08 08:00:00.000
1715184000000,-3.919e-05,2024-05-08 16:00:00.000
1715212800000,0.0001,2024-05-09 00:00:00.000
1715241600000,-1.237e-05,2024-05-09 08:00:00.000
1715270400000,0.0001,2024-05-09 16:00:00.000
1715299200000,-1.586e-05,2024-05-10 00:00:00.000
1715328000000,8.762e-05,2024-05-10 08:00:00.000
1715356800000,8.466e-05,2024-05-10 16:00:00.000
1715385600000,-0.00011936,2024-05-11 00:00:00.000
1715414400000,0.0001,2024-05-11 08:00:00.000
1715443200000,0.0001,2024-05-11 16:00:00.000
1715472000000,0.0001,2024-05-12 00:00:00.000
1715500800000,0.0001,2024-05-12 08:00:00.000
1715529600000,0.0001,2024-05-12 16:00:00.000
1715558400001,0.0001,2024-05-13 00:00:00.001
1715587200001,-0.00010493,2024-05-13 08:00:00.001
1715616000000,0.0001,2024-05-13 16:00:00.000
1715644800000,0.0001,2024-05-14 00:00:00.000
1715673600000,0.0001,2024-05-14 08:00:00.000
1715702400000,0.0001,2024-05-14 16:00:00.000
1715731200000,9.746e-05,2024-05-15 00:00:00.000
1715760000000,0.0001,2024-05-15 08:00:00.000
1715788800000,7.453e-05,2024-05-15 16:00:00.000
1715817600004,0.0001,2024-05-16 00:00:00.004
1715846400000,0.0001,2024-05-16 08:00:00.000
1715875200000,0.0001,2024-05-16 16:00:00.000
1715904000000,0.0001,2024-05-17 00:00:00.000
1715932800000,0.0001,2024-05-17 08:00:00.000
1715961600000,0.0001,2024-05-17 16:00:00.000
1715990400000,0.0001,2024-05-18 00:00:00.000
1716019200000,0.0001,2024-05-18 08:00:00.000
1716048000000,0.0001,2024-05-18 16:00:00.000
1716076800000,9.679e-05,2024-05-19 00:00:00.000
1716105600000,0.0001,2024-05-19 08:00:00.000
1716134400000,0.0001,2024-05-19 16:00:00.000
1716163200000,7.044e-05,2024-05-20 00:00:00.000
1716192000000,2.554e-05,2024-05-20 08:00:00.000
1716220800003,3.009e-05,2024-05-20 16:00:00.003
1716249600000,0.0001,2024-05-21 00:00:00.000
1716278400001,0.0001,2024-05-21 08:00:00.001
1716307200000,0.0001,2024-05-21 16:00:00.000
1716336000000,0.0001,2024-05-22 00:00:00.000
1716364800000,0.0001,2024-05-22 08:00:00.000
1716393600000,0.0001,2024-05-22 16:00:00.000
1716422400000,0.0001,2024-05-23 00:00:00.000
1716451200000,0.0001,2024-05-23 08:00:00.000
1716480000000,0.0001,2024-05-23 16:00:00.000
1716508800000,0.0001,2024-05-24 00:00:00.000
1716537600000,0.0001,2024-05-24 08:00:00.000
1716566400000,0.0001,2024-05-24 16:00:00.000
1716595200000,0.0001,2024-05-25 00:00:00.000
1716624000000,0.0001,2024-05-25 08:00:00.000
1716652800000,0.0001,2024-05-25 16:00:00.000
1716681600000,0.0001,2024-05-26 00:00:00.000
1716710400000,0.0001,2024-05-26 08:00:00.000
1716739200000,0.0001,2024-05-26 16:00:00.000
1716768000000,0.0001,2024-05-27 00:00:00.000
1716796800000,0.0001,2024-05-27 08:00:00.000
1716825600000,0.00018719,2024-05-27 16:00:00.000
1716854400000,0.00021109,2024-05-28 00:00:00.000
1716883200000,0.0001,2024-05-28 08:00:00.000
1716912000000,0.0001,2024-05-28 16:00:00.000
1716940800001,0.0001,2024-05-29 00:00:00.001
1716969600000,0.00044081,2024-05-29 08:00:00.000
1716998400000,0.0001,2024-05-29 16:00:00.000
1717027200000,0.0001,2024-05-30 00:00:00.000
1717056000000,0.0001,2024-05-30 08:00:00.000
1717084800000,0.0001,2024-05-30 16:00:00.000
1717113600000,0.0001,2024-05-31 00:00:00.000
1717142400000,0.0001,2024-05-31 08:00:00.000
1717171200000,0.0001,2024-05-31 16:00:00.000
1717200000000,0.0001,2024-06-01 00:00:00.000
1717228800000,0.0001,2024-06-01 08:00:00.000
1717257600001,0.00014689,2024-06-01 16:00:00.001
1717286400000,0.0001,2024-06-02 00:00:00.000
1717315200000,0.0001,2024-06-02 08:00:00.000
1717344000000,0.0001,2024-06-02 16:00:00.000
1717372800000,0.0001,2024-06-03 00:00:00.000
1717401600000,0.0001,2024-06-03 08:00:00.000
1717430400000,0.0001,2024-06-03 16:00:00.000
1717459200000,8.768e-05,2024-06-04 00:00:00.000
1717488000000,0.0001,2024-06-04 08:00:00.000
1717516800000,0.0001,2024-06-04 16:00:00.000
1717545600000,0.00023264,2024-06-05 00:00:00.000
1717574400000,0.0001,2024-06-05 08:00:00.000
1717603200000,0.0001,2024-06-05 16:00:00.000
1717632000000,0.0001,2024-06-06 00:00:00.000
1717660800008,0.0001,2024-06-06 08:00:00.008
1717689600000,0.00042273,2024-06-06 16:00:00.000
1717718400000,0.00021306,2024-06-07 00:00:00.000
1717747200000,0.00041037,2024-06-07 08:00:00.000
1717776000000,0.00061792,2024-06-07 16:00:00.000
1717804800000,-4.023e-05,2024-06-08 00:00:00.000
1717833600000,-8.705e-05,2024-06-08 08:00:00.000
1717862400000,-8.109e-05,2024-06-08 16:00:00.000
1717891200000,-8.523e-05,2024-06-09 00:00:00.000
1717920000000,-3.04e-05,2024-06-09 08:00:00.000
1717948800001,0.0001,2024-06-09 16:00:00.001
1717977600000,-7.634e-05,2024-06-10 00:00:00.000
1718006400000,0.0001,2024-06-10 08:00:00.000
1718035200001,0.0001,2024-06-10 16:00:00.001
1718064000001,0.0001,2024-06-11 00:00:00.001
1718092800000,-2.926e-05,2024-06-11 08:00:00.000
1718121600000,0.0001,2024-06-11 16:00:00.000
1718150400000,-0.00021271,2024-06-12 00:00:00.000
1718179200000,0.0001,2024-06-12 08:00:00.000
1718208000000,4.315e-05,2024-06-12 16:00:00.000
1718236800000,0.00018055,2024-06-13 00:00:00.000
1718265600001,0.0001,2024-06-13 08:00:00.001
1718294400000,0.0001,2024-06-13 16:00:00.000
1718323200000,3.696e-05,2024-06-14 00:00:00.000
1718352000000,-9.493e-05,2024-06-14 08:00:00.000
1718380800000,0.0001,2024-06-14 16:00:00.000
1718409600000,-6.388e-05,2024-06-15 00:00:00.000
1718438400000,0.0001,2024-06-15 08:00:00.000
1718467200000,-0.00059857,2024-06-15 16:00:00.000
1718496000001,0.0001,2024-06-16 00:00:00.001
1718524800000,0.0001,2024-06-16 08:00:00.000
1718553600000,0.0001,2024-06-16 16:00:00.000
1718582400000,-7.327e-05,2024-06-17 00:00:00.000
1718611200000,0.0001,2024-06-17 08:00:00.000
1718640000000,0.0001,2024-06-17 16:00:00.000
1718668800000,-0.00024736,2024-06-18 00:00:00.000
1718697600000,0.0001,2024-06-18 08:00:00.000
1718726400000,0.0001,2024-06-18 16:00:00.000
1718755200001,0.0001,2024-06-19 00:00:00.001
1718784000001,-0.00056195,2024-06-19 08:00:00.001
1718812800000,0.0001,2024-06-19 16:00:00.000
1718841600000,-0.0005152,2024-06-20 00:00:00.000
1718870400000,0.0001,2024-06-20 08:00:00.000
1718899200000,-0.00034597,2024-06-20 16:00:00.000
1718928000000,-0.00076126,2024-06-21 00:00:00.000
1718956800000,-0.00027134,2024-06-21 08:00:00.000
1718985600000,0.0001,2024-06-21 16:00:00.000
1719014400000,0.0001,2024-06-22 00:00:00.000
1719043200000,0.0001,2024-06-22 08:00:00.000
1719072000000,0.0001,2024-06-22 16:00:00.000
1719100800000,-0.0004638,2024-06-23 00:00:00.000
1719129600000,0.0001,2024-06-23 08:00:00.000
1719158400000,-6.315e-05,2024-06-23 16:00:00.000
1719187200002,0.0001,2024-06-24 00:00:00.002
1719216000000,-7.353e-05,2024-06-24 08:00:00.000
1719244800000,0.0001,2024-06-24 16:00:00.000
1719273600000,-0.00024192,2024-06-25 00:00:00.000
1719302400000,-9.75e-06,2024-06-25 08:00:00.000
1719331200000,-1.76e-05,2024-06-25 16:00:00.000
1719360000002,-0.00088843,2024-06-26 00:00:00.002
1719388800000,-3.187e-05,2024-06-26 08:00:00.000
1719417600000,0.0001,2024-06-26 16:00:00.000
1719446400000,0.00029087,2024-06-27 00:00:00.000
1719475200001,-4.85e-06,2024-06-27 08:00:00.001
1719504000000,0.0001,2024-06-27 16:00:00.000
1719532800000,-0.00043186,2024-06-28 00:00:00.000
1719561600000,-8.438e-05,2024-06-28 08:00:00.000
1719590400000,0.0001,2024-06-28 16:00:00.000
1719619200001,0.0001,2024-06-29 00:00:00.001
1719648000000,0.0001,2024-06-29 08:00:00.000
1719676800000,0.0001,2024-06-29 16:00:00.000
1719705600000,0.0001,2024-06-30 00:00:00.000
1719734400000,0.0001,2024-06-30 08:00:00.000
1719763200000,0.0001,2024-06-30 16:00:00.000
1719792000000,0.0001,2024-07-01 00:00:00.000
1719820800000,0.0001,2024-07-01 08:00:00.000
1719849600001,0.0001,2024-07-01 16:00:00.001
1719878400000,0.0001,2024-07-02 00:00:00.000
1719907200000,0.0001,2024-07-02 08:00:00.000
1719936000000,0.0001,2024-07-02 16:00:00.000
1719964800000,0.0001,2024-07-03 00:00:00.000
1719993600001,0.0001,2024-07-03 08:00:00.001
1720022400000,0.0001,2024-07-03 16:00:00.000
1720051200000,0.0001,2024-07-04 00:00:00.000
1720080000000,0.0001,2024-07-04 08:00:00.000
1720108800000,0.0001,2024-07-04 16:00:00.000
1720137600000,0.0001,2024-07-05 00:00:00.000
1720166400000,-3.62e-06,2024-07-05 08:00:00.000
1720195200000,-6.993e-05,2024-07-05 16:00:00.000
1720224000000,8.575e-05,2024-07-06 00:00:00.000
1720252800000,0.0001,2024-07-06 08:00:00.000
1720281600000,0.0001,2024-07-06 16:00:00.000
1720310400001,0.0001,2024-07-07 00:00:00.001
1720339200000,0.0001,2024-07-07 08:00:00.000
1720368000000,0.0001,2024-07-07 16:00:00.000
1720396800000,9.263e-05,2024-07-08 00:00:00.000
1720425600000,0.0001,2024-07-08 08:00:00.000
1720454400000,0.0001,2024-07-08 16:00:00.000
1720483200000,0.0001,2024-07-09 00:00:00.000
1720512000001,3.91e-05,2024-07-09 08:00:00.001
1720540800000,0.0001,2024-07-09 16:00:00.000
1720569600000,0.0001,2024-07-10 00:00:00.000
1720598400000,0.0001,2024-07-10 08:00:00.000
1720627200000,0.0001,2024-07-10 16:00:00.000
1720656000002,2.477e-05,2024-07-11 00:00:00.002
1720684800002,0.0001,2024-07-11 08:00:00.002
1720713600004,1.741e-05,2024-07-11 16:00:00.004
1720742400000,7.263e-05,2024-07-12 00:00:00.000
1720771200000,0.0001,2024-07-12 08:00:00.000
1720800000000,0.0001,2024-07-12 16:00:00.000
1720828800000,0.0001,2024-07-13 00:00:00.000
1720857600000,0.0001,2024-07-13 08:00:00.000
1720886400000,0.0001,2024-07-13 16:00:00.000
1720915200000,0.0001,2024-07-14 00:00:00.000
1720944000000,0.0001,2024-07-14 08:00:00.000
1720972800000,7.885e-05,2024-07-14 16:00:00.000
1721001600000,9.605e-05,2024-07-15 00:00:00.000
1721030400000,0.0001,2024-07-15 08:00:00.000
1721059200000,0.0001,2024-07-15 16:00:00.000
1721088000000,0.0001,2024-07-16 00:00:00.000
1721116800000,0.0001,2024-07-16 08:00:00.000
1721145600000,0.0001,2024-07-16 16:00:00.000
1721174400000,0.0001,2024-07-17 00:00:00.000
1721203200001,0.0001,2024-07-17 08:00:00.001
1721232000000,9.51e-05,2024-07-17 16:00:00.000
1721260800000,0.0001,2024-07-18 00:00:00.000
1721289600000,0.0001,2024-07-18 08:00:00.000
1721318400000,0.0001,2024-07-18 16:00:00.000
1721347200000,-3.535e-05,2024-07-19 00:00:00.000
1721376000000,0.0001,2024-07-19 08:00:00.000
1721404800000,0.0001,2024-07-19 16:00:00.000
1721433600001,0.0001,2024-07-20 00:00:00.001
1721462400000,0.0001,2024-07-20 08:00:00.000
1721491200000,8.784e-05,2024-07-20 16:00:00.000
1721520000000,0.0001,2024-07-21 00:00:00.000
1721548800000,0.0001,2024-07-21 08:00:00.000
1721577600000,8.453e-05,2024-07-21 16:00:00.000
1721606400000,0.0001,2024-07-22 00:00:00.000
1721635200000,0.0001,2024-07-22 08:00:00.000
1721664000000,0.0001,2024-07-22 16:00:00.000
1721692800000,0.0001,2024-07-23 00:00:00.000
1721721600000,7.889e-05,2024-07-23 08:00:00.000
1721750400000,5.35e-05,2024-07-23 16:00:00.000
1721779200000,7.35e-06,2024-07-24 00:00:00.000
1721808000000,2.415e-05,2024-07-24 08:00:00.000
1721836800000,0.0001,2024-07-24 16:00:00.000
1721865600000,0.0001,2024-07-25 00:00:00.000
1721894400000,3.002e-05,2024-07-25 08:00:00.000
1721923200000,0.0001,2024-07-25 16:00:00.000
1721952000000,-2.9e-05,2024-07-26 00:00:00.000
1721980800000,0.0001,2024-07-26 08:00:00.000
1722009600000,0.0001,2024-07-26 16:00:00.000
1722038400000,0.0001,2024-07-27 00:00:00.000
1722067200000,0.0001,2024-07-27 08:00:00.000
1722096000000,0.0001,2024-07-27 16:00:00.000
1722124800000,0.0001,2024-07-28 00:00:00.000
1722153600000,0.0001,2024-07-28 08:00:00.000
1722182400001,0.0001,2024-07-28 16:00:00.001
1722211200001,0.0001,2024-07-29 00:00:00.001
1722240000000,0.0001,2024-07-29 08:00:00.000
1722268800001,0.0001,2024-07-29 16:00:00.001
1722297600000,4.488e-05,2024-07-30 00:00:00.000
1722326400001,0.0001,2024-07-30 08:00:00.001
1722355200000,0.0001,2024-07-30 16:00:00.000
1722384000000,1.364e-05,2024-07-31 00:00:00.000
1722412800000,0.0001,2024-07-31 08:00:00.000
1722441600000,0.0001,2024-07-31 16:00:00.000
1722470400000,0.0001,2024-08-01 00:00:00.000
1722499200000,0.0001,2024-08-01 08:00:00.000
1722528000000,8.061e-05,2024-08-01 16:00:00.000
1722556800000,5.273e-05,2024-08-02 00:00:00.000
1722585600001,0.0001,2024-08-02 08:00:00.001
1722614400000,0.0001,2024-08-02 16:00:00.000
1722643200000,0.0001,2024-08-03 00:00:00.000
1722672000000,1.895e-05,2024-08-03 08:00:00.000
1722700800001,-1.783e-05,2024-08-03 16:00:00.001
1722729600000,-9.353e-05,2024-08-04 00:00:00.000
1722758400000,7.524e-05,2024-08-04 08:00:00.000
1722787200000,2.08e-05,2024-08-04 16:00:00.000
1722816000000,-1.07e-05,2024-08-05 00:00:00.000
1722844800000,-0.00018548,2024-08-05 08:00:00.000
1722873600000,-3.615e-05,2024-08-05 16:00:00.000
1722902400000,-0.00013509,2024-08-06 00:00:00.000
1722931200000,-0.000117,2024-08-06 08:00:00.000
1722960000000,3.029e-05,2024-08-06 16:00:00.000
1722988800000,-8.393e-05,2024-08-07 00:00:00.000
1723017600001,9.772e-05,2024-08-07 08:00:00.001
1723046400000,2.616e-05,2024-08-07 16:00:00.000
1723075200001,0.0001,2024-08-08 00:00:00.001
1723104000000,0.0001,2024-08-08 08:00:00.000
1723132800000,1.986e-05,2024-08-08 16:00:00.000
1723161600000,0.0001,2024-08-09 00:00:00.000
1723190400000,-6.49e-06,2024-08-09 08:00:00.000
1723219200000,-5.29e-05,2024-08-09 16:00:00.000
1723248000000,-7.542e-05,2024-08-10 00:00:00.000
1723276800000,0.0001,2024-08-10 08:00:00.000
1723305600000,0.0001,2024-08-10 16:00:00.000
1723334400000,0.0001,2024-08-11 00:00:00.000
1723363200000,0.0001,2024-08-11 08:00:00.000
1723392000001,-5e-07,2024-08-11 16:00:00.001
1723420800000,-2.193e-05,2024-08-12 00:00:00.000
1723449600000,-1.65e-06,2024-08-12 08:00:00.000
1723478400000,0.0001,2024-08-12 16:00:00.000
1723507200000,0.0001,2024-08-13 00:00:00.000
1723536000000,0.0001,2024-08-13 08:00:00.000
1723564800000,0.0001,2024-08-13 16:00:00.000
1723593600000,0.0001,2024-08-14 00:00:00.000
1723622400000,0.0001,2024-08-14 08:00:00.000
1723651200000,0.0001,2024-08-14 16:00:00.000
1723680000000,9.792e-05,2024-08-15 00:00:00.000
1723708800000,0.0001,2024-08-15 08:00:00.000
1723737600000,3.662e-05,2024-08-15 16:00:00.000
1723766400000,-0.00014653,2024-08-16 00:00:00.000
1723795200000,4.389e-05,2024-08-16 08:00:00.000
1723824000000,-5.818e-05,2024-08-16 16:00:00.000
1723852800000,0.0001,2024-08-17 00:00:00.000
1723881600000,0.0001,2024-08-17 08:00:00.000
1723910400000,-0.00012681,2024-08-17 16:00:00.000
1723939200000,0.0001,2024-08-18 00:00:00.000
1723968000000,0.0001,2024-08-18 08:00:00.000
1723996800000,0.0001,2024-08-18 16:00:00.000
1724025600000,7.998e-05,2024-08-19 00:00:00.000
1724054400000,4.332e-05,2024-08-19 08:00:00.000
1724083200002,0.0001,2024-08-19 16:00:00.002
1724112000000,9.91e-05,2024-08-20 00:00:00.000
1724140800000,-5.918e-05,2024-08-20 08:00:00.000
1724169600001,0.0001,2024-08-20 16:00:00.001
1724198400001,-1.223e-05,2024-08-21 00:00:00.001
1724227200000,-0.0001617,2024-08-21 08:00:00.000
1724256000001,0.0001,2024-08-21 16:00:00.001
1724284800000,7.113e-05,2024-08-22 00:00:00.000
1724313600000,0.0001,2024-08-22 08:00:00.000
1724342400008,0.0001,2024-08-22 16:00:00.008
1724371200000,0.0001,2024-08-23 00:00:00.000
1724400000000,0.0001,2024-08-23 08:00:00.000
1724428800000,0.0001,2024-08-23 16:00:00.000
1724457600000,0.0001,2024-08-24 00:00:00.000
1724486400005,0.0001,2024-08-24 08:00:00.005
1724515200000,0.0001,2024-08-24 16:00:00.000
1724544000000,0.0001,2024-08-25 00:00:00.000
1724572800000,0.0001,2024-08-25 08:00:00.000
1724601600000,0.0001,2024-08-25 16:00:00.000
1724630400000,0.0001,2024-08-26 00:00:00.000
1724659200001,8.085e-05,2024-08-26 08:00:00.001
1724688000000,0.0001,2024-08-26 16:00:00.000
1724716800001,0.0001,2024-08-27 00:00:00.001
1724745600000,3.773e-05,2024-08-27 08:00:00.000
1724774400000,0.0001,2024-08-27 16:00:00.000
1724803200000,2.047e-05,2024-08-28 00:00:00.000
1724832000000,3.049e-05,2024-08-28 08:00:00.000
1724860800001,0.0001,2024-08-28 16:00:00.001
1724889600000,0.0001,2024-08-29 00:00:00.000
1724918400001,3.776e-05,2024-08-29 08:00:00.001
1724947200000,0.0001,2024-08-29 16:00:00.000
1724976000000,2.159e-05,2024-08-30 00:00:00.000
1725004800000,3.083e-05,2024-08-30 08:00:00.000
1725033600000,-2.992e-05,2024-08-30 16:00:00.000
1725062400000,1.798e-05,2024-08-31 00:00:00.000
1725091200000,0.0001,2024-08-31 08:00:00.000
1725120000000,2.848e-05,2024-08-31 16:00:00.000
1725148800000,-0.00022523,2024-09-01 00:00:00.000
1725177600001,4.996e-05,2024-09-01 08:00:00.001
1725206400000,-1.945e-05,2024-09-01 16:00:00.000
1725235200001,-0.00022783,2024-09-02 00:00:00.001
1725264000001,2.403e-05,2024-09-02 08:00:00.001
1725292800000,-4.35e-05,2024-09-02 16:00:00.000
1725321600000,-6.322e-05,2024-09-03 00:00:00.000
1725350400001,8.322e-05,2024-09-03 08:00:00.001
1725379200000,-1.47e-06,2024-09-03 16:00:00.000
1725408000000,6.058e-05,2024-09-04 00:00:00.000
1725436800000,-1.196e-05,2024-09-04 08:00:00.000
1725465600000,1.221e-05,2024-09-04 16:00:00.000
1725494400000,0.0001,2024-09-05 00:00:00.000
1725523200000,0.0001,2024-09-05 08:00:00.000
1725552000005,0.0001,2024-09-05 16:00:00.005
1725580800000,0.0001,2024-09-06 00:00:00.000
1725609600001,0.0001,2024-09-06 08:00:00.001
1725638400000,-6.443e-05,2024-09-06 16:00:00.000
1725667200000,1.478e-05,2024-09-07 00:00:00.000
1725696000000,0.0001,2024-09-07 08:00:00.000
1725724800000,0.0001,2024-09-07 16:00:00.000
1725753600000,9.163e-05,2024-09-08 00:00:00.000
1725782400000,8.997e-05,2024-09-08 08:00:00.000
1725811200000,0.0001,2024-09-08 16:00:00.000
1725840000000,2.172e-05,2024-09-09 00:00:00.000
1725868800000,8.448e-05,2024-09-09 08:00:00.000
1725897600001,0.0001,2024-09-09 16:00:00.001
1725926400000,0.0001,2024-09-10 00:00:00.000
1725955200000,-0.00010066,2024-09-10 08:00:00.000
1725984000000,-4.712e-05,2024-09-10 16:00:00.000
1726012800000,0.0001,2024-09-11 00:00:00.000
1726041600000,-4.894e-05,2024-09-11 08:00:00.000
1726070400000,-5.556e-05,2024-09-11 16:00:00.000
1726099200000,5.442e-05,2024-09-12 00:00:00.000
1726128000000,0.0001,2024-09-12 08:00:00.000
1726156800000,8.266e-05,2024-09-12 16:00:00.000
1726185600000,-1.58e-05,2024-09-13 00:00:00.000
1726214400001,0.0001,2024-09-13 08:00:00.001
1726243200001,0.0001,2024-09-13 16:00:00.001
1726272000000,0.0001,2024-09-14 00:00:00.000
1726300800000,9.358e-05,2024-09-14 08:00:00.000
1726329600001,0.0001,2024-09-14 16:00:00.001
1726358400000,0.0001,2024-09-15 00:00:00.000
1726387200000,8.342e-05,2024-09-15 08:00:00.000
1726416000000,0.0001,2024-09-15 16:00:00.000
1726444800000,-2.829e-05,2024-09-16 00:00:00.000
1726473600001,-0.00014484,2024-09-16 08:00:00.001
1726502400000,6.031e-05,2024-09-16 16:00:00.000
1726531200001,-0.00017242,2024-09-17 00:00:00.001
1726560000000,4.174e-05,2024-09-17 08:00:00.000
1726588800000,6.451e-05,2024-09-17 16:00:00.000
1726617600000,-4.329e-05,2024-09-18 00:00:00.000
1726646400000,0.0001,2024-09-18 08:00:00.000
1726675200004,1.607e-05,2024-09-18 16:00:00.004
1726704000000,8.793e-05,2024-09-19 00:00:00.000
1726732800000,0.0001,2024-09-19 08:00:00.000
1726761600001,0.0001,2024-09-19 16:00:00.001
1726790400000,0.0001,2024-09-20 00:00:00.000
1726819200001,0.0001,2024-09-20 08:00:00.001
1726848000000,0.0001,2024-09-20 16:00:00.000
1726876800001,0.0001,2024-09-21 00:00:00.001
1726905600000,0.0001,2024-09-21 08:00:00.000
1726934400000,2.597e-05,2024-09-21 16:00:00.000
1726963200000,0.0001,2024-09-22 00:00:00.000
1726992000000,0.0001,2024-09-22 08:00:00.000
1727020800000,0.0001,2024-09-22 16:00:00.000
1727049600000,-1.11e-05,2024-09-23 00:00:00.000
1727078400000,0.0001,2024-09-23 08:00:00.000
1727107200000,0.0001,2024-09-23 16:00:00.000
1727136000000,0.0001,2024-09-24 00:00:00.000
1727164800000,0.0001,2024-09-24 08:00:00.000
1727193600001,1.637e-05,2024-09-24 16:00:00.001
1727222400000,0.0001,2024-09-25 00:00:00.000
1727251200003,0.0001,2024-09-25 08:00:00.003
1727280000000,0.0001,2024-09-25 16:00:00.000
1727308800005,0.0001,2024-09-26 00:00:00.005
1727337600000,0.0001,2024-09-26 08:00:00.000
1727366400000,0.0001,2024-09-26 16:00:00.000
1727395200000,0.0001,2024-09-27 00:00:00.000
1727424000000,0.0001,2024-09-27 08:00:00.000
1727452800000,0.0001,2024-09-27 16:00:00.000
1727481600000,0.0001,2024-09-28 00:00:00.000
1727510400001,0.0001,2024-09-28 08:00:00.001
1727539200000,0.0001,2024-09-28 16:00:00.000
1727568000001,0.0001,2024-09-29 00:00:00.001
1727596800000,0.0001,2024-09-29 08:00:00.000
1727625600000,0.0001,2024-09-29 16:00:00.000
1727654400000,0.0001,2024-09-30 00:00:00.000
1727683200001,0.0001,2024-09-30 08:00:00.001
1727712000000,9.004e-05,2024-09-30 16:00:00.000
1727740800000,0.0001,2024-10-01 00:00:00.000
1727769600000,0.0001,2024-10-01 08:00:00.000
1727798400001,7.783e-05,2024-10-01 16:00:00.001
1727827200000,-0.00011323,2024-10-02 00:00:00.000
1727856000000,-3.271e-05,2024-10-02 08:00:00.000
1727884800000,5.268e-05,2024-10-02 16:00:00.000
1727913600000,-2.185e-05,2024-10-03 00:00:00.000
1727942400000,8.138e-05,2024-10-03 08:00:00.000
1727971200000,2.877e-05,2024-10-03 16:00:00.000
1728000000000,-0.00018738,2024-10-04 00:00:00.000
1728028800000,2.828e-05,2024-10-04 08:00:00.000
1728057600001,0.0001,2024-10-04 16:00:00.001
1728086400000,0.0001,2024-10-05 00:00:00.000
1728115200000,0.0001,2024-10-05 08:00:00.000
1728144000000,0.0001,2024-10-05 16:00:00.000
1728172800000,0.0001,2024-10-06 00:00:00.000
1728201600001,0.0001,2024-10-06 08:00:00.001
1728230400000,3.384e-05,2024-10-06 16:00:00.000
1728259200000,0.0001,2024-10-07 00:00:00.000
1728288000000,0.0001,2024-10-07 08:00:00.000
1728316800001,6.601e-05,2024-10-07 16:00:00.001
1728345600000,0.0001,2024-10-08 00:00:00.000
1728374400000,0.0001,2024-10-08 08:00:00.000
1728403200000,0.0001,2024-10-08 16:00:00.000
1728432000000,0.0001,2024-10-09 00:00:00.000
1728460800000,0.0001,2024-10-09 08:00:00.000
1728489600000,0.0001,2024-10-09 16:00:00.000
1728518400000,0.0001,2024-10-10 00:00:00.000
1728547200000,0.0001,2024-10-10 08:00:00.000
1728576000000,0.0001,2024-10-10 16:00:00.000
1728604800000,0.0001,2024-10-11 00:00:00.000
1728633600000,0.0001,2024-10-11 08:00:00.000
1728662400001,0.0001,2024-10-11 16:00:00.001
1728691200000,0.0001,2024-10-12 00:00:00.000
1728720000001,0.0001,2024-10-12 08:00:00.001
1728748800000,0.0001,2024-10-12 16:00:00.000
1728777600000,0.0001,2024-10-13 00:00:00.000
1728806400000,0.0001,2024-10-13 08:00:00.000
1728835200000,0.0001,2024-10-13 16:00:00.000
1728864000000,6.959e-05,2024-10-14 00:00:00.000
1728892800000,0.0001,2024-10-14 08:00:00.000
1728921600000,0.0001,2024-10-14 16:00:00.000
1728950400000,0.0001,2024-10-15 00:00:00.000
1728979200000,0.0001,2024-10-15 08:00:00.000
1729008000000,0.0001,2024-10-15 16:00:00.000
1729036800000,0.0001,2024-10-16 00:00:00.000
1729065600001,0.0001,2024-10-16 08:00:00.001
1729094400000,0.0001,2024-10-16 16:00:00.000
1729123200000,0.0001,2024-10-17 00:00:00.000
1729152000000,0.0001,2024-10-17 08:00:00.000
1729180800001,6.928e-05,2024-10-17 16:00:00.001
1729209600010,0.0001,2024-10-18 00:00:00.010
1729238400001,0.0001,2024-10-18 08:00:00.001
1729267200000,0.0001,2024-10-18 16:00:00.000
1729296000000,0.0001,2024-10-19 00:00:00.000
1729324800000,0.0001,2024-10-19 08:00:00.000
1729353600000,0.0001,2024-10-19 16:00:00.000
1729382400000,0.0001,2024-10-20 00:00:00.000
1729411200000,0.0001,2024-10-20 08:00:00.000
1729440000000,0.0001,2024-10-20 16:00:00.000
1729468800000,0.0001,2024-10-21 00:00:00.000
1729497600000,0.0001,2024-10-21 08:00:00.000
1729526400000,0.0001,2024-10-21 16:00:00.000
1729555200000,0.0001,2024-10-22 00:00:00.000
1729584000000,0.0001,2024-10-22 08:00:00.000
1729612800000,0.0001,2024-10-22 16:00:00.000
1729641600000,0.0001,2024-10-23 00:00:00.000
1729670400000,0.0001,2024-10-23 08:00:00.000
1729699200000,0.0001,2024-10-23 16:00:00.000
1729728000000,0.0001,2024-10-24 00:00:00.000
1729756800000,0.0001,2024-10-24 08:00:00.000
1729785600000,0.0001,2024-10-24 16:00:00.000
1729814400000,0.0001,2024-10-25 00:00:00.000
1729843200000,0.0001,2024-10-25 08:00:00.000
1729872000000,0.0001,2024-10-25 16:00:00.000
1729900800000,6.505e-05,2024-10-26 00:00:00.000
1729929600001,-0.00015016,2024-10-26 08:00:00.001
1729958400000,8.692e-05,2024-10-26 16:00:00.000
1729987200000,2.937e-05,2024-10-27 00:00:00.000
1730016000000,0.0001,2024-10-27 08:00:00.000
1730044800000,0.0001,2024-10-27 16:00:00.000
1730073600000,0.0001,2024-10-28 00:00:00.000
1730102400001,0.0001,2024-10-28 08:00:00.001
1730131200000,9.692e-05,2024-10-28 16:00:00.000
1730160000000,0.0001,2024-10-29 00:00:00.000
1730188800000,0.0001,2024-10-29 08:00:00.000
1730217600004,0.0001,2024-10-29 16:00:00.004
1730246400000,0.0001,2024-10-30 00:00:00.000
1730275200000,0.0001,2024-10-30 08:00:00.000
1730304000013,0.0001,2024-10-30 16:00:00.013
1730332800000,0.0001,2024-10-31 00:00:00.000
1730361600000,0.0001,2024-10-31 08:00:00.000
1730390400000,0.0001,2024-10-31 16:00:00.000
1730419200000,0.0001,2024-11-01 00:00:00.000
1730448000000,0.0001,2024-11-01 08:00:00.000
1730476800000,0.0001,2024-11-01 16:00:00.000
1730505600000,0.0001,2024-11-02 00:00:00.000
1730534400000,0.0001,2024-11-02 08:00:00.000
1730563200000,0.0001,2024-11-02 16:00:00.000
1730592000000,0.0001,2024-11-03 00:00:00.000
1730620800000,4.72e-06,2024-11-03 08:00:00.000
1730649600000,0.0001,2024-11-03 16:00:00.000
1730678400000,-3.275e-05,2024-11-04 00:00:00.000
1730707200000,0.0001,2024-11-04 08:00:00.000
1730736000000,0.0001,2024-11-04 16:00:00.000
1730764800000,0.0001,2024-11-05 00:00:00.000
1730793600003,0.0001,2024-11-05 08:00:00.003
1730822400001,8.783e-05,2024-11-05 16:00:00.001
1730851200000,0.0001,2024-11-06 00:00:00.000
1730880000000,0.0001,2024-11-06 08:00:00.000
1730908800000,0.0001,2024-11-06 16:00:00.000
1730937600000,0.0001,2024-11-07 00:00:00.000
1730966400000,0.0001,2024-11-07 08:00:00.000
1730995200000,0.0001,2024-11-07 16:00:00.000
1731024000000,0.0001,2024-11-08 00:00:00.000
1731052800000,0.0001,2024-11-08 08:00:00.000
1731081600000,0.0001,2024-11-08 16:00:00.000
1731110400000,0.0001,2024-11-09 00:00:00.000
1731139200000,0.0001,2024-11-09 08:00:00.000
1731168000000,0.0001,2024-11-09 16:00:00.000
1731196800000,0.0001,2024-11-10 00:00:00.000
1731225600000,0.00011069,2024-11-10 08:00:00.000
1731254400000,0.00034782,2024-11-10 16:00:00.000
1731283200001,0.00028516,2024-11-11 00:00:00.001
1731312000000,0.00022002,2024-11-11 08:00:00.000
1731340800000,0.00012838,2024-11-11 16:00:00.000
1731369600002,0.00029235,2024-11-12 00:00:00.002
1731398400000,0.00029207,2024-11-12 08:00:00.000
1731427200000,0.00040853,2024-11-12 16:00:00.000
1731456000000,0.00010194,2024-11-13 00:00:00.000
1731484800010,0.00018955,2024-11-13 08:00:00.010
1731513600000,0.0001,2024-11-13 16:00:00.000
1731542400001,0.00025403,2024-11-14 00:00:00.001
1731571200000,0.00020727,2024-11-14 08:00:00.000
1731600000000,0.00016583,2024-11-14 16:00:00.000
1731628800000,0.0001,2024-11-15 00:00:00.000
1731657600000,0.0001,2024-11-15 08:00:00.000
1731686400000,0.0001,2024-11-15 16:00:00.000
1731715200001,0.00016576,2024-11-16 00:00:00.001
1731744000001,0.00017202,2024-11-16 08:00:00.001
1731772800000,0.0001,2024-11-16 16:00:00.000
1731801600000,0.0001,2024-11-17 00:00:00.000
1731830400000,0.00019094,2024-11-17 08:00:00.000
1731859200001,0.00014242,2024-11-17 16:00:00.001
1731888000000,0.0001,2024-11-18 00:00:00.000
1731916800000,0.00017201,2024-11-18 08:00:00.000
1731945600000,0.00022115,2024-11-18 16:00:00.000
1731974400000,0.0001241,2024-11-19 00:00:00.000
1732003200000,0.00021012,2024-11-19 08:00:00.000
1732032000000,0.0001,2024-11-19 16:00:00.000
1732060800003,0.0001,2024-11-20 00:00:00.003
1732089600000,0.0001,2024-11-20 08:00:00.000
1732118400000,0.0001,2024-11-20 16:00:00.000
1732147200001,0.0001,2024-11-21 00:00:00.001
1732176000000,0.0001,2024-11-21 08:00:00.000
1732204800001,0.0001,2024-11-21 16:00:00.001
1732233600000,0.00027858,2024-11-22 00:00:00.000
1732262400000,0.00029757,2024-11-22 08:00:00.000
1732291200001,0.00026506,2024-11-22 16:00:00.001
1732320000000,0.00038316,2024-11-23 00:00:00.000
1732348800000,0.00033483,2024-11-23 08:00:00.000
1732377600000,0.00028018,2024-11-23 16:00:00.000
1732406400001,0.0002372,2024-11-24 00:00:00.001
1732435200000,0.0001,2024-11-24 08:00:00.000
1732464000000,0.00022752,2024-11-24 16:00:00.000
1732492800000,0.0001,2024-11-25 00:00:00.000
1732521600000,0.0001,2024-11-25 08:00:00.000
1732550400000,0.0001,2024-11-25 16:00:00.000
1732579200000,0.00018734,2024-11-26 00:00:00.000
1732608000000,0.00018286,2024-11-26 08:00:00.000
1732636800000,0.0001,2024-11-26 16:00:00.000
1732665600000,0.0001,2024-11-27 00:00:00.000
1732694400000,0.0001,2024-11-27 08:00:00.000
1732723200001,0.0001,2024-11-27 16:00:00.001
1732752000000,0.0001,2024-11-28 00:00:00.000
1732780800000,0.0001,2024-11-28 08:00:00.000
1732809600000,0.0001,2024-11-28 16:00:00.000
1732838400000,0.00026616,2024-11-29 00:00:00.000
1732867200000,0.00034967,2024-11-29 08:00:00.000
1732896000000,0.0003724,2024-11-29 16:00:00.000
1732924800000,0.00032529,2024-11-30 00:00:00.000
1732953600000,0.00025325,2024-11-30 08:00:00.000
1732982400000,0.00024659,2024-11-30 16:00:00.000
1733011200000,0.00042764,2024-12-01 00:00:00.000
1733040000000,0.00020894,2024-12-01 08:00:00.000
1733068800000,0.00024217,2024-12-01 16:00:00.000
1733097600001,0.00034566,2024-12-02 00:00:00.001
1733126400001,0.00019004,2024-12-02 08:00:00.001
1733155200000,0.00011738,2024-12-02 16:00:00.000
1733184000000,0.00033504,2024-12-03 00:00:00.000
1733212800000,0.00055319,2024-12-03 08:00:00.000
1733241600000,0.0003303,2024-12-03 16:00:00.000
1733270400000,0.00034129,2024-12-04 00:00:00.000
1733299200000,0.00031398,2024-12-04 08:00:00.000
1733328000000,0.00039876,2024-12-04 16:00:00.000
1733356800001,0.00044871,2024-12-05 00:00:00.001
1733385600000,0.00045988,2024-12-05 08:00:00.000
1733414400000,0.00042804,2024-12-05 16:00:00.000
1733443200000,0.00048557,2024-12-06 00:00:00.000
1733472000000,0.00059638,2024-12-06 08:00:00.000
1733500800000,0.00023234,2024-12-06 16:00:00.000
1733529600000,0.00025179,2024-12-07 00:00:00.000
1733558400000,0.0003988,2024-12-07 08:00:00.000
1733587200000,0.00056025,2024-12-07 16:00:00.000
1733616000000,0.00065233,2024-12-08 00:00:00.000
1733644800000,0.00044935,2024-12-08 08:00:00.000
1733673600000,0.00038092,2024-12-08 16:00:00.000
1733702400000,0.00034519,2024-12-09 00:00:00.000
1733731200000,0.00030166,2024-12-09 08:00:00.000
1733760000001,0.0001,2024-12-09 16:00:00.001
1733788800007,0.0001,2024-12-10 00:00:00.007
1733817600000,0.0001,2024-12-10 08:00:00.000
1733846400000,9.984e-05,2024-12-10 16:00:00.000
1733875200000,1.979e-05,2024-12-11 00:00:00.000
1733904000000,0.0001,2024-12-11 08:00:00.000
1733932800001,4.92e-06,2024-12-11 16:00:00.001
1733961600001,1.968e-05,2024-12-12 00:00:00.001
1733990400000,0.0001,2024-12-12 08:00:00.000
1734019200001,0.0001,2024-12-12 16:00:00.001
1734048000000,0.0001,2024-12-13 00:00:00.000
1734076800000,0.0001,2024-12-13 08:00:00.000
1734105600001,0.0001,2024-12-13 16:00:00.001
1734134400000,0.0001,2024-12-14 00:00:00.000
1734163200000,0.0001,2024-12-14 08:00:00.000
1734192000000,0.0001,2024-12-14 16:00:00.000
1734220800000,0.0001,2024-12-15 00:00:00.000
1734249600000,0.0001,2024-12-15 08:00:00.000
1734278400000,0.0001,2024-12-15 16:00:00.000
1734307200000,0.0001,2024-12-16 00:00:00.000
1734336000001,0.0001,2024-12-16 08:00:00.001
1734364800000,0.0001,2024-12-16 16:00:00.000
1734393600000,0.0001,2024-12-17 00:00:00.000
1734422400000,0.0001,2024-12-17 08:00:00.000
1734451200000,0.0001,2024-12-17 16:00:00.000
1734480000000,0.0001,2024-12-18 00:00:00.000
1734508800000,0.0001,2024-12-18 08:00:00.000
1734537600000,0.0001,2024-12-18 16:00:00.000
1734566400000,0.0001,2024-12-19 00:00:00.000
1734595200000,0.0001,2024-12-19 08:00:00.000
1734624000000,0.0001,2024-12-19 16:00:00.000
1734652800000,6.655e-05,2024-12-20 00:00:00.000
1734681600001,9.587e-05,2024-12-20 08:00:00.001
1734710400014,4.276e-05,2024-12-20 16:00:00.014
1734739200000,8.238e-05,2024-12-21 00:00:00.000
1734768000000,6.609e-05,2024-12-21 08:00:00.000
1734796800001,0.0001,2024-12-21 16:00:00.001
1734825600000,0.0001,2024-12-22 00:00:00.000
1734854400000,0.0001,2024-12-22 08:00:00.000
1734883200000,7.293e-05,2024-12-22 16:00:00.000
1734912000000,0.0001,2024-12-23 00:00:00.000
1734940800000,4.465e-05,2024-12-23 08:00:00.000
1734969600001,2.719e-05,2024-12-23 16:00:00.001
1734998400000,4.64e-06,2024-12-24 00:00:00.000
1735027200000,-1.275e-05,2024-12-24 08:00:00.000
1735056000001,-5.117e-05,2024-12-24 16:00:00.001
1735084800001,0.0001,2024-12-25 00:00:00.001
1735113600000,0.0001,2024-12-25 08:00:00.000
1735142400000,0.0001,2024-12-25 16:00:00.000
1735171200000,0.0001,2024-12-26 00:00:00.000
1735200000000,0.0001,2024-12-26 08:00:00.000
1735228800000,0.0001,2024-12-26 16:00:00.000
1735257600000,0.0001,2024-12-27 00:00:00.000
1735286400000,8.841e-05,2024-12-27 08:00:00.000
1735315200000,8.24e-05,2024-12-27 16:00:00.000
1735344000001,0.0001,2024-12-28 00:00:00.001
1735372800000,-3.224e-05,2024-12-28 08:00:00.000
1735401600000,1.787e-05,2024-12-28 16:00:00.000
1735430400000,0.0001,2024-12-29 00:00:00.000
1735459200000,0.0001,2024-12-29 08:00:00.000
1735488000000,0.0001,2024-12-29 16:00:00.000
1735516800000,0.0001,2024-12-30 00:00:00.000
1735545600001,0.0001,2024-12-30 08:00:00.001
1735574400000,0.0001,2024-12-30 16:00:00.000
1735603200000,0.0001,2024-12-31 00:00:00.000
1735632000000,0.0001,2024-12-31 08:00:00.000
1735660800000,0.0001,2024-12-31 16:00:00.000
1735689600015,0.0001,2025-01-01 00:00:00.015
1735718400000,0.0001,2025-01-01 08:00:00.000
1735747200001,0.0001,2025-01-01 16:00:00.001
1735776000000,0.0001,2025-01-02 00:00:00.000
1735804800006,0.0001,2025-01-02 08:00:00.006
1735833600000,0.0001,2025-01-02 16:00:00.000
1735862400000,0.0001,2025-01-03 00:00:00.000
1735891200000,0.0001,2025-01-03 08:00:00.000
1735920000000,0.0001,2025-01-03 16:00:00.000
1735948800000,0.0001,2025-01-04 00:00:00.000
1735977600000,0.0001,2025-01-04 08:00:00.000
1736006400000,0.0001,2025-01-04 16:00:00.000
1736035200000,0.0001,2025-01-05 00:00:00.000
1736064000000,0.0001,2025-01-05 08:00:00.000
1736092800000,0.0001,2025-01-05 16:00:00.000
1736121600000,0.0001,2025-01-06 00:00:00.000
1736150400001,0.0001,2025-01-06 08:00:00.001
1736179200000,0.0001,2025-01-06 16:00:00.000
1736208000000,0.0001,2025-01-07 00:00:00.000
1736236800000,0.0001,2025-01-07 08:00:00.000
1736265600008,0.0001,2025-01-07 16:00:00.008
1736294400001,0.0001,2025-01-08 00:00:00.001
1736323200000,0.0001,2025-01-08 08:00:00.000
1736352000000,2.824e-05,2025-01-08 16:00:00.000
1736380800000,-6.518e-05,2025-01-09 00:00:00.000
1736409600000,8.298e-05,2025-01-09 08:00:00.000
1736438400000,6.562e-05,2025-01-09 16:00:00.000
1736467200000,0.0001,2025-01-10 00:00:00.000
1736496000000,5.052e-05,2025-01-10 08:00:00.000
1736524800000,0.0001,2025-01-10 16:00:00.000
1736553600000,0.0001,2025-01-11 00:00:00.000
1736582400000,0.0001,2025-01-11 08:00:00.000
1736611200000,-1.67e-05,2025-01-11 16:00:00.000
1736640000000,0.0001,2025-01-12 00:00:00.000
1736668800000,0.0001,2025-01-12 08:00:00.000
1736697600000,0.0001,2025-01-12 16:00:00.000
1736726400000,0.0001,2025-01-13 00:00:00.000
1736755200000,1.492e-05,2025-01-13 08:00:00.000
1736784000000,-1.814e-05,2025-01-13 16:00:00.000
1736812800000,8.6e-07,2025-01-14 00:00:00.000
1736841600000,0.0001,2025-01-14 08:00:00.000
1736870400000,-0.00010936,2025-01-14 16:00:00.000
1736899200000,8.801e-05,2025-01-15 00:00:00.000
1736928000000,0.0001,2025-01-15 08:00:00.000
1736956800000,0.0001,2025-01-15 16:00:00.000
1736985600000,0.0001,2025-01-16 00:00:00.000
1737014400000,9.697e-05,2025-01-16 08:00:00.000
1737043200000,0.0001,2025-01-16 16:00:00.000
1737072000004,0.0001,2025-01-17 00:00:00.004
1737100800000,0.0001,2025-01-17 08:00:00.000
1737129600008,0.0001,2025-01-17 16:00:00.008
1737158400000,0.0001,2025-01-18 00:00:00.000
1737187200007,0.0001,2025-01-18 08:00:00.007
1737216000000,-5.683e-05,2025-01-18 16:00:00.000
1737244800000,2.381e-05,2025-01-19 00:00:00.000
1737273600000,0.0001,2025-01-19 08:00:00.000
1737302400000,0.0001,2025-01-19 16:00:00.000
1737331200000,0.0001,2025-01-20 00:00:00.000
1737360000009,0.0001,2025-01-20 08:00:00.009
1737388800000,0.0001,2025-01-20 16:00:00.000
1737417600000,0.0001,2025-01-21 00:00:00.000
1737446400000,5.929e-05,2025-01-21 08:00:00.000
1737475200000,0.0001,2025-01-21 16:00:00.000
1737504000000,0.0001,2025-01-22 00:00:00.000
1737532800000,0.0001,2025-01-22 08:00:00.000
1737561600000,0.0001,2025-01-22 16:00:00.000
1737590400001,0.0001,2025-01-23 00:00:00.001
1737619200000,0.0001,2025-01-23 08:00:00.000
1737648000000,0.0001,2025-01-23 16:00:00.000
1737676800000,0.0001,2025-01-24 00:00:00.000
1737705600000,0.0001,2025-01-24 08:00:00.000
1737734400000,0.0001,2025-01-24 16:00:00.000
1737763200000,0.0001,2025-01-25 00:00:00.000
1737792000000,0.0001,2025-01-25 08:00:00.000
1737820800001,0.0001,2025-01-25 16:00:00.001
1737849600000,0.0001,2025-01-26 00:00:00.000
1737878400000,0.0001,2025-01-26 08:00:00.000
1737907200000,0.0001,2025-01-26 16:00:00.000
1737936000000,0.0001,2025-01-27 00:00:00.000
1737964800000,8.705e-05,2025-01-27 08:00:00.000
1737993600000,8.557e-05,2025-01-27 16:00:00.000
1738022400000,0.0001,2025-01-28 00:00:00.000
1738051200000,0.0001,2025-01-28 08:00:00.000
1738080000000,0.0001,2025-01-28 16:00:00.000
1738108800000,0.0001,2025-01-29 00:00:00.000
1738137600000,-6.2e-07,2025-01-29 08:00:00.000
1738166400000,0.0001,2025-01-29 16:00:00.000
1738195200000,4.198e-05,2025-01-30 00:00:00.000
1738224000000,0.0001,2025-01-30 08:00:00.000
1738252800000,0.0001,2025-01-30 16:00:00.000
1738281600000,0.0001,2025-01-31 00:00:00.000
1738310400000,0.0001,2025-01-31 08:00:00.000
1738339200000,0.0001,2025-01-31 16:00:00.000
1738368000000,0.0001,2025-02-01 00:00:00.000
1738396800000,0.0001,2025-02-01 08:00:00.000
1738425600000,0.0001,2025-02-01 16:00:00.000
1738454400001,0.0001,2025-02-02 00:00:00.001
1738483200000,1.178e-05,2025-02-02 08:00:00.000
1738512000000,-6.419e-05,2025-02-02 16:00:00.000
1738540800000,4.177e-05,2025-02-03 00:00:00.000
1738569600000,-0.00036762,2025-02-03 08:00:00.000
1738598400000,5.769e-05,2025-02-03 16:00:00.000
1738627200000,-3.849e-05,2025-02-04 00:00:00.000
1738656000001,3.203e-05,2025-02-04 08:00:00.001
1738684800000,-0.00015737,2025-02-04 16:00:00.000
1738713600001,0.0001,2025-02-05 00:00:00.001
1738742400001,6.273e-05,2025-02-05 08:00:00.001
1738771200000,-6.176e-05,2025-02-05 16:00:00.000
1738800000001,4.233e-05,2025-02-06 00:00:00.001
1738828800001,-0.00016504,2025-02-06 08:00:00.001
1738857600000,-7.92e-06,2025-02-06 16:00:00.000
1738886400000,-0.0001967,2025-02-07 00:00:00.000
1738915200000,-0.00018489,2025-02-07 08:00:00.000
1738944000000,4.248e-05,2025-02-07 16:00:00.000
1738972800000,2.092e-05,2025-02-08 00:00:00.000
1739001600000,9.65e-05,2025-02-08 08:00:00.000
1739030400000,5.59e-05,2025-02-08 16:00:00.000
1739059200000,0.0001,2025-02-09 00:00:00.000
1739088000000,0.0001,2025-02-09 08:00:00.000
1739116800000,0.0001,2025-02-09 16:00:00.000
1739145600000,0.0001,2025-02-10 00:00:00.000
1739174400000,0.0001,2025-02-10 08:00:00.000
1739203200000,0.0001,2025-02-10 16:00:00.000
1739232000000,1.131e-05,2025-02-11 00:00:00.000
1739260800000,0.0001,2025-02-11 08:00:00.000
1739289600000,0.0001,2025-02-11 16:00:00.000
1739318400000,-1.14e-05,2025-02-12 00:00:00.000
1739347200000,2.446e-05,2025-02-12 08:00:00.000
1739376000001,4.577e-05,2025-02-12 16:00:00.001
1739404800001,0.0001,2025-02-13 00:00:00.001
1739433600000,0.0001,2025-02-13 08:00:00.000
1739462400001,-2.14e-06,2025-02-13 16:00:00.001
1739491200000,3.911e-05,2025-02-14 00:00:00.000
1739520000001,6.476e-05,2025-02-14 08:00:00.001
1739548800000,-2.013e-05,2025-02-14 16:00:00.000
1739577600000,0.0001,2025-02-15 00:00:00.000
1739606400000,0.0001,2025-02-15 08:00:00.000
1739635200000,2.926e-05,2025-02-15 16:00:00.000
1739664000000,-9.167e-05,2025-02-16 00:00:00.000
1739692800000,7.137e-05,2025-02-16 08:00:00.000
1739721600000,-6.51e-05,2025-02-16 16:00:00.000
1739750400000,-0.00010652,2025-02-17 00:00:00.000
1739779200000,-4.28e-06,2025-02-17 08:00:00.000
1739808000000,8.096e-05,2025-02-17 16:00:00.000
1739836800000,8.817e-05,2025-02-18 00:00:00.000
1739865600000,-3.99e-05,2025-02-18 08:00:00.000
1739894400000,-0.00011793,2025-02-18 16:00:00.000
1739923200000,-2.698e-05,2025-02-19 00:00:00.000
1739952000000,8.84e-05,2025-02-19 08:00:00.000
1739980800000,6.479e-05,2025-02-19 16:00:00.000
1740009600000,-1.046e-05,2025-02-20 00:00:00.000
1740038400000,7.933e-05,2025-02-20 08:00:00.000
1740067200000,0.0001,2025-02-20 16:00:00.000
1740096000001,-8.416e-05,2025-02-21 00:00:00.001
1740124800000,0.0001,2025-02-21 08:00:00.000
1740153600000,0.0001,2025-02-21 16:00:00.000
1740182400000,0.0001,2025-02-22 00:00:00.000
1740211200000,1.706e-05,2025-02-22 08:00:00.000
1740240000000,0.0001,2025-02-22 16:00:00.000
1740268800000,0.0001,2025-02-23 00:00:00.000
1740297600000,0.0001,2025-02-23 08:00:00.000
1740326400000,7.15e-05,2025-02-23 16:00:00.000
1740355200000,-0.00015286,2025-02-24 00:00:00.000
1740384000000,1.93e-05,2025-02-24 08:00:00.000
1740412800000,-3.023e-05,2025-02-24 16:00:00.000
1740441600000,4.11e-06,2025-02-25 00:00:00.000
1740470400000,-0.00025048,2025-02-25 08:00:00.000
1740499200000,-8.014e-05,2025-02-25 16:00:00.000
1740528000000,-7.366e-05,2025-02-26 00:00:00.000
1740556800000,5.562e-05,2025-02-26 08:00:00.000
1740585600000,0.0001,2025-02-26 16:00:00.000
1740614400001,0.0001,2025-02-27 00:00:00.001
1740643200000,0.0001,2025-02-27 08:00:00.000
1740672000000,0.0001,2025-02-27 16:00:00.000
1740700800001,3.241e-05,2025-02-28 00:00:00.001
1740729600000,-0.0001172,2025-02-28 08:00:00.000
1740758400000,-5.644e-05,2025-02-28 16:00:00.000
1740787200000,0.0001,2025-03-01 00:00:00.000
1740816000000,0.0001,2025-03-01 08:00:00.000
1740844800001,0.0001,2025-03-01 16:00:00.001
1740873600000,0.0001,2025-03-02 00:00:00.000
1740902400000,0.0001,2025-03-02 08:00:00.000
1740931200000,0.0001,2025-03-02 16:00:00.000
1740960000001,0.0001,2025-03-03 00:00:00.001
1740988800000,0.0001,2025-03-03 08:00:00.000
1741017600000,4.469e-05,2025-03-03 16:00:00.000
1741046400001,-0.0001978,2025-03-04 00:00:00.001
1741075200005,-0.00010971,2025-03-04 08:00:00.005
1741104000000,2.239e-05,2025-03-04 16:00:00.000
1741132800000,7.807e-05,2025-03-05 00:00:00.000
1741161600000,-7.979e-05,2025-03-05 08:00:00.000
1741190400000,0.0001,2025-03-05 16:00:00.000
1741219200000,0.0001,2025-03-06 00:00:00.000
1741248000001,0.0001,2025-03-06 08:00:00.001
1741276800000,4.293e-05,2025-03-06 16:00:00.000
1741305600000,4.492e-05,2025-03-07 00:00:00.000
1741334400001,8.311e-05,2025-03-07 08:00:00.001
1741363200000,0.0001,2025-03-07 16:00:00.000
1741392000000,6.071e-05,2025-03-08 00:00:00.000
1741420800001,3.302e-05,2025-03-08 08:00:00.001
1741449600001,7.72e-06,2025-03-08 16:00:00.001
1741478400001,-7.941e-05,2025-03-09 00:00:00.001
1741507200000,-3.649e-05,2025-03-09 08:00:00.000
1741536000000,1.055e-05,2025-03-09 16:00:00.000
1741564800000,-0.00019371,2025-03-10 00:00:00.000
1741593600000,-0.00013041,2025-03-10 08:00:00.000
1741622400000,5.97e-06,2025-03-10 16:00:00.000
1741651200000,3.437e-05,2025-03-11 00:00:00.000
1741680000000,-4.703e-05,2025-03-11 08:00:00.000
1741708800001,9.507e-05,2025-03-11 16:00:00.001
1741737600000,0.0001,2025-03-12 00:00:00.000
1741766400000,7.242e-05,2025-03-12 08:00:00.000
1741795200001,3.836e-05,2025-03-12 16:00:00.001
1741824000000,0.0001,2025-03-13 00:00:00.000
1741852800000,0.0001,2025-03-13 08:00:00.000
1741881600000,0.0001,2025-03-13 16:00:00.000
1741910400000,0.0001,2025-03-14 00:00:00.000
1741939200000,0.0001,2025-03-14 08:00:00.000
1741968000000,0.0001,2025-03-14 16:00:00.000
1741996800000,0.0001,2025-03-15 00:00:00.000
1742025600000,9.377e-05,2025-03-15 08:00:00.000
1742054400000,2.847e-05,2025-03-15 16:00:00.000
1742083200000,-7.28e-06,2025-03-16 00:00:00.000
1742112000000,6.752e-05,2025-03-16 08:00:00.000
1742140800000,2.745e-05,2025-03-16 16:00:00.000
1742169600000,7.912e-05,2025-03-17 00:00:00.000
1742198400000,0.0001,2025-03-17 08:00:00.000
1742227200000,8.813e-05,2025-03-17 16:00:00.000
1742256000000,7.819e-05,2025-03-18 00:00:00.000
1742284800000,8.52e-05,2025-03-18 08:00:00.000
1742313600000,6.197e-05,2025-03-18 16:00:00.000
1742342400000,0.0001,2025-03-19 00:00:00.000
1742371200000,0.0001,2025-03-19 08:00:00.000
1742400000000,0.0001,2025-03-19 16:00:00.000
1742428800000,6.887e-05,2025-03-20 00:00:00.000
1742457600000,0.0001,2025-03-20 08:00:00.000
1742486400000,3.279e-05,2025-03-20 16:00:00.000
1742515200000,0.0001,2025-03-21 00:00:00.000
1742544000000,-6.73e-06,2025-03-21 08:00:00.000
1742572800000,-1.521e-05,2025-03-21 16:00:00.000
1742601600000,2.311e-05,2025-03-22 00:00:00.000
1742630400004,0.0001,2025-03-22 08:00:00.004
1742659200000,4.68e-05,2025-03-22 16:00:00.000
1742688000000,2.524e-05,2025-03-23 00:00:00.000
1742716800000,5.783e-05,2025-03-23 08:00:00.000
1742745600000,-0.000102,2025-03-23 16:00:00.000
1742774400000,-0.00015021,2025-03-24 00:00:00.000
1742803200000,0.0001,2025-03-24 08:00:00.000
1742832000000,0.0001,2025-03-24 16:00:00.000
1742860800001,0.0001,2025-03-25 00:00:00.001
1742889600000,0.0001,2025-03-25 08:00:00.000
1742918400000,-1.217e-05,2025-03-25 16:00:00.000
1742947200000,4.593e-05,2025-03-26 00:00:00.000
1742976000000,0.0001,2025-03-26 08:00:00.000
1743004800001,4.244e-05,2025-03-26 16:00:00.001
1743033600001,0.0001,2025-03-27 00:00:00.001
1743062400001,0.0001,2025-03-27 08:00:00.001
1743091200002,8.166e-05,2025-03-27 16:00:00.002
1743120000001,0.0001,2025-03-28 00:00:00.001
1743148800001,-5.71e-06,2025-03-28 08:00:00.001
1743177600000,-4.485e-05,2025-03-28 16:00:00.000
1743206400000,-0.00025922,2025-03-29 00:00:00.000
1743235200000,0.0001,2025-03-29 08:00:00.000
1743264000000,-0.00022487,2025-03-29 16:00:00.000
1743292800000,-0.00029309,2025-03-30 00:00:00.000
1743321600000,4.488e-05,2025-03-30 08:00:00.000
1743350400000,2.527e-05,2025-03-30 16:00:00.000
1743379200000,8.118e-05,2025-03-31 00:00:00.000
1743408000000,8.965e-05,2025-03-31 08:00:00.000
1743436800000,8.97e-06,2025-03-31 16:00:00.000
1743465600000,7.525e-05,2025-04-01 00:00:00.000
1743494400001,-0.00011427,2025-04-01 08:00:00.001
1743523200000,0.0001,2025-04-01 16:00:00.000
1743552000001,7.586e-05,2025-04-02 00:00:00.001
1743580800000,1.764e-05,2025-04-02 08:00:00.000
1743609600000,0.0001,2025-04-02 16:00:00.000
1743638400000,-8.294e-05,2025-04-03 00:00:00.000
1743667200000,3.849e-05,2025-04-03 08:00:00.000
1743696000000,1.107e-05,2025-04-03 16:00:00.000
1743724800000,-0.00025025,2025-04-04 00:00:00.000
1743753600000,-8.877e-05,2025-04-04 08:00:00.000
1743782400000,2.235e-05,2025-04-04 16:00:00.000
1743811200000,0.0001,2025-04-05 00:00:00.000
1743840000000,0.0001,2025-04-05 08:00:00.000
1743868800000,5.565e-05,2025-04-05 16:00:00.000
1743897600000,-2.54e-06,2025-04-06 00:00:00.000
1743926400000,0.0001,2025-04-06 08:00:00.000
1743955200002,-7.395e-05,2025-04-06 16:00:00.002
1743984000000,-6.755e-05,2025-04-07 00:00:00.000
1744012800000,2.126e-05,2025-04-07 08:00:00.000
1744041600000,-2.204e-05,2025-04-07 16:00:00.000
1744070400000,4.454e-05,2025-04-08 00:00:00.000
1744099200000,8.898e-05,2025-04-08 08:00:00.000
1744128000000,-2.64e-05,2025-04-08 16:00:00.000
1744156800000,6.031e-05,2025-04-09 00:00:00.000
1744185600001,6.515e-05,2025-04-09 08:00:00.001
1744214400000,0.0001,2025-04-09 16:00:00.000
1744243200000,0.0001,2025-04-10 00:00:00.000
1744272000000,0.0001,2025-04-10 08:00:00.000
1744300800000,6.636e-05,2025-04-10 16:00:00.000
1744329600001,0.0001,2025-04-11 00:00:00.001
1744358400000,0.0001,2025-04-11 08:00:00.000
1744387200000,8.583e-05,2025-04-11 16:00:00.000
1744416000000,0.0001,2025-04-12 00:00:00.000
1744444800001,0.0001,2025-04-12 08:00:00.001
1744473600000,4.94e-05,2025-04-12 16:00:00.000
1744502400000,-5.206e-05,2025-04-13 00:00:00.000
1744531200000,0.0001,2025-04-13 08:00:00.000
1744560000000,4.741e-05,2025-04-13 16:00:00.000
1744588800000,0.0001,2025-04-14 00:00:00.000
1744617600000,-2.358e-05,2025-04-14 08:00:00.000
1744646400000,-1.523e-05,2025-04-14 16:00:00.000
1744675200000,9.668e-05,2025-04-15 00:00:00.000
1744704000000,-2.712e-05,2025-04-15 08:00:00.000
1744732800001,-2.921e-05,2025-04-15 16:00:00.001
1744761600000,1.785e-05,2025-04-16 00:00:00.000
1744790400000,0.0001,2025-04-16 08:00:00.000
1744819200000,-0.00010386,2025-04-16 16:00:00.000
1744848000001,0.0001,2025-04-17 00:00:00.001
1744876800000,7.717e-05,2025-04-17 08:00:00.000
1744905600001,2.102e-05,2025-04-17 16:00:00.001
1744934400000,0.0001,2025-04-18 00:00:00.000
1744963200000,6.994e-05,2025-04-18 08:00:00.000
1744992000000,0.0001,2025-04-18 16:00:00.000
1745020800000,0.0001,2025-04-19 00:00:00.000
1745049600000,0.0001,2025-04-19 08:00:00.000
1745078400000,0.0001,2025-04-19 16:00:00.000
1745107200000,0.0001,2025-04-20 00:00:00.000
1745136000000,0.0001,2025-04-20 08:00:00.000
1745164800000,0.0001,2025-04-20 16:00:00.000
1745193600000,0.0001,2025-04-21 00:00:00.000
1745222400005,0.0001,2025-04-21 08:00:00.005
1745251200003,0.0001,2025-04-21 16:00:00.003
1745280000008,2.258e-05,2025-04-22 00:00:00.008
1745308800000,-3.29e-05,2025-04-22 08:00:00.000
1745337600000,0.0001,2025-04-22 16:00:00.000
1745366400000,0.0001,2025-04-23 00:00:00.000
1745395200002,0.0001,2025-04-23 08:00:00.002
1745424000000,0.0001,2025-04-23 16:00:00.000
1745452800000,0.0001,2025-04-24 00:00:00.000
1745481600001,0.0001,2025-04-24 08:00:00.001
1745510400001,0.0001,2025-04-24 16:00:00.001
1745539200007,0.0001,2025-04-25 00:00:00.007
1745568000002,0.0001,2025-04-25 08:00:00.002
1745596800003,0.0001,2025-04-25 16:00:00.003
1745625600002,0.0001,2025-04-26 00:00:00.002
1745654400000,0.0001,2025-04-26 08:00:00.000
1745683200002,0.0001,2025-04-26 16:00:00.002
1745712000001,0.0001,2025-04-27 00:00:00.001
1745740800000,7.413e-05,2025-04-27 08:00:00.000
1745769600000,-6.738e-05,2025-04-27 16:00:00.000
1745798400001,5.866e-05,2025-04-28 00:00:00.001
1745827200003,-4.69e-06,2025-04-28 08:00:00.003
1745856000005,0.0001,2025-04-28 16:00:00.005
1745884800000,0.0001,2025-04-29 00:00:00.000
1745913600000,0.0001,2025-04-29 08:00:00.000
1745942400010,1.7e-06,2025-04-29 16:00:00.010
1745971200001,-7.199e-05,2025-04-30 00:00:00.001
1746000000000,9.582e-05,2025-04-30 08:00:00.000
1746028800003,-2.831e-05,2025-04-30 16:00:00.003
1746057600000,-3.71e-06,2025-05-01 00:00:00.000
1746086400000,0.0001,2025-05-01 08:00:00.000
1746115200001,0.0001,2025-05-01 16:00:00.001
1746144000000,0.0001,2025-05-02 00:00:00.000
1746172800000,3.523e-05,2025-05-02 08:00:00.000
1746201600003,2.519e-05,2025-05-02 16:00:00.003
1746230400000,-0.00015992,2025-05-03 00:00:00.000
1746259200000,5.206e-05,2025-05-03 08:00:00.000
1746288000000,-0.00011069,2025-05-03 16:00:00.000
1746316800001,-9.093e-05,2025-05-04 00:00:00.001
1746345600001,2.3e-06,2025-05-04 08:00:00.001
1746374400002,8.761e-05,2025-05-04 16:00:00.002
1746403200000,0.0001,2025-05-05 00:00:00.000
1746432000000,-0.00018846,2025-05-05 08:00:00.000
1746460800006,9.187e-05,2025-05-05 16:00:00.006
1746489600002,-0.0001152,2025-05-06 00:00:00.002
1746518400005,-3.525e-05,2025-05-06 08:00:00.005
1746547200000,2.854e-05,2025-05-06 16:00:00.000
1746576000002,0.0001,2025-05-07 00:00:00.002
1746604800000,8.697e-05,2025-05-07 08:00:00.000
1746633600006,6.796e-05,2025-05-07 16:00:00.006
1746662400000,7.81e-05,2025-05-08 00:00:00.000
1746691200001,7.361e-05,2025-05-08 08:00:00.001
1746720000002,0.0001,2025-05-08 16:00:00.002
1746748800001,0.0001,2025-05-09 00:00:00.001
1746777600006,0.0001,2025-05-09 08:00:00.006
1746806400000,0.0001,2025-05-09 16:00:00.000
1746835200001,0.0001,2025-05-10 00:00:00.001
1746864000000,0.0001,2025-05-10 08:00:00.000
1746892800001,0.0001,2025-05-10 16:00:00.001
1746921600000,0.0001,2025-05-11 00:00:00.000
1746950400001,0.0001,2025-05-11 08:00:00.001
1746979200001,0.0001,2025-05-11 16:00:00.001
1747008000004,0.0001,2025-05-12 00:00:00.004
1747036800000,0.0001,2025-05-12 08:00:00.000
1747065600000,0.0001,2025-05-12 16:00:00.000
1747094400000,0.0001,2025-05-13 00:00:00.000
1747123200008,0.0001,2025-05-13 08:00:00.008
1747152000001,0.0001,2025-05-13 16:00:00.001
1747180800007,0.0001,2025-05-14 00:00:00.007
1747209600000,0.0001,2025-05-14 08:00:00.000
1747238400002,9.863e-05,2025-05-14 16:00:00.002
1747267200000,7.415e-05,2025-05-15 00:00:00.000
1747296000003,8.572e-05,2025-05-15 08:00:00.003
1747324800000,1.819e-05,2025-05-15 16:00:00.000
1747353600001,9.445e-05,2025-05-16 00:00:00.001
1747382400000,-7.34e-05,2025-05-16 08:00:00.000
1747411200000,2.085e-05,2025-05-16 16:00:00.000
1747440000000,8.793e-05,2025-05-17 00:00:00.000
1747468800001,-5.186e-05,2025-05-17 08:00:00.001
1747497600004,-1.529e-05,2025-05-17 16:00:00.004
1747526400000,4.287e-05,2025-05-18 00:00:00.000
1747555200000,-1.94e-05,2025-05-18 08:00:00.000
1747584000000,8.249e-05,2025-05-18 16:00:00.000
1747612800000,1.166e-05,2025-05-19 00:00:00.000
1747641600006,-1.68e-06,2025-05-19 08:00:00.006
1747670400010,-4.84e-06,2025-05-19 16:00:00.010
1747699200000,0.0001,2025-05-20 00:00:00.000
1747728000002,0.0001,2025-05-20 08:00:00.002
1747756800000,-7.544e-05,2025-05-20 16:00:00.000
1747785600000,0.0001,2025-05-21 00:00:00.000
1747814400001,0.0001,2025-05-21 08:00:00.001
1747843200004,8.201e-05,2025-05-21 16:00:00.004
1747872000001,0.0001,2025-05-22 00:00:00.001
1747900800000,0.0001,2025-05-22 08:00:00.000
1747929600002,0.0001,2025-05-22 16:00:00.002
1747958400006,0.0001,2025-05-23 00:00:00.006
1747987200000,0.0001,2025-05-23 08:00:00.000
1748016000007,0.0001,2025-05-23 16:00:00.007
1748044800010,0.0001,2025-05-24 00:00:00.010
1748073600000,5.253e-05,2025-05-24 08:00:00.000
1748102400003,7.042e-05,2025-05-24 16:00:00.003
1748131200004,2.569e-05,2025-05-25 00:00:00.004
1748160000000,-0.00010956,2025-05-25 08:00:00.000
1748188800000,-3.966e-05,2025-05-25 16:00:00.000
1748217600000,4.267e-05,2025-05-26 00:00:00.000
1748246400000,0.0001,2025-05-26 08:00:00.000
1748275200002,0.0001,2025-05-26 16:00:00.002
1748304000003,8.543e-05,2025-05-27 00:00:00.003
1748332800001,0.0001,2025-05-27 08:00:00.001
1748361600005,0.0001,2025-05-27 16:00:00.005
1748390400002,0.0001,2025-05-28 00:00:00.002
1748419200003,0.0001,2025-05-28 08:00:00.003
1748448000002,7.807e-05,2025-05-28 16:00:00.002
1748476800000,0.0001,2025-05-29 00:00:00.000
1748505600006,0.0001,2025-05-29 08:00:00.006
1748534400000,4.196e-05,2025-05-29 16:00:00.000
1748563200003,-0.00017264,2025-05-30 00:00:00.003
1748592000003,-0.0001168,2025-05-30 08:00:00.003
1748620800000,4.719e-05,2025-05-30 16:00:00.000
1748649600000,1.541e-05,2025-05-31 00:00:00.000
1748678400000,0.0001,2025-05-31 08:00:00.000
1748707200000,-6.041e-05,2025-05-31 16:00:00.000
1748736000001,0.0001,2025-06-01 00:00:00.001
1748764800002,0.0001,2025-06-01 08:00:00.002
1748793600000,6.07e-06,2025-06-01 16:00:00.000
1748822400001,-2.018e-05,2025-06-02 00:00:00.001
1748851200000,9.022e-05,2025-06-02 08:00:00.000
1748880000000,-5.758e-05,2025-06-02 16:00:00.000
1748908800000,0.0001,2025-06-03 00:00:00.000
1748937600000,0.0001,2025-06-03 08:00:00.000
1748966400001,0.0001,2025-06-03 16:00:00.001
1748995200000,0.0001,2025-06-04 00:00:00.000
1749024000000,0.0001,2025-06-04 08:00:00.000
1749052800000,0.0001,2025-06-04 16:00:00.000
1749081600016,9.544e-05,2025-06-05 00:00:00.016
1749110400000,8.506e-05,2025-06-05 08:00:00.000
1749139200000,5.028e-05,2025-06-05 16:00:00.000
1749168000002,-0.00014187,2025-06-06 00:00:00.002
1749196800000,-5.687e-05,2025-06-06 08:00:00.000
1749225600006,0.0001,2025-06-06 16:00:00.006
1749254400000,0.0001,2025-06-07 00:00:00.000
1749283200000,4.291e-05,2025-06-07 08:00:00.000
1749312000002,0.0001,2025-06-07 16:00:00.002
1749340800000,0.0001,2025-06-08 00:00:00.000
1749369600000,0.0001,2025-06-08 08:00:00.000
1749398400000,-3.52e-06,2025-06-08 16:00:00.000
1749427200000,0.0001,2025-06-09 00:00:00.000
1749456000001,0.0001,2025-06-09 08:00:00.001
1749484800001,0.0001,2025-06-09 16:00:00.001
1749513600000,0.0001,2025-06-10 00:00:00.000
1749542400001,0.0001,2025-06-10 08:00:00.001
1749571200003,0.0001,2025-06-10 16:00:00.003
1749600000000,0.0001,2025-06-11 00:00:00.000
1749628800000,0.0001,2025-06-11 08:00:00.000
1749657600010,0.0001,2025-06-11 16:00:00.010
1749686400002,0.0001,2025-06-12 00:00:00.002
1749715200003,-2.427e-05,2025-06-12 08:00:00.003
1749744000001,-3.972e-05,2025-06-12 16:00:00.001
1749772800000,-7.976e-05,2025-06-13 00:00:00.000
1749801600001,5.2e-07,2025-06-13 08:00:00.001
1749830400004,-5.324e-05,2025-06-13 16:00:00.004
1749859200000,9.348e-05,2025-06-14 00:00:00.000
1749888000000,8.364e-05,2025-06-14 08:00:00.000
1749916800000,-0.00012354,2025-06-14 16:00:00.000
1749945600005,6.282e-05,2025-06-15 00:00:00.005
1749974400009,7.573e-05,2025-06-15 08:00:00.009
1750003200000,4.84e-05,2025-06-15 16:00:00.000
1750032000000,8.014e-05,2025-06-16 00:00:00.000
1750060800000,0.0001,2025-06-16 08:00:00.000
1750089600003,0.0001,2025-06-16 16:00:00.003
1750118400000,0.0001,2025-06-17 00:00:00.000
1750147200006,0.0001,2025-06-17 08:00:00.006
1750176000001,2.195e-05,2025-06-17 16:00:00.001
1750204800001,0.0001,2025-06-18 00:00:00.001
1750233600001,0.0001,2025-06-18 08:00:00.001
1750262400001,2.83e-05,2025-06-18 16:00:00.001
1750291200005,5.08e-05,2025-06-19 00:00:00.005
1750320000003,0.0001,2025-06-19 08:00:00.003
1750348800000,0.0001,2025-06-19 16:00:00.000
1750377600000,0.0001,2025-06-20 00:00:00.000
1750406400002,-6.68e-05,2025-06-20 08:00:00.002
1750435200001,-9.26e-05,2025-06-20 16:00:00.001
1750464000002,4.827e-05,2025-06-21 00:00:00.002
1750492800005,-0.00012963,2025-06-21 08:00:00.005
1750521600000,3.611e-05,2025-06-21 16:00:00.000
1750550400005,2.022e-05,2025-06-22 00:00:00.005
1750579200000,0.0001,2025-06-22 08:00:00.000
1750608000003,7.459e-05,2025-06-22 16:00:00.003
1750636800000,-2.725e-05,2025-06-23 00:00:00.000
1750665600004,-9.83e-05,2025-06-23 08:00:00.004
1750694400013,-5.779e-05,2025-06-23 16:00:00.013
1750723200003,0.0001,2025-06-24 00:00:00.003
1750752000000,0.0001,2025-06-24 08:00:00.000
1750780800000,0.0001,2025-06-24 16:00:00.000
1750809600005,9.107e-05,2025-06-25 00:00:00.005
1750838400000,0.0001,2025-06-25 08:00:00.000
1750867200005,0.0001,2025-06-25 16:00:00.005
1750896000000,5.126e-05,2025-06-26 00:00:00.000
1750924800006,5.31e-06,2025-06-26 08:00:00.006
1750953600007,-8.581e-05,2025-06-26 16:00:00.007
1750982400000,7.041e-05,2025-06-27 00:00:00.000
1751011200000,9e-08,2025-06-27 08:00:00.000
1751040000009,-1.534e-05,2025-06-27 16:00:00.009
1751068800001,0.0001,2025-06-28 00:00:00.001
1751097600002,0.0001,2025-06-28 08:00:00.002
1751126400000,3.295e-05,2025-06-28 16:00:00.000
1751155200004,7.885e-05,2025-06-29 00:00:00.004
1751184000001,0.0001,2025-06-29 08:00:00.001
1751212800001,-7.486e-05,2025-06-29 16:00:00.001
1751241600000,0.0001,2025-06-30 00:00:00.000
1751270400005,0.0001,2025-06-30 08:00:00.005
1751299200002,0.0001,2025-06-30 16:00:00.002
1751328000007,0.0001,2025-07-01 00:00:00.007
1751356800002,3.537e-05,2025-07-01 08:00:00.002
1751385600000,-4.91e-05,2025-07-01 16:00:00.000
1751414400001,9.96e-06,2025-07-02 00:00:00.001
1751443200000,4.102e-05,2025-07-02 08:00:00.000
1751472000003,0.0001,2025-07-02 16:00:00.003
1751500800006,0.0001,2025-07-03 00:00:00.006
1751529600003,0.0001,2025-07-03 08:00:00.003
1751558400003,0.0001,2025-07-03 16:00:00.003
1751587200005,0.0001,2025-07-04 00:00:00.005
1751616000003,0.0001,2025-07-04 08:00:00.003
1751644800001,5.974e-05,2025-07-04 16:00:00.001
1751673600004,-0.00015227,2025-07-05 00:00:00.004
1751702400009,-0.00019062,2025-07-05 08:00:00.009
1751731200006,8.981e-05,2025-07-05 16:00:00.006
1751760000001,-0.00016111,2025-07-06 00:00:00.001
1751788800002,5.679e-05,2025-07-06 08:00:00.002
1751817600004,0.0001,2025-07-06 16:00:00.004
1751846400000,0.0001,2025-07-07 00:00:00.000
1751875200007,0.0001,2025-07-07 08:00:00.007
1751904000000,0.0001,2025-07-07 16:00:00.000
1751932800010,7.313e-05,2025-07-08 00:00:00.010
1751961600003,0.0001,2025-07-08 08:00:00.003
1751990400000,6.77e-05,2025-07-08 16:00:00.000
1752019200002,0.0001,2025-07-09 00:00:00.002
1752048000006,0.0001,2025-07-09 08:00:00.006
1752076800001,0.0001,2025-07-09 16:00:00.001
1752105600003,0.0001,2025-07-10 00:00:00.003
1752134400000,0.0001,2025-07-10 08:00:00.000
1752163200004,0.0001,2025-07-10 16:00:00.004
1752192000004,0.0001,2025-07-11 00:00:00.004
1752220800007,0.0001,2025-07-11 08:00:00.007
1752249600001,0.0001,2025-07-11 16:00:00.001
1752278400000,0.0001,2025-07-12 00:00:00.000
1752307200001,0.0001,2025-07-12 08:00:00.001
1752336000002,0.0001,2025-07-12 16:00:00.002
1752364800006,0.0001,2025-07-13 00:00:00.006
1752393600001,0.0001,2025-07-13 08:00:00.001
1752422400003,0.0001,2025-07-13 16:00:00.003
1752451200000,0.0001,2025-07-14 00:00:00.000
1752480000000,0.0001,2025-07-14 08:00:00.000
1752508800000,0.0001,2025-07-14 16:00:00.000
1752537600002,0.0001,2025-07-15 00:00:00.002
1752566400000,0.0001,2025-07-15 08:00:00.000
1752595200000,0.0001,2025-07-15 16:00:00.000
1752624000000,0.0001,2025-07-16 00:00:00.000
1752652800000,0.0001,2025-07-16 08:00:00.000
1752681600008,0.0001,2025-07-16 16:00:00.008
1752710400003,0.0001,2025-07-17 00:00:00.003
1752739200000,0.0001,2025-07-17 08:00:00.000
1752768000000,0.0001,2025-07-17 16:00:00.000
1752796800004,0.0001,2025-07-18 00:00:00.004
1752825600000,0.0001,2025-07-18 08:00:00.000
1752854400000,0.0001,2025-07-18 16:00:00.000
1752883200009,0.0001,2025-07-19 00:00:00.009
1752912000000,0.0001,2025-07-19 08:00:00.000
1752940800002,0.0001,2025-07-19 16:00:00.002
1752969600000,0.0001,2025-07-20 00:00:00.000
1752998400000,0.0001,2025-07-20 08:00:00.000
1753027200000,0.0001,2025-07-20 16:00:00.000
1753056000001,0.0001,2025-07-21 00:00:00.001
1753084800000,0.0001,2025-07-21 08:00:00.000
1753113600001,0.0001,2025-07-21 16:00:00.001
1753142400000,0.0001,2025-07-22 00:00:00.000
1753171200010,0.0001,2025-07-22 08:00:00.010
1753200000007,0.0001,2025-07-22 16:00:00.007
1753228800000,0.0001,2025-07-23 00:00:00.000
1753257600004,0.0001,2025-07-23 08:00:00.004
1753286400002,0.0001,2025-07-23 16:00:00.002
1753315200000,0.0001,2025-07-24 00:00:00.000
1753344000001,0.0001,2025-07-24 08:00:00.001
1753372800000,0.0001,2025-07-24 16:00:00.000
1753401600000,0.0001,2025-07-25 00:00:00.000
1753430400000,0.0001,2025-07-25 08:00:00.000
1753459200000,0.0001,2025-07-25 16:00:00.000
1753488000001,0.0001,2025-07-26 00:00:00.001
1753516800005,0.0001,2025-07-26 08:00:00.005
1753545600001,0.0001,2025-07-26 16:00:00.001
1753574400001,0.0001,2025-07-27 00:00:00.001
1753603200000,0.0001,2025-07-27 08:00:00.000
1753632000008,0.0001,2025-07-27 16:00:00.008
1753660800005,0.0001,2025-07-28 00:00:00.005
1753689600000,0.0001,2025-07-28 08:00:00.000
1753718400000,0.0001,2025-07-28 16:00:00.000
1753747200001,0.0001,2025-07-29 00:00:00.001
1753776000000,0.0001,2025-07-29 08:00:00.000
1753804800000,0.0001,2025-07-29 16:00:00.000
1753833600011,0.0001,2025-07-30 00:00:00.011
1753862400000,1.874e-05,2025-07-30 08:00:00.000
1753891200008,-4.3e-07,2025-07-30 16:00:00.008
1753920000000,9.823e-05,2025-07-31 00:00:00.000
1753948800009,0.0001,2025-07-31 08:00:00.009
1753977600000,3.684e-05,2025-07-31 16:00:00.000
1754006400001,4.928e-05,2025-08-01 00:00:00.001
1754035200003,5.368e-05,2025-08-01 08:00:00.003
1754064000000,5.276e-05,2025-08-01 16:00:00.000
1754092800004,3.026e-05,2025-08-02 00:00:00.004
1754121600000,5.967e-05,2025-08-02 08:00:00.000
1754150400000,1.784e-05,2025-08-02 16:00:00.000
1754179200000,4.277e-05,2025-08-03 00:00:00.000
1754208000000,8.437e-05,2025-08-03 08:00:00.000
1754236800003,8e-06,2025-08-03 16:00:00.003
1754265600004,-5.814e-05,2025-08-04 00:00:00.004
1754294400000,-6.892e-05,2025-08-04 08:00:00.000
1754323200002,0.0001,2025-08-04 16:00:00.002
1754352000000,0.0001,2025-08-05 00:00:00.000
1754380800000,0.0001,2025-08-05 08:00:00.000
1754409600000,0.0001,2025-08-05 16:00:00.000
1754438400005,0.0001,2025-08-06 00:00:00.005
1754467200000,0.0001,2025-08-06 08:00:00.000
1754496000000,7.712e-05,2025-08-06 16:00:00.000
1754524800003,0.0001,2025-08-07 00:00:00.003
1754553600002,0.0001,2025-08-07 08:00:00.002
1754582400002,0.0001,2025-08-07 16:00:00.002
1754611200002,0.0001,2025-08-08 00:00:00.002
1754640000004,0.0001,2025-08-08 08:00:00.004
1754668800000,0.0001,2025-08-08 16:00:00.000
1754697600005,0.0001,2025-08-09 00:00:00.005
1754726400000,0.0001,2025-08-09 08:00:00.000
1754755200007,0.0001,2025-08-09 16:00:00.007
1754784000003,0.0001,2025-08-10 00:00:00.003
1754812800005,0.0001,2025-08-10 08:00:00.005
1754841600002,0.0001,2025-08-10 16:00:00.002
1754870400000,0.0001,2025-08-11 00:00:00.000
1754899200000,0.0001,2025-08-11 08:00:00.000
1754928000000,0.0001,2025-08-11 16:00:00.000
1754956800000,-4.92e-06,2025-08-12 00:00:00.000
1754985600001,0.0001,2025-08-12 08:00:00.001
1755014400005,0.0001,2025-08-12 16:00:00.005
1755043200000,0.0001,2025-08-13 00:00:00.000
1755072000002,0.0001,2025-08-13 08:00:00.002
1755100800006,0.0001,2025-08-13 16:00:00.006
1755129600002,0.0001,2025-08-14 00:00:00.002
1755158400003,0.0001,2025-08-14 08:00:00.003
1755187200000,0.0001,2025-08-14 16:00:00.000
1755216000000,6.589e-05,2025-08-15 00:00:00.000
1755244800000,-5.545e-05,2025-08-15 08:00:00.000
1755273600000,0.0001,2025-08-15 16:00:00.000
1755302400004,9.887e-05,2025-08-16 00:00:00.004
1755331200000,9.901e-05,2025-08-16 08:00:00.000
1755360000002,0.0001,2025-08-16 16:00:00.002
1755388800000,0.0001,2025-08-17 00:00:00.000
1755417600001,0.0001,2025-08-17 08:00:00.001
1755446400007,0.0001,2025-08-17 16:00:00.007
1755475200000,0.0001,2025-08-18 00:00:00.000
1755504000001,3.525e-05,2025-08-18 08:00:00.001
1755532800002,1.121e-05,2025-08-18 16:00:00.002
1755561600000,0.0001,2025-08-19 00:00:00.000
1755590400001,-6.571e-05,2025-08-19 08:00:00.001
1755619200000,9.783e-05,2025-08-19 16:00:00.000
1755648000000,0.0001,2025-08-20 00:00:00.000
1755676800000,4.923e-05,2025-08-20 08:00:00.000
1755705600000,4.825e-05,2025-08-20 16:00:00.000
1755734400006,0.0001,2025-08-21 00:00:00.006
1755763200000,0.0001,2025-08-21 08:00:00.000
1755792000003,0.0001,2025-08-21 16:00:00.003
1755820800010,0.0001,2025-08-22 00:00:00.010
1755849600007,0.0001,2025-08-22 08:00:00.007
1755878400001,9.847e-05,2025-08-22 16:00:00.001
1755907200004,0.0001,2025-08-23 00:00:00.004
1755936000006,0.0001,2025-08-23 08:00:00.006
1755964800000,0.0001,2025-08-23 16:00:00.000
1755993600001,0.0001,2025-08-24 00:00:00.001
1756022400002,0.0001,2025-08-24 08:00:00.002
1756051200001,0.0001,2025-08-24 16:00:00.001
1756080000000,0.0001,2025-08-25 00:00:00.000
1756108800002,0.0001,2025-08-25 08:00:00.002
1756137600002,0.0001,2025-08-25 16:00:00.002
1756166400000,-9.357e-05,2025-08-26 00:00:00.000
1756195200000,-4.748e-05,2025-08-26 08:00:00.000
1756224000000,0.0001,2025-08-26 16:00:00.000
1756252800003,0.0001,2025-08-27 00:00:00.003
1756281600000,0.0001,2025-08-27 08:00:00.000
1756310400009,0.0001,2025-08-27 16:00:00.009
1756339200000,0.0001,2025-08-28 00:00:00.000
1756368000005,0.0001,2025-08-28 08:00:00.005
1756396800004,0.0001,2025-08-28 16:00:00.004
1756425600000,0.0001,2025-08-29 00:00:00.000
1756454400000,0.0001,2025-08-29 08:00:00.000
1756483200005,1.78e-06,2025-08-29 16:00:00.005
1756512000000,6.519e-05,2025-08-30 00:00:00.000
1756540800002,0.0001,2025-08-30 08:00:00.002
1756569600003,0.0001,2025-08-30 16:00:00.003
1756598400016,0.0001,2025-08-31 00:00:00.016
1756627200000,0.0001,2025-08-31 08:00:00.000
1756656000001,0.0001,2025-08-31 16:00:00.001
1756684800000,0.0001,2025-09-01 00:00:00.000
1756713600000,-2.45e-06,2025-09-01 08:00:00.000
1756742400001,0.0001,2025-09-01 16:00:00.001
1756771200000,-4.36e-06,2025-09-02 00:00:00.000
1756800000005,0.0001,2025-09-02 08:00:00.005
1756828800007,0.0001,2025-09-02 16:00:00.007
1756857600006,0.0001,2025-09-03 00:00:00.006
1756886400002,0.0001,2025-09-03 08:00:00.002
1756915200002,0.0001,2025-09-03 16:00:00.002
1756944000002,0.0001,2025-09-04 00:00:00.002
1756972800000,-5.26e-06,2025-09-04 08:00:00.000
1757001600000,7.45e-06,2025-09-04 16:00:00.000
1757030400001,4.886e-05,2025-09-05 00:00:00.001
1757059200006,0.0001,2025-09-05 08:00:00.006
1757088000000,0.0001,2025-09-05 16:00:00.000
1757116800000,0.0001,2025-09-06 00:00:00.000
1757145600005,0.0001,2025-09-06 08:00:00.005
1757174400000,0.0001,2025-09-06 16:00:00.000
1757203200000,0.0001,2025-09-07 00:00:00.000
1757232000000,0.0001,2025-09-07 08:00:00.000
1757260800000,0.0001,2025-09-07 16:00:00.000
1757289600007,0.0001,2025-09-08 00:00:00.007
1757318400000,0.0001,2025-09-08 08:00:00.000
1757347200000,0.0001,2025-09-08 16:00:00.000
1757376000000,0.0001,2025-09-09 00:00:00.000
1757404800000,0.0001,2025-09-09 08:00:00.000
1757433600000,0.0001,2025-09-09 16:00:00.000
1757462400000,0.0001,2025-09-10 00:00:00.000
1757491200002,0.0001,2025-09-10 08:00:00.002
1757520000000,0.0001,2025-09-10 16:00:00.000
1757548800000,0.0001,2025-09-11 00:00:00.000
1757577600000,0.0001,2025-09-11 08:00:00.000
1757606400001,0.0001,2025-09-11 16:00:00.001
1757635200002,0.0001,2025-09-12 00:00:00.002
1757664000001,0.0001,2025-09-12 08:00:00.001
1757692800005,0.0001,2025-09-12 16:00:00.005
1757721600005,0.0001,2025-09-13 00:00:00.005
1757750400002,0.0001,2025-09-13 08:00:00.002
1757779200000,0.0001,2025-09-13 16:00:00.000
1757808000006,0.0001,2025-09-14 00:00:00.006
1757836800000,0.0001,2025-09-14 08:00:00.000
1757865600001,0.0001,2025-09-14 16:00:00.001
1757894400006,0.0001,2025-09-15 00:00:00.006
1757923200002,0.0001,2025-09-15 08:00:00.002
1757952000001,-8.04e-06,2025-09-15 16:00:00.001
1757980800001,-7.3e-05,2025-09-16 00:00:00.001
1758009600000,-5.847e-05,2025-09-16 08:00:00.000
1758038400000,0.0001,2025-09-16 16:00:00.000
1758067200001,0.0001,2025-09-17 00:00:00.001
1758096000000,0.0001,2025-09-17 08:00:00.000
1758124800003,1.704e-05,2025-09-17 16:00:00.003
1758153600006,0.0001,2025-09-18 00:00:00.006
1758182400002,0.0001,2025-09-18 08:00:00.002
1758211200000,0.0001,2025-09-18 16:00:00.000
1758240000000,0.0001,2025-09-19 00:00:00.000
1758268800005,0.0001,2025-09-19 08:00:00.005
1758297600000,0.0001,2025-09-19 16:00:00.000
1758326400000,8.288e-05,2025-09-20 00:00:00.000
1758355200000,3.366e-05,2025-09-20 08:00:00.000
1758384000002,2.257e-05,2025-09-20 16:00:00.002
1758412800000,0.0001,2025-09-21 00:00:00.000
1758441600000,0.0001,2025-09-21 08:00:00.000
1758470400000,0.0001,2025-09-21 16:00:00.000
1758499200005,8.903e-05,2025-09-22 00:00:00.005
1758528000003,-0.0001504,2025-09-22 08:00:00.003
1758556800000,-0.00032561,2025-09-22 16:00:00.000
1758585600000,0.0001,2025-09-23 00:00:00.000
1758614400001,-5.386e-05,2025-09-23 08:00:00.001
1758643200000,4.641e-05,2025-09-23 16:00:00.000
1758672000003,0.0001,2025-09-24 00:00:00.003
1758700800001,0.0001,2025-09-24 08:00:00.001
1758729600002,0.0001,2025-09-24 16:00:00.002
1758758400000,5.004e-05,2025-09-25 00:00:00.000
1758787200001,1.173e-05,2025-09-25 08:00:00.001
1758816000000,0.0001,2025-09-25 16:00:00.000
1758844800000,7.174e-05,2025-09-26 00:00:00.000
1758873600000,9.546e-05,2025-09-26 08:00:00.000
1758902400008,7.881e-05,2025-09-26 16:00:00.008
1758931200000,-1.267e-05,2025-09-27 00:00:00.000
1758960000010,0.0001,2025-09-27 08:00:00.010
1758988800003,0.0001,2025-09-27 16:00:00.003
1759017600000,6.365e-05,2025-09-28 00:00:00.000
1759046400000,0.0001,2025-09-28 08:00:00.000
1759075200000,6.6e-05,2025-09-28 16:00:00.000
1759104000000,0.0001,2025-09-29 00:00:00.000
1759132800002,0.0001,2025-09-29 08:00:00.002
1759161600001,-1.227e-05,2025-09-29 16:00:00.001
1759190400002,0.0001,2025-09-30 00:00:00.002
1759219200005,6.359e-05,2025-09-30 08:00:00.005
1759248000000,-1.298e-05,2025-09-30 16:00:00.000
1759276800000,0.0001,2025-10-01 00:00:00.000
1759305600000,0.0001,2025-10-01 08:00:00.000
1759334400000,0.0001,2025-10-01 16:00:00.000
1759363200000,0.0001,2025-10-02 00:00:00.000
1759392000013,0.0001,2025-10-02 08:00:00.013
1759420800000,0.0001,2025-10-02 16:00:00.000
1759449600006,0.0001,2025-10-03 00:00:00.006
1759478400006,0.0001,2025-10-03 08:00:00.006
1759507200000,0.0001,2025-10-03 16:00:00.000
1759536000001,0.0001,2025-10-04 00:00:00.001
1759564800000,0.0001,2025-10-04 08:00:00.000
1759593600000,7.824e-05,2025-10-04 16:00:00.000
1759622400000,0.0001,2025-10-05 00:00:00.000
1759651200003,0.0001,2025-10-05 08:00:00.003
1759680000009,0.0001,2025-10-05 16:00:00.009
1759708800004,1.395e-05,2025-10-06 00:00:00.004
1759737600002,0.0001,2025-10-06 08:00:00.002
1759766400004,0.0001,2025-10-06 16:00:00.004
1759795200000,0.0001,2025-10-07 00:00:00.000
1759824000003,0.0001,2025-10-07 08:00:00.003
1759852800000,0.0001,2025-10-07 16:00:00.000
1759881600000,-7.52e-06,2025-10-08 00:00:00.000
1759910400006,0.0001,2025-10-08 08:00:00.006
1759939200002,4.966e-05,2025-10-08 16:00:00.002
1759968000001,0.0001,2025-10-09 00:00:00.001
1759996800000,5.199e-05,2025-10-09 08:00:00.000
1760025600000,3.178e-05,2025-10-09 16:00:00.000
1760054400005,0.0001,2025-10-10 00:00:00.005
1760083200002,0.0001,2025-10-10 08:00:00.002
1760112000014,0.0001,2025-10-10 16:00:00.014
1760140800000,-0.00077925,2025-10-11 00:00:00.000
1760169600003,-5.954e-05,2025-10-11 08:00:00.003
1760198400000,-0.00014686,2025-10-11 16:00:00.000
1760227200004,-0.00043214,2025-10-12 00:00:00.004
1760256000002,-0.00020828,2025-10-12 08:00:00.002
1760284800000,-0.00037677,2025-10-12 16:00:00.000
1760313600003,0.0001,2025-10-13 00:00:00.003
1760342400002,-4.163e-05,2025-10-13 08:00:00.002
1760371200003,6.814e-05,2025-10-13 16:00:00.003
1760400000000,0.0001,2025-10-14 00:00:00.000
1760428800000,3.674e-05,2025-10-14 08:00:00.000
1760457600000,-0.00020712,2025-10-14 16:00:00.000
1760486400006,-9.93e-06,2025-10-15 00:00:00.006
1760515200002,-1.25e-05,2025-10-15 08:00:00.002
1760544000000,-7.131e-05,2025-10-15 16:00:00.000
1760572800000,-9.747e-05,2025-10-16 00:00:00.000
1760601600003,-0.00011087,2025-10-16 08:00:00.003
1760630400002,-0.00010766,2025-10-16 16:00:00.002
1760659200001,-0.00019569,2025-10-17 00:00:00.001
1760688000005,-8.48e-06,2025-10-17 08:00:00.005
1760716800003,-0.00010307,2025-10-17 16:00:00.003
1760745600000,-6.01e-05,2025-10-18 00:00:00.000
1760774400002,-7.07e-06,2025-10-18 08:00:00.002
1760803200001,5.3e-06,2025-10-18 16:00:00.001
1760832000001,6.537e-05,2025-10-19 00:00:00.001
1760860800001,0.0001,2025-10-19 08:00:00.001
1760889600001,7.367e-05,2025-10-19 16:00:00.001
1760918400004,-3.05e-06,2025-10-20 00:00:00.004
1760947200001,1.769e-05,2025-10-20 08:00:00.001
1760976000000,5.192e-05,2025-10-20 16:00:00.000
1761004800009,8.039e-05,2025-10-21 00:00:00.009
1761033600000,-5.987e-05,2025-10-21 08:00:00.000
1761062400000,6.103e-05,2025-10-21 16:00:00.000
1761091200004,7.954e-05,2025-10-22 00:00:00.004
1761120000000,-0.00025202,2025-10-22 08:00:00.000
1761148800000,-0.0001589,2025-10-22 16:00:00.000
1761177600000,-0.00022259,2025-10-23 00:00:00.000
1761206400001,-0.00010719,2025-10-23 08:00:00.001
1761235200004,2.613e-05,2025-10-23 16:00:00.004
1761264000000,0.0001,2025-10-24 00:00:00.000
1761292800000,0.0001,2025-10-24 08:00:00.000
1761321600009,0.0001,2025-10-24 16:00:00.009
1761350400000,0.0001,2025-10-25 00:00:00.000
1761379200001,0.0001,2025-10-25 08:00:00.001
1761408000001,-1.643e-05,2025-10-25 16:00:00.001
1761436800001,0.0001,2025-10-26 00:00:00.001
1761465600001,0.0001,2025-10-26 08:00:00.001
1761494400000,7.317e-05,2025-10-26 16:00:00.000
1761523200000,7.985e-05,2025-10-27 00:00:00.000
1761552000005,0.0001,2025-10-27 08:00:00.005
1761580800000,4.904e-05,2025-10-27 16:00:00.000
1761609600000,8.746e-05,2025-10-28 00:00:00.000
1761638400000,9.35e-06,2025-10-28 08:00:00.000
1761667200004,2.338e-05,2025-10-28 16:00:00.004
1761696000004,-5.442e-05,2025-10-29 00:00:00.004
1761724800005,-7.784e-05,2025-10-29 08:00:00.005
1761753600000,-2.413e-05,2025-10-29 16:00:00.000
1761782400004,0.0001,2025-10-30 00:00:00.004
1761811200008,-0.00017325,2025-10-30 08:00:00.008
1761840000001,-0.00049353,2025-10-30 16:00:00.001
1761868800000,-0.00053018,2025-10-31 00:00:00.000
1761897600008,-0.0001409,2025-10-31 08:00:00.008
1761926400007,-4.625e-05,2025-10-31 16:00:00.007
1761955200001,-2.986e-05,2025-11-01 00:00:00.001
1761984000000,7.405e-05,2025-11-01 08:00:00.000
1762012800000,6.615e-05,2025-11-01 16:00:00.000
1762041600007,0.0001,2025-11-02 00:00:00.007
1762070400000,0.0001,2025-11-02 08:00:00.000
1762099200001,3.16e-05,2025-11-02 16:00:00.001
1762128000000,7.384e-05,2025-11-03 00:00:00.000
1762156800010,-9.556e-05,2025-11-03 08:00:00.010
1762185600000,-0.00032825,2025-11-03 16:00:00.000
1762214400002,-0.00022339,2025-11-04 00:00:00.002
1762243200004,6.14e-05,2025-11-04 08:00:00.004
1762272000000,2.69e-05,2025-11-04 16:00:00.000
1762300800000,0.0001,2025-11-05 00:00:00.000
1762329600000,3.163e-05,2025-11-05 08:00:00.000
1762358400004,-3.764e-05,2025-11-05 16:00:00.004
1762387200001,1.721e-05,2025-11-06 00:00:00.001
1762416000000,9.451e-05,2025-11-06 08:00:00.000
1762444800001,-5.43e-06,2025-11-06 16:00:00.001
1762473600005,0.0001,2025-11-07 00:00:00.005
1762502400003,3.95e-05,2025-11-07 08:00:00.003
1762531200005,8.723e-05,2025-11-07 16:00:00.005
1762560000011,8.468e-05,2025-11-08 00:00:00.011
1762588800015,0.0001,2025-11-08 08:00:00.015
1762617600001,0.0001,2025-11-08 16:00:00.001
1762646400004,2.92e-05,2025-11-09 00:00:00.004
1762675200000,3.341e-05,2025-11-09 08:00:00.000
1762704000005,2.07e-06,2025-11-09 16:00:00.005
1762732800000,0.0001,2025-11-10 00:00:00.000
1762761600000,-2.322e-05,2025-11-10 08:00:00.000
1762790400003,0.0001,2025-11-10 16:00:00.003
1762819200007,0.0001,2025-11-11 00:00:00.007
1762848000000,3.188e-05,2025-11-11 08:00:00.000
1762876800009,5.426e-05,2025-11-11 16:00:00.009
1762905600000,8.76e-06,2025-11-12 00:00:00.000
1762934400002,0.0001,2025-11-12 08:00:00.002
1762963200000,1.583e-05,2025-11-12 16:00:00.000
1762992000002,-2.924e-05,2025-11-13 00:00:00.002
1763020800000,3.316e-05,2025-11-13 08:00:00.000
1763049600001,0.0001,2025-11-13 16:00:00.001
1763078400000,-8.953e-05,2025-11-14 00:00:00.000
1763107200000,-3.039e-05,2025-11-14 08:00:00.000
1763136000001,-0.00021425,2025-11-14 16:00:00.001
1763164800005,0.0001,2025-11-15 00:00:00.005
1763193600000,0.0001,2025-11-15 08:00:00.000
1763222400001,6.522e-05,2025-11-15 16:00:00.001
1763251200001,3.65e-05,2025-11-16 00:00:00.001
1763280000000,2.03e-06,2025-11-16 08:00:00.000
1763308800000,-1.29e-05,2025-11-16 16:00:00.000
1763337600003,-0.0003593,2025-11-17 00:00:00.003
1763366400003,-2.196e-05,2025-11-17 08:00:00.003
1763395200000,-2.783e-05,2025-11-17 16:00:00.000
1763424000002,-1.395e-05,2025-11-18 00:00:00.002
1763452800004,9.926e-05,2025-11-18 08:00:00.004
1763481600000,0.0001,2025-11-18 16:00:00.000
1763510400000,0.0001,2025-11-19 00:00:00.000
1763539200000,0.0001,2025-11-19 08:00:00.000
1763568000008,1.606e-05,2025-11-19 16:00:00.008
1763596800000,0.0001,2025-11-20 00:00:00.000
1763625600000,7.233e-05,2025-11-20 08:00:00.000
1763654400000,3.846e-05,2025-11-20 16:00:00.000
1763683200001,-3.21e-06,2025-11-21 00:00:00.001
1763712000000,-3.02e-06,2025-11-21 08:00:00.000
1763740800001,-2.598e-05,2025-11-21 16:00:00.001
1763769600004,-2.39e-05,2025-11-22 00:00:00.004
1763798400000,-2.076e-05,2025-11-22 08:00:00.000
1763827200000,8.62e-06,2025-11-22 16:00:00.000
1763856000000,6.55e-06,2025-11-23 00:00:00.000
1763884800008,7.835e-05,2025-11-23 08:00:00.008
1763913600003,8.632e-05,2025-11-23 16:00:00.003
1763942400004,-3.86e-05,2025-11-24 00:00:00.004
1763971200000,0.0001,2025-11-24 08:00:00.000
1764000000006,-2.759e-05,2025-11-24 16:00:00.006
1764028800000,0.0001,2025-11-25 00:00:00.000
1764057600009,2.139e-05,2025-11-25 08:00:00.009
1764086400007,-1.102e-05,2025-11-25 16:00:00.007
1764115200001,0.0001,2025-11-26 00:00:00.001
1764144000001,0.0001,2025-11-26 08:00:00.001
1764172800000,7.721e-05,2025-11-26 16:00:00.000
1764201600013,0.0001,2025-11-27 00:00:00.013
1764230400000,0.0001,2025-11-27 08:00:00.000
1764259200004,0.0001,2025-11-27 16:00:00.004
1764288000008,9.057e-05,2025-11-28 00:00:00.008
1764316800000,0.0001,2025-11-28 08:00:00.000
1764345600008,6.236e-05,2025-11-28 16:00:00.008
1764374400000,-3.534e-05,2025-11-29 00:00:00.000
1764403200005,0.0001,2025-11-29 08:00:00.005
1764432000001,6.932e-05,2025-11-29 16:00:00.001
1764460800003,-1.37e-05,2025-11-30 00:00:00.003
1764489600000,-6.039e-05,2025-11-30 08:00:00.000
1764518400004,-3.992e-05,2025-11-30 16:00:00.004
1764547200000,0.0001,2025-12-01 00:00:00.000
1764576000004,-0.00033941,2025-12-01 08:00:00.004
1764604800000,-6.595e-05,2025-12-01 16:00:00.000
1764633600004,0.0001,2025-12-02 00:00:00.004
1764662400000,0.0001,2025-12-02 08:00:00.000
1764691200000,-7.471e-05,2025-12-02 16:00:00.000
1764720000000,0.0001,2025-12-03 00:00:00.000
1764748800000,9.818e-05,2025-12-03 08:00:00.000
1764777600005,7.696e-05,2025-12-03 16:00:00.005
1764806400012,0.0001,2025-12-04 00:00:00.012
1764835200000,0.0001,2025-12-04 08:00:00.000
1764864000011,0.0001,2025-12-04 16:00:00.011
1764892800000,0.0001,2025-12-05 00:00:00.000
1764921600000,0.0001,2025-12-05 08:00:00.000
1764950400010,-2.314e-05,2025-12-05 16:00:00.010
1764979200001,9.55e-05,2025-12-06 00:00:00.001
1765008000001,0.0001,2025-12-06 08:00:00.001
1765036800008,6.623e-05,2025-12-06 16:00:00.008
1765065600000,-3.096e-05,2025-12-07 00:00:00.000
1765094400004,5.177e-05,2025-12-07 08:00:00.004
1765123200000,7.545e-05,2025-12-07 16:00:00.000
1765152000000,-4.35e-06,2025-12-08 00:00:00.000
1765180800000,0.0001,2025-12-08 08:00:00.000
1765209600001,0.0001,2025-12-08 16:00:00.001
1765238400001,2.326e-05,2025-12-09 00:00:00.001
1765267200001,-5.461e-05,2025-12-09 08:00:00.001
1765296000007,-2.476e-05,2025-12-09 16:00:00.007
1765324800007,0.0001,2025-12-10 00:00:00.007
1765353600002,0.0001,2025-12-10 08:00:00.002
1765382400012,0.0001,2025-12-10 16:00:00.012
1765411200001,4.362e-05,2025-12-11 00:00:00.001
1765440000000,-0.00016945,2025-12-11 08:00:00.000
1765468800000,-0.00018685,2025-12-11 16:00:00.000
1765497600005,0.0001,2025-12-12 00:00:00.005
1765526400007,-7.26e-06,2025-12-12 08:00:00.007
1765555200002,8.142e-05,2025-12-12 16:00:00.002
1765584000001,-8.878e-05,2025-12-13 00:00:00.001
1765612800006,3.054e-05,2025-12-13 08:00:00.006
1765641600000,2.185e-05,2025-12-13 16:00:00.000
1765670400000,5.541e-05,2025-12-14 00:00:00.000
1765699200003,-4.341e-05,2025-12-14 08:00:00.003
1765728000005,-1.852e-05,2025-12-14 16:00:00.005
1765756800000,0.0001,2025-12-15 00:00:00.000
1765785600000,0.0001,2025-12-15 08:00:00.000
1765814400000,-5.422e-05,2025-12-15 16:00:00.000
1765843200002,-0.00022184,2025-12-16 00:00:00.002
1765872000000,-7.283e-05,2025-12-16 08:00:00.000
1765900800002,-5.306e-05,2025-12-16 16:00:00.002
1765929600004,0.0001,2025-12-17 00:00:00.004
1765958400000,-2.328e-05,2025-12-17 08:00:00.000
1765987200000,4.995e-05,2025-12-17 16:00:00.000
1766016000005,-0.00013289,2025-12-18 00:00:00.005
1766044800007,0.0001,2025-12-18 08:00:00.007
1766073600001,0.0001,2025-12-18 16:00:00.001
1766102400000,0.0001,2025-12-19 00:00:00.000
1766131200001,0.0001,2025-12-19 08:00:00.001
1766160000000,0.0001,2025-12-19 16:00:00.000
1766188800005,0.0001,2025-12-20 00:00:00.005
1766217600000,0.0001,2025-12-20 08:00:00.000
1766246400002,0.0001,2025-12-20 16:00:00.002
1766275200000,7.37e-05,2025-12-21 00:00:00.000
1766304000009,0.0001,2025-12-21 08:00:00.009
1766332800000,-0.00022161,2025-12-21 16:00:00.000
1766361600000,-0.00011623,2025-12-22 00:00:00.000
1766390400005,-6.729e-05,2025-12-22 08:00:00.005
1766419200009,0.0001,2025-12-22 16:00:00.009
1766448000000,0.0001,2025-12-23 00:00:00.000
1766476800000,0.0001,2025-12-23 08:00:00.000
1766505600001,5.773e-05,2025-12-23 16:00:00.001
1766534400001,2.826e-05,2025-12-24 00:00:00.001
1766563200001,3.236e-05,2025-12-24 08:00:00.001
1766592000000,4.026e-05,2025-12-24 16:00:00.000
1766620800000,-3.884e-05,2025-12-25 00:00:00.000
1766649600001,0.0001,2025-12-25 08:00:00.001
1766678400005,0.0001,2025-12-25 16:00:00.005
1766707200004,8.928e-05,2025-12-26 00:00:00.004
1766736000001,0.0001,2025-12-26 08:00:00.001
1766764800007,0.0001,2025-12-26 16:00:00.007
1766793600000,-6.34e-05,2025-12-27 00:00:00.000
1766822400000,-0.00017038,2025-12-27 08:00:00.000
1766851200011,3.957e-05,2025-12-27 16:00:00.011
1766880000008,0.0001,2025-12-28 00:00:00.008
1766908800000,0.0001,2025-12-28 08:00:00.000
1766937600000,0.0001,2025-12-28 16:00:00.000
1766966400016,2.152e-05,2025-12-29 00:00:00.016
1766995200001,0.0001,2025-12-29 08:00:00.001
1767024000000,1.5e-06,2025-12-29 16:00:00.000
1767052800005,-7.949e-05,2025-12-30 00:00:00.005
1767081600001,8.8e-07,2025-12-30 08:00:00.001
1767110400003,-1.3e-05,2025-12-30 16:00:00.003
1767139200004,-0.00023312,2025-12-31 00:00:00.004
1767168000001,-0.00026136,2025-12-31 08:00:00.001
1767196800001,-0.00022752,2025-12-31 16:00:00.001
1767225600008,-7.903e-05,2026-01-01 00:00:00.008
1767254400002,0.0001,2026-01-01 08:00:00.002
1767283200001,0.0001,2026-01-01 16:00:00.001
1767312000006,0.0001,2026-01-02 00:00:00.006
1767340800007,0.0001,2026-01-02 08:00:00.007
1767369600000,0.0001,2026-01-02 16:00:00.000
1767398400001,0.0001,2026-01-03 00:00:00.001
1767427200000,0.0001,2026-01-03 08:00:00.000
1767456000000,0.0001,2026-01-03 16:00:00.000
1767484800000,0.0001,2026-01-04 00:00:00.000
1767513600000,0.0001,2026-01-04 08:00:00.000
1767542400001,0.0001,2026-01-04 16:00:00.001
1767571200000,0.0001,2026-01-05 00:00:00.000
1767600000000,0.0001,2026-01-05 08:00:00.000
1767628800000,8.9e-05,2026-01-05 16:00:00.000
1767657600010,0.0001,2026-01-06 00:00:00.010
1767686400000,0.0001,2026-01-06 08:00:00.000
1767715200000,0.0001,2026-01-06 16:00:00.000
1767744000001,0.0001,2026-01-07 00:00:00.001
1767772800001,0.0001,2026-01-07 08:00:00.001
1767801600001,0.0001,2026-01-07 16:00:00.001
1767830400001,0.0001,2026-01-08 00:00:00.001
1767859200000,0.0001,2026-01-08 08:00:00.000
1767888000000,8.504e-05,2026-01-08 16:00:00.000
1767916800003,0.0001,2026-01-09 00:00:00.003
1767945600000,0.0001,2026-01-09 08:00:00.000
1767974400001,-2.764e-05,2026-01-09 16:00:00.001
1768003200000,0.0001,2026-01-10 00:00:00.000
1768032000002,0.0001,2026-01-10 08:00:00.002
1768060800001,0.0001,2026-01-10 16:00:00.001
1768089600003,2.341e-05,2026-01-11 00:00:00.003
1768118400006,4.039e-05,2026-01-11 08:00:00.006
1768147200000,-6.197e-05,2026-01-11 16:00:00.000
1768176000005,2.035e-05,2026-01-12 00:00:00.005
1768204800000,6.024e-05,2026-01-12 08:00:00.000
1768233600000,8.462e-05,2026-01-12 16:00:00.000
1768262400007,0.0001,2026-01-13 00:00:00.007
1768291200009,0.0001,2026-01-13 08:00:00.009
1768320000002,0.0001,2026-01-13 16:00:00.002
1768348800000,0.0001,2026-01-14 00:00:00.000
1768377600001,0.0001,2026-01-14 08:00:00.001
1768406400004,0.0001,2026-01-14 16:00:00.004
1768435200000,0.0001,2026-01-15 00:00:00.000
1768464000004,0.0001,2026-01-15 08:00:00.004
1768492800002,0.0001,2026-01-15 16:00:00.002
1768521600000,0.0001,2026-01-16 00:00:00.000
1768550400000,-2.267e-05,2026-01-16 08:00:00.000
1768579200001,9.633e-05,2026-01-16 16:00:00.001
1768608000000,0.0001,2026-01-17 00:00:00.000
1768636800000,0.0001,2026-01-17 08:00:00.000
1768665600002,0.0001,2026-01-17 16:00:00.002
1768694400001,0.0001,2026-01-18 00:00:00.001
1768723200000,8.375e-05,2026-01-18 08:00:00.000
1768752000000,5.684e-05,2026-01-18 16:00:00.000
1768780800007,-1.23e-05,2026-01-19 00:00:00.007
1768809600007,-0.00017125,2026-01-19 08:00:00.007
1768838400007,-0.00014266,2026-01-19 16:00:00.007
1768867200005,2.7e-06,2026-01-20 00:00:00.005
1768896000001,-4.56e-06,2026-01-20 08:00:00.001
1768924800009,5.72e-05,2026-01-20 16:00:00.009
1768953600001,0.0001,2026-01-21 00:00:00.001
1768982400011,0.0001,2026-01-21 08:00:00.011
1769011200011,0.0001,2026-01-21 16:00:00.011
1769040000010,-1.433e-05,2026-01-22 00:00:00.010
1769068800003,4.473e-05,2026-01-22 08:00:00.003
1769097600005,0.0001,2026-01-22 16:00:00.005
1769126400005,3.36e-06,2026-01-23 00:00:00.005
1769155200000,8.7e-07,2026-01-23 08:00:00.000
1769184000011,8.2e-07,2026-01-23 16:00:00.011
1769212800011,-0.00018688,2026-01-24 00:00:00.011
1769241600002,-2.592e-05,2026-01-24 08:00:00.002
1769270400001,-0.00021826,2026-01-24 16:00:00.001
1769299200002,-8.128e-05,2026-01-25 00:00:00.002
1769328000011,0.0001,2026-01-25 08:00:00.011
1769356800005,-0.00027886,2026-01-25 16:00:00.005
1769385600000,-2.633e-05,2026-01-26 00:00:00.000
1769414400003,0.0001,2026-01-26 08:00:00.003
1769443200000,0.0001,2026-01-26 16:00:00.000
1769472000002,-0.0001359,2026-01-27 00:00:00.002
1769500800000,-0.00024005,2026-01-27 08:00:00.000
1769529600000,0.0001,2026-01-27 16:00:00.000
1769558400000,0.0001,2026-01-28 00:00:00.000
1769587200000,-0.00024,2026-01-28 08:00:00.000
1769616000000,7.274e-05,2026-01-28 16:00:00.000
1769644800000,-0.00020569,2026-01-29 00:00:00.000
1769673600009,0.0001,2026-01-29 08:00:00.009
1769702400000,-0.0001198,2026-01-29 16:00:00.000
1769731200008,0.0001,2026-01-30 00:00:00.008
1769760000000,8.63e-06,2026-01-30 08:00:00.000
1769788800001,-0.00010559,2026-01-30 16:00:00.001
1769817600000,-0.00027412,2026-01-31 00:00:00.000
1769846400001,0.0001,2026-01-31 08:00:00.001
1769875200009,0.0001,2026-01-31 16:00:00.009
1769904000001,-0.00018873,2026-02-01 00:00:00.001
1769932800004,0.0001,2026-02-01 08:00:00.004
1769961600000,0.0001,2026-02-01 16:00:00.000
1769990400000,1.495e-05,2026-02-02 00:00:00.000
1770019200014,2.806e-05,2026-02-02 08:00:00.014
1770048000000,-6.308e-05,2026-02-02 16:00:00.000
1770076800000,0.0001,2026-02-03 00:00:00.000
1770105600007,0.0001,2026-02-03 08:00:00.007
1770134400000,-0.00018002,2026-02-03 16:00:00.000
1770163200002,0.0001,2026-02-04 00:00:00.002
1770192000007,0.0001,2026-02-04 08:00:00.007
1770220800000,4.071e-05,2026-02-04 16:00:00.000
1770249600011,0.0001,2026-02-05 00:00:00.011
1770278400000,-3.4e-06,2026-02-05 08:00:00.000
1770307200007,-6.935e-05,2026-02-05 16:00:00.007
1770336000000,-3.8e-06,2026-02-06 00:00:00.000
1770364800001,0.0001,2026-02-06 08:00:00.001
1770393600000,-0.00014863,2026-02-06 16:00:00.000
1770422400003,-4.787e-05,2026-02-07 00:00:00.003
1770451200000,-0.00011744,2026-02-07 08:00:00.000
1770480000010,0.0001,2026-02-07 16:00:00.010
1770508800003,0.0001,2026-02-08 00:00:00.003
1770537600000,0.0001,2026-02-08 08:00:00.000
1770566400000,0.0001,2026-02-08 16:00:00.000
1770595200002,-9.55e-06,2026-02-09 00:00:00.002
1770624000001,6.884e-05,2026-02-09 08:00:00.001
1770652800007,-0.00028309,2026-02-09 16:00:00.007
1770681600000,-0.00050187,2026-02-10 00:00:00.000
1770710400007,8.976e-05,2026-02-10 08:00:00.007
1770739200000,-0.00038384,2026-02-10 16:00:00.000
1770768000000,9.14e-05,2026-02-11 00:00:00.000
1770796800006,-0.00013719,2026-02-11 08:00:00.006
1770825600000,-0.00011502,2026-02-11 16:00:00.000
1770854400000,0.0001,2026-02-12 00:00:00.000
1770883200001,0.0001,2026-02-12 08:00:00.001
1770912000001,0.0001,2026-02-12 16:00:00.001
1770940800007,0.0001,2026-02-13 00:00:00.007
1770969600003,-0.00011487,2026-02-13 08:00:00.003
1770998400005,-0.00012232,2026-02-13 16:00:00.005
1771027200002,-5.898e-05,2026-02-14 00:00:00.002
1771056000004,-3.879e-05,2026-02-14 08:00:00.004
1771084800002,0.0001,2026-02-14 16:00:00.002
1771113600000,0.0001,2026-02-15 00:00:00.000
1771142400002,7.952e-05,2026-02-15 08:00:00.002
1771171200000,0.0001,2026-02-15 16:00:00.000
1771200000001,1.871e-05,2026-02-16 00:00:00.001
1771228800003,-0.00021786,2026-02-16 08:00:00.003
1771257600000,-0.00021116,2026-02-16 16:00:00.000
1771286400008,0.0001,2026-02-17 00:00:00.008
1771315200001,0.0001,2026-02-17 08:00:00.001
1771344000002,-0.00022695,2026-02-17 16:00:00.002
1771372800000,5.583e-05,2026-02-18 00:00:00.000
1771401600000,-0.00013295,2026-02-18 08:00:00.000
1771430400011,-6.1e-05,2026-02-18 16:00:00.011
1771459200013,-7.974e-05,2026-02-19 00:00:00.013
1771488000000,-7.757e-05,2026-02-19 08:00:00.000
1771516800003,-0.00038425,2026-02-19 16:00:00.003
1771545600000,4.069e-05,2026-02-20 00:00:00.000
1771574400000,-0.00028832,2026-02-20 08:00:00.000
1771603200000,0.0001,2026-02-20 16:00:00.000
1771632000004,0.0001,2026-02-21 00:00:00.004
1771660800000,-4.62e-06,2026-02-21 08:00:00.000
1771689600005,0.0001,2026-02-21 16:00:00.005
1771718400001,0.0001,2026-02-22 00:00:00.001
1771747200004,-0.00040447,2026-02-22 08:00:00.004
1771776000000,-0.00020414,2026-02-22 16:00:00.000
1771804800001,-0.00047076,2026-02-23 00:00:00.001
1771833600000,-0.00010852,2026-02-23 08:00:00.000
1771862400000,0.0001,2026-02-23 16:00:00.000
1771891200007,7.711e-05,2026-02-24 00:00:00.007
1771920000000,8.674e-05,2026-02-24 08:00:00.000
1771948800001,-4.78e-05,2026-02-24 16:00:00.001
1771977600001,1.73e-05,2026-02-25 00:00:00.001
1772006400007,-6.428e-05,2026-02-25 08:00:00.007
1772035200000,0.0001,2026-02-25 16:00:00.000
1772064000000,0.0001,2026-02-26 00:00:00.000
1772092800006,0.0001,2026-02-26 08:00:00.006
1772121600002,0.0001,2026-02-26 16:00:00.002
1772150400007,0.0001,2026-02-27 00:00:00.007
1772179200000,0.0001,2026-02-27 08:00:00.000
1772208000001,0.0001,2026-02-27 16:00:00.001
1772236800000,5.13e-06,2026-02-28 00:00:00.000
1772265600000,0.0001,2026-02-28 08:00:00.000
1772294400004,-1.556e-05,2026-02-28 16:00:00.004
1772323200005,0.0001,2026-03-01 00:00:00.005
1772352000000,0.0001,2026-03-01 08:00:00.000
1772380800002,-0.00029558,2026-03-01 16:00:00.002
1772409600001,-0.00027595,2026-03-02 00:00:00.001
1772438400007,0.0001,2026-03-02 08:00:00.007
1772467200000,0.0001,2026-03-02 16:00:00.000
1772496000000,3.085e-05,2026-03-03 00:00:00.000
1772524800000,4.722e-05,2026-03-03 08:00:00.000
1772553600007,-0.00049855,2026-03-03 16:00:00.007
1772582400001,0.0001,2026-03-04 00:00:00.001
1772611200005,1.547e-05,2026-03-04 08:00:00.005
1772640000000,0.0001,2026-03-04 16:00:00.000
1772668800000,0.0001,2026-03-05 00:00:00.000
1772697600000,4.573e-05,2026-03-05 08:00:00.000
1772726400004,-2.472e-05,2026-03-05 16:00:00.004
1772755200001,9.1e-05,2026-03-06 00:00:00.001
1772784000001,0.0001,2026-03-06 08:00:00.001
1772812800004,-0.00039061,2026-03-06 16:00:00.004
1772841600001,-4.82e-06,2026-03-07 00:00:00.001
1772870400012,-4.663e-05,2026-03-07 08:00:00.012
1772899200001,-0.00038938,2026-03-07 16:00:00.001
1772928000001,-0.00013523,2026-03-08 00:00:00.001
1772956800000,4.124e-05,2026-03-08 08:00:00.000
1772985600002,0.0001,2026-03-08 16:00:00.002
1773014400000,-0.00038406,2026-03-09 00:00:00.000
1773043200004,0.0001,2026-03-09 08:00:00.004
1773072000003,0.0001,2026-03-09 16:00:00.003
1773100800012,0.0001,2026-03-10 00:00:00.012
1773129600002,0.0001,2026-03-10 08:00:00.002
1773158400001,0.0001,2026-03-10 16:00:00.001
1773187200000,0.0001,2026-03-11 00:00:00.000
1773216000007,0.0001,2026-03-11 08:00:00.007
1773244800010,9.133e-05,2026-03-11 16:00:00.010
1773273600000,0.0001,2026-03-12 00:00:00.000
1773302400000,0.0001,2026-03-12 08:00:00.000
1773331200000,4.736e-05,2026-03-12 16:00:00.000
1773360000006,-6.296e-05,2026-03-13 00:00:00.006
1773388800001,0.0001,2026-03-13 08:00:00.001
1773417600000,0.0001,2026-03-13 16:00:00.000
1773446400001,0.0001,2026-03-14 00:00:00.001
1773475200000,0.0001,2026-03-14 08:00:00.000
1773504000007,-0.00025407,2026-03-14 16:00:00.007
1773532800000,0.0001,2026-03-15 00:00:00.000
1773561600000,0.0001,2026-03-15 08:00:00.000
1773590400000,0.0001,2026-03-15 16:00:00.000
1773619200000,0.0001,2026-03-16 00:00:00.000
1773648000010,0.0001,2026-03-16 08:00:00.010
1773676800000,0.0001,2026-03-16 16:00:00.000
1773705600000,6.409e-05,2026-03-17 00:00:00.000
1773734400002,0.0001,2026-03-17 08:00:00.002
1773763200011,0.0001,2026-03-17 16:00:00.011
1773792000002,0.0001,2026-03-18 00:00:00.002
1773820800002,8.069e-05,2026-03-18 08:00:00.002
1773849600005,-0.00042565,2026-03-18 16:00:00.005
1773878400000,-0.00042708,2026-03-19 00:00:00.000
1773907200003,0.0001,2026-03-19 08:00:00.003
1773936000003,0.0001,2026-03-19 16:00:00.003
1773964800002,-0.00067628,2026-03-20 00:00:00.002
1773993600000,0.0001,2026-03-20 08:00:00.000
1774022400000,0.0001,2026-03-20 16:00:00.000
1774051200000,5.38e-05,2026-03-21 00:00:00.000
1774080000000,0.0001,2026-03-21 08:00:00.000
1774108800014,4.355e-05,2026-03-21 16:00:00.014
1774137600012,0.0001,2026-03-22 00:00:00.012
1774166400007,-0.00036771,2026-03-22 08:00:00.007
1774195200002,-0.00071521,2026-03-22 16:00:00.002
1774224000000,-0.00016987,2026-03-23 00:00:00.000
1774252800003,0.0001,2026-03-23 08:00:00.003
1774281600002,-2.683e-05,2026-03-23 16:00:00.002
1774310400000,0.0001,2026-03-24 00:00:00.000
1774339200000,0.0001,2026-03-24 08:00:00.000
1774368000003,0.0001,2026-03-24 16:00:00.003
1774396800000,0.0001,2026-03-25 00:00:00.000
1774425600000,-0.00016553,2026-03-25 08:00:00.000
1774454400013,9.458e-05,2026-03-25 16:00:00.013
1774483200001,0.0001,2026-03-26 00:00:00.001
1774512000001,-0.00050658,2026-03-26 08:00:00.001
1774540800000,2.074e-05,2026-03-26 16:00:00.000
1774569600006,7.945e-05,2026-03-27 00:00:00.006
1774598400000,0.0001,2026-03-27 08:00:00.000
1774627200000,8.983e-05,2026-03-27 16:00:00.000
1774656000005,8.2e-05,2026-03-28 00:00:00.005
1774684800005,-0.00040817,2026-03-28 08:00:00.005
1774713600000,-9.326e-05,2026-03-28 16:00:00.000
1774742400003,-0.00028343,2026-03-29 00:00:00.003
1774771200001,-0.00031263,2026-03-29 08:00:00.001
1774800000000,-0.00040534,2026-03-29 16:00:00.000
1774828800000,-8.993e-05,2026-03-30 00:00:00.000
1774857600005,0.0001,2026-03-30 08:00:00.005
1774886400000,0.0001,2026-03-30 16:00:00.000
1774915200000,0.0001,2026-03-31 00:00:00.000
1774944000000,0.0001,2026-03-31 08:00:00.000
1774972800000,0.0001,2026-03-31 16:00:00.000
1775001600000,0.0001,2026-04-01 00:00:00.000
1775030400000,0.0001,2026-04-01 08:00:00.000
1775059200000,0.0001,2026-04-01 16:00:00.000
1775088000003,0.0001,2026-04-02 00:00:00.003
1775116800001,-2.624e-05,2026-04-02 08:00:00.001
1775145600001,-9.712e-05,2026-04-02 16:00:00.001
1775174400000,0.0001,2026-04-03 00:00:00.000
1775203200008,0.0001,2026-04-03 08:00:00.008
1775232000008,7.421e-05,2026-04-03 16:00:00.008
1775260800000,7.471e-05,2026-04-04 00:00:00.000
1775289600003,0.0001,2026-04-04 08:00:00.003
1775318400000,0.0001,2026-04-04 16:00:00.000
1775347200008,-8.057e-05,2026-04-05 00:00:00.008
1775376000000,0.0001,2026-04-05 08:00:00.000
1775404800001,0.0001,2026-04-05 16:00:00.001
1775433600004,0.0001,2026-04-06 00:00:00.004
1775462400001,0.0001,2026-04-06 08:00:00.001
1775491200003,0.0001,2026-04-06 16:00:00.003
1775520000000,0.0001,2026-04-07 00:00:00.000
1775548800000,0.0001,2026-04-07 08:00:00.000
1775577600000,-0.00016786,2026-04-07 16:00:00.000
1775606400000,0.0001,2026-04-08 00:00:00.000
1775635200000,0.0001,2026-04-08 08:00:00.000
1775664000006,0.0001,2026-04-08 16:00:00.006
1775692800000,0.0001,2026-04-09 00:00:00.000
1775721600010,0.0001,2026-04-09 08:00:00.010
1775750400001,0.0001,2026-04-09 16:00:00.001
1775779200000,0.0001,2026-04-10 00:00:00.000
1775808000005,0.0001,2026-04-10 08:00:00.005
1775836800000,0.0001,2026-04-10 16:00:00.000
1775865600000,0.0001,2026-04-11 00:00:00.000
1775894400000,0.0001,2026-04-11 08:00:00.000
1775923200003,0.0001,2026-04-11 16:00:00.003
1775952000000,0.0001,2026-04-12 00:00:00.000
1775980800000,-0.00021959,2026-04-12 08:00:00.000
1776009600000,-0.00019213,2026-04-12 16:00:00.000
1776038400011,0.0001,2026-04-13 00:00:00.011
1776067200006,-7.111e-05,2026-04-13 08:00:00.006
1776096000000,2.579e-05,2026-04-13 16:00:00.000
1776124800005,0.0001,2026-04-14 00:00:00.005
1776153600003,0.0001,2026-04-14 08:00:00.003
1776182400001,0.0001,2026-04-14 16:00:00.001
1776211200000,-0.00028261,2026-04-15 00:00:00.000
1776240000000,0.0001,2026-04-15 08:00:00.000
1776268800000,0.0001,2026-04-15 16:00:00.000
1776297600013,0.0001,2026-04-16 00:00:00.013
1776326400000,0.0001,2026-04-16 08:00:00.000
1776355200000,0.0001,2026-04-16 16:00:00.000
1776384000001,0.0001,2026-04-17 00:00:00.001
1776412800011,0.0001,2026-04-17 08:00:00.011
1776441600001,0.0001,2026-04-17 16:00:00.001
1776470400001,0.0001,2026-04-18 00:00:00.001
1776499200006,0.0001,2026-04-18 08:00:00.006
1776528000000,0.0001,2026-04-18 16:00:00.000
1776556800002,0.0001,2026-04-19 00:00:00.002
1776585600010,5.804e-05,2026-04-19 08:00:00.010
1776614400001,0.0001,2026-04-19 16:00:00.001
1776643200000,9.462e-05,2026-04-20 00:00:00.000
1776672000000,9.873e-05,2026-04-20 08:00:00.000
1776700800001,0.0001,2026-04-20 16:00:00.001
1776729600000,0.0001,2026-04-21 00:00:00.000
1776758400004,0.0001,2026-04-21 08:00:00.004
1776787200004,0.0001,2026-04-21 16:00:00.004
1776816000004,0.0001,2026-04-22 00:00:00.004
1776844800000,0.0001,2026-04-22 08:00:00.000
1776873600000,8.668e-05,2026-04-22 16:00:00.000
1776902400000,0.0001,2026-04-23 00:00:00.000
1776931200000,-3.9e-06,2026-04-23 08:00:00.000
1776960000004,-5.555e-05,2026-04-23 16:00:00.004
1776988800006,0.0001,2026-04-24 00:00:00.006
1777017600000,0.0001,2026-04-24 08:00:00.000
1777046400000,0.0001,2026-04-24 16:00:00.000
1777075200000,-9.92e-06,2026-04-25 00:00:00.000
1777104000002,8.187e-05,2026-04-25 08:00:00.002
1777132800002,0.0001,2026-04-25 16:00:00.002
1777161600003,0.0001,2026-04-26 00:00:00.003
1777190400007,0.0001,2026-04-26 08:00:00.007
1777219200004,0.0001,2026-04-26 16:00:00.004
1777248000004,4.389e-05,2026-04-27 00:00:00.004
1777276800000,-0.00020224,2026-04-27 08:00:00.000
1777305600002,0.0001,2026-04-27 16:00:00.002
1777334400001,4.381e-05,2026-04-28 00:00:00.001
1777363200000,0.0001,2026-04-28 08:00:00.000
1777392000004,0.0001,2026-04-28 16:00:00.004
1777420800006,-0.00011016,2026-04-29 00:00:00.006
1777449600011,-2.655e-05,2026-04-29 08:00:00.011
1777478400003,-0.00026477,2026-04-29 16:00:00.003
1777507200002,-5.036e-05,2026-04-30 00:00:00.002
1777536000000,-7.456e-05,2026-04-30 08:00:00.000
1777564800000,0.0001,2026-04-30 16:00:00.000
1777593600000,-0.00037164,2026-05-01 00:00:00.000
1777622400005,-0.00018307,2026-05-01 08:00:00.005
1777651200000,5.169e-05,2026-05-01 16:00:00.000
1777680000006,-0.00023884,2026-05-02 00:00:00.006
1777708800000,-0.00023002,2026-05-02 08:00:00.000
1777737600010,-0.00019797,2026-05-02 16:00:00.010
1777766400005,-0.00017915,2026-05-03 00:00:00.005
1777795200003,-0.0004433,2026-05-03 08:00:00.003
1777824000000,-0.00036134,2026-05-03 16:00:00.000
1777852800000,-0.00016561,2026-05-04 00:00:00.000
1777881600000,0.0001,2026-05-04 08:00:00.000
1777910400003,0.0001,2026-05-04 16:00:00.003
1777939200000,0.0001,2026-05-05 00:00:00.000
1777968000011,0.0001,2026-05-05 08:00:00.011
1777996800000,4.043e-05,2026-05-05 16:00:00.000
1778025600010,0.0001,2026-05-06 00:00:00.010
1778054400000,0.0001,2026-05-06 08:00:00.000
1778083200002,0.0001,2026-05-06 16:00:00.002
1778112000000,0.0001,2026-05-07 00:00:00.000
1778140800000,0.0001,2026-05-07 08:00:00.000
1778169600004,0.0001,2026-05-07 16:00:00.004
1778198400003,0.0001,2026-05-08 00:00:00.003
1778227200002,0.0001,2026-05-08 08:00:00.002
1778256000003,-1.098e-05,2026-05-08 16:00:00.003
1778284800000,0.0001,2026-05-09 00:00:00.000
1778313600001,6.117e-05,2026-05-09 08:00:00.001
1778342400002,3.51e-05,2026-05-09 16:00:00.002
1778371200003,0.0001,2026-05-10 00:00:00.003
1778400000000,1.438e-05,2026-05-10 08:00:00.000
1778428800000,5.368e-05,2026-05-10 16:00:00.000
1778457600000,3.407e-05,2026-05-11 00:00:00.000
1778486400000,3e-07,2026-05-11 08:00:00.000
1778515200000,1.44e-05,2026-05-11 16:00:00.000
1778544000002,7.148e-05,2026-05-12 00:00:00.002
1778572800008,0.0001,2026-05-12 08:00:00.008
1778601600000,0.0001,2026-05-12 16:00:00.000
1778630400010,7.401e-05,2026-05-13 00:00:00.010
1778659200003,0.0001,2026-05-13 08:00:00.003
1778688000001,-0.00011887,2026-05-13 16:00:00.001
1778716800005,0.0001,2026-05-14 00:00:00.005
1778745600000,0.0001,2026-05-14 08:00:00.000
1778774400000,3.73e-06,2026-05-14 16:00:00.000
1778803200000,-3.362e-05,2026-05-15 00:00:00.000
1778832000016,-7.722e-05,2026-05-15 08:00:00.016
1778860800012,-6.638e-05,2026-05-15 16:00:00.012
1778889600005,-0.00010678,2026-05-16 00:00:00.005
1778918400000,-3.826e-05,2026-05-16 08:00:00.000
1778947200005,-0.00011512,2026-05-16 16:00:00.005
1778976000000,-0.00027355,2026-05-17 00:00:00.000
1779004800010,-1.863e-05,2026-05-17 08:00:00.010
1779033600009,-0.00019963,2026-05-17 16:00:00.009
1779062400007,-3.336e-05,2026-05-18 00:00:00.007
1779091200002,6.789e-05,2026-05-18 08:00:00.002
1779120000007,-8.088e-05,2026-05-18 16:00:00.007
1779148800001,1.411e-05,2026-05-19 00:00:00.001
1779177600001,-2.48e-06,2026-05-19 08:00:00.001
1779206400009,-0.00025772,2026-05-19 16:00:00.009
1779235200001,-0.00024296,2026-05-20 00:00:00.001
1779264000006,0.0001,2026-05-20 08:00:00.006
1779292800000,0.0001,2026-05-20 16:00:00.000
1779321600001,0.0001,2026-05-21 00:00:00.001
1779350400000,8.616e-05,2026-05-21 08:00:00.000
1779379200000,2.07e-06,2026-05-21 16:00:00.000
1779408000000,-2.03e-06,2026-05-22 00:00:00.000
1779436800004,0.0001,2026-05-22 08:00:00.004
1779465600001,3.67e-05,2026-05-22 16:00:00.001
1779494400009,-0.00014648,2026-05-23 00:00:00.009
1779523200001,-0.00024567,2026-05-23 08:00:00.001
1779552000003,-0.00027056,2026-05-23 16:00:00.003
1779580800011,-8.18e-05,2026-05-24 00:00:00.011
1779609600008,-4.122e-05,2026-05-24 08:00:00.008
1779638400000,-3.547e-05,2026-05-24 16:00:00.000
1779667200001,-0.00020477,2026-05-25 00:00:00.001
1779696000001,4.636e-05,2026-05-25 08:00:00.001
1779724800001,0.0001,2026-05-25 16:00:00.001
1779753600000,0.0001,2026-05-26 00:00:00.000
1779782400003,0.0001,2026-05-26 08:00:00.003
1779811200000,0.0001,2026-05-26 16:00:00.000
1779840000000,3.44e-06,2026-05-27 00:00:00.000
1779868800004,0.0001,2026-05-27 08:00:00.004
1779897600009,1.796e-05,2026-05-27 16:00:00.009
1779926400001,-8.953e-05,2026-05-28 00:00:00.001
1779955200000,-0.00025494,2026-05-28 08:00:00.000
1779984000001,2.529e-05,2026-05-28 16:00:00.001
1780012800000,2.77e-06,2026-05-29 00:00:00.000
1780041600001,-5.856e-05,2026-05-29 08:00:00.001
1780070400008,4.902e-05,2026-05-29 16:00:00.008
1780099200000,4.779e-05,2026-05-30 00:00:00.000
1780128000001,0.0001,2026-05-30 08:00:00.001
1780156800000,9.558e-05,2026-05-30 16:00:00.000
1780185600000,8.88e-06,2026-05-31 00:00:00.000
1780214400000,-3.39e-06,2026-05-31 08:00:00.000
1780243200004,-2.567e-05,2026-05-31 16:00:00.004
1780272000001,0.0001,2026-06-01 00:00:00.001
1780300800001,0.0001,2026-06-01 08:00:00.001
1780329600000,5.976e-05,2026-06-01 16:00:00.000
1780358400000,0.0001,2026-06-02 00:00:00.000
1780387200000,-3.38e-06,2026-06-02 08:00:00.000
1780416000000,-8.375e-05,2026-06-02 16:00:00.000
1780444800013,-0.00036901,2026-06-03 00:00:00.013
1780473600000,-4.44e-06,2026-06-03 08:00:00.000
1780502400001,0.0001,2026-06-03 16:00:00.001
1780531200009,-9.056e-05,2026-06-04 00:00:00.009
1780560000000,-0.00046301,2026-06-04 08:00:00.000
1780588800003,-0.00014725,2026-06-04 16:00:00.003
1780617600000,-2.324e-05,2026-06-05 00:00:00.000
1780646400004,-0.00013312,2026-06-05 08:00:00.004
1780675200009,-0.00012521,2026-06-05 16:00:00.009
1780704000000,-8.881e-05,2026-06-06 00:00:00.000
1780732800000,-0.00018932,2026-06-06 08:00:00.000
1780761600000,-6.282e-05,2026-06-06 16:00:00.000
1780790400001,1.128e-05,2026-06-07 00:00:00.001
1780819200000,-0.00013306,2026-06-07 08:00:00.000
