timestamp,funding_rate,datetime
1660665600000,0.0001,2022-08-16 16:00:00.000
1660694400020,0.0001,2022-08-17 00:00:00.020
1660723200016,0.00033137,2022-08-17 08:00:00.016
1660752000001,0.0001,2022-08-17 16:00:00.001
1660780800005,0.0001,2022-08-18 00:00:00.005
1660809600012,0.0001,2022-08-18 08:00:00.012
1660838400013,0.0001,2022-08-18 16:00:00.013
1660867200000,0.0001,2022-08-19 00:00:00.000
1660896000000,0.0001,2022-08-19 08:00:00.000
1660924800009,0.0001,2022-08-19 16:00:00.009
1660953600000,0.0001,2022-08-20 00:00:00.000
1660982400005,0.0001,2022-08-20 08:00:00.005
1661011200000,0.0001,2022-08-20 16:00:00.000
1661040000010,-3.237e-05,2022-08-21 00:00:00.010
1661068800013,-0.00043491,2022-08-21 08:00:00.013
1661097600000,-0.00023699,2022-08-21 16:00:00.000
1661126400011,-0.00292582,2022-08-22 00:00:00.011
1661155200005,-0.00018878,2022-08-22 08:00:00.005
1661184000005,-0.00254715,2022-08-22 16:00:00.005
1661212800000,0.0001,2022-08-23 00:00:00.000
1661241600021,-0.00048032,2022-08-23 08:00:00.021
1661270400005,0.0001,2022-08-23 16:00:00.005
1661299200017,-0.00010008,2022-08-24 00:00:00.017
1661328000021,-0.00022205,2022-08-24 08:00:00.021
1661356800000,-0.00013159,2022-08-24 16:00:00.000
1661385600003,0.0001,2022-08-25 00:00:00.003
1661414400000,0.0001,2022-08-25 08:00:00.000
1661443200004,0.0001,2022-08-25 16:00:00.004
1661472000001,4.46e-06,2022-08-26 00:00:00.001
1661500800004,-0.00014574,2022-08-26 08:00:00.004
1661529600000,2.562e-05,2022-08-26 16:00:00.000
1661558400010,2.654e-05,2022-08-27 00:00:00.010
1661587200007,0.0001,2022-08-27 08:00:00.007
1661616000008,0.0001,2022-08-27 16:00:00.008
1661644800019,0.0001,2022-08-28 00:00:00.019
1661673600000,0.0001,2022-08-28 08:00:00.000
1661702400000,0.0001,2022-08-28 16:00:00.000
1661731200000,0.0001,2022-08-29 00:00:00.000
1661760000000,0.0001,2022-08-29 08:00:00.000
1661788800001,-8.6e-07,2022-08-29 16:00:00.001
1661817600001,-5.638e-05,2022-08-30 00:00:00.001
1661846400005,0.0001,2022-08-30 08:00:00.005
1661875200010,0.0001,2022-08-30 16:00:00.010
1661904000000,7.616e-05,2022-08-31 00:00:00.000
1661932800005,0.0001,2022-08-31 08:00:00.005
1661961600013,7.21e-06,2022-08-31 16:00:00.013
1661990400012,0.0001,2022-09-01 00:00:00.012
1662019200000,0.0001,2022-09-01 08:00:00.000
1662048000013,0.0001,2022-09-01 16:00:00.013
1662076800002,0.0001,2022-09-02 00:00:00.002
1662105600013,0.0001,2022-09-02 08:00:00.013
1662134400000,0.0001,2022-09-02 16:00:00.000
1662163200000,0.0001,2022-09-03 00:00:00.000
1662192000002,0.0001,2022-09-03 08:00:00.002
1662220800007,0.0001,2022-09-03 16:00:00.007
1662249600008,0.0001,2022-09-04 00:00:00.008
1662278400009,0.0001,2022-09-04 08:00:00.009
1662307200000,0.0001,2022-09-04 16:00:00.000
1662336000015,0.0001,2022-09-05 00:00:00.015
1662364800013,0.0001,2022-09-05 08:00:00.013
1662393600007,4.747e-05,2022-09-05 16:00:00.007
1662422400018,0.0001,2022-09-06 00:00:00.018
1662451200020,0.0001,2022-09-06 08:00:00.020
1662480000028,6.966e-05,2022-09-06 16:00:00.028
1662508800013,0.0001,2022-09-07 00:00:00.013
1662537600022,0.0001,2022-09-07 08:00:00.022
1662566400021,0.0001,2022-09-07 16:00:00.021
1662595200010,0.0001,2022-09-08 00:00:00.010
1662624000000,0.0001,2022-09-08 08:00:00.000
1662652800003,0.0001,2022-09-08 16:00:00.003
1662681600011,0.0001,2022-09-09 00:00:00.011
1662710400000,0.0001,2022-09-09 08:00:00.000
1662739200000,0.0001,2022-09-09 16:00:00.000
1662768000003,0.0001,2022-09-10 00:00:00.003
1662796800000,0.0001,2022-09-10 08:00:00.000
1662825600012,0.0001,2022-09-10 16:00:00.012
1662854400009,0.0001,2022-09-11 00:00:00.009
1662883200012,0.0001,2022-09-11 08:00:00.012
1662912000005,0.0001,2022-09-11 16:00:00.005
1662940800007,-0.00179148,2022-09-12 00:00:00.007
1662969600013,-0.00019733,2022-09-12 08:00:00.013
1662998400000,0.0001,2022-09-12 16:00:00.000
1663027200004,0.0001,2022-09-13 00:00:00.004
1663056000000,0.0001,2022-09-13 08:00:00.000
1663084800000,0.0001,2022-09-13 16:00:00.000
1663113600000,0.0001,2022-09-14 00:00:00.000
1663142400000,3.287e-05,2022-09-14 08:00:00.000
1663171200000,1.952e-05,2022-09-14 16:00:00.000
1663200000019,8.807e-05,2022-09-15 00:00:00.019
1663228800012,2.174e-05,2022-09-15 08:00:00.012
1663257600007,0.0001,2022-09-15 16:00:00.007
1663286400000,-2.186e-05,2022-09-16 00:00:00.000
1663315200000,4.929e-05,2022-09-16 08:00:00.000
1663344000000,0.0001,2022-09-16 16:00:00.000
1663372800000,0.0001,2022-09-17 00:00:00.000
1663401600012,0.0001,2022-09-17 08:00:00.012
1663430400017,0.0001,2022-09-17 16:00:00.017
1663459200000,0.0001,2022-09-18 00:00:00.000
1663488000004,-0.00010567,2022-09-18 08:00:00.004
1663516800000,0.0001,2022-09-18 16:00:00.000
1663545600018,-0.00015252,2022-09-19 00:00:00.018
1663574400006,0.0001,2022-09-19 08:00:00.006
1663603200010,1.64e-05,2022-09-19 16:00:00.010
1663632000007,-0.00100491,2022-09-20 00:00:00.007
1663660800001,-0.00297534,2022-09-20 08:00:00.001
1663689600000,-0.00055357,2022-09-20 16:00:00.000
1663718400001,0.0001,2022-09-21 00:00:00.001
1663747200005,5.917e-05,2022-09-21 08:00:00.005
1663776000000,0.0001,2022-09-21 16:00:00.000
1663804800000,3.356e-05,2022-09-22 00:00:00.000
1663833600000,0.0001,2022-09-22 08:00:00.000
1663862400011,0.0001,2022-09-22 16:00:00.011
1663891200023,0.0001,2022-09-23 00:00:00.023
1663920000004,0.0001,2022-09-23 08:00:00.004
1663948800005,0.0001,2022-09-23 16:00:00.005
1663977600000,0.0001,2022-09-24 00:00:00.000
1664006400005,0.0001,2022-09-24 08:00:00.005
1664035200000,-0.00024042,2022-09-24 16:00:00.000
1664064000010,0.0001,2022-09-25 00:00:00.010
1664092800000,-0.00040557,2022-09-25 08:00:00.000
1664121600003,-0.00027642,2022-09-25 16:00:00.003
1664150400001,-0.00263285,2022-09-26 00:00:00.001
1664179200006,-0.00098393,2022-09-26 08:00:00.006
1664208000000,-0.00041354,2022-09-26 16:00:00.000
1664236800026,-0.00036964,2022-09-27 00:00:00.026
1664265600004,0.0001,2022-09-27 08:00:00.004
1664294400006,7.539e-05,2022-09-27 16:00:00.006
1664323200011,0.0001,2022-09-28 00:00:00.011
1664352000000,0.0001,2022-09-28 08:00:00.000
1664380800000,2.8e-06,2022-09-28 16:00:00.000
1664409600010,0.0001,2022-09-29 00:00:00.010
1664438400000,0.0001,2022-09-29 08:00:00.000
1664467200000,6.48e-06,2022-09-29 16:00:00.000
1664496000006,0.0001,2022-09-30 00:00:00.006
1664524800002,0.0001,2022-09-30 08:00:00.002
1664553600007,0.0001,2022-09-30 16:00:00.007
1664582400008,0.0001,2022-10-01 00:00:00.008
1664611200011,0.0001,2022-10-01 08:00:00.011
1664640000000,0.0001,2022-10-01 16:00:00.000
1664668800000,0.0001,2022-10-02 00:00:00.000
1664697600000,0.0001,2022-10-02 08:00:00.000
1664726400006,0.0001,2022-10-02 16:00:00.006
1664755200000,0.0001,2022-10-03 00:00:00.000
1664784000014,0.0001,2022-10-03 08:00:00.014
1664812800010,0.0001,2022-10-03 16:00:00.010
1664841600006,0.0001,2022-10-04 00:00:00.006
1664870400004,3.153e-05,2022-10-04 08:00:00.004
1664899200013,-0.00121326,2022-10-04 16:00:00.013
1664928000000,0.0001,2022-10-05 00:00:00.000
1664956800000,-4.732e-05,2022-10-05 08:00:00.000
1664985600012,0.0001,2022-10-05 16:00:00.012
1665014400008,-4.648e-05,2022-10-06 00:00:00.008
1665043200002,-0.00059335,2022-10-06 08:00:00.002
1665072000006,2.06e-05,2022-10-06 16:00:00.006
1665100800000,0.0001,2022-10-07 00:00:00.000
1665129600000,0.0001,2022-10-07 08:00:00.000
1665158400007,0.0001,2022-10-07 16:00:00.007
1665187200010,-0.00148951,2022-10-08 00:00:00.010
1665216000004,-0.00276005,2022-10-08 08:00:00.004
1665244800018,-0.00048367,2022-10-08 16:00:00.018
1665273600000,0.0001,2022-10-09 00:00:00.000
1665302400007,0.0001,2022-10-09 08:00:00.007
1665331200011,9.84e-05,2022-10-09 16:00:00.011
1665360000018,0.0001,2022-10-10 00:00:00.018
1665388800000,0.0001,2022-10-10 08:00:00.000
1665417600026,0.0001,2022-10-10 16:00:00.026
1665446400020,0.0001,2022-10-11 00:00:00.020
1665475200027,0.0001,2022-10-11 08:00:00.027
1665504000000,0.0001,2022-10-11 16:00:00.000
1665532800014,0.0001,2022-10-12 00:00:00.014
1665561600000,9.794e-05,2022-10-12 08:00:00.000
1665590400000,0.0001,2022-10-12 16:00:00.000
1665619200013,0.0001,2022-10-13 00:00:00.013
1665648000016,5.45e-05,2022-10-13 08:00:00.016
1665676800009,-0.0001742,2022-10-13 16:00:00.009
1665705600020,-0.00012457,2022-10-14 00:00:00.020
1665734400000,-8.599e-05,2022-10-14 08:00:00.000
1665763200009,5.336e-05,2022-10-14 16:00:00.009
1665792000001,-3.948e-05,2022-10-15 00:00:00.001
1665820800005,-0.00029499,2022-10-15 08:00:00.005
1665849600004,-0.00014182,2022-10-15 16:00:00.004
1665878400012,-0.00024272,2022-10-16 00:00:00.012
1665907200000,1.692e-05,2022-10-16 08:00:00.000
1665936000010,-0.00043303,2022-10-16 16:00:00.010
1665964800012,-5.613e-05,2022-10-17 00:00:00.012
1665993600010,-0.00291841,2022-10-17 08:00:00.010
1666022400017,-0.003925,2022-10-17 16:00:00.017
1666051200010,-0.00098193,2022-10-18 00:00:00.010
1666080000008,9.186e-05,2022-10-18 08:00:00.008
1666108800000,0.0001,2022-10-18 16:00:00.000
1666137600007,0.0001,2022-10-19 00:00:00.007
1666166400022,0.0001,2022-10-19 08:00:00.022
1666195200016,0.0001,2022-10-19 16:00:00.016
1666224000000,0.0001,2022-10-20 00:00:00.000
1666252800013,0.0001,2022-10-20 08:00:00.013
1666281600000,0.0001,2022-10-20 16:00:00.000
1666310400005,0.0001,2022-10-21 00:00:00.005
1666339200018,0.0001,2022-10-21 08:00:00.018
1666368000000,0.0001,2022-10-21 16:00:00.000
1666396800000,-7.697e-05,2022-10-22 00:00:00.000
1666425600015,4.578e-05,2022-10-22 08:00:00.015
1666454400000,-0.00011315,2022-10-22 16:00:00.000
1666483200025,0.0001,2022-10-23 00:00:00.025
1666512000000,-0.00016165,2022-10-23 08:00:00.000
1666540800004,4.617e-05,2022-10-23 16:00:00.004
1666569600009,-3.953e-05,2022-10-24 00:00:00.009
1666598400012,9.386e-05,2022-10-24 08:00:00.012
1666627200002,0.0001,2022-10-24 16:00:00.002
1666656000013,6.564e-05,2022-10-25 00:00:00.013
1666684800013,9.244e-05,2022-10-25 08:00:00.013
1666713600000,-0.00031735,2022-10-25 16:00:00.000
1666742400006,-7.999e-05,2022-10-26 00:00:00.006
1666771200013,0.0001,2022-10-26 08:00:00.013
1666800000000,4.336e-05,2022-10-26 16:00:00.000
1666828800009,-6.29e-06,2022-10-27 00:00:00.009
1666857600006,0.0001,2022-10-27 08:00:00.006
1666886400009,4.771e-05,2022-10-27 16:00:00.009
1666915200000,2.25e-06,2022-10-28 00:00:00.000
1666944000000,0.0001,2022-10-28 08:00:00.000
1666972800007,-0.00020775,2022-10-28 16:00:00.007
1667001600000,6.491e-05,2022-10-29 00:00:00.000
1667030400003,0.0001,2022-10-29 08:00:00.003
1667059200010,0.0001,2022-10-29 16:00:00.010
1667088000000,0.0001,2022-10-30 00:00:00.000
1667116800013,-0.00017578,2022-10-30 08:00:00.013
1667145600009,0.0001,2022-10-30 16:00:00.009
1667174400012,0.0001,2022-10-31 00:00:00.012
1667203200000,0.0001,2022-10-31 08:00:00.000
1667232000010,0.0001,2022-10-31 16:00:00.010
1667260800000,0.0001,2022-11-01 00:00:00.000
1667289600000,8.831e-05,2022-11-01 08:00:00.000
1667318400000,3.977e-05,2022-11-01 16:00:00.000
1667347200000,0.0001,2022-11-02 00:00:00.000
1667376000000,-8.792e-05,2022-11-02 08:00:00.000
1667404800019,0.0001,2022-11-02 16:00:00.019
1667433600011,8.069e-05,2022-11-03 00:00:00.011
1667462400016,4.92e-05,2022-11-03 08:00:00.016
1667491200005,0.0001,2022-11-03 16:00:00.005
1667520000000,0.0001,2022-11-04 00:00:00.000
1667548800004,0.0001,2022-11-04 08:00:00.004
1667577600020,-0.0001026,2022-11-04 16:00:00.020
1667606400009,0.0001,2022-11-05 00:00:00.009
1667635200007,0.0001,2022-11-05 08:00:00.007
1667664000018,0.0001,2022-11-05 16:00:00.018
1667692800009,-1.121e-05,2022-11-06 00:00:00.009
1667721600000,0.0001,2022-11-06 08:00:00.000
1667750400010,0.0001,2022-11-06 16:00:00.010
1667779200012,-4.021e-05,2022-11-07 00:00:00.012
1667808000014,0.0001,2022-11-07 08:00:00.014
1667836800006,8.085e-05,2022-11-07 16:00:00.006
1667865600000,0.0001,2022-11-08 00:00:00.000
1667894400001,-0.00046128,2022-11-08 08:00:00.001
1667923200005,0.0001,2022-11-08 16:00:00.005
1667952000000,-0.00219422,2022-11-09 00:00:00.000
1667980800013,7.307e-05,2022-11-09 08:00:00.013
1668009600004,-0.00021487,2022-11-09 16:00:00.004
1668038400006,-0.00230458,2022-11-10 00:00:00.006
1668067200000,-0.00028533,2022-11-10 08:00:00.000
1668096000015,0.0001,2022-11-10 16:00:00.015
1668124800000,-0.00104257,2022-11-11 00:00:00.000
1668153600015,-2.819e-05,2022-11-11 08:00:00.015
1668182400027,0.0001,2022-11-11 16:00:00.027
1668211200007,0.0001,2022-11-12 00:00:00.007
1668240000016,3.227e-05,2022-11-12 08:00:00.016
1668268800000,0.0001,2022-11-12 16:00:00.000
1668297600004,6.339e-05,2022-11-13 00:00:00.004
1668326400000,6.074e-05,2022-11-13 08:00:00.000
1668355200017,0.0001,2022-11-13 16:00:00.017
1668384000000,0.0001,2022-11-14 00:00:00.000
1668412800000,0.0001,2022-11-14 08:00:00.000
1668441600000,5.113e-05,2022-11-14 16:00:00.000
1668470400014,0.0001,2022-11-15 00:00:00.014
1668499200009,0.0001,2022-11-15 08:00:00.009
1668528000010,0.0001,2022-11-15 16:00:00.010
1668556800011,0.0001,2022-11-16 00:00:00.011
1668585600004,0.0001,2022-11-16 08:00:00.004
1668614400008,8.324e-05,2022-11-16 16:00:00.008
1668643200000,6.515e-05,2022-11-17 00:00:00.000
1668672000000,2.546e-05,2022-11-17 08:00:00.000
1668700800006,-1.814e-05,2022-11-17 16:00:00.006
1668729600004,0.0001,2022-11-18 00:00:00.004
1668758400016,0.0001,2022-11-18 08:00:00.016
1668787200000,0.0001,2022-11-18 16:00:00.000
1668816000000,0.0001,2022-11-19 00:00:00.000
1668844800004,0.0001,2022-11-19 08:00:00.004
1668873600024,0.0001,2022-11-19 16:00:00.024
1668902400015,0.0001,2022-11-20 00:00:00.015
1668931200004,0.0001,2022-11-20 08:00:00.004
1668960000000,0.0001,2022-11-20 16:00:00.000
1668988800006,0.0001,2022-11-21 00:00:00.006
1669017600015,0.0001,2022-11-21 08:00:00.015
1669046400000,0.0001,2022-11-21 16:00:00.000
1669075200000,0.0001,2022-11-22 00:00:00.000
1669104000000,0.0001,2022-11-22 08:00:00.000
1669132800000,0.0001,2022-11-22 16:00:00.000
1669161600000,0.0001,2022-11-23 00:00:00.000
1669190400011,0.0001,2022-11-23 08:00:00.011
1669219200014,0.0001,2022-11-23 16:00:00.014
1669248000007,0.0001,2022-11-24 00:00:00.007
1669276800014,-1.499e-05,2022-11-24 08:00:00.014
1669305600013,-4.233e-05,2022-11-24 16:00:00.013
1669334400004,-2.278e-05,2022-11-25 00:00:00.004
1669363200015,0.0001,2022-11-25 08:00:00.015
1669392000000,1.185e-05,2022-11-25 16:00:00.000
1669420800011,0.0001,2022-11-26 00:00:00.011
1669449600000,0.0001,2022-11-26 08:00:00.000
1669478400000,6.075e-05,2022-11-26 16:00:00.000
1669507200012,0.0001,2022-11-27 00:00:00.012
1669536000000,0.0001,2022-11-27 08:00:00.000
1669564800003,0.0001,2022-11-27 16:00:00.003
1669593600015,0.0001,2022-11-28 00:00:00.015
1669622400004,0.0001,2022-11-28 08:00:00.004
1669651200011,6.93e-05,2022-11-28 16:00:00.011
1669680000000,-3.927e-05,2022-11-29 00:00:00.000
1669708800015,9.532e-05,2022-11-29 08:00:00.015
1669737600000,-4.14e-05,2022-11-29 16:00:00.000
1669766400007,-0.0001861,2022-11-30 00:00:00.007
1669795200000,0.0001,2022-11-30 08:00:00.000
1669824000015,0.0001,2022-11-30 16:00:00.015
1669852800001,-7.872e-05,2022-12-01 00:00:00.001
1669881600006,0.0001,2022-12-01 08:00:00.006
1669910400000,0.0001,2022-12-01 16:00:00.000
1669939200001,0.0001,2022-12-02 00:00:00.001
1669968000016,0.0001,2022-12-02 08:00:00.016
1669996800017,8.916e-05,2022-12-02 16:00:00.017
1670025600006,4.225e-05,2022-12-03 00:00:00.006
1670054400000,4.182e-05,2022-12-03 08:00:00.000
1670083200011,0.0001,2022-12-03 16:00:00.011
1670112000006,8.534e-05,2022-12-04 00:00:00.006
1670140800000,2.83e-06,2022-12-04 08:00:00.000
1670169600006,0.0001,2022-12-04 16:00:00.006
1670198400002,6.462e-05,2022-12-05 00:00:00.002
1670227200011,-0.00013192,2022-12-05 08:00:00.011
1670256000008,0.0001,2022-12-05 16:00:00.008
1670284800014,0.0001,2022-12-06 00:00:00.014
1670313600027,0.0001,2022-12-06 08:00:00.027
1670342400009,0.0001,2022-12-06 16:00:00.009
1670371200000,0.0001,2022-12-07 00:00:00.000
1670400000000,0.0001,2022-12-07 08:00:00.000
1670428800000,0.0001,2022-12-07 16:00:00.000
1670457600006,0.0001,2022-12-08 00:00:00.006
1670486400000,0.0001,2022-12-08 08:00:00.000
1670515200014,-1.4e-07,2022-12-08 16:00:00.014
1670544000017,5.138e-05,2022-12-09 00:00:00.017
1670572800005,5.882e-05,2022-12-09 08:00:00.005
1670601600000,7.145e-05,2022-12-09 16:00:00.000
1670630400009,5.482e-05,2022-12-10 00:00:00.009
1670659200010,0.0001,2022-12-10 08:00:00.010
1670688000001,0.0001,2022-12-10 16:00:00.001
1670716800011,0.0001,2022-12-11 00:00:00.011
1670745600007,4.398e-05,2022-12-11 08:00:00.007
1670774400011,0.0001,2022-12-11 16:00:00.011
1670803200000,0.0001,2022-12-12 00:00:00.000
1670832000004,-4.972e-05,2022-12-12 08:00:00.004
1670860800000,7.37e-05,2022-12-12 16:00:00.000
1670889600000,0.0001,2022-12-13 00:00:00.000
1670918400018,5.185e-05,2022-12-13 08:00:00.018
1670947200011,0.0001,2022-12-13 16:00:00.011
1670976000010,0.0001,2022-12-14 00:00:00.010
1671004800015,0.0001,2022-12-14 08:00:00.015
1671033600004,0.0001,2022-12-14 16:00:00.004
1671062400000,0.0001,2022-12-15 00:00:00.000
1671091200023,0.0001,2022-12-15 08:00:00.023
1671120000010,0.0001,2022-12-15 16:00:00.010
1671148800016,0.0001,2022-12-16 00:00:00.016
1671177600011,0.0001,2022-12-16 08:00:00.011
1671206400001,0.0001,2022-12-16 16:00:00.001
1671235200001,4.082e-05,2022-12-17 00:00:00.001
1671264000011,0.0001,2022-12-17 08:00:00.011
1671292800011,-6.679e-05,2022-12-17 16:00:00.011
1671321600008,0.0001,2022-12-18 00:00:00.008
1671350400001,5.02e-06,2022-12-18 08:00:00.001
1671379200012,-0.00011114,2022-12-18 16:00:00.012
1671408000000,-0.00026098,2022-12-19 00:00:00.000
1671436800000,0.0001,2022-12-19 08:00:00.000
1671465600000,0.0001,2022-12-19 16:00:00.000
1671494400005,0.0001,2022-12-20 00:00:00.005
1671523200016,0.0001,2022-12-20 08:00:00.016
1671552000000,9.349e-05,2022-12-20 16:00:00.000
1671580800007,0.0001,2022-12-21 00:00:00.007
1671609600012,0.0001,2022-12-21 08:00:00.012
1671638400017,-1.302e-05,2022-12-21 16:00:00.017
1671667200004,-0.00014358,2022-12-22 00:00:00.004
1671696000000,0.0001,2022-12-22 08:00:00.000
1671724800001,8.077e-05,2022-12-22 16:00:00.001
1671753600018,0.0001,2022-12-23 00:00:00.018
1671782400000,-7.16e-06,2022-12-23 08:00:00.000
1671811200000,0.0001,2022-12-23 16:00:00.000
1671840000001,0.0001,2022-12-24 00:00:00.001
1671868800007,0.0001,2022-12-24 08:00:00.007
1671897600008,0.0001,2022-12-24 16:00:00.008
1671926400000,0.0001,2022-12-25 00:00:00.000
1671955200013,-5.762e-05,2022-12-25 08:00:00.013
1671984000000,4.647e-05,2022-12-25 16:00:00.000
1672012800001,0.0001,2022-12-26 00:00:00.001
1672041600000,0.0001,2022-12-26 08:00:00.000
1672070400005,0.0001,2022-12-26 16:00:00.005
1672099200005,-9.965e-05,2022-12-27 00:00:00.005
1672128000010,0.0001,2022-12-27 08:00:00.010
1672156800006,0.0001,2022-12-27 16:00:00.006
1672185600010,-0.00010274,2022-12-28 00:00:00.010
1672214400010,0.0001,2022-12-28 08:00:00.010
1672243200010,0.0001,2022-12-28 16:00:00.010
1672272000011,0.0001,2022-12-29 00:00:00.011
1672300800000,0.0001,2022-12-29 08:00:00.000
1672329600008,0.0001,2022-12-29 16:00:00.008
1672358400000,0.0001,2022-12-30 00:00:00.000
1672387200000,0.0001,2022-12-30 08:00:00.000
1672416000000,0.0001,2022-12-30 16:00:00.000
1672444800014,0.0001,2022-12-31 00:00:00.014
1672473600000,0.0001,2022-12-31 08:00:00.000
1672502400000,5.994e-05,2022-12-31 16:00:00.000
1672531200000,0.0001,2023-01-01 00:00:00.000
1672560000008,0.0001,2023-01-01 08:00:00.008
1672588800000,0.0001,2023-01-01 16:00:00.000
1672617600000,0.0001,2023-01-02 00:00:00.000
1672646400008,0.0001,2023-01-02 08:00:00.008
1672675200015,0.0001,2023-01-02 16:00:00.015
1672704000003,0.0001,2023-01-03 00:00:00.003
1672732800018,0.0001,2023-01-03 08:00:00.018
1672761600000,0.0001,2023-01-03 16:00:00.000
1672790400000,0.0001,2023-01-04 00:00:00.000
1672819200016,0.0001,2023-01-04 08:00:00.016
1672848000011,-0.00019798,2023-01-04 16:00:00.011
1672876800009,-1.872e-05,2023-01-05 00:00:00.009
1672905600011,9.419e-05,2023-01-05 08:00:00.011
1672934400000,-7.21e-05,2023-01-05 16:00:00.000
1672963200005,-0.00022066,2023-01-06 00:00:00.005
1672992000001,7.195e-05,2023-01-06 08:00:00.001
1673020800000,1.645e-05,2023-01-06 16:00:00.000
1673049600006,-0.0002564,2023-01-07 00:00:00.006
1673078400017,-1.644e-05,2023-01-07 08:00:00.017
1673107200000,-0.00011871,2023-01-07 16:00:00.000
1673136000015,-0.00018922,2023-01-08 00:00:00.015
1673164800000,-2.44e-05,2023-01-08 08:00:00.000
1673193600010,-8.453e-05,2023-01-08 16:00:00.010
1673222400003,8.908e-05,2023-01-09 00:00:00.003
1673251200000,0.0001,2023-01-09 08:00:00.000
1673280000006,0.0001,2023-01-09 16:00:00.006
1673308800003,0.0001,2023-01-10 00:00:00.003
1673337600021,0.0001,2023-01-10 08:00:00.021
1673366400000,0.0001,2023-01-10 16:00:00.000
1673395200011,0.0001,2023-01-11 00:00:00.011
1673424000006,0.0001,2023-01-11 08:00:00.006
1673452800004,0.0001,2023-01-11 16:00:00.004
1673481600000,0.0001,2023-01-12 00:00:00.000
1673510400000,0.0001,2023-01-12 08:00:00.000
1673539200000,0.0001,2023-01-12 16:00:00.000
1673568000004,0.0001,2023-01-13 00:00:00.004
1673596800000,0.0001,2023-01-13 08:00:00.000
1673625600018,0.0001,2023-01-13 16:00:00.018
1673654400000,0.0001,2023-01-14 00:00:00.000
1673683200001,0.00022953,2023-01-14 08:00:00.001
1673712000000,0.0001,2023-01-14 16:00:00.000
1673740800010,0.0001161,2023-01-15 00:00:00.010
1673769600002,0.0001,2023-01-15 08:00:00.002
1673798400000,0.0001,2023-01-15 16:00:00.000
1673827200010,0.0001,2023-01-16 00:00:00.010
1673856000007,0.0001,2023-01-16 08:00:00.007
1673884800000,0.0001,2023-01-16 16:00:00.000
1673913600004,0.0001,2023-01-17 00:00:00.004
1673942400005,0.0001,2023-01-17 08:00:00.005
1673971200001,0.0001,2023-01-17 16:00:00.001
1674000000008,0.0001,2023-01-18 00:00:00.008
1674028800009,0.0001,2023-01-18 08:00:00.009
1674057600017,0.0001,2023-01-18 16:00:00.017
1674086400000,0.0001,2023-01-19 00:00:00.000
1674115200015,0.0001,2023-01-19 08:00:00.015
1674144000012,0.0001,2023-01-19 16:00:00.012
1674172800000,0.0001,2023-01-20 00:00:00.000
1674201600000,0.0001,2023-01-20 08:00:00.000
1674230400000,0.0001,2023-01-20 16:00:00.000
1674259200013,0.0001,2023-01-21 00:00:00.013
1674288000001,0.0001,2023-01-21 08:00:00.001
1674316800016,0.0001,2023-01-21 16:00:00.016
1674345600000,0.0001,2023-01-22 00:00:00.000
1674374400000,0.0001,2023-01-22 08:00:00.000
1674403200023,0.0001,2023-01-22 16:00:00.023
1674432000014,0.0001,2023-01-23 00:00:00.014
1674460800014,0.0001,2023-01-23 08:00:00.014
1674489600016,0.0001,2023-01-23 16:00:00.016
1674518400008,0.0001,2023-01-24 00:00:00.008
1674547200008,0.00027114,2023-01-24 08:00:00.008
1674576000000,0.0001,2023-01-24 16:00:00.000
1674604800012,0.0001,2023-01-25 00:00:00.012
1674633600000,0.0001,2023-01-25 08:00:00.000
1674662400010,-0.00029957,2023-01-25 16:00:00.010
1674691200010,-0.0003814,2023-01-26 00:00:00.010
1674720000003,-0.00047529,2023-01-26 08:00:00.003
1674748800020,-0.00065644,2023-01-26 16:00:00.020
1674777600008,-9.599e-05,2023-01-27 00:00:00.008
1674806400000,0.0001,2023-01-27 08:00:00.000
1674835200000,0.0001,2023-01-27 16:00:00.000
1674864000009,0.0002301,2023-01-28 00:00:00.009
1674892800018,0.00032424,2023-01-28 08:00:00.018
1674921600005,0.00024527,2023-01-28 16:00:00.005
1674950400011,0.00017192,2023-01-29 00:00:00.011
1674979200000,0.0001,2023-01-29 08:00:00.000
1675008000008,0.0001,2023-01-29 16:00:00.008
1675036800001,0.0001,2023-01-30 00:00:00.001
1675065600000,0.0001,2023-01-30 08:00:00.000
1675094400000,0.0001,2023-01-30 16:00:00.000
1675123200005,0.0001,2023-01-31 00:00:00.005
1675152000000,0.0001,2023-01-31 08:00:00.000
1675180800007,0.0001,2023-01-31 16:00:00.007
1675209600013,0.0001,2023-02-01 00:00:00.013
1675238400000,-0.00013262,2023-02-01 08:00:00.000
1675267200012,0.0001,2023-02-01 16:00:00.012
1675296000004,0.0001,2023-02-02 00:00:00.004
1675324800023,0.00065333,2023-02-02 08:00:00.023
1675353600003,0.00055122,2023-02-02 16:00:00.003
1675382400010,0.00028305,2023-02-03 00:00:00.010
1675411200000,0.00051314,2023-02-03 08:00:00.000
1675440000000,0.00027695,2023-02-03 16:00:00.000
1675468800010,0.00039653,2023-02-04 00:00:00.010
1675497600000,0.00033936,2023-02-04 08:00:00.000
1675526400000,0.00010316,2023-02-04 16:00:00.000
1675555200016,0.00025,2023-02-05 00:00:00.016
1675584000009,0.00024508,2023-02-05 08:00:00.009
1675612800018,0.0001,2023-02-05 16:00:00.018
1675641600001,0.0001,2023-02-06 00:00:00.001
1675670400000,0.0001,2023-02-06 08:00:00.000
1675699200012,0.0001,2023-02-06 16:00:00.012
1675728000004,0.0001,2023-02-07 00:00:00.004
1675756800011,0.00013869,2023-02-07 08:00:00.011
1675785600018,0.0001,2023-02-07 16:00:00.018
1675814400009,0.0001,2023-02-08 00:00:00.009
1675843200010,0.0001,2023-02-08 08:00:00.010
1675872000000,0.00038791,2023-02-08 16:00:00.000
1675900800014,0.0001,2023-02-09 00:00:00.014
1675929600006,0.0001,2023-02-09 08:00:00.006
1675958400001,0.0001,2023-02-09 16:00:00.001
1675987200012,0.0001,2023-02-10 00:00:00.012
1676016000005,0.0001,2023-02-10 08:00:00.005
1676044800020,0.0001,2023-02-10 16:00:00.020
1676073600007,0.0001,2023-02-11 00:00:00.007
1676102400002,0.0001,2023-02-11 08:00:00.002
1676131200021,0.0001,2023-02-11 16:00:00.021
1676160000004,0.0001,2023-02-12 00:00:00.004
1676188800000,0.0001,2023-02-12 08:00:00.000
1676217600002,0.0001,2023-02-12 16:00:00.002
1676246400006,0.0001,2023-02-13 00:00:00.006
1676275200008,0.0001,2023-02-13 08:00:00.008
1676304000002,0.0001,2023-02-13 16:00:00.002
1676332800013,0.0001,2023-02-14 00:00:00.013
1676361600014,0.0001,2023-02-14 08:00:00.014
1676390400016,0.0001,2023-02-14 16:00:00.016
1676419200011,0.0001,2023-02-15 00:00:00.011
1676448000000,0.0001,2023-02-15 08:00:00.000
1676476800005,7.386e-05,2023-02-15 16:00:00.005
1676505600019,0.0001,2023-02-16 00:00:00.019
1676534400000,0.0001,2023-02-16 08:00:00.000
1676563200001,0.0001,2023-02-16 16:00:00.001
1676592000003,0.0001,2023-02-17 00:00:00.003
1676620800016,0.0001,2023-02-17 08:00:00.016
1676649600000,0.0001,2023-02-17 16:00:00.000
1676678400011,2.593e-05,2023-02-18 00:00:00.011
1676707200000,0.0001,2023-02-18 08:00:00.000
1676736000007,-0.00022967,2023-02-18 16:00:00.007
1676764800019,0.0001,2023-02-19 00:00:00.019
1676793600005,0.0001,2023-02-19 08:00:00.005
1676822400003,0.0001,2023-02-19 16:00:00.003
1676851200006,0.0001,2023-02-20 00:00:00.006
1676880000008,0.0001,2023-02-20 08:00:00.008
1676908800006,0.0001,2023-02-20 16:00:00.006
1676937600001,0.0001,2023-02-21 00:00:00.001
1676966400004,0.0001,2023-02-21 08:00:00.004
1676995200011,0.0001,2023-02-21 16:00:00.011
1677024000009,0.0001,2023-02-22 00:00:00.009
1677052800010,0.0001,2023-02-22 08:00:00.010
1677081600000,1.667e-05,2023-02-22 16:00:00.000
1677110400006,0.0001,2023-02-23 00:00:00.006
1677139200005,0.0001,2023-02-23 08:00:00.005
1677168000002,-0.00012415,2023-02-23 16:00:00.002
1677196800015,0.0001,2023-02-24 00:00:00.015
1677225600011,0.0001,2023-02-24 08:00:00.011
1677254400014,0.0001,2023-02-24 16:00:00.014
1677283200015,0.0001,2023-02-25 00:00:00.015
1677312000015,0.0001,2023-02-25 08:00:00.015
1677340800015,0.0001,2023-02-25 16:00:00.015
1677369600007,0.0001,2023-02-26 00:00:00.007
1677398400012,0.0001,2023-02-26 08:00:00.012
1677427200000,0.0001,2023-02-26 16:00:00.000
1677456000011,0.0001,2023-02-27 00:00:00.011
1677484800003,0.0001,2023-02-27 08:00:00.003
1677513600000,0.0001,2023-02-27 16:00:00.000
1677542400011,0.0001,2023-02-28 00:00:00.011
1677571200018,0.0001,2023-02-28 08:00:00.018
1677600000005,0.0001,2023-02-28 16:00:00.005
1677628800016,0.0001,2023-03-01 00:00:00.016
1677657600000,0.0001,2023-03-01 08:00:00.000
1677686400008,0.0001,2023-03-01 16:00:00.008
1677715200009,0.0001,2023-03-02 00:00:00.009
1677744000013,0.0001,2023-03-02 08:00:00.013
1677772800000,0.0001,2023-03-02 16:00:00.000
1677801600000,0.0001,2023-03-03 00:00:00.000
1677830400013,0.0001,2023-03-03 08:00:00.013
1677859200000,0.0001,2023-03-03 16:00:00.000
1677888000001,0.0001,2023-03-04 00:00:00.001
1677916800008,0.0001,2023-03-04 08:00:00.008
1677945600012,-1.052e-05,2023-03-04 16:00:00.012
1677974400000,-4.828e-05,2023-03-05 00:00:00.000
1678003200000,0.0001,2023-03-05 08:00:00.000
1678032000015,8.364e-05,2023-03-05 16:00:00.015
1678060800007,9.487e-05,2023-03-06 00:00:00.007
1678089600017,0.0001,2023-03-06 08:00:00.017
1678118400000,0.0001,2023-03-06 16:00:00.000
1678147200009,0.0001,2023-03-07 00:00:00.009
1678176000016,0.0001,2023-03-07 08:00:00.016
1678204800017,0.0001,2023-03-07 16:00:00.017
1678233600000,0.0001,2023-03-08 00:00:00.000
1678262400014,0.0001,2023-03-08 08:00:00.014
1678291200021,-3.409e-05,2023-03-08 16:00:00.021
1678320000010,-6.944e-05,2023-03-09 00:00:00.010
1678348800013,3.996e-05,2023-03-09 08:00:00.013
1678377600002,0.0001,2023-03-09 16:00:00.002
1678406400000,4.846e-05,2023-03-10 00:00:00.000
1678435200000,-0.00014205,2023-03-10 08:00:00.000
1678464000005,-0.00060569,2023-03-10 16:00:00.005
1678492800011,-0.00086079,2023-03-11 00:00:00.011
1678521600003,-0.00113993,2023-03-11 08:00:00.003
1678550400011,-2.296e-05,2023-03-11 16:00:00.011
1678579200001,-0.00038018,2023-03-12 00:00:00.001
1678608000000,-0.0008644,2023-03-12 08:00:00.000
1678636800005,-0.00050017,2023-03-12 16:00:00.005
1678665600010,-0.00043654,2023-03-13 00:00:00.010
1678694400018,0.0001,2023-03-13 08:00:00.018
1678723200003,0.0001,2023-03-13 16:00:00.003
1678752000010,0.0001,2023-03-14 00:00:00.010
1678780800009,0.0001,2023-03-14 08:00:00.009
1678809600010,0.0001,2023-03-14 16:00:00.010
1678838400011,0.0001,2023-03-15 00:00:00.011
1678867200000,0.0001,2023-03-15 08:00:00.000
1678896000012,0.0001,2023-03-15 16:00:00.012
1678924800004,0.0001,2023-03-16 00:00:00.004
1678953600018,0.0001,2023-03-16 08:00:00.018
1678982400005,0.0001,2023-03-16 16:00:00.005
1679011200017,3.799e-05,2023-03-17 00:00:00.017
1679040000010,9.155e-05,2023-03-17 08:00:00.010
1679068800003,-0.00011297,2023-03-17 16:00:00.003
1679097600012,0.0001,2023-03-18 00:00:00.012
1679126400000,0.0001,2023-03-18 08:00:00.000
1679155200016,0.0001,2023-03-18 16:00:00.016
1679184000013,0.0001,2023-03-19 00:00:00.013
1679212800024,0.0001,2023-03-19 08:00:00.024
1679241600000,6.566e-05,2023-03-19 16:00:00.000
1679270400005,0.0001,2023-03-20 00:00:00.005
1679299200012,0.0001,2023-03-20 08:00:00.012
1679328000015,9.534e-05,2023-03-20 16:00:00.015
1679356800006,3.577e-05,2023-03-21 00:00:00.006
1679385600004,1.877e-05,2023-03-21 08:00:00.004
1679414400003,-0.00020523,2023-03-21 16:00:00.003
1679443200000,0.0001,2023-03-22 00:00:00.000
1679472000003,-3.411e-05,2023-03-22 08:00:00.003
1679500800000,6.351e-05,2023-03-22 16:00:00.000
1679529600016,-0.00027593,2023-03-23 00:00:00.016
1679558400001,5.53e-05,2023-03-23 08:00:00.001
1679587200013,0.0001,2023-03-23 16:00:00.013
1679616000013,8.559e-05,2023-03-24 00:00:00.013
1679644800012,0.0001,2023-03-24 08:00:00.012
1679673600027,0.0001,2023-03-24 16:00:00.027
1679702400015,6.401e-05,2023-03-25 00:00:00.015
1679731200011,1.662e-05,2023-03-25 08:00:00.011
1679760000011,-2.575e-05,2023-03-25 16:00:00.011
1679788800000,-0.00038393,2023-03-26 00:00:00.000
1679817600015,-0.00028708,2023-03-26 08:00:00.015
1679846400000,-0.0003311,2023-03-26 16:00:00.000
1679875200019,-0.00048796,2023-03-27 00:00:00.019
1679904000009,-0.00027976,2023-03-27 08:00:00.009
1679932800000,-0.00053636,2023-03-27 16:00:00.000
1679961600007,-0.00026149,2023-03-28 00:00:00.007
1679990400000,-0.00052077,2023-03-28 08:00:00.000
1680019200013,-0.00055894,2023-03-28 16:00:00.013
1680048000010,-0.00013333,2023-03-29 00:00:00.010
1680076800006,-6.592e-05,2023-03-29 08:00:00.006
1680105600014,-9.87e-06,2023-03-29 16:00:00.014
1680134400000,-1.17e-06,2023-03-30 00:00:00.000
1680163200000,-0.00015434,2023-03-30 08:00:00.000
1680192000006,-9.15e-05,2023-03-30 16:00:00.006
1680220800003,-0.00110446,2023-03-31 00:00:00.003
1680249600006,-0.00056662,2023-03-31 08:00:00.006
1680278400011,-0.00037869,2023-03-31 16:00:00.011
1680307200000,-0.00048309,2023-04-01 00:00:00.000
1680336000000,-0.00039136,2023-04-01 08:00:00.000
1680364800018,-0.00036764,2023-04-01 16:00:00.018
1680393600013,-0.00058939,2023-04-02 00:00:00.013
1680422400014,-0.00050454,2023-04-02 08:00:00.014
1680451200001,-8.2e-06,2023-04-02 16:00:00.001
1680480000000,-0.00077435,2023-04-03 00:00:00.000
1680508800013,-0.00039774,2023-04-03 08:00:00.013
1680537600011,-0.0005176,2023-04-03 16:00:00.011
1680566400002,-0.00030346,2023-04-04 00:00:00.002
1680595200017,-0.00131037,2023-04-04 08:00:00.017
1680624000008,-0.00136971,2023-04-04 16:00:00.008
1680652800000,-0.0012356,2023-04-05 00:00:00.000
1680681600016,-0.00125981,2023-04-05 08:00:00.016
1680710400004,-0.00072505,2023-04-05 16:00:00.004
1680739200000,-0.00099592,2023-04-06 00:00:00.000
1680768000011,-0.00064701,2023-04-06 08:00:00.011
1680796800000,-0.00082567,2023-04-06 16:00:00.000
1680825600006,-0.00135418,2023-04-07 00:00:00.006
1680854400005,-0.00228491,2023-04-07 08:00:00.005
1680883200000,-0.00111778,2023-04-07 16:00:00.000
1680912000000,-0.00108287,2023-04-08 00:00:00.000
1680940800014,-0.0010085,2023-04-08 08:00:00.014
1680969600018,-0.00095042,2023-04-08 16:00:00.018
1680998400013,-0.00072851,2023-04-09 00:00:00.013
1681027200024,-0.00082158,2023-04-09 08:00:00.024
1681056000010,-0.00120224,2023-04-09 16:00:00.010
1681084800000,-0.00171533,2023-04-10 00:00:00.000
1681113600010,-0.00104249,2023-04-10 08:00:00.010
1681142400006,-0.00113423,2023-04-10 16:00:00.006
1681171200008,-0.00104106,2023-04-11 00:00:00.008
1681200000007,-0.00080546,2023-04-11 08:00:00.007
1681228800016,-0.00106744,2023-04-11 16:00:00.016
1681257600006,-0.0009433,2023-04-12 00:00:00.006
1681286400008,-0.00103653,2023-04-12 08:00:00.008
1681315200014,-0.00159399,2023-04-12 16:00:00.014
1681344000027,-0.00100455,2023-04-13 00:00:00.027
1681372800010,-0.00163531,2023-04-13 08:00:00.010
1681401600000,-0.0011539,2023-04-13 16:00:00.000
1681430400001,-0.00149068,2023-04-14 00:00:00.001
1681459200008,-0.00114008,2023-04-14 08:00:00.008
1681488000007,-0.00109042,2023-04-14 16:00:00.007
1681516800007,-8.39e-05,2023-04-15 00:00:00.007
1681545600007,0.0001,2023-04-15 08:00:00.007
1681574400011,7.648e-05,2023-04-15 16:00:00.011
1681603200014,-0.00089512,2023-04-16 00:00:00.014
1681632000007,-0.00118058,2023-04-16 08:00:00.007
1681660800002,-0.00115445,2023-04-16 16:00:00.002
1681689600017,-0.00089594,2023-04-17 00:00:00.017
1681718400006,-0.00049263,2023-04-17 08:00:00.006
1681747200000,-0.00156343,2023-04-17 16:00:00.000
1681776000013,0.0001,2023-04-18 00:00:00.013
1681804800017,-6.726e-05,2023-04-18 08:00:00.017
1681833600000,-0.00073295,2023-04-18 16:00:00.000
1681862400022,2.387e-05,2023-04-19 00:00:00.022
1681891200014,0.0001,2023-04-19 08:00:00.014
1681920000000,-0.00060262,2023-04-19 16:00:00.000
1681948800010,-0.0003796,2023-04-20 00:00:00.010
1681977600012,-0.00032606,2023-04-20 08:00:00.012
1682006400012,-6e-06,2023-04-20 16:00:00.012
1682035200009,0.0001,2023-04-21 00:00:00.009
1682064000009,0.0001,2023-04-21 08:00:00.009
1682092800003,0.0001,2023-04-21 16:00:00.003
1682121600000,0.0001,2023-04-22 00:00:00.000
1682150400000,0.0001,2023-04-22 08:00:00.000
1682179200016,-1.569e-05,2023-04-22 16:00:00.016
1682208000009,-0.000334,2023-04-23 00:00:00.009
1682236800020,-8.695e-05,2023-04-23 08:00:00.020
1682265600007,-6.243e-05,2023-04-23 16:00:00.007
1682294400000,9.42e-05,2023-04-24 00:00:00.000
1682323200008,0.0001,2023-04-24 08:00:00.008
1682352000006,1.133e-05,2023-04-24 16:00:00.006
1682380800014,-0.00057746,2023-04-25 00:00:00.014
1682409600009,-0.00098087,2023-04-25 08:00:00.009
1682438400015,-0.00064017,2023-04-25 16:00:00.015
1682467200015,-0.00088395,2023-04-26 00:00:00.015
1682496000013,-0.00053107,2023-04-26 08:00:00.013
1682524800001,-0.00088283,2023-04-26 16:00:00.001
1682553600014,-0.00092106,2023-04-27 00:00:00.014
1682582400008,-0.00146149,2023-04-27 08:00:00.008
1682611200005,-0.00108609,2023-04-27 16:00:00.005
1682640000011,-0.00069615,2023-04-28 00:00:00.011
1682668800007,-0.00099668,2023-04-28 08:00:00.007
1682697600006,-0.00030024,2023-04-28 16:00:00.006
1682726400004,-0.00067243,2023-04-29 00:00:00.004
1682755200016,-0.00082418,2023-04-29 08:00:00.016
1682784000001,-0.00082831,2023-04-29 16:00:00.001
1682812800008,-0.00032082,2023-04-30 00:00:00.008
1682841600000,-0.00038714,2023-04-30 08:00:00.000
1682870400010,-0.00065618,2023-04-30 16:00:00.010
1682899200004,-0.00027812,2023-05-01 00:00:00.004
1682928000008,-0.00040565,2023-05-01 08:00:00.008
1682956800014,-0.00062591,2023-05-01 16:00:00.014
1682985600015,-0.00049394,2023-05-02 00:00:00.015
1683014400018,-0.00041625,2023-05-02 08:00:00.018
1683043200000,-0.00060075,2023-05-02 16:00:00.000
1683072000009,-0.0002816,2023-05-03 00:00:00.009
1683100800003,-0.00073785,2023-05-03 08:00:00.003
1683129600011,-0.00027893,2023-05-03 16:00:00.011
1683158400000,-0.00039338,2023-05-04 00:00:00.000
1683187200000,-0.00053774,2023-05-04 08:00:00.000
1683216000011,-0.00074284,2023-05-04 16:00:00.011
1683244800002,-0.00089547,2023-05-05 00:00:00.002
1683273600000,-0.00038033,2023-05-05 08:00:00.000
1683302400000,2.47e-06,2023-05-05 16:00:00.000
1683331200009,-0.00044934,2023-05-06 00:00:00.009
1683360000000,-0.00035405,2023-05-06 08:00:00.000
1683388800000,-0.00053557,2023-05-06 16:00:00.000
1683417600000,-0.00044578,2023-05-07 00:00:00.000
1683446400000,-0.00046012,2023-05-07 08:00:00.000
1683475200006,-0.00036776,2023-05-07 16:00:00.006
1683504000000,-0.00043336,2023-05-08 00:00:00.000
1683532800007,-0.00035736,2023-05-08 08:00:00.007
1683561600015,-0.00027766,2023-05-08 16:00:00.015
1683590400015,-0.00060219,2023-05-09 00:00:00.015
1683619200000,-0.00046219,2023-05-09 08:00:00.000
1683648000000,-0.00036547,2023-05-09 16:00:00.000
1683676800007,-0.00019394,2023-05-10 00:00:00.007
1683705600003,-0.0001355,2023-05-10 08:00:00.003
1683734400000,-0.000464,2023-05-10 16:00:00.000
1683763200011,-9.876e-05,2023-05-11 00:00:00.011
1683792000000,-0.00042674,2023-05-11 08:00:00.000
1683820800005,-0.00017111,2023-05-11 16:00:00.005
1683849600020,-0.00030174,2023-05-12 00:00:00.020
1683878400001,-0.00019203,2023-05-12 08:00:00.001
1683907200010,-6.308e-05,2023-05-12 16:00:00.010
1683936000000,-0.0006056,2023-05-13 00:00:00.000
1683964800000,-0.00050859,2023-05-13 08:00:00.000
1683993600026,-0.00046896,2023-05-13 16:00:00.026
1684022400029,-0.00036742,2023-05-14 00:00:00.029
1684051200010,-0.00033628,2023-05-14 08:00:00.010
1684080000008,-0.00022065,2023-05-14 16:00:00.008
1684108800006,-0.00048967,2023-05-15 00:00:00.006
1684137600005,-0.00042363,2023-05-15 08:00:00.005
1684166400008,-0.00036187,2023-05-15 16:00:00.008
1684195200021,-0.00046478,2023-05-16 00:00:00.021
1684224000000,4.283e-05,2023-05-16 08:00:00.000
1684252800000,-0.00014785,2023-05-16 16:00:00.000
1684281600010,-0.00021271,2023-05-17 00:00:00.010
1684310400000,0.0001,2023-05-17 08:00:00.000
1684339200001,-0.00014788,2023-05-17 16:00:00.001
1684368000000,1.478e-05,2023-05-18 00:00:00.000
1684396800026,-0.00016849,2023-05-18 08:00:00.026
1684425600019,-0.00042991,2023-05-18 16:00:00.019
1684454400000,-0.00029757,2023-05-19 00:00:00.000
1684483200002,-0.0003112,2023-05-19 08:00:00.002
1684512000000,-0.00043237,2023-05-19 16:00:00.000
1684540800005,-0.00062801,2023-05-20 00:00:00.005
1684569600014,-0.00059104,2023-05-20 08:00:00.014
1684598400020,-0.00119741,2023-05-20 16:00:00.020
1684627200014,-0.0005304,2023-05-21 00:00:00.014
1684656000001,-0.00012889,2023-05-21 08:00:00.001
1684684800015,-9.218e-05,2023-05-21 16:00:00.015
1684713600028,-0.00017054,2023-05-22 00:00:00.028
1684742400000,-0.0001374,2023-05-22 08:00:00.000
1684771200012,-0.00045632,2023-05-22 16:00:00.012
1684800000006,-0.00056303,2023-05-23 00:00:00.006
1684828800014,-0.00054963,2023-05-23 08:00:00.014
1684857600008,-0.00020982,2023-05-23 16:00:00.008
1684886400000,3.822e-05,2023-05-24 00:00:00.000
1684915200025,-2.99e-06,2023-05-24 08:00:00.025
1684944000008,-8.358e-05,2023-05-24 16:00:00.008
1684972800000,-0.00012332,2023-05-25 00:00:00.000
1685001600025,-3.54e-06,2023-05-25 08:00:00.025
1685030400016,-0.00025769,2023-05-25 16:00:00.016
1685059200000,-0.00012364,2023-05-26 00:00:00.000
1685088000024,-4.332e-05,2023-05-26 08:00:00.024
1685116800012,-0.00014336,2023-05-26 16:00:00.012
1685145600012,-1.536e-05,2023-05-27 00:00:00.012
1685174400018,-7.829e-05,2023-05-27 08:00:00.018
1685203200008,-0.00010325,2023-05-27 16:00:00.008
1685232000017,-0.00012008,2023-05-28 00:00:00.017
1685260800015,-0.00071894,2023-05-28 08:00:00.015
1685289600000,-0.00046909,2023-05-28 16:00:00.000
1685318400000,-0.00031407,2023-05-29 00:00:00.000
1685347200020,-0.00030513,2023-05-29 08:00:00.020
1685376000011,-0.00023552,2023-05-29 16:00:00.011
1685404800003,-0.00031737,2023-05-30 00:00:00.003
1685433600000,-0.00017444,2023-05-30 08:00:00.000
1685462400003,-0.00016318,2023-05-30 16:00:00.003
1685491200013,-0.00031567,2023-05-31 00:00:00.013
1685520000000,-4.26e-06,2023-05-31 08:00:00.000
1685548800000,5.566e-05,2023-05-31 16:00:00.000
1685577600008,2.27e-05,2023-06-01 00:00:00.008
1685606400012,8.318e-05,2023-06-01 08:00:00.012
1685635200000,-0.00043009,2023-06-01 16:00:00.000
1685664000000,-0.0004502,2023-06-02 00:00:00.000
1685692800006,-0.00021416,2023-06-02 08:00:00.006
1685721600012,0.0001,2023-06-02 16:00:00.012
1685750400000,-2.004e-05,2023-06-03 00:00:00.000
1685779200011,7.015e-05,2023-06-03 08:00:00.011
1685808000003,-0.00023488,2023-06-03 16:00:00.003
1685836800000,-5.306e-05,2023-06-04 00:00:00.000
1685865600000,-0.00017105,2023-06-04 08:00:00.000
1685894400000,-0.00048731,2023-06-04 16:00:00.000
1685923200005,-0.00056043,2023-06-05 00:00:00.005
1685952000000,0.0001,2023-06-05 08:00:00.000
1685980800000,-6.569e-05,2023-06-05 16:00:00.000
1686009600000,-0.00050345,2023-06-06 00:00:00.000
1686038400009,-0.00046037,2023-06-06 08:00:00.009
1686067200013,-0.00024932,2023-06-06 16:00:00.013
1686096000000,-0.00026502,2023-06-07 00:00:00.000
1686124800016,-0.00023245,2023-06-07 08:00:00.016
1686153600000,-0.0001045,2023-06-07 16:00:00.000
1686182400006,-2.076e-05,2023-06-08 00:00:00.006
1686211200000,-1.75e-06,2023-06-08 08:00:00.000
1686240000000,-0.00020226,2023-06-08 16:00:00.000
1686268800000,-0.00024725,2023-06-09 00:00:00.000
1686297600000,-0.00016019,2023-06-09 08:00:00.000
1686326400000,-6.876e-05,2023-06-09 16:00:00.000
1686355200000,5.678e-05,2023-06-10 00:00:00.000
1686384000000,-0.00088911,2023-06-10 08:00:00.000
1686412800000,-0.00046933,2023-06-10 16:00:00.000
1686441600001,-0.00063996,2023-06-11 00:00:00.001
1686470400000,-0.00079318,2023-06-11 08:00:00.000
1686499200000,-0.00053438,2023-06-11 16:00:00.000
1686528000000,-0.00030367,2023-06-12 00:00:00.000
1686556800000,7.278e-05,2023-06-12 08:00:00.000
1686585600001,1.154e-05,2023-06-12 16:00:00.001
1686614400000,-5.769e-05,2023-06-13 00:00:00.000
1686643200000,-0.00028,2023-06-13 08:00:00.000
1686672000000,-0.00087913,2023-06-13 16:00:00.000
1686700800000,-0.00192524,2023-06-14 00:00:00.000
1686729600000,-0.00060151,2023-06-14 08:00:00.000
1686758400000,-0.00036131,2023-06-14 16:00:00.000
1686787200000,-0.00036352,2023-06-15 00:00:00.000
1686816000000,4.931e-05,2023-06-15 08:00:00.000
1686844800000,-0.0009934,2023-06-15 16:00:00.000
1686873600000,-0.00054572,2023-06-16 00:00:00.000
1686902400000,-0.00027255,2023-06-16 08:00:00.000
1686931200000,-0.00014232,2023-06-16 16:00:00.000
1686960000000,-0.00026871,2023-06-17 00:00:00.000
1686988800000,2.256e-05,2023-06-17 08:00:00.000
1687017600000,9.71e-06,2023-06-17 16:00:00.000
1687046400000,-0.00013316,2023-06-18 00:00:00.000
1687075200000,-0.00017181,2023-06-18 08:00:00.000
1687104000000,-0.00021539,2023-06-18 16:00:00.000
1687132800000,-0.00027354,2023-06-19 00:00:00.000
1687161600000,-0.0004327,2023-06-19 08:00:00.000
1687190400000,-0.00037375,2023-06-19 16:00:00.000
1687219200001,-0.00014076,2023-06-20 00:00:00.001
1687248000000,-0.00023521,2023-06-20 08:00:00.000
1687276800000,-0.0003478,2023-06-20 16:00:00.000
1687305600000,0.0001,2023-06-21 00:00:00.000
1687334400000,8.737e-05,2023-06-21 08:00:00.000
1687363200000,-3.997e-05,2023-06-21 16:00:00.000
1687392000000,-6.56e-05,2023-06-22 00:00:00.000
1687420800001,-3.882e-05,2023-06-22 08:00:00.001
1687449600000,-1.694e-05,2023-06-22 16:00:00.000
1687478400000,7.692e-05,2023-06-23 00:00:00.000
1687507200000,0.0001,2023-06-23 08:00:00.000
1687536000000,6.229e-05,2023-06-23 16:00:00.000
1687564800000,-0.00019605,2023-06-24 00:00:00.000
1687593600000,-0.00013306,2023-06-24 08:00:00.000
1687622400000,-0.00025428,2023-06-24 16:00:00.000
1687651200000,-0.00024772,2023-06-25 00:00:00.000
1687680000000,0.0001,2023-06-25 08:00:00.000
1687708800000,6.64e-06,2023-06-25 16:00:00.000
1687737600000,4.73e-06,2023-06-26 00:00:00.000
1687766400000,-3.768e-05,2023-06-26 08:00:00.000
1687795200000,-0.00020095,2023-06-26 16:00:00.000
1687824000000,-0.0002227,2023-06-27 00:00:00.000
1687852800000,-0.00021545,2023-06-27 08:00:00.000
1687881600000,-0.00026264,2023-06-27 16:00:00.000
1687910400000,-5.2e-05,2023-06-28 00:00:00.000
1687939200000,1.875e-05,2023-06-28 08:00:00.000
1687968000000,-9.03e-06,2023-06-28 16:00:00.000
1687996800000,-0.00021582,2023-06-29 00:00:00.000
1688025600000,-0.00017912,2023-06-29 08:00:00.000
1688054400000,-5.05e-05,2023-06-29 16:00:00.000
1688083200000,-0.00053087,2023-06-30 00:00:00.000
1688112000000,5.614e-05,2023-06-30 08:00:00.000
1688140800001,-0.0001036,2023-06-30 16:00:00.001
1688169600000,-0.00011252,2023-07-01 00:00:00.000
1688198400000,-0.00020961,2023-07-01 08:00:00.000
1688227200000,-6.388e-05,2023-07-01 16:00:00.000
1688256000000,2.53e-05,2023-07-02 00:00:00.000
1688284800000,0.0001,2023-07-02 08:00:00.000
1688313600001,8.689e-05,2023-07-02 16:00:00.001
1688342400000,-5.85e-05,2023-07-03 00:00:00.000
1688371200000,-0.00010954,2023-07-03 08:00:00.000
1688400000000,1.432e-05,2023-07-03 16:00:00.000
1688428800001,-0.00015895,2023-07-04 00:00:00.001
1688457600000,-0.0001219,2023-07-04 08:00:00.000
1688486400000,-0.00012848,2023-07-04 16:00:00.000
1688515200000,-0.00043582,2023-07-05 00:00:00.000
1688544000000,-2.4e-05,2023-07-05 08:00:00.000
1688572800000,-0.00013817,2023-07-05 16:00:00.000
1688601600000,-0.00038796,2023-07-06 00:00:00.000
1688630400000,-0.0002788,2023-07-06 08:00:00.000
1688659200000,-0.0004005,2023-07-06 16:00:00.000
1688688000000,-0.00014644,2023-07-07 00:00:00.000
1688716800000,-0.00035472,2023-07-07 08:00:00.000
1688745600000,-0.00048528,2023-07-07 16:00:00.000
1688774400000,-0.00031224,2023-07-08 00:00:00.000
1688803200000,-0.0002956,2023-07-08 08:00:00.000
1688832000000,-0.00049469,2023-07-08 16:00:00.000
1688860800000,-0.00025108,2023-07-09 00:00:00.000
1688889600000,-0.00048516,2023-07-09 08:00:00.000
1688918400000,-0.0003273,2023-07-09 16:00:00.000
1688947200000,-0.00012658,2023-07-10 00:00:00.000
1688976000000,8.264e-05,2023-07-10 08:00:00.000
1689004800000,-0.00048499,2023-07-10 16:00:00.000
1689033600000,-0.00047167,2023-07-11 00:00:00.000
1689062400000,-0.0002285,2023-07-11 08:00:00.000
1689091200000,-0.00028447,2023-07-11 16:00:00.000
1689120000000,-6.142e-05,2023-07-12 00:00:00.000
1689148800000,-0.00041111,2023-07-12 08:00:00.000
1689177600000,-0.00025369,2023-07-12 16:00:00.000
1689206400000,-5.606e-05,2023-07-13 00:00:00.000
1689235200000,-0.00017614,2023-07-13 08:00:00.000
1689264000000,-0.00030792,2023-07-13 16:00:00.000
1689292800000,3.41e-06,2023-07-14 00:00:00.000
1689321600000,0.0001,2023-07-14 08:00:00.000
1689350400000,2.037e-05,2023-07-14 16:00:00.000
1689379200000,0.0001,2023-07-15 00:00:00.000
1689408000000,7.799e-05,2023-07-15 08:00:00.000
1689436800000,-9.07e-05,2023-07-15 16:00:00.000
1689465600001,-0.00016872,2023-07-16 00:00:00.001
1689494400000,-9.138e-05,2023-07-16 08:00:00.000
1689523200000,-7.43e-06,2023-07-16 16:00:00.000
1689552000000,-2.287e-05,2023-07-17 00:00:00.000
1689580800000,-0.00035443,2023-07-17 08:00:00.000
1689609600000,-6.7e-07,2023-07-17 16:00:00.000
1689638400000,-0.0001073,2023-07-18 00:00:00.000
1689667200000,6.01e-06,2023-07-18 08:00:00.000
1689696000000,-8.321e-05,2023-07-18 16:00:00.000
1689724800000,-5.502e-05,2023-07-19 00:00:00.000
1689753600000,6.037e-05,2023-07-19 08:00:00.000
1689782400001,1.126e-05,2023-07-19 16:00:00.001
1689811200000,-2.039e-05,2023-07-20 00:00:00.000
1689840000000,2.026e-05,2023-07-20 08:00:00.000
1689868800000,-0.00014178,2023-07-20 16:00:00.000
1689897600001,-0.00026915,2023-07-21 00:00:00.001
1689926400000,-0.0001677,2023-07-21 08:00:00.000
1689955200000,-0.00015028,2023-07-21 16:00:00.000
1689984000000,-0.00059534,2023-07-22 00:00:00.000
1690012800000,-0.00045669,2023-07-22 08:00:00.000
1690041600000,-0.00051221,2023-07-22 16:00:00.000
1690070400000,-0.00056465,2023-07-23 00:00:00.000
1690099200000,-0.00012182,2023-07-23 08:00:00.000
1690128000000,-0.00011482,2023-07-23 16:00:00.000
1690156800000,-0.00028848,2023-07-24 00:00:00.000
1690185600000,-5.991e-05,2023-07-24 08:00:00.000
1690214400000,-6.473e-05,2023-07-24 16:00:00.000
1690243200000,-0.00027519,2023-07-25 00:00:00.000
1690272000000,5.804e-05,2023-07-25 08:00:00.000
1690300800000,-5.009e-05,2023-07-25 16:00:00.000
1690329600000,-0.00015829,2023-07-26 00:00:00.000
1690358400001,1.15e-06,2023-07-26 08:00:00.001
1690387200000,-0.00012526,2023-07-26 16:00:00.000
1690416000000,-0.00020929,2023-07-27 00:00:00.000
1690444800000,-0.00021537,2023-07-27 08:00:00.000
1690473600001,-0.00033416,2023-07-27 16:00:00.001
1690502400000,-9.962e-05,2023-07-28 00:00:00.000
1690531200000,-0.00025156,2023-07-28 08:00:00.000
1690560000000,-0.0002759,2023-07-28 16:00:00.000
1690588800000,-2.107e-05,2023-07-29 00:00:00.000
1690617600000,-0.00010147,2023-07-29 08:00:00.000
1690646400001,1.869e-05,2023-07-29 16:00:00.001
1690675200000,-2.375e-05,2023-07-30 00:00:00.000
1690704000000,-7.898e-05,2023-07-30 08:00:00.000
1690732800000,-0.00018252,2023-07-30 16:00:00.000
1690761600000,-0.00023267,2023-07-31 00:00:00.000
1690790400000,-0.00016245,2023-07-31 08:00:00.000
1690819200001,-4.34e-06,2023-07-31 16:00:00.001
1690848000000,-1.7e-06,2023-08-01 00:00:00.000
1690876800000,2.44e-05,2023-08-01 08:00:00.000
1690905600000,-8.822e-05,2023-08-01 16:00:00.000
1690934400000,-0.00011286,2023-08-02 00:00:00.000
1690963200000,-0.00013833,2023-08-02 08:00:00.000
1690992000000,-0.00031006,2023-08-02 16:00:00.000
1691020800000,8.492e-05,2023-08-03 00:00:00.000
1691049600000,-0.00035011,2023-08-03 08:00:00.000
1691078400001,-0.00023835,2023-08-03 16:00:00.001
1691107200000,-0.00040286,2023-08-04 00:00:00.000
1691136000000,-0.00038387,2023-08-04 08:00:00.000
1691164800000,-0.00016761,2023-08-04 16:00:00.000
1691193600000,-0.00010018,2023-08-05 00:00:00.000
1691222400000,-0.0002089,2023-08-05 08:00:00.000
1691251200001,-0.00011194,2023-08-05 16:00:00.001
1691280000000,-9.88e-06,2023-08-06 00:00:00.000
1691308800001,-8.473e-05,2023-08-06 08:00:00.001
1691337600005,-0.00011893,2023-08-06 16:00:00.005
1691366400000,-0.00014111,2023-08-07 00:00:00.000
1691395200000,-0.00011178,2023-08-07 08:00:00.000
1691424000000,-8.323e-05,2023-08-07 16:00:00.000
1691452800000,-0.00017884,2023-08-08 00:00:00.000
1691481600000,-0.00016996,2023-08-08 08:00:00.000
1691510400000,7.504e-05,2023-08-08 16:00:00.000
1691539200000,2.573e-05,2023-08-09 00:00:00.000
1691568000000,0.0001,2023-08-09 08:00:00.000
1691596800000,3.5e-07,2023-08-09 16:00:00.000
1691625600001,-0.00023817,2023-08-10 00:00:00.001
1691654400000,-0.00034709,2023-08-10 08:00:00.000
1691683200000,-0.00071691,2023-08-10 16:00:00.000
1691712000000,-0.00057979,2023-08-11 00:00:00.000
1691740800000,-0.00018867,2023-08-11 08:00:00.000
1691769600000,-0.00012076,2023-08-11 16:00:00.000
1691798400000,-0.00022805,2023-08-12 00:00:00.000
1691827200000,-0.00012977,2023-08-12 08:00:00.000
1691856000000,-0.0005167,2023-08-12 16:00:00.000
1691884800000,-4.716e-05,2023-08-13 00:00:00.000
1691913600000,-2.428e-05,2023-08-13 08:00:00.000
1691942400000,-0.00015237,2023-08-13 16:00:00.000
1691971200001,-8.584e-05,2023-08-14 00:00:00.001
1692000000000,-1.316e-05,2023-08-14 08:00:00.000
1692028800000,-0.00022068,2023-08-14 16:00:00.000
1692057600001,-0.00030292,2023-08-15 00:00:00.001
1692086400000,-0.00062941,2023-08-15 08:00:00.000
1692115200000,-0.00068652,2023-08-15 16:00:00.000
1692144000000,-0.00050302,2023-08-16 00:00:00.000
1692172800001,-7.665e-05,2023-08-16 08:00:00.001
1692201600000,-0.00040157,2023-08-16 16:00:00.000
1692230400000,-0.00038538,2023-08-17 00:00:00.000
1692259200000,-0.00012048,2023-08-17 08:00:00.000
1692288000000,-0.00011148,2023-08-17 16:00:00.000
1692316800000,-0.00229568,2023-08-18 00:00:00.000
1692345600000,-0.00062705,2023-08-18 08:00:00.000
1692374400000,-0.00039482,2023-08-18 16:00:00.000
1692403200000,-0.00036016,2023-08-19 00:00:00.000
1692432000000,1.018e-05,2023-08-19 08:00:00.000
1692460800000,6.648e-05,2023-08-19 16:00:00.000
1692489600000,1.031e-05,2023-08-20 00:00:00.000
1692518400000,1.837e-05,2023-08-20 08:00:00.000
1692547200000,3.8e-06,2023-08-20 16:00:00.000
1692576000000,3.359e-05,2023-08-21 00:00:00.000
1692604800000,4.368e-05,2023-08-21 08:00:00.000
1692633600000,-0.00018973,2023-08-21 16:00:00.000
1692662400000,-0.00025032,2023-08-22 00:00:00.000
1692691200000,3.927e-05,2023-08-22 08:00:00.000
1692720000000,-0.00013619,2023-08-22 16:00:00.000
1692748800000,-0.0002927,2023-08-23 00:00:00.000
1692777600000,-0.00030501,2023-08-23 08:00:00.000
1692806400000,-0.00024214,2023-08-23 16:00:00.000
1692835200000,-8.923e-05,2023-08-24 00:00:00.000
1692864000000,-3.099e-05,2023-08-24 08:00:00.000
1692892800000,2.873e-05,2023-08-24 16:00:00.000
1692921600000,-6.9e-06,2023-08-25 00:00:00.000
1692950400000,-0.00014729,2023-08-25 08:00:00.000
1692979200000,-0.00010105,2023-08-25 16:00:00.000
1693008000000,-3.018e-05,2023-08-26 00:00:00.000
1693036800000,-0.00022813,2023-08-26 08:00:00.000
1693065600000,-0.00035086,2023-08-26 16:00:00.000
1693094400000,-0.00026575,2023-08-27 00:00:00.000
1693123200000,-0.00026585,2023-08-27 08:00:00.000
1693152000000,-0.00062567,2023-08-27 16:00:00.000
1693180800000,-0.00049615,2023-08-28 00:00:00.000
1693209600001,-0.00045413,2023-08-28 08:00:00.001
1693238400001,-0.00044699,2023-08-28 16:00:00.001
1693267200000,-0.00038804,2023-08-29 00:00:00.000
1693296000000,-0.00045099,2023-08-29 08:00:00.000
1693324800000,-0.00051713,2023-08-29 16:00:00.000
1693353600000,-0.0002713,2023-08-30 00:00:00.000
1693382400000,-0.00047588,2023-08-30 08:00:00.000
1693411200000,-0.00030823,2023-08-30 16:00:00.000
1693440000000,-0.00012333,2023-08-31 00:00:00.000
1693468800000,-0.00017976,2023-08-31 08:00:00.000
1693497600000,-0.00030131,2023-08-31 16:00:00.000
1693526400000,-0.00019257,2023-09-01 00:00:00.000
1693555200000,-8.926e-05,2023-09-01 08:00:00.000
1693584000001,-0.00016751,2023-09-01 16:00:00.001
1693612800000,-0.00026222,2023-09-02 00:00:00.000
1693641600000,-9.079e-05,2023-09-02 08:00:00.000
1693670400000,-0.00014144,2023-09-02 16:00:00.000
1693699200000,-0.00012179,2023-09-03 00:00:00.000
1693728000000,-0.00023776,2023-09-03 08:00:00.000
1693756800000,-0.00038075,2023-09-03 16:00:00.000
1693785600000,-0.00015607,2023-09-04 00:00:00.000
1693814400000,-0.00020381,2023-09-04 08:00:00.000
1693843200000,1.728e-05,2023-09-04 16:00:00.000
1693872000000,-1.874e-05,2023-09-05 00:00:00.000
1693900800000,-0.00010619,2023-09-05 08:00:00.000
1693929600000,-1.008e-05,2023-09-05 16:00:00.000
1693958400000,-6.264e-05,2023-09-06 00:00:00.000
1693987200000,-0.00018396,2023-09-06 08:00:00.000
1694016000001,-0.0001909,2023-09-06 16:00:00.001
1694044800000,-9.02e-05,2023-09-07 00:00:00.000
1694073600000,-0.0001141,2023-09-07 08:00:00.000
1694102400000,-0.00010118,2023-09-07 16:00:00.000
1694131200000,-0.00020355,2023-09-08 00:00:00.000
1694160000000,-8.158e-05,2023-09-08 08:00:00.000
1694188800000,-6.137e-05,2023-09-08 16:00:00.000
1694217600000,-0.00016384,2023-09-09 00:00:00.000
1694246400000,-0.00013649,2023-09-09 08:00:00.000
1694275200000,-0.00018187,2023-09-09 16:00:00.000
1694304000000,-6.119e-05,2023-09-10 00:00:00.000
1694332800000,-0.00013788,2023-09-10 08:00:00.000
1694361600000,-0.00012153,2023-09-10 16:00:00.000
1694390400000,-5.624e-05,2023-09-11 00:00:00.000
1694419200000,-6.408e-05,2023-09-11 08:00:00.000
1694448000001,-0.00013289,2023-09-11 16:00:00.001
1694476800000,-0.0004098,2023-09-12 00:00:00.000
1694505600000,-0.00029725,2023-09-12 08:00:00.000
1694534400000,-0.00022013,2023-09-12 16:00:00.000
1694563200000,-0.00023817,2023-09-13 00:00:00.000
1694592000000,-0.00019012,2023-09-13 08:00:00.000
1694620800000,-3.654e-05,2023-09-13 16:00:00.000
1694649600000,-0.00019489,2023-09-14 00:00:00.000
1694678400001,-0.0002852,2023-09-14 08:00:00.001
1694707200000,-0.00029604,2023-09-14 16:00:00.000
1694736000000,-0.0003198,2023-09-15 00:00:00.000
1694764800000,-0.00016647,2023-09-15 08:00:00.000
1694793600000,-0.00019614,2023-09-15 16:00:00.000
1694822400000,-0.0001069,2023-09-16 00:00:00.000
1694851200000,7.459e-05,2023-09-16 08:00:00.000
1694880000000,-3.408e-05,2023-09-16 16:00:00.000
1694908800000,-7.885e-05,2023-09-17 00:00:00.000
1694937600000,-0.00016274,2023-09-17 08:00:00.000
1694966400000,-4.125e-05,2023-09-17 16:00:00.000
1694995200000,-0.00010872,2023-09-18 00:00:00.000
1695024000000,-0.00022881,2023-09-18 08:00:00.000
1695052800000,-0.00019632,2023-09-18 16:00:00.000
1695081600000,-0.00020377,2023-09-19 00:00:00.000
1695110400001,-8.494e-05,2023-09-19 08:00:00.001
1695139200000,-8.88e-06,2023-09-19 16:00:00.000
1695168000000,-1.82e-05,2023-09-20 00:00:00.000
1695196800000,5.094e-05,2023-09-20 08:00:00.000
1695225600000,0.0001,2023-09-20 16:00:00.000
1695254400001,-3.205e-05,2023-09-21 00:00:00.001
1695283200000,0.0001,2023-09-21 08:00:00.000
1695312000000,6.44e-05,2023-09-21 16:00:00.000
1695340800000,-6.554e-05,2023-09-22 00:00:00.000
1695369600000,-3.504e-05,2023-09-22 08:00:00.000
1695398400000,-0.00024347,2023-09-22 16:00:00.000
1695427200000,-6.063e-05,2023-09-23 00:00:00.000
1695456000000,2.32e-05,2023-09-23 08:00:00.000
1695484800000,1.145e-05,2023-09-23 16:00:00.000
1695513600000,-2.479e-05,2023-09-24 00:00:00.000
1695542400000,-1.56e-05,2023-09-24 08:00:00.000
1695571200000,6.519e-05,2023-09-24 16:00:00.000
1695600000000,2.198e-05,2023-09-25 00:00:00.000
1695628800000,-0.00016777,2023-09-25 08:00:00.000
1695657600000,-0.00058403,2023-09-25 16:00:00.000
1695686400000,-0.00040506,2023-09-26 00:00:00.000
1695715200000,-0.00021019,2023-09-26 08:00:00.000
1695744000000,-0.00034774,2023-09-26 16:00:00.000
1695772800000,-0.00036718,2023-09-27 00:00:00.000
1695801600001,-0.00032909,2023-09-27 08:00:00.001
1695830400000,-0.00026294,2023-09-27 16:00:00.000
1695859200000,-0.00014065,2023-09-28 00:00:00.000
1695888000000,-0.00021331,2023-09-28 08:00:00.000
1695916800000,-0.000223,2023-09-28 16:00:00.000
1695945600000,-0.00026405,2023-09-29 00:00:00.000
1695974400000,-0.00015213,2023-09-29 08:00:00.000
1696003200000,-4.9e-07,2023-09-29 16:00:00.000
1696032000000,-4.384e-05,2023-09-30 00:00:00.000
1696060800000,-0.00012614,2023-09-30 08:00:00.000
1696089600000,-0.00022303,2023-09-30 16:00:00.000
1696118400000,-0.00015792,2023-10-01 00:00:00.000
1696147200000,-0.00024848,2023-10-01 08:00:00.000
1696176000000,-6.812e-05,2023-10-01 16:00:00.000
1696204800000,-0.00013028,2023-10-02 00:00:00.000
1696233600000,3.99e-05,2023-10-02 08:00:00.000
1696262400000,4.812e-05,2023-10-02 16:00:00.000
1696291200000,1.579e-05,2023-10-03 00:00:00.000
1696320000000,-5.878e-05,2023-10-03 08:00:00.000
1696348800000,-2.756e-05,2023-10-03 16:00:00.000
1696377600000,-5.079e-05,2023-10-04 00:00:00.000
1696406400000,-3.944e-05,2023-10-04 08:00:00.000
1696435200000,-5.57e-05,2023-10-04 16:00:00.000
1696464000000,-0.00015459,2023-10-05 00:00:00.000
1696492800000,-0.00010562,2023-10-05 08:00:00.000
1696521600001,-7.035e-05,2023-10-05 16:00:00.001
1696550400000,-7.363e-05,2023-10-06 00:00:00.000
1696579200000,-0.00012977,2023-10-06 08:00:00.000
1696608000000,-9.941e-05,2023-10-06 16:00:00.000
1696636800000,-0.00017039,2023-10-07 00:00:00.000
1696665600000,-0.00012284,2023-10-07 08:00:00.000
1696694400000,-0.00022133,2023-10-07 16:00:00.000
1696723200000,3.193e-05,2023-10-08 00:00:00.000
1696752000001,-2.358e-05,2023-10-08 08:00:00.001
1696780800000,7.92e-06,2023-10-08 16:00:00.000
1696809600000,-6.785e-05,2023-10-09 00:00:00.000
1696838400000,4.855e-05,2023-10-09 08:00:00.000
1696867200000,4.607e-05,2023-10-09 16:00:00.000
1696896000000,6.225e-05,2023-10-10 00:00:00.000
1696924800000,5.037e-05,2023-10-10 08:00:00.000
1696953600000,-2.075e-05,2023-10-10 16:00:00.000
1696982400000,8.142e-05,2023-10-11 00:00:00.000
1697011200000,-9.51e-06,2023-10-11 08:00:00.000
1697040000000,-4.415e-05,2023-10-11 16:00:00.000
1697068800000,8.46e-06,2023-10-12 00:00:00.000
1697097600000,4.283e-05,2023-10-12 08:00:00.000
1697126400000,-0.00012183,2023-10-12 16:00:00.000
1697155200000,-7.279e-05,2023-10-13 00:00:00.000
1697184000000,-4.779e-05,2023-10-13 08:00:00.000
1697212800000,-8.449e-05,2023-10-13 16:00:00.000
1697241600000,-7.134e-05,2023-10-14 00:00:00.000
1697270400000,2.916e-05,2023-10-14 08:00:00.000
1697299200000,-4.535e-05,2023-10-14 16:00:00.000
1697328000000,-0.00023088,2023-10-15 00:00:00.000
1697356800000,-7.737e-05,2023-10-15 08:00:00.000
1697385600000,-4.603e-05,2023-10-15 16:00:00.000
1697414400000,-2.626e-05,2023-10-16 00:00:00.000
1697443200000,5.994e-05,2023-10-16 08:00:00.000
1697472000000,7.932e-05,2023-10-16 16:00:00.000
1697500800000,8.484e-05,2023-10-17 00:00:00.000
1697529600000,3.045e-05,2023-10-17 08:00:00.000
1697558400000,5.847e-05,2023-10-17 16:00:00.000
1697587200000,6.172e-05,2023-10-18 00:00:00.000
1697616000000,-5.714e-05,2023-10-18 08:00:00.000
1697644800000,-8.538e-05,2023-10-18 16:00:00.000
1697673600000,-0.00039888,2023-10-19 00:00:00.000
1697702400001,-0.00026639,2023-10-19 08:00:00.001
1697731200000,-0.00093011,2023-10-19 16:00:00.000
1697760000000,-0.0003169,2023-10-20 00:00:00.000
1697788800005,-0.00058591,2023-10-20 08:00:00.005
1697817600000,-0.00031541,2023-10-20 16:00:00.000
1697846400000,-0.00035735,2023-10-21 00:00:00.000
1697875200000,-0.00024155,2023-10-21 08:00:00.000
1697904000000,-0.00016055,2023-10-21 16:00:00.000
1697932800000,-0.00014362,2023-10-22 00:00:00.000
1697961600000,-7.158e-05,2023-10-22 08:00:00.000
1697990400000,-0.00013297,2023-10-22 16:00:00.000
1698019200000,-0.00030735,2023-10-23 00:00:00.000
1698048000001,-0.00011417,2023-10-23 08:00:00.001
1698076800001,-0.00015282,2023-10-23 16:00:00.001
1698105600000,7.304e-05,2023-10-24 00:00:00.000
1698134400000,-3.865e-05,2023-10-24 08:00:00.000
1698163200000,0.0001,2023-10-24 16:00:00.000
1698192000000,0.0001,2023-10-25 00:00:00.000
1698220800000,0.0001,2023-10-25 08:00:00.000
1698249600001,0.0001,2023-10-25 16:00:00.001
1698278400001,0.0001,2023-10-26 00:00:00.001
1698307200000,0.0001,2023-10-26 08:00:00.000
1698336000000,0.0001,2023-10-26 16:00:00.000
1698364800000,0.0001,2023-10-27 00:00:00.000
1698393600000,0.0001,2023-10-27 08:00:00.000
1698422400000,0.0001,2023-10-27 16:00:00.000
1698451200000,0.0001,2023-10-28 00:00:00.000
1698480000001,0.0001,2023-10-28 08:00:00.001
1698508800000,0.0001,2023-10-28 16:00:00.000
1698537600000,0.0001,2023-10-29 00:00:00.000
1698566400000,0.0001,2023-10-29 08:00:00.000
1698595200000,0.0001,2023-10-29 16:00:00.000
1698624000000,0.0001,2023-10-30 00:00:00.000
1698652800000,0.0001,2023-10-30 08:00:00.000
1698681600000,0.0001,2023-10-30 16:00:00.000
1698710400001,0.0001,2023-10-31 00:00:00.001
1698739200000,0.0001,2023-10-31 08:00:00.000
1698768000000,0.0001,2023-10-31 16:00:00.000
1698796800000,0.0001,2023-11-01 00:00:00.000
1698825600000,0.0001,2023-11-01 08:00:00.000
1698854400000,0.0001,2023-11-01 16:00:00.000
1698883200001,0.0001,2023-11-02 00:00:00.001
1698912000000,-0.00017197,2023-11-02 08:00:00.000
1698940800000,0.0001,2023-11-02 16:00:00.000
1698969600000,0.0001,2023-11-03 00:00:00.000
1698998400000,0.0001,2023-11-03 08:00:00.000
1699027200000,0.0001,2023-11-03 16:00:00.000
1699056000000,0.0001,2023-11-04 00:00:00.000
1699084800000,0.0001,2023-11-04 08:00:00.000
1699113600000,0.0001,2023-11-04 16:00:00.000
1699142400000,0.0001,2023-11-05 00:00:00.000
1699171200000,0.0001,2023-11-05 08:00:00.000
1699200000000,0.0001,2023-11-05 16:00:00.000
1699228800000,0.0001,2023-11-06 00:00:00.000
1699257600001,0.0001,2023-11-06 08:00:00.001
1699286400000,0.0001,2023-11-06 16:00:00.000
1699315200001,0.0001,2023-11-07 00:00:00.001
1699344000000,0.0001,2023-11-07 08:00:00.000
1699372800000,0.00011453,2023-11-07 16:00:00.000
1699401600000,0.0001,2023-11-08 00:00:00.000
1699430400000,0.00012349,2023-11-08 08:00:00.000
1699459200000,0.0001,2023-11-08 16:00:00.000
1699488000000,0.0001,2023-11-09 00:00:00.000
1699516800000,0.0001,2023-11-09 08:00:00.000
1699545600000,0.00031477,2023-11-09 16:00:00.000
1699574400000,-5.91e-06,2023-11-10 00:00:00.000
1699603200000,0.0001,2023-11-10 08:00:00.000
1699632000000,0.0001,2023-11-10 16:00:00.000
1699660800000,0.0003061,2023-11-11 00:00:00.000
1699689600000,0.0001,2023-11-11 08:00:00.000
1699718400000,0.0004558,2023-11-11 16:00:00.000
1699747200000,0.00031605,2023-11-12 00:00:00.000
1699776000000,0.00031122,2023-11-12 08:00:00.000
1699804800001,0.0001,2023-11-12 16:00:00.001
1699833600000,0.00049135,2023-11-13 00:00:00.000
1699862400000,0.00023205,2023-11-13 08:00:00.000
1699891200000,0.00038834,2023-11-13 16:00:00.000
1699920000000,0.0001,2023-11-14 00:00:00.000
1699948800000,0.0001,2023-11-14 08:00:00.000
1699977600001,0.0001,2023-11-14 16:00:00.001
1700006400000,0.0001,2023-11-15 00:00:00.000
1700035200000,0.0001,2023-11-15 08:00:00.000
1700064000000,0.0001,2023-11-15 16:00:00.000
1700092800000,0.0001,2023-11-16 00:00:00.000
1700121600000,0.00022436,2023-11-16 08:00:00.000
1700150400001,0.00021237,2023-11-16 16:00:00.001
1700179200000,0.0001,2023-11-17 00:00:00.000
1700208000001,0.0001,2023-11-17 08:00:00.001
1700236800001,0.0001,2023-11-17 16:00:00.001
1700265600000,0.0001,2023-11-18 00:00:00.000
1700294400000,0.0001,2023-11-18 08:00:00.000
1700323200000,0.0001,2023-11-18 16:00:00.000
1700352000000,0.0001,2023-11-19 00:00:00.000
1700380800000,0.0001,2023-11-19 08:00:00.000
1700409600000,0.0001,2023-11-19 16:00:00.000
1700438400000,0.0001,2023-11-20 00:00:00.000
1700467200000,0.0001,2023-11-20 08:00:00.000
1700496000000,0.0001,2023-11-20 16:00:00.000
1700524800000,0.0001,2023-11-21 00:00:00.000
1700553600000,0.0001,2023-11-21 08:00:00.000
1700582400000,0.0001,2023-11-21 16:00:00.000
1700611200000,0.0001,2023-11-22 00:00:00.000
1700640000000,0.0001,2023-11-22 08:00:00.000
1700668800000,0.0001,2023-11-22 16:00:00.000
1700697600000,0.0001,2023-11-23 00:00:00.000
1700726400000,0.0001,2023-11-23 08:00:00.000
1700755200001,0.0001,2023-11-23 16:00:00.001
1700784000000,0.0001,2023-11-24 00:00:00.000
1700812800000,0.0001,2023-11-24 08:00:00.000
1700841600000,0.0001,2023-11-24 16:00:00.000
1700870400000,0.0001,2023-11-25 00:00:00.000
1700899200000,0.0001,2023-11-25 08:00:00.000
1700928000000,0.0001,2023-11-25 16:00:00.000
1700956800000,-0.00011358,2023-11-26 00:00:00.000
1700985600000,0.0001,2023-11-26 08:00:00.000
1701014400000,0.0001,2023-11-26 16:00:00.000
1701043200000,0.0001,2023-11-27 00:00:00.000
1701072000001,0.0001,2023-11-27 08:00:00.001
1701100800000,0.0001,2023-11-27 16:00:00.000
1701129600000,0.0001,2023-11-28 00:00:00.000
1701158400000,0.0001,2023-11-28 08:00:00.000
1701187200000,0.0001,2023-11-28 16:00:00.000
1701216000001,0.0001,2023-11-29 00:00:00.001
1701244800000,0.0001,2023-11-29 08:00:00.000
1701273600000,0.0001,2023-11-29 16:00:00.000
1701302400000,0.0001,2023-11-30 00:00:00.000
1701331200000,0.0001,2023-11-30 08:00:00.000
1701360000000,0.0001,2023-11-30 16:00:00.000
1701388800000,0.0001,2023-12-01 00:00:00.000
1701417600000,0.0001,2023-12-01 08:00:00.000
1701446400000,0.0001,2023-12-01 16:00:00.000
1701475200000,0.0001,2023-12-02 00:00:00.000
1701504000000,0.0001,2023-12-02 08:00:00.000
1701532800000,0.0001,2023-12-02 16:00:00.000
1701561600000,0.00019787,2023-12-03 00:00:00.000
1701590400000,0.00019194,2023-12-03 08:00:00.000
1701619200000,0.0002413,2023-12-03 16:00:00.000
1701648000000,0.00035409,2023-12-04 00:00:00.000
1701676800000,0.00047952,2023-12-04 08:00:00.000
1701705600000,0.0001,2023-12-04 16:00:00.000
1701734400000,0.0001,2023-12-05 00:00:00.000
1701763200000,0.0001,2023-12-05 08:00:00.000
1701792000000,0.00019483,2023-12-05 16:00:00.000
1701820800000,0.0001,2023-12-06 00:00:00.000
1701849600000,0.0001,2023-12-06 08:00:00.000
1701878400000,0.0001,2023-12-06 16:00:00.000
1701907200000,0.0001,2023-12-07 00:00:00.000
1701936000000,0.0001,2023-12-07 08:00:00.000
1701964800000,0.0001,2023-12-07 16:00:00.000
1701993600000,0.0001,2023-12-08 00:00:00.000
1702022400000,0.00038151,2023-12-08 08:00:00.000
1702051200000,0.00024667,2023-12-08 16:00:00.000
1702080000000,0.00054605,2023-12-09 00:00:00.000
1702108800000,0.00071106,2023-12-09 08:00:00.000
1702137600000,0.00017627,2023-12-09 16:00:00.000
1702166400000,0.0001888,2023-12-10 00:00:00.000
1702195200000,0.00032306,2023-12-10 08:00:00.000
1702224000000,0.0001,2023-12-10 16:00:00.000
1702252800000,0.00017596,2023-12-11 00:00:00.000
1702281600000,0.0001,2023-12-11 08:00:00.000
1702310400000,0.0001,2023-12-11 16:00:00.000
1702339200000,0.00018557,2023-12-12 00:00:00.000
1702368000000,0.00054474,2023-12-12 08:00:00.000
1702396800000,0.00020196,2023-12-12 16:00:00.000
1702425600000,0.00043527,2023-12-13 00:00:00.000
1702454400000,0.00027638,2023-12-13 08:00:00.000
1702483200001,0.00016187,2023-12-13 16:00:00.001
1702512000000,0.00011408,2023-12-14 00:00:00.000
1702540800000,0.00028532,2023-12-14 08:00:00.000
1702569600000,0.00023147,2023-12-14 16:00:00.000
1702598400000,0.00048179,2023-12-15 00:00:00.000
1702627200000,0.0004523,2023-12-15 08:00:00.000
1702656000000,0.00061979,2023-12-15 16:00:00.000
1702684800000,0.00024317,2023-12-16 00:00:00.000
1702713600000,0.0001,2023-12-16 08:00:00.000
1702742400001,0.0001,2023-12-16 16:00:00.001
1702771200000,0.00021107,2023-12-17 00:00:00.000
1702800000000,0.00028918,2023-12-17 08:00:00.000
1702828800000,0.00019394,2023-12-17 16:00:00.000
1702857600000,0.0001,2023-12-18 00:00:00.000
1702886400001,0.00010026,2023-12-18 08:00:00.001
1702915200000,0.0001,2023-12-18 16:00:00.000
1702944000000,0.00034003,2023-12-19 00:00:00.000
1702972800000,0.0001101,2023-12-19 08:00:00.000
1703001600000,0.00018889,2023-12-19 16:00:00.000
1703030400000,0.00016768,2023-12-20 00:00:00.000
1703059200000,0.00025588,2023-12-20 08:00:00.000
1703088000000,0.00044126,2023-12-20 16:00:00.000
1703116800000,0.00027677,2023-12-21 00:00:00.000
1703145600000,0.00022975,2023-12-21 08:00:00.000
1703174400000,0.00021022,2023-12-21 16:00:00.000
1703203200000,0.00031457,2023-12-22 00:00:00.000
1703232000000,0.0002306,2023-12-22 08:00:00.000
1703260800000,0.00052212,2023-12-22 16:00:00.000
1703289600000,0.00045897,2023-12-23 00:00:00.000
1703318400001,0.00042377,2023-12-23 08:00:00.001
1703347200000,0.00015799,2023-12-23 16:00:00.000
1703376000000,0.00030738,2023-12-24 00:00:00.000
1703404800000,0.00052289,2023-12-24 08:00:00.000
1703433600000,0.00036356,2023-12-24 16:00:00.000
1703462400000,0.00033507,2023-12-25 00:00:00.000
1703491200000,0.00032704,2023-12-25 08:00:00.000
1703520000000,0.0007508,2023-12-25 16:00:00.000
1703548800000,0.0008073,2023-12-26 00:00:00.000
1703577600000,0.00042022,2023-12-26 08:00:00.000
1703606400000,0.00066224,2023-12-26 16:00:00.000
1703635200000,0.00022018,2023-12-27 00:00:00.000
1703664000000,0.00027403,2023-12-27 08:00:00.000
1703692800000,0.00030373,2023-12-27 16:00:00.000
1703721600000,0.00026453,2023-12-28 00:00:00.000
1703750400000,0.0008822,2023-12-28 08:00:00.000
1703779200000,0.00079522,2023-12-28 16:00:00.000
1703808000001,0.00062272,2023-12-29 00:00:00.001
1703836800000,0.0005158,2023-12-29 08:00:00.000
1703865600000,0.00054322,2023-12-29 16:00:00.000
1703894400001,0.00059824,2023-12-30 00:00:00.001
1703923200000,0.00054051,2023-12-30 08:00:00.000
1703952000000,0.0005507,2023-12-30 16:00:00.000
1703980800000,0.00038024,2023-12-31 00:00:00.000
1704009600001,0.0004032,2023-12-31 08:00:00.001
1704038400000,0.0004428,2023-12-31 16:00:00.000
1704067200000,0.00046903,2024-01-01 00:00:00.000
1704096000000,0.00038432,2024-01-01 08:00:00.000
1704124800000,0.00058695,2024-01-01 16:00:00.000
1704153600000,0.00084973,2024-01-02 00:00:00.000
1704182400000,0.00069976,2024-01-02 08:00:00.000
1704211200000,0.00084192,2024-01-02 16:00:00.000
1704240000000,0.00044017,2024-01-03 00:00:00.000
1704268800000,0.00036073,2024-01-03 08:00:00.000
1704297600000,0.0001,2024-01-03 16:00:00.000
1704326400000,0.0001,2024-01-04 00:00:00.000
1704355200000,0.0001,2024-01-04 08:00:00.000
1704384000000,0.0001,2024-01-04 16:00:00.000
1704412800001,0.0001,2024-01-05 00:00:00.001
1704441600000,0.0001,2024-01-05 08:00:00.000
1704470400000,0.0001,2024-01-05 16:00:00.000
1704499200000,0.0001,2024-01-06 00:00:00.000
1704528000000,0.0001,2024-01-06 08:00:00.000
1704556800000,0.0001,2024-01-06 16:00:00.000
1704585600000,0.0001,2024-01-07 00:00:00.000
1704614400001,0.0001,2024-01-07 08:00:00.001
1704643200001,0.0001,2024-01-07 16:00:00.001
1704672000000,0.0001,2024-01-08 00:00:00.000
1704700800000,0.0001,2024-01-08 08:00:00.000
1704729600000,0.0001,2024-01-08 16:00:00.000
1704758400001,0.0001,2024-01-09 00:00:00.001
1704787200000,0.0001,2024-01-09 08:00:00.000
1704816000000,0.0001,2024-01-09 16:00:00.000
1704844800000,0.0001,2024-01-10 00:00:00.000
1704873600000,0.0001,2024-01-10 08:00:00.000
1704902400000,0.0001,2024-01-10 16:00:00.000
1704931200000,0.0001,2024-01-11 00:00:00.000
1704960000000,0.0001,2024-01-11 08:00:00.000
1704988800000,0.0001,2024-01-11 16:00:00.000
1705017600001,0.0001,2024-01-12 00:00:00.001
1705046400000,0.0001,2024-01-12 08:00:00.000
1705075200000,0.0001,2024-01-12 16:00:00.000
1705104000000,0.0001,2024-01-13 00:00:00.000
1705132800000,0.0001,2024-01-13 08:00:00.000
1705161600001,0.0001,2024-01-13 16:00:00.001
1705190400000,0.0001,2024-01-14 00:00:00.000
1705219200000,0.0001,2024-01-14 08:00:00.000
1705248000001,0.0001,2024-01-14 16:00:00.001
1705276800000,0.0001,2024-01-15 00:00:00.000
1705305600000,0.0001,2024-01-15 08:00:00.000
1705334400000,0.0001,2024-01-15 16:00:00.000
1705363200000,0.0001,2024-01-16 00:00:00.000
1705392000000,0.0001,2024-01-16 08:00:00.000
1705420800001,0.0001,2024-01-16 16:00:00.001
1705449600000,0.0001,2024-01-17 00:00:00.000
1705478400000,0.0001,2024-01-17 08:00:00.000
1705507200000,0.0001,2024-01-17 16:00:00.000
1705536000001,0.0001,2024-01-18 00:00:00.001
1705564800000,0.0001,2024-01-18 08:00:00.000
1705593600000,0.0001,2024-01-18 16:00:00.000
1705622400000,0.0001,2024-01-19 00:00:00.000
1705651200000,0.0001,2024-01-19 08:00:00.000
1705680000002,0.0001,2024-01-19 16:00:00.002
1705708800000,0.0001,2024-01-20 00:00:00.000
1705737600003,0.0001,2024-01-20 08:00:00.003
1705766400000,0.0001,2024-01-20 16:00:00.000
1705795200000,0.0001,2024-01-21 00:00:00.000
1705824000000,0.0001,2024-01-21 08:00:00.000
1705852800000,0.0001,2024-01-21 16:00:00.000
1705881600000,0.0001,2024-01-22 00:00:00.000
1705910400000,0.0001,2024-01-22 08:00:00.000
1705939200000,0.0001,2024-01-22 16:00:00.000
1705968000000,0.0001,2024-01-23 00:00:00.000
1705996800000,0.0001,2024-01-23 08:00:00.000
1706025600000,2.445e-05,2024-01-23 16:00:00.000
1706054400000,4.017e-05,2024-01-24 00:00:00.000
1706083200000,0.0001,2024-01-24 08:00:00.000
1706112000000,9.564e-05,2024-01-24 16:00:00.000
1706140800000,0.0001,2024-01-25 00:00:00.000
1706169600001,0.0001,2024-01-25 08:00:00.001
1706198400000,0.0001,2024-01-25 16:00:00.000
1706227200001,0.0001,2024-01-26 00:00:00.001
1706256000000,0.0001,2024-01-26 08:00:00.000
1706284800000,-2.125e-05,2024-01-26 16:00:00.000
1706313600000,0.0001,2024-01-27 00:00:00.000
1706342400000,-9.415e-05,2024-01-27 08:00:00.000
1706371200000,-0.00014842,2024-01-27 16:00:00.000
1706400000000,-2.594e-05,2024-01-28 00:00:00.000
1706428800000,1.713e-05,2024-01-28 08:00:00.000
1706457600000,0.0001,2024-01-28 16:00:00.000
1706486400000,7.606e-05,2024-01-29 00:00:00.000
1706515200001,0.0001,2024-01-29 08:00:00.001
1706544000000,0.0001,2024-01-29 16:00:00.000
1706572800000,0.0001,2024-01-30 00:00:00.000
1706601600000,9.998e-05,2024-01-30 08:00:00.000
1706630400001,7.299e-05,2024-01-30 16:00:00.001
1706659200000,0.0001,2024-01-31 00:00:00.000
1706688000000,0.0001,2024-01-31 08:00:00.000
1706716800000,0.0001,2024-01-31 16:00:00.000
1706745600000,0.0001,2024-02-01 00:00:00.000
1706774400000,0.0001,2024-02-01 08:00:00.000
1706803200002,0.0001,2024-02-01 16:00:00.002
1706832000000,0.0001,2024-02-02 00:00:00.000
1706860800000,0.0001,2024-02-02 08:00:00.000
1706889600000,0.0001,2024-02-02 16:00:00.000
1706918400000,0.0001,2024-02-03 00:00:00.000
1706947200000,0.0001,2024-02-03 08:00:00.000
1706976000001,0.0001,2024-02-03 16:00:00.001
1707004800000,0.0001,2024-02-04 00:00:00.000
1707033600004,0.0001,2024-02-04 08:00:00.004
1707062400000,0.0001,2024-02-04 16:00:00.000
1707091200000,0.0001,2024-02-05 00:00:00.000
1707120000000,0.0001,2024-02-05 08:00:00.000
1707148800000,0.0001,2024-02-05 16:00:00.000
1707177600000,0.0001,2024-02-06 00:00:00.000
1707206400001,0.0001,2024-02-06 08:00:00.001
1707235200000,0.0001,2024-02-06 16:00:00.000
1707264000000,0.0001,2024-02-07 00:00:00.000
1707292800000,0.0001,2024-02-07 08:00:00.000
1707321600000,0.0001,2024-02-07 16:00:00.000
1707350400000,0.0001,2024-02-08 00:00:00.000
1707379200000,0.0001,2024-02-08 08:00:00.000
1707408000000,0.0001,2024-02-08 16:00:00.000
1707436800000,0.0001,2024-02-09 00:00:00.000
1707465600000,0.0001,2024-02-09 08:00:00.000
1707494400001,0.0001,2024-02-09 16:00:00.001
1707523200001,0.0001,2024-02-10 00:00:00.001
1707552000000,0.0001,2024-02-10 08:00:00.000
1707580800000,0.0001,2024-02-10 16:00:00.000
1707609600000,0.0001,2024-02-11 00:00:00.000
1707638400001,0.0001,2024-02-11 08:00:00.001
1707667200000,0.0001,2024-02-11 16:00:00.000
1707696000000,0.0001,2024-02-12 00:00:00.000
1707724800000,0.0001,2024-02-12 08:00:00.000
1707753600000,0.00016239,2024-02-12 16:00:00.000
1707782400000,0.00033247,2024-02-13 00:00:00.000
1707811200000,0.00036153,2024-02-13 08:00:00.000
1707840000000,0.00026615,2024-02-13 16:00:00.000
1707868800000,0.00036201,2024-02-14 00:00:00.000
1707897600000,0.00013634,2024-02-14 08:00:00.000
1707926400000,0.0003648,2024-02-14 16:00:00.000
1707955200000,0.0004448,2024-02-15 00:00:00.000
1707984000000,0.00035024,2024-02-15 08:00:00.000
1708012800000,0.00038827,2024-02-15 16:00:00.000
1708041600000,0.0005035,2024-02-16 00:00:00.000
1708070400000,0.00051865,2024-02-16 08:00:00.000
1708099200000,0.00032413,2024-02-16 16:00:00.000
1708128000000,0.00030057,2024-02-17 00:00:00.000
1708156800000,0.00044667,2024-02-17 08:00:00.000
1708185600000,0.00034367,2024-02-17 16:00:00.000
1708214400000,0.00067514,2024-02-18 00:00:00.000
1708243200000,0.00059557,2024-02-18 08:00:00.000
1708272000000,0.00061651,2024-02-18 16:00:00.000
1708300800000,0.00056728,2024-02-19 00:00:00.000
1708329600000,0.00058636,2024-02-19 08:00:00.000
1708358400000,0.00047818,2024-02-19 16:00:00.000
1708387200000,0.00048337,2024-02-20 00:00:00.000
1708416000000,0.0004799,2024-02-20 08:00:00.000
1708444800000,0.00041088,2024-02-20 16:00:00.000
1708473600000,0.00023791,2024-02-21 00:00:00.000
1708502400000,0.00023168,2024-02-21 08:00:00.000
1708531200000,0.00025173,2024-02-21 16:00:00.000
1708560000001,0.00019064,2024-02-22 00:00:00.001
1708588800001,0.00024187,2024-02-22 08:00:00.001
1708617600000,0.0002859,2024-02-22 16:00:00.000
1708646400000,0.000304,2024-02-23 00:00:00.000
1708675200000,0.00027813,2024-02-23 08:00:00.000
1708704000000,0.00032952,2024-02-23 16:00:00.000
1708732800000,0.00030554,2024-02-24 00:00:00.000
1708761600001,0.00035698,2024-02-24 08:00:00.001
1708790400000,0.00025307,2024-02-24 16:00:00.000
1708819200001,0.00039824,2024-02-25 00:00:00.001
1708848000000,0.00043841,2024-02-25 08:00:00.000
1708876800000,0.00043324,2024-02-25 16:00:00.000
1708905600000,0.00045159,2024-02-26 00:00:00.000
1708934400000,0.00060171,2024-02-26 08:00:00.000
1708963200000,0.00043571,2024-02-26 16:00:00.000
1708992000000,0.00060468,2024-02-27 00:00:00.000
1709020800000,0.00075338,2024-02-27 08:00:00.000
1709049600000,0.00039871,2024-02-27 16:00:00.000
1709078400000,0.0006975,2024-02-28 00:00:00.000
1709107200000,0.00047018,2024-02-28 08:00:00.000
1709136000000,0.0005544,2024-02-28 16:00:00.000
1709164800000,0.00060325,2024-02-29 00:00:00.000
1709193600000,0.0008663,2024-02-29 08:00:00.000
1709222400000,0.00084306,2024-02-29 16:00:00.000
1709251200000,0.00072037,2024-03-01 00:00:00.000
1709280000000,0.00073004,2024-03-01 08:00:00.000
1709308800000,0.00059492,2024-03-01 16:00:00.000
1709337600000,0.0009229,2024-03-02 00:00:00.000
1709366400001,0.00110644,2024-03-02 08:00:00.001
1709395200000,0.00108217,2024-03-02 16:00:00.000
1709424000000,0.00115037,2024-03-03 00:00:00.000
1709452800000,0.00112202,2024-03-03 08:00:00.000
1709481600000,0.00063861,2024-03-03 16:00:00.000
1709510400000,0.00052601,2024-03-04 00:00:00.000
1709539200000,0.00103079,2024-03-04 08:00:00.000
1709568000000,0.00088454,2024-03-04 16:00:00.000
1709596800000,0.00055259,2024-03-05 00:00:00.000
1709625600000,0.00130169,2024-03-05 08:00:00.000
1709654400000,0.00103251,2024-03-05 16:00:00.000
1709683200000,0.0001,2024-03-06 00:00:00.000
1709712000001,0.00027352,2024-03-06 08:00:00.001
1709740800000,0.00037993,2024-03-06 16:00:00.000
1709769600000,0.00044518,2024-03-07 00:00:00.000
1709798400000,0.00037323,2024-03-07 08:00:00.000
1709827200000,0.00049845,2024-03-07 16:00:00.000
1709856000000,0.00055709,2024-03-08 00:00:00.000
1709884800000,0.00066395,2024-03-08 08:00:00.000
1709913600000,0.00079593,2024-03-08 16:00:00.000
1709942400000,0.00057339,2024-03-09 00:00:00.000
1709971200001,0.00069945,2024-03-09 08:00:00.001
1710000000000,0.00075526,2024-03-09 16:00:00.000
1710028800000,0.00091589,2024-03-10 00:00:00.000
1710057600000,0.00104372,2024-03-10 08:00:00.000
1710086400000,0.00054889,2024-03-10 16:00:00.000
1710115200000,0.00068102,2024-03-11 00:00:00.000
1710144000000,0.00070919,2024-03-11 08:00:00.000
1710172800000,0.00057927,2024-03-11 16:00:00.000
1710201600000,0.00076542,2024-03-12 00:00:00.000
1710230400000,0.00066985,2024-03-12 08:00:00.000
1710259200000,0.00050297,2024-03-12 16:00:00.000
1710288000000,0.00060696,2024-03-13 00:00:00.000
1710316800001,0.00097852,2024-03-13 08:00:00.001
1710345600000,0.00071597,2024-03-13 16:00:00.000
1710374400001,0.00059093,2024-03-14 00:00:00.001
1710403200000,0.00094001,2024-03-14 08:00:00.000
1710432000000,0.0001,2024-03-14 16:00:00.000
1710460800000,0.00099368,2024-03-15 00:00:00.000
1710489600000,0.00058096,2024-03-15 08:00:00.000
1710518400000,0.00012325,2024-03-15 16:00:00.000
1710547200000,0.00014765,2024-03-16 00:00:00.000
1710576000000,0.0002226,2024-03-16 08:00:00.000
1710604800000,0.0002404,2024-03-16 16:00:00.000
1710633600000,0.0001,2024-03-17 00:00:00.000
1710662400000,0.00039552,2024-03-17 08:00:00.000
1710691200000,0.00014284,2024-03-17 16:00:00.000
1710720000000,0.00027137,2024-03-18 00:00:00.000
1710748800000,0.00026584,2024-03-18 08:00:00.000
1710777600001,0.00024786,2024-03-18 16:00:00.001
1710806400000,0.00029125,2024-03-19 00:00:00.000
1710835200000,0.00022115,2024-03-19 08:00:00.000
1710864000001,0.0001,2024-03-19 16:00:00.001
1710892800000,0.0001,2024-03-20 00:00:00.000
1710921600004,0.00011545,2024-03-20 08:00:00.004
1710950400000,0.0001,2024-03-20 16:00:00.000
1710979200000,0.0001,2024-03-21 00:00:00.000
1711008000000,0.00010976,2024-03-21 08:00:00.000
1711036800000,0.0001,2024-03-21 16:00:00.000
1711065600000,0.00031034,2024-03-22 00:00:00.000
1711094400000,0.00028403,2024-03-22 08:00:00.000
1711123200000,0.0001,2024-03-22 16:00:00.000
1711152000000,0.0001,2024-03-23 00:00:00.000
1711180800000,0.0001,2024-03-23 08:00:00.000
1711209600000,0.0001,2024-03-23 16:00:00.000
1711238400000,0.00014224,2024-03-24 00:00:00.000
1711267200000,0.00020772,2024-03-24 08:00:00.000
1711296000000,0.00022373,2024-03-24 16:00:00.000
1711324800000,0.00022559,2024-03-25 00:00:00.000
1711353600001,0.00014687,2024-03-25 08:00:00.001
1711382400000,0.00017171,2024-03-25 16:00:00.000
1711411200000,0.00032292,2024-03-26 00:00:00.000
1711440000000,0.0001,2024-03-26 08:00:00.000
1711468800000,0.00045206,2024-03-26 16:00:00.000
1711497600000,0.00060536,2024-03-27 00:00:00.000
1711526400001,0.00053578,2024-03-27 08:00:00.001
1711555200000,0.00037845,2024-03-27 16:00:00.000
1711584000000,0.00048012,2024-03-28 00:00:00.000
1711612800000,0.00052522,2024-03-28 08:00:00.000
1711641600000,0.00054845,2024-03-28 16:00:00.000
1711670400000,0.00056356,2024-03-29 00:00:00.000
1711699200000,0.00055768,2024-03-29 08:00:00.000
1711728000000,0.00056419,2024-03-29 16:00:00.000
1711756800000,0.00049749,2024-03-30 00:00:00.000
1711785600000,0.00059119,2024-03-30 08:00:00.000
1711814400000,0.00061694,2024-03-30 16:00:00.000
1711843200000,0.00062561,2024-03-31 00:00:00.000
1711872000000,0.0005963,2024-03-31 08:00:00.000
1711900800001,0.00058866,2024-03-31 16:00:00.001
1711929600000,0.00068584,2024-04-01 00:00:00.000
1711958400000,0.000429,2024-04-01 08:00:00.000
1711987200000,0.00022873,2024-04-01 16:00:00.000
1712016000007,0.00031104,2024-04-02 00:00:00.007
1712044800015,0.0001,2024-04-02 08:00:00.015
1712073600000,0.0001,2024-04-02 16:00:00.000
1712102400000,0.0001,2024-04-03 00:00:00.000
1712131200000,0.0001,2024-04-03 08:00:00.000
1712160000000,0.0001,2024-04-03 16:00:00.000
1712188800000,0.00014636,2024-04-04 00:00:00.000
1712217600000,0.00028458,2024-04-04 08:00:00.000
1712246400000,0.00014806,2024-04-04 16:00:00.000
1712275200000,0.00020585,2024-04-05 00:00:00.000
1712304000000,0.00012926,2024-04-05 08:00:00.000
1712332800000,0.00011893,2024-04-05 16:00:00.000
1712361600000,0.0001,2024-04-06 00:00:00.000
1712390400000,0.0001,2024-04-06 08:00:00.000
1712419200000,0.0001,2024-04-06 16:00:00.000
1712448000000,0.0001,2024-04-07 00:00:00.000
1712476800000,0.0001,2024-04-07 08:00:00.000
1712505600000,0.0001,2024-04-07 16:00:00.000
1712534400001,0.00018246,2024-04-08 00:00:00.001
1712563200000,0.00014139,2024-04-08 08:00:00.000
1712592000006,0.00023586,2024-04-08 16:00:00.006
1712620800000,0.00035816,2024-04-09 00:00:00.000
1712649600001,0.00024167,2024-04-09 08:00:00.001
1712678400001,0.00024019,2024-04-09 16:00:00.001
1712707200000,0.00020947,2024-04-10 00:00:00.000
1712736000001,0.00023682,2024-04-10 08:00:00.001
1712764800000,0.00011585,2024-04-10 16:00:00.000
1712793600000,0.0001345,2024-04-11 00:00:00.000
1712822400000,0.00022663,2024-04-11 08:00:00.000
1712851200000,0.00022662,2024-04-11 16:00:00.000
1712880000000,0.00035788,2024-04-12 00:00:00.000
1712908800001,0.00017179,2024-04-12 08:00:00.001
1712937600000,0.00016426,2024-04-12 16:00:00.000
1712966400000,-3.525e-05,2024-04-13 00:00:00.000
1712995200000,0.0001,2024-04-13 08:00:00.000
1713024000001,0.0001,2024-04-13 16:00:00.001
1713052800000,-0.00121113,2024-04-14 00:00:00.000
1713081600000,-0.00040712,2024-04-14 08:00:00.000
1713110400000,-0.00011279,2024-04-14 16:00:00.000
1713139200000,-0.00016213,2024-04-15 00:00:00.000
1713168000001,-6.071e-05,2024-04-15 08:00:00.001
1713196800000,3.358e-05,2024-04-15 16:00:00.000
1713225600001,6.62e-06,2024-04-16 00:00:00.001
1713254400000,-8.872e-05,2024-04-16 08:00:00.000
1713283200000,6.899e-05,2024-04-16 16:00:00.000
1713312000000,-4.157e-05,2024-04-17 00:00:00.000
1713340800000,-0.00011356,2024-04-17 08:00:00.000
1713369600000,-0.00023095,2024-04-17 16:00:00.000
1713398400000,-5.901e-05,2024-04-18 00:00:00.000
1713427200000,-0.00021598,2024-04-18 08:00:00.000
1713456000000,-0.00034281,2024-04-18 16:00:00.000
1713484800001,-6.56e-06,2024-04-19 00:00:00.001
1713513600000,-0.00018455,2024-04-19 08:00:00.000
1713542400000,-3.442e-05,2024-04-19 16:00:00.000
1713571200000,9.171e-05,2024-04-20 00:00:00.000
1713600000000,-0.00014856,2024-04-20 08:00:00.000
1713628800000,0.0001,2024-04-20 16:00:00.000
1713657600000,0.0001,2024-04-21 00:00:00.000
1713686400000,0.0001,2024-04-21 08:00:00.000
1713715200000,8.429e-05,2024-04-21 16:00:00.000
1713744000000,1.007e-05,2024-04-22 00:00:00.000
1713772800000,3.44e-05,2024-04-22 08:00:00.000
1713801600000,2.99e-06,2024-04-22 16:00:00.000
1713830400000,2.909e-05,2024-04-23 00:00:00.000
1713859200000,-6.84e-06,2024-04-23 08:00:00.000
1713888000001,2.492e-05,2024-04-23 16:00:00.001
1713916800000,-7.268e-05,2024-04-24 00:00:00.000
1713945600000,6.446e-05,2024-04-24 08:00:00.000
1713974400000,5.46e-05,2024-04-24 16:00:00.000
1714003200000,6.964e-05,2024-04-25 00:00:00.000
1714032000000,1.694e-05,2024-04-25 08:00:00.000
1714060800010,0.0001,2024-04-25 16:00:00.010
1714089600001,-8.787e-05,2024-04-26 00:00:00.001
1714118400000,5.44e-06,2024-04-26 08:00:00.000
1714147200000,0.0001,2024-04-26 16:00:00.000
1714176000000,0.0001,2024-04-27 00:00:00.000
1714204800001,0.0001,2024-04-27 08:00:00.001
1714233600000,9.543e-05,2024-04-27 16:00:00.000
1714262400000,7.571e-05,2024-04-28 00:00:00.000
1714291200000,-0.00010884,2024-04-28 08:00:00.000
1714320000000,0.0001,2024-04-28 16:00:00.000
1714348800000,0.0001,2024-04-29 00:00:00.000
1714377600000,4.215e-05,2024-04-29 08:00:00.000
1714406400000,0.0001,2024-04-29 16:00:00.000
1714435200000,1.534e-05,2024-04-30 00:00:00.000
1714464000000,5.883e-05,2024-04-30 08:00:00.000
1714492800000,0.0001,2024-04-30 16:00:00.000
1714521600000,-6.835e-05,2024-05-01 00:00:00.000
1714550400000,0.0001,2024-05-01 08:00:00.000
1714579200000,5.596e-05,2024-05-01 16:00:00.000
1714608000000,-5.2e-05,2024-05-02 00:00:00.000
1714636800000,0.0001,2024-05-02 08:00:00.000
1714665600002,-0.00013422,2024-05-02 16:00:00.002
1714694400000,2.386e-05,2024-05-03 00:00:00.000
1714723200000,-0.00011658,2024-05-03 08:00:00.000
1714752000000,5.806e-05,2024-05-03 16:00:00.000
1714780800000,-1.792e-05,2024-05-04 00:00:00.000
1714809600000,0.0001,2024-05-04 08:00:00.000
1714838400000,4.708e-05,2024-05-04 16:00:00.000
1714867200000,-8.196e-05,2024-05-05 00:00:00.000
1714896000000,0.0001,2024-05-05 08:00:00.000
1714924800000,0.0001,2024-05-05 16:00:00.000
1714953600000,0.0001,2024-05-06 00:00:00.000
1714982400000,0.0001,2024-05-06 08:00:00.000
1715011200000,8.386e-05,2024-05-06 16:00:00.000
1715040000000,6.041e-05,2024-05-07 00:00:00.000
1715068800000,4.94e-05,2024-05-07 08:00:00.000
1715097600000,-6.932e-05,2024-05-07 16:00:00.000
1715126400000,-3.74e-06,2024-05-08 00:00:00.000
1715155200000,0.0001,2024-05-08 08:00:00.000
1715184000000,8.016e-05,2024-05-08 16:00:00.000
1715212800000,0.0001,2024-05-09 00:00:00.000
1715241600000,2.436e-05,2024-05-09 08:00:00.000
1715270400000,6.737e-05,2024-05-09 16:00:00.000
1715299200000,-1.995e-05,2024-05-10 00:00:00.000
1715328000000,5.121e-05,2024-05-10 08:00:00.000
1715356800000,0.0001,2024-05-10 16:00:00.000
1715385600000,5.312e-05,2024-05-11 00:00:00.000
1715414400000,0.0001,2024-05-11 08:00:00.000
1715443200000,6.609e-05,2024-05-11 16:00:00.000
1715472000000,-7.093e-05,2024-05-12 00:00:00.000
1715500800000,-5.401e-05,2024-05-12 08:00:00.000
1715529600000,-9.652e-05,2024-05-12 16:00:00.000
1715558400001,4.453e-05,2024-05-13 00:00:00.001
1715587200001,6.85e-05,2024-05-13 08:00:00.001
1715616000000,4.768e-05,2024-05-13 16:00:00.000
1715644800000,6.98e-05,2024-05-14 00:00:00.000
1715673600000,7.531e-05,2024-05-14 08:00:00.000
1715702400000,4.116e-05,2024-05-14 16:00:00.000
1715731200000,8.713e-05,2024-05-15 00:00:00.000
1715760000000,3.689e-05,2024-05-15 08:00:00.000
1715788800000,3.548e-05,2024-05-15 16:00:00.000
1715817600004,0.0001,2024-05-16 00:00:00.004
1715846400000,0.0001,2024-05-16 08:00:00.000
1715875200000,0.0001,2024-05-16 16:00:00.000
1715904000000,0.0001,2024-05-17 00:00:00.000
1715932800000,0.0001,2024-05-17 08:00:00.000
1715961600000,7.779e-05,2024-05-17 16:00:00.000
1715990400000,0.0001,2024-05-18 00:00:00.000
1716019200000,9.394e-05,2024-05-18 08:00:00.000
1716048000000,0.0001,2024-05-18 16:00:00.000
1716076800000,0.0001,2024-05-19 00:00:00.000
1716105600000,0.0001,2024-05-19 08:00:00.000
1716134400000,0.0001,2024-05-19 16:00:00.000
1716163200000,0.0001,2024-05-20 00:00:00.000
1716192000000,0.0001,2024-05-20 08:00:00.000
1716220800003,5.792e-05,2024-05-20 16:00:00.003
1716249600000,0.0001,2024-05-21 00:00:00.000
1716278400001,0.0001,2024-05-21 08:00:00.001
1716307200000,0.0001,2024-05-21 16:00:00.000
1716336000000,0.0001,2024-05-22 00:00:00.000
1716364800000,0.0001,2024-05-22 08:00:00.000
1716393600000,0.0001,2024-05-22 16:00:00.000
1716422400000,0.0001,2024-05-23 00:00:00.000
1716451200000,0.0001,2024-05-23 08:00:00.000
1716480000000,0.0001,2024-05-23 16:00:00.000
1716508800000,0.0001,2024-05-24 00:00:00.000
1716537600000,0.0001,2024-05-24 08:00:00.000
1716566400000,0.0001,2024-05-24 16:00:00.000
1716595200000,0.0001,2024-05-25 00:00:00.000
1716624000000,0.0001,2024-05-25 08:00:00.000
1716652800000,0.0001,2024-05-25 16:00:00.000
1716681600000,0.0001,2024-05-26 00:00:00.000
1716710400000,0.0001,2024-05-26 08:00:00.000
1716739200000,0.0001,2024-05-26 16:00:00.000
1716768000000,0.0001,2024-05-27 00:00:00.000
1716796800000,0.0001,2024-05-27 08:00:00.000
1716825600000,0.0001,2024-05-27 16:00:00.000
1716854400000,0.00018585,2024-05-28 00:00:00.000
1716883200000,0.0001,2024-05-28 08:00:00.000
1716912000000,0.0002218,2024-05-28 16:00:00.000
1716940800001,0.00021845,2024-05-29 00:00:00.001
1716969600000,0.00019429,2024-05-29 08:00:00.000
1716998400000,0.0001,2024-05-29 16:00:00.000
1717027200000,0.00013887,2024-05-30 00:00:00.000
1717056000000,0.0001,2024-05-30 08:00:00.000
1717084800000,0.0001,2024-05-30 16:00:00.000
1717113600000,0.0001,2024-05-31 00:00:00.000
1717142400000,0.0001,2024-05-31 08:00:00.000
1717171200000,0.0001,2024-05-31 16:00:00.000
1717200000000,0.00013068,2024-06-01 00:00:00.000
1717228800000,0.00020713,2024-06-01 08:00:00.000
1717257600001,0.0001,2024-06-01 16:00:00.001
1717286400000,0.00020284,2024-06-02 00:00:00.000
1717315200000,0.0001112,2024-06-02 08:00:00.000
1717344000000,0.000152,2024-06-02 16:00:00.000
1717372800000,0.00014614,2024-06-03 00:00:00.000
1717401600000,0.000139,2024-06-03 08:00:00.000
1717430400000,0.0001,2024-06-03 16:00:00.000
1717459200000,0.00015022,2024-06-04 00:00:00.000
1717488000000,0.0001,2024-06-04 08:00:00.000
1717516800000,0.00010946,2024-06-04 16:00:00.000
1717545600000,0.00011628,2024-06-05 00:00:00.000
1717574400000,0.00020737,2024-06-05 08:00:00.000
1717603200000,0.000171,2024-06-05 16:00:00.000
1717632000000,0.00031867,2024-06-06 00:00:00.000
1717660800008,0.00025087,2024-06-06 08:00:00.008
1717689600000,0.0001,2024-06-06 16:00:00.000
1717718400000,0.00013223,2024-06-07 00:00:00.000
1717747200000,0.0001,2024-06-07 08:00:00.000
1717776000000,0.0001,2024-06-07 16:00:00.000
1717804800000,0.0001,2024-06-08 00:00:00.000
1717833600000,0.0001,2024-06-08 08:00:00.000
1717862400000,0.0001,2024-06-08 16:00:00.000
1717891200000,0.0001,2024-06-09 00:00:00.000
1717920000000,0.0001,2024-06-09 08:00:00.000
1717948800001,0.0001,2024-06-09 16:00:00.001
1717977600000,0.0001,2024-06-10 00:00:00.000
1718006400000,0.0001,2024-06-10 08:00:00.000
1718035200001,0.0001,2024-06-10 16:00:00.001
1718064000001,0.0001,2024-06-11 00:00:00.001
1718092800000,0.0001,2024-06-11 08:00:00.000
1718121600000,0.0001,2024-06-11 16:00:00.000
1718150400000,0.0001,2024-06-12 00:00:00.000
1718179200000,0.0001,2024-06-12 08:00:00.000
1718208000000,0.0001,2024-06-12 16:00:00.000
1718236800000,0.0001,2024-06-13 00:00:00.000
1718265600001,0.0001,2024-06-13 08:00:00.001
1718294400000,0.0001,2024-06-13 16:00:00.000
1718323200000,0.0001,2024-06-14 00:00:00.000
1718352000000,0.0001,2024-06-14 08:00:00.000
1718380800000,0.0001,2024-06-14 16:00:00.000
1718409600000,0.0001,2024-06-15 00:00:00.000
1718438400000,3.06e-05,2024-06-15 08:00:00.000
1718467200000,0.0001,2024-06-15 16:00:00.000
1718496000001,9.19e-05,2024-06-16 00:00:00.001
1718524800000,0.0001,2024-06-16 08:00:00.000
1718553600000,0.0001,2024-06-16 16:00:00.000
1718582400000,0.0001,2024-06-17 00:00:00.000
1718611200000,0.0001,2024-06-17 08:00:00.000
1718640000000,0.0001,2024-06-17 16:00:00.000
1718668800000,4.334e-05,2024-06-18 00:00:00.000
1718697600000,-4.913e-05,2024-06-18 08:00:00.000
1718726400000,0.0001,2024-06-18 16:00:00.000
1718755200001,5.94e-05,2024-06-19 00:00:00.001
1718784000001,-0.0001171,2024-06-19 08:00:00.001
1718812800000,-7.371e-05,2024-06-19 16:00:00.000
1718841600000,5.066e-05,2024-06-20 00:00:00.000
1718870400000,-5.162e-05,2024-06-20 08:00:00.000
1718899200000,7.09e-05,2024-06-20 16:00:00.000
1718928000000,0.0001,2024-06-21 00:00:00.000
1718956800000,9.591e-05,2024-06-21 08:00:00.000
1718985600000,7.898e-05,2024-06-21 16:00:00.000
1719014400000,0.0001,2024-06-22 00:00:00.000
1719043200000,7.831e-05,2024-06-22 08:00:00.000
1719072000000,0.0001,2024-06-22 16:00:00.000
1719100800000,6.916e-05,2024-06-23 00:00:00.000
1719129600000,0.0001,2024-06-23 08:00:00.000
1719158400000,3.456e-05,2024-06-23 16:00:00.000
1719187200002,0.0001,2024-06-24 00:00:00.002
1719216000000,0.0001,2024-06-24 08:00:00.000
1719244800000,4.281e-05,2024-06-24 16:00:00.000
1719273600000,-0.00010667,2024-06-25 00:00:00.000
1719302400000,7.423e-05,2024-06-25 08:00:00.000
1719331200000,0.0001,2024-06-25 16:00:00.000
1719360000002,-0.00010854,2024-06-26 00:00:00.002
1719388800000,9.722e-05,2024-06-26 08:00:00.000
1719417600000,8.465e-05,2024-06-26 16:00:00.000
1719446400000,0.0001,2024-06-27 00:00:00.000
1719475200001,-0.0001165,2024-06-27 08:00:00.001
1719504000000,-0.00019502,2024-06-27 16:00:00.000
1719532800000,2.019e-05,2024-06-28 00:00:00.000
1719561600000,4.505e-05,2024-06-28 08:00:00.000
1719590400000,0.0001,2024-06-28 16:00:00.000
1719619200001,0.0001,2024-06-29 00:00:00.001
1719648000000,0.0001,2024-06-29 08:00:00.000
1719676800000,-6.79e-06,2024-06-29 16:00:00.000
1719705600000,7.125e-05,2024-06-30 00:00:00.000
1719734400000,0.0001,2024-06-30 08:00:00.000
1719763200000,1.81e-06,2024-06-30 16:00:00.000
1719792000000,3.46e-05,2024-07-01 00:00:00.000
1719820800000,6.508e-05,2024-07-01 08:00:00.000
1719849600001,1.933e-05,2024-07-01 16:00:00.001
1719878400000,6.88e-06,2024-07-02 00:00:00.000
1719907200000,6.011e-05,2024-07-02 08:00:00.000
1719936000000,6.644e-05,2024-07-02 16:00:00.000
1719964800000,0.0001,2024-07-03 00:00:00.000
1719993600001,0.0001,2024-07-03 08:00:00.001
1720022400000,5.919e-05,2024-07-03 16:00:00.000
1720051200000,3.185e-05,2024-07-04 00:00:00.000
1720080000000,0.0001,2024-07-04 08:00:00.000
1720108800000,8.174e-05,2024-07-04 16:00:00.000
1720137600000,-4.929e-05,2024-07-05 00:00:00.000
1720166400000,-8.546e-05,2024-07-05 08:00:00.000
1720195200000,-0.00015947,2024-07-05 16:00:00.000
1720224000000,0.0001,2024-07-06 00:00:00.000
1720252800000,7.129e-05,2024-07-06 08:00:00.000
1720281600000,-4.147e-05,2024-07-06 16:00:00.000
1720310400001,-0.00015349,2024-07-07 00:00:00.001
1720339200000,-9.865e-05,2024-07-07 08:00:00.000
1720368000000,1.999e-05,2024-07-07 16:00:00.000
1720396800000,0.0001,2024-07-08 00:00:00.000
1720425600000,-5.476e-05,2024-07-08 08:00:00.000
1720454400000,4.22e-06,2024-07-08 16:00:00.000
1720483200000,2.6e-07,2024-07-09 00:00:00.000
1720512000001,-7.101e-05,2024-07-09 08:00:00.001
1720540800000,-7.457e-05,2024-07-09 16:00:00.000
1720569600000,8.242e-05,2024-07-10 00:00:00.000
1720598400000,-3.312e-05,2024-07-10 08:00:00.000
1720627200000,-0.00028284,2024-07-10 16:00:00.000
1720656000002,9.203e-05,2024-07-11 00:00:00.002
1720684800002,0.0001,2024-07-11 08:00:00.002
1720713600004,2.856e-05,2024-07-11 16:00:00.004
1720742400000,0.0001,2024-07-12 00:00:00.000
1720771200000,0.0001,2024-07-12 08:00:00.000
1720800000000,0.0001,2024-07-12 16:00:00.000
1720828800000,0.0001,2024-07-13 00:00:00.000
1720857600000,0.0001,2024-07-13 08:00:00.000
1720886400000,9.459e-05,2024-07-13 16:00:00.000
1720915200000,0.0001,2024-07-14 00:00:00.000
1720944000000,8.637e-05,2024-07-14 08:00:00.000
1720972800000,9.307e-05,2024-07-14 16:00:00.000
1721001600000,0.0001,2024-07-15 00:00:00.000
1721030400000,-1.66e-06,2024-07-15 08:00:00.000
1721059200000,0.0001,2024-07-15 16:00:00.000
1721088000000,-7.988e-05,2024-07-16 00:00:00.000
1721116800000,0.0001,2024-07-16 08:00:00.000
1721145600000,3.899e-05,2024-07-16 16:00:00.000
1721174400000,0.0001,2024-07-17 00:00:00.000
1721203200001,0.0001,2024-07-17 08:00:00.001
1721232000000,-5.781e-05,2024-07-17 16:00:00.000
1721260800000,0.0001,2024-07-18 00:00:00.000
1721289600000,0.0001,2024-07-18 08:00:00.000
1721318400000,0.0001,2024-07-18 16:00:00.000
1721347200000,-3.433e-05,2024-07-19 00:00:00.000
1721376000000,0.0001,2024-07-19 08:00:00.000
1721404800000,0.0001,2024-07-19 16:00:00.000
1721433600001,-3.315e-05,2024-07-20 00:00:00.001
1721462400000,0.0001,2024-07-20 08:00:00.000
1721491200000,-0.00024918,2024-07-20 16:00:00.000
1721520000000,-2.422e-05,2024-07-21 00:00:00.000
1721548800000,0.0001,2024-07-21 08:00:00.000
1721577600000,9.45e-05,2024-07-21 16:00:00.000
1721606400000,0.0001,2024-07-22 00:00:00.000
1721635200000,7.358e-05,2024-07-22 08:00:00.000
1721664000000,0.0001,2024-07-22 16:00:00.000
1721692800000,0.0001,2024-07-23 00:00:00.000
1721721600000,0.0001,2024-07-23 08:00:00.000
1721750400000,8.337e-05,2024-07-23 16:00:00.000
1721779200000,8.615e-05,2024-07-24 00:00:00.000
1721808000000,0.0001,2024-07-24 08:00:00.000
1721836800000,0.0001,2024-07-24 16:00:00.000
1721865600000,0.0001,2024-07-25 00:00:00.000
1721894400000,0.0001,2024-07-25 08:00:00.000
1721923200000,0.0001,2024-07-25 16:00:00.000
1721952000000,7.496e-05,2024-07-26 00:00:00.000
1721980800000,-4.653e-05,2024-07-26 08:00:00.000
1722009600000,0.0001,2024-07-26 16:00:00.000
1722038400000,0.0001,2024-07-27 00:00:00.000
1722067200000,0.0001,2024-07-27 08:00:00.000
1722096000000,0.0001,2024-07-27 16:00:00.000
1722124800000,0.0001,2024-07-28 00:00:00.000
1722153600000,0.0001,2024-07-28 08:00:00.000
1722182400001,-3.476e-05,2024-07-28 16:00:00.001
1722211200001,1.8e-05,2024-07-29 00:00:00.001
1722240000000,9.117e-05,2024-07-29 08:00:00.000
1722268800001,9.947e-05,2024-07-29 16:00:00.001
1722297600000,0.0001,2024-07-30 00:00:00.000
1722326400001,8.231e-05,2024-07-30 08:00:00.001
1722355200000,0.0001,2024-07-30 16:00:00.000
1722384000000,4.748e-05,2024-07-31 00:00:00.000
1722412800000,0.0001,2024-07-31 08:00:00.000
1722441600000,0.0001,2024-07-31 16:00:00.000
1722470400000,9.36e-05,2024-08-01 00:00:00.000
1722499200000,0.0001,2024-08-01 08:00:00.000
1722528000000,4.997e-05,2024-08-01 16:00:00.000
1722556800000,-0.00013305,2024-08-02 00:00:00.000
1722585600001,6.938e-05,2024-08-02 08:00:00.001
1722614400000,0.0001,2024-08-02 16:00:00.000
1722643200000,0.0001,2024-08-03 00:00:00.000
1722672000000,6.822e-05,2024-08-03 08:00:00.000
1722700800001,0.0001,2024-08-03 16:00:00.001
1722729600000,3.101e-05,2024-08-04 00:00:00.000
1722758400000,5.064e-05,2024-08-04 08:00:00.000
1722787200000,6.12e-05,2024-08-04 16:00:00.000
1722816000000,7.985e-05,2024-08-05 00:00:00.000
1722844800000,3.536e-05,2024-08-05 08:00:00.000
1722873600000,-5.221e-05,2024-08-05 16:00:00.000
1722902400000,1.453e-05,2024-08-06 00:00:00.000
1722931200000,-0.00021136,2024-08-06 08:00:00.000
1722960000000,4.71e-05,2024-08-06 16:00:00.000
1722988800000,5.243e-05,2024-08-07 00:00:00.000
1723017600001,-8.055e-05,2024-08-07 08:00:00.001
1723046400000,5.954e-05,2024-08-07 16:00:00.000
1723075200001,2.843e-05,2024-08-08 00:00:00.001
1723104000000,-5.187e-05,2024-08-08 08:00:00.000
1723132800000,3.914e-05,2024-08-08 16:00:00.000
1723161600000,-0.00061176,2024-08-09 00:00:00.000
1723190400000,5.935e-05,2024-08-09 08:00:00.000
1723219200000,-2.606e-05,2024-08-09 16:00:00.000
1723248000000,-0.00019541,2024-08-10 00:00:00.000
1723276800000,9.759e-05,2024-08-10 08:00:00.000
1723305600000,-0.00021487,2024-08-10 16:00:00.000
1723334400000,-0.0001582,2024-08-11 00:00:00.000
1723363200000,-0.00033817,2024-08-11 08:00:00.000
1723392000001,8.261e-05,2024-08-11 16:00:00.001
1723420800000,7.665e-05,2024-08-12 00:00:00.000
1723449600000,0.0001,2024-08-12 08:00:00.000
1723478400000,8.779e-05,2024-08-12 16:00:00.000
1723507200000,-3.637e-05,2024-08-13 00:00:00.000
1723536000000,-8.03e-05,2024-08-13 08:00:00.000
1723564800000,2.098e-05,2024-08-13 16:00:00.000
1723593600000,4.314e-05,2024-08-14 00:00:00.000
1723622400000,-4.093e-05,2024-08-14 08:00:00.000
1723651200000,-9.687e-05,2024-08-14 16:00:00.000
1723680000000,0.0001,2024-08-15 00:00:00.000
1723708800000,0.0001,2024-08-15 08:00:00.000
1723737600000,-6.481e-05,2024-08-15 16:00:00.000
1723766400000,-6.311e-05,2024-08-16 00:00:00.000
1723795200000,4.702e-05,2024-08-16 08:00:00.000
1723824000000,-4.089e-05,2024-08-16 16:00:00.000
1723852800000,4.532e-05,2024-08-17 00:00:00.000
1723881600000,-9.503e-05,2024-08-17 08:00:00.000
1723910400000,-6.188e-05,2024-08-17 16:00:00.000
1723939200000,0.0001,2024-08-18 00:00:00.000
1723968000000,0.0001,2024-08-18 08:00:00.000
1723996800000,5.138e-05,2024-08-18 16:00:00.000
1724025600000,6.355e-05,2024-08-19 00:00:00.000
1724054400000,-4.33e-06,2024-08-19 08:00:00.000
1724083200002,4.628e-05,2024-08-19 16:00:00.002
1724112000000,6.665e-05,2024-08-20 00:00:00.000
1724140800000,0.0001,2024-08-20 08:00:00.000
1724169600001,8.8e-07,2024-08-20 16:00:00.001
1724198400001,0.0001,2024-08-21 00:00:00.001
1724227200000,5.445e-05,2024-08-21 08:00:00.000
1724256000001,0.0001,2024-08-21 16:00:00.001
1724284800000,6.45e-05,2024-08-22 00:00:00.000
1724313600000,-8.33e-06,2024-08-22 08:00:00.000
1724342400008,9.043e-05,2024-08-22 16:00:00.008
1724371200000,1.446e-05,2024-08-23 00:00:00.000
1724400000000,-6.451e-05,2024-08-23 08:00:00.000
1724428800000,-1.89e-06,2024-08-23 16:00:00.000
1724457600000,3.886e-05,2024-08-24 00:00:00.000
1724486400005,0.0001,2024-08-24 08:00:00.005
1724515200000,-2.14e-06,2024-08-24 16:00:00.000
1724544000000,0.0001,2024-08-25 00:00:00.000
1724572800000,0.0001,2024-08-25 08:00:00.000
1724601600000,-7.27e-06,2024-08-25 16:00:00.000
1724630400000,7.058e-05,2024-08-26 00:00:00.000
1724659200001,0.0001,2024-08-26 08:00:00.001
1724688000000,9.015e-05,2024-08-26 16:00:00.000
1724716800001,-4.162e-05,2024-08-27 00:00:00.001
1724745600000,0.0001,2024-08-27 08:00:00.000
1724774400000,0.0001,2024-08-27 16:00:00.000
1724803200000,5.64e-05,2024-08-28 00:00:00.000
1724832000000,2.248e-05,2024-08-28 08:00:00.000
1724860800001,-2.765e-05,2024-08-28 16:00:00.001
1724889600000,-0.0001263,2024-08-29 00:00:00.000
1724918400001,-5.524e-05,2024-08-29 08:00:00.001
1724947200000,-3.467e-05,2024-08-29 16:00:00.000
1724976000000,5.382e-05,2024-08-30 00:00:00.000
1725004800000,3.821e-05,2024-08-30 08:00:00.000
1725033600000,3.657e-05,2024-08-30 16:00:00.000
1725062400000,7.104e-05,2024-08-31 00:00:00.000
1725091200000,8.223e-05,2024-08-31 08:00:00.000
1725120000000,-8.9e-06,2024-08-31 16:00:00.000
1725148800000,8.768e-05,2024-09-01 00:00:00.000
1725177600001,8.317e-05,2024-09-01 08:00:00.001
1725206400000,5.13e-05,2024-09-01 16:00:00.000
1725235200001,-6.283e-05,2024-09-02 00:00:00.001
1725264000001,-1.838e-05,2024-09-02 08:00:00.001
1725292800000,2.478e-05,2024-09-02 16:00:00.000
1725321600000,-3.745e-05,2024-09-03 00:00:00.000
1725350400001,7.788e-05,2024-09-03 08:00:00.001
1725379200000,-8.72e-05,2024-09-03 16:00:00.000
1725408000000,6.28e-05,2024-09-04 00:00:00.000
1725436800000,-2.901e-05,2024-09-04 08:00:00.000
1725465600000,5.1e-05,2024-09-04 16:00:00.000
1725494400000,9.47e-05,2024-09-05 00:00:00.000
1725523200000,0.0001,2024-09-05 08:00:00.000
1725552000005,7.663e-05,2024-09-05 16:00:00.005
1725580800000,0.0001,2024-09-06 00:00:00.000
1725609600001,0.0001,2024-09-06 08:00:00.001
1725638400000,0.0001,2024-09-06 16:00:00.000
1725667200000,-9.217e-05,2024-09-07 00:00:00.000
1725696000000,-5.338e-05,2024-09-07 08:00:00.000
1725724800000,-0.00013281,2024-09-07 16:00:00.000
1725753600000,-6.18e-06,2024-09-08 00:00:00.000
1725782400000,4.949e-05,2024-09-08 08:00:00.000
1725811200000,8.157e-05,2024-09-08 16:00:00.000
1725840000000,8.222e-05,2024-09-09 00:00:00.000
1725868800000,3.501e-05,2024-09-09 08:00:00.000
1725897600001,1.58e-05,2024-09-09 16:00:00.001
1725926400000,0.0001,2024-09-10 00:00:00.000
1725955200000,-6.594e-05,2024-09-10 08:00:00.000
1725984000000,-1.526e-05,2024-09-10 16:00:00.000
1726012800000,-0.00012834,2024-09-11 00:00:00.000
1726041600000,7.822e-05,2024-09-11 08:00:00.000
1726070400000,1.865e-05,2024-09-11 16:00:00.000
1726099200000,-0.00016648,2024-09-12 00:00:00.000
1726128000000,-0.00018211,2024-09-12 08:00:00.000
1726156800000,-1.26e-05,2024-09-12 16:00:00.000
1726185600000,-7.484e-05,2024-09-13 00:00:00.000
1726214400001,0.0001,2024-09-13 08:00:00.001
1726243200001,7.062e-05,2024-09-13 16:00:00.001
1726272000000,-6.581e-05,2024-09-14 00:00:00.000
1726300800000,5.736e-05,2024-09-14 08:00:00.000
1726329600001,-0.00018594,2024-09-14 16:00:00.001
1726358400000,7.495e-05,2024-09-15 00:00:00.000
1726387200000,8.362e-05,2024-09-15 08:00:00.000
1726416000000,3.02e-05,2024-09-15 16:00:00.000
1726444800000,0.0001,2024-09-16 00:00:00.000
1726473600001,7.888e-05,2024-09-16 08:00:00.001
1726502400000,9.515e-05,2024-09-16 16:00:00.000
1726531200001,0.0001,2024-09-17 00:00:00.001
1726560000000,-5.765e-05,2024-09-17 08:00:00.000
1726588800000,0.0001,2024-09-17 16:00:00.000
1726617600000,0.0001,2024-09-18 00:00:00.000
1726646400000,8.933e-05,2024-09-18 08:00:00.000
1726675200004,4.895e-05,2024-09-18 16:00:00.004
1726704000000,0.0001,2024-09-19 00:00:00.000
1726732800000,0.0001,2024-09-19 08:00:00.000
1726761600001,8.62e-05,2024-09-19 16:00:00.001
1726790400000,0.0001,2024-09-20 00:00:00.000
1726819200001,0.0001,2024-09-20 08:00:00.001
1726848000000,0.0001,2024-09-20 16:00:00.000
1726876800001,6.648e-05,2024-09-21 00:00:00.001
1726905600000,0.0001,2024-09-21 08:00:00.000
1726934400000,0.0001,2024-09-21 16:00:00.000
1726963200000,9.084e-05,2024-09-22 00:00:00.000
1726992000000,0.0001,2024-09-22 08:00:00.000
1727020800000,0.0001,2024-09-22 16:00:00.000
1727049600000,0.0001,2024-09-23 00:00:00.000
1727078400000,0.0001,2024-09-23 08:00:00.000
1727107200000,0.0001,2024-09-23 16:00:00.000
1727136000000,0.0001,2024-09-24 00:00:00.000
1727164800000,0.0001,2024-09-24 08:00:00.000
1727193600001,2.926e-05,2024-09-24 16:00:00.001
1727222400000,9.528e-05,2024-09-25 00:00:00.000
1727251200003,0.0001,2024-09-25 08:00:00.003
1727280000000,0.0001,2024-09-25 16:00:00.000
1727308800005,0.0001,2024-09-26 00:00:00.005
1727337600000,0.0001,2024-09-26 08:00:00.000
1727366400000,0.0001,2024-09-26 16:00:00.000
1727395200000,0.0001,2024-09-27 00:00:00.000
1727424000000,0.0001,2024-09-27 08:00:00.000
1727452800000,0.0001,2024-09-27 16:00:00.000
1727481600000,0.0001,2024-09-28 00:00:00.000
1727510400001,0.0001,2024-09-28 08:00:00.001
1727539200000,0.0001,2024-09-28 16:00:00.000
1727568000001,0.0001,2024-09-29 00:00:00.001
1727596800000,9.932e-05,2024-09-29 08:00:00.000
1727625600000,0.0001,2024-09-29 16:00:00.000
1727654400000,0.0001,2024-09-30 00:00:00.000
1727683200001,0.0001,2024-09-30 08:00:00.001
1727712000000,0.0001,2024-09-30 16:00:00.000
1727740800000,0.0001,2024-10-01 00:00:00.000
1727769600000,0.0001,2024-10-01 08:00:00.000
1727798400001,2.04e-05,2024-10-01 16:00:00.001
1727827200000,-0.00016018,2024-10-02 00:00:00.000
1727856000000,-5.038e-05,2024-10-02 08:00:00.000
1727884800000,0.0001,2024-10-02 16:00:00.000
1727913600000,4.6e-05,2024-10-03 00:00:00.000
1727942400000,-4.905e-05,2024-10-03 08:00:00.000
1727971200000,-3.77e-06,2024-10-03 16:00:00.000
1728000000000,-0.00021025,2024-10-04 00:00:00.000
1728028800000,-0.00010991,2024-10-04 08:00:00.000
1728057600001,-2.144e-05,2024-10-04 16:00:00.001
1728086400000,9.266e-05,2024-10-05 00:00:00.000
1728115200000,2.234e-05,2024-10-05 08:00:00.000
1728144000000,8.533e-05,2024-10-05 16:00:00.000
1728172800000,5.707e-05,2024-10-06 00:00:00.000
1728201600001,-3.61e-05,2024-10-06 08:00:00.001
1728230400000,5.824e-05,2024-10-06 16:00:00.000
1728259200000,8.371e-05,2024-10-07 00:00:00.000
1728288000000,7.879e-05,2024-10-07 08:00:00.000
1728316800001,3.686e-05,2024-10-07 16:00:00.001
1728345600000,0.0001,2024-10-08 00:00:00.000
1728374400000,0.0001,2024-10-08 08:00:00.000
1728403200000,0.0001,2024-10-08 16:00:00.000
1728432000000,6.753e-05,2024-10-09 00:00:00.000
1728460800000,9.9e-07,2024-10-09 08:00:00.000
1728489600000,0.0001,2024-10-09 16:00:00.000
1728518400000,0.0001,2024-10-10 00:00:00.000
1728547200000,0.0001,2024-10-10 08:00:00.000
1728576000000,0.0001,2024-10-10 16:00:00.000
1728604800000,3.963e-05,2024-10-11 00:00:00.000
1728633600000,-3.68e-06,2024-10-11 08:00:00.000
1728662400001,-1.54e-06,2024-10-11 16:00:00.001
1728691200000,0.0001,2024-10-12 00:00:00.000
1728720000001,0.0001,2024-10-12 08:00:00.001
1728748800000,0.0001,2024-10-12 16:00:00.000
1728777600000,0.0001,2024-10-13 00:00:00.000
1728806400000,0.0001,2024-10-13 08:00:00.000
1728835200000,0.0001,2024-10-13 16:00:00.000
1728864000000,0.0001,2024-10-14 00:00:00.000
1728892800000,0.0001,2024-10-14 08:00:00.000
1728921600000,0.0001,2024-10-14 16:00:00.000
1728950400000,0.0001,2024-10-15 00:00:00.000
1728979200000,0.0001,2024-10-15 08:00:00.000
1729008000000,0.0001,2024-10-15 16:00:00.000
1729036800000,0.0001,2024-10-16 00:00:00.000
1729065600001,0.0001,2024-10-16 08:00:00.001
1729094400000,0.0001,2024-10-16 16:00:00.000
1729123200000,0.0001,2024-10-17 00:00:00.000
1729152000000,0.0001,2024-10-17 08:00:00.000
1729180800001,-0.00013759,2024-10-17 16:00:00.001
1729209600010,-5.672e-05,2024-10-18 00:00:00.010
1729238400001,-8.008e-05,2024-10-18 08:00:00.001
1729267200000,-8.56e-06,2024-10-18 16:00:00.000
1729296000000,7.258e-05,2024-10-19 00:00:00.000
1729324800000,0.0001,2024-10-19 08:00:00.000
1729353600000,0.0001,2024-10-19 16:00:00.000
1729382400000,0.0001,2024-10-20 00:00:00.000
1729411200000,0.0001,2024-10-20 08:00:00.000
1729440000000,0.0001,2024-10-20 16:00:00.000
1729468800000,0.0001,2024-10-21 00:00:00.000
1729497600000,0.0001,2024-10-21 08:00:00.000
1729526400000,0.0001,2024-10-21 16:00:00.000
1729555200000,0.0001,2024-10-22 00:00:00.000
1729584000000,0.0001,2024-10-22 08:00:00.000
1729612800000,0.0001,2024-10-22 16:00:00.000
1729641600000,0.0001,2024-10-23 00:00:00.000
1729670400000,0.0001,2024-10-23 08:00:00.000
1729699200000,0.0001,2024-10-23 16:00:00.000
1729728000000,0.0001,2024-10-24 00:00:00.000
1729756800000,0.0001,2024-10-24 08:00:00.000
1729785600000,0.0001,2024-10-24 16:00:00.000
1729814400000,0.0001,2024-10-25 00:00:00.000
1729843200000,0.0001,2024-10-25 08:00:00.000
1729872000000,0.0001,2024-10-25 16:00:00.000
1729900800000,0.0001,2024-10-26 00:00:00.000
1729929600001,-0.00014879,2024-10-26 08:00:00.001
1729958400000,2.691e-05,2024-10-26 16:00:00.000
1729987200000,-6.709e-05,2024-10-27 00:00:00.000
1730016000000,8.975e-05,2024-10-27 08:00:00.000
1730044800000,2.518e-05,2024-10-27 16:00:00.000
1730073600000,3.969e-05,2024-10-28 00:00:00.000
1730102400001,0.0001,2024-10-28 08:00:00.001
1730131200000,9.927e-05,2024-10-28 16:00:00.000
1730160000000,0.0001,2024-10-29 00:00:00.000
1730188800000,-0.00011827,2024-10-29 08:00:00.000
1730217600004,8.262e-05,2024-10-29 16:00:00.004
1730246400000,0.0001,2024-10-30 00:00:00.000
1730275200000,0.0001,2024-10-30 08:00:00.000
1730304000013,0.0001,2024-10-30 16:00:00.013
1730332800000,0.0001,2024-10-31 00:00:00.000
1730361600000,0.0001,2024-10-31 08:00:00.000
1730390400000,0.0001,2024-10-31 16:00:00.000
1730419200000,0.0001,2024-11-01 00:00:00.000
1730448000000,0.0001,2024-11-01 08:00:00.000
1730476800000,0.0001,2024-11-01 16:00:00.000
1730505600000,0.0001,2024-11-02 00:00:00.000
1730534400000,0.0001,2024-11-02 08:00:00.000
1730563200000,0.0001,2024-11-02 16:00:00.000
1730592000000,0.0001,2024-11-03 00:00:00.000
1730620800000,0.0001,2024-11-03 08:00:00.000
1730649600000,5.545e-05,2024-11-03 16:00:00.000
1730678400000,-6.819e-05,2024-11-04 00:00:00.000
1730707200000,-2.359e-05,2024-11-04 08:00:00.000
1730736000000,6.068e-05,2024-11-04 16:00:00.000
1730764800000,7.106e-05,2024-11-05 00:00:00.000
1730793600003,7.163e-05,2024-11-05 08:00:00.003
1730822400001,4.224e-05,2024-11-05 16:00:00.001
1730851200000,0.0001,2024-11-06 00:00:00.000
1730880000000,3.614e-05,2024-11-06 08:00:00.000
1730908800000,0.0001,2024-11-06 16:00:00.000
1730937600000,0.0001,2024-11-07 00:00:00.000
1730966400000,0.0001,2024-11-07 08:00:00.000
1730995200000,0.0001,2024-11-07 16:00:00.000
1731024000000,0.0001,2024-11-08 00:00:00.000
1731052800000,0.0001,2024-11-08 08:00:00.000
1731081600000,0.0001,2024-11-08 16:00:00.000
1731110400000,0.0001,2024-11-09 00:00:00.000
1731139200000,0.0001,2024-11-09 08:00:00.000
1731168000000,0.0001,2024-11-09 16:00:00.000
1731196800000,0.0001,2024-11-10 00:00:00.000
1731225600000,0.0001,2024-11-10 08:00:00.000
1731254400000,0.00025306,2024-11-10 16:00:00.000
1731283200001,0.00018584,2024-11-11 00:00:00.001
1731312000000,0.0001563,2024-11-11 08:00:00.000
1731340800000,0.0001,2024-11-11 16:00:00.000
1731369600002,0.00018753,2024-11-12 00:00:00.002
1731398400000,0.00039833,2024-11-12 08:00:00.000
1731427200000,0.00036651,2024-11-12 16:00:00.000
1731456000000,0.00017009,2024-11-13 00:00:00.000
1731484800010,0.0001,2024-11-13 08:00:00.010
1731513600000,0.0001,2024-11-13 16:00:00.000
1731542400001,0.0001,2024-11-14 00:00:00.001
1731571200000,0.0001,2024-11-14 08:00:00.000
1731600000000,0.0001,2024-11-14 16:00:00.000
1731628800000,0.0001,2024-11-15 00:00:00.000
1731657600000,0.0001,2024-11-15 08:00:00.000
1731686400000,0.0001,2024-11-15 16:00:00.000
1731715200001,0.0001,2024-11-16 00:00:00.001
1731744000001,0.0001,2024-11-16 08:00:00.001
1731772800000,0.0001,2024-11-16 16:00:00.000
1731801600000,0.0001,2024-11-17 00:00:00.000
1731830400000,0.00015013,2024-11-17 08:00:00.000
1731859200001,0.00012777,2024-11-17 16:00:00.001
1731888000000,0.0001819,2024-11-18 00:00:00.000
1731916800000,0.00023684,2024-11-18 08:00:00.000
1731945600000,0.00018567,2024-11-18 16:00:00.000
1731974400000,0.00021721,2024-11-19 00:00:00.000
1732003200000,0.00027997,2024-11-19 08:00:00.000
1732032000000,0.00013467,2024-11-19 16:00:00.000
1732060800003,0.00014028,2024-11-20 00:00:00.003
1732089600000,0.0001,2024-11-20 08:00:00.000
1732118400000,0.0001,2024-11-20 16:00:00.000
1732147200001,0.0001,2024-11-21 00:00:00.001
1732176000000,0.0001,2024-11-21 08:00:00.000
1732204800001,0.0001,2024-11-21 16:00:00.001
1732233600000,0.00019942,2024-11-22 00:00:00.000
1732262400000,0.00024183,2024-11-22 08:00:00.000
1732291200001,0.00021793,2024-11-22 16:00:00.001
1732320000000,0.0001,2024-11-23 00:00:00.000
1732348800000,0.00023168,2024-11-23 08:00:00.000
1732377600000,0.00035994,2024-11-23 16:00:00.000
1732406400001,0.00022245,2024-11-24 00:00:00.001
1732435200000,0.00025281,2024-11-24 08:00:00.000
1732464000000,0.00011856,2024-11-24 16:00:00.000
1732492800000,0.0001,2024-11-25 00:00:00.000
1732521600000,0.00015911,2024-11-25 08:00:00.000
1732550400000,0.00018658,2024-11-25 16:00:00.000
1732579200000,0.00014671,2024-11-26 00:00:00.000
1732608000000,0.00012239,2024-11-26 08:00:00.000
1732636800000,0.0001,2024-11-26 16:00:00.000
1732665600000,0.0001,2024-11-27 00:00:00.000
1732694400000,0.0001,2024-11-27 08:00:00.000
1732723200001,0.00010402,2024-11-27 16:00:00.001
1732752000000,0.0001,2024-11-28 00:00:00.000
1732780800000,0.00026416,2024-11-28 08:00:00.000
1732809600000,0.00012412,2024-11-28 16:00:00.000
1732838400000,0.0001685,2024-11-29 00:00:00.000
1732867200000,0.00021859,2024-11-29 08:00:00.000
1732896000000,0.00031449,2024-11-29 16:00:00.000
1732924800000,0.00034404,2024-11-30 00:00:00.000
1732953600000,0.00029862,2024-11-30 08:00:00.000
1732982400000,0.00020121,2024-11-30 16:00:00.000
1733011200000,0.0002462,2024-12-01 00:00:00.000
1733040000000,0.00014635,2024-12-01 08:00:00.000
1733068800000,0.00027693,2024-12-01 16:00:00.000
1733097600001,0.00033784,2024-12-02 00:00:00.001
1733126400001,0.00039169,2024-12-02 08:00:00.001
1733155200000,0.00021728,2024-12-02 16:00:00.000
1733184000000,0.00038191,2024-12-03 00:00:00.000
1733212800000,0.00038969,2024-12-03 08:00:00.000
1733241600000,0.00020663,2024-12-03 16:00:00.000
1733270400000,0.0001,2024-12-04 00:00:00.000
1733299200000,0.00052931,2024-12-04 08:00:00.000
1733328000000,0.00044749,2024-12-04 16:00:00.000
1733356800001,0.00021917,2024-12-05 00:00:00.001
1733385600000,0.00048905,2024-12-05 08:00:00.000
1733414400000,0.00016936,2024-12-05 16:00:00.000
1733443200000,0.00038398,2024-12-06 00:00:00.000
1733472000000,0.000237,2024-12-06 08:00:00.000
1733500800000,0.00014586,2024-12-06 16:00:00.000
1733529600000,0.0002275,2024-12-07 00:00:00.000
1733558400000,0.00023274,2024-12-07 08:00:00.000
1733587200000,0.00016754,2024-12-07 16:00:00.000
1733616000000,0.00055289,2024-12-08 00:00:00.000
1733644800000,0.00041082,2024-12-08 08:00:00.000
1733673600000,0.00027868,2024-12-08 16:00:00.000
1733702400000,0.0003301,2024-12-09 00:00:00.000
1733731200000,0.00026259,2024-12-09 08:00:00.000
1733760000001,0.0001,2024-12-09 16:00:00.001
1733788800007,-0.00049305,2024-12-10 00:00:00.007
1733817600000,0.0001,2024-12-10 08:00:00.000
1733846400000,0.0001,2024-12-10 16:00:00.000
1733875200000,0.0001,2024-12-11 00:00:00.000
1733904000000,0.0001,2024-12-11 08:00:00.000
1733932800001,0.0001,2024-12-11 16:00:00.001
1733961600001,0.0001,2024-12-12 00:00:00.001
1733990400000,0.0001,2024-12-12 08:00:00.000
1734019200001,0.0001,2024-12-12 16:00:00.001
1734048000000,0.0001,2024-12-13 00:00:00.000
1734076800000,0.0001,2024-12-13 08:00:00.000
1734105600001,0.0001,2024-12-13 16:00:00.001
1734134400000,0.0001,2024-12-14 00:00:00.000
1734163200000,0.0001,2024-12-14 08:00:00.000
1734192000000,0.0001,2024-12-14 16:00:00.000
1734220800000,0.0001,2024-12-15 00:00:00.000
1734249600000,0.0001,2024-12-15 08:00:00.000
1734278400000,0.0001,2024-12-15 16:00:00.000
1734307200000,0.0001,2024-12-16 00:00:00.000
1734336000001,0.0001,2024-12-16 08:00:00.001
1734364800000,0.0001,2024-12-16 16:00:00.000
1734393600000,0.0001,2024-12-17 00:00:00.000
1734422400000,0.0001,2024-12-17 08:00:00.000
1734451200000,0.0001,2024-12-17 16:00:00.000
1734480000000,0.0001,2024-12-18 00:00:00.000
1734508800000,0.0001,2024-12-18 08:00:00.000
1734537600000,0.0001,2024-12-18 16:00:00.000
1734566400000,0.0001,2024-12-19 00:00:00.000
1734595200000,4.27e-06,2024-12-19 08:00:00.000
1734624000000,0.0001,2024-12-19 16:00:00.000
1734652800000,1.789e-05,2024-12-20 00:00:00.000
1734681600001,0.0001,2024-12-20 08:00:00.001
1734710400014,7.6e-07,2024-12-20 16:00:00.014
1734739200000,3.02e-05,2024-12-21 00:00:00.000
1734768000000,-2.167e-05,2024-12-21 08:00:00.000
1734796800001,0.0001,2024-12-21 16:00:00.001
1734825600000,1.239e-05,2024-12-22 00:00:00.000
1734854400000,7.21e-05,2024-12-22 08:00:00.000
1734883200000,3.668e-05,2024-12-22 16:00:00.000
1734912000000,6.579e-05,2024-12-23 00:00:00.000
1734940800000,0.0001,2024-12-23 08:00:00.000
1734969600001,3.934e-05,2024-12-23 16:00:00.001
1734998400000,8.351e-05,2024-12-24 00:00:00.000
1735027200000,9.024e-05,2024-12-24 08:00:00.000
1735056000001,-2.711e-05,2024-12-24 16:00:00.001
1735084800001,3.73e-05,2024-12-25 00:00:00.001
1735113600000,5.427e-05,2024-12-25 08:00:00.000
1735142400000,8.917e-05,2024-12-25 16:00:00.000
1735171200000,0.0001,2024-12-26 00:00:00.000
1735200000000,0.0001,2024-12-26 08:00:00.000
1735228800000,0.0001,2024-12-26 16:00:00.000
1735257600000,0.0001,2024-12-27 00:00:00.000
1735286400000,7.099e-05,2024-12-27 08:00:00.000
1735315200000,0.0001,2024-12-27 16:00:00.000
1735344000001,0.0001,2024-12-28 00:00:00.001
1735372800000,0.0001,2024-12-28 08:00:00.000
1735401600000,8.584e-05,2024-12-28 16:00:00.000
1735430400000,0.0001,2024-12-29 00:00:00.000
1735459200000,0.0001,2024-12-29 08:00:00.000
1735488000000,0.0001,2024-12-29 16:00:00.000
1735516800000,0.0001,2024-12-30 00:00:00.000
1735545600001,0.0001,2024-12-30 08:00:00.001
1735574400000,0.0001,2024-12-30 16:00:00.000
1735603200000,0.0001,2024-12-31 00:00:00.000
1735632000000,0.0001,2024-12-31 08:00:00.000
1735660800000,0.0001,2024-12-31 16:00:00.000
1735689600015,0.0001,2025-01-01 00:00:00.015
1735718400000,0.0001,2025-01-01 08:00:00.000
1735747200001,0.0001,2025-01-01 16:00:00.001
1735776000000,0.0001,2025-01-02 00:00:00.000
1735804800006,0.0001,2025-01-02 08:00:00.006
1735833600000,0.0001,2025-01-02 16:00:00.000
1735862400000,0.0001,2025-01-03 00:00:00.000
1735891200000,0.0001,2025-01-03 08:00:00.000
1735920000000,0.0001,2025-01-03 16:00:00.000
1735948800000,0.0001,2025-01-04 00:00:00.000
1735977600000,0.0001,2025-01-04 08:00:00.000
1736006400000,0.0001,2025-01-04 16:00:00.000
1736035200000,0.0001,2025-01-05 00:00:00.000
1736064000000,0.0001,2025-01-05 08:00:00.000
1736092800000,0.0001,2025-01-05 16:00:00.000
1736121600000,0.0001,2025-01-06 00:00:00.000
1736150400001,0.0001,2025-01-06 08:00:00.001
1736179200000,0.0001,2025-01-06 16:00:00.000
1736208000000,0.0001,2025-01-07 00:00:00.000
1736236800000,0.0001,2025-01-07 08:00:00.000
1736265600008,0.0001,2025-01-07 16:00:00.008
1736294400001,0.0001,2025-01-08 00:00:00.001
1736323200000,0.0001,2025-01-08 08:00:00.000
1736352000000,0.0001,2025-01-08 16:00:00.000
1736380800000,-0.00014309,2025-01-09 00:00:00.000
1736409600000,0.0001,2025-01-09 08:00:00.000
1736438400000,8.253e-05,2025-01-09 16:00:00.000
1736467200000,0.0001,2025-01-10 00:00:00.000
1736496000000,8.887e-05,2025-01-10 08:00:00.000
1736524800000,6.66e-05,2025-01-10 16:00:00.000
1736553600000,0.0001,2025-01-11 00:00:00.000
1736582400000,0.0001,2025-01-11 08:00:00.000
1736611200000,0.0001,2025-01-11 16:00:00.000
1736640000000,0.0001,2025-01-12 00:00:00.000
1736668800000,0.0001,2025-01-12 08:00:00.000
1736697600000,0.0001,2025-01-12 16:00:00.000
1736726400000,0.0001,2025-01-13 00:00:00.000
1736755200000,0.0001,2025-01-13 08:00:00.000
1736784000000,4.849e-05,2025-01-13 16:00:00.000
1736812800000,-0.0001766,2025-01-14 00:00:00.000
1736841600000,1.964e-05,2025-01-14 08:00:00.000
1736870400000,8.344e-05,2025-01-14 16:00:00.000
1736899200000,-1.267e-05,2025-01-15 00:00:00.000
1736928000000,7.451e-05,2025-01-15 08:00:00.000
1736956800000,0.0001,2025-01-15 16:00:00.000
1736985600000,8.585e-05,2025-01-16 00:00:00.000
1737014400000,2.968e-05,2025-01-16 08:00:00.000
1737043200000,0.0001,2025-01-16 16:00:00.000
1737072000004,0.0001,2025-01-17 00:00:00.004
1737100800000,0.0001,2025-01-17 08:00:00.000
1737129600008,0.0001,2025-01-17 16:00:00.008
1737158400000,0.0001,2025-01-18 00:00:00.000
1737187200007,0.0001,2025-01-18 08:00:00.007
1737216000000,0.0001,2025-01-18 16:00:00.000
1737244800000,0.0001,2025-01-19 00:00:00.000
1737273600000,0.0001,2025-01-19 08:00:00.000
1737302400000,0.0001,2025-01-19 16:00:00.000
1737331200000,0.0001,2025-01-20 00:00:00.000
1737360000009,0.0001,2025-01-20 08:00:00.009
1737388800000,0.0001,2025-01-20 16:00:00.000
1737417600000,0.0001,2025-01-21 00:00:00.000
1737446400000,0.0001,2025-01-21 08:00:00.000
1737475200000,0.0001,2025-01-21 16:00:00.000
1737504000000,0.0001,2025-01-22 00:00:00.000
1737532800000,0.0001,2025-01-22 08:00:00.000
1737561600000,0.0001,2025-01-22 16:00:00.000
1737590400001,0.0001,2025-01-23 00:00:00.001
1737619200000,0.0001,2025-01-23 08:00:00.000
1737648000000,0.0001,2025-01-23 16:00:00.000
1737676800000,0.0001,2025-01-24 00:00:00.000
1737705600000,0.0001,2025-01-24 08:00:00.000
1737734400000,0.0001,2025-01-24 16:00:00.000
1737763200000,7.918e-05,2025-01-25 00:00:00.000
1737792000000,8.387e-05,2025-01-25 08:00:00.000
1737820800001,0.0001,2025-01-25 16:00:00.001
1737849600000,0.0001,2025-01-26 00:00:00.000
1737878400000,0.0001,2025-01-26 08:00:00.000
1737907200000,0.0001,2025-01-26 16:00:00.000
1737936000000,8.674e-05,2025-01-27 00:00:00.000
1737964800000,-1.62e-06,2025-01-27 08:00:00.000
1737993600000,9.867e-05,2025-01-27 16:00:00.000
1738022400000,9.284e-05,2025-01-28 00:00:00.000
1738051200000,7.054e-05,2025-01-28 08:00:00.000
1738080000000,0.0001,2025-01-28 16:00:00.000
1738108800000,0.0001,2025-01-29 00:00:00.000
1738137600000,0.0001,2025-01-29 08:00:00.000
1738166400000,0.0001,2025-01-29 16:00:00.000
1738195200000,0.0001,2025-01-30 00:00:00.000
1738224000000,8.363e-05,2025-01-30 08:00:00.000
1738252800000,6.394e-05,2025-01-30 16:00:00.000
1738281600000,9.475e-05,2025-01-31 00:00:00.000
1738310400000,0.0001,2025-01-31 08:00:00.000
1738339200000,8.642e-05,2025-01-31 16:00:00.000
1738368000000,0.0001,2025-02-01 00:00:00.000
1738396800000,0.0001,2025-02-01 08:00:00.000
1738425600000,0.0001,2025-02-01 16:00:00.000
1738454400001,0.0001,2025-02-02 00:00:00.001
1738483200000,2.804e-05,2025-02-02 08:00:00.000
1738512000000,-7.701e-05,2025-02-02 16:00:00.000
1738540800000,-0.00015398,2025-02-03 00:00:00.000
1738569600000,-0.00063546,2025-02-03 08:00:00.000
1738598400000,-0.00010001,2025-02-03 16:00:00.000
1738627200000,-0.00018485,2025-02-04 00:00:00.000
1738656000001,3.339e-05,2025-02-04 08:00:00.001
1738684800000,-0.00027024,2025-02-04 16:00:00.000
1738713600001,8.309e-05,2025-02-05 00:00:00.001
1738742400001,-0.00012502,2025-02-05 08:00:00.001
1738771200000,-0.00011162,2025-02-05 16:00:00.000
1738800000001,8.805e-05,2025-02-06 00:00:00.001
1738828800001,-5.323e-05,2025-02-06 08:00:00.001
1738857600000,-0.0002006,2025-02-06 16:00:00.000
1738886400000,9.733e-05,2025-02-07 00:00:00.000
1738915200000,2.328e-05,2025-02-07 08:00:00.000
1738944000000,-0.00024847,2025-02-07 16:00:00.000
1738972800000,7.736e-05,2025-02-08 00:00:00.000
1739001600000,-6.331e-05,2025-02-08 08:00:00.000
1739030400000,-0.0001299,2025-02-08 16:00:00.000
1739059200000,-8.858e-05,2025-02-09 00:00:00.000
1739088000000,-0.00013168,2025-02-09 08:00:00.000
1739116800000,7.323e-05,2025-02-09 16:00:00.000
1739145600000,3.964e-05,2025-02-10 00:00:00.000
1739174400000,-0.00018612,2025-02-10 08:00:00.000
1739203200000,-5.099e-05,2025-02-10 16:00:00.000
1739232000000,-9.119e-05,2025-02-11 00:00:00.000
1739260800000,-0.00019507,2025-02-11 08:00:00.000
1739289600000,-4.705e-05,2025-02-11 16:00:00.000
1739318400000,-7.564e-05,2025-02-12 00:00:00.000
1739347200000,1.21e-06,2025-02-12 08:00:00.000
1739376000001,-4.861e-05,2025-02-12 16:00:00.001
1739404800001,4.933e-05,2025-02-13 00:00:00.001
1739433600000,9.992e-05,2025-02-13 08:00:00.000
1739462400001,8.035e-05,2025-02-13 16:00:00.001
1739491200000,-6.896e-05,2025-02-14 00:00:00.000
1739520000001,-7.833e-05,2025-02-14 08:00:00.001
1739548800000,3.072e-05,2025-02-14 16:00:00.000
1739577600000,6.488e-05,2025-02-15 00:00:00.000
1739606400000,0.0001,2025-02-15 08:00:00.000
1739635200000,5.902e-05,2025-02-15 16:00:00.000
1739664000000,-0.00020668,2025-02-16 00:00:00.000
1739692800000,-0.00015856,2025-02-16 08:00:00.000
1739721600000,-4.221e-05,2025-02-16 16:00:00.000
1739750400000,-5.183e-05,2025-02-17 00:00:00.000
1739779200000,-0.00023061,2025-02-17 08:00:00.000
1739808000000,-4.1e-05,2025-02-17 16:00:00.000
1739836800000,-6.552e-05,2025-02-18 00:00:00.000
1739865600000,-4.53e-05,2025-02-18 08:00:00.000
1739894400000,-4.111e-05,2025-02-18 16:00:00.000
1739923200000,-0.00035045,2025-02-19 00:00:00.000
1739952000000,5.631e-05,2025-02-19 08:00:00.000
1739980800000,-9.18e-06,2025-02-19 16:00:00.000
1740009600000,8.563e-05,2025-02-20 00:00:00.000
1740038400000,-9.948e-05,2025-02-20 08:00:00.000
1740067200000,0.0001,2025-02-20 16:00:00.000
1740096000001,0.0001,2025-02-21 00:00:00.001
1740124800000,-5.271e-05,2025-02-21 08:00:00.000
1740153600000,4.633e-05,2025-02-21 16:00:00.000
1740182400000,0.0001,2025-02-22 00:00:00.000
1740211200000,2.824e-05,2025-02-22 08:00:00.000
1740240000000,1.244e-05,2025-02-22 16:00:00.000
1740268800000,7.352e-05,2025-02-23 00:00:00.000
1740297600000,0.0001,2025-02-23 08:00:00.000
1740326400000,-4.068e-05,2025-02-23 16:00:00.000
1740355200000,-0.00028687,2025-02-24 00:00:00.000
1740384000000,-9.59e-06,2025-02-24 08:00:00.000
1740412800000,3.533e-05,2025-02-24 16:00:00.000
1740441600000,0.0001,2025-02-25 00:00:00.000
1740470400000,3.528e-05,2025-02-25 08:00:00.000
1740499200000,5.099e-05,2025-02-25 16:00:00.000
1740528000000,3.078e-05,2025-02-26 00:00:00.000
1740556800000,3.389e-05,2025-02-26 08:00:00.000
1740585600000,7.095e-05,2025-02-26 16:00:00.000
1740614400001,0.0001,2025-02-27 00:00:00.001
1740643200000,4.707e-05,2025-02-27 08:00:00.000
1740672000000,0.0001,2025-02-27 16:00:00.000
1740700800001,0.0001,2025-02-28 00:00:00.001
1740729600000,-1.656e-05,2025-02-28 08:00:00.000
1740758400000,-6.896e-05,2025-02-28 16:00:00.000
1740787200000,9.76e-05,2025-03-01 00:00:00.000
1740816000000,6.625e-05,2025-03-01 08:00:00.000
1740844800001,9.572e-05,2025-03-01 16:00:00.001
1740873600000,0.0001,2025-03-02 00:00:00.000
1740902400000,0.0001,2025-03-02 08:00:00.000
1740931200000,8.291e-05,2025-03-02 16:00:00.000
1740960000001,0.0001,2025-03-03 00:00:00.001
1740988800000,0.0001,2025-03-03 08:00:00.000
1741017600000,6.183e-05,2025-03-03 16:00:00.000
1741046400001,-6.566e-05,2025-03-04 00:00:00.001
1741075200005,-0.00011736,2025-03-04 08:00:00.005
1741104000000,-9.072e-05,2025-03-04 16:00:00.000
1741132800000,-0.00016799,2025-03-05 00:00:00.000
1741161600000,-6.288e-05,2025-03-05 08:00:00.000
1741190400000,-7.735e-05,2025-03-05 16:00:00.000
1741219200000,-7.681e-05,2025-03-06 00:00:00.000
1741248000001,-0.00014258,2025-03-06 08:00:00.001
1741276800000,6.225e-05,2025-03-06 16:00:00.000
1741305600000,2.244e-05,2025-03-07 00:00:00.000
1741334400001,0.0001,2025-03-07 08:00:00.001
1741363200000,0.0001,2025-03-07 16:00:00.000
1741392000000,0.0001,2025-03-08 00:00:00.000
1741420800001,0.0001,2025-03-08 08:00:00.001
1741449600001,0.0001,2025-03-08 16:00:00.001
1741478400001,1.092e-05,2025-03-09 00:00:00.001
1741507200000,6.613e-05,2025-03-09 08:00:00.000
1741536000000,0.0001,2025-03-09 16:00:00.000
1741564800000,-6.136e-05,2025-03-10 00:00:00.000
1741593600000,2.611e-05,2025-03-10 08:00:00.000
1741622400000,0.0001,2025-03-10 16:00:00.000
1741651200000,-1.819e-05,2025-03-11 00:00:00.000
1741680000000,-0.00012709,2025-03-11 08:00:00.000
1741708800001,0.0001,2025-03-11 16:00:00.001
1741737600000,-9.52e-06,2025-03-12 00:00:00.000
1741766400000,9.3e-06,2025-03-12 08:00:00.000
1741795200001,5.891e-05,2025-03-12 16:00:00.001
1741824000000,0.0001,2025-03-13 00:00:00.000
1741852800000,2.383e-05,2025-03-13 08:00:00.000
1741881600000,5.353e-05,2025-03-13 16:00:00.000
1741910400000,-9.95e-06,2025-03-14 00:00:00.000
1741939200000,-3.455e-05,2025-03-14 08:00:00.000
1741968000000,6.017e-05,2025-03-14 16:00:00.000
1741996800000,0.0001,2025-03-15 00:00:00.000
1742025600000,4.964e-05,2025-03-15 08:00:00.000
1742054400000,-1.932e-05,2025-03-15 16:00:00.000
1742083200000,-7.141e-05,2025-03-16 00:00:00.000
1742112000000,7e-06,2025-03-16 08:00:00.000
1742140800000,-7.106e-05,2025-03-16 16:00:00.000
1742169600000,9.539e-05,2025-03-17 00:00:00.000
1742198400000,6.328e-05,2025-03-17 08:00:00.000
1742227200000,8e-06,2025-03-17 16:00:00.000
1742256000000,9.155e-05,2025-03-18 00:00:00.000
1742284800000,5.407e-05,2025-03-18 08:00:00.000
1742313600000,0.0001,2025-03-18 16:00:00.000
1742342400000,8.482e-05,2025-03-19 00:00:00.000
1742371200000,9.482e-05,2025-03-19 08:00:00.000
1742400000000,0.0001,2025-03-19 16:00:00.000
1742428800000,0.0001,2025-03-20 00:00:00.000
1742457600000,0.0001,2025-03-20 08:00:00.000
1742486400000,8.193e-05,2025-03-20 16:00:00.000
1742515200000,0.0001,2025-03-21 00:00:00.000
1742544000000,5.08e-05,2025-03-21 08:00:00.000
1742572800000,-9.133e-05,2025-03-21 16:00:00.000
1742601600000,-1.51e-06,2025-03-22 00:00:00.000
1742630400004,9.198e-05,2025-03-22 08:00:00.004
1742659200000,0.0001,2025-03-22 16:00:00.000
1742688000000,0.0001,2025-03-23 00:00:00.000
1742716800000,0.0001,2025-03-23 08:00:00.000
1742745600000,-1.009e-05,2025-03-23 16:00:00.000
1742774400000,6.382e-05,2025-03-24 00:00:00.000
1742803200000,0.0001,2025-03-24 08:00:00.000
1742832000000,0.0001,2025-03-24 16:00:00.000
1742860800001,0.0001,2025-03-25 00:00:00.001
1742889600000,0.0001,2025-03-25 08:00:00.000
1742918400000,4.677e-05,2025-03-25 16:00:00.000
1742947200000,2.94e-05,2025-03-26 00:00:00.000
1742976000000,-0.00014043,2025-03-26 08:00:00.000
1743004800001,-0.00024696,2025-03-26 16:00:00.001
1743033600001,-2.354e-05,2025-03-27 00:00:00.001
1743062400001,-3.482e-05,2025-03-27 08:00:00.001
1743091200002,3.333e-05,2025-03-27 16:00:00.002
1743120000001,8.272e-05,2025-03-28 00:00:00.001
1743148800001,-7.015e-05,2025-03-28 08:00:00.001
1743177600000,-0.00011288,2025-03-28 16:00:00.000
1743206400000,-0.00013467,2025-03-29 00:00:00.000
1743235200000,0.0001,2025-03-29 08:00:00.000
1743264000000,3.833e-05,2025-03-29 16:00:00.000
1743292800000,6.507e-05,2025-03-30 00:00:00.000
1743321600000,-0.0002256,2025-03-30 08:00:00.000
1743350400000,-0.00016125,2025-03-30 16:00:00.000
1743379200000,-0.00015866,2025-03-31 00:00:00.000
1743408000000,8.574e-05,2025-03-31 08:00:00.000
1743436800000,-6.028e-05,2025-03-31 16:00:00.000
1743465600000,3.853e-05,2025-04-01 00:00:00.000
1743494400001,-6.359e-05,2025-04-01 08:00:00.001
1743523200000,6.727e-05,2025-04-01 16:00:00.000
1743552000001,3.792e-05,2025-04-02 00:00:00.001
1743580800000,0.0001,2025-04-02 08:00:00.000
1743609600000,-2.308e-05,2025-04-02 16:00:00.000
1743638400000,-1.007e-05,2025-04-03 00:00:00.000
1743667200000,-4.984e-05,2025-04-03 08:00:00.000
1743696000000,6.232e-05,2025-04-03 16:00:00.000
1743724800000,3.41e-05,2025-04-04 00:00:00.000
1743753600000,-1.158e-05,2025-04-04 08:00:00.000
1743782400000,9.491e-05,2025-04-04 16:00:00.000
1743811200000,5.715e-05,2025-04-05 00:00:00.000
1743840000000,8.074e-05,2025-04-05 08:00:00.000
1743868800000,-7.467e-05,2025-04-05 16:00:00.000
1743897600000,4.049e-05,2025-04-06 00:00:00.000
1743926400000,-1.285e-05,2025-04-06 08:00:00.000
1743955200002,-8.145e-05,2025-04-06 16:00:00.002
1743984000000,8.996e-05,2025-04-07 00:00:00.000
1744012800000,3.198e-05,2025-04-07 08:00:00.000
1744041600000,-1.381e-05,2025-04-07 16:00:00.000
1744070400000,-0.00013468,2025-04-08 00:00:00.000
1744099200000,-5.908e-05,2025-04-08 08:00:00.000
1744128000000,-9.465e-05,2025-04-08 16:00:00.000
1744156800000,-1.375e-05,2025-04-09 00:00:00.000
1744185600001,-9.339e-05,2025-04-09 08:00:00.001
1744214400000,0.0001,2025-04-09 16:00:00.000
1744243200000,-0.00022321,2025-04-10 00:00:00.000
1744272000000,-2.968e-05,2025-04-10 08:00:00.000
1744300800000,-6.547e-05,2025-04-10 16:00:00.000
1744329600001,1.919e-05,2025-04-11 00:00:00.001
1744358400000,-8.682e-05,2025-04-11 08:00:00.000
1744387200000,7.555e-05,2025-04-11 16:00:00.000
1744416000000,2.312e-05,2025-04-12 00:00:00.000
1744444800001,9.439e-05,2025-04-12 08:00:00.001
1744473600000,2.292e-05,2025-04-12 16:00:00.000
1744502400000,-2.89e-06,2025-04-13 00:00:00.000
1744531200000,-0.00010042,2025-04-13 08:00:00.000
1744560000000,-9.954e-05,2025-04-13 16:00:00.000
1744588800000,7.069e-05,2025-04-14 00:00:00.000
1744617600000,6.709e-05,2025-04-14 08:00:00.000
1744646400000,4.748e-05,2025-04-14 16:00:00.000
1744675200000,1.163e-05,2025-04-15 00:00:00.000
1744704000000,-2.58e-06,2025-04-15 08:00:00.000
1744732800001,-6.08e-05,2025-04-15 16:00:00.001
1744761600000,1.03e-06,2025-04-16 00:00:00.000
1744790400000,-6.891e-05,2025-04-16 08:00:00.000
1744819200000,-1.933e-05,2025-04-16 16:00:00.000
1744848000001,3.405e-05,2025-04-17 00:00:00.001
1744876800000,-7.38e-06,2025-04-17 08:00:00.000
1744905600001,8.916e-05,2025-04-17 16:00:00.001
1744934400000,-2.79e-05,2025-04-18 00:00:00.000
1744963200000,8.35e-06,2025-04-18 08:00:00.000
1744992000000,6.988e-05,2025-04-18 16:00:00.000
1745020800000,0.0001,2025-04-19 00:00:00.000
1745049600000,0.0001,2025-04-19 08:00:00.000
1745078400000,-0.00012761,2025-04-19 16:00:00.000
1745107200000,-7.031e-05,2025-04-20 00:00:00.000
1745136000000,-9.265e-05,2025-04-20 08:00:00.000
1745164800000,0.0001,2025-04-20 16:00:00.000
1745193600000,8.375e-05,2025-04-21 00:00:00.000
1745222400005,7.35e-06,2025-04-21 08:00:00.005
1745251200003,0.0001,2025-04-21 16:00:00.003
1745280000008,0.0001,2025-04-22 00:00:00.008
1745308800000,7.409e-05,2025-04-22 08:00:00.000
1745337600000,-4.904e-05,2025-04-22 16:00:00.000
1745366400000,6.077e-05,2025-04-23 00:00:00.000
1745395200002,6.078e-05,2025-04-23 08:00:00.002
1745424000000,0.0001,2025-04-23 16:00:00.000
1745452800000,0.0001,2025-04-24 00:00:00.000
1745481600001,0.0001,2025-04-24 08:00:00.001
1745510400001,3.547e-05,2025-04-24 16:00:00.001
1745539200007,7.906e-05,2025-04-25 00:00:00.007
1745568000002,6.774e-05,2025-04-25 08:00:00.002
1745596800003,-7.993e-05,2025-04-25 16:00:00.003
1745625600002,7.952e-05,2025-04-26 00:00:00.002
1745654400000,-0.00018993,2025-04-26 08:00:00.000
1745683200002,2.061e-05,2025-04-26 16:00:00.002
1745712000001,-0.00019789,2025-04-27 00:00:00.001
1745740800000,6.999e-05,2025-04-27 08:00:00.000
1745769600000,0.0001,2025-04-27 16:00:00.000
1745798400001,0.0001,2025-04-28 00:00:00.001
1745827200003,0.0001,2025-04-28 08:00:00.003
1745856000005,-1.639e-05,2025-04-28 16:00:00.005
1745884800000,0.0001,2025-04-29 00:00:00.000
1745913600000,0.0001,2025-04-29 08:00:00.000
1745942400010,2.519e-05,2025-04-29 16:00:00.010
1745971200001,4.323e-05,2025-04-30 00:00:00.001
1746000000000,-3.766e-05,2025-04-30 08:00:00.000
1746028800003,6.864e-05,2025-04-30 16:00:00.003
1746057600000,7.13e-06,2025-05-01 00:00:00.000
1746086400000,-0.00010621,2025-05-01 08:00:00.000
1746115200001,-8.187e-05,2025-05-01 16:00:00.001
1746144000000,5.532e-05,2025-05-02 00:00:00.000
1746172800000,-0.00012395,2025-05-02 08:00:00.000
1746201600003,-0.00016236,2025-05-02 16:00:00.003
1746230400000,1.06e-05,2025-05-03 00:00:00.000
1746259200000,-2.46e-05,2025-05-03 08:00:00.000
1746288000000,-0.00042722,2025-05-03 16:00:00.000
1746316800001,-6.371e-05,2025-05-04 00:00:00.001
1746345600001,-6.225e-05,2025-05-04 08:00:00.001
1746374400002,4.073e-05,2025-05-04 16:00:00.002
1746403200000,3.805e-05,2025-05-05 00:00:00.000
1746432000000,-1.644e-05,2025-05-05 08:00:00.000
1746460800006,0.0001,2025-05-05 16:00:00.006
1746489600002,-3.556e-05,2025-05-06 00:00:00.002
1746518400005,8.309e-05,2025-05-06 08:00:00.005
1746547200000,4.009e-05,2025-05-06 16:00:00.000
1746576000002,8.582e-05,2025-05-07 00:00:00.002
1746604800000,-0.00016698,2025-05-07 08:00:00.000
1746633600006,-0.00011567,2025-05-07 16:00:00.006
1746662400000,-3.809e-05,2025-05-08 00:00:00.000
1746691200001,0.0001,2025-05-08 08:00:00.001
1746720000002,0.0001,2025-05-08 16:00:00.002
1746748800001,0.0001,2025-05-09 00:00:00.001
1746777600006,0.0001,2025-05-09 08:00:00.006
1746806400000,0.0001,2025-05-09 16:00:00.000
1746835200001,0.0001,2025-05-10 00:00:00.001
1746864000000,0.0001,2025-05-10 08:00:00.000
1746892800001,2.507e-05,2025-05-10 16:00:00.001
1746921600000,0.0001,2025-05-11 00:00:00.000
1746950400001,0.0001,2025-05-11 08:00:00.001
1746979200001,-1.759e-05,2025-05-11 16:00:00.001
1747008000004,-1.763e-05,2025-05-12 00:00:00.004
1747036800000,0.0001,2025-05-12 08:00:00.000
1747065600000,0.0001,2025-05-12 16:00:00.000
1747094400000,-0.00022224,2025-05-13 00:00:00.000
1747123200008,9.085e-05,2025-05-13 08:00:00.008
1747152000001,0.0001,2025-05-13 16:00:00.001
1747180800007,0.0001,2025-05-14 00:00:00.007
1747209600000,2.085e-05,2025-05-14 08:00:00.000
1747238400002,1.05e-06,2025-05-14 16:00:00.002
1747267200000,7.668e-05,2025-05-15 00:00:00.000
1747296000003,0.0001,2025-05-15 08:00:00.003
1747324800000,0.0001,2025-05-15 16:00:00.000
1747353600001,8.902e-05,2025-05-16 00:00:00.001
1747382400000,7.067e-05,2025-05-16 08:00:00.000
1747411200000,0.0001,2025-05-16 16:00:00.000
1747440000000,0.0001,2025-05-17 00:00:00.000
1747468800001,0.0001,2025-05-17 08:00:00.001
1747497600004,7.454e-05,2025-05-17 16:00:00.004
1747526400000,4.991e-05,2025-05-18 00:00:00.000
1747555200000,-0.00015743,2025-05-18 08:00:00.000
1747584000000,-7.528e-05,2025-05-18 16:00:00.000
1747612800000,-5.298e-05,2025-05-19 00:00:00.000
1747641600006,1.962e-05,2025-05-19 08:00:00.006
1747670400010,-4.336e-05,2025-05-19 16:00:00.010
1747699200000,5.285e-05,2025-05-20 00:00:00.000
1747728000002,-7.3e-06,2025-05-20 08:00:00.002
1747756800000,-0.00011442,2025-05-20 16:00:00.000
1747785600000,-2.388e-05,2025-05-21 00:00:00.000
1747814400001,0.0001,2025-05-21 08:00:00.001
1747843200004,-7.264e-05,2025-05-21 16:00:00.004
1747872000001,0.0001,2025-05-22 00:00:00.001
1747900800000,0.0001,2025-05-22 08:00:00.000
1747929600002,-1.258e-05,2025-05-22 16:00:00.002
1747958400006,0.0001,2025-05-23 00:00:00.006
1747987200000,0.0001,2025-05-23 08:00:00.000
1748016000007,0.0001,2025-05-23 16:00:00.007
1748044800010,0.0001,2025-05-24 00:00:00.010
1748073600000,-0.00018517,2025-05-24 08:00:00.000
1748102400003,-9.369e-05,2025-05-24 16:00:00.003
1748131200004,-4.416e-05,2025-05-25 00:00:00.004
1748160000000,-0.00019863,2025-05-25 08:00:00.000
1748188800000,-7.645e-05,2025-05-25 16:00:00.000
1748217600000,-5.169e-05,2025-05-26 00:00:00.000
1748246400000,-7.436e-05,2025-05-26 08:00:00.000
1748275200002,-2.453e-05,2025-05-26 16:00:00.002
1748304000003,-3.518e-05,2025-05-27 00:00:00.003
1748332800001,-2.106e-05,2025-05-27 08:00:00.001
1748361600005,1.044e-05,2025-05-27 16:00:00.005
1748390400002,4.273e-05,2025-05-28 00:00:00.002
1748419200003,-0.00032771,2025-05-28 08:00:00.003
1748448000002,-0.0001232,2025-05-28 16:00:00.002
1748476800000,-0.00026855,2025-05-29 00:00:00.000
1748505600006,-0.00019775,2025-05-29 08:00:00.006
1748534400000,6.046e-05,2025-05-29 16:00:00.000
1748563200003,9.519e-05,2025-05-30 00:00:00.003
1748592000003,-3.632e-05,2025-05-30 08:00:00.003
1748620800000,7.728e-05,2025-05-30 16:00:00.000
1748649600000,-8.264e-05,2025-05-31 00:00:00.000
1748678400000,-0.00033263,2025-05-31 08:00:00.000
1748707200000,-0.00048162,2025-05-31 16:00:00.000
1748736000001,-0.00019059,2025-06-01 00:00:00.001
1748764800002,-0.00024159,2025-06-01 08:00:00.002
1748793600000,-0.00011877,2025-06-01 16:00:00.000
1748822400001,-0.00031721,2025-06-02 00:00:00.001
1748851200000,-2.605e-05,2025-06-02 08:00:00.000
1748880000000,6.109e-05,2025-06-02 16:00:00.000
1748908800000,5.21e-05,2025-06-03 00:00:00.000
1748937600000,3.494e-05,2025-06-03 08:00:00.000
1748966400001,-0.00014285,2025-06-03 16:00:00.001
1748995200000,2.694e-05,2025-06-04 00:00:00.000
1749024000000,2.719e-05,2025-06-04 08:00:00.000
1749052800000,-0.00012731,2025-06-04 16:00:00.000
1749081600016,-5.789e-05,2025-06-05 00:00:00.016
1749110400000,-0.00036666,2025-06-05 08:00:00.000
1749139200000,-0.00010372,2025-06-05 16:00:00.000
1749168000002,-0.00013812,2025-06-06 00:00:00.002
1749196800000,-0.00019242,2025-06-06 08:00:00.000
1749225600006,-3.077e-05,2025-06-06 16:00:00.006
1749254400000,8.175e-05,2025-06-07 00:00:00.000
1749283200000,8.577e-05,2025-06-07 08:00:00.000
1749312000002,0.0001,2025-06-07 16:00:00.002
1749340800000,0.0001,2025-06-08 00:00:00.000
1749369600000,7.597e-05,2025-06-08 08:00:00.000
1749398400000,2.841e-05,2025-06-08 16:00:00.000
1749427200000,0.0001,2025-06-09 00:00:00.000
1749456000001,7.661e-05,2025-06-09 08:00:00.001
1749484800001,-9.276e-05,2025-06-09 16:00:00.001
1749513600000,4.326e-05,2025-06-10 00:00:00.000
1749542400001,-0.00012392,2025-06-10 08:00:00.001
1749571200003,-4.533e-05,2025-06-10 16:00:00.003
1749600000000,-0.00011908,2025-06-11 00:00:00.000
1749628800000,-4.639e-05,2025-06-11 08:00:00.000
1749657600010,5.864e-05,2025-06-11 16:00:00.010
1749686400002,9.18e-05,2025-06-12 00:00:00.002
1749715200003,6.01e-05,2025-06-12 08:00:00.003
1749744000001,-3.412e-05,2025-06-12 16:00:00.001
1749772800000,6.374e-05,2025-06-13 00:00:00.000
1749801600001,-0.00018729,2025-06-13 08:00:00.001
1749830400004,-1.66e-05,2025-06-13 16:00:00.004
1749859200000,-1.083e-05,2025-06-14 00:00:00.000
1749888000000,-0.00033445,2025-06-14 08:00:00.000
1749916800000,-4.361e-05,2025-06-14 16:00:00.000
1749945600005,1.621e-05,2025-06-15 00:00:00.005
1749974400009,-1.448e-05,2025-06-15 08:00:00.009
1750003200000,6.228e-05,2025-06-15 16:00:00.000
1750032000000,4.343e-05,2025-06-16 00:00:00.000
1750060800000,-0.00010307,2025-06-16 08:00:00.000
1750089600003,7.594e-05,2025-06-16 16:00:00.003
1750118400000,4.085e-05,2025-06-17 00:00:00.000
1750147200006,0.0001,2025-06-17 08:00:00.006
1750176000001,0.0001,2025-06-17 16:00:00.001
1750204800001,8.774e-05,2025-06-18 00:00:00.001
1750233600001,3.675e-05,2025-06-18 08:00:00.001
1750262400001,-1.907e-05,2025-06-18 16:00:00.001
1750291200005,-8.97e-05,2025-06-19 00:00:00.005
1750320000003,2.425e-05,2025-06-19 08:00:00.003
1750348800000,1.665e-05,2025-06-19 16:00:00.000
1750377600000,-1.092e-05,2025-06-20 00:00:00.000
1750406400002,6.827e-05,2025-06-20 08:00:00.002
1750435200001,-1.81e-06,2025-06-20 16:00:00.001
1750464000002,-8.433e-05,2025-06-21 00:00:00.002
1750492800005,2.131e-05,2025-06-21 08:00:00.005
1750521600000,-1.673e-05,2025-06-21 16:00:00.000
1750550400005,2.444e-05,2025-06-22 00:00:00.005
1750579200000,-7.298e-05,2025-06-22 08:00:00.000
1750608000003,3.451e-05,2025-06-22 16:00:00.003
1750636800000,-0.00018897,2025-06-23 00:00:00.000
1750665600004,-6.845e-05,2025-06-23 08:00:00.004
1750694400013,-2.71e-06,2025-06-23 16:00:00.013
1750723200003,-0.0002109,2025-06-24 00:00:00.003
1750752000000,-0.00033817,2025-06-24 08:00:00.000
1750780800000,-3.106e-05,2025-06-24 16:00:00.000
1750809600005,5.698e-05,2025-06-25 00:00:00.005
1750838400000,0.0001,2025-06-25 08:00:00.000
1750867200005,-4.506e-05,2025-06-25 16:00:00.005
1750896000000,-0.00024164,2025-06-26 00:00:00.000
1750924800006,-6.61e-05,2025-06-26 08:00:00.006
1750953600007,6.15e-05,2025-06-26 16:00:00.007
1750982400000,-2.538e-05,2025-06-27 00:00:00.000
1751011200000,-7.5e-06,2025-06-27 08:00:00.000
1751040000009,3.611e-05,2025-06-27 16:00:00.009
1751068800001,-4.846e-05,2025-06-28 00:00:00.001
1751097600002,-0.00017696,2025-06-28 08:00:00.002
1751126400000,-0.00037941,2025-06-28 16:00:00.000
1751155200004,-0.00033801,2025-06-29 00:00:00.004
1751184000001,-0.00017525,2025-06-29 08:00:00.001
1751212800001,-0.00019112,2025-06-29 16:00:00.001
1751241600000,7.257e-05,2025-06-30 00:00:00.000
1751270400005,-0.00021139,2025-06-30 08:00:00.005
1751299200002,-0.00019956,2025-06-30 16:00:00.002
1751328000007,-1.406e-05,2025-07-01 00:00:00.007
1751356800002,4.028e-05,2025-07-01 08:00:00.002
1751385600000,4.118e-05,2025-07-01 16:00:00.000
1751414400001,1.495e-05,2025-07-02 00:00:00.001
1751443200000,-0.00011693,2025-07-02 08:00:00.000
1751472000003,8.837e-05,2025-07-02 16:00:00.003
1751500800006,0.0001,2025-07-03 00:00:00.006
1751529600003,0.0001,2025-07-03 08:00:00.003
1751558400003,0.0001,2025-07-03 16:00:00.003
1751587200005,0.0001,2025-07-04 00:00:00.005
1751616000003,0.0001,2025-07-04 08:00:00.003
1751644800001,0.0001,2025-07-04 16:00:00.001
1751673600004,-0.00010047,2025-07-05 00:00:00.004
1751702400009,-2.708e-05,2025-07-05 08:00:00.009
1751731200006,-0.00014094,2025-07-05 16:00:00.006
1751760000001,-3.296e-05,2025-07-06 00:00:00.001
1751788800002,-0.00013638,2025-07-06 08:00:00.002
1751817600004,-7.934e-05,2025-07-06 16:00:00.004
1751846400000,0.0001,2025-07-07 00:00:00.000
1751875200007,-5.121e-05,2025-07-07 08:00:00.007
1751904000000,-4.37e-06,2025-07-07 16:00:00.000
1751932800010,8.1e-06,2025-07-08 00:00:00.010
1751961600003,-0.00013201,2025-07-08 08:00:00.003
1751990400000,2.55e-05,2025-07-08 16:00:00.000
1752019200002,0.0001,2025-07-09 00:00:00.002
1752048000006,-3.229e-05,2025-07-09 08:00:00.006
1752076800001,0.0001,2025-07-09 16:00:00.001
1752105600003,0.0001,2025-07-10 00:00:00.003
1752134400000,0.0001,2025-07-10 08:00:00.000
1752163200004,0.0001,2025-07-10 16:00:00.004
1752192000004,0.0001,2025-07-11 00:00:00.004
1752220800007,0.0001,2025-07-11 08:00:00.007
1752249600001,0.0001,2025-07-11 16:00:00.001
1752278400000,0.0001,2025-07-12 00:00:00.000
1752307200001,0.0001,2025-07-12 08:00:00.001
1752336000002,0.0001,2025-07-12 16:00:00.002
1752364800006,0.0001,2025-07-13 00:00:00.006
1752393600001,0.0001,2025-07-13 08:00:00.001
1752422400003,0.0001,2025-07-13 16:00:00.003
1752451200000,0.0001,2025-07-14 00:00:00.000
1752480000000,0.0001,2025-07-14 08:00:00.000
1752508800000,0.0001,2025-07-14 16:00:00.000
1752537600002,3.161e-05,2025-07-15 00:00:00.002
1752566400000,0.0001,2025-07-15 08:00:00.000
1752595200000,0.0001,2025-07-15 16:00:00.000
1752624000000,0.0001,2025-07-16 00:00:00.000
1752652800000,0.0001,2025-07-16 08:00:00.000
1752681600008,0.0001,2025-07-16 16:00:00.008
1752710400003,0.0001,2025-07-17 00:00:00.003
1752739200000,0.0001,2025-07-17 08:00:00.000
1752768000000,0.0001,2025-07-17 16:00:00.000
1752796800004,0.0001,2025-07-18 00:00:00.004
1752825600000,0.0001,2025-07-18 08:00:00.000
1752854400000,0.0001,2025-07-18 16:00:00.000
1752883200009,0.0001,2025-07-19 00:00:00.009
1752912000000,0.0001,2025-07-19 08:00:00.000
1752940800002,0.0001,2025-07-19 16:00:00.002
1752969600000,0.0001,2025-07-20 00:00:00.000
1752998400000,0.0001,2025-07-20 08:00:00.000
1753027200000,0.0001,2025-07-20 16:00:00.000
1753056000001,0.0001,2025-07-21 00:00:00.001
1753084800000,0.0001,2025-07-21 08:00:00.000
1753113600001,0.0001,2025-07-21 16:00:00.001
1753142400000,0.0001,2025-07-22 00:00:00.000
1753171200010,0.0001,2025-07-22 08:00:00.010
1753200000007,0.0001,2025-07-22 16:00:00.007
1753228800000,0.0001,2025-07-23 00:00:00.000
1753257600004,0.0001,2025-07-23 08:00:00.004
1753286400002,0.0001,2025-07-23 16:00:00.002
1753315200000,0.0001,2025-07-24 00:00:00.000
1753344000001,0.0001,2025-07-24 08:00:00.001
1753372800000,0.0001,2025-07-24 16:00:00.000
1753401600000,0.0001,2025-07-25 00:00:00.000
1753430400000,0.0001,2025-07-25 08:00:00.000
1753459200000,0.0001,2025-07-25 16:00:00.000
1753488000001,0.0001,2025-07-26 00:00:00.001
1753516800005,0.0001,2025-07-26 08:00:00.005
1753545600001,4.011e-05,2025-07-26 16:00:00.001
1753574400001,8.441e-05,2025-07-27 00:00:00.001
1753603200000,0.0001,2025-07-27 08:00:00.000
1753632000008,0.0001,2025-07-27 16:00:00.008
1753660800005,0.0001,2025-07-28 00:00:00.005
1753689600000,0.0001,2025-07-28 08:00:00.000
1753718400000,0.0001,2025-07-28 16:00:00.000
1753747200001,0.0001,2025-07-29 00:00:00.001
1753776000000,-3.423e-05,2025-07-29 08:00:00.000
1753804800000,7.744e-05,2025-07-29 16:00:00.000
1753833600011,-4.339e-05,2025-07-30 00:00:00.011
1753862400000,-7.97e-05,2025-07-30 08:00:00.000
1753891200008,0.0001,2025-07-30 16:00:00.008
1753920000000,4.196e-05,2025-07-31 00:00:00.000
1753948800009,-4.854e-05,2025-07-31 08:00:00.009
1753977600000,6.088e-05,2025-07-31 16:00:00.000
1754006400001,-0.00018846,2025-08-01 00:00:00.001
1754035200003,-0.0001079,2025-08-01 08:00:00.003
1754064000000,-0.00010538,2025-08-01 16:00:00.000
1754092800004,7.72e-05,2025-08-02 00:00:00.004
1754121600000,2.101e-05,2025-08-02 08:00:00.000
1754150400000,-3.641e-05,2025-08-02 16:00:00.000
1754179200000,7.592e-05,2025-08-03 00:00:00.000
1754208000000,-4.096e-05,2025-08-03 08:00:00.000
1754236800003,-0.0001307,2025-08-03 16:00:00.003
1754265600004,-7.961e-05,2025-08-04 00:00:00.004
1754294400000,8.607e-05,2025-08-04 08:00:00.000
1754323200002,9.879e-05,2025-08-04 16:00:00.002
1754352000000,0.0001,2025-08-05 00:00:00.000
1754380800000,4.97e-05,2025-08-05 08:00:00.000
1754409600000,0.0001,2025-08-05 16:00:00.000
1754438400005,0.0001,2025-08-06 00:00:00.005
1754467200000,0.0001,2025-08-06 08:00:00.000
1754496000000,7.001e-05,2025-08-06 16:00:00.000
1754524800003,-8.34e-06,2025-08-07 00:00:00.003
1754553600002,-2.086e-05,2025-08-07 08:00:00.002
1754582400002,0.0001,2025-08-07 16:00:00.002
1754611200002,0.0001,2025-08-08 00:00:00.002
1754640000004,0.0001,2025-08-08 08:00:00.004
1754668800000,0.0001,2025-08-08 16:00:00.000
1754697600005,0.0001,2025-08-09 00:00:00.005
1754726400000,0.0001,2025-08-09 08:00:00.000
1754755200007,0.0001,2025-08-09 16:00:00.007
1754784000003,0.0001,2025-08-10 00:00:00.003
1754812800005,0.0001,2025-08-10 08:00:00.005
1754841600002,0.0001,2025-08-10 16:00:00.002
1754870400000,0.0001,2025-08-11 00:00:00.000
1754899200000,0.0001,2025-08-11 08:00:00.000
1754928000000,7.229e-05,2025-08-11 16:00:00.000
1754956800000,-9.5e-07,2025-08-12 00:00:00.000
1754985600001,-1.3e-06,2025-08-12 08:00:00.001
1755014400005,0.0001,2025-08-12 16:00:00.005
1755043200000,0.0001,2025-08-13 00:00:00.000
1755072000002,0.0001,2025-08-13 08:00:00.002
1755100800006,0.0001,2025-08-13 16:00:00.006
1755129600002,0.0001,2025-08-14 00:00:00.002
1755158400003,0.0001,2025-08-14 08:00:00.003
1755187200000,0.0001,2025-08-14 16:00:00.000
1755216000000,-9.94e-06,2025-08-15 00:00:00.000
1755244800000,-2.55e-05,2025-08-15 08:00:00.000
1755273600000,1.047e-05,2025-08-15 16:00:00.000
1755302400004,-9.169e-05,2025-08-16 00:00:00.004
1755331200000,7.792e-05,2025-08-16 08:00:00.000
1755360000002,3.236e-05,2025-08-16 16:00:00.002
1755388800000,-3.181e-05,2025-08-17 00:00:00.000
1755417600001,3.932e-05,2025-08-17 08:00:00.001
1755446400007,0.0001,2025-08-17 16:00:00.007
1755475200000,3.581e-05,2025-08-18 00:00:00.000
1755504000001,0.0001,2025-08-18 08:00:00.001
1755532800002,-5.573e-05,2025-08-18 16:00:00.002
1755561600000,-5.427e-05,2025-08-19 00:00:00.000
1755590400001,-2.388e-05,2025-08-19 08:00:00.001
1755619200000,9.791e-05,2025-08-19 16:00:00.000
1755648000000,9.743e-05,2025-08-20 00:00:00.000
1755676800000,-9.27e-06,2025-08-20 08:00:00.000
1755705600000,7.833e-05,2025-08-20 16:00:00.000
1755734400006,0.0001,2025-08-21 00:00:00.006
1755763200000,0.0001,2025-08-21 08:00:00.000
1755792000003,0.0001,2025-08-21 16:00:00.003
1755820800010,0.0001,2025-08-22 00:00:00.010
1755849600007,0.0001,2025-08-22 08:00:00.007
1755878400001,1.189e-05,2025-08-22 16:00:00.001
1755907200004,0.0001,2025-08-23 00:00:00.004
1755936000006,0.0001,2025-08-23 08:00:00.006
1755964800000,0.0001,2025-08-23 16:00:00.000
1755993600001,0.0001,2025-08-24 00:00:00.001
1756022400002,0.0001,2025-08-24 08:00:00.002
1756051200001,0.0001,2025-08-24 16:00:00.001
1756080000000,0.0001,2025-08-25 00:00:00.000
1756108800002,0.0001,2025-08-25 08:00:00.002
1756137600002,-0.00014628,2025-08-25 16:00:00.002
1756166400000,-0.00024893,2025-08-26 00:00:00.000
1756195200000,-3.637e-05,2025-08-26 08:00:00.000
1756224000000,-7.57e-06,2025-08-26 16:00:00.000
1756252800003,0.0001,2025-08-27 00:00:00.003
1756281600000,0.0001,2025-08-27 08:00:00.000
1756310400009,5.191e-05,2025-08-27 16:00:00.009
1756339200000,0.0001,2025-08-28 00:00:00.000
1756368000005,0.0001,2025-08-28 08:00:00.005
1756396800004,9.604e-05,2025-08-28 16:00:00.004
1756425600000,0.0001,2025-08-29 00:00:00.000
1756454400000,0.0001,2025-08-29 08:00:00.000
1756483200005,-0.00010582,2025-08-29 16:00:00.005
1756512000000,-0.00029513,2025-08-30 00:00:00.000
1756540800002,0.0001,2025-08-30 08:00:00.002
1756569600003,0.0001,2025-08-30 16:00:00.003
1756598400016,0.0001,2025-08-31 00:00:00.016
1756627200000,0.0001,2025-08-31 08:00:00.000
1756656000001,-0.00020422,2025-08-31 16:00:00.001
1756684800000,-0.00012147,2025-09-01 00:00:00.000
1756713600000,-4.507e-05,2025-09-01 08:00:00.000
1756742400001,9.125e-05,2025-09-01 16:00:00.001
1756771200000,7.317e-05,2025-09-02 00:00:00.000
1756800000005,8.534e-05,2025-09-02 08:00:00.005
1756828800007,3.762e-05,2025-09-02 16:00:00.007
1756857600006,0.0001,2025-09-03 00:00:00.006
1756886400002,6.704e-05,2025-09-03 08:00:00.002
1756915200002,9.428e-05,2025-09-03 16:00:00.002
1756944000002,0.0001,2025-09-04 00:00:00.002
1756972800000,0.0001,2025-09-04 08:00:00.000
1757001600000,5.927e-05,2025-09-04 16:00:00.000
1757030400001,-0.00017093,2025-09-05 00:00:00.001
1757059200006,-9.982e-05,2025-09-05 08:00:00.006
1757088000000,-0.00020412,2025-09-05 16:00:00.000
1757116800000,0.0001,2025-09-06 00:00:00.000
1757145600005,0.0001,2025-09-06 08:00:00.005
1757174400000,0.0001,2025-09-06 16:00:00.000
1757203200000,0.0001,2025-09-07 00:00:00.000
1757232000000,0.0001,2025-09-07 08:00:00.000
1757260800000,0.0001,2025-09-07 16:00:00.000
1757289600007,7.521e-05,2025-09-08 00:00:00.007
1757318400000,0.0001,2025-09-08 08:00:00.000
1757347200000,0.0001,2025-09-08 16:00:00.000
1757376000000,0.0001,2025-09-09 00:00:00.000
1757404800000,0.0001,2025-09-09 08:00:00.000
1757433600000,0.0001,2025-09-09 16:00:00.000
1757462400000,0.0001,2025-09-10 00:00:00.000
1757491200002,0.0001,2025-09-10 08:00:00.002
1757520000000,0.0001,2025-09-10 16:00:00.000
1757548800000,0.0001,2025-09-11 00:00:00.000
1757577600000,0.0001,2025-09-11 08:00:00.000
1757606400001,0.0001,2025-09-11 16:00:00.001
1757635200002,0.0001,2025-09-12 00:00:00.002
1757664000001,0.0001,2025-09-12 08:00:00.001
1757692800005,0.0001,2025-09-12 16:00:00.005
1757721600005,0.0001,2025-09-13 00:00:00.005
1757750400002,0.0001,2025-09-13 08:00:00.002
1757779200000,0.0001,2025-09-13 16:00:00.000
1757808000006,0.0001,2025-09-14 00:00:00.006
1757836800000,0.0001,2025-09-14 08:00:00.000
1757865600001,0.0001,2025-09-14 16:00:00.001
1757894400006,0.0001,2025-09-15 00:00:00.006
1757923200002,0.0001,2025-09-15 08:00:00.002
1757952000001,-2.04e-06,2025-09-15 16:00:00.001
1757980800001,0.0001,2025-09-16 00:00:00.001
1758009600000,3.128e-05,2025-09-16 08:00:00.000
1758038400000,0.0001,2025-09-16 16:00:00.000
1758067200001,4.564e-05,2025-09-17 00:00:00.001
1758096000000,0.0001,2025-09-17 08:00:00.000
1758124800003,0.0001,2025-09-17 16:00:00.003
1758153600006,0.0001,2025-09-18 00:00:00.006
1758182400002,0.0001,2025-09-18 08:00:00.002
1758211200000,0.0001,2025-09-18 16:00:00.000
1758240000000,0.0001,2025-09-19 00:00:00.000
1758268800005,0.0001,2025-09-19 08:00:00.005
1758297600000,0.0001,2025-09-19 16:00:00.000
1758326400000,0.0001,2025-09-20 00:00:00.000
1758355200000,0.0001,2025-09-20 08:00:00.000
1758384000002,0.0001,2025-09-20 16:00:00.002
1758412800000,0.0001,2025-09-21 00:00:00.000
1758441600000,0.0001,2025-09-21 08:00:00.000
1758470400000,0.0001,2025-09-21 16:00:00.000
1758499200005,0.0001,2025-09-22 00:00:00.005
1758528000003,-0.00015621,2025-09-22 08:00:00.003
1758556800000,-0.00027417,2025-09-22 16:00:00.000
1758585600000,-0.00012481,2025-09-23 00:00:00.000
1758614400001,-0.00012718,2025-09-23 08:00:00.001
1758643200000,6.563e-05,2025-09-23 16:00:00.000
1758672000003,0.0001,2025-09-24 00:00:00.003
1758700800001,0.0001,2025-09-24 08:00:00.001
1758729600002,8.468e-05,2025-09-24 16:00:00.002
1758758400000,-3.757e-05,2025-09-25 00:00:00.000
1758787200001,5.845e-05,2025-09-25 08:00:00.001
1758816000000,5.599e-05,2025-09-25 16:00:00.000
1758844800000,1.367e-05,2025-09-26 00:00:00.000
1758873600000,9.821e-05,2025-09-26 08:00:00.000
1758902400008,0.0001,2025-09-26 16:00:00.008
1758931200000,-5.511e-05,2025-09-27 00:00:00.000
1758960000010,6.016e-05,2025-09-27 08:00:00.010
1758988800003,-6.284e-05,2025-09-27 16:00:00.003
1759017600000,5e-08,2025-09-28 00:00:00.000
1759046400000,6.802e-05,2025-09-28 08:00:00.000
1759075200000,3e-06,2025-09-28 16:00:00.000
1759104000000,1.575e-05,2025-09-29 00:00:00.000
1759132800002,6.967e-05,2025-09-29 08:00:00.002
1759161600001,-1.97e-06,2025-09-29 16:00:00.001
1759190400002,0.0001,2025-09-30 00:00:00.002
1759219200005,-1.341e-05,2025-09-30 08:00:00.005
1759248000000,0.0001,2025-09-30 16:00:00.000
1759276800000,0.0001,2025-10-01 00:00:00.000
1759305600000,0.0001,2025-10-01 08:00:00.000
1759334400000,0.0001,2025-10-01 16:00:00.000
1759363200000,0.0001,2025-10-02 00:00:00.000
1759392000013,0.0001,2025-10-02 08:00:00.013
1759420800000,7.358e-05,2025-10-02 16:00:00.000
1759449600006,6.662e-05,2025-10-03 00:00:00.006
1759478400006,0.0001,2025-10-03 08:00:00.006
1759507200000,0.0001,2025-10-03 16:00:00.000
1759536000001,6.13e-05,2025-10-04 00:00:00.001
1759564800000,3.095e-05,2025-10-04 08:00:00.000
1759593600000,-9.976e-05,2025-10-04 16:00:00.000
1759622400000,0.0001,2025-10-05 00:00:00.000
1759651200003,0.0001,2025-10-05 08:00:00.003
1759680000009,0.0001,2025-10-05 16:00:00.009
1759708800004,0.0001,2025-10-06 00:00:00.004
1759737600002,-0.00025391,2025-10-06 08:00:00.002
1759766400004,-1.314e-05,2025-10-06 16:00:00.004
1759795200000,0.0001,2025-10-07 00:00:00.000
1759824000003,0.0001,2025-10-07 08:00:00.003
1759852800000,0.0001,2025-10-07 16:00:00.000
1759881600000,-0.00012337,2025-10-08 00:00:00.000
1759910400006,8.085e-05,2025-10-08 08:00:00.006
1759939200002,0.0001,2025-10-08 16:00:00.002
1759968000001,0.0001,2025-10-09 00:00:00.001
1759996800000,0.0001,2025-10-09 08:00:00.000
1760025600000,2.739e-05,2025-10-09 16:00:00.000
1760054400005,0.0001,2025-10-10 00:00:00.005
1760083200002,0.0001,2025-10-10 08:00:00.002
1760112000014,0.0001,2025-10-10 16:00:00.014
1760140800000,-0.00277677,2025-10-11 00:00:00.000
1760169600003,-0.00050754,2025-10-11 08:00:00.003
1760198400000,-0.00028551,2025-10-11 16:00:00.000
1760227200004,-0.00025964,2025-10-12 00:00:00.004
1760256000002,-0.00012417,2025-10-12 08:00:00.002
1760284800000,-0.00017261,2025-10-12 16:00:00.000
1760313600003,-0.00025345,2025-10-13 00:00:00.003
1760342400002,-0.00040112,2025-10-13 08:00:00.002
1760371200003,-0.00013185,2025-10-13 16:00:00.003
1760400000000,7.09e-05,2025-10-14 00:00:00.000
1760428800000,-2.915e-05,2025-10-14 08:00:00.000
1760457600000,8.66e-06,2025-10-14 16:00:00.000
1760486400006,6.084e-05,2025-10-15 00:00:00.006
1760515200002,0.0001,2025-10-15 08:00:00.002
1760544000000,-5.628e-05,2025-10-15 16:00:00.000
1760572800000,-0.00013765,2025-10-16 00:00:00.000
1760601600003,-7.667e-05,2025-10-16 08:00:00.003
1760630400002,8.843e-05,2025-10-16 16:00:00.002
1760659200001,7.988e-05,2025-10-17 00:00:00.001
1760688000005,3.809e-05,2025-10-17 08:00:00.005
1760716800003,-0.00013885,2025-10-17 16:00:00.003
1760745600000,-7.759e-05,2025-10-18 00:00:00.000
1760774400002,-1.99e-05,2025-10-18 08:00:00.002
1760803200001,3.156e-05,2025-10-18 16:00:00.001
1760832000001,0.0001,2025-10-19 00:00:00.001
1760860800001,7.285e-05,2025-10-19 08:00:00.001
1760889600001,-1.34e-05,2025-10-19 16:00:00.001
1760918400004,4.09e-06,2025-10-20 00:00:00.004
1760947200001,1.45e-06,2025-10-20 08:00:00.001
1760976000000,3.678e-05,2025-10-20 16:00:00.000
1761004800009,2.677e-05,2025-10-21 00:00:00.009
1761033600000,6.409e-05,2025-10-21 08:00:00.000
1761062400000,0.0001,2025-10-21 16:00:00.000
1761091200004,7.786e-05,2025-10-22 00:00:00.004
1761120000000,1.91e-06,2025-10-22 08:00:00.000
1761148800000,3.988e-05,2025-10-22 16:00:00.000
1761177600000,-6.089e-05,2025-10-23 00:00:00.000
1761206400001,-8.776e-05,2025-10-23 08:00:00.001
1761235200004,7.019e-05,2025-10-23 16:00:00.004
1761264000000,0.0001,2025-10-24 00:00:00.000
1761292800000,2.914e-05,2025-10-24 08:00:00.000
1761321600009,-1.1e-07,2025-10-24 16:00:00.009
1761350400000,0.0001,2025-10-25 00:00:00.000
1761379200001,3.312e-05,2025-10-25 08:00:00.001
1761408000001,3.318e-05,2025-10-25 16:00:00.001
1761436800001,8.062e-05,2025-10-26 00:00:00.001
1761465600001,6.373e-05,2025-10-26 08:00:00.001
1761494400000,2.524e-05,2025-10-26 16:00:00.000
1761523200000,0.0001,2025-10-27 00:00:00.000
1761552000005,9.07e-05,2025-10-27 08:00:00.005
1761580800000,-5.255e-05,2025-10-27 16:00:00.000
1761609600000,5.711e-05,2025-10-28 00:00:00.000
1761638400000,1.712e-05,2025-10-28 08:00:00.000
1761667200004,-6.787e-05,2025-10-28 16:00:00.004
1761696000004,-0.00022581,2025-10-29 00:00:00.004
1761724800005,-0.00014477,2025-10-29 08:00:00.005
1761753600000,0.0001,2025-10-29 16:00:00.000
1761782400004,-0.00010438,2025-10-30 00:00:00.004
1761811200008,-0.00015589,2025-10-30 08:00:00.008
1761840000001,-0.00034543,2025-10-30 16:00:00.001
1761868800000,-0.00039853,2025-10-31 00:00:00.000
1761897600008,-5.751e-05,2025-10-31 08:00:00.008
1761926400007,8.652e-05,2025-10-31 16:00:00.007
1761955200001,5.062e-05,2025-11-01 00:00:00.001
1761984000000,0.0001,2025-11-01 08:00:00.000
1762012800000,0.0001,2025-11-01 16:00:00.000
1762041600007,-9.057e-05,2025-11-02 00:00:00.007
1762070400000,-8.933e-05,2025-11-02 08:00:00.000
1762099200001,0.0001,2025-11-02 16:00:00.001
1762128000000,0.0001,2025-11-03 00:00:00.000
1762156800010,-0.00013128,2025-11-03 08:00:00.010
1762185600000,-0.00014112,2025-11-03 16:00:00.000
1762214400002,-7.876e-05,2025-11-04 00:00:00.002
1762243200004,6.899e-05,2025-11-04 08:00:00.004
1762272000000,0.0001,2025-11-04 16:00:00.000
1762300800000,0.0001,2025-11-05 00:00:00.000
1762329600000,0.0001,2025-11-05 08:00:00.000
1762358400004,0.0001,2025-11-05 16:00:00.004
1762387200001,0.0001,2025-11-06 00:00:00.001
1762416000000,6.54e-06,2025-11-06 08:00:00.000
1762444800001,4.635e-05,2025-11-06 16:00:00.001
1762473600005,0.0001,2025-11-07 00:00:00.005
1762502400003,1.511e-05,2025-11-07 08:00:00.003
1762531200005,5.413e-05,2025-11-07 16:00:00.005
1762560000011,7.587e-05,2025-11-08 00:00:00.011
1762588800015,0.0001,2025-11-08 08:00:00.015
1762617600001,3.899e-05,2025-11-08 16:00:00.001
1762646400004,-5.56e-06,2025-11-09 00:00:00.004
1762675200000,8.398e-05,2025-11-09 08:00:00.000
1762704000005,-6.671e-05,2025-11-09 16:00:00.005
1762732800000,-8.279e-05,2025-11-10 00:00:00.000
1762761600000,-0.00040482,2025-11-10 08:00:00.000
1762790400003,-0.000151,2025-11-10 16:00:00.003
1762819200007,-0.0004008,2025-11-11 00:00:00.007
1762848000000,-7.44e-06,2025-11-11 08:00:00.000
1762876800009,0.0001,2025-11-11 16:00:00.009
1762905600000,-0.00021652,2025-11-12 00:00:00.000
1762934400002,-0.00033656,2025-11-12 08:00:00.002
1762963200000,-0.00032669,2025-11-12 16:00:00.000
1762992000002,-0.00014885,2025-11-13 00:00:00.002
1763020800000,-4.494e-05,2025-11-13 08:00:00.000
1763049600001,-2.53e-05,2025-11-13 16:00:00.001
1763078400000,-4.314e-05,2025-11-14 00:00:00.000
1763107200000,-0.0001412,2025-11-14 08:00:00.000
1763136000001,-8.104e-05,2025-11-14 16:00:00.001
1763164800005,-7.54e-06,2025-11-15 00:00:00.005
1763193600000,-8.352e-05,2025-11-15 08:00:00.000
1763222400001,-7.516e-05,2025-11-15 16:00:00.001
1763251200001,3.931e-05,2025-11-16 00:00:00.001
1763280000000,0.0001,2025-11-16 08:00:00.000
1763308800000,-0.00010144,2025-11-16 16:00:00.000
1763337600003,0.0001,2025-11-17 00:00:00.003
1763366400003,4.213e-05,2025-11-17 08:00:00.003
1763395200000,-5.189e-05,2025-11-17 16:00:00.000
1763424000002,-0.00015647,2025-11-18 00:00:00.002
1763452800004,0.0001,2025-11-18 08:00:00.004
1763481600000,0.0001,2025-11-18 16:00:00.000
1763510400000,0.0001,2025-11-19 00:00:00.000
1763539200000,2.331e-05,2025-11-19 08:00:00.000
1763568000008,-0.00025485,2025-11-19 16:00:00.008
1763596800000,-0.00051655,2025-11-20 00:00:00.000
1763625600000,-0.00010786,2025-11-20 08:00:00.000
1763654400000,0.0001,2025-11-20 16:00:00.000
1763683200001,-0.00051619,2025-11-21 00:00:00.001
1763712000000,-0.00011942,2025-11-21 08:00:00.000
1763740800001,-0.00011835,2025-11-21 16:00:00.001
1763769600004,-0.00023925,2025-11-22 00:00:00.004
1763798400000,-0.0001331,2025-11-22 08:00:00.000
1763827200000,-0.00010553,2025-11-22 16:00:00.000
1763856000000,-0.00012897,2025-11-23 00:00:00.000
1763884800008,-0.00022305,2025-11-23 08:00:00.008
1763913600003,-0.00011619,2025-11-23 16:00:00.003
1763942400004,-9.081e-05,2025-11-24 00:00:00.004
1763971200000,-4.572e-05,2025-11-24 08:00:00.000
1764000000006,-0.00015924,2025-11-24 16:00:00.006
1764028800000,-0.00012209,2025-11-25 00:00:00.000
1764057600009,2.002e-05,2025-11-25 08:00:00.009
1764086400007,-3.232e-05,2025-11-25 16:00:00.007
1764115200001,-9.421e-05,2025-11-26 00:00:00.001
1764144000001,-0.0001439,2025-11-26 08:00:00.001
1764172800000,-0.00013256,2025-11-26 16:00:00.000
1764201600013,2.525e-05,2025-11-27 00:00:00.013
1764230400000,8.19e-05,2025-11-27 08:00:00.000
1764259200004,2.62e-06,2025-11-27 16:00:00.004
1764288000008,-0.00031431,2025-11-28 00:00:00.008
1764316800000,-0.00033431,2025-11-28 08:00:00.000
1764345600008,-0.0001497,2025-11-28 16:00:00.008
1764374400000,-0.00021913,2025-11-29 00:00:00.000
1764403200005,1.229e-05,2025-11-29 08:00:00.005
1764432000001,-1.5e-07,2025-11-29 16:00:00.001
1764460800003,-5.912e-05,2025-11-30 00:00:00.003
1764489600000,-0.00011532,2025-11-30 08:00:00.000
1764518400004,-0.0002752,2025-11-30 16:00:00.004
1764547200000,-0.00032029,2025-12-01 00:00:00.000
1764576000004,-0.00028562,2025-12-01 08:00:00.004
1764604800000,-4.409e-05,2025-12-01 16:00:00.000
1764633600004,-6.581e-05,2025-12-02 00:00:00.004
1764662400000,-0.00013582,2025-12-02 08:00:00.000
1764691200000,5.79e-06,2025-12-02 16:00:00.000
1764720000000,0.0001,2025-12-03 00:00:00.000
1764748800000,3.425e-05,2025-12-03 08:00:00.000
1764777600005,9.207e-05,2025-12-03 16:00:00.005
1764806400012,-2.708e-05,2025-12-04 00:00:00.012
1764835200000,0.0001,2025-12-04 08:00:00.000
1764864000011,7.779e-05,2025-12-04 16:00:00.011
1764892800000,0.0001,2025-12-05 00:00:00.000
1764921600000,8.363e-05,2025-12-05 08:00:00.000
1764950400010,-4.173e-05,2025-12-05 16:00:00.010
1764979200001,-0.00011342,2025-12-06 00:00:00.001
1765008000001,-0.00013846,2025-12-06 08:00:00.001
1765036800008,-0.00012131,2025-12-06 16:00:00.008
1765065600000,-8.73e-05,2025-12-07 00:00:00.000
1765094400004,-3.809e-05,2025-12-07 08:00:00.004
1765123200000,-5.462e-05,2025-12-07 16:00:00.000
1765152000000,-0.00022817,2025-12-08 00:00:00.000
1765180800000,-0.00015224,2025-12-08 08:00:00.000
1765209600001,-6.167e-05,2025-12-08 16:00:00.001
1765238400001,0.0001,2025-12-09 00:00:00.001
1765267200001,6.709e-05,2025-12-09 08:00:00.001
1765296000007,4.814e-05,2025-12-09 16:00:00.007
1765324800007,0.0001,2025-12-10 00:00:00.007
1765353600002,1.675e-05,2025-12-10 08:00:00.002
1765382400012,-0.00012269,2025-12-10 16:00:00.012
1765411200001,-2.067e-05,2025-12-11 00:00:00.001
1765440000000,-0.0003937,2025-12-11 08:00:00.000
1765468800000,-0.00038853,2025-12-11 16:00:00.000
1765497600005,4.075e-05,2025-12-12 00:00:00.005
1765526400007,7.641e-05,2025-12-12 08:00:00.007
1765555200002,0.0001,2025-12-12 16:00:00.002
1765584000001,-0.00029385,2025-12-13 00:00:00.001
1765612800006,3.23e-05,2025-12-13 08:00:00.006
1765641600000,2.632e-05,2025-12-13 16:00:00.000
1765670400000,8.307e-05,2025-12-14 00:00:00.000
1765699200003,-5.51e-06,2025-12-14 08:00:00.003
1765728000005,-9.367e-05,2025-12-14 16:00:00.005
1765756800000,-9.441e-05,2025-12-15 00:00:00.000
1765785600000,6.19e-05,2025-12-15 08:00:00.000
1765814400000,2.005e-05,2025-12-15 16:00:00.000
1765843200002,-0.00015658,2025-12-16 00:00:00.002
1765872000000,-0.00012218,2025-12-16 08:00:00.000
1765900800002,6.219e-05,2025-12-16 16:00:00.002
1765929600004,-2.257e-05,2025-12-17 00:00:00.004
1765958400000,-2.861e-05,2025-12-17 08:00:00.000
1765987200000,7.227e-05,2025-12-17 16:00:00.000
1766016000005,-0.00014023,2025-12-18 00:00:00.005
1766044800007,-0.00021934,2025-12-18 08:00:00.007
1766073600001,5.991e-05,2025-12-18 16:00:00.001
1766102400000,1.392e-05,2025-12-19 00:00:00.000
1766131200001,2.01e-05,2025-12-19 08:00:00.001
1766160000000,0.0001,2025-12-19 16:00:00.000
1766188800005,9.601e-05,2025-12-20 00:00:00.005
1766217600000,0.0001,2025-12-20 08:00:00.000
1766246400002,4.202e-05,2025-12-20 16:00:00.002
1766275200000,0.0001,2025-12-21 00:00:00.000
1766304000009,2.691e-05,2025-12-21 08:00:00.009
1766332800000,-3.916e-05,2025-12-21 16:00:00.000
1766361600000,8.48e-05,2025-12-22 00:00:00.000
1766390400005,-3.328e-05,2025-12-22 08:00:00.005
1766419200009,0.0001,2025-12-22 16:00:00.009
1766448000000,5.28e-06,2025-12-23 00:00:00.000
1766476800000,-5.057e-05,2025-12-23 08:00:00.000
1766505600001,-9.77e-06,2025-12-23 16:00:00.001
1766534400001,-1.3e-06,2025-12-24 00:00:00.001
1766563200001,-6.032e-05,2025-12-24 08:00:00.001
1766592000000,-6.7e-07,2025-12-24 16:00:00.000
1766620800000,3.863e-05,2025-12-25 00:00:00.000
1766649600001,8.603e-05,2025-12-25 08:00:00.001
1766678400005,5.098e-05,2025-12-25 16:00:00.005
1766707200004,4.461e-05,2025-12-26 00:00:00.004
1766736000001,0.0001,2025-12-26 08:00:00.001
1766764800007,-1.11e-06,2025-12-26 16:00:00.007
1766793600000,4.249e-05,2025-12-27 00:00:00.000
1766822400000,-7.1e-06,2025-12-27 08:00:00.000
1766851200011,0.0001,2025-12-27 16:00:00.011
1766880000008,5.692e-05,2025-12-28 00:00:00.008
1766908800000,0.0001,2025-12-28 08:00:00.000
1766937600000,0.0001,2025-12-28 16:00:00.000
1766966400016,0.0001,2025-12-29 00:00:00.016
1766995200001,9.159e-05,2025-12-29 08:00:00.001
1767024000000,-1.521e-05,2025-12-29 16:00:00.000
1767052800005,-5.448e-05,2025-12-30 00:00:00.005
1767081600001,-9.723e-05,2025-12-30 08:00:00.001
1767110400003,2.551e-05,2025-12-30 16:00:00.003
1767139200004,-0.00010073,2025-12-31 00:00:00.004
1767168000001,-0.00018887,2025-12-31 08:00:00.001
1767196800001,-0.00015773,2025-12-31 16:00:00.001
1767225600008,-0.00019929,2026-01-01 00:00:00.008
1767254400002,-6.924e-05,2026-01-01 08:00:00.002
1767283200001,-6.124e-05,2026-01-01 16:00:00.001
1767312000006,0.0001,2026-01-02 00:00:00.006
1767340800007,0.0001,2026-01-02 08:00:00.007
1767369600000,0.0001,2026-01-02 16:00:00.000
1767398400001,0.0001,2026-01-03 00:00:00.001
1767427200000,7.484e-05,2026-01-03 08:00:00.000
1767456000000,6.006e-05,2026-01-03 16:00:00.000
1767484800000,4.806e-05,2026-01-04 00:00:00.000
1767513600000,4.548e-05,2026-01-04 08:00:00.000
1767542400001,0.0001,2026-01-04 16:00:00.001
1767571200000,7.039e-05,2026-01-05 00:00:00.000
1767600000000,-2.695e-05,2026-01-05 08:00:00.000
1767628800000,9.07e-05,2026-01-05 16:00:00.000
1767657600010,0.0001,2026-01-06 00:00:00.010
1767686400000,5.672e-05,2026-01-06 08:00:00.000
1767715200000,4.937e-05,2026-01-06 16:00:00.000
1767744000001,5.213e-05,2026-01-07 00:00:00.001
1767772800001,4.541e-05,2026-01-07 08:00:00.001
1767801600001,9.39e-05,2026-01-07 16:00:00.001
1767830400001,0.0001,2026-01-08 00:00:00.001
1767859200000,8.593e-05,2026-01-08 08:00:00.000
1767888000000,3.477e-05,2026-01-08 16:00:00.000
1767916800003,4.577e-05,2026-01-09 00:00:00.003
1767945600000,-1.5e-07,2026-01-09 08:00:00.000
1767974400001,5.515e-05,2026-01-09 16:00:00.001
1768003200000,4.29e-06,2026-01-10 00:00:00.000
1768032000002,7.81e-06,2026-01-10 08:00:00.002
1768060800001,3.491e-05,2026-01-10 16:00:00.001
1768089600003,6.16e-06,2026-01-11 00:00:00.003
1768118400006,6.678e-05,2026-01-11 08:00:00.006
1768147200000,2.453e-05,2026-01-11 16:00:00.000
1768176000005,1.313e-05,2026-01-12 00:00:00.005
1768204800000,-1.07e-05,2026-01-12 08:00:00.000
1768233600000,-1.37e-05,2026-01-12 16:00:00.000
1768262400007,1.331e-05,2026-01-13 00:00:00.007
1768291200009,0.0001,2026-01-13 08:00:00.009
1768320000002,0.0001,2026-01-13 16:00:00.002
1768348800000,0.0001,2026-01-14 00:00:00.000
1768377600001,0.0001,2026-01-14 08:00:00.001
1768406400004,6.45e-05,2026-01-14 16:00:00.004
1768435200000,8.977e-05,2026-01-15 00:00:00.000
1768464000004,1.004e-05,2026-01-15 08:00:00.004
1768492800002,3.48e-06,2026-01-15 16:00:00.002
1768521600000,-1.901e-05,2026-01-16 00:00:00.000
1768550400000,-1.427e-05,2026-01-16 08:00:00.000
1768579200001,-6.724e-05,2026-01-16 16:00:00.001
1768608000000,5.04e-05,2026-01-17 00:00:00.000
1768636800000,3.914e-05,2026-01-17 08:00:00.000
1768665600002,3.44e-05,2026-01-17 16:00:00.002
1768694400001,8.577e-05,2026-01-18 00:00:00.001
1768723200000,-8.87e-05,2026-01-18 08:00:00.000
1768752000000,-2.045e-05,2026-01-18 16:00:00.000
1768780800007,2.316e-05,2026-01-19 00:00:00.007
1768809600007,-0.0001067,2026-01-19 08:00:00.007
1768838400007,-0.00014037,2026-01-19 16:00:00.007
1768867200005,2.643e-05,2026-01-20 00:00:00.005
1768896000001,6.755e-05,2026-01-20 08:00:00.001
1768924800009,-1.793e-05,2026-01-20 16:00:00.009
1768953600001,0.0001,2026-01-21 00:00:00.001
1768982400011,6.992e-05,2026-01-21 08:00:00.011
1769011200011,7.523e-05,2026-01-21 16:00:00.011
1769040000010,7.234e-05,2026-01-22 00:00:00.010
1769068800003,8.02e-06,2026-01-22 08:00:00.003
1769097600005,-5.54e-06,2026-01-22 16:00:00.005
1769126400005,2.028e-05,2026-01-23 00:00:00.005
1769155200000,0.0001,2026-01-23 08:00:00.000
1769184000011,-9.05e-06,2026-01-23 16:00:00.011
1769212800011,-6.077e-05,2026-01-24 00:00:00.011
1769241600002,-3.476e-05,2026-01-24 08:00:00.002
1769270400001,-0.00016882,2026-01-24 16:00:00.001
1769299200002,-1.35e-06,2026-01-25 00:00:00.002
1769328000011,1.1e-06,2026-01-25 08:00:00.011
1769356800005,-6.192e-05,2026-01-25 16:00:00.005
1769385600000,-7.846e-05,2026-01-26 00:00:00.000
1769414400003,5.028e-05,2026-01-26 08:00:00.003
1769443200000,3.267e-05,2026-01-26 16:00:00.000
1769472000002,-3.744e-05,2026-01-27 00:00:00.002
1769500800000,-6.806e-05,2026-01-27 08:00:00.000
1769529600000,2.057e-05,2026-01-27 16:00:00.000
1769558400000,0.0001,2026-01-28 00:00:00.000
1769587200000,6.067e-05,2026-01-28 08:00:00.000
1769616000000,0.0001,2026-01-28 16:00:00.000
1769644800000,5.715e-05,2026-01-29 00:00:00.000
1769673600009,-6.407e-05,2026-01-29 08:00:00.009
1769702400000,-9e-05,2026-01-29 16:00:00.000
1769731200008,-0.00014695,2026-01-30 00:00:00.008
1769760000000,-0.00019395,2026-01-30 08:00:00.000
1769788800001,-1.505e-05,2026-01-30 16:00:00.001
1769817600000,3.947e-05,2026-01-31 00:00:00.000
1769846400001,-3.16e-06,2026-01-31 08:00:00.001
1769875200009,-1.572e-05,2026-01-31 16:00:00.009
1769904000001,-1.03e-06,2026-02-01 00:00:00.001
1769932800004,-0.00018831,2026-02-01 08:00:00.004
1769961600000,-3.35e-06,2026-02-01 16:00:00.000
1769990400000,-0.00031952,2026-02-02 00:00:00.000
1770019200014,-4.326e-05,2026-02-02 08:00:00.014
1770048000000,3.014e-05,2026-02-02 16:00:00.000
1770076800000,5.808e-05,2026-02-03 00:00:00.000
1770105600007,-2.815e-05,2026-02-03 08:00:00.007
1770134400000,3.029e-05,2026-02-03 16:00:00.000
1770163200002,3.725e-05,2026-02-04 00:00:00.002
1770192000007,0.0001,2026-02-04 08:00:00.007
1770220800000,5.99e-06,2026-02-04 16:00:00.000
1770249600011,8.343e-05,2026-02-05 00:00:00.011
1770278400000,-1.86e-05,2026-02-05 08:00:00.000
1770307200007,1.87e-06,2026-02-05 16:00:00.007
1770336000000,-2.5e-05,2026-02-06 00:00:00.000
1770364800001,-0.00012761,2026-02-06 08:00:00.001
1770393600000,-0.00020235,2026-02-06 16:00:00.000
1770422400003,1.806e-05,2026-02-07 00:00:00.003
1770451200000,2.227e-05,2026-02-07 08:00:00.000
1770480000010,4.569e-05,2026-02-07 16:00:00.010
1770508800003,1.846e-05,2026-02-08 00:00:00.003
1770537600000,7.939e-05,2026-02-08 08:00:00.000
1770566400000,-9.675e-05,2026-02-08 16:00:00.000
1770595200002,3.909e-05,2026-02-09 00:00:00.002
1770624000001,6.879e-05,2026-02-09 08:00:00.001
1770652800007,-3.854e-05,2026-02-09 16:00:00.007
1770681600000,6.895e-05,2026-02-10 00:00:00.000
1770710400007,-3.48e-05,2026-02-10 08:00:00.007
1770739200000,-5.774e-05,2026-02-10 16:00:00.000
1770768000000,3.893e-05,2026-02-11 00:00:00.000
1770796800006,-2.87e-05,2026-02-11 08:00:00.006
1770825600000,-3.207e-05,2026-02-11 16:00:00.000
1770854400000,-6.31e-06,2026-02-12 00:00:00.000
1770883200001,1.832e-05,2026-02-12 08:00:00.001
1770912000001,-5.831e-05,2026-02-12 16:00:00.001
1770940800007,0.0001,2026-02-13 00:00:00.007
1770969600003,-5.358e-05,2026-02-13 08:00:00.003
1770998400005,-6.375e-05,2026-02-13 16:00:00.005
1771027200002,-4.842e-05,2026-02-14 00:00:00.002
1771056000004,2.5e-05,2026-02-14 08:00:00.004
1771084800002,-1.804e-05,2026-02-14 16:00:00.002
1771113600000,9.809e-05,2026-02-15 00:00:00.000
1771142400002,-4.038e-05,2026-02-15 08:00:00.002
1771171200000,-0.00012487,2026-02-15 16:00:00.000
1771200000001,5.15e-06,2026-02-16 00:00:00.001
1771228800003,-5.207e-05,2026-02-16 08:00:00.003
1771257600000,-3.453e-05,2026-02-16 16:00:00.000
1771286400008,8.353e-05,2026-02-17 00:00:00.008
1771315200001,-6.685e-05,2026-02-17 08:00:00.001
1771344000002,-5.752e-05,2026-02-17 16:00:00.002
1771372800000,1.987e-05,2026-02-18 00:00:00.000
1771401600000,-4.078e-05,2026-02-18 08:00:00.000
1771430400011,-8.175e-05,2026-02-18 16:00:00.011
1771459200013,-9.965e-05,2026-02-19 00:00:00.013
1771488000000,-0.00960862,2026-02-19 08:00:00.000
1771516800003,-0.01183133,2026-02-19 16:00:00.003
1771545600000,-0.01126469,2026-02-20 00:00:00.000
1771574400000,-0.00438375,2026-02-20 08:00:00.000
1771603200000,-0.0017965,2026-02-20 16:00:00.000
1771632000004,-0.00103451,2026-02-21 00:00:00.004
1771660800000,-0.00097295,2026-02-21 08:00:00.000
1771689600005,-0.00125922,2026-02-21 16:00:00.005
1771718400001,-0.00233576,2026-02-22 00:00:00.001
1771747200004,-0.00210072,2026-02-22 08:00:00.004
1771776000000,-0.00096828,2026-02-22 16:00:00.000
1771804800001,-0.00104181,2026-02-23 00:00:00.001
1771833600000,-0.00067786,2026-02-23 08:00:00.000
1771862400000,-0.00097428,2026-02-23 16:00:00.000
1771891200007,-0.00029013,2026-02-24 00:00:00.007
1771920000000,-0.00028501,2026-02-24 08:00:00.000
1771948800001,7.89e-05,2026-02-24 16:00:00.001
1771977600001,-7.813e-05,2026-02-25 00:00:00.001
1772006400007,-0.00015597,2026-02-25 08:00:00.007
1772035200000,-0.00018574,2026-02-25 16:00:00.000
1772064000000,2.05e-06,2026-02-26 00:00:00.000
1772092800006,-0.000338,2026-02-26 08:00:00.006
1772121600002,-0.00012871,2026-02-26 16:00:00.002
1772150400007,-0.00031709,2026-02-27 00:00:00.007
1772179200000,4.052e-05,2026-02-27 08:00:00.000
1772208000001,6.523e-05,2026-02-27 16:00:00.001
1772236800000,-0.00015012,2026-02-28 00:00:00.000
1772265600000,-0.00029324,2026-02-28 08:00:00.000
1772294400004,-0.00061293,2026-02-28 16:00:00.004
1772323200005,-9.795e-05,2026-03-01 00:00:00.005
1772352000000,7.563e-05,2026-03-01 08:00:00.000
1772380800002,-8.56e-06,2026-03-01 16:00:00.002
1772409600001,1.77e-05,2026-03-02 00:00:00.001
1772438400007,1.385e-05,2026-03-02 08:00:00.007
1772467200000,-1.353e-05,2026-03-02 16:00:00.000
1772496000000,-0.00010827,2026-03-03 00:00:00.000
1772524800000,-0.00011744,2026-03-03 08:00:00.000
1772553600007,-0.0001773,2026-03-03 16:00:00.007
1772582400001,-0.0001885,2026-03-04 00:00:00.001
1772611200005,1.43e-05,2026-03-04 08:00:00.005
1772640000000,-6.49e-05,2026-03-04 16:00:00.000
1772668800000,-0.00015659,2026-03-05 00:00:00.000
1772697600000,-0.00013631,2026-03-05 08:00:00.000
1772726400004,-0.00029671,2026-03-05 16:00:00.004
1772755200001,-5.284e-05,2026-03-06 00:00:00.001
1772784000001,-0.00029723,2026-03-06 08:00:00.001
1772812800004,-0.00049374,2026-03-06 16:00:00.004
1772841600001,-0.00095017,2026-03-07 00:00:00.001
1772870400012,-0.00072396,2026-03-07 08:00:00.012
1772899200001,-0.00068383,2026-03-07 16:00:00.001
1772928000001,-0.00073679,2026-03-08 00:00:00.001
1772956800000,-0.00093035,2026-03-08 08:00:00.000
1772985600002,-0.00042436,2026-03-08 16:00:00.002
1773014400000,-0.00028526,2026-03-09 00:00:00.000
1773043200004,-0.00063681,2026-03-09 08:00:00.004
1773072000003,-0.00021565,2026-03-09 16:00:00.003
1773100800012,-5.241e-05,2026-03-10 00:00:00.012
1773129600002,-3.099e-05,2026-03-10 08:00:00.002
1773158400001,-0.00016794,2026-03-10 16:00:00.001
1773187200000,-0.00021649,2026-03-11 00:00:00.000
1773216000007,-0.00014397,2026-03-11 08:00:00.007
1773244800010,-0.0001136,2026-03-11 16:00:00.010
1773273600000,-6.724e-05,2026-03-12 00:00:00.000
1773302400000,-4.6e-05,2026-03-12 08:00:00.000
1773331200000,-0.00023386,2026-03-12 16:00:00.000
1773360000006,-3.833e-05,2026-03-13 00:00:00.006
1773388800001,-4.605e-05,2026-03-13 08:00:00.001
1773417600000,5.536e-05,2026-03-13 16:00:00.000
1773446400001,6.324e-05,2026-03-14 00:00:00.001
1773475200000,-3.947e-05,2026-03-14 08:00:00.000
1773504000007,-4.295e-05,2026-03-14 16:00:00.007
1773532800000,-7.956e-05,2026-03-15 00:00:00.000
1773561600000,-9.712e-05,2026-03-15 08:00:00.000
1773590400000,-0.00016499,2026-03-15 16:00:00.000
1773619200000,-0.00010862,2026-03-16 00:00:00.000
1773648000010,7.288e-05,2026-03-16 08:00:00.010
1773676800000,8.7e-06,2026-03-16 16:00:00.000
1773705600000,-0.00033318,2026-03-17 00:00:00.000
1773734400002,0.0001,2026-03-17 08:00:00.002
1773763200011,-7.01e-06,2026-03-17 16:00:00.011
1773792000002,-4.08e-05,2026-03-18 00:00:00.002
1773820800002,-5.234e-05,2026-03-18 08:00:00.002
1773849600005,-0.00038762,2026-03-18 16:00:00.005
1773878400000,-0.00021855,2026-03-19 00:00:00.000
1773907200003,-3.283e-05,2026-03-19 08:00:00.003
1773936000003,5.15e-06,2026-03-19 16:00:00.003
1773964800002,-0.0007485,2026-03-20 00:00:00.002
1773993600000,6.447e-05,2026-03-20 08:00:00.000
1774022400000,3.906e-05,2026-03-20 16:00:00.000
1774051200000,-1.098e-05,2026-03-21 00:00:00.000
1774080000000,-7.62e-06,2026-03-21 08:00:00.000
1774108800014,-5.526e-05,2026-03-21 16:00:00.014
1774137600012,-4.549e-05,2026-03-22 00:00:00.012
1774166400007,-0.00028631,2026-03-22 08:00:00.007
1774195200002,-0.00036758,2026-03-22 16:00:00.002
1774224000000,-8.113e-05,2026-03-23 00:00:00.000
1774252800003,5.746e-05,2026-03-23 08:00:00.003
1774281600002,-3.948e-05,2026-03-23 16:00:00.002
1774310400000,0.0001,2026-03-24 00:00:00.000
1774339200000,0.0001,2026-03-24 08:00:00.000
1774368000003,1.707e-05,2026-03-24 16:00:00.003
1774396800000,0.0001,2026-03-25 00:00:00.000
1774425600000,3.117e-05,2026-03-25 08:00:00.000
1774454400013,-1.45e-05,2026-03-25 16:00:00.013
1774483200001,-1.178e-05,2026-03-26 00:00:00.001
1774512000001,-3.187e-05,2026-03-26 08:00:00.001
1774540800000,-9.77e-06,2026-03-26 16:00:00.000
1774569600006,-8.514e-05,2026-03-27 00:00:00.006
1774598400000,-0.00010969,2026-03-27 08:00:00.000
1774627200000,-0.00011211,2026-03-27 16:00:00.000
1774656000005,-1.789e-05,2026-03-28 00:00:00.005
1774684800005,-4.029e-05,2026-03-28 08:00:00.005
1774713600000,-2.313e-05,2026-03-28 16:00:00.000
1774742400003,2.497e-05,2026-03-29 00:00:00.003
1774771200001,-0.00022952,2026-03-29 08:00:00.001
1774800000000,-0.0001849,2026-03-29 16:00:00.000
1774828800000,-0.00016635,2026-03-30 00:00:00.000
1774857600005,4.931e-05,2026-03-30 08:00:00.005
1774886400000,1.893e-05,2026-03-30 16:00:00.000
1774915200000,-2.926e-05,2026-03-31 00:00:00.000
1774944000000,-6.597e-05,2026-03-31 08:00:00.000
1774972800000,-5.101e-05,2026-03-31 16:00:00.000
1775001600000,-6.18e-05,2026-04-01 00:00:00.000
1775030400000,6.81e-06,2026-04-01 08:00:00.000
1775059200000,-7.802e-05,2026-04-01 16:00:00.000
1775088000003,-6.171e-05,2026-04-02 00:00:00.003
1775116800001,-0.0002213,2026-04-02 08:00:00.001
1775145600001,-7.793e-05,2026-04-02 16:00:00.001
1775174400000,-0.00026242,2026-04-03 00:00:00.000
1775203200008,-0.00013356,2026-04-03 08:00:00.008
1775232000008,8.954e-05,2026-04-03 16:00:00.008
1775260800000,5.458e-05,2026-04-04 00:00:00.000
1775289600003,3.66e-06,2026-04-04 08:00:00.003
1775318400000,-0.0001858,2026-04-04 16:00:00.000
1775347200008,-2.867e-05,2026-04-05 00:00:00.008
1775376000000,-0.00029412,2026-04-05 08:00:00.000
1775404800001,-0.00021614,2026-04-05 16:00:00.001
1775433600004,-4.824e-05,2026-04-06 00:00:00.004
1775462400001,7.663e-05,2026-04-06 08:00:00.001
1775491200003,0.0001,2026-04-06 16:00:00.003
1775520000000,-3.747e-05,2026-04-07 00:00:00.000
1775548800000,-0.00020598,2026-04-07 08:00:00.000
1775577600000,-0.00015785,2026-04-07 16:00:00.000
1775606400000,-4.825e-05,2026-04-08 00:00:00.000
1775635200000,0.0001,2026-04-08 08:00:00.000
1775664000006,2.8e-06,2026-04-08 16:00:00.006
1775692800000,-0.00020681,2026-04-09 00:00:00.000
1775721600010,-0.00033985,2026-04-09 08:00:00.010
1775750400001,-8.832e-05,2026-04-09 16:00:00.001
1775779200000,-5.342e-05,2026-04-10 00:00:00.000
1775808000005,-0.00010771,2026-04-10 08:00:00.005
1775836800000,-0.00018715,2026-04-10 16:00:00.000
1775865600000,-9.992e-05,2026-04-11 00:00:00.000
1775894400000,-2.497e-05,2026-04-11 08:00:00.000
1775923200003,-0.00014685,2026-04-11 16:00:00.003
1775952000000,5.385e-05,2026-04-12 00:00:00.000
1775980800000,-0.00016839,2026-04-12 08:00:00.000
1776009600000,-0.00011697,2026-04-12 16:00:00.000
1776038400011,-4.114e-05,2026-04-13 00:00:00.011
1776067200006,1.877e-05,2026-04-13 08:00:00.006
1776096000000,-8.52e-06,2026-04-13 16:00:00.000
1776124800005,0.0001,2026-04-14 00:00:00.005
1776153600003,5.446e-05,2026-04-14 08:00:00.003
1776182400001,-6.865e-05,2026-04-14 16:00:00.001
1776211200000,-0.00015313,2026-04-15 00:00:00.000
1776240000000,-7.289e-05,2026-04-15 08:00:00.000
1776268800000,-1.417e-05,2026-04-15 16:00:00.000
1776297600013,-0.00011311,2026-04-16 00:00:00.013
1776326400000,-9.55e-06,2026-04-16 08:00:00.000
1776355200000,9.12e-06,2026-04-16 16:00:00.000
1776384000001,9.317e-05,2026-04-17 00:00:00.001
1776412800011,6.28e-05,2026-04-17 08:00:00.011
1776441600001,5.08e-06,2026-04-17 16:00:00.001
1776470400001,5.519e-05,2026-04-18 00:00:00.001
1776499200006,-1.11e-05,2026-04-18 08:00:00.006
1776528000000,8.922e-05,2026-04-18 16:00:00.000
1776556800002,-2.3e-06,2026-04-19 00:00:00.002
1776585600010,-7.268e-05,2026-04-19 08:00:00.010
1776614400001,-0.0003042,2026-04-19 16:00:00.001
1776643200000,-5.82e-06,2026-04-20 00:00:00.000
1776672000000,1.111e-05,2026-04-20 08:00:00.000
1776700800001,-6.016e-05,2026-04-20 16:00:00.001
1776729600000,2.134e-05,2026-04-21 00:00:00.000
1776758400004,-9.513e-05,2026-04-21 08:00:00.004
1776787200004,1.211e-05,2026-04-21 16:00:00.004
1776816000004,-5.8e-06,2026-04-22 00:00:00.004
1776844800000,8.54e-06,2026-04-22 08:00:00.000
1776873600000,-0.00022462,2026-04-22 16:00:00.000
1776902400000,-8.004e-05,2026-04-23 00:00:00.000
1776931200000,-0.00014466,2026-04-23 08:00:00.000
1776960000004,-8.24e-06,2026-04-23 16:00:00.004
1776988800006,-6.798e-05,2026-04-24 00:00:00.006
1777017600000,-5.35e-05,2026-04-24 08:00:00.000
1777046400000,-3.728e-05,2026-04-24 16:00:00.000
1777075200000,-1.993e-05,2026-04-25 00:00:00.000
1777104000002,-0.00023852,2026-04-25 08:00:00.002
1777132800002,-0.00024324,2026-04-25 16:00:00.002
1777161600003,-3.842e-05,2026-04-26 00:00:00.003
1777190400007,-0.00305831,2026-04-26 08:00:00.007
1777219200004,-0.00044142,2026-04-26 16:00:00.004
1777248000004,-0.00056724,2026-04-27 00:00:00.004
1777276800000,-4.252e-05,2026-04-27 08:00:00.000
1777305600002,7.744e-05,2026-04-27 16:00:00.002
1777334400001,8.594e-05,2026-04-28 00:00:00.001
1777363200000,1.534e-05,2026-04-28 08:00:00.000
1777392000004,-6.26e-06,2026-04-28 16:00:00.004
1777420800006,-5.993e-05,2026-04-29 00:00:00.006
1777449600011,-8.156e-05,2026-04-29 08:00:00.011
1777478400003,-0.00011034,2026-04-29 16:00:00.003
1777507200002,8.252e-05,2026-04-30 00:00:00.002
1777536000000,0.0001,2026-04-30 08:00:00.000
1777564800000,1.489e-05,2026-04-30 16:00:00.000
1777593600000,-2.87e-06,2026-05-01 00:00:00.000
1777622400005,2.429e-05,2026-05-01 08:00:00.005
1777651200000,-2.132e-05,2026-05-01 16:00:00.000
1777680000006,-7.92e-05,2026-05-02 00:00:00.006
1777708800000,-0.00027481,2026-05-02 08:00:00.000
1777737600010,7.924e-05,2026-05-02 16:00:00.010
1777766400005,1.359e-05,2026-05-03 00:00:00.005
1777795200003,-4.679e-05,2026-05-03 08:00:00.003
1777824000000,-0.00010373,2026-05-03 16:00:00.000
1777852800000,1.144e-05,2026-05-04 00:00:00.000
1777881600000,-0.00013923,2026-05-04 08:00:00.000
1777910400003,1.183e-05,2026-05-04 16:00:00.003
1777939200000,3.679e-05,2026-05-05 00:00:00.000
1777968000011,5.7e-07,2026-05-05 08:00:00.011
1777996800000,-9.028e-05,2026-05-05 16:00:00.000
1778025600010,9.181e-05,2026-05-06 00:00:00.010
1778054400000,7.33e-06,2026-05-06 08:00:00.000
1778083200002,3.21e-05,2026-05-06 16:00:00.002
1778112000000,-1.123e-05,2026-05-07 00:00:00.000
1778140800000,-3.033e-05,2026-05-07 08:00:00.000
1778169600004,9.95e-06,2026-05-07 16:00:00.004
1778198400003,5.375e-05,2026-05-08 00:00:00.003
1778227200002,6.074e-05,2026-05-08 08:00:00.002
1778256000003,-0.00011626,2026-05-08 16:00:00.003
1778284800000,2.52e-06,2026-05-09 00:00:00.000
1778313600001,3.739e-05,2026-05-09 08:00:00.001
1778342400002,7.08e-05,2026-05-09 16:00:00.002
1778371200003,8.808e-05,2026-05-10 00:00:00.003
1778400000000,0.0001,2026-05-10 08:00:00.000
1778428800000,-6.012e-05,2026-05-10 16:00:00.000
1778457600000,-9.403e-05,2026-05-11 00:00:00.000
1778486400000,-8.861e-05,2026-05-11 08:00:00.000
1778515200000,-0.00012796,2026-05-11 16:00:00.000
1778544000002,-4.786e-05,2026-05-12 00:00:00.002
1778572800008,-0.00024081,2026-05-12 08:00:00.008
1778601600000,-0.00047684,2026-05-12 16:00:00.000
1778630400010,4.022e-05,2026-05-13 00:00:00.010
1778659200003,-0.00119874,2026-05-13 08:00:00.003
1778688000001,-0.00134904,2026-05-13 16:00:00.001
1778716800005,-6.616e-05,2026-05-14 00:00:00.005
1778745600000,-0.0002348,2026-05-14 08:00:00.000
1778774400000,-9.793e-05,2026-05-14 16:00:00.000
1778803200000,-0.00015102,2026-05-15 00:00:00.000
1778832000016,-8.492e-05,2026-05-15 08:00:00.016
1778860800012,-3.261e-05,2026-05-15 16:00:00.012
1778889600005,-2.123e-05,2026-05-16 00:00:00.005
1778918400000,6.394e-05,2026-05-16 08:00:00.000
1778947200005,-4.765e-05,2026-05-16 16:00:00.005
1778976000000,-4.902e-05,2026-05-17 00:00:00.000
1779004800010,-0.00019857,2026-05-17 08:00:00.010
1779033600009,-5.642e-05,2026-05-17 16:00:00.009
1779062400007,-1.869e-05,2026-05-18 00:00:00.007
1779091200002,4.294e-05,2026-05-18 08:00:00.002
1779120000007,2.218e-05,2026-05-18 16:00:00.007
1779148800001,-9.465e-05,2026-05-19 00:00:00.001
1779177600001,-0.00013153,2026-05-19 08:00:00.001
1779206400009,1.205e-05,2026-05-19 16:00:00.009
1779235200001,-0.00016949,2026-05-20 00:00:00.001
1779264000006,-0.00012176,2026-05-20 08:00:00.006
1779292800000,-3.88e-05,2026-05-20 16:00:00.000
1779321600001,-0.00018449,2026-05-21 00:00:00.001
1779350400000,-8.557e-05,2026-05-21 08:00:00.000
1779379200000,-4.994e-05,2026-05-21 16:00:00.000
1779408000000,2.162e-05,2026-05-22 00:00:00.000
1779436800004,4.889e-05,2026-05-22 08:00:00.004
1779465600001,3.773e-05,2026-05-22 16:00:00.001
1779494400009,-7.785e-05,2026-05-23 00:00:00.009
1779523200001,-0.00039939,2026-05-23 08:00:00.001
1779552000003,-0.00021324,2026-05-23 16:00:00.003
1779580800011,2.147e-05,2026-05-24 00:00:00.011
1779609600008,-0.0001284,2026-05-24 08:00:00.008
1779638400000,-0.00015326,2026-05-24 16:00:00.000
1779667200001,-7.89e-05,2026-05-25 00:00:00.001
1779696000001,-3.617e-05,2026-05-25 08:00:00.001
1779724800001,-0.00027291,2026-05-25 16:00:00.001
1779753600000,-8.234e-05,2026-05-26 00:00:00.000
1779782400003,-0.00016203,2026-05-26 08:00:00.003
1779811200000,-0.00014814,2026-05-26 16:00:00.000
1779840000000,-0.00027093,2026-05-27 00:00:00.000
1779868800004,-0.00023835,2026-05-27 08:00:00.004
1779897600009,-0.00029121,2026-05-27 16:00:00.009
1779926400001,-7.267e-05,2026-05-28 00:00:00.001
1779955200000,-0.00027646,2026-05-28 08:00:00.000
1779984000001,-0.00019229,2026-05-28 16:00:00.001
1780012800000,-0.00056363,2026-05-29 00:00:00.000
1780041600001,-0.00026453,2026-05-29 08:00:00.001
1780070400008,-0.00060739,2026-05-29 16:00:00.008
1780099200000,-0.00033483,2026-05-30 00:00:00.000
1780128000001,-0.00043931,2026-05-30 08:00:00.001
1780156800000,-0.00042664,2026-05-30 16:00:00.000
1780185600000,-0.00022406,2026-05-31 00:00:00.000
1780214400000,-8.726e-05,2026-05-31 08:00:00.000
1780243200004,-8.141e-05,2026-05-31 16:00:00.004
1780272000001,1.358e-05,2026-06-01 00:00:00.001
1780300800001,-9.231e-05,2026-06-01 08:00:00.001
1780329600000,-7.907e-05,2026-06-01 16:00:00.000
1780358400000,-2.942e-05,2026-06-02 00:00:00.000
1780387200000,-0.00010424,2026-06-02 08:00:00.000
1780416000000,2.667e-05,2026-06-02 16:00:00.000
1780444800013,3.625e-05,2026-06-03 00:00:00.013
1780473600000,-8e-08,2026-06-03 08:00:00.000
1780502400001,-8.669e-05,2026-06-03 16:00:00.001
1780531200009,8.491e-05,2026-06-04 00:00:00.009
1780560000000,-0.00014597,2026-06-04 08:00:00.000
1780588800003,7.438e-05,2026-06-04 16:00:00.003
1780617600000,-6.457e-05,2026-06-05 00:00:00.000
1780646400004,2.943e-05,2026-06-05 08:00:00.004
1780675200009,-2.373e-05,2026-06-05 16:00:00.009
1780704000000,-0.00017175,2026-06-06 00:00:00.000
1780732800000,-0.00016929,2026-06-06 08:00:00.000
1780761600000,-0.00026203,2026-06-06 16:00:00.000
1780790400001,-3.417e-05,2026-06-07 00:00:00.001
1780819200000,-0.00020706,2026-06-07 08:00:00.000
