timestamp,funding_rate,datetime
1705766400000,0.00054476,2024-01-20 16:00:00.000
1705780800000,0.0003023,2024-01-20 20:00:00.000
1705795200000,0.00059476,2024-01-21 00:00:00.000
1705809600000,5e-05,2024-01-21 04:00:00.000
1705824000000,0.0001701,2024-01-21 08:00:00.000
1705838400000,5e-05,2024-01-21 12:00:00.000
1705852800000,7.692e-05,2024-01-21 16:00:00.000
1705867200000,0.00022007,2024-01-21 20:00:00.000
1705881600000,0.00081537,2024-01-22 00:00:00.000
1705896000001,0.0015135,2024-01-22 04:00:00.001
1705910400000,0.00035048,2024-01-22 08:00:00.000
1705924800000,0.00019045,2024-01-22 12:00:00.000
1705939200000,0.00050797,2024-01-22 16:00:00.000
1705953600000,0.00121482,2024-01-22 20:00:00.000
1705968000000,0.00056648,2024-01-23 00:00:00.000
1705982400000,5e-05,2024-01-23 04:00:00.000
1705996800000,0.00016324,2024-01-23 08:00:00.000
1706011200000,0.00057203,2024-01-23 12:00:00.000
1706025600000,5e-05,2024-01-23 16:00:00.000
1706040000000,5e-05,2024-01-23 20:00:00.000
1706054400000,-8.32e-05,2024-01-24 00:00:00.000
1706068800000,5e-05,2024-01-24 04:00:00.000
1706083200000,5e-05,2024-01-24 08:00:00.000
1706097600000,5e-05,2024-01-24 12:00:00.000
1706112000000,5e-05,2024-01-24 16:00:00.000
1706126400000,0.00027171,2024-01-24 20:00:00.000
1706140800000,0.00011192,2024-01-25 00:00:00.000
1706155200000,0.00022758,2024-01-25 04:00:00.000
1706169600001,5e-05,2024-01-25 08:00:00.001
1706184000000,6.22e-05,2024-01-25 12:00:00.000
1706198400000,0.00035079,2024-01-25 16:00:00.000
1706212800000,0.00031166,2024-01-25 20:00:00.000
1706227200001,0.0005468,2024-01-26 00:00:00.001
1706241600001,0.00048183,2024-01-26 04:00:00.001
1706256000000,0.00012531,2024-01-26 08:00:00.000
1706270400000,0.00011016,2024-01-26 12:00:00.000
1706284800000,0.00010491,2024-01-26 16:00:00.000
1706299200000,0.00035608,2024-01-26 20:00:00.000
1706313600000,5.783e-05,2024-01-27 00:00:00.000
1706328000000,6.119e-05,2024-01-27 04:00:00.000
1706342400000,5e-05,2024-01-27 08:00:00.000
1706356800000,0.00025688,2024-01-27 12:00:00.000
1706371200000,0.00043387,2024-01-27 16:00:00.000
1706385600000,0.00076931,2024-01-27 20:00:00.000
1706400000000,0.00071797,2024-01-28 00:00:00.000
1706414400000,0.0003798,2024-01-28 04:00:00.000
1706428800000,0.00060246,2024-01-28 08:00:00.000
1706443200000,0.00027517,2024-01-28 12:00:00.000
1706457600000,5e-05,2024-01-28 16:00:00.000
1706472000000,0.00017683,2024-01-28 20:00:00.000
1706486400000,0.00022683,2024-01-29 00:00:00.000
1706500800001,5e-05,2024-01-29 04:00:00.001
1706515200001,9.002e-05,2024-01-29 08:00:00.001
1706529600000,5e-05,2024-01-29 12:00:00.000
1706544000000,5e-05,2024-01-29 16:00:00.000
1706558400000,5e-05,2024-01-29 20:00:00.000
1706572800000,5e-05,2024-01-30 00:00:00.000
1706587200000,5e-05,2024-01-30 04:00:00.000
1706601600000,5e-05,2024-01-30 08:00:00.000
1706616000000,5e-05,2024-01-30 12:00:00.000
1706630400001,5e-05,2024-01-30 16:00:00.001
1706644800000,7.634e-05,2024-01-30 20:00:00.000
1706659200000,5e-05,2024-01-31 00:00:00.000
1706673600001,0.00011805,2024-01-31 04:00:00.001
1706688000000,5e-05,2024-01-31 08:00:00.000
1706702400000,5.434e-05,2024-01-31 12:00:00.000
1706716800000,0.00030452,2024-01-31 16:00:00.000
1706731200000,7.448e-05,2024-01-31 20:00:00.000
1706745600000,0.00069973,2024-02-01 00:00:00.000
1706760000000,0.0004933,2024-02-01 04:00:00.000
1706774400000,0.00019414,2024-02-01 08:00:00.000
1706788800000,0.00043776,2024-02-01 12:00:00.000
1706803200002,0.00019619,2024-02-01 16:00:00.002
1706817600000,0.00033192,2024-02-01 20:00:00.000
1706832000000,0.00062617,2024-02-02 00:00:00.000
1706846400000,0.00032505,2024-02-02 04:00:00.000
1706860800000,0.00046349,2024-02-02 08:00:00.000
1706875200000,0.00071296,2024-02-02 12:00:00.000
1706889600000,0.00037487,2024-02-02 16:00:00.000
1706904000000,0.00052311,2024-02-02 20:00:00.000
1706918400000,0.00030065,2024-02-03 00:00:00.000
1706932800000,0.0005646,2024-02-03 04:00:00.000
1706947200000,0.00021371,2024-02-03 08:00:00.000
1706961600000,0.00051879,2024-02-03 12:00:00.000
1706976000001,0.00051958,2024-02-03 16:00:00.001
1706990400000,0.0005819,2024-02-03 20:00:00.000
1707004800000,0.00049627,2024-02-04 00:00:00.000
1707019200000,0.00030634,2024-02-04 04:00:00.000
1707033600004,0.00049289,2024-02-04 08:00:00.004
1707048000001,0.00034442,2024-02-04 12:00:00.001
1707062400000,5e-05,2024-02-04 16:00:00.000
1707076800000,0.00026142,2024-02-04 20:00:00.000
1707091200000,0.00023404,2024-02-05 00:00:00.000
1707105600000,0.00032826,2024-02-05 04:00:00.000
1707120000000,0.00046908,2024-02-05 08:00:00.000
1707134400000,0.00032798,2024-02-05 12:00:00.000
1707148800000,0.00013166,2024-02-05 16:00:00.000
1707163200000,0.00024928,2024-02-05 20:00:00.000
1707177600000,5.894e-05,2024-02-06 00:00:00.000
1707192000000,0.00013559,2024-02-06 04:00:00.000
1707206400001,0.00052365,2024-02-06 08:00:00.001
1707220800000,0.00055296,2024-02-06 12:00:00.000
1707235200000,0.00039369,2024-02-06 16:00:00.000
1707249600000,0.00018135,2024-02-06 20:00:00.000
1707264000000,0.00013978,2024-02-07 00:00:00.000
1707278400000,0.00038849,2024-02-07 04:00:00.000
1707292800000,0.00055871,2024-02-07 08:00:00.000
1707307200000,0.00041945,2024-02-07 12:00:00.000
1707321600000,0.00023532,2024-02-07 16:00:00.000
1707336000000,0.0002321,2024-02-07 20:00:00.000
1707350400000,5e-05,2024-02-08 00:00:00.000
1707364800001,0.00022139,2024-02-08 04:00:00.001
1707379200000,0.00035163,2024-02-08 08:00:00.000
1707393600000,0.00013137,2024-02-08 12:00:00.000
1707408000000,0.00016187,2024-02-08 16:00:00.000
1707422400000,0.00027074,2024-02-08 20:00:00.000
1707436800000,0.00036971,2024-02-09 00:00:00.000
1707451200000,0.00033391,2024-02-09 04:00:00.000
1707465600000,0.00013382,2024-02-09 08:00:00.000
1707480000000,0.00038538,2024-02-09 12:00:00.000
1707494400001,0.00041753,2024-02-09 16:00:00.001
1707508800000,0.00038495,2024-02-09 20:00:00.000
1707523200001,0.00067753,2024-02-10 00:00:00.001
1707537600000,0.00041943,2024-02-10 04:00:00.000
1707552000000,0.00075229,2024-02-10 08:00:00.000
1707566400001,0.0003719,2024-02-10 12:00:00.001
1707580800000,0.00030272,2024-02-10 16:00:00.000
1707595200000,0.0005713,2024-02-10 20:00:00.000
1707609600000,0.00056036,2024-02-11 00:00:00.000
1707624000000,0.00057402,2024-02-11 04:00:00.000
1707638400001,0.00081757,2024-02-11 08:00:00.001
1707652800001,0.00065463,2024-02-11 12:00:00.001
1707667200000,0.00059074,2024-02-11 16:00:00.000
1707681600001,0.00044208,2024-02-11 20:00:00.001
1707696000000,0.00039248,2024-02-12 00:00:00.000
1707710400001,0.00020156,2024-02-12 04:00:00.001
1707724800000,0.000307,2024-02-12 08:00:00.000
1707739200000,0.00039731,2024-02-12 12:00:00.000
1707753600000,0.00023588,2024-02-12 16:00:00.000
1707768000000,0.00067747,2024-02-12 20:00:00.000
1707782400000,0.000855,2024-02-13 00:00:00.000
1707796800000,0.00091028,2024-02-13 04:00:00.000
1707811200000,0.00019652,2024-02-13 08:00:00.000
1707825600000,0.00041977,2024-02-13 12:00:00.000
1707840000000,0.00068629,2024-02-13 16:00:00.000
1707854400000,0.00014354,2024-02-13 20:00:00.000
1707868800000,0.00050753,2024-02-14 00:00:00.000
1707883200000,0.00011827,2024-02-14 04:00:00.000
1707897600000,0.00043264,2024-02-14 08:00:00.000
1707912000000,0.00063645,2024-02-14 12:00:00.000
1707926400000,0.00068573,2024-02-14 16:00:00.000
1707940800000,0.00050278,2024-02-14 20:00:00.000
1707955200000,0.00029844,2024-02-15 00:00:00.000
1707969600000,0.00055876,2024-02-15 04:00:00.000
1707984000000,0.00037025,2024-02-15 08:00:00.000
1707998400000,0.00055647,2024-02-15 12:00:00.000
1708012800000,0.00023989,2024-02-15 16:00:00.000
1708027200000,0.00027956,2024-02-15 20:00:00.000
1708041600000,0.0004525,2024-02-16 00:00:00.000
1708056000000,0.00035604,2024-02-16 04:00:00.000
1708070400000,0.00048036,2024-02-16 08:00:00.000
1708084800000,0.00046075,2024-02-16 12:00:00.000
1708099200000,0.0004281,2024-02-16 16:00:00.000
1708113600000,0.00035585,2024-02-16 20:00:00.000
1708128000000,8.895e-05,2024-02-17 00:00:00.000
1708142400000,0.00040994,2024-02-17 04:00:00.000
1708156800000,0.00039581,2024-02-17 08:00:00.000
1708171200000,0.00051859,2024-02-17 12:00:00.000
1708185600000,7.767e-05,2024-02-17 16:00:00.000
1708200000000,0.0001649,2024-02-17 20:00:00.000
1708214400000,5e-05,2024-02-18 00:00:00.000
1708228800000,0.00045866,2024-02-18 04:00:00.000
1708243200000,0.00057766,2024-02-18 08:00:00.000
1708257600000,0.00027206,2024-02-18 12:00:00.000
1708272000000,0.00047106,2024-02-18 16:00:00.000
1708286400000,0.00042863,2024-02-18 20:00:00.000
1708300800000,0.00047926,2024-02-19 00:00:00.000
1708315200000,0.00037277,2024-02-19 04:00:00.000
1708329600000,0.00081169,2024-02-19 08:00:00.000
1708344000000,0.00040482,2024-02-19 12:00:00.000
1708358400000,0.00070984,2024-02-19 16:00:00.000
1708372800000,0.0005933,2024-02-19 20:00:00.000
1708387200000,0.00023257,2024-02-20 00:00:00.000
1708401600000,0.00081628,2024-02-20 04:00:00.000
1708416000000,0.00060028,2024-02-20 08:00:00.000
1708430400000,0.0004681,2024-02-20 12:00:00.000
1708444800000,0.00042292,2024-02-20 16:00:00.000
1708459200000,0.00029045,2024-02-20 20:00:00.000
1708473600000,0.00041873,2024-02-21 00:00:00.000
1708488000000,0.00036244,2024-02-21 04:00:00.000
1708502400000,0.0003732,2024-02-21 08:00:00.000
1708516800000,5e-05,2024-02-21 12:00:00.000
1708531200000,0.00052573,2024-02-21 16:00:00.000
1708545600000,0.00025031,2024-02-21 20:00:00.000
1708560000001,0.00035296,2024-02-22 00:00:00.001
1708574400000,0.00015836,2024-02-22 04:00:00.000
1708588800001,0.00035783,2024-02-22 08:00:00.001
1708603200000,0.00024822,2024-02-22 12:00:00.000
1708617600000,0.00023717,2024-02-22 16:00:00.000
1708632000000,0.00052209,2024-02-22 20:00:00.000
1708646400000,0.00080461,2024-02-23 00:00:00.000
1708660800001,0.00063252,2024-02-23 04:00:00.001
1708675200000,0.00037029,2024-02-23 08:00:00.000
1708689600001,0.00057718,2024-02-23 12:00:00.001
1708704000000,5e-05,2024-02-23 16:00:00.000
1708718400000,0.00058473,2024-02-23 20:00:00.000
1708732800000,0.00022668,2024-02-24 00:00:00.000
1708747200000,0.00031628,2024-02-24 04:00:00.000
1708761600001,0.00023573,2024-02-24 08:00:00.001
1708776000000,0.00038581,2024-02-24 12:00:00.000
1708790400000,0.00038936,2024-02-24 16:00:00.000
1708804800000,0.00066775,2024-02-24 20:00:00.000
1708819200001,0.00044129,2024-02-25 00:00:00.001
1708833600000,0.00044957,2024-02-25 04:00:00.000
1708848000000,0.0006805,2024-02-25 08:00:00.000
1708862400001,0.00059358,2024-02-25 12:00:00.001
1708876800000,0.00068831,2024-02-25 16:00:00.000
1708891200000,0.00094742,2024-02-25 20:00:00.000
1708905600000,0.00058388,2024-02-26 00:00:00.000
1708920000000,0.00045295,2024-02-26 04:00:00.000
1708934400000,0.00036789,2024-02-26 08:00:00.000
1708948800000,0.00068922,2024-02-26 12:00:00.000
1708963200000,0.00056212,2024-02-26 16:00:00.000
1708977600001,0.00027864,2024-02-26 20:00:00.001
1708992000000,0.00099623,2024-02-27 00:00:00.000
1709006400000,0.00092349,2024-02-27 04:00:00.000
1709020800000,0.00090219,2024-02-27 08:00:00.000
1709035200000,0.00059622,2024-02-27 12:00:00.000
1709049600000,0.00024172,2024-02-27 16:00:00.000
1709064000000,0.0006367,2024-02-27 20:00:00.000
1709078400000,0.00067776,2024-02-28 00:00:00.000
1709092800000,0.00082509,2024-02-28 04:00:00.000
1709107200000,0.00042163,2024-02-28 08:00:00.000
1709121600000,0.00079003,2024-02-28 12:00:00.000
1709136000000,0.00043604,2024-02-28 16:00:00.000
1709150400000,0.0002236,2024-02-28 20:00:00.000
1709164800000,5.937e-05,2024-02-29 00:00:00.000
1709179200001,0.00060623,2024-02-29 04:00:00.001
1709193600000,0.00059987,2024-02-29 08:00:00.000
1709208000000,0.00078482,2024-02-29 12:00:00.000
1709222400000,0.00063004,2024-02-29 16:00:00.000
1709236800000,0.00112927,2024-02-29 20:00:00.000
1709251200000,0.00064662,2024-03-01 00:00:00.000
1709265600000,0.00073832,2024-03-01 04:00:00.000
1709280000000,0.00080488,2024-03-01 08:00:00.000
1709294400000,0.00114933,2024-03-01 12:00:00.000
1709308800000,0.00053702,2024-03-01 16:00:00.000
1709323200000,0.00124075,2024-03-01 20:00:00.000
1709337600000,0.0011121,2024-03-02 00:00:00.000
1709352000001,0.00089568,2024-03-02 04:00:00.001
1709366400001,0.00103473,2024-03-02 08:00:00.001
1709380800000,0.00072732,2024-03-02 12:00:00.000
1709395200000,0.00063547,2024-03-02 16:00:00.000
1709409600000,0.00068605,2024-03-02 20:00:00.000
1709424000000,0.00050127,2024-03-03 00:00:00.000
1709438400000,0.00109563,2024-03-03 04:00:00.000
1709452800000,0.00054778,2024-03-03 08:00:00.000
1709467200000,0.00053698,2024-03-03 12:00:00.000
1709481600000,0.00090713,2024-03-03 16:00:00.000
1709496000000,0.00085526,2024-03-03 20:00:00.000
1709510400000,0.00089515,2024-03-04 00:00:00.000
1709524800001,0.00096196,2024-03-04 04:00:00.001
1709539200000,0.00103597,2024-03-04 08:00:00.000
1709553600000,0.00087976,2024-03-04 12:00:00.000
1709568000000,0.00069481,2024-03-04 16:00:00.000
1709582400000,0.00133968,2024-03-04 20:00:00.000
1709596800000,0.00049897,2024-03-05 00:00:00.000
1709611200000,0.00113132,2024-03-05 04:00:00.000
1709625600000,0.00139289,2024-03-05 08:00:00.000
1709640000000,0.00093746,2024-03-05 12:00:00.000
1709654400000,0.00114998,2024-03-05 16:00:00.000
1709668800000,5e-05,2024-03-05 20:00:00.000
1709683200000,0.00047995,2024-03-06 00:00:00.000
1709697600000,0.00017917,2024-03-06 04:00:00.000
1709712000001,0.00112947,2024-03-06 08:00:00.001
1709726400000,0.00078839,2024-03-06 12:00:00.000
1709740800000,0.00033209,2024-03-06 16:00:00.000
1709755200000,0.00042305,2024-03-06 20:00:00.000
1709769600000,0.0005057,2024-03-07 00:00:00.000
1709784000000,0.0002516,2024-03-07 04:00:00.000
1709798400000,0.00046772,2024-03-07 08:00:00.000
1709812800001,0.00049237,2024-03-07 12:00:00.001
1709827200000,0.00066387,2024-03-07 16:00:00.000
1709841600000,0.0003226,2024-03-07 20:00:00.000
1709856000000,0.00059066,2024-03-08 00:00:00.000
1709870400000,0.000712,2024-03-08 04:00:00.000
1709884800000,0.00064206,2024-03-08 08:00:00.000
1709899200000,0.00100172,2024-03-08 12:00:00.000
1709913600000,0.00127575,2024-03-08 16:00:00.000
1709928000000,0.00110772,2024-03-08 20:00:00.000
1709942400000,0.00085621,2024-03-09 00:00:00.000
1709956800000,0.00047832,2024-03-09 04:00:00.000
1709971200001,0.00081982,2024-03-09 08:00:00.001
1709985600001,0.00093869,2024-03-09 12:00:00.001
1710000000000,0.00104053,2024-03-09 16:00:00.000
1710014400000,0.00084835,2024-03-09 20:00:00.000
1710028800000,0.00090931,2024-03-10 00:00:00.000
1710043200000,0.00064477,2024-03-10 04:00:00.000
1710057600000,0.00061402,2024-03-10 08:00:00.000
1710072000000,0.00060495,2024-03-10 12:00:00.000
1710086400000,0.00089528,2024-03-10 16:00:00.000
1710100800000,0.0005309,2024-03-10 20:00:00.000
1710115200000,0.00072647,2024-03-11 00:00:00.000
1710129600000,0.00034743,2024-03-11 04:00:00.000
1710144000000,0.00060399,2024-03-11 08:00:00.000
1710158400000,0.00046547,2024-03-11 12:00:00.000
1710172800000,0.00038154,2024-03-11 16:00:00.000
1710187200001,0.00066883,2024-03-11 20:00:00.001
1710201600000,0.0004222,2024-03-12 00:00:00.000
1710216000000,0.00056146,2024-03-12 04:00:00.000
1710230400000,0.0004763,2024-03-12 08:00:00.000
1710244800000,0.00099606,2024-03-12 12:00:00.000
1710259200000,0.00095922,2024-03-12 16:00:00.000
1710273600000,0.00079259,2024-03-12 20:00:00.000
1710288000000,0.00072164,2024-03-13 00:00:00.000
1710302400000,0.00057806,2024-03-13 04:00:00.000
1710316800001,0.00054627,2024-03-13 08:00:00.001
1710331200000,0.00085899,2024-03-13 12:00:00.000
1710345600000,0.00074774,2024-03-13 16:00:00.000
1710360000000,0.00071995,2024-03-13 20:00:00.000
1710374400001,0.00085592,2024-03-14 00:00:00.001
1710388800000,0.00072113,2024-03-14 04:00:00.000
1710403200000,0.00071119,2024-03-14 08:00:00.000
1710417600000,0.00084059,2024-03-14 12:00:00.000
1710432000000,0.0006383,2024-03-14 16:00:00.000
1710446400001,0.00063628,2024-03-14 20:00:00.001
1710460800000,0.00059967,2024-03-15 00:00:00.000
1710475200000,0.00066045,2024-03-15 04:00:00.000
1710489600000,0.00070697,2024-03-15 08:00:00.000
1710504000000,0.00053217,2024-03-15 12:00:00.000
1710518400000,0.00039034,2024-03-15 16:00:00.000
1710532800000,0.00014003,2024-03-15 20:00:00.000
1710547200000,0.00027276,2024-03-16 00:00:00.000
1710561600000,0.00059996,2024-03-16 04:00:00.000
1710576000000,0.00037966,2024-03-16 08:00:00.000
1710590400000,0.00033973,2024-03-16 12:00:00.000
1710604800000,0.00051137,2024-03-16 16:00:00.000
1710619200000,5e-05,2024-03-16 20:00:00.000
1710633600000,6.94e-05,2024-03-17 00:00:00.000
1710648000000,5e-05,2024-03-17 04:00:00.000
1710662400000,5e-05,2024-03-17 08:00:00.000
1710676800000,0.00022629,2024-03-17 12:00:00.000
1710691200000,0.0003341,2024-03-17 16:00:00.000
1710705600000,0.00012254,2024-03-17 20:00:00.000
1710720000000,7.848e-05,2024-03-18 00:00:00.000
1710734400001,0.00027329,2024-03-18 04:00:00.001
1710748800000,0.00018724,2024-03-18 08:00:00.000
1710763200000,0.00062421,2024-03-18 12:00:00.000
1710777600001,0.00057453,2024-03-18 16:00:00.001
1710792000001,0.00057491,2024-03-18 20:00:00.001
1710806400000,0.00036384,2024-03-19 00:00:00.000
1710820800000,0.00028899,2024-03-19 04:00:00.000
1710835200000,0.0002026,2024-03-19 08:00:00.000
1710849600000,0.00043952,2024-03-19 12:00:00.000
1710864000001,0.00028889,2024-03-19 16:00:00.001
1710878400000,0.00032186,2024-03-19 20:00:00.000
1710892800000,0.0003001,2024-03-20 00:00:00.000
1710907200000,0.00014413,2024-03-20 04:00:00.000
1710921600004,0.00031118,2024-03-20 08:00:00.004
1710936000001,0.00022917,2024-03-20 12:00:00.001
1710950400000,0.00074114,2024-03-20 16:00:00.000
1710964800000,5e-05,2024-03-20 20:00:00.000
1710979200000,0.0002164,2024-03-21 00:00:00.000
1710993600000,0.0002054,2024-03-21 04:00:00.000
1711008000000,0.00038303,2024-03-21 08:00:00.000
1711022400013,0.00037608,2024-03-21 12:00:00.013
1711036800000,0.00075245,2024-03-21 16:00:00.000
1711051200000,0.00056496,2024-03-21 20:00:00.000
1711065600000,0.0002185,2024-03-22 00:00:00.000
1711080000000,0.00052635,2024-03-22 04:00:00.000
1711094400000,0.00048858,2024-03-22 08:00:00.000
1711108800000,0.0007618,2024-03-22 12:00:00.000
1711123200000,0.00033848,2024-03-22 16:00:00.000
1711137600000,0.00021218,2024-03-22 20:00:00.000
1711152000000,0.00043053,2024-03-23 00:00:00.000
1711166400000,0.00024574,2024-03-23 04:00:00.000
1711180800000,5e-05,2024-03-23 08:00:00.000
1711195200000,5e-05,2024-03-23 12:00:00.000
1711209600000,5e-05,2024-03-23 16:00:00.000
1711224000000,0.00011735,2024-03-23 20:00:00.000
1711238400000,0.00013116,2024-03-24 00:00:00.000
1711252800001,0.00029647,2024-03-24 04:00:00.001
1711267200000,0.00020096,2024-03-24 08:00:00.000
1711281600000,0.00017973,2024-03-24 12:00:00.000
1711296000000,0.00022818,2024-03-24 16:00:00.000
1711310400000,0.00034494,2024-03-24 20:00:00.000
1711324800000,0.00020306,2024-03-25 00:00:00.000
1711339200000,0.00029212,2024-03-25 04:00:00.000
1711353600001,0.0010062,2024-03-25 08:00:00.001
1711368000000,0.00096254,2024-03-25 12:00:00.000
1711382400000,0.00018736,2024-03-25 16:00:00.000
1711396800000,0.00031446,2024-03-25 20:00:00.000
1711411200000,5e-05,2024-03-26 00:00:00.000
1711425600000,0.00051234,2024-03-26 04:00:00.000
1711440000000,0.00031599,2024-03-26 08:00:00.000
1711454400000,0.00074856,2024-03-26 12:00:00.000
1711468800000,0.00082262,2024-03-26 16:00:00.000
1711483200000,0.00171398,2024-03-26 20:00:00.000
1711497600000,0.00017724,2024-03-27 00:00:00.000
1711512000000,0.00036845,2024-03-27 04:00:00.000
1711526400001,0.00090358,2024-03-27 08:00:00.001
1711540800001,0.00087657,2024-03-27 12:00:00.001
1711555200000,0.00080033,2024-03-27 16:00:00.000
1711569600000,0.00017803,2024-03-27 20:00:00.000
1711584000000,5e-05,2024-03-28 00:00:00.000
1711598400000,0.00015966,2024-03-28 04:00:00.000
1711612800000,0.00044882,2024-03-28 08:00:00.000
1711627200000,0.00053813,2024-03-28 12:00:00.000
1711641600000,0.00019868,2024-03-28 16:00:00.000
1711656000000,0.00069002,2024-03-28 20:00:00.000
1711670400000,0.00045617,2024-03-29 00:00:00.000
1711684800000,0.00031137,2024-03-29 04:00:00.000
1711699200000,0.00040201,2024-03-29 08:00:00.000
1711713600000,0.00090898,2024-03-29 12:00:00.000
1711728000000,0.00048188,2024-03-29 16:00:00.000
1711742400000,0.0009885,2024-03-29 20:00:00.000
1711756800000,0.00039846,2024-03-30 00:00:00.000
1711771200000,0.00070983,2024-03-30 04:00:00.000
1711785600000,0.00072556,2024-03-30 08:00:00.000
1711800000001,0.00095905,2024-03-30 12:00:00.001
1711814400000,0.0007562,2024-03-30 16:00:00.000
1711828800000,0.00081319,2024-03-30 20:00:00.000
1711843200000,0.00038009,2024-03-31 00:00:00.000
1711857600000,0.00041853,2024-03-31 04:00:00.000
1711872000000,0.0006558,2024-03-31 08:00:00.000
1711886400000,0.00014337,2024-03-31 12:00:00.000
1711900800001,0.00073762,2024-03-31 16:00:00.001
1711915200000,0.00228396,2024-03-31 20:00:00.000
1711929600000,0.00064556,2024-04-01 00:00:00.000
1711944000000,0.00050491,2024-04-01 04:00:00.000
1711958400000,6.914e-05,2024-04-01 08:00:00.000
1711972800000,0.0002021,2024-04-01 12:00:00.000
1711987200000,0.00041001,2024-04-01 16:00:00.000
1712001600000,5e-05,2024-04-01 20:00:00.000
1712016000007,5e-05,2024-04-02 00:00:00.007
1712030400000,0.0004172,2024-04-02 04:00:00.000
1712044800015,0.00028231,2024-04-02 08:00:00.015
1712059200000,0.0005131,2024-04-02 12:00:00.000
1712073600000,8.688e-05,2024-04-02 16:00:00.000
1712088000000,0.00019736,2024-04-02 20:00:00.000
1712102400000,0.00029716,2024-04-03 00:00:00.000
1712116800000,0.0002284,2024-04-03 04:00:00.000
1712131200000,5e-05,2024-04-03 08:00:00.000
1712145600000,0.0001619,2024-04-03 12:00:00.000
1712160000000,0.0002262,2024-04-03 16:00:00.000
1712174400000,0.00022807,2024-04-03 20:00:00.000
1712188800000,0.00023877,2024-04-04 00:00:00.000
1712203200000,0.00035755,2024-04-04 04:00:00.000
1712217600000,0.00036506,2024-04-04 08:00:00.000
1712232000000,0.00031075,2024-04-04 12:00:00.000
1712246400000,0.00029571,2024-04-04 16:00:00.000
1712260800000,0.00028783,2024-04-04 20:00:00.000
1712275200000,0.00019516,2024-04-05 00:00:00.000
1712289600000,0.00013805,2024-04-05 04:00:00.000
1712304000000,0.00031504,2024-04-05 08:00:00.000
1712318400000,0.00020464,2024-04-05 12:00:00.000
1712332800000,5e-05,2024-04-05 16:00:00.000
1712347200000,0.0002355,2024-04-05 20:00:00.000
1712361600000,0.00022717,2024-04-06 00:00:00.000
1712376000000,6.276e-05,2024-04-06 04:00:00.000
1712390400000,9.233e-05,2024-04-06 08:00:00.000
1712404800000,0.00016823,2024-04-06 12:00:00.000
1712419200000,0.00024645,2024-04-06 16:00:00.000
1712433600000,7.37e-05,2024-04-06 20:00:00.000
1712448000000,7.347e-05,2024-04-07 00:00:00.000
1712462400000,0.00024713,2024-04-07 04:00:00.000
1712476800000,0.00060602,2024-04-07 08:00:00.000
1712491200001,0.00046409,2024-04-07 12:00:00.001
1712505600000,0.00033864,2024-04-07 16:00:00.000
1712520000000,0.00042783,2024-04-07 20:00:00.000
1712534400001,0.0004074,2024-04-08 00:00:00.001
1712548800000,0.00023831,2024-04-08 04:00:00.000
1712563200000,0.00048921,2024-04-08 08:00:00.000
1712577600000,0.0003156,2024-04-08 12:00:00.000
1712592000006,0.00037203,2024-04-08 16:00:00.006
1712606400001,0.00050987,2024-04-08 20:00:00.001
1712620800000,0.00032498,2024-04-09 00:00:00.000
1712635200000,0.00013326,2024-04-09 04:00:00.000
1712649600001,0.00034367,2024-04-09 08:00:00.001
1712664000000,0.00020742,2024-04-09 12:00:00.000
1712678400001,0.00018576,2024-04-09 16:00:00.001
1712692800000,0.00020298,2024-04-09 20:00:00.000
1712707200000,5e-05,2024-04-10 00:00:00.000
1712721600000,5e-05,2024-04-10 04:00:00.000
1712736000001,5e-05,2024-04-10 08:00:00.001
1712750400002,0.00024095,2024-04-10 12:00:00.002
1712764800000,0.00010907,2024-04-10 16:00:00.000
1712779200000,5e-05,2024-04-10 20:00:00.000
1712793600000,5e-05,2024-04-11 00:00:00.000
1712808000001,5e-05,2024-04-11 04:00:00.001
1712822400000,9.155e-05,2024-04-11 08:00:00.000
1712836800000,0.00020424,2024-04-11 12:00:00.000
1712851200000,0.00024031,2024-04-11 16:00:00.000
1712865600000,5e-05,2024-04-11 20:00:00.000
1712880000000,5e-05,2024-04-12 00:00:00.000
1712894400000,0.00042386,2024-04-12 04:00:00.000
1712908800001,0.00030191,2024-04-12 08:00:00.001
1712923200000,0.0001059,2024-04-12 12:00:00.000
1712937600000,0.00019539,2024-04-12 16:00:00.000
1712952000000,-7.46e-05,2024-04-12 20:00:00.000
1712966400000,-0.00030697,2024-04-13 00:00:00.000
1712980800000,-2.99e-05,2024-04-13 04:00:00.000
1712995200000,1.152e-05,2024-04-13 08:00:00.000
1713009600000,5e-05,2024-04-13 12:00:00.000
1713024000001,0.00023704,2024-04-13 16:00:00.001
1713038400001,5e-05,2024-04-13 20:00:00.001
1713052800000,5e-05,2024-04-14 00:00:00.000
1713067200000,5e-05,2024-04-14 04:00:00.000
1713081600000,5e-05,2024-04-14 08:00:00.000
1713096000000,0.00013502,2024-04-14 12:00:00.000
1713110400000,5.341e-05,2024-04-14 16:00:00.000
1713124800000,5e-05,2024-04-14 20:00:00.000
1713139200000,0.00028811,2024-04-15 00:00:00.000
1713153600000,5e-05,2024-04-15 04:00:00.000
1713168000001,0.00078744,2024-04-15 08:00:00.001
1713182400000,0.00010719,2024-04-15 12:00:00.000
1713196800000,0.00027293,2024-04-15 16:00:00.000
1713211200000,5e-05,2024-04-15 20:00:00.000
1713225600001,5e-05,2024-04-16 00:00:00.001
1713240000000,5e-05,2024-04-16 04:00:00.000
1713254400000,3.996e-05,2024-04-16 08:00:00.000
1713268800000,5e-05,2024-04-16 12:00:00.000
1713283200000,5e-05,2024-04-16 16:00:00.000
1713297600000,4.011e-05,2024-04-16 20:00:00.000
1713312000000,-0.00014131,2024-04-17 00:00:00.000
1713326400001,5e-05,2024-04-17 04:00:00.001
1713340800000,5e-05,2024-04-17 08:00:00.000
1713355200000,5e-05,2024-04-17 12:00:00.000
1713369600000,5e-05,2024-04-17 16:00:00.000
1713384000000,5e-05,2024-04-17 20:00:00.000
1713398400000,5e-05,2024-04-18 00:00:00.000
1713412800000,-0.00023695,2024-04-18 04:00:00.000
1713427200000,-6.46e-05,2024-04-18 08:00:00.000
1713441600002,5e-05,2024-04-18 12:00:00.002
1713456000000,5e-05,2024-04-18 16:00:00.000
1713470400000,5e-05,2024-04-18 20:00:00.000
1713484800001,5e-05,2024-04-19 00:00:00.001
1713499200000,5e-05,2024-04-19 04:00:00.000
1713513600000,2.331e-05,2024-04-19 08:00:00.000
1713528000001,5e-05,2024-04-19 12:00:00.001
1713542400000,5e-05,2024-04-19 16:00:00.000
1713556800000,5e-05,2024-04-19 20:00:00.000
1713571200000,5e-05,2024-04-20 00:00:00.000
1713585600001,-5.9e-06,2024-04-20 04:00:00.001
1713600000000,5e-05,2024-04-20 08:00:00.000
1713614400001,5e-05,2024-04-20 12:00:00.001
1713628800000,5e-05,2024-04-20 16:00:00.000
1713643200001,0.00021371,2024-04-20 20:00:00.001
1713657600000,0.00021673,2024-04-21 00:00:00.000
1713672000000,0.00020167,2024-04-21 04:00:00.000
1713686400000,0.00025743,2024-04-21 08:00:00.000
1713700800000,0.00024098,2024-04-21 12:00:00.000
1713715200000,0.0002868,2024-04-21 16:00:00.000
1713729600000,0.00014936,2024-04-21 20:00:00.000
1713744000000,5e-05,2024-04-22 00:00:00.000
1713758400000,0.00018122,2024-04-22 04:00:00.000
1713772800000,6.028e-05,2024-04-22 08:00:00.000
1713787200000,5e-05,2024-04-22 12:00:00.000
1713801600000,5e-05,2024-04-22 16:00:00.000
1713816000000,5e-05,2024-04-22 20:00:00.000
1713830400000,5.477e-05,2024-04-23 00:00:00.000
1713844800000,5e-05,2024-04-23 04:00:00.000
1713859200000,5e-05,2024-04-23 08:00:00.000
1713873600000,5e-05,2024-04-23 12:00:00.000
1713888000001,5e-05,2024-04-23 16:00:00.001
1713902400000,5e-05,2024-04-23 20:00:00.000
1713916800000,5e-05,2024-04-24 00:00:00.000
1713931200000,5e-05,2024-04-24 04:00:00.000
1713945600000,5e-05,2024-04-24 08:00:00.000
1713960000000,5e-05,2024-04-24 12:00:00.000
1713974400000,0.00043131,2024-04-24 16:00:00.000
1713988800000,5e-05,2024-04-24 20:00:00.000
1714003200000,5e-05,2024-04-25 00:00:00.000
1714017600000,5e-05,2024-04-25 04:00:00.000
1714032000000,5e-05,2024-04-25 08:00:00.000
1714046400000,5e-05,2024-04-25 12:00:00.000
1714060800010,5e-05,2024-04-25 16:00:00.010
1714075200000,5e-05,2024-04-25 20:00:00.000
1714089600001,5e-05,2024-04-26 00:00:00.001
1714104000000,5e-05,2024-04-26 04:00:00.000
1714118400000,5e-05,2024-04-26 08:00:00.000
1714132800000,5e-05,2024-04-26 12:00:00.000
1714147200000,3.977e-05,2024-04-26 16:00:00.000
1714161600000,5e-05,2024-04-26 20:00:00.000
1714176000000,5e-05,2024-04-27 00:00:00.000
1714190400000,3.91e-06,2024-04-27 04:00:00.000
1714204800001,5e-05,2024-04-27 08:00:00.001
1714219200000,5e-05,2024-04-27 12:00:00.000
1714233600000,5e-05,2024-04-27 16:00:00.000
1714248000000,5e-05,2024-04-27 20:00:00.000
1714262400000,5e-05,2024-04-28 00:00:00.000
1714276800000,5e-05,2024-04-28 04:00:00.000
1714291200000,5e-05,2024-04-28 08:00:00.000
1714305600000,0.00012258,2024-04-28 12:00:00.000
1714320000000,5e-05,2024-04-28 16:00:00.000
1714334400000,5e-05,2024-04-28 20:00:00.000
1714348800000,5e-05,2024-04-29 00:00:00.000
1714363200000,5e-05,2024-04-29 04:00:00.000
1714377600000,5e-05,2024-04-29 08:00:00.000
1714392000000,5e-05,2024-04-29 12:00:00.000
1714406400000,0.00018289,2024-04-29 16:00:00.000
1714420800000,9.28e-05,2024-04-29 20:00:00.000
1714435200000,5e-05,2024-04-30 00:00:00.000
1714449600000,5e-05,2024-04-30 04:00:00.000
1714464000000,5e-05,2024-04-30 08:00:00.000
1714478400000,5e-05,2024-04-30 12:00:00.000
1714492800000,5e-05,2024-04-30 16:00:00.000
1714507200000,5e-05,2024-04-30 20:00:00.000
1714521600000,5e-05,2024-05-01 00:00:00.000
1714536000000,5e-05,2024-05-01 04:00:00.000
1714550400000,5e-05,2024-05-01 08:00:00.000
1714564800000,5e-05,2024-05-01 12:00:00.000
1714579200000,5e-05,2024-05-01 16:00:00.000
1714593600000,5e-05,2024-05-01 20:00:00.000
1714608000000,5e-05,2024-05-02 00:00:00.000
1714622400000,5e-05,2024-05-02 04:00:00.000
1714636800000,5e-05,2024-05-02 08:00:00.000
1714651200000,5e-05,2024-05-02 12:00:00.000
1714665600002,5e-05,2024-05-02 16:00:00.002
1714680000000,0.0001637,2024-05-02 20:00:00.000
1714694400000,5e-05,2024-05-03 00:00:00.000
1714708800000,0.00020069,2024-05-03 04:00:00.000
1714723200000,0.00010911,2024-05-03 08:00:00.000
1714737600000,5e-05,2024-05-03 12:00:00.000
1714752000000,5e-05,2024-05-03 16:00:00.000
1714766400000,5e-05,2024-05-03 20:00:00.000
1714780800000,5e-05,2024-05-04 00:00:00.000
1714795200000,5e-05,2024-05-04 04:00:00.000
1714809600000,5e-05,2024-05-04 08:00:00.000
1714824000000,5e-05,2024-05-04 12:00:00.000
1714838400000,0.00014616,2024-05-04 16:00:00.000
1714852800000,0.00015722,2024-05-04 20:00:00.000
1714867200000,6.848e-05,2024-05-05 00:00:00.000
1714881600000,5e-05,2024-05-05 04:00:00.000
1714896000000,0.00010788,2024-05-05 08:00:00.000
1714910400000,0.0002833,2024-05-05 12:00:00.000
1714924800000,0.00024566,2024-05-05 16:00:00.000
1714939200000,0.0001362,2024-05-05 20:00:00.000
1714953600000,0.00026184,2024-05-06 00:00:00.000
1714968000002,5e-05,2024-05-06 04:00:00.002
1714982400000,0.0001631,2024-05-06 08:00:00.000
1714996800000,0.00015378,2024-05-06 12:00:00.000
1715011200000,5e-05,2024-05-06 16:00:00.000
1715025600000,0.00017999,2024-05-06 20:00:00.000
1715040000000,5e-05,2024-05-07 00:00:00.000
1715054400000,5e-05,2024-05-07 04:00:00.000
1715068800000,0.00017046,2024-05-07 08:00:00.000
1715083200000,5e-05,2024-05-07 12:00:00.000
1715097600000,5e-05,2024-05-07 16:00:00.000
1715112000000,5e-05,2024-05-07 20:00:00.000
1715126400000,5e-05,2024-05-08 00:00:00.000
1715140800000,5e-05,2024-05-08 04:00:00.000
1715155200000,5e-05,2024-05-08 08:00:00.000
1715169600000,5e-05,2024-05-08 12:00:00.000
1715184000000,5e-05,2024-05-08 16:00:00.000
1715198400001,5e-05,2024-05-08 20:00:00.001
1715212800000,5e-05,2024-05-09 00:00:00.000
1715227200000,5e-05,2024-05-09 04:00:00.000
1715241600000,5e-05,2024-05-09 08:00:00.000
1715256000000,5e-05,2024-05-09 12:00:00.000
1715270400000,5e-05,2024-05-09 16:00:00.000
1715284800000,5e-05,2024-05-09 20:00:00.000
1715299200000,5e-05,2024-05-10 00:00:00.000
1715313600001,-0.00014062,2024-05-10 04:00:00.001
1715328000000,5e-05,2024-05-10 08:00:00.000
1715342400001,5e-05,2024-05-10 12:00:00.001
1715356800000,5e-05,2024-05-10 16:00:00.000
1715371200000,5e-05,2024-05-10 20:00:00.000
1715385600000,5e-05,2024-05-11 00:00:00.000
1715400000000,5e-05,2024-05-11 04:00:00.000
1715414400000,5e-05,2024-05-11 08:00:00.000
1715428800000,5e-05,2024-05-11 12:00:00.000
1715443200000,5e-05,2024-05-11 16:00:00.000
1715457600000,5e-05,2024-05-11 20:00:00.000
1715472000000,5e-05,2024-05-12 00:00:00.000
1715486400001,2.796e-05,2024-05-12 04:00:00.001
1715500800000,5e-05,2024-05-12 08:00:00.000
1715515200001,-1.3e-05,2024-05-12 12:00:00.001
1715529600000,5e-05,2024-05-12 16:00:00.000
1715544000000,5e-05,2024-05-12 20:00:00.000
1715558400001,5e-05,2024-05-13 00:00:00.001
1715572800000,-5.568e-05,2024-05-13 04:00:00.000
1715587200001,5e-05,2024-05-13 08:00:00.001
1715601600000,-5.081e-05,2024-05-13 12:00:00.000
1715616000000,5e-05,2024-05-13 16:00:00.000
1715630400000,5e-05,2024-05-13 20:00:00.000
1715644800000,5e-05,2024-05-14 00:00:00.000
1715659200000,5e-05,2024-05-14 04:00:00.000
1715673600000,5e-05,2024-05-14 08:00:00.000
1715688000000,5e-05,2024-05-14 12:00:00.000
1715702400000,5e-05,2024-05-14 16:00:00.000
1715716800000,5e-05,2024-05-14 20:00:00.000
1715731200000,7.18e-06,2024-05-15 00:00:00.000
1715745600000,3.351e-05,2024-05-15 04:00:00.000
1715760000000,5e-05,2024-05-15 08:00:00.000
1715774400000,5e-05,2024-05-15 12:00:00.000
1715788800000,5e-05,2024-05-15 16:00:00.000
1715803200000,5e-05,2024-05-15 20:00:00.000
1715817600004,5e-05,2024-05-16 00:00:00.004
1715832000000,0.00013402,2024-05-16 04:00:00.000
1715846400000,5e-05,2024-05-16 08:00:00.000
1715860800000,5e-05,2024-05-16 12:00:00.000
1715875200000,0.00013684,2024-05-16 16:00:00.000
1715889600000,5e-05,2024-05-16 20:00:00.000
1715904000000,5e-05,2024-05-17 00:00:00.000
1715918400002,5e-05,2024-05-17 04:00:00.002
1715932800000,0.00030973,2024-05-17 08:00:00.000
1715947200000,0.00028572,2024-05-17 12:00:00.000
1715961600000,7.829e-05,2024-05-17 16:00:00.000
1715976000000,0.00026939,2024-05-17 20:00:00.000
1715990400000,0.00015772,2024-05-18 00:00:00.000
1716004800000,0.00047106,2024-05-18 04:00:00.000
1716019200000,0.0002349,2024-05-18 08:00:00.000
1716033600000,0.00049259,2024-05-18 12:00:00.000
1716048000000,0.00021941,2024-05-18 16:00:00.000
1716062400000,5e-05,2024-05-18 20:00:00.000
1716076800000,5e-05,2024-05-19 00:00:00.000
1716091200000,5e-05,2024-05-19 04:00:00.000
1716105600000,5e-05,2024-05-19 08:00:00.000
1716120000000,6.192e-05,2024-05-19 12:00:00.000
1716134400000,5e-05,2024-05-19 16:00:00.000
1716148800001,5e-05,2024-05-19 20:00:00.001
1716163200000,5e-05,2024-05-20 00:00:00.000
1716177600000,5e-05,2024-05-20 04:00:00.000
1716192000000,5e-05,2024-05-20 08:00:00.000
1716206400001,5e-05,2024-05-20 12:00:00.001
1716220800003,5e-05,2024-05-20 16:00:00.003
1716235200004,0.00010506,2024-05-20 20:00:00.004
1716249600000,0.00021666,2024-05-21 00:00:00.000
1716264000000,0.00033835,2024-05-21 04:00:00.000
1716278400001,0.00010103,2024-05-21 08:00:00.001
1716292800001,0.00046253,2024-05-21 12:00:00.001
1716307200000,0.00045298,2024-05-21 16:00:00.000
1716321600000,0.00029488,2024-05-21 20:00:00.000
1716336000000,0.00012274,2024-05-22 00:00:00.000
1716350400000,0.00028291,2024-05-22 04:00:00.000
1716364800000,0.00027656,2024-05-22 08:00:00.000
1716379200000,0.00023366,2024-05-22 12:00:00.000
1716393600000,0.00025156,2024-05-22 16:00:00.000
1716408000000,7.474e-05,2024-05-22 20:00:00.000
1716422400000,0.00015845,2024-05-23 00:00:00.000
1716436800000,0.00024891,2024-05-23 04:00:00.000
1716451200000,0.0003191,2024-05-23 08:00:00.000
1716465600000,0.00011371,2024-05-23 12:00:00.000
1716480000000,8.468e-05,2024-05-23 16:00:00.000
1716494400000,7.628e-05,2024-05-23 20:00:00.000
1716508800000,5e-05,2024-05-24 00:00:00.000
1716523200000,0.00044811,2024-05-24 04:00:00.000
1716537600000,0.00038288,2024-05-24 08:00:00.000
1716552000000,7.441e-05,2024-05-24 12:00:00.000
1716566400000,0.00013782,2024-05-24 16:00:00.000
1716580800000,0.000226,2024-05-24 20:00:00.000
1716595200000,0.00037815,2024-05-25 00:00:00.000
1716609600000,0.00032634,2024-05-25 04:00:00.000
1716624000000,0.0004981,2024-05-25 08:00:00.000
1716638400001,5e-05,2024-05-25 12:00:00.001
1716652800000,0.00029294,2024-05-25 16:00:00.000
1716667200006,5e-05,2024-05-25 20:00:00.006
1716681600000,5e-05,2024-05-26 00:00:00.000
1716696000000,0.00029165,2024-05-26 04:00:00.000
1716710400000,0.00036618,2024-05-26 08:00:00.000
1716724800000,0.00041029,2024-05-26 12:00:00.000
1716739200000,0.00025989,2024-05-26 16:00:00.000
1716753600000,0.00052084,2024-05-26 20:00:00.000
1716768000000,0.00030767,2024-05-27 00:00:00.000
1716782400000,0.0002989,2024-05-27 04:00:00.000
1716796800000,0.00055068,2024-05-27 08:00:00.000
1716811200000,0.00027454,2024-05-27 12:00:00.000
1716825600000,0.00039341,2024-05-27 16:00:00.000
1716840000000,0.00013895,2024-05-27 20:00:00.000
1716854400000,8.538e-05,2024-05-28 00:00:00.000
1716868800000,0.00016527,2024-05-28 04:00:00.000
1716883200000,0.00020135,2024-05-28 08:00:00.000
1716897600000,0.00018396,2024-05-28 12:00:00.000
1716912000000,0.00033616,2024-05-28 16:00:00.000
1716926400000,0.00040296,2024-05-28 20:00:00.000
1716940800001,0.00026558,2024-05-29 00:00:00.001
1716955200000,0.00020791,2024-05-29 04:00:00.000
1716969600000,0.00016316,2024-05-29 08:00:00.000
1716984000000,8.378e-05,2024-05-29 12:00:00.000
1716998400000,5e-05,2024-05-29 16:00:00.000
1717012800000,5e-05,2024-05-29 20:00:00.000
1717027200000,5e-05,2024-05-30 00:00:00.000
1717041600000,5e-05,2024-05-30 04:00:00.000
1717056000000,0.00014451,2024-05-30 08:00:00.000
1717070400001,5e-05,2024-05-30 12:00:00.001
1717084800000,5e-05,2024-05-30 16:00:00.000
1717099200001,5e-05,2024-05-30 20:00:00.001
1717113600000,5.372e-05,2024-05-31 00:00:00.000
1717128000000,0.00012508,2024-05-31 04:00:00.000
1717142400000,6.949e-05,2024-05-31 08:00:00.000
1717156800001,0.00017745,2024-05-31 12:00:00.001
1717171200000,0.00013856,2024-05-31 16:00:00.000
1717185600000,0.00013404,2024-05-31 20:00:00.000
1717200000000,0.00013675,2024-06-01 00:00:00.000
1717214400000,0.00026529,2024-06-01 04:00:00.000
1717228800000,0.00012964,2024-06-01 08:00:00.000
1717243200000,0.0002385,2024-06-01 12:00:00.000
1717257600001,0.00021729,2024-06-01 16:00:00.001
1717272000000,0.00011169,2024-06-01 20:00:00.000
1717286400000,0.00014639,2024-06-02 00:00:00.000
1717300800000,0.00057357,2024-06-02 04:00:00.000
1717315200000,0.00022156,2024-06-02 08:00:00.000
1717329600000,0.00021587,2024-06-02 12:00:00.000
1717344000000,5e-05,2024-06-02 16:00:00.000
1717358400001,8.588e-05,2024-06-02 20:00:00.001
1717372800000,5e-05,2024-06-03 00:00:00.000
1717387200000,5e-05,2024-06-03 04:00:00.000
1717401600000,5e-05,2024-06-03 08:00:00.000
1717416000000,5.254e-05,2024-06-03 12:00:00.000
1717430400000,5e-05,2024-06-03 16:00:00.000
1717444800000,0.00015193,2024-06-03 20:00:00.000
1717459200000,5e-05,2024-06-04 00:00:00.000
1717473600000,5e-05,2024-06-04 04:00:00.000
1717488000000,0.00010433,2024-06-04 08:00:00.000
1717502400001,0.00027069,2024-06-04 12:00:00.001
1717516800000,0.00010921,2024-06-04 16:00:00.000
1717531200000,0.00011287,2024-06-04 20:00:00.000
1717545600000,0.00013162,2024-06-05 00:00:00.000
1717560000000,5e-05,2024-06-05 04:00:00.000
1717574400000,0.00013534,2024-06-05 08:00:00.000
1717588800001,6.324e-05,2024-06-05 12:00:00.001
1717603200000,5e-05,2024-06-05 16:00:00.000
1717617600000,5e-05,2024-06-05 20:00:00.000
1717632000000,5e-05,2024-06-06 00:00:00.000
1717646400000,0.00010498,2024-06-06 04:00:00.000
1717660800008,5e-05,2024-06-06 08:00:00.008
1717675200000,0.00017946,2024-06-06 12:00:00.000
1717689600000,8.884e-05,2024-06-06 16:00:00.000
1717704000000,5.334e-05,2024-06-06 20:00:00.000
1717718400000,0.00015692,2024-06-07 00:00:00.000
1717732800002,0.00021773,2024-06-07 04:00:00.002
1717747200000,0.00024861,2024-06-07 08:00:00.000
1717761600000,0.00032344,2024-06-07 12:00:00.000
1717776000000,0.00019973,2024-06-07 16:00:00.000
1717790400000,5e-05,2024-06-07 20:00:00.000
1717804800000,5e-05,2024-06-08 00:00:00.000
1717819200000,5e-05,2024-06-08 04:00:00.000
1717833600000,5e-05,2024-06-08 08:00:00.000
1717848000000,7.506e-05,2024-06-08 12:00:00.000
1717862400000,5.731e-05,2024-06-08 16:00:00.000
1717876800000,5e-05,2024-06-08 20:00:00.000
1717891200000,5e-05,2024-06-09 00:00:00.000
1717905600000,5e-05,2024-06-09 04:00:00.000
1717920000000,5e-05,2024-06-09 08:00:00.000
1717934400000,5e-05,2024-06-09 12:00:00.000
1717948800001,5e-05,2024-06-09 16:00:00.001
1717963200000,5e-05,2024-06-09 20:00:00.000
1717977600000,5e-05,2024-06-10 00:00:00.000
1717992000000,5e-05,2024-06-10 04:00:00.000
1718006400000,5e-05,2024-06-10 08:00:00.000
1718020800000,5e-05,2024-06-10 12:00:00.000
1718035200001,5e-05,2024-06-10 16:00:00.001
1718049600000,5e-05,2024-06-10 20:00:00.000
1718064000001,0.00010659,2024-06-11 00:00:00.001
1718078400000,5e-05,2024-06-11 04:00:00.000
1718092800000,0.00019459,2024-06-11 08:00:00.000
1718107200001,5e-05,2024-06-11 12:00:00.001
1718121600000,5e-05,2024-06-11 16:00:00.000
1718136000000,5e-05,2024-06-11 20:00:00.000
1718150400000,5e-05,2024-06-12 00:00:00.000
1718164800000,5e-05,2024-06-12 04:00:00.000
1718179200000,5e-05,2024-06-12 08:00:00.000
1718193600001,5e-05,2024-06-12 12:00:00.001
1718208000000,5e-05,2024-06-12 16:00:00.000
1718222400000,0.00010719,2024-06-12 20:00:00.000
1718236800000,5e-05,2024-06-13 00:00:00.000
1718251200000,5e-05,2024-06-13 04:00:00.000
1718265600001,5e-05,2024-06-13 08:00:00.001
1718280000000,5e-05,2024-06-13 12:00:00.000
1718294400000,2.764e-05,2024-06-13 16:00:00.000
1718308800000,-8.798e-05,2024-06-13 20:00:00.000
1718323200000,-4.94e-05,2024-06-14 00:00:00.000
1718337600000,-0.00040664,2024-06-14 04:00:00.000
1718352000000,-0.00013178,2024-06-14 08:00:00.000
1718366400001,-3.393e-05,2024-06-14 12:00:00.001
1718380800000,-3.992e-05,2024-06-14 16:00:00.000
1718395200000,5e-05,2024-06-14 20:00:00.000
1718409600000,-7.628e-05,2024-06-15 00:00:00.000
1718424000000,5e-05,2024-06-15 04:00:00.000
1718438400000,5e-05,2024-06-15 08:00:00.000
1718452800000,5e-05,2024-06-15 12:00:00.000
1718467200000,5e-05,2024-06-15 16:00:00.000
1718481600000,5e-05,2024-06-15 20:00:00.000
1718496000001,-0.000157,2024-06-16 00:00:00.001
1718510400000,-0.00023523,2024-06-16 04:00:00.000
1718524800000,5e-05,2024-06-16 08:00:00.000
1718539200000,5e-05,2024-06-16 12:00:00.000
1718553600000,-0.00017522,2024-06-16 16:00:00.000
1718568000000,5e-05,2024-06-16 20:00:00.000
1718582400000,5e-05,2024-06-17 00:00:00.000
1718596800000,-0.00021922,2024-06-17 04:00:00.000
1718611200000,5e-05,2024-06-17 08:00:00.000
1718625600000,5e-05,2024-06-17 12:00:00.000
1718640000000,5e-05,2024-06-17 16:00:00.000
1718654400000,-0.00015787,2024-06-17 20:00:00.000
1718668800000,5e-05,2024-06-18 00:00:00.000
1718683200000,5e-05,2024-06-18 04:00:00.000
1718697600000,-0.0002093,2024-06-18 08:00:00.000
1718712000000,5e-05,2024-06-18 12:00:00.000
1718726400000,5e-05,2024-06-18 16:00:00.000
1718740800000,5e-05,2024-06-18 20:00:00.000
1718755200001,-0.00073024,2024-06-19 00:00:00.001
1718769600000,5e-05,2024-06-19 04:00:00.000
1718784000001,-0.00017052,2024-06-19 08:00:00.001
1718798400000,5e-05,2024-06-19 12:00:00.000
1718812800000,5e-05,2024-06-19 16:00:00.000
1718827200000,5e-05,2024-06-19 20:00:00.000
1718841600000,5e-05,2024-06-20 00:00:00.000
1718856000001,5e-05,2024-06-20 04:00:00.001
1718870400000,5e-05,2024-06-20 08:00:00.000
1718884800000,5e-05,2024-06-20 12:00:00.000
1718899200000,5e-05,2024-06-20 16:00:00.000
1718913600000,5e-05,2024-06-20 20:00:00.000
1718928000000,5e-05,2024-06-21 00:00:00.000
1718942400001,5e-05,2024-06-21 04:00:00.001
1718956800000,5e-05,2024-06-21 08:00:00.000
1718971200001,5e-05,2024-06-21 12:00:00.001
1718985600000,5e-05,2024-06-21 16:00:00.000
1719000000000,5e-05,2024-06-21 20:00:00.000
1719014400000,5e-05,2024-06-22 00:00:00.000
1719028800000,-4.769e-05,2024-06-22 04:00:00.000
1719043200000,5e-05,2024-06-22 08:00:00.000
1719057600001,5e-05,2024-06-22 12:00:00.001
1719072000000,5e-05,2024-06-22 16:00:00.000
1719086400000,5e-05,2024-06-22 20:00:00.000
1719100800000,5e-05,2024-06-23 00:00:00.000
1719115200000,-0.00012271,2024-06-23 04:00:00.000
1719129600000,5e-05,2024-06-23 08:00:00.000
1719144000000,-0.00022917,2024-06-23 12:00:00.000
1719158400000,4.013e-05,2024-06-23 16:00:00.000
1719172800000,-3.44e-05,2024-06-23 20:00:00.000
1719187200002,5e-05,2024-06-24 00:00:00.002
1719201600000,5e-05,2024-06-24 04:00:00.000
1719216000000,-0.00023075,2024-06-24 08:00:00.000
1719230400001,5e-05,2024-06-24 12:00:00.001
1719244800000,-0.00019111,2024-06-24 16:00:00.000
1719259200000,-0.00035126,2024-06-24 20:00:00.000
1719273600000,5e-05,2024-06-25 00:00:00.000
1719288000000,-7.351e-05,2024-06-25 04:00:00.000
1719302400000,5e-05,2024-06-25 08:00:00.000
1719316800007,5e-05,2024-06-25 12:00:00.007
1719331200000,5e-05,2024-06-25 16:00:00.000
1719345600004,5e-05,2024-06-25 20:00:00.004
1719360000002,5e-05,2024-06-26 00:00:00.002
1719374400000,5e-05,2024-06-26 04:00:00.000
1719388800000,5e-05,2024-06-26 08:00:00.000
1719403200002,5e-05,2024-06-26 12:00:00.002
1719417600000,5e-05,2024-06-26 16:00:00.000
1719432000000,5e-05,2024-06-26 20:00:00.000
1719446400000,5e-05,2024-06-27 00:00:00.000
1719460800000,5e-05,2024-06-27 04:00:00.000
1719475200001,5e-05,2024-06-27 08:00:00.001
1719489600000,5e-05,2024-06-27 12:00:00.000
1719504000000,5e-05,2024-06-27 16:00:00.000
1719518400000,5e-05,2024-06-27 20:00:00.000
1719532800000,5e-05,2024-06-28 00:00:00.000
1719547200000,5e-05,2024-06-28 04:00:00.000
1719561600000,5e-05,2024-06-28 08:00:00.000
1719576000000,5e-05,2024-06-28 12:00:00.000
1719590400000,5e-05,2024-06-28 16:00:00.000
1719604800000,5e-05,2024-06-28 20:00:00.000
1719619200001,5e-05,2024-06-29 00:00:00.001
1719633600000,-5.08e-06,2024-06-29 04:00:00.000
1719648000000,5e-05,2024-06-29 08:00:00.000
1719662400000,5e-05,2024-06-29 12:00:00.000
1719676800000,5e-05,2024-06-29 16:00:00.000
1719691200000,5e-05,2024-06-29 20:00:00.000
1719705600000,5e-05,2024-06-30 00:00:00.000
1719720000000,5e-05,2024-06-30 04:00:00.000
1719734400000,-6.57e-06,2024-06-30 08:00:00.000
1719748800000,5e-05,2024-06-30 12:00:00.000
1719763200000,5e-05,2024-06-30 16:00:00.000
1719777600004,5e-05,2024-06-30 20:00:00.004
1719792000000,5e-05,2024-07-01 00:00:00.000
1719806400001,5e-05,2024-07-01 04:00:00.001
1719820800000,5e-05,2024-07-01 08:00:00.000
1719835200000,5e-05,2024-07-01 12:00:00.000
1719849600001,5e-05,2024-07-01 16:00:00.001
1719864000000,5e-05,2024-07-01 20:00:00.000
1719878400000,5e-05,2024-07-02 00:00:00.000
1719892800001,6.031e-05,2024-07-02 04:00:00.001
1719907200000,5e-05,2024-07-02 08:00:00.000
1719921600000,8.356e-05,2024-07-02 12:00:00.000
1719936000000,5e-05,2024-07-02 16:00:00.000
1719950400000,5e-05,2024-07-02 20:00:00.000
1719964800000,6.345e-05,2024-07-03 00:00:00.000
1719979200000,5e-05,2024-07-03 04:00:00.000
1719993600001,5e-05,2024-07-03 08:00:00.001
1720008000001,5e-05,2024-07-03 12:00:00.001
1720022400000,5e-05,2024-07-03 16:00:00.000
1720036800000,5e-05,2024-07-03 20:00:00.000
1720051200000,5e-05,2024-07-04 00:00:00.000
1720065600000,5e-05,2024-07-04 04:00:00.000
1720080000000,5e-05,2024-07-04 08:00:00.000
1720094400000,5e-05,2024-07-04 12:00:00.000
1720108800000,5e-05,2024-07-04 16:00:00.000
1720123200000,-7.817e-05,2024-07-04 20:00:00.000
1720137600000,-9.007e-05,2024-07-05 00:00:00.000
1720152000000,-0.00033021,2024-07-05 04:00:00.000
1720166400000,-0.000116,2024-07-05 08:00:00.000
1720180800001,-0.00018761,2024-07-05 12:00:00.001
1720195200000,-0.00015194,2024-07-05 16:00:00.000
1720209600001,-7.156e-05,2024-07-05 20:00:00.001
1720224000000,-1.994e-05,2024-07-06 00:00:00.000
1720238400003,2.842e-05,2024-07-06 04:00:00.003
1720252800000,-0.00010157,2024-07-06 08:00:00.000
1720267200000,-0.00034339,2024-07-06 12:00:00.000
1720281600000,-0.00025532,2024-07-06 16:00:00.000
1720296000000,-0.00038663,2024-07-06 20:00:00.000
1720310400001,-0.00027915,2024-07-07 00:00:00.001
1720324800000,-7.876e-05,2024-07-07 04:00:00.000
1720339200000,-5.672e-05,2024-07-07 08:00:00.000
1720353600000,5e-05,2024-07-07 12:00:00.000
1720368000000,-0.00022153,2024-07-07 16:00:00.000
1720382400000,-0.00044926,2024-07-07 20:00:00.000
1720396800000,-0.00027841,2024-07-08 00:00:00.000
1720411200000,-0.00022265,2024-07-08 04:00:00.000
1720425600000,-0.00015273,2024-07-08 08:00:00.000
1720440000000,-1.486e-05,2024-07-08 12:00:00.000
1720454400000,-3.613e-05,2024-07-08 16:00:00.000
1720468800000,-0.00019581,2024-07-08 20:00:00.000
1720483200000,-0.00020171,2024-07-09 00:00:00.000
1720497600000,-0.00019467,2024-07-09 04:00:00.000
1720512000001,-0.00015686,2024-07-09 08:00:00.001
1720526400000,-0.00013741,2024-07-09 12:00:00.000
1720540800000,5e-05,2024-07-09 16:00:00.000
1720555200000,-9.088e-05,2024-07-09 20:00:00.000
1720569600000,-3.83e-06,2024-07-10 00:00:00.000
1720584000000,5e-05,2024-07-10 04:00:00.000
1720598400000,2.666e-05,2024-07-10 08:00:00.000
1720612800000,5e-05,2024-07-10 12:00:00.000
1720627200000,-4.342e-05,2024-07-10 16:00:00.000
1720641600002,-5.57e-05,2024-07-10 20:00:00.002
1720656000002,-0.00044757,2024-07-11 00:00:00.002
1720670400000,-3.219e-05,2024-07-11 04:00:00.000
1720684800002,-2.452e-05,2024-07-11 08:00:00.002
1720699200000,-0.00011508,2024-07-11 12:00:00.000
1720713600004,5e-05,2024-07-11 16:00:00.004
1720728000000,3.278e-05,2024-07-11 20:00:00.000
1720742400000,-0.00022397,2024-07-12 00:00:00.000
1720756800003,5e-05,2024-07-12 04:00:00.003
1720771200000,5e-05,2024-07-12 08:00:00.000
1720785600000,5e-05,2024-07-12 12:00:00.000
1720800000000,-0.00018362,2024-07-12 16:00:00.000
1720814400000,1.591e-05,2024-07-12 20:00:00.000
1720828800000,1.005e-05,2024-07-13 00:00:00.000
1720843200001,5e-05,2024-07-13 04:00:00.001
1720857600000,5e-05,2024-07-13 08:00:00.000
1720872000000,-1.516e-05,2024-07-13 12:00:00.000
1720886400000,-4.657e-05,2024-07-13 16:00:00.000
1720900800000,-9.039e-05,2024-07-13 20:00:00.000
1720915200000,-0.00013899,2024-07-14 00:00:00.000
1720929600001,-0.0001327,2024-07-14 04:00:00.001
1720944000000,-0.00023971,2024-07-14 08:00:00.000
1720958400000,5e-05,2024-07-14 12:00:00.000
1720972800000,5e-05,2024-07-14 16:00:00.000
1720987200000,-0.00020765,2024-07-14 20:00:00.000
1721001600000,3.947e-05,2024-07-15 00:00:00.000
1721016000000,5e-05,2024-07-15 04:00:00.000
1721030400000,-2.358e-05,2024-07-15 08:00:00.000
1721044800000,-1.37e-05,2024-07-15 12:00:00.000
1721059200000,-0.00026293,2024-07-15 16:00:00.000
1721073600000,-0.00025891,2024-07-15 20:00:00.000
1721088000000,-3.552e-05,2024-07-16 00:00:00.000
1721102400001,5e-05,2024-07-16 04:00:00.001
1721116800000,3.411e-05,2024-07-16 08:00:00.000
1721131200000,5e-05,2024-07-16 12:00:00.000
1721145600000,5e-05,2024-07-16 16:00:00.000
1721160000000,2.008e-05,2024-07-16 20:00:00.000
1721174400000,5e-05,2024-07-17 00:00:00.000
1721188800000,5e-05,2024-07-17 04:00:00.000
1721203200001,5e-05,2024-07-17 08:00:00.001
1721217600000,5e-05,2024-07-17 12:00:00.000
1721232000000,5e-05,2024-07-17 16:00:00.000
1721246400000,5e-05,2024-07-17 20:00:00.000
1721260800000,5e-05,2024-07-18 00:00:00.000
1721275200001,5e-05,2024-07-18 04:00:00.001
1721289600000,5e-05,2024-07-18 08:00:00.000
1721304000000,5e-05,2024-07-18 12:00:00.000
1721318400000,5e-05,2024-07-18 16:00:00.000
1721332800000,5e-05,2024-07-18 20:00:00.000
1721347200000,-0.00010317,2024-07-19 00:00:00.000
1721361600000,5e-05,2024-07-19 04:00:00.000
1721376000000,5e-05,2024-07-19 08:00:00.000
1721390400000,5e-05,2024-07-19 12:00:00.000
1721404800000,-2.592e-05,2024-07-19 16:00:00.000
1721419200000,5e-05,2024-07-19 20:00:00.000
1721433600001,5e-05,2024-07-20 00:00:00.001
1721448000000,5e-05,2024-07-20 04:00:00.000
1721462400000,5e-05,2024-07-20 08:00:00.000
1721476800000,5e-05,2024-07-20 12:00:00.000
1721491200000,5e-05,2024-07-20 16:00:00.000
1721505600000,5e-05,2024-07-20 20:00:00.000
1721520000000,5e-05,2024-07-21 00:00:00.000
1721534400000,5e-05,2024-07-21 04:00:00.000
1721548800000,5e-05,2024-07-21 08:00:00.000
1721563200000,5e-05,2024-07-21 12:00:00.000
1721577600000,5e-05,2024-07-21 16:00:00.000
1721592000000,5e-05,2024-07-21 20:00:00.000
1721606400000,5e-05,2024-07-22 00:00:00.000
1721620800000,5e-05,2024-07-22 04:00:00.000
1721635200000,5e-05,2024-07-22 08:00:00.000
1721649600000,-9.742e-05,2024-07-22 12:00:00.000
1721664000000,-0.00019915,2024-07-22 16:00:00.000
1721678400000,5e-05,2024-07-22 20:00:00.000
1721692800000,5e-05,2024-07-23 00:00:00.000
1721707200000,5e-05,2024-07-23 04:00:00.000
1721721600000,5e-05,2024-07-23 08:00:00.000
1721736000000,5e-05,2024-07-23 12:00:00.000
1721750400000,5e-05,2024-07-23 16:00:00.000
1721764800000,5e-05,2024-07-23 20:00:00.000
1721779200000,5e-05,2024-07-24 00:00:00.000
1721793600000,5e-05,2024-07-24 04:00:00.000
1721808000000,-0.00010498,2024-07-24 08:00:00.000
1721822400000,-0.0001969,2024-07-24 12:00:00.000
1721836800000,-0.00014474,2024-07-24 16:00:00.000
1721851200000,-0.00013792,2024-07-24 20:00:00.000
1721865600000,5e-05,2024-07-25 00:00:00.000
1721880000000,-2.186e-05,2024-07-25 04:00:00.000
1721894400000,-0.00025918,2024-07-25 08:00:00.000
1721908800001,1.325e-05,2024-07-25 12:00:00.001
1721923200000,5e-05,2024-07-25 16:00:00.000
1721937600001,-7.793e-05,2024-07-25 20:00:00.001
1721952000000,-0.00016573,2024-07-26 00:00:00.000
1721966400000,7.69e-06,2024-07-26 04:00:00.000
1721980800000,2.658e-05,2024-07-26 08:00:00.000
1721995200000,-5.805e-05,2024-07-26 12:00:00.000
1722009600000,-0.00011185,2024-07-26 16:00:00.000
1722024000000,-1.468e-05,2024-07-26 20:00:00.000
1722038400000,5e-05,2024-07-27 00:00:00.000
1722052800000,5e-05,2024-07-27 04:00:00.000
1722067200000,5e-05,2024-07-27 08:00:00.000
1722081600000,5e-05,2024-07-27 12:00:00.000
1722096000000,5e-05,2024-07-27 16:00:00.000
1722110400000,5e-05,2024-07-27 20:00:00.000
1722124800000,5e-05,2024-07-28 00:00:00.000
1722139200000,5e-05,2024-07-28 04:00:00.000
1722153600000,5e-05,2024-07-28 08:00:00.000
1722168000000,5e-05,2024-07-28 12:00:00.000
1722182400001,5e-05,2024-07-28 16:00:00.001
1722196800000,5e-05,2024-07-28 20:00:00.000
1722211200001,5e-05,2024-07-29 00:00:00.001
1722225600001,5e-05,2024-07-29 04:00:00.001
1722240000000,5e-05,2024-07-29 08:00:00.000
1722254400000,5e-05,2024-07-29 12:00:00.000
1722268800001,5e-05,2024-07-29 16:00:00.001
1722283200000,5e-05,2024-07-29 20:00:00.000
1722297600000,5e-05,2024-07-30 00:00:00.000
1722312000000,5e-05,2024-07-30 04:00:00.000
1722326400001,5e-05,2024-07-30 08:00:00.001
1722340800000,5e-05,2024-07-30 12:00:00.000
1722355200000,5e-05,2024-07-30 16:00:00.000
1722369600000,5e-05,2024-07-30 20:00:00.000
1722384000000,-0.00029418,2024-07-31 00:00:00.000
1722398400000,-0.00016129,2024-07-31 04:00:00.000
1722412800000,5e-05,2024-07-31 08:00:00.000
1722427200000,5e-05,2024-07-31 12:00:00.000
1722441600000,5e-05,2024-07-31 16:00:00.000
1722456000000,4.59e-05,2024-07-31 20:00:00.000
1722470400000,1.145e-05,2024-08-01 00:00:00.000
1722484800000,2.709e-05,2024-08-01 04:00:00.000
1722499200000,4.557e-05,2024-08-01 08:00:00.000
1722513600000,5e-05,2024-08-01 12:00:00.000
1722528000000,-0.00010403,2024-08-01 16:00:00.000
1722542400001,-6.614e-05,2024-08-01 20:00:00.001
1722556800000,5e-05,2024-08-02 00:00:00.000
1722571200000,5e-05,2024-08-02 04:00:00.000
1722585600001,-0.00024572,2024-08-02 08:00:00.001
1722600000000,-0.00017866,2024-08-02 12:00:00.000
1722614400000,-0.0003161,2024-08-02 16:00:00.000
1722628800000,-0.00042271,2024-08-02 20:00:00.000
1722643200000,-1.72e-05,2024-08-03 00:00:00.000
1722657600000,5e-05,2024-08-03 04:00:00.000
1722672000000,-0.00027018,2024-08-03 08:00:00.000
1722686400000,-0.0002949,2024-08-03 12:00:00.000
1722700800001,-0.00027321,2024-08-03 16:00:00.001
1722715200000,-0.00013094,2024-08-03 20:00:00.000
1722729600000,-0.0002371,2024-08-04 00:00:00.000
1722744000000,2.458e-05,2024-08-04 04:00:00.000
1722758400000,3.027e-05,2024-08-04 08:00:00.000
1722772800000,5e-05,2024-08-04 12:00:00.000
1722787200000,-1.223e-05,2024-08-04 16:00:00.000
1722801600000,-0.00010905,2024-08-04 20:00:00.000
1722816000000,3.513e-05,2024-08-05 00:00:00.000
1722830400000,-0.00089329,2024-08-05 04:00:00.000
1722844800000,5e-05,2024-08-05 08:00:00.000
1722859200000,5e-05,2024-08-05 12:00:00.000
1722873600000,-0.00096488,2024-08-05 16:00:00.000
1722888000000,-0.00065628,2024-08-05 20:00:00.000
1722902400000,-0.00062042,2024-08-06 00:00:00.000
1722916800001,-0.00140922,2024-08-06 04:00:00.001
1722931200000,-0.00132847,2024-08-06 08:00:00.000
1722945600000,-0.00083589,2024-08-06 12:00:00.000
1722960000000,-0.00055722,2024-08-06 16:00:00.000
1722974400000,-0.00026962,2024-08-06 20:00:00.000
1722988800000,-0.00064607,2024-08-07 00:00:00.000
1723003200000,-0.00051957,2024-08-07 04:00:00.000
1723017600001,-0.0005776,2024-08-07 08:00:00.001
1723032000000,-0.00016167,2024-08-07 12:00:00.000
1723046400000,3.236e-05,2024-08-07 16:00:00.000
1723060800000,5e-05,2024-08-07 20:00:00.000
1723075200001,-0.00019276,2024-08-08 00:00:00.001
1723089600000,-0.00044228,2024-08-08 04:00:00.000
1723104000000,7.35e-06,2024-08-08 08:00:00.000
1723118400000,5e-05,2024-08-08 12:00:00.000
1723132800000,-0.0001835,2024-08-08 16:00:00.000
1723147200000,-5.65e-05,2024-08-08 20:00:00.000
1723161600000,-0.00024228,2024-08-09 00:00:00.000
1723176000000,-1.886e-05,2024-08-09 04:00:00.000
1723190400000,-0.00038534,2024-08-09 08:00:00.000
1723204800000,-4.25e-06,2024-08-09 12:00:00.000
1723219200000,-9.482e-05,2024-08-09 16:00:00.000
1723233600001,5e-05,2024-08-09 20:00:00.001
1723248000000,-5.082e-05,2024-08-10 00:00:00.000
1723262400000,-0.00015162,2024-08-10 04:00:00.000
1723276800000,1.539e-05,2024-08-10 08:00:00.000
1723291200000,5e-05,2024-08-10 12:00:00.000
1723305600000,-0.00031223,2024-08-10 16:00:00.000
1723320000001,-0.00020798,2024-08-10 20:00:00.001
1723334400000,-0.00022504,2024-08-11 00:00:00.000
1723348800000,-0.00018609,2024-08-11 04:00:00.000
1723363200000,-0.00013633,2024-08-11 08:00:00.000
1723377600000,-8.864e-05,2024-08-11 12:00:00.000
1723392000001,-0.00021242,2024-08-11 16:00:00.001
1723406400000,-0.00018395,2024-08-11 20:00:00.000
1723420800000,2.28e-05,2024-08-12 00:00:00.000
1723435200000,-0.00014375,2024-08-12 04:00:00.000
1723449600000,-1.045e-05,2024-08-12 08:00:00.000
1723464000000,-0.00028411,2024-08-12 12:00:00.000
1723478400000,-4.564e-05,2024-08-12 16:00:00.000
1723492800000,5e-05,2024-08-12 20:00:00.000
1723507200000,-0.00029311,2024-08-13 00:00:00.000
1723521600001,-0.00012963,2024-08-13 04:00:00.001
1723536000000,-0.00023123,2024-08-13 08:00:00.000
1723550400000,1.177e-05,2024-08-13 12:00:00.000
1723564800000,2.789e-05,2024-08-13 16:00:00.000
1723579200000,5e-05,2024-08-13 20:00:00.000
1723593600000,5e-05,2024-08-14 00:00:00.000
1723608000000,2.668e-05,2024-08-14 04:00:00.000
1723622400000,2.46e-05,2024-08-14 08:00:00.000
1723636800000,-0.00035625,2024-08-14 12:00:00.000
1723651200000,-0.00021266,2024-08-14 16:00:00.000
1723665600000,-0.00024324,2024-08-14 20:00:00.000
1723680000000,5e-05,2024-08-15 00:00:00.000
1723694400000,7.7e-07,2024-08-15 04:00:00.000
1723708800000,4.978e-05,2024-08-15 08:00:00.000
1723723200000,-0.00022387,2024-08-15 12:00:00.000
1723737600000,-0.00018432,2024-08-15 16:00:00.000
1723752000000,-0.00022386,2024-08-15 20:00:00.000
1723766400000,-0.00030405,2024-08-16 00:00:00.000
1723780800001,-7.8e-05,2024-08-16 04:00:00.001
1723795200000,1.544e-05,2024-08-16 08:00:00.000
1723809600000,-4.698e-05,2024-08-16 12:00:00.000
1723824000000,-1.745e-05,2024-08-16 16:00:00.000
1723838400000,-0.00030156,2024-08-16 20:00:00.000
1723852800000,-0.00022758,2024-08-17 00:00:00.000
1723867200000,-0.00025639,2024-08-17 04:00:00.000
1723881600000,-0.00023046,2024-08-17 08:00:00.000
1723896000000,-0.00016344,2024-08-17 12:00:00.000
1723910400000,-0.00030079,2024-08-17 16:00:00.000
1723924800000,-0.00018707,2024-08-17 20:00:00.000
1723939200000,-0.0001702,2024-08-18 00:00:00.000
1723953600001,-0.00050351,2024-08-18 04:00:00.001
1723968000000,-0.00042302,2024-08-18 08:00:00.000
1723982400000,-0.00015957,2024-08-18 12:00:00.000
1723996800000,-0.0003947,2024-08-18 16:00:00.000
1724011200000,-0.00023012,2024-08-18 20:00:00.000
1724025600000,-0.00033412,2024-08-19 00:00:00.000
1724040000000,-0.00084956,2024-08-19 04:00:00.000
1724054400000,-0.00071816,2024-08-19 08:00:00.000
1724068800000,-0.00072034,2024-08-19 12:00:00.000
1724083200002,-0.00047732,2024-08-19 16:00:00.002
1724097600001,-0.00016724,2024-08-19 20:00:00.001
1724112000000,-0.00020264,2024-08-20 00:00:00.000
1724126400000,5e-05,2024-08-20 04:00:00.000
1724140800000,5e-05,2024-08-20 08:00:00.000
1724155200000,-1.18e-05,2024-08-20 12:00:00.000
1724169600001,-0.00024265,2024-08-20 16:00:00.001
1724184000000,-0.00055608,2024-08-20 20:00:00.000
1724198400001,-0.0004099,2024-08-21 00:00:00.001
1724212800001,-0.00010384,2024-08-21 04:00:00.001
1724227200000,-1.77e-06,2024-08-21 08:00:00.000
1724241600000,-8.03e-05,2024-08-21 12:00:00.000
1724256000001,-0.00023662,2024-08-21 16:00:00.001
1724270400001,5e-05,2024-08-21 20:00:00.001
1724284800000,5e-05,2024-08-22 00:00:00.000
1724299200000,5e-05,2024-08-22 04:00:00.000
1724313600000,5e-05,2024-08-22 08:00:00.000
1724328000001,5e-05,2024-08-22 12:00:00.001
1724342400008,2.745e-05,2024-08-22 16:00:00.008
1724356800000,5e-05,2024-08-22 20:00:00.000
1724371200000,5e-05,2024-08-23 00:00:00.000
1724385600000,5e-05,2024-08-23 04:00:00.000
1724400000000,5e-05,2024-08-23 08:00:00.000
1724414400001,5e-05,2024-08-23 12:00:00.001
1724428800000,-5.474e-05,2024-08-23 16:00:00.000
1724443200000,5e-05,2024-08-23 20:00:00.000
1724457600000,5e-05,2024-08-24 00:00:00.000
1724472000000,5e-05,2024-08-24 04:00:00.000
1724486400005,5e-05,2024-08-24 08:00:00.005
1724500800000,5e-05,2024-08-24 12:00:00.000
1724515200000,5e-05,2024-08-24 16:00:00.000
1724529600000,5e-05,2024-08-24 20:00:00.000
1724544000000,5e-05,2024-08-25 00:00:00.000
1724558400001,5e-05,2024-08-25 04:00:00.001
1724572800000,5e-05,2024-08-25 08:00:00.000
1724587200001,5e-05,2024-08-25 12:00:00.001
1724601600000,5e-05,2024-08-25 16:00:00.000
1724616000001,5e-05,2024-08-25 20:00:00.001
1724630400000,5e-05,2024-08-26 00:00:00.000
1724644800000,5e-05,2024-08-26 04:00:00.000
1724659200001,5e-05,2024-08-26 08:00:00.001
1724673600001,5e-05,2024-08-26 12:00:00.001
1724688000000,5e-05,2024-08-26 16:00:00.000
1724702400001,5e-05,2024-08-26 20:00:00.001
1724716800001,-0.00013127,2024-08-27 00:00:00.001
1724731200000,5e-05,2024-08-27 04:00:00.000
1724745600000,5e-05,2024-08-27 08:00:00.000
1724760000000,5e-05,2024-08-27 12:00:00.000
1724774400000,5e-05,2024-08-27 16:00:00.000
1724788800000,5e-05,2024-08-27 20:00:00.000
1724803200000,-0.00035868,2024-08-28 00:00:00.000
1724817600000,-0.00015932,2024-08-28 04:00:00.000
1724832000000,-0.00012999,2024-08-28 08:00:00.000
1724846400000,-0.00022085,2024-08-28 12:00:00.000
1724860800001,-1.361e-05,2024-08-28 16:00:00.001
1724875200000,5e-05,2024-08-28 20:00:00.000
1724889600000,-2.489e-05,2024-08-29 00:00:00.000
1724904000000,2.689e-05,2024-08-29 04:00:00.000
1724918400001,-2.099e-05,2024-08-29 08:00:00.001
1724932800001,5e-05,2024-08-29 12:00:00.001
1724947200000,4.528e-05,2024-08-29 16:00:00.000
1724961600000,5e-05,2024-08-29 20:00:00.000
1724976000000,5e-05,2024-08-30 00:00:00.000
1724990400000,5e-05,2024-08-30 04:00:00.000
1725004800000,5e-05,2024-08-30 08:00:00.000
1725019200001,-4.036e-05,2024-08-30 12:00:00.001
1725033600000,-0.00012979,2024-08-30 16:00:00.000
1725048000000,-0.00019631,2024-08-30 20:00:00.000
1725062400000,-0.00016309,2024-08-31 00:00:00.000
1725076800002,-0.0002241,2024-08-31 04:00:00.002
1725091200000,5e-05,2024-08-31 08:00:00.000
1725105600004,5e-05,2024-08-31 12:00:00.004
1725120000000,-8.403e-05,2024-08-31 16:00:00.000
1725134400001,-9.287e-05,2024-08-31 20:00:00.001
1725148800000,-2.25e-05,2024-09-01 00:00:00.000
1725163200000,3.69e-05,2024-09-01 04:00:00.000
1725177600001,5e-05,2024-09-01 08:00:00.001
1725192000000,-0.00010369,2024-09-01 12:00:00.000
1725206400000,-0.00017921,2024-09-01 16:00:00.000
1725220800000,-0.00022654,2024-09-01 20:00:00.000
1725235200001,-0.00024343,2024-09-02 00:00:00.001
1725249600001,-0.00023763,2024-09-02 04:00:00.001
1725264000001,-0.00020623,2024-09-02 08:00:00.001
1725278400000,-0.00021785,2024-09-02 12:00:00.000
1725292800000,-2.669e-05,2024-09-02 16:00:00.000
1725307200000,-4.746e-05,2024-09-02 20:00:00.000
1725321600000,-6.205e-05,2024-09-03 00:00:00.000
1725336000000,-0.00018785,2024-09-03 04:00:00.000
1725350400001,-6.661e-05,2024-09-03 08:00:00.001
1725364800000,-4.67e-06,2024-09-03 12:00:00.000
1725379200000,-0.00010511,2024-09-03 16:00:00.000
1725393600000,-7.421e-05,2024-09-03 20:00:00.000
1725408000000,5e-05,2024-09-04 00:00:00.000
1725422400000,-0.00011145,2024-09-04 04:00:00.000
1725436800000,7.9e-07,2024-09-04 08:00:00.000
1725451200000,5e-05,2024-09-04 12:00:00.000
1725465600000,-0.00012155,2024-09-04 16:00:00.000
1725480000001,5e-05,2024-09-04 20:00:00.001
1725494400000,3.35e-05,2024-09-05 00:00:00.000
1725508800002,5e-05,2024-09-05 04:00:00.002
1725523200000,5e-05,2024-09-05 08:00:00.000
1725537600000,5e-05,2024-09-05 12:00:00.000
1725552000005,3.083e-05,2024-09-05 16:00:00.005
1725566400000,-0.00013781,2024-09-05 20:00:00.000
1725580800000,7.1e-06,2024-09-06 00:00:00.000
1725595200001,-7.724e-05,2024-09-06 04:00:00.001
1725609600001,5e-05,2024-09-06 08:00:00.001
1725624000009,-2.7e-05,2024-09-06 12:00:00.009
1725638400000,-1.262e-05,2024-09-06 16:00:00.000
1725652800000,-0.00020057,2024-09-06 20:00:00.000
1725667200000,-7.573e-05,2024-09-07 00:00:00.000
1725681600000,-0.00018189,2024-09-07 04:00:00.000
1725696000000,-4.681e-05,2024-09-07 08:00:00.000
1725710400000,-0.00011038,2024-09-07 12:00:00.000
1725724800000,-0.00026811,2024-09-07 16:00:00.000
1725739200000,1.94e-06,2024-09-07 20:00:00.000
1725753600000,4.73e-06,2024-09-08 00:00:00.000
1725768000000,5e-05,2024-09-08 04:00:00.000
1725782400000,2.083e-05,2024-09-08 08:00:00.000
1725796800000,1.243e-05,2024-09-08 12:00:00.000
1725811200000,5e-05,2024-09-08 16:00:00.000
1725825600000,-0.00016319,2024-09-08 20:00:00.000
1725840000000,5e-05,2024-09-09 00:00:00.000
1725854400000,-8.811e-05,2024-09-09 04:00:00.000
1725868800000,-1.13e-05,2024-09-09 08:00:00.000
1725883200000,5e-05,2024-09-09 12:00:00.000
1725897600001,5e-05,2024-09-09 16:00:00.001
1725912000000,5e-05,2024-09-09 20:00:00.000
1725926400000,5e-05,2024-09-10 00:00:00.000
1725940800000,5e-05,2024-09-10 04:00:00.000
1725955200000,5e-05,2024-09-10 08:00:00.000
1725969600000,5e-05,2024-09-10 12:00:00.000
1725984000000,-2.911e-05,2024-09-10 16:00:00.000
1725998400000,5e-05,2024-09-10 20:00:00.000
1726012800000,5e-05,2024-09-11 00:00:00.000
1726027200000,4.123e-05,2024-09-11 04:00:00.000
1726041600000,-9.292e-05,2024-09-11 08:00:00.000
1726056000000,-0.0001989,2024-09-11 12:00:00.000
1726070400000,-0.00013008,2024-09-11 16:00:00.000
1726084800000,-0.00012232,2024-09-11 20:00:00.000
1726099200000,-0.00012266,2024-09-12 00:00:00.000
1726113600001,-2.066e-05,2024-09-12 04:00:00.001
1726128000000,-4.59e-06,2024-09-12 08:00:00.000
1726142400000,3.779e-05,2024-09-12 12:00:00.000
1726156800000,-2.121e-05,2024-09-12 16:00:00.000
1726171200000,1.133e-05,2024-09-12 20:00:00.000
1726185600000,5e-05,2024-09-13 00:00:00.000
1726200000000,-4.08e-06,2024-09-13 04:00:00.000
1726214400001,5e-05,2024-09-13 08:00:00.001
1726228800000,5e-05,2024-09-13 12:00:00.000
1726243200001,5e-05,2024-09-13 16:00:00.001
1726257600000,5e-05,2024-09-13 20:00:00.000
1726272000000,5e-05,2024-09-14 00:00:00.000
1726286400000,5e-05,2024-09-14 04:00:00.000
1726300800000,5e-05,2024-09-14 08:00:00.000
1726315200000,5e-05,2024-09-14 12:00:00.000
1726329600001,5e-05,2024-09-14 16:00:00.001
1726344000000,5e-05,2024-09-14 20:00:00.000
1726358400000,5e-05,2024-09-15 00:00:00.000
1726372800000,5e-05,2024-09-15 04:00:00.000
1726387200000,5e-05,2024-09-15 08:00:00.000
1726401600000,5e-05,2024-09-15 12:00:00.000
1726416000000,5e-05,2024-09-15 16:00:00.000
1726430400000,5e-05,2024-09-15 20:00:00.000
1726444800000,-6.454e-05,2024-09-16 00:00:00.000
1726459200000,-3.081e-05,2024-09-16 04:00:00.000
1726473600001,4.905e-05,2024-09-16 08:00:00.001
1726488000000,-0.00017872,2024-09-16 12:00:00.000
1726502400000,-0.00010566,2024-09-16 16:00:00.000
1726516800000,5e-05,2024-09-16 20:00:00.000
1726531200001,5e-05,2024-09-17 00:00:00.001
1726545600000,2.652e-05,2024-09-17 04:00:00.000
1726560000000,-5.594e-05,2024-09-17 08:00:00.000
1726574400000,-9.143e-05,2024-09-17 12:00:00.000
1726588800000,5e-05,2024-09-17 16:00:00.000
1726603200000,-1.042e-05,2024-09-17 20:00:00.000
1726617600000,-0.00013717,2024-09-18 00:00:00.000
1726632000000,-7.164e-05,2024-09-18 04:00:00.000
1726646400000,-0.0001761,2024-09-18 08:00:00.000
1726660800000,-0.00011855,2024-09-18 12:00:00.000
1726675200004,-0.00019896,2024-09-18 16:00:00.004
1726689600000,-0.00018519,2024-09-18 20:00:00.000
1726704000000,5e-05,2024-09-19 00:00:00.000
1726718400000,5e-05,2024-09-19 04:00:00.000
1726732800000,5e-05,2024-09-19 08:00:00.000
1726747200000,5e-05,2024-09-19 12:00:00.000
1726761600001,5e-05,2024-09-19 16:00:00.001
1726776000001,5e-05,2024-09-19 20:00:00.001
1726790400000,5e-05,2024-09-20 00:00:00.000
1726804800000,5e-05,2024-09-20 04:00:00.000
1726819200001,5e-05,2024-09-20 08:00:00.001
1726833600000,5e-05,2024-09-20 12:00:00.000
1726848000000,5e-05,2024-09-20 16:00:00.000
1726862400001,5e-05,2024-09-20 20:00:00.001
1726876800001,5e-05,2024-09-21 00:00:00.001
1726891200000,5e-05,2024-09-21 04:00:00.000
1726905600000,5e-05,2024-09-21 08:00:00.000
1726920000000,5e-05,2024-09-21 12:00:00.000
1726934400000,5e-05,2024-09-21 16:00:00.000
1726948800000,5e-05,2024-09-21 20:00:00.000
1726963200000,5e-05,2024-09-22 00:00:00.000
1726977600000,5e-05,2024-09-22 04:00:00.000
1726992000000,5e-05,2024-09-22 08:00:00.000
1727006400000,5e-05,2024-09-22 12:00:00.000
1727020800000,5e-05,2024-09-22 16:00:00.000
1727035200000,5e-05,2024-09-22 20:00:00.000
1727049600000,5e-05,2024-09-23 00:00:00.000
1727064000000,5e-05,2024-09-23 04:00:00.000
1727078400000,5e-05,2024-09-23 08:00:00.000
1727092800001,5e-05,2024-09-23 12:00:00.001
1727107200000,5e-05,2024-09-23 16:00:00.000
1727121600001,5e-05,2024-09-23 20:00:00.001
1727136000000,5e-05,2024-09-24 00:00:00.000
1727150400000,5e-05,2024-09-24 04:00:00.000
1727164800000,5e-05,2024-09-24 08:00:00.000
1727179200001,5e-05,2024-09-24 12:00:00.001
1727193600001,5e-05,2024-09-24 16:00:00.001
1727208000006,5e-05,2024-09-24 20:00:00.006
1727222400000,5e-05,2024-09-25 00:00:00.000
1727236800015,0.00013017,2024-09-25 04:00:00.015
1727251200003,5e-05,2024-09-25 08:00:00.003
1727265600002,5.7e-05,2024-09-25 12:00:00.002
1727280000000,5e-05,2024-09-25 16:00:00.000
1727294400000,5e-05,2024-09-25 20:00:00.000
1727308800005,5e-05,2024-09-26 00:00:00.005
1727323200000,6.136e-05,2024-09-26 04:00:00.000
1727337600000,5e-05,2024-09-26 08:00:00.000
1727352000005,0.00011712,2024-09-26 12:00:00.005
1727366400000,5.025e-05,2024-09-26 16:00:00.000
1727380800000,0.00031149,2024-09-26 20:00:00.000
1727395200000,5.746e-05,2024-09-27 00:00:00.000
1727409600000,0.00016798,2024-09-27 04:00:00.000
1727424000000,9.576e-05,2024-09-27 08:00:00.000
1727438400000,5e-05,2024-09-27 12:00:00.000
1727452800000,5e-05,2024-09-27 16:00:00.000
1727467200000,5e-05,2024-09-27 20:00:00.000
1727481600000,0.00015961,2024-09-28 00:00:00.000
1727496000001,0.00016182,2024-09-28 04:00:00.001
1727510400001,8.604e-05,2024-09-28 08:00:00.001
1727524800000,0.00012862,2024-09-28 12:00:00.000
1727539200000,5e-05,2024-09-28 16:00:00.000
1727553600000,0.00017654,2024-09-28 20:00:00.000
1727568000001,0.00012194,2024-09-29 00:00:00.001
1727582400000,0.00011711,2024-09-29 04:00:00.000
1727596800000,5e-05,2024-09-29 08:00:00.000
1727611200000,5e-05,2024-09-29 12:00:00.000
1727625600000,5e-05,2024-09-29 16:00:00.000
1727640000000,5e-05,2024-09-29 20:00:00.000
1727654400000,5e-05,2024-09-30 00:00:00.000
1727668800001,5e-05,2024-09-30 04:00:00.001
1727683200001,0.00019269,2024-09-30 08:00:00.001
1727697600000,0.00013379,2024-09-30 12:00:00.000
1727712000000,0.00011037,2024-09-30 16:00:00.000
1727726400000,8.163e-05,2024-09-30 20:00:00.000
1727740800000,5e-05,2024-10-01 00:00:00.000
1727755200001,5.364e-05,2024-10-01 04:00:00.001
1727769600000,5e-05,2024-10-01 08:00:00.000
1727784000000,5e-05,2024-10-01 12:00:00.000
1727798400001,5e-05,2024-10-01 16:00:00.001
1727812800000,5e-05,2024-10-01 20:00:00.000
1727827200000,5e-05,2024-10-02 00:00:00.000
1727841600000,5e-05,2024-10-02 04:00:00.000
1727856000000,5e-05,2024-10-02 08:00:00.000
1727870400000,5e-05,2024-10-02 12:00:00.000
1727884800000,5e-05,2024-10-02 16:00:00.000
1727899200000,5e-05,2024-10-02 20:00:00.000
1727913600000,5e-05,2024-10-03 00:00:00.000
1727928000000,4.341e-05,2024-10-03 04:00:00.000
1727942400000,5e-05,2024-10-03 08:00:00.000
1727956800000,8.6e-06,2024-10-03 12:00:00.000
1727971200000,5e-05,2024-10-03 16:00:00.000
1727985600000,5e-05,2024-10-03 20:00:00.000
1728000000000,5.01e-06,2024-10-04 00:00:00.000
1728014400000,-8.819e-05,2024-10-04 04:00:00.000
1728028800000,5e-05,2024-10-04 08:00:00.000
1728043200000,3.658e-05,2024-10-04 12:00:00.000
1728057600001,5e-05,2024-10-04 16:00:00.001
1728072000000,-2.075e-05,2024-10-04 20:00:00.000
1728086400000,2.367e-05,2024-10-05 00:00:00.000
1728100800000,-1.264e-05,2024-10-05 04:00:00.000
1728115200000,5e-05,2024-10-05 08:00:00.000
1728129600000,5e-05,2024-10-05 12:00:00.000
1728144000000,5e-05,2024-10-05 16:00:00.000
1728158400000,5e-05,2024-10-05 20:00:00.000
1728172800000,5e-05,2024-10-06 00:00:00.000
1728187200001,5e-05,2024-10-06 04:00:00.001
1728201600001,5e-05,2024-10-06 08:00:00.001
1728216000000,5e-05,2024-10-06 12:00:00.000
1728230400000,5e-05,2024-10-06 16:00:00.000
1728244800000,5e-05,2024-10-06 20:00:00.000
1728259200000,5e-05,2024-10-07 00:00:00.000
1728273600000,5e-05,2024-10-07 04:00:00.000
1728288000000,5e-05,2024-10-07 08:00:00.000
1728302400000,5e-05,2024-10-07 12:00:00.000
1728316800001,5e-05,2024-10-07 16:00:00.001
1728331200000,5e-05,2024-10-07 20:00:00.000
1728345600000,5e-05,2024-10-08 00:00:00.000
1728360000000,5e-05,2024-10-08 04:00:00.000
1728374400000,5e-05,2024-10-08 08:00:00.000
1728388800000,5e-05,2024-10-08 12:00:00.000
1728403200000,5e-05,2024-10-08 16:00:00.000
1728417600000,3.218e-05,2024-10-08 20:00:00.000
1728432000000,-2.73e-06,2024-10-09 00:00:00.000
1728446400000,5e-05,2024-10-09 04:00:00.000
1728460800000,3.797e-05,2024-10-09 08:00:00.000
1728475200000,5e-05,2024-10-09 12:00:00.000
1728489600000,5e-05,2024-10-09 16:00:00.000
1728504000000,5e-05,2024-10-09 20:00:00.000
1728518400000,5e-05,2024-10-10 00:00:00.000
1728532800000,-6.219e-05,2024-10-10 04:00:00.000
1728547200000,-5.839e-05,2024-10-10 08:00:00.000
1728561600000,5e-05,2024-10-10 12:00:00.000
1728576000000,5e-05,2024-10-10 16:00:00.000
1728590400000,5e-05,2024-10-10 20:00:00.000
1728604800000,5e-05,2024-10-11 00:00:00.000
1728619200000,5e-05,2024-10-11 04:00:00.000
1728633600000,5e-05,2024-10-11 08:00:00.000
1728648000000,5e-05,2024-10-11 12:00:00.000
1728662400001,5e-05,2024-10-11 16:00:00.001
1728676800000,-1.249e-05,2024-10-11 20:00:00.000
1728691200000,5e-05,2024-10-12 00:00:00.000
1728705600001,5e-05,2024-10-12 04:00:00.001
1728720000001,5e-05,2024-10-12 08:00:00.001
1728734400000,5e-05,2024-10-12 12:00:00.000
1728748800000,5e-05,2024-10-12 16:00:00.000
1728763200000,5e-05,2024-10-12 20:00:00.000
1728777600000,5e-05,2024-10-13 00:00:00.000
1728792000001,5e-05,2024-10-13 04:00:00.001
1728806400000,5e-05,2024-10-13 08:00:00.000
1728820800000,5e-05,2024-10-13 12:00:00.000
1728835200000,5e-05,2024-10-13 16:00:00.000
1728849600000,5e-05,2024-10-13 20:00:00.000
1728864000000,5e-05,2024-10-14 00:00:00.000
1728878400000,5e-05,2024-10-14 04:00:00.000
1728892800000,5e-05,2024-10-14 08:00:00.000
1728907200000,5e-05,2024-10-14 12:00:00.000
1728921600000,5e-05,2024-10-14 16:00:00.000
1728936000000,5e-05,2024-10-14 20:00:00.000
1728950400000,5e-05,2024-10-15 00:00:00.000
1728964800000,8.132e-05,2024-10-15 04:00:00.000
1728979200000,0.00014754,2024-10-15 08:00:00.000
1728993600000,6.361e-05,2024-10-15 12:00:00.000
1729008000000,5e-05,2024-10-15 16:00:00.000
1729022400000,5e-05,2024-10-15 20:00:00.000
1729036800000,5e-05,2024-10-16 00:00:00.000
1729051200000,5e-05,2024-10-16 04:00:00.000
1729065600001,5e-05,2024-10-16 08:00:00.001
1729080000000,5e-05,2024-10-16 12:00:00.000
1729094400000,5e-05,2024-10-16 16:00:00.000
1729108800000,5e-05,2024-10-16 20:00:00.000
1729123200000,5e-05,2024-10-17 00:00:00.000
1729137600001,5e-05,2024-10-17 04:00:00.001
1729152000000,5e-05,2024-10-17 08:00:00.000
1729166400000,5e-05,2024-10-17 12:00:00.000
1729180800001,5e-05,2024-10-17 16:00:00.001
1729195200007,5e-05,2024-10-17 20:00:00.007
1729209600010,5e-05,2024-10-18 00:00:00.010
1729224000000,5e-05,2024-10-18 04:00:00.000
1729238400001,5e-05,2024-10-18 08:00:00.001
1729252800000,5e-05,2024-10-18 12:00:00.000
1729267200000,5e-05,2024-10-18 16:00:00.000
1729281600000,5e-05,2024-10-18 20:00:00.000
1729296000000,5e-05,2024-10-19 00:00:00.000
1729310400000,5e-05,2024-10-19 04:00:00.000
1729324800000,5e-05,2024-10-19 08:00:00.000
1729339200000,5e-05,2024-10-19 12:00:00.000
1729353600000,5e-05,2024-10-19 16:00:00.000
1729368000000,5e-05,2024-10-19 20:00:00.000
1729382400000,5e-05,2024-10-20 00:00:00.000
1729396800000,5e-05,2024-10-20 04:00:00.000
1729411200000,5e-05,2024-10-20 08:00:00.000
1729425600000,5e-05,2024-10-20 12:00:00.000
1729440000000,5e-05,2024-10-20 16:00:00.000
1729454400000,5e-05,2024-10-20 20:00:00.000
1729468800000,5e-05,2024-10-21 00:00:00.000
1729483200000,5e-05,2024-10-21 04:00:00.000
1729497600000,5e-05,2024-10-21 08:00:00.000
1729512000000,0.000146,2024-10-21 12:00:00.000
1729526400000,6.125e-05,2024-10-21 16:00:00.000
1729540800000,5e-05,2024-10-21 20:00:00.000
1729555200000,5e-05,2024-10-22 00:00:00.000
1729569600000,5e-05,2024-10-22 04:00:00.000
1729584000000,5e-05,2024-10-22 08:00:00.000
1729598400000,5e-05,2024-10-22 12:00:00.000
1729612800000,5e-05,2024-10-22 16:00:00.000
1729627200000,5e-05,2024-10-22 20:00:00.000
1729641600000,5e-05,2024-10-23 00:00:00.000
1729656000000,5e-05,2024-10-23 04:00:00.000
1729670400000,5e-05,2024-10-23 08:00:00.000
1729684800000,5e-05,2024-10-23 12:00:00.000
1729699200000,5e-05,2024-10-23 16:00:00.000
1729713600001,5e-05,2024-10-23 20:00:00.001
1729728000000,5e-05,2024-10-24 00:00:00.000
1729742400001,5e-05,2024-10-24 04:00:00.001
1729756800000,5e-05,2024-10-24 08:00:00.000
1729771200000,5e-05,2024-10-24 12:00:00.000
1729785600000,5e-05,2024-10-24 16:00:00.000
1729800000000,5e-05,2024-10-24 20:00:00.000
1729814400000,5e-05,2024-10-25 00:00:00.000
1729828800001,5e-05,2024-10-25 04:00:00.001
1729843200000,5e-05,2024-10-25 08:00:00.000
1729857600000,5e-05,2024-10-25 12:00:00.000
1729872000000,5e-05,2024-10-25 16:00:00.000
1729886400000,5e-05,2024-10-25 20:00:00.000
1729900800000,5e-05,2024-10-26 00:00:00.000
1729915200001,5e-05,2024-10-26 04:00:00.001
1729929600001,5e-05,2024-10-26 08:00:00.001
1729944000000,5e-05,2024-10-26 12:00:00.000
1729958400000,5e-05,2024-10-26 16:00:00.000
1729972800001,5e-05,2024-10-26 20:00:00.001
1729987200000,5e-05,2024-10-27 00:00:00.000
1730001600000,5e-05,2024-10-27 04:00:00.000
1730016000000,5e-05,2024-10-27 08:00:00.000
1730030400000,5e-05,2024-10-27 12:00:00.000
1730044800000,5e-05,2024-10-27 16:00:00.000
1730059200000,5e-05,2024-10-27 20:00:00.000
1730073600000,5e-05,2024-10-28 00:00:00.000
1730088000000,5e-05,2024-10-28 04:00:00.000
1730102400001,5e-05,2024-10-28 08:00:00.001
1730116800001,5e-05,2024-10-28 12:00:00.001
1730131200000,5e-05,2024-10-28 16:00:00.000
1730145600000,-0.00010016,2024-10-28 20:00:00.000
1730160000000,-0.00029728,2024-10-29 00:00:00.000
1730174400000,-0.00010057,2024-10-29 04:00:00.000
1730188800000,-0.00013631,2024-10-29 08:00:00.000
1730203200001,-4.049e-05,2024-10-29 12:00:00.001
1730217600004,-0.00010915,2024-10-29 16:00:00.004
1730232000000,-3.531e-05,2024-10-29 20:00:00.000
1730246400000,5e-05,2024-10-30 00:00:00.000
1730260800000,5e-05,2024-10-30 04:00:00.000
1730275200000,5e-05,2024-10-30 08:00:00.000
1730289600006,5e-05,2024-10-30 12:00:00.006
1730304000013,-0.00014627,2024-10-30 16:00:00.013
1730318400000,-9.292e-05,2024-10-30 20:00:00.000
1730332800000,-0.00018619,2024-10-31 00:00:00.000
1730347200000,-9.753e-05,2024-10-31 04:00:00.000
1730361600000,5e-05,2024-10-31 08:00:00.000
1730376000000,-2.919e-05,2024-10-31 12:00:00.000
1730390400000,-0.00019001,2024-10-31 16:00:00.000
1730404800000,-0.00016235,2024-10-31 20:00:00.000
1730419200000,-9.533e-05,2024-11-01 00:00:00.000
1730433600000,5e-05,2024-11-01 04:00:00.000
1730448000000,-0.00014181,2024-11-01 08:00:00.000
1730462400000,-0.00014,2024-11-01 12:00:00.000
1730476800000,-0.00017559,2024-11-01 16:00:00.000
1730491200001,4.862e-05,2024-11-01 20:00:00.001
1730505600000,-5.714e-05,2024-11-02 00:00:00.000
1730520000000,1.035e-05,2024-11-02 04:00:00.000
1730534400000,5e-05,2024-11-02 08:00:00.000
1730548800000,8.86e-06,2024-11-02 12:00:00.000
1730563200000,-0.00015685,2024-11-02 16:00:00.000
1730577600001,-0.00046178,2024-11-02 20:00:00.001
1730592000000,-0.00029181,2024-11-03 00:00:00.000
1730606400000,-0.00021559,2024-11-03 04:00:00.000
1730620800000,-0.0002935,2024-11-03 08:00:00.000
1730635200000,-0.00019087,2024-11-03 12:00:00.000
1730649600000,-0.00033041,2024-11-03 16:00:00.000
1730664000000,-0.00017384,2024-11-03 20:00:00.000
1730678400000,-2.315e-05,2024-11-04 00:00:00.000
1730692800000,-0.0001614,2024-11-04 04:00:00.000
1730707200000,2.449e-05,2024-11-04 08:00:00.000
1730721600000,5e-05,2024-11-04 12:00:00.000
1730736000000,5e-05,2024-11-04 16:00:00.000
1730750400000,5e-05,2024-11-04 20:00:00.000
1730764800000,4.283e-05,2024-11-05 00:00:00.000
1730779200000,4.092e-05,2024-11-05 04:00:00.000
1730793600003,-1.236e-05,2024-11-05 08:00:00.003
1730808000001,1.036e-05,2024-11-05 12:00:00.001
1730822400001,-5.848e-05,2024-11-05 16:00:00.001
1730836800000,-7.245e-05,2024-11-05 20:00:00.000
1730851200000,-0.00018554,2024-11-06 00:00:00.000
1730865600000,-4.609e-05,2024-11-06 04:00:00.000
1730880000000,5e-05,2024-11-06 08:00:00.000
1730894400001,5e-05,2024-11-06 12:00:00.001
1730908800000,5e-05,2024-11-06 16:00:00.000
1730923200001,5e-05,2024-11-06 20:00:00.001
1730937600000,5e-05,2024-11-07 00:00:00.000
1730952000000,5e-05,2024-11-07 04:00:00.000
1730966400000,5e-05,2024-11-07 08:00:00.000
1730980800000,5e-05,2024-11-07 12:00:00.000
1730995200000,5e-05,2024-11-07 16:00:00.000
1731009600000,5e-05,2024-11-07 20:00:00.000
1731024000000,5e-05,2024-11-08 00:00:00.000
1731038400000,5e-05,2024-11-08 04:00:00.000
1731052800000,5e-05,2024-11-08 08:00:00.000
1731067200000,5e-05,2024-11-08 12:00:00.000
1731081600000,5e-05,2024-11-08 16:00:00.000
1731096000000,5e-05,2024-11-08 20:00:00.000
1731110400000,5e-05,2024-11-09 00:00:00.000
1731124800000,5e-05,2024-11-09 04:00:00.000
1731139200000,0.00025458,2024-11-09 08:00:00.000
1731153600000,0.00016957,2024-11-09 12:00:00.000
1731168000000,5e-05,2024-11-09 16:00:00.000
1731182400000,5e-05,2024-11-09 20:00:00.000
1731196800000,5e-05,2024-11-10 00:00:00.000
1731211200000,9.403e-05,2024-11-10 04:00:00.000
1731225600000,0.00019156,2024-11-10 08:00:00.000
1731240000000,5e-05,2024-11-10 12:00:00.000
1731254400000,0.00033005,2024-11-10 16:00:00.000
1731268800000,0.00016745,2024-11-10 20:00:00.000
1731283200001,5e-05,2024-11-11 00:00:00.001
1731297600000,5e-05,2024-11-11 04:00:00.000
1731312000000,0.0001055,2024-11-11 08:00:00.000
1731326400000,5e-05,2024-11-11 12:00:00.000
1731340800000,0.0001042,2024-11-11 16:00:00.000
1731355200000,5e-05,2024-11-11 20:00:00.000
1731369600002,5e-05,2024-11-12 00:00:00.002
1731384000000,0.00015321,2024-11-12 04:00:00.000
1731398400000,0.0003119,2024-11-12 08:00:00.000
1731412800000,0.00027564,2024-11-12 12:00:00.000
1731427200000,0.00032128,2024-11-12 16:00:00.000
1731441600000,5e-05,2024-11-12 20:00:00.000
1731456000000,5e-05,2024-11-13 00:00:00.000
1731470400000,5e-05,2024-11-13 04:00:00.000
1731484800010,5e-05,2024-11-13 08:00:00.010
1731499200001,5e-05,2024-11-13 12:00:00.001
1731513600000,5e-05,2024-11-13 16:00:00.000
1731528000000,5e-05,2024-11-13 20:00:00.000
1731542400001,5e-05,2024-11-14 00:00:00.001
1731556800000,0.0001345,2024-11-14 04:00:00.000
1731571200000,9.862e-05,2024-11-14 08:00:00.000
1731585600001,5e-05,2024-11-14 12:00:00.001
1731600000000,5e-05,2024-11-14 16:00:00.000
1731614400000,-0.00025374,2024-11-14 20:00:00.000
1731628800000,-0.00041915,2024-11-15 00:00:00.000
1731643200001,-8.904e-05,2024-11-15 04:00:00.001
1731657600000,5e-05,2024-11-15 08:00:00.000
1731672000000,5e-05,2024-11-15 12:00:00.000
1731686400000,-1.414e-05,2024-11-15 16:00:00.000
1731700800000,5e-05,2024-11-15 20:00:00.000
1731715200001,5e-05,2024-11-16 00:00:00.001
1731729600001,5e-05,2024-11-16 04:00:00.001
1731744000001,5e-05,2024-11-16 08:00:00.001
1731758400000,5e-05,2024-11-16 12:00:00.000
1731772800000,5e-05,2024-11-16 16:00:00.000
1731787200000,5e-05,2024-11-16 20:00:00.000
1731801600000,5e-05,2024-11-17 00:00:00.000
1731816000000,5e-05,2024-11-17 04:00:00.000
1731830400000,5e-05,2024-11-17 08:00:00.000
1731844800000,5e-05,2024-11-17 12:00:00.000
1731859200001,5e-05,2024-11-17 16:00:00.001
1731873600001,5e-05,2024-11-17 20:00:00.001
1731888000000,5e-05,2024-11-18 00:00:00.000
1731902400000,1.31e-05,2024-11-18 04:00:00.000
1731916800000,5e-05,2024-11-18 08:00:00.000
1731931200000,5e-05,2024-11-18 12:00:00.000
1731945600000,5e-05,2024-11-18 16:00:00.000
1731960000000,5e-05,2024-11-18 20:00:00.000
1731974400000,5e-05,2024-11-19 00:00:00.000
1731988800000,5e-05,2024-11-19 04:00:00.000
1732003200000,5e-05,2024-11-19 08:00:00.000
1732017600000,5e-05,2024-11-19 12:00:00.000
1732032000000,5e-05,2024-11-19 16:00:00.000
1732046400001,5e-05,2024-11-19 20:00:00.001
1732060800003,5e-05,2024-11-20 00:00:00.003
1732075200000,5e-05,2024-11-20 04:00:00.000
1732089600000,5e-05,2024-11-20 08:00:00.000
1732104000000,5e-05,2024-11-20 12:00:00.000
1732118400000,5.635e-05,2024-11-20 16:00:00.000
1732132800000,5e-05,2024-11-20 20:00:00.000
1732147200001,5e-05,2024-11-21 00:00:00.001
1732161600000,5e-05,2024-11-21 04:00:00.000
1732176000000,0.00010904,2024-11-21 08:00:00.000
1732190400000,5e-05,2024-11-21 12:00:00.000
1732204800001,6.99e-05,2024-11-21 16:00:00.001
1732219200000,0.00015832,2024-11-21 20:00:00.000
1732233600000,0.0001301,2024-11-22 00:00:00.000
1732248000000,0.00017531,2024-11-22 04:00:00.000
1732262400000,6.468e-05,2024-11-22 08:00:00.000
1732276800000,5.328e-05,2024-11-22 12:00:00.000
1732291200001,5e-05,2024-11-22 16:00:00.001
1732305600000,5e-05,2024-11-22 20:00:00.000
1732320000000,7.158e-05,2024-11-23 00:00:00.000
1732334400000,0.00027263,2024-11-23 04:00:00.000
1732348800000,0.00024466,2024-11-23 08:00:00.000
1732363200000,0.0003201,2024-11-23 12:00:00.000
1732377600000,0.00045841,2024-11-23 16:00:00.000
1732392000000,0.00029461,2024-11-23 20:00:00.000
1732406400001,7.439e-05,2024-11-24 00:00:00.001
1732420800000,0.00014928,2024-11-24 04:00:00.000
1732435200000,0.00016132,2024-11-24 08:00:00.000
1732449600000,5e-05,2024-11-24 12:00:00.000
1732464000000,5e-05,2024-11-24 16:00:00.000
1732478400000,5e-05,2024-11-24 20:00:00.000
1732492800000,5e-05,2024-11-25 00:00:00.000
1732507200000,0.00017104,2024-11-25 04:00:00.000
1732521600000,0.00022865,2024-11-25 08:00:00.000
1732536000008,0.00025993,2024-11-25 12:00:00.008
1732550400000,9.43e-05,2024-11-25 16:00:00.000
1732564800000,5e-05,2024-11-25 20:00:00.000
1732579200000,5e-05,2024-11-26 00:00:00.000
1732593600000,5e-05,2024-11-26 04:00:00.000
1732608000000,0.00010803,2024-11-26 08:00:00.000
1732622400000,5e-05,2024-11-26 12:00:00.000
1732636800000,5e-05,2024-11-26 16:00:00.000
1732651200000,5e-05,2024-11-26 20:00:00.000
1732665600000,5e-05,2024-11-27 00:00:00.000
1732680000000,5e-05,2024-11-27 04:00:00.000
1732694400000,5e-05,2024-11-27 08:00:00.000
1732708800000,5e-05,2024-11-27 12:00:00.000
1732723200001,5e-05,2024-11-27 16:00:00.001
1732737600000,5e-05,2024-11-27 20:00:00.000
1732752000000,0.00013899,2024-11-28 00:00:00.000
1732766400000,5.361e-05,2024-11-28 04:00:00.000
1732780800000,6.164e-05,2024-11-28 08:00:00.000
1732795200000,6.127e-05,2024-11-28 12:00:00.000
1732809600000,0.0001883,2024-11-28 16:00:00.000
1732824000000,0.00019404,2024-11-28 20:00:00.000
1732838400000,0.00013659,2024-11-29 00:00:00.000
1732852800000,0.00018937,2024-11-29 04:00:00.000
1732867200000,0.00014203,2024-11-29 08:00:00.000
1732881600000,0.00021922,2024-11-29 12:00:00.000
1732896000000,0.00019835,2024-11-29 16:00:00.000
1732910400000,0.0001088,2024-11-29 20:00:00.000
1732924800000,0.00019309,2024-11-30 00:00:00.000
1732939200000,5e-05,2024-11-30 04:00:00.000
1732953600000,5e-05,2024-11-30 08:00:00.000
1732968000001,5.467e-05,2024-11-30 12:00:00.001
1732982400000,0.00010945,2024-11-30 16:00:00.000
1732996800000,0.00024036,2024-11-30 20:00:00.000
1733011200000,0.00018618,2024-12-01 00:00:00.000
1733025600000,0.00024406,2024-12-01 04:00:00.000
1733040000000,0.00015517,2024-12-01 08:00:00.000
1733054400000,0.00025058,2024-12-01 12:00:00.000
1733068800000,0.00026751,2024-12-01 16:00:00.000
1733083200000,0.00027581,2024-12-01 20:00:00.000
1733097600001,0.00028819,2024-12-02 00:00:00.001
1733112000000,0.00037478,2024-12-02 04:00:00.000
1733126400001,0.00020242,2024-12-02 08:00:00.001
1733140800000,0.00023508,2024-12-02 12:00:00.000
1733155200000,0.00022846,2024-12-02 16:00:00.000
1733169600001,0.00028016,2024-12-02 20:00:00.001
1733184000000,0.00018455,2024-12-03 00:00:00.000
1733198400000,0.00072159,2024-12-03 04:00:00.000
1733212800000,0.00073711,2024-12-03 08:00:00.000
1733227200001,0.00041134,2024-12-03 12:00:00.001
1733241600000,0.00057304,2024-12-03 16:00:00.000
1733256000000,0.00038105,2024-12-03 20:00:00.000
1733270400000,0.00032386,2024-12-04 00:00:00.000
1733284800000,0.00048118,2024-12-04 04:00:00.000
1733299200000,0.00063561,2024-12-04 08:00:00.000
1733313600000,0.00086878,2024-12-04 12:00:00.000
1733328000000,0.00049411,2024-12-04 16:00:00.000
1733342400000,0.00045183,2024-12-04 20:00:00.000
1733356800001,0.00050345,2024-12-05 00:00:00.001
1733371200000,0.0004976,2024-12-05 04:00:00.000
1733385600000,0.00058504,2024-12-05 08:00:00.000
1733400000000,0.00042798,2024-12-05 12:00:00.000
1733414400000,0.00062893,2024-12-05 16:00:00.000
1733428800000,0.00057837,2024-12-05 20:00:00.000
1733443200000,0.00051271,2024-12-06 00:00:00.000
1733457600001,0.00070511,2024-12-06 04:00:00.001
1733472000000,0.00075384,2024-12-06 08:00:00.000
1733486400001,0.00053726,2024-12-06 12:00:00.001
1733500800000,0.00029759,2024-12-06 16:00:00.000
1733515200001,0.00047044,2024-12-06 20:00:00.001
1733529600000,0.00021865,2024-12-07 00:00:00.000
1733544000000,0.00027268,2024-12-07 04:00:00.000
1733558400000,0.00037382,2024-12-07 08:00:00.000
1733572800000,0.00036428,2024-12-07 12:00:00.000
1733587200000,0.00029143,2024-12-07 16:00:00.000
1733601600000,0.00034929,2024-12-07 20:00:00.000
1733616000000,0.00021416,2024-12-08 00:00:00.000
1733630400000,0.00033683,2024-12-08 04:00:00.000
1733644800000,0.00041269,2024-12-08 08:00:00.000
1733659200001,0.00045484,2024-12-08 12:00:00.001
1733673600000,0.00028458,2024-12-08 16:00:00.000
1733688000000,0.00013529,2024-12-08 20:00:00.000
1733702400000,0.00016887,2024-12-09 00:00:00.000
1733716800000,0.00013906,2024-12-09 04:00:00.000
1733731200000,0.00015804,2024-12-09 08:00:00.000
1733745600000,5e-05,2024-12-09 12:00:00.000
1733760000001,5e-05,2024-12-09 16:00:00.001
1733774400012,5e-05,2024-12-09 20:00:00.012
1733788800007,-0.00069203,2024-12-10 00:00:00.007
1733803200002,-0.00010929,2024-12-10 04:00:00.002
1733817600000,-0.00065837,2024-12-10 08:00:00.000
1733832000000,-2.692e-05,2024-12-10 12:00:00.000
1733846400000,5e-05,2024-12-10 16:00:00.000
1733860800001,-8.384e-05,2024-12-10 20:00:00.001
1733875200000,-0.00050862,2024-12-11 00:00:00.000
1733889600000,-0.00015973,2024-12-11 04:00:00.000
1733904000000,-0.00014683,2024-12-11 08:00:00.000
1733918400000,-0.00047105,2024-12-11 12:00:00.000
1733932800001,-0.00057002,2024-12-11 16:00:00.001
1733947200000,-0.00049351,2024-12-11 20:00:00.000
1733961600001,-0.00053737,2024-12-12 00:00:00.001
1733976000000,-0.00039342,2024-12-12 04:00:00.000
1733990400000,-8.914e-05,2024-12-12 08:00:00.000
1734004800000,-3.551e-05,2024-12-12 12:00:00.000
1734019200001,-2.922e-05,2024-12-12 16:00:00.001
1734033600000,-0.00022969,2024-12-12 20:00:00.000
1734048000000,-3.438e-05,2024-12-13 00:00:00.000
1734062400000,-0.0003663,2024-12-13 04:00:00.000
1734076800000,5e-05,2024-12-13 08:00:00.000
1734091200000,5e-05,2024-12-13 12:00:00.000
1734105600001,7.29e-06,2024-12-13 16:00:00.001
1734120000001,-6.98e-06,2024-12-13 20:00:00.001
1734134400000,-0.00014062,2024-12-14 00:00:00.000
1734148800000,-0.00062895,2024-12-14 04:00:00.000
1734163200000,-0.00060331,2024-12-14 08:00:00.000
1734177600000,-0.0003378,2024-12-14 12:00:00.000
1734192000000,-0.00046019,2024-12-14 16:00:00.000
1734206400000,-0.00017996,2024-12-14 20:00:00.000
1734220800000,-0.0009005,2024-12-15 00:00:00.000
1734235200000,-0.00030374,2024-12-15 04:00:00.000
1734249600000,-0.00020391,2024-12-15 08:00:00.000
1734264000000,-0.00039186,2024-12-15 12:00:00.000
1734278400000,-0.00018911,2024-12-15 16:00:00.000
1734292800001,3.359e-05,2024-12-15 20:00:00.001
1734307200000,5e-05,2024-12-16 00:00:00.000
1734321600000,-4.732e-05,2024-12-16 04:00:00.000
1734336000001,-0.00010331,2024-12-16 08:00:00.001
1734350400000,-1.023e-05,2024-12-16 12:00:00.000
1734364800000,-0.00042758,2024-12-16 16:00:00.000
1734379200000,-0.00077885,2024-12-16 20:00:00.000
1734393600000,-0.00058058,2024-12-17 00:00:00.000
1734408000000,-0.00051049,2024-12-17 04:00:00.000
1734422400000,-0.00018812,2024-12-17 08:00:00.000
1734436800000,-0.00011836,2024-12-17 12:00:00.000
1734451200000,-3.11e-06,2024-12-17 16:00:00.000
1734465600000,-0.00015716,2024-12-17 20:00:00.000
1734480000000,-0.00024658,2024-12-18 00:00:00.000
1734494400000,-0.00021044,2024-12-18 04:00:00.000
1734508800000,5e-05,2024-12-18 08:00:00.000
1734523200000,5e-05,2024-12-18 12:00:00.000
1734537600000,5e-05,2024-12-18 16:00:00.000
1734552000000,5e-05,2024-12-18 20:00:00.000
1734566400000,5e-05,2024-12-19 00:00:00.000
1734580800000,-0.00020447,2024-12-19 04:00:00.000
1734595200000,-0.00039103,2024-12-19 08:00:00.000
1734609600000,-0.00047245,2024-12-19 12:00:00.000
1734624000000,-0.00040431,2024-12-19 16:00:00.000
1734638400000,-0.0004213,2024-12-19 20:00:00.000
1734652800000,-0.00122394,2024-12-20 00:00:00.000
1734667200001,-0.00084476,2024-12-20 04:00:00.001
1734681600001,-0.00058944,2024-12-20 08:00:00.001
1734696000000,-0.00030913,2024-12-20 12:00:00.000
1734710400014,-0.00154158,2024-12-20 16:00:00.014
1734724800000,-0.00103658,2024-12-20 20:00:00.000
1734739200000,-0.00039377,2024-12-21 00:00:00.000
1734753600000,-0.00057196,2024-12-21 04:00:00.000
1734768000000,-0.0002329,2024-12-21 08:00:00.000
1734782400000,-0.00021516,2024-12-21 12:00:00.000
1734796800001,-0.00041704,2024-12-21 16:00:00.001
1734811200000,-0.00036385,2024-12-21 20:00:00.000
1734825600000,-0.00127581,2024-12-22 00:00:00.000
1734840000000,-0.00042326,2024-12-22 04:00:00.000
1734854400000,-0.00030323,2024-12-22 08:00:00.000
1734868800000,-0.00066615,2024-12-22 12:00:00.000
1734883200000,-0.00023848,2024-12-22 16:00:00.000
1734897600000,-0.00036859,2024-12-22 20:00:00.000
1734912000000,-0.00024911,2024-12-23 00:00:00.000
1734926400000,5e-05,2024-12-23 04:00:00.000
1734940800000,-0.00017199,2024-12-23 08:00:00.000
1734955200000,4.48e-06,2024-12-23 12:00:00.000
1734969600001,-0.00012129,2024-12-23 16:00:00.001
1734984000000,-0.0001402,2024-12-23 20:00:00.000
1734998400000,-0.00010162,2024-12-24 00:00:00.000
1735012800000,-0.00017667,2024-12-24 04:00:00.000
1735027200000,-0.00027062,2024-12-24 08:00:00.000
1735041600000,-5.412e-05,2024-12-24 12:00:00.000
1735056000001,-0.00038693,2024-12-24 16:00:00.001
1735070400000,-0.00036964,2024-12-24 20:00:00.000
1735084800001,-0.00039062,2024-12-25 00:00:00.001
1735099200001,-0.00012822,2024-12-25 04:00:00.001
1735113600000,-5.869e-05,2024-12-25 08:00:00.000
1735128000000,-0.00017809,2024-12-25 12:00:00.000
1735142400000,-0.00010242,2024-12-25 16:00:00.000
1735156800000,-7.529e-05,2024-12-25 20:00:00.000
1735171200000,1.041e-05,2024-12-26 00:00:00.000
1735185600001,1.622e-05,2024-12-26 04:00:00.001
1735200000000,5e-05,2024-12-26 08:00:00.000
1735214400000,-0.0003105,2024-12-26 12:00:00.000
1735228800000,-0.00028113,2024-12-26 16:00:00.000
1735243200001,-0.00020372,2024-12-26 20:00:00.001
1735257600000,-0.0004782,2024-12-27 00:00:00.000
1735272000000,-0.00030493,2024-12-27 04:00:00.000
1735286400000,-0.00010331,2024-12-27 08:00:00.000
1735300800000,-0.00024141,2024-12-27 12:00:00.000
1735315200000,-0.00032767,2024-12-27 16:00:00.000
1735329600001,-5.112e-05,2024-12-27 20:00:00.001
1735344000001,-0.00026182,2024-12-28 00:00:00.001
1735358400000,5.4e-06,2024-12-28 04:00:00.000
1735372800000,2.65e-06,2024-12-28 08:00:00.000
1735387200000,-0.00047573,2024-12-28 12:00:00.000
1735401600000,-0.0004274,2024-12-28 16:00:00.000
1735416000000,-0.00059271,2024-12-28 20:00:00.000
1735430400000,-0.0004351,2024-12-29 00:00:00.000
1735444800000,-0.00013184,2024-12-29 04:00:00.000
1735459200000,-0.00018883,2024-12-29 08:00:00.000
1735473600000,-0.00040883,2024-12-29 12:00:00.000
1735488000000,-0.00011977,2024-12-29 16:00:00.000
1735502400000,-0.00017609,2024-12-29 20:00:00.000
1735516800000,-5.304e-05,2024-12-30 00:00:00.000
1735531200001,-0.00019584,2024-12-30 04:00:00.001
1735545600001,2.294e-05,2024-12-30 08:00:00.001
1735560000000,5e-05,2024-12-30 12:00:00.000
1735574400000,5e-05,2024-12-30 16:00:00.000
1735588800000,2.642e-05,2024-12-30 20:00:00.000
1735603200000,5e-05,2024-12-31 00:00:00.000
1735617600000,5e-05,2024-12-31 04:00:00.000
1735632000000,5e-05,2024-12-31 08:00:00.000
1735646400001,3.263e-05,2024-12-31 12:00:00.001
1735660800000,-0.00045948,2024-12-31 16:00:00.000
1735675200000,-0.00014573,2024-12-31 20:00:00.000
1735689600015,3.75e-06,2025-01-01 00:00:00.015
1735704000004,5e-05,2025-01-01 04:00:00.004
1735718400000,-0.00015776,2025-01-01 08:00:00.000
1735732800002,-0.00018354,2025-01-01 12:00:00.002
1735747200001,-6.436e-05,2025-01-01 16:00:00.001
1735761600000,-6.497e-05,2025-01-01 20:00:00.000
1735776000000,-0.00022667,2025-01-02 00:00:00.000
1735790400000,-0.00011233,2025-01-02 04:00:00.000
1735804800006,-0.00023732,2025-01-02 08:00:00.006
1735819200007,-0.00044706,2025-01-02 12:00:00.007
1735833600000,-8.729e-05,2025-01-02 16:00:00.000
1735848000001,-0.00033446,2025-01-02 20:00:00.001
1735862400000,-0.0003753,2025-01-03 00:00:00.000
1735876800001,-0.00062638,2025-01-03 04:00:00.001
1735891200000,-0.00050462,2025-01-03 08:00:00.000
1735905600000,-0.00011316,2025-01-03 12:00:00.000
1735920000000,-0.00029369,2025-01-03 16:00:00.000
1735934400001,5e-05,2025-01-03 20:00:00.001
1735948800000,-0.00059935,2025-01-04 00:00:00.000
1735963200000,-0.00036657,2025-01-04 04:00:00.000
1735977600000,-0.00085422,2025-01-04 08:00:00.000
1735992000000,-0.00012219,2025-01-04 12:00:00.000
1736006400000,-0.00077643,2025-01-04 16:00:00.000
1736020800001,-0.00096848,2025-01-04 20:00:00.001
1736035200000,-0.00042186,2025-01-05 00:00:00.000
1736049600000,-0.00034466,2025-01-05 04:00:00.000
1736064000000,-0.00017175,2025-01-05 08:00:00.000
1736078400000,-0.00017502,2025-01-05 12:00:00.000
1736092800000,-0.0005794,2025-01-05 16:00:00.000
1736107200000,-0.00054408,2025-01-05 20:00:00.000
1736121600000,-0.00042721,2025-01-06 00:00:00.000
1736136000000,-0.00019569,2025-01-06 04:00:00.000
1736150400001,-0.00018351,2025-01-06 08:00:00.001
1736164800000,5e-05,2025-01-06 12:00:00.000
1736179200000,-0.00013056,2025-01-06 16:00:00.000
1736193600000,-0.00069252,2025-01-06 20:00:00.000
1736208000000,-0.00080168,2025-01-07 00:00:00.000
1736222400000,-0.00089895,2025-01-07 04:00:00.000
1736236800000,-0.0004393,2025-01-07 08:00:00.000
1736251200001,-0.00046986,2025-01-07 12:00:00.001
1736265600008,-0.00030827,2025-01-07 16:00:00.008
1736280000000,-0.00035024,2025-01-07 20:00:00.000
1736294400001,-0.00139967,2025-01-08 00:00:00.001
1736308800006,-0.00055844,2025-01-08 04:00:00.006
1736323200000,-0.00062415,2025-01-08 08:00:00.000
1736337600000,-0.00094054,2025-01-08 12:00:00.000
1736352000000,-0.00013079,2025-01-08 16:00:00.000
1736366400000,-0.00086042,2025-01-08 20:00:00.000
1736380800000,-0.00140458,2025-01-09 00:00:00.000
1736395200001,-0.00013587,2025-01-09 04:00:00.001
1736409600000,-3.51e-05,2025-01-09 08:00:00.000
1736424000000,-9.763e-05,2025-01-09 12:00:00.000
1736438400000,-0.00020154,2025-01-09 16:00:00.000
1736452800000,-0.00030284,2025-01-09 20:00:00.000
1736467200000,-5.376e-05,2025-01-10 00:00:00.000
1736481600000,-0.00050169,2025-01-10 04:00:00.000
1736496000000,-0.00074724,2025-01-10 08:00:00.000
1736510400000,-0.00103837,2025-01-10 12:00:00.000
1736524800000,-0.00047265,2025-01-10 16:00:00.000
1736539200001,-0.00061812,2025-01-10 20:00:00.001
1736553600000,-0.0008021,2025-01-11 00:00:00.000
1736568000000,-0.00048612,2025-01-11 04:00:00.000
1736582400000,-0.00067998,2025-01-11 08:00:00.000
1736596800000,-0.00067683,2025-01-11 12:00:00.000
1736611200000,-0.0008225,2025-01-11 16:00:00.000
1736625600000,-0.00046559,2025-01-11 20:00:00.000
1736640000000,-0.00043159,2025-01-12 00:00:00.000
1736654400000,-8.947e-05,2025-01-12 04:00:00.000
1736668800000,-0.00019969,2025-01-12 08:00:00.000
1736683200000,-0.0001506,2025-01-12 12:00:00.000
1736697600000,-0.00030296,2025-01-12 16:00:00.000
1736712000000,-0.00059029,2025-01-12 20:00:00.000
1736726400000,-0.0004267,2025-01-13 00:00:00.000
1736740800000,-0.00029852,2025-01-13 04:00:00.000
1736755200000,-0.00028017,2025-01-13 08:00:00.000
1736769600000,-0.00019362,2025-01-13 12:00:00.000
1736784000000,-0.00116377,2025-01-13 16:00:00.000
1736798400000,-0.00064858,2025-01-13 20:00:00.000
1736812800000,-0.00117853,2025-01-14 00:00:00.000
1736827200000,-0.00047128,2025-01-14 04:00:00.000
1736841600000,-0.00069199,2025-01-14 08:00:00.000
1736856000000,-0.00149469,2025-01-14 12:00:00.000
1736870400000,-0.00150324,2025-01-14 16:00:00.000
1736884800000,-0.00136267,2025-01-14 20:00:00.000
1736899200000,-0.00154087,2025-01-15 00:00:00.000
1736913600000,-0.00074827,2025-01-15 04:00:00.000
1736928000000,-0.00088871,2025-01-15 08:00:00.000
1736942400000,-0.00091106,2025-01-15 12:00:00.000
1736956800000,-0.00100091,2025-01-15 16:00:00.000
1736971200000,-0.00033122,2025-01-15 20:00:00.000
1736985600000,-0.000654,2025-01-16 00:00:00.000
1737000000000,-0.00034016,2025-01-16 04:00:00.000
1737014400000,-0.00032019,2025-01-16 08:00:00.000
1737028800000,-0.00112231,2025-01-16 12:00:00.000
1737043200000,-0.0005521,2025-01-16 16:00:00.000
1737057600000,-0.00124845,2025-01-16 20:00:00.000
1737072000004,-0.00087296,2025-01-17 00:00:00.004
1737086400000,-0.00049083,2025-01-17 04:00:00.000
1737100800000,-0.00080281,2025-01-17 08:00:00.000
1737115200013,-0.00086664,2025-01-17 12:00:00.013
1737129600008,-0.00113661,2025-01-17 16:00:00.008
1737144000005,-0.00211477,2025-01-17 20:00:00.005
1737158400000,-0.00219203,2025-01-18 00:00:00.000
1737172800003,-0.00480962,2025-01-18 04:00:00.003
1737187200007,-0.00482215,2025-01-18 08:00:00.007
1737201600000,-0.00353672,2025-01-18 12:00:00.000
1737216000000,-0.00165885,2025-01-18 16:00:00.000
1737230400000,-0.00113526,2025-01-18 20:00:00.000
1737244800000,-0.0028522,2025-01-19 00:00:00.000
1737259200000,-0.0019779,2025-01-19 04:00:00.000
1737273600000,-0.0006044,2025-01-19 08:00:00.000
1737288000000,-0.00129609,2025-01-19 12:00:00.000
1737302400000,2.922e-05,2025-01-19 16:00:00.000
1737316800000,5e-05,2025-01-19 20:00:00.000
1737331200000,5e-05,2025-01-20 00:00:00.000
1737345600000,5e-05,2025-01-20 04:00:00.000
1737360000009,2.32e-05,2025-01-20 08:00:00.009
1737374400002,5e-05,2025-01-20 12:00:00.002
1737388800000,5e-05,2025-01-20 16:00:00.000
1737403200001,-0.00012207,2025-01-20 20:00:00.001
1737417600000,-9.25e-06,2025-01-21 00:00:00.000
1737432000000,-0.00019542,2025-01-21 04:00:00.000
1737446400000,-0.00023227,2025-01-21 08:00:00.000
1737460800000,-0.00017502,2025-01-21 12:00:00.000
1737475200000,5e-05,2025-01-21 16:00:00.000
1737489600000,5e-05,2025-01-21 20:00:00.000
1737504000000,5e-05,2025-01-22 00:00:00.000
1737518400000,5e-05,2025-01-22 04:00:00.000
1737532800000,5e-05,2025-01-22 08:00:00.000
1737547200000,5e-05,2025-01-22 12:00:00.000
1737561600000,5e-05,2025-01-22 16:00:00.000
1737576000000,5e-05,2025-01-22 20:00:00.000
1737590400001,5e-05,2025-01-23 00:00:00.001
1737604800001,5e-05,2025-01-23 04:00:00.001
1737619200000,-1.549e-05,2025-01-23 08:00:00.000
1737633600000,5e-05,2025-01-23 12:00:00.000
1737648000000,-3.214e-05,2025-01-23 16:00:00.000
1737662400000,1.42e-06,2025-01-23 20:00:00.000
1737676800000,-7.05e-06,2025-01-24 00:00:00.000
1737691200000,-8.293e-05,2025-01-24 04:00:00.000
1737705600000,-0.00026779,2025-01-24 08:00:00.000
1737720000001,5e-05,2025-01-24 12:00:00.001
1737734400000,5e-05,2025-01-24 16:00:00.000
1737748800000,5e-05,2025-01-24 20:00:00.000
1737763200000,5e-05,2025-01-25 00:00:00.000
1737777600000,2.689e-05,2025-01-25 04:00:00.000
1737792000000,5e-05,2025-01-25 08:00:00.000
1737806400000,-4.504e-05,2025-01-25 12:00:00.000
1737820800001,4.886e-05,2025-01-25 16:00:00.001
1737835200001,5e-05,2025-01-25 20:00:00.001
1737849600000,5e-05,2025-01-26 00:00:00.000
1737864000000,5e-05,2025-01-26 04:00:00.000
1737878400000,-2.961e-05,2025-01-26 08:00:00.000
1737892800000,-0.00014411,2025-01-26 12:00:00.000
1737907200000,-5.296e-05,2025-01-26 16:00:00.000
1737921600000,5e-05,2025-01-26 20:00:00.000
1737936000000,5e-05,2025-01-27 00:00:00.000
1737950400000,5e-05,2025-01-27 04:00:00.000
1737964800000,5e-05,2025-01-27 08:00:00.000
1737979200001,-4.619e-05,2025-01-27 12:00:00.001
1737993600000,-0.00042383,2025-01-27 16:00:00.000
1738008000000,-0.00038886,2025-01-27 20:00:00.000
1738022400000,-4.061e-05,2025-01-28 00:00:00.000
1738036800000,5e-05,2025-01-28 04:00:00.000
1738051200000,-0.00031331,2025-01-28 08:00:00.000
1738065600000,-0.00022549,2025-01-28 12:00:00.000
1738080000000,-0.00034079,2025-01-28 16:00:00.000
1738094400000,-0.00033576,2025-01-28 20:00:00.000
1738108800000,3.928e-05,2025-01-29 00:00:00.000
1738123200001,5e-05,2025-01-29 04:00:00.001
1738137600000,5e-05,2025-01-29 08:00:00.000
1738152000000,5e-05,2025-01-29 12:00:00.000
1738166400000,5e-05,2025-01-29 16:00:00.000
1738180800000,5e-05,2025-01-29 20:00:00.000
1738195200000,5e-05,2025-01-30 00:00:00.000
1738209600000,5e-05,2025-01-30 04:00:00.000
1738224000000,-8.004e-05,2025-01-30 08:00:00.000
1738238400000,5e-05,2025-01-30 12:00:00.000
1738252800000,-0.00024949,2025-01-30 16:00:00.000
1738267200000,5e-05,2025-01-30 20:00:00.000
1738281600000,5e-05,2025-01-31 00:00:00.000
1738296000000,5e-05,2025-01-31 04:00:00.000
1738310400000,5e-05,2025-01-31 08:00:00.000
1738324800001,5e-05,2025-01-31 12:00:00.001
1738339200000,5e-05,2025-01-31 16:00:00.000
1738353600000,5e-05,2025-01-31 20:00:00.000
1738368000000,5e-05,2025-02-01 00:00:00.000
1738382400000,5e-05,2025-02-01 04:00:00.000
1738396800000,5e-05,2025-02-01 08:00:00.000
1738411200000,5e-05,2025-02-01 12:00:00.000
1738425600000,7.511e-05,2025-02-01 16:00:00.000
1738440000000,5e-05,2025-02-01 20:00:00.000
1738454400001,5e-05,2025-02-02 00:00:00.001
1738468800000,5e-05,2025-02-02 04:00:00.000
1738483200000,5e-05,2025-02-02 08:00:00.000
1738497600000,5e-05,2025-02-02 12:00:00.000
1738512000000,5e-05,2025-02-02 16:00:00.000
1738526400000,5e-05,2025-02-02 20:00:00.000
1738540800000,5e-05,2025-02-03 00:00:00.000
1738555200000,-0.00024466,2025-02-03 04:00:00.000
1738569600000,-0.00091238,2025-02-03 08:00:00.000
1738584000000,-0.00037982,2025-02-03 12:00:00.000
1738598400000,-0.00057041,2025-02-03 16:00:00.000
1738612800000,-9.765e-05,2025-02-03 20:00:00.000
1738627200000,5e-05,2025-02-04 00:00:00.000
1738641600001,5e-05,2025-02-04 04:00:00.001
1738656000001,5e-05,2025-02-04 08:00:00.001
1738670400001,-7.689e-05,2025-02-04 12:00:00.001
1738684800000,3.139e-05,2025-02-04 16:00:00.000
1738699200000,-5.628e-05,2025-02-04 20:00:00.000
1738713600001,5e-05,2025-02-05 00:00:00.001
1738728000000,1.285e-05,2025-02-05 04:00:00.000
1738742400001,-0.00016444,2025-02-05 08:00:00.001
1738756800000,-0.00012668,2025-02-05 12:00:00.000
1738771200000,-5.75e-06,2025-02-05 16:00:00.000
1738785600000,5e-05,2025-02-05 20:00:00.000
1738800000001,-0.00030087,2025-02-06 00:00:00.001
1738814400001,-0.0003836,2025-02-06 04:00:00.001
1738828800001,-0.00027024,2025-02-06 08:00:00.001
1738843200000,-4.712e-05,2025-02-06 12:00:00.000
1738857600000,-0.00025399,2025-02-06 16:00:00.000
1738872000000,-0.0006771,2025-02-06 20:00:00.000
1738886400000,-0.000535,2025-02-07 00:00:00.000
1738900800000,-8.151e-05,2025-02-07 04:00:00.000
1738915200000,-3.163e-05,2025-02-07 08:00:00.000
1738929600000,-5.292e-05,2025-02-07 12:00:00.000
1738944000000,-0.0001379,2025-02-07 16:00:00.000
1738958400000,-4.237e-05,2025-02-07 20:00:00.000
1738972800000,4.84e-06,2025-02-08 00:00:00.000
1738987200000,-7.08e-06,2025-02-08 04:00:00.000
1739001600000,-3.078e-05,2025-02-08 08:00:00.000
1739016000000,4.697e-05,2025-02-08 12:00:00.000
1739030400000,-1.117e-05,2025-02-08 16:00:00.000
1739044800000,5e-05,2025-02-08 20:00:00.000
1739059200000,5e-05,2025-02-09 00:00:00.000
1739073600000,5e-05,2025-02-09 04:00:00.000
1739088000000,1.709e-05,2025-02-09 08:00:00.000
1739102400000,5e-05,2025-02-09 12:00:00.000
1739116800000,5e-05,2025-02-09 16:00:00.000
1739131200007,8.72e-06,2025-02-09 20:00:00.007
1739145600000,5e-05,2025-02-10 00:00:00.000
1739160000000,-5.17e-05,2025-02-10 04:00:00.000
1739174400000,5e-05,2025-02-10 08:00:00.000
1739188800000,2.674e-05,2025-02-10 12:00:00.000
1739203200000,5e-05,2025-02-10 16:00:00.000
1739217600001,5e-05,2025-02-10 20:00:00.001
1739232000000,5e-05,2025-02-11 00:00:00.000
1739246400000,5e-05,2025-02-11 04:00:00.000
1739260800000,5e-05,2025-02-11 08:00:00.000
1739275200000,5e-05,2025-02-11 12:00:00.000
1739289600000,5e-05,2025-02-11 16:00:00.000
1739304000000,5e-05,2025-02-11 20:00:00.000
1739318400000,5e-05,2025-02-12 00:00:00.000
1739332800000,5e-05,2025-02-12 04:00:00.000
1739347200000,5e-05,2025-02-12 08:00:00.000
1739361600001,5e-05,2025-02-12 12:00:00.001
1739376000001,5e-05,2025-02-12 16:00:00.001
1739390400000,5e-05,2025-02-12 20:00:00.000
1739404800001,5e-05,2025-02-13 00:00:00.001
1739419200000,5e-05,2025-02-13 04:00:00.000
1739433600000,5e-05,2025-02-13 08:00:00.000
1739448000000,5e-05,2025-02-13 12:00:00.000
1739462400001,5e-05,2025-02-13 16:00:00.001
1739476800000,5e-05,2025-02-13 20:00:00.000
1739491200000,5e-05,2025-02-14 00:00:00.000
1739505600000,5e-05,2025-02-14 04:00:00.000
1739520000001,5e-05,2025-02-14 08:00:00.001
1739534400000,5e-05,2025-02-14 12:00:00.000
1739548800000,5e-05,2025-02-14 16:00:00.000
1739563200000,5e-05,2025-02-14 20:00:00.000
1739577600000,5e-05,2025-02-15 00:00:00.000
1739592000000,5.317e-05,2025-02-15 04:00:00.000
1739606400000,5e-05,2025-02-15 08:00:00.000
1739620800000,5e-05,2025-02-15 12:00:00.000
1739635200000,5e-05,2025-02-15 16:00:00.000
1739649600001,5e-05,2025-02-15 20:00:00.001
1739664000000,5e-05,2025-02-16 00:00:00.000
1739678400000,5e-05,2025-02-16 04:00:00.000
1739692800000,5e-05,2025-02-16 08:00:00.000
1739707200000,5e-05,2025-02-16 12:00:00.000
1739721600000,5e-05,2025-02-16 16:00:00.000
1739736000000,5e-05,2025-02-16 20:00:00.000
1739750400000,5e-05,2025-02-17 00:00:00.000
1739764800001,5e-05,2025-02-17 04:00:00.001
1739779200000,5e-05,2025-02-17 08:00:00.000
1739793600004,5e-05,2025-02-17 12:00:00.004
1739808000000,5e-05,2025-02-17 16:00:00.000
1739822400001,5e-05,2025-02-17 20:00:00.001
1739836800000,5e-05,2025-02-18 00:00:00.000
1739851200000,5e-05,2025-02-18 04:00:00.000
1739865600000,5e-05,2025-02-18 08:00:00.000
1739880000000,5e-05,2025-02-18 12:00:00.000
1739894400000,5e-05,2025-02-18 16:00:00.000
1739908800000,5e-05,2025-02-18 20:00:00.000
1739923200000,5e-05,2025-02-19 00:00:00.000
1739937600000,5e-05,2025-02-19 04:00:00.000
1739952000000,5e-05,2025-02-19 08:00:00.000
1739966400000,5e-05,2025-02-19 12:00:00.000
1739980800000,5e-05,2025-02-19 16:00:00.000
1739995200000,5e-05,2025-02-19 20:00:00.000
1740009600000,5e-05,2025-02-20 00:00:00.000
1740024000000,5e-05,2025-02-20 04:00:00.000
1740038400000,5e-05,2025-02-20 08:00:00.000
1740052800000,5e-05,2025-02-20 12:00:00.000
1740067200000,5e-05,2025-02-20 16:00:00.000
1740081600000,5e-05,2025-02-20 20:00:00.000
1740096000001,5e-05,2025-02-21 00:00:00.001
1740110400000,5e-05,2025-02-21 04:00:00.000
1740124800000,5e-05,2025-02-21 08:00:00.000
1740139200000,5e-05,2025-02-21 12:00:00.000
1740153600000,5e-05,2025-02-21 16:00:00.000
1740168000000,0.00071676,2025-02-21 20:00:00.000
1740182400000,0.00065534,2025-02-22 00:00:00.000
1740196800000,5e-05,2025-02-22 04:00:00.000
1740211200000,5e-05,2025-02-22 08:00:00.000
1740225600000,5e-05,2025-02-22 12:00:00.000
1740240000000,5e-05,2025-02-22 16:00:00.000
1740254400000,5e-05,2025-02-22 20:00:00.000
1740268800000,5e-05,2025-02-23 00:00:00.000
1740283200000,5e-05,2025-02-23 04:00:00.000
1740297600000,5e-05,2025-02-23 08:00:00.000
1740312000000,5e-05,2025-02-23 12:00:00.000
1740326400000,5e-05,2025-02-23 16:00:00.000
1740340800000,5e-05,2025-02-23 20:00:00.000
1740355200000,5e-05,2025-02-24 00:00:00.000
1740369600000,5e-05,2025-02-24 04:00:00.000
1740384000000,5e-05,2025-02-24 08:00:00.000
1740398400001,5e-05,2025-02-24 12:00:00.001
1740412800000,5e-05,2025-02-24 16:00:00.000
1740427200000,5e-05,2025-02-24 20:00:00.000
1740441600000,5e-05,2025-02-25 00:00:00.000
1740456000000,5e-05,2025-02-25 04:00:00.000
1740470400000,5e-05,2025-02-25 08:00:00.000
1740484800000,5e-05,2025-02-25 12:00:00.000
1740499200000,5e-05,2025-02-25 16:00:00.000
1740513600000,5e-05,2025-02-25 20:00:00.000
1740528000000,5e-05,2025-02-26 00:00:00.000
1740542400000,5e-05,2025-02-26 04:00:00.000
1740556800000,5e-05,2025-02-26 08:00:00.000
1740571200001,5e-05,2025-02-26 12:00:00.001
1740585600000,5e-05,2025-02-26 16:00:00.000
1740600000000,5e-05,2025-02-26 20:00:00.000
1740614400001,5e-05,2025-02-27 00:00:00.001
1740628800001,5e-05,2025-02-27 04:00:00.001
1740643200000,5e-05,2025-02-27 08:00:00.000
1740657600006,5e-05,2025-02-27 12:00:00.006
1740672000000,5e-05,2025-02-27 16:00:00.000
1740686400001,5e-05,2025-02-27 20:00:00.001
1740700800001,5e-05,2025-02-28 00:00:00.001
1740715200000,5e-05,2025-02-28 04:00:00.000
1740729600000,5e-05,2025-02-28 08:00:00.000
1740744000000,5e-05,2025-02-28 12:00:00.000
1740758400000,5e-05,2025-02-28 16:00:00.000
1740772800000,5e-05,2025-02-28 20:00:00.000
1740787200000,5e-05,2025-03-01 00:00:00.000
1740801600000,5e-05,2025-03-01 04:00:00.000
1740816000000,5e-05,2025-03-01 08:00:00.000
1740830400001,5e-05,2025-03-01 12:00:00.001
1740844800001,5e-05,2025-03-01 16:00:00.001
1740859200000,5e-05,2025-03-01 20:00:00.000
1740873600000,5e-05,2025-03-02 00:00:00.000
1740888000000,5e-05,2025-03-02 04:00:00.000
1740902400000,5e-05,2025-03-02 08:00:00.000
1740916800000,5e-05,2025-03-02 12:00:00.000
1740931200000,5e-05,2025-03-02 16:00:00.000
1740945600000,5e-05,2025-03-02 20:00:00.000
1740960000001,0.00011619,2025-03-03 00:00:00.001
1740974400000,5e-05,2025-03-03 04:00:00.000
1740988800000,5e-05,2025-03-03 08:00:00.000
1741003200001,5e-05,2025-03-03 12:00:00.001
1741017600000,5e-05,2025-03-03 16:00:00.000
1741032000000,5e-05,2025-03-03 20:00:00.000
1741046400001,5e-05,2025-03-04 00:00:00.001
1741060800000,5e-05,2025-03-04 04:00:00.000
1741075200005,4.54e-05,2025-03-04 08:00:00.005
1741089600000,-9.878e-05,2025-03-04 12:00:00.000
1741104000000,-2.115e-05,2025-03-04 16:00:00.000
1741118400000,-0.00012905,2025-03-04 20:00:00.000
1741132800000,7.54e-06,2025-03-05 00:00:00.000
1741147200000,-2.099e-05,2025-03-05 04:00:00.000
1741161600000,-2.019e-05,2025-03-05 08:00:00.000
1741176000000,5e-05,2025-03-05 12:00:00.000
1741190400000,5e-05,2025-03-05 16:00:00.000
1741204800000,-2.17e-05,2025-03-05 20:00:00.000
1741219200000,5e-05,2025-03-06 00:00:00.000
1741233600000,5e-05,2025-03-06 04:00:00.000
1741248000001,5e-05,2025-03-06 08:00:00.001
1741262400001,5e-05,2025-03-06 12:00:00.001
1741276800000,5e-05,2025-03-06 16:00:00.000
1741291200000,5e-05,2025-03-06 20:00:00.000
1741305600000,5e-05,2025-03-07 00:00:00.000
1741320000000,5e-05,2025-03-07 04:00:00.000
1741334400001,5e-05,2025-03-07 08:00:00.001
1741348800000,5e-05,2025-03-07 12:00:00.000
1741363200000,-5.877e-05,2025-03-07 16:00:00.000
1741377600000,8.14e-06,2025-03-07 20:00:00.000
1741392000000,-0.00014188,2025-03-08 00:00:00.000
1741406400000,9.71e-06,2025-03-08 04:00:00.000
1741420800001,-4.18e-06,2025-03-08 08:00:00.001
1741435200001,5e-05,2025-03-08 12:00:00.001
1741449600001,-4.098e-05,2025-03-08 16:00:00.001
1741464000001,1.93e-06,2025-03-08 20:00:00.001
1741478400001,2.23e-05,2025-03-09 00:00:00.001
1741492800000,4.617e-05,2025-03-09 04:00:00.000
1741507200000,9.55e-06,2025-03-09 08:00:00.000
1741521600000,5e-05,2025-03-09 12:00:00.000
1741536000000,5e-05,2025-03-09 16:00:00.000
1741550400000,1.504e-05,2025-03-09 20:00:00.000
1741564800000,-3.31e-06,2025-03-10 00:00:00.000
1741579200000,-0.00011018,2025-03-10 04:00:00.000
1741593600000,-5.693e-05,2025-03-10 08:00:00.000
1741608000000,-0.00010868,2025-03-10 12:00:00.000
1741622400000,-0.00010227,2025-03-10 16:00:00.000
1741636800000,5e-05,2025-03-10 20:00:00.000
1741651200000,5e-05,2025-03-11 00:00:00.000
1741665600000,-7.106e-05,2025-03-11 04:00:00.000
1741680000000,-0.00018107,2025-03-11 08:00:00.000
1741694400000,-0.00011815,2025-03-11 12:00:00.000
1741708800001,5e-05,2025-03-11 16:00:00.001
1741723200001,-8.738e-05,2025-03-11 20:00:00.001
1741737600000,-6.868e-05,2025-03-12 00:00:00.000
1741752000001,-0.00015174,2025-03-12 04:00:00.001
1741766400000,5e-05,2025-03-12 08:00:00.000
1741780800000,5e-05,2025-03-12 12:00:00.000
1741795200001,-0.00017036,2025-03-12 16:00:00.001
1741809600000,6.91e-06,2025-03-12 20:00:00.000
1741824000000,3.37e-05,2025-03-13 00:00:00.000
1741838400000,-3.847e-05,2025-03-13 04:00:00.000
1741852800000,-3.36e-05,2025-03-13 08:00:00.000
1741867200000,5e-05,2025-03-13 12:00:00.000
1741881600000,9.46e-06,2025-03-13 16:00:00.000
1741896000000,-4.36e-05,2025-03-13 20:00:00.000
1741910400000,-4.026e-05,2025-03-14 00:00:00.000
1741924800000,-6.183e-05,2025-03-14 04:00:00.000
1741939200000,-7.64e-06,2025-03-14 08:00:00.000
1741953600000,-0.00015329,2025-03-14 12:00:00.000
1741968000000,5e-05,2025-03-14 16:00:00.000
1741982400000,2.66e-06,2025-03-14 20:00:00.000
1741996800000,3.25e-06,2025-03-15 00:00:00.000
1742011200000,4.385e-05,2025-03-15 04:00:00.000
1742025600000,5e-05,2025-03-15 08:00:00.000
1742040000000,5e-05,2025-03-15 12:00:00.000
1742054400000,5e-05,2025-03-15 16:00:00.000
1742068800000,5e-05,2025-03-15 20:00:00.000
1742083200000,2.188e-05,2025-03-16 00:00:00.000
1742097600000,2.412e-05,2025-03-16 04:00:00.000
1742112000000,5e-05,2025-03-16 08:00:00.000
1742126400000,4.158e-05,2025-03-16 12:00:00.000
1742140800000,-7.862e-05,2025-03-16 16:00:00.000
1742155200000,5e-05,2025-03-16 20:00:00.000
1742169600000,-9.411e-05,2025-03-17 00:00:00.000
1742184000000,5e-05,2025-03-17 04:00:00.000
1742198400000,5e-05,2025-03-17 08:00:00.000
1742212800000,-0.00011697,2025-03-17 12:00:00.000
1742227200000,2.099e-05,2025-03-17 16:00:00.000
1742241600000,5e-05,2025-03-17 20:00:00.000
1742256000000,5e-05,2025-03-18 00:00:00.000
1742270400000,-3.38e-06,2025-03-18 04:00:00.000
1742284800000,5e-05,2025-03-18 08:00:00.000
1742299200001,5e-05,2025-03-18 12:00:00.001
1742313600000,2.94e-06,2025-03-18 16:00:00.000
1742328000000,-6.104e-05,2025-03-18 20:00:00.000
1742342400000,-5.279e-05,2025-03-19 00:00:00.000
1742356800000,5e-05,2025-03-19 04:00:00.000
1742371200000,-1.656e-05,2025-03-19 08:00:00.000
1742385600000,2.946e-05,2025-03-19 12:00:00.000
1742400000000,5e-05,2025-03-19 16:00:00.000
1742414400000,5e-05,2025-03-19 20:00:00.000
1742428800000,5e-05,2025-03-20 00:00:00.000
1742443200000,5e-05,2025-03-20 04:00:00.000
1742457600000,5e-05,2025-03-20 08:00:00.000
1742472000000,5e-05,2025-03-20 12:00:00.000
1742486400000,5e-05,2025-03-20 16:00:00.000
1742500800000,5e-05,2025-03-20 20:00:00.000
1742515200000,5e-05,2025-03-21 00:00:00.000
1742529600000,5e-05,2025-03-21 04:00:00.000
1742544000000,5e-05,2025-03-21 08:00:00.000
1742558400000,-1.3e-05,2025-03-21 12:00:00.000
1742572800000,-7.278e-05,2025-03-21 16:00:00.000
1742587200000,1.941e-05,2025-03-21 20:00:00.000
1742601600000,-3.624e-05,2025-03-22 00:00:00.000
1742616000001,-1.29e-06,2025-03-22 04:00:00.001
1742630400004,5e-05,2025-03-22 08:00:00.004
1742644800013,5e-05,2025-03-22 12:00:00.013
1742659200000,5e-05,2025-03-22 16:00:00.000
1742673600001,5e-05,2025-03-22 20:00:00.001
1742688000000,5e-05,2025-03-23 00:00:00.000
1742702400000,5e-05,2025-03-23 04:00:00.000
1742716800000,5e-05,2025-03-23 08:00:00.000
1742731200000,5e-05,2025-03-23 12:00:00.000
1742745600000,5e-05,2025-03-23 16:00:00.000
1742760000000,5e-05,2025-03-23 20:00:00.000
1742774400000,5e-05,2025-03-24 00:00:00.000
1742788800000,5e-05,2025-03-24 04:00:00.000
1742803200000,5e-05,2025-03-24 08:00:00.000
1742817600000,5e-05,2025-03-24 12:00:00.000
1742832000000,5e-05,2025-03-24 16:00:00.000
1742846400004,5e-05,2025-03-24 20:00:00.004
1742860800001,5e-05,2025-03-25 00:00:00.001
1742875200000,5e-05,2025-03-25 04:00:00.000
1742889600000,5e-05,2025-03-25 08:00:00.000
1742904000000,5e-05,2025-03-25 12:00:00.000
1742918400000,5e-05,2025-03-25 16:00:00.000
1742932800000,5e-05,2025-03-25 20:00:00.000
1742947200000,5e-05,2025-03-26 00:00:00.000
1742961600001,5e-05,2025-03-26 04:00:00.001
1742976000000,5e-05,2025-03-26 08:00:00.000
1742990400000,-9.07e-06,2025-03-26 12:00:00.000
1743004800001,5e-05,2025-03-26 16:00:00.001
1743019200000,5e-05,2025-03-26 20:00:00.000
1743033600001,5e-05,2025-03-27 00:00:00.001
1743048000000,5e-05,2025-03-27 04:00:00.000
1743062400001,5e-05,2025-03-27 08:00:00.001
1743076800000,5e-05,2025-03-27 12:00:00.000
1743091200002,5e-05,2025-03-27 16:00:00.002
1743105600000,5e-05,2025-03-27 20:00:00.000
1743120000001,5e-05,2025-03-28 00:00:00.001
1743134400000,5e-05,2025-03-28 04:00:00.000
1743148800001,5e-05,2025-03-28 08:00:00.001
1743163200000,5e-05,2025-03-28 12:00:00.000
1743177600000,6.24e-06,2025-03-28 16:00:00.000
1743192000000,5e-05,2025-03-28 20:00:00.000
1743206400000,-0.00012715,2025-03-29 00:00:00.000
1743220800001,2.999e-05,2025-03-29 04:00:00.001
1743235200000,5e-05,2025-03-29 08:00:00.000
1743249600000,-8.125e-05,2025-03-29 12:00:00.000
1743264000000,-0.00010517,2025-03-29 16:00:00.000
1743278400000,-7.744e-05,2025-03-29 20:00:00.000
1743292800000,-9.327e-05,2025-03-30 00:00:00.000
1743307200000,-0.00021122,2025-03-30 04:00:00.000
1743321600000,-0.00014647,2025-03-30 08:00:00.000
1743336000000,-0.00010622,2025-03-30 12:00:00.000
1743350400000,5.59e-06,2025-03-30 16:00:00.000
1743364800000,-2.237e-05,2025-03-30 20:00:00.000
1743379200000,-4.3e-05,2025-03-31 00:00:00.000
1743393600000,-4.232e-05,2025-03-31 04:00:00.000
1743408000000,-0.00014481,2025-03-31 08:00:00.000
1743422400000,1.957e-05,2025-03-31 12:00:00.000
1743436800000,-0.0002306,2025-03-31 16:00:00.000
1743451200000,-5.884e-05,2025-03-31 20:00:00.000
1743465600000,-8.161e-05,2025-04-01 00:00:00.000
1743480000001,-0.00021537,2025-04-01 04:00:00.001
1743494400001,2.31e-06,2025-04-01 08:00:00.001
1743508800000,-0.00010448,2025-04-01 12:00:00.000
1743523200000,-2.744e-05,2025-04-01 16:00:00.000
1743537600003,-6.797e-05,2025-04-01 20:00:00.003
1743552000001,-2.994e-05,2025-04-02 00:00:00.001
1743566400001,3.675e-05,2025-04-02 04:00:00.001
1743580800000,1.089e-05,2025-04-02 08:00:00.000
1743595200002,2.856e-05,2025-04-02 12:00:00.002
1743609600000,-0.00021466,2025-04-02 16:00:00.000
1743624000000,-7.74e-05,2025-04-02 20:00:00.000
1743638400000,-0.00012444,2025-04-03 00:00:00.000
1743652800000,-0.00018408,2025-04-03 04:00:00.000
1743667200000,-5.481e-05,2025-04-03 08:00:00.000
1743681600000,-0.00013933,2025-04-03 12:00:00.000
1743696000000,-8.133e-05,2025-04-03 16:00:00.000
1743710400000,-0.00018467,2025-04-03 20:00:00.000
1743724800000,-0.00013258,2025-04-04 00:00:00.000
1743739200000,3.876e-05,2025-04-04 04:00:00.000
1743753600000,5e-05,2025-04-04 08:00:00.000
1743768000000,-0.00010818,2025-04-04 12:00:00.000
1743782400000,1.522e-05,2025-04-04 16:00:00.000
1743796800001,5e-05,2025-04-04 20:00:00.001
1743811200000,5e-05,2025-04-05 00:00:00.000
1743825600000,5e-05,2025-04-05 04:00:00.000
1743840000000,5e-05,2025-04-05 08:00:00.000
1743854400000,5e-05,2025-04-05 12:00:00.000
1743868800000,-4.719e-05,2025-04-05 16:00:00.000
1743883200000,4.28e-06,2025-04-05 20:00:00.000
1743897600000,-4.304e-05,2025-04-06 00:00:00.000
1743912000000,5e-05,2025-04-06 04:00:00.000
1743926400000,-8.418e-05,2025-04-06 08:00:00.000
1743940800001,-2.908e-05,2025-04-06 12:00:00.001
1743955200002,5.98e-06,2025-04-06 16:00:00.002
1743969600001,-0.0001259,2025-04-06 20:00:00.001
1743984000000,-0.00031663,2025-04-07 00:00:00.000
1743998400000,-0.00021089,2025-04-07 04:00:00.000
1744012800000,1.13e-05,2025-04-07 08:00:00.000
1744027200000,-0.00014521,2025-04-07 12:00:00.000
1744041600000,-0.00015547,2025-04-07 16:00:00.000
1744056000000,-0.00025214,2025-04-07 20:00:00.000
1744070400000,-0.00024059,2025-04-08 00:00:00.000
1744084800000,-7.048e-05,2025-04-08 04:00:00.000
1744099200000,3.765e-05,2025-04-08 08:00:00.000
1744113600000,-6.553e-05,2025-04-08 12:00:00.000
1744128000000,-6.99e-06,2025-04-08 16:00:00.000
1744142400000,4.967e-05,2025-04-08 20:00:00.000
1744156800000,-7.652e-05,2025-04-09 00:00:00.000
1744171200000,-8.008e-05,2025-04-09 04:00:00.000
1744185600001,-0.00021989,2025-04-09 08:00:00.001
1744200000000,-3.428e-05,2025-04-09 12:00:00.000
1744214400000,-1.15e-06,2025-04-09 16:00:00.000
1744228800000,-4.568e-05,2025-04-09 20:00:00.000
1744243200000,5e-05,2025-04-10 00:00:00.000
1744257600000,5e-05,2025-04-10 04:00:00.000
1744272000000,5e-05,2025-04-10 08:00:00.000
1744286400000,5e-05,2025-04-10 12:00:00.000
1744300800000,-2.838e-05,2025-04-10 16:00:00.000
1744315200000,-0.00032783,2025-04-10 20:00:00.000
1744329600001,3.347e-05,2025-04-11 00:00:00.001
1744344000001,-4.951e-05,2025-04-11 04:00:00.001
1744358400000,2.942e-05,2025-04-11 08:00:00.000
1744372800000,-0.00047824,2025-04-11 12:00:00.000
1744387200000,-0.00063112,2025-04-11 16:00:00.000
1744401600001,-0.00016444,2025-04-11 20:00:00.001
1744416000000,-2.152e-05,2025-04-12 00:00:00.000
1744430400000,-8.914e-05,2025-04-12 04:00:00.000
1744444800001,-0.00018625,2025-04-12 08:00:00.001
1744459200001,3.361e-05,2025-04-12 12:00:00.001
1744473600000,-0.0003883,2025-04-12 16:00:00.000
1744488000000,-9.7e-06,2025-04-12 20:00:00.000
1744502400000,-3.498e-05,2025-04-13 00:00:00.000
1744516800000,-2.85e-05,2025-04-13 04:00:00.000
1744531200000,3.274e-05,2025-04-13 08:00:00.000
1744545600000,-2.907e-05,2025-04-13 12:00:00.000
1744560000000,1.233e-05,2025-04-13 16:00:00.000
1744574400000,-5.48e-05,2025-04-13 20:00:00.000
1744588800000,-3.599e-05,2025-04-14 00:00:00.000
1744603200000,-0.00018266,2025-04-14 04:00:00.000
1744617600000,-0.00013633,2025-04-14 08:00:00.000
1744632000002,-0.00016433,2025-04-14 12:00:00.002
1744646400000,-0.00015446,2025-04-14 16:00:00.000
1744660800000,-3.23e-05,2025-04-14 20:00:00.000
1744675200000,1.571e-05,2025-04-15 00:00:00.000
1744689600001,-2.449e-05,2025-04-15 04:00:00.001
1744704000000,-3.999e-05,2025-04-15 08:00:00.000
1744718400000,-0.0001435,2025-04-15 12:00:00.000
1744732800001,-0.00028358,2025-04-15 16:00:00.001
1744747200000,-2.289e-05,2025-04-15 20:00:00.000
1744761600000,6.05e-06,2025-04-16 00:00:00.000
1744776000000,-0.0002909,2025-04-16 04:00:00.000
1744790400000,2.07e-06,2025-04-16 08:00:00.000
1744804800000,-8.978e-05,2025-04-16 12:00:00.000
1744819200000,-0.00017905,2025-04-16 16:00:00.000
1744833600000,4.925e-05,2025-04-16 20:00:00.000
1744848000001,1.397e-05,2025-04-17 00:00:00.001
1744862400000,5e-05,2025-04-17 04:00:00.000
1744876800000,5e-05,2025-04-17 08:00:00.000
1744891200000,5e-05,2025-04-17 12:00:00.000
1744905600001,5e-05,2025-04-17 16:00:00.001
1744920000001,5e-05,2025-04-17 20:00:00.001
1744934400000,-2.994e-05,2025-04-18 00:00:00.000
1744948800000,9.75e-06,2025-04-18 04:00:00.000
1744963200000,5e-05,2025-04-18 08:00:00.000
1744977600000,-6.41e-06,2025-04-18 12:00:00.000
1744992000000,-2.054e-05,2025-04-18 16:00:00.000
1745006400000,4.561e-05,2025-04-18 20:00:00.000
1745020800000,-3.511e-05,2025-04-19 00:00:00.000
1745035200000,3.977e-05,2025-04-19 04:00:00.000
1745049600000,-6e-07,2025-04-19 08:00:00.000
1745064000000,-8.056e-05,2025-04-19 12:00:00.000
1745078400000,5.63e-06,2025-04-19 16:00:00.000
1745092800000,1.1e-06,2025-04-19 20:00:00.000
1745107200000,6e-06,2025-04-20 00:00:00.000
1745121600000,1.91e-06,2025-04-20 04:00:00.000
1745136000000,5e-05,2025-04-20 08:00:00.000
1745150400001,3.95e-06,2025-04-20 12:00:00.001
1745164800000,-9.918e-05,2025-04-20 16:00:00.000
1745179200000,-1.324e-05,2025-04-20 20:00:00.000
1745193600000,-1.519e-05,2025-04-21 00:00:00.000
1745208000000,5e-05,2025-04-21 04:00:00.000
1745222400005,5e-05,2025-04-21 08:00:00.005
1745236800002,5e-05,2025-04-21 12:00:00.002
1745251200003,5e-05,2025-04-21 16:00:00.003
1745265600006,5e-05,2025-04-21 20:00:00.006
1745280000008,-1.757e-05,2025-04-22 00:00:00.008
1745294400000,-3.148e-05,2025-04-22 04:00:00.000
1745308800000,-8.425e-05,2025-04-22 08:00:00.000
1745323200001,-5.48e-06,2025-04-22 12:00:00.001
1745337600000,4.834e-05,2025-04-22 16:00:00.000
1745352000004,5e-05,2025-04-22 20:00:00.004
1745366400000,5e-05,2025-04-23 00:00:00.000
1745380800000,5e-05,2025-04-23 04:00:00.000
1745395200002,5e-05,2025-04-23 08:00:00.002
1745409600005,5e-05,2025-04-23 12:00:00.005
1745424000000,5e-05,2025-04-23 16:00:00.000
1745438400001,5e-05,2025-04-23 20:00:00.001
1745452800000,5e-05,2025-04-24 00:00:00.000
1745467200003,5e-05,2025-04-24 04:00:00.003
1745481600001,5e-05,2025-04-24 08:00:00.001
1745496000001,5e-05,2025-04-24 12:00:00.001
1745510400001,4.975e-05,2025-04-24 16:00:00.001
1745524800006,5e-05,2025-04-24 20:00:00.006
1745539200007,5e-05,2025-04-25 00:00:00.007
1745553600001,5e-05,2025-04-25 04:00:00.001
1745568000002,5e-05,2025-04-25 08:00:00.002
1745582400000,5e-05,2025-04-25 12:00:00.000
1745596800003,5e-05,2025-04-25 16:00:00.003
1745611200001,5e-05,2025-04-25 20:00:00.001
1745625600002,5e-05,2025-04-26 00:00:00.002
1745640000001,-1.182e-05,2025-04-26 04:00:00.001
1745654400000,-2.872e-05,2025-04-26 08:00:00.000
1745668800000,2.64e-06,2025-04-26 12:00:00.000
1745683200002,7.96e-06,2025-04-26 16:00:00.002
1745697600000,5e-05,2025-04-26 20:00:00.000
1745712000001,-2.303e-05,2025-04-27 00:00:00.001
1745726400001,5e-05,2025-04-27 04:00:00.001
1745740800000,3.752e-05,2025-04-27 08:00:00.000
1745755200000,4.646e-05,2025-04-27 12:00:00.000
1745769600000,5e-05,2025-04-27 16:00:00.000
1745784000003,-4.321e-05,2025-04-27 20:00:00.003
1745798400001,5e-05,2025-04-28 00:00:00.001
1745812800001,5e-05,2025-04-28 04:00:00.001
1745827200003,5e-05,2025-04-28 08:00:00.003
1745841600000,0.00042296,2025-04-28 12:00:00.000
1745856000005,-5.075e-05,2025-04-28 16:00:00.005
1745870400002,-5.253e-05,2025-04-28 20:00:00.002
1745884800000,4.24e-06,2025-04-29 00:00:00.000
1745899200000,-4.353e-05,2025-04-29 04:00:00.000
1745913600000,5e-05,2025-04-29 08:00:00.000
1745928000001,-3.114e-05,2025-04-29 12:00:00.001
1745942400010,-7.587e-05,2025-04-29 16:00:00.010
1745956800002,-4.26e-06,2025-04-29 20:00:00.002
1745971200001,-6.583e-05,2025-04-30 00:00:00.001
1745985600001,-0.00014307,2025-04-30 04:00:00.001
1746000000000,-4.073e-05,2025-04-30 08:00:00.000
1746014400001,-9.36e-06,2025-04-30 12:00:00.001
1746028800003,-0.00032864,2025-04-30 16:00:00.003
1746043200002,-0.00020448,2025-04-30 20:00:00.002
1746057600000,-0.00029628,2025-05-01 00:00:00.000
1746072000008,-0.0001248,2025-05-01 04:00:00.008
1746086400000,-6.99e-06,2025-05-01 08:00:00.000
1746100800001,-0.00012347,2025-05-01 12:00:00.001
1746115200001,-0.0001993,2025-05-01 16:00:00.001
1746129600000,-0.00022331,2025-05-01 20:00:00.000
1746144000000,-0.00011133,2025-05-02 00:00:00.000
1746158400000,-6.493e-05,2025-05-02 04:00:00.000
1746172800000,-0.00022493,2025-05-02 08:00:00.000
1746187200005,-0.0002228,2025-05-02 12:00:00.005
1746201600003,-0.00013529,2025-05-02 16:00:00.003
1746216000003,-0.00013206,2025-05-02 20:00:00.003
1746230400000,5e-05,2025-05-03 00:00:00.000
1746244800001,5e-05,2025-05-03 04:00:00.001
1746259200000,-0.00014129,2025-05-03 08:00:00.000
1746273600006,-0.00016495,2025-05-03 12:00:00.006
1746288000000,-7.728e-05,2025-05-03 16:00:00.000
1746302400000,-4.872e-05,2025-05-03 20:00:00.000
1746316800001,-0.00013385,2025-05-04 00:00:00.001
1746331200004,-1.236e-05,2025-05-04 04:00:00.004
1746345600001,-6.006e-05,2025-05-04 08:00:00.001
1746360000006,-0.0001114,2025-05-04 12:00:00.006
1746374400002,-0.00011251,2025-05-04 16:00:00.002
1746388800000,-6.75e-05,2025-05-04 20:00:00.000
1746403200000,-3.679e-05,2025-05-05 00:00:00.000
1746417600000,1.996e-05,2025-05-05 04:00:00.000
1746432000000,-0.00013958,2025-05-05 08:00:00.000
1746446400000,-6.651e-05,2025-05-05 12:00:00.000
1746460800006,-7.737e-05,2025-05-05 16:00:00.006
1746475200000,6.48e-06,2025-05-05 20:00:00.000
1746489600002,-3.67e-05,2025-05-06 00:00:00.002
1746504000000,-4.82e-06,2025-05-06 04:00:00.000
1746518400005,1.15e-05,2025-05-06 08:00:00.005
1746532800000,-0.00011792,2025-05-06 12:00:00.000
1746547200000,-8.166e-05,2025-05-06 16:00:00.000
1746561600000,-7.1e-06,2025-05-06 20:00:00.000
1746576000002,2.146e-05,2025-05-07 00:00:00.002
1746590400004,5e-05,2025-05-07 04:00:00.004
1746604800000,-6.75e-06,2025-05-07 08:00:00.000
1746619200000,-4.945e-05,2025-05-07 12:00:00.000
1746633600006,-1.708e-05,2025-05-07 16:00:00.006
1746648000000,5e-05,2025-05-07 20:00:00.000
1746662400000,5e-05,2025-05-08 00:00:00.000
1746676800005,-6.399e-05,2025-05-08 04:00:00.005
1746691200001,5e-05,2025-05-08 08:00:00.001
1746705600000,5e-05,2025-05-08 12:00:00.000
1746720000002,5e-05,2025-05-08 16:00:00.002
1746734400006,5e-05,2025-05-08 20:00:00.006
1746748800001,5e-05,2025-05-09 00:00:00.001
1746763200000,5e-05,2025-05-09 04:00:00.000
1746777600006,5e-05,2025-05-09 08:00:00.006
1746792000000,5e-05,2025-05-09 12:00:00.000
1746806400000,5e-05,2025-05-09 16:00:00.000
1746820800000,5e-05,2025-05-09 20:00:00.000
1746835200001,5e-05,2025-05-10 00:00:00.001
1746849600003,5e-05,2025-05-10 04:00:00.003
1746864000000,5e-05,2025-05-10 08:00:00.000
1746878400000,5e-05,2025-05-10 12:00:00.000
1746892800001,5e-05,2025-05-10 16:00:00.001
1746907200000,5e-05,2025-05-10 20:00:00.000
1746921600000,5e-05,2025-05-11 00:00:00.000
1746936000000,5e-05,2025-05-11 04:00:00.000
1746950400001,5e-05,2025-05-11 08:00:00.001
1746964800001,5e-05,2025-05-11 12:00:00.001
1746979200001,5e-05,2025-05-11 16:00:00.001
1746993600000,5e-05,2025-05-11 20:00:00.000
1747008000004,5e-05,2025-05-12 00:00:00.004
1747022400003,5e-05,2025-05-12 04:00:00.003
1747036800000,5e-05,2025-05-12 08:00:00.000
1747051200000,5e-05,2025-05-12 12:00:00.000
1747065600000,5e-05,2025-05-12 16:00:00.000
1747080000004,5e-05,2025-05-12 20:00:00.004
1747094400000,5e-05,2025-05-13 00:00:00.000
1747108800000,5e-05,2025-05-13 04:00:00.000
1747123200008,5e-05,2025-05-13 08:00:00.008
1747137600000,5e-05,2025-05-13 12:00:00.000
1747152000001,5e-05,2025-05-13 16:00:00.001
1747166400006,5e-05,2025-05-13 20:00:00.006
1747180800007,0.00010004,2025-05-14 00:00:00.007
1747195200000,5e-05,2025-05-14 04:00:00.000
1747209600000,5e-05,2025-05-14 08:00:00.000
1747224000000,5e-05,2025-05-14 12:00:00.000
1747238400002,5e-05,2025-05-14 16:00:00.002
1747252800007,5e-05,2025-05-14 20:00:00.007
1747267200000,5e-05,2025-05-15 00:00:00.000
1747281600000,-2.054e-05,2025-05-15 04:00:00.000
1747296000003,1.69e-05,2025-05-15 08:00:00.003
1747310400000,-4.279e-05,2025-05-15 12:00:00.000
1747324800000,-2.883e-05,2025-05-15 16:00:00.000
1747339200001,5e-05,2025-05-15 20:00:00.001
1747353600001,-6.539e-05,2025-05-16 00:00:00.001
1747368000001,1.442e-05,2025-05-16 04:00:00.001
1747382400000,-8.228e-05,2025-05-16 08:00:00.000
1747396800006,5.07e-06,2025-05-16 12:00:00.006
1747411200000,6.69e-06,2025-05-16 16:00:00.000
1747425600002,5e-05,2025-05-16 20:00:00.002
1747440000000,-0.00010092,2025-05-17 00:00:00.000
1747454400000,-0.00015392,2025-05-17 04:00:00.000
1747468800001,-0.00014136,2025-05-17 08:00:00.001
1747483200002,-3.064e-05,2025-05-17 12:00:00.002
1747497600004,1.151e-05,2025-05-17 16:00:00.004
1747512000003,-3.63e-06,2025-05-17 20:00:00.003
1747526400000,-2.664e-05,2025-05-18 00:00:00.000
1747540800003,5e-05,2025-05-18 04:00:00.003
1747555200000,5e-05,2025-05-18 08:00:00.000
1747569600010,5e-05,2025-05-18 12:00:00.010
1747584000000,5e-05,2025-05-18 16:00:00.000
1747598400001,-8.47e-06,2025-05-18 20:00:00.001
1747612800000,5e-05,2025-05-19 00:00:00.000
1747627200004,5e-05,2025-05-19 04:00:00.004
1747641600006,1.167e-05,2025-05-19 08:00:00.006
1747656000000,-7.386e-05,2025-05-19 12:00:00.000
1747670400010,-8.43e-06,2025-05-19 16:00:00.010
1747684800000,5e-05,2025-05-19 20:00:00.000
1747699200000,5e-05,2025-05-20 00:00:00.000
1747713600000,5e-05,2025-05-20 04:00:00.000
1747728000002,5e-05,2025-05-20 08:00:00.002
1747742400003,5e-05,2025-05-20 12:00:00.003
1747756800000,1.243e-05,2025-05-20 16:00:00.000
1747771200000,9.53e-06,2025-05-20 20:00:00.000
1747785600000,5e-05,2025-05-21 00:00:00.000
1747800000000,5e-05,2025-05-21 04:00:00.000
1747814400001,5e-05,2025-05-21 08:00:00.001
1747828800007,5e-05,2025-05-21 12:00:00.007
1747843200004,5e-05,2025-05-21 16:00:00.004
1747857600001,5e-05,2025-05-21 20:00:00.001
1747872000001,5e-05,2025-05-22 00:00:00.001
1747886400000,5e-05,2025-05-22 04:00:00.000
1747900800000,5e-05,2025-05-22 08:00:00.000
1747915200000,5e-05,2025-05-22 12:00:00.000
1747929600002,5e-05,2025-05-22 16:00:00.002
1747944000001,5e-05,2025-05-22 20:00:00.001
1747958400006,5e-05,2025-05-23 00:00:00.006
1747972800000,5e-05,2025-05-23 04:00:00.000
1747987200000,5e-05,2025-05-23 08:00:00.000
1748001600003,5e-05,2025-05-23 12:00:00.003
1748016000007,5e-05,2025-05-23 16:00:00.007
1748030400006,5e-05,2025-05-23 20:00:00.006
1748044800010,5e-05,2025-05-24 00:00:00.010
1748059200000,5e-05,2025-05-24 04:00:00.000
1748073600000,5e-05,2025-05-24 08:00:00.000
1748088000007,5e-05,2025-05-24 12:00:00.007
1748102400003,5e-05,2025-05-24 16:00:00.003
1748116800000,5e-05,2025-05-24 20:00:00.000
1748131200004,5e-05,2025-05-25 00:00:00.004
1748145600001,5e-05,2025-05-25 04:00:00.001
1748160000000,5e-05,2025-05-25 08:00:00.000
1748174400000,5e-05,2025-05-25 12:00:00.000
1748188800000,5e-05,2025-05-25 16:00:00.000
1748203200010,9.02e-06,2025-05-25 20:00:00.010
1748217600000,3.934e-05,2025-05-26 00:00:00.000
1748232000000,5e-05,2025-05-26 04:00:00.000
1748246400000,5e-05,2025-05-26 08:00:00.000
1748260800000,5e-05,2025-05-26 12:00:00.000
1748275200002,5e-05,2025-05-26 16:00:00.002
1748289600000,5e-05,2025-05-26 20:00:00.000
1748304000003,5e-05,2025-05-27 00:00:00.003
1748318400000,5e-05,2025-05-27 04:00:00.000
1748332800001,5e-05,2025-05-27 08:00:00.001
1748347200005,5e-05,2025-05-27 12:00:00.005
1748361600005,5e-05,2025-05-27 16:00:00.005
1748376000005,5e-05,2025-05-27 20:00:00.005
1748390400002,5e-05,2025-05-28 00:00:00.002
1748404800010,5e-05,2025-05-28 04:00:00.010
1748419200003,5e-05,2025-05-28 08:00:00.003
1748433600000,5e-05,2025-05-28 12:00:00.000
1748448000002,5e-05,2025-05-28 16:00:00.002
1748462400000,5e-05,2025-05-28 20:00:00.000
1748476800000,5e-05,2025-05-29 00:00:00.000
1748491200000,5e-05,2025-05-29 04:00:00.000
1748505600006,5e-05,2025-05-29 08:00:00.006
1748520000001,5e-05,2025-05-29 12:00:00.001
1748534400000,5e-05,2025-05-29 16:00:00.000
1748548800010,5e-05,2025-05-29 20:00:00.010
1748563200003,5e-05,2025-05-30 00:00:00.003
1748577600000,-3.398e-05,2025-05-30 04:00:00.000
1748592000003,-4.624e-05,2025-05-30 08:00:00.003
1748606400006,-2.724e-05,2025-05-30 12:00:00.006
1748620800000,-6.397e-05,2025-05-30 16:00:00.000
1748635200005,-7.175e-05,2025-05-30 20:00:00.005
1748649600000,-4.307e-05,2025-05-31 00:00:00.000
1748664000004,2.02e-06,2025-05-31 04:00:00.004
1748678400000,-9.659e-05,2025-05-31 08:00:00.000
1748692800000,4.236e-05,2025-05-31 12:00:00.000
1748707200000,-3.328e-05,2025-05-31 16:00:00.000
1748721600004,8.6e-07,2025-05-31 20:00:00.004
1748736000001,5e-05,2025-06-01 00:00:00.001
1748750400001,5e-05,2025-06-01 04:00:00.001
1748764800002,-1.929e-05,2025-06-01 08:00:00.002
1748779200008,5e-05,2025-06-01 12:00:00.008
1748793600000,-2.947e-05,2025-06-01 16:00:00.000
1748808000003,-1.478e-05,2025-06-01 20:00:00.003
1748822400001,-9.6e-07,2025-06-02 00:00:00.001
1748836800004,5e-05,2025-06-02 04:00:00.004
1748851200000,5e-05,2025-06-02 08:00:00.000
1748865600002,-5.76e-06,2025-06-02 12:00:00.002
1748880000000,3.88e-05,2025-06-02 16:00:00.000
1748894400002,-3.924e-05,2025-06-02 20:00:00.002
1748908800000,5e-05,2025-06-03 00:00:00.000
1748923200001,5e-05,2025-06-03 04:00:00.001
1748937600000,-3.911e-05,2025-06-03 08:00:00.000
1748952000000,6.95e-06,2025-06-03 12:00:00.000
1748966400001,5e-05,2025-06-03 16:00:00.001
1748980800000,5e-05,2025-06-03 20:00:00.000
1748995200000,5e-05,2025-06-04 00:00:00.000
1749009600001,5e-05,2025-06-04 04:00:00.001
1749024000000,5e-05,2025-06-04 08:00:00.000
1749038400000,5e-05,2025-06-04 12:00:00.000
1749052800000,5e-05,2025-06-04 16:00:00.000
1749067200001,5e-05,2025-06-04 20:00:00.001
1749081600016,1.905e-05,2025-06-05 00:00:00.016
1749096000001,-1.866e-05,2025-06-05 04:00:00.001
1749110400000,3.538e-05,2025-06-05 08:00:00.000
1749124800003,1.452e-05,2025-06-05 12:00:00.003
1749139200000,-1.676e-05,2025-06-05 16:00:00.000
1749153600002,-8.09e-05,2025-06-05 20:00:00.002
1749168000002,-0.00018532,2025-06-06 00:00:00.002
1749182400000,-0.00011689,2025-06-06 04:00:00.000
1749196800000,-6.38e-06,2025-06-06 08:00:00.000
1749211200002,5e-05,2025-06-06 12:00:00.002
1749225600006,5e-05,2025-06-06 16:00:00.006
1749240000000,5e-05,2025-06-06 20:00:00.000
1749254400000,5e-05,2025-06-07 00:00:00.000
1749268800000,-1.23e-05,2025-06-07 04:00:00.000
1749283200000,3.536e-05,2025-06-07 08:00:00.000
1749297600000,5e-05,2025-06-07 12:00:00.000
1749312000002,5e-05,2025-06-07 16:00:00.002
1749326400002,5e-05,2025-06-07 20:00:00.002
1749340800000,4.081e-05,2025-06-08 00:00:00.000
1749355200000,5e-05,2025-06-08 04:00:00.000
1749369600000,5e-05,2025-06-08 08:00:00.000
1749384000020,4.805e-05,2025-06-08 12:00:00.020
1749398400000,5e-05,2025-06-08 16:00:00.000
1749412800001,2.504e-05,2025-06-08 20:00:00.001
1749427200000,5e-05,2025-06-09 00:00:00.000
1749441600003,5e-05,2025-06-09 04:00:00.003
1749456000001,1.485e-05,2025-06-09 08:00:00.001
1749470400000,5e-05,2025-06-09 12:00:00.000
1749484800001,2.703e-05,2025-06-09 16:00:00.001
1749499200012,2.02e-06,2025-06-09 20:00:00.012
1749513600000,5e-05,2025-06-10 00:00:00.000
1749528000000,5e-05,2025-06-10 04:00:00.000
1749542400001,5e-05,2025-06-10 08:00:00.001
1749556800005,5e-05,2025-06-10 12:00:00.005
1749571200003,5e-05,2025-06-10 16:00:00.003
1749585600010,5e-05,2025-06-10 20:00:00.010
1749600000000,5e-05,2025-06-11 00:00:00.000
1749614400006,5e-05,2025-06-11 04:00:00.006
1749628800000,5e-05,2025-06-11 08:00:00.000
1749643200007,5e-05,2025-06-11 12:00:00.007
1749657600010,5e-05,2025-06-11 16:00:00.010
1749672000012,5e-05,2025-06-11 20:00:00.012
1749686400002,5e-05,2025-06-12 00:00:00.002
1749700800000,5e-05,2025-06-12 04:00:00.000
1749715200003,5e-05,2025-06-12 08:00:00.003
1749729600001,-5.62e-05,2025-06-12 12:00:00.001
1749744000001,-4.891e-05,2025-06-12 16:00:00.001
1749758400003,-7.645e-05,2025-06-12 20:00:00.003
1749772800000,-7.714e-05,2025-06-13 00:00:00.000
1749787200002,-0.00017043,2025-06-13 04:00:00.002
1749801600001,-0.0001425,2025-06-13 08:00:00.001
1749816000000,-9.272e-05,2025-06-13 12:00:00.000
1749830400004,-9.518e-05,2025-06-13 16:00:00.004
1749844800001,2.411e-05,2025-06-13 20:00:00.001
1749859200000,-4.147e-05,2025-06-14 00:00:00.000
1749873600000,1.779e-05,2025-06-14 04:00:00.000
1749888000000,4.222e-05,2025-06-14 08:00:00.000
1749902400007,-4.131e-05,2025-06-14 12:00:00.007
1749916800000,5e-05,2025-06-14 16:00:00.000
1749931200005,-8.908e-05,2025-06-14 20:00:00.005
1749945600005,-0.00010088,2025-06-15 00:00:00.005
1749960000004,-8.101e-05,2025-06-15 04:00:00.004
1749974400009,5e-05,2025-06-15 08:00:00.009
1749988800000,5e-05,2025-06-15 12:00:00.000
1750003200000,-2.086e-05,2025-06-15 16:00:00.000
1750017600000,-2.692e-05,2025-06-15 20:00:00.000
1750032000000,1.05e-05,2025-06-16 00:00:00.000
1750046400009,1.8e-06,2025-06-16 04:00:00.009
1750060800000,2.243e-05,2025-06-16 08:00:00.000
1750075200000,5e-05,2025-06-16 12:00:00.000
1750089600003,5e-05,2025-06-16 16:00:00.003
1750104000000,5e-05,2025-06-16 20:00:00.000
1750118400000,5e-05,2025-06-17 00:00:00.000
1750132800000,5e-05,2025-06-17 04:00:00.000
1750147200006,2.458e-05,2025-06-17 08:00:00.006
1750161600001,4.211e-05,2025-06-17 12:00:00.001
1750176000001,-1.402e-05,2025-06-17 16:00:00.001
1750190400000,-5.541e-05,2025-06-17 20:00:00.000
1750204800001,-7.506e-05,2025-06-18 00:00:00.001
1750219200001,-6.021e-05,2025-06-18 04:00:00.001
1750233600001,5e-05,2025-06-18 08:00:00.001
1750248000003,4.433e-05,2025-06-18 12:00:00.003
1750262400001,4.547e-05,2025-06-18 16:00:00.001
1750276800000,-2.57e-06,2025-06-18 20:00:00.000
1750291200005,-7.003e-05,2025-06-19 00:00:00.005
1750305600005,5e-05,2025-06-19 04:00:00.005
1750320000003,-2.17e-06,2025-06-19 08:00:00.003
1750334400000,-6.217e-05,2025-06-19 12:00:00.000
1750348800000,5e-05,2025-06-19 16:00:00.000
1750363200000,2.431e-05,2025-06-19 20:00:00.000
1750377600000,4.379e-05,2025-06-20 00:00:00.000
1750392000017,5e-05,2025-06-20 04:00:00.017
1750406400002,5e-05,2025-06-20 08:00:00.002
1750420800002,-2.537e-05,2025-06-20 12:00:00.002
1750435200001,4.08e-06,2025-06-20 16:00:00.001
1750449600000,4.553e-05,2025-06-20 20:00:00.000
1750464000002,3.822e-05,2025-06-21 00:00:00.002
1750478400003,2.228e-05,2025-06-21 04:00:00.003
1750492800005,4.719e-05,2025-06-21 08:00:00.005
1750507200000,-3.455e-05,2025-06-21 12:00:00.000
1750521600000,-9.173e-05,2025-06-21 16:00:00.000
1750536000002,3.826e-05,2025-06-21 20:00:00.002
1750550400005,3.563e-05,2025-06-22 00:00:00.005
1750564800000,-5.985e-05,2025-06-22 04:00:00.000
1750579200000,-2.585e-05,2025-06-22 08:00:00.000
1750593600003,-2.405e-05,2025-06-22 12:00:00.003
1750608000003,3.173e-05,2025-06-22 16:00:00.003
1750622400005,-8.346e-05,2025-06-22 20:00:00.005
1750636800000,-0.00019959,2025-06-23 00:00:00.000
1750651200007,5e-05,2025-06-23 04:00:00.007
1750665600004,-5.604e-05,2025-06-23 08:00:00.004
1750680000001,5e-05,2025-06-23 12:00:00.001
1750694400013,2.699e-05,2025-06-23 16:00:00.013
1750708800000,5e-05,2025-06-23 20:00:00.000
1750723200003,-4.919e-05,2025-06-24 00:00:00.003
1750737600001,5e-05,2025-06-24 04:00:00.001
1750752000000,-0.00010396,2025-06-24 08:00:00.000
1750766400001,3.182e-05,2025-06-24 12:00:00.001
1750780800000,5e-05,2025-06-24 16:00:00.000
1750795200000,-7.817e-05,2025-06-24 20:00:00.000
1750809600005,5e-05,2025-06-25 00:00:00.005
1750824000000,-6.988e-05,2025-06-25 04:00:00.000
1750838400000,5e-05,2025-06-25 08:00:00.000
1750852800003,3.89e-05,2025-06-25 12:00:00.003
1750867200005,-7.148e-05,2025-06-25 16:00:00.005
1750881600002,5e-05,2025-06-25 20:00:00.002
1750896000000,-1.102e-05,2025-06-26 00:00:00.000
1750910400000,-4.347e-05,2025-06-26 04:00:00.000
1750924800006,-5.087e-05,2025-06-26 08:00:00.006
1750939200005,3.801e-05,2025-06-26 12:00:00.005
1750953600007,8.85e-06,2025-06-26 16:00:00.007
1750968000000,-1.945e-05,2025-06-26 20:00:00.000
1750982400000,4.598e-05,2025-06-27 00:00:00.000
1750996800001,5e-05,2025-06-27 04:00:00.001
1751011200000,4.908e-05,2025-06-27 08:00:00.000
1751025600003,-1.325e-05,2025-06-27 12:00:00.003
1751040000009,3.199e-05,2025-06-27 16:00:00.009
1751054400002,-0.00014013,2025-06-27 20:00:00.002
1751068800001,5e-05,2025-06-28 00:00:00.001
1751083200000,5e-05,2025-06-28 04:00:00.000
1751097600002,-5.798e-05,2025-06-28 08:00:00.002
1751112000000,1.205e-05,2025-06-28 12:00:00.000
1751126400000,-1.381e-05,2025-06-28 16:00:00.000
1751140800007,-3.51e-05,2025-06-28 20:00:00.007
1751155200004,2.656e-05,2025-06-29 00:00:00.004
1751169600003,-5.255e-05,2025-06-29 04:00:00.003
1751184000001,5e-05,2025-06-29 08:00:00.001
1751198400003,5e-05,2025-06-29 12:00:00.003
1751212800001,5e-05,2025-06-29 16:00:00.001
1751227200003,5e-05,2025-06-29 20:00:00.003
1751241600000,5e-05,2025-06-30 00:00:00.000
1751256000003,2.641e-05,2025-06-30 04:00:00.003
1751270400005,1.724e-05,2025-06-30 08:00:00.005
1751284800000,-7.136e-05,2025-06-30 12:00:00.000
1751299200002,2.788e-05,2025-06-30 16:00:00.002
1751313600000,-4.933e-05,2025-06-30 20:00:00.000
1751328000007,-0.00010424,2025-07-01 00:00:00.007
1751342400000,5e-05,2025-07-01 04:00:00.000
1751356800002,5e-05,2025-07-01 08:00:00.002
1751371200000,2.957e-05,2025-07-01 12:00:00.000
1751385600000,7.71e-06,2025-07-01 16:00:00.000
1751400000000,-2.72e-05,2025-07-01 20:00:00.000
1751414400001,1.697e-05,2025-07-02 00:00:00.001
1751428800001,-0.00011626,2025-07-02 04:00:00.001
1751443200000,3.45e-05,2025-07-02 08:00:00.000
1751457600001,-2.999e-05,2025-07-02 12:00:00.001
1751472000003,5e-05,2025-07-02 16:00:00.003
1751486400000,5e-05,2025-07-02 20:00:00.000
1751500800006,5e-05,2025-07-03 00:00:00.006
1751515200002,5e-05,2025-07-03 04:00:00.002
1751529600003,5e-05,2025-07-03 08:00:00.003
1751544000001,5e-05,2025-07-03 12:00:00.001
1751558400003,5e-05,2025-07-03 16:00:00.003
1751572800000,-2.325e-05,2025-07-03 20:00:00.000
1751587200005,5e-05,2025-07-04 00:00:00.005
1751601600002,5e-05,2025-07-04 04:00:00.002
1751616000003,-4.8e-05,2025-07-04 08:00:00.003
1751630400000,-0.00012162,2025-07-04 12:00:00.000
1751644800001,-0.00012227,2025-07-04 16:00:00.001
1751659200000,-4.39e-05,2025-07-04 20:00:00.000
1751673600004,-1.808e-05,2025-07-05 00:00:00.004
1751688000005,-2.214e-05,2025-07-05 04:00:00.005
1751702400009,2.513e-05,2025-07-05 08:00:00.009
1751716800000,5.38e-06,2025-07-05 12:00:00.000
1751731200006,-6.069e-05,2025-07-05 16:00:00.006
1751745600000,-2.51e-05,2025-07-05 20:00:00.000
1751760000001,5e-05,2025-07-06 00:00:00.001
1751774400000,5e-05,2025-07-06 04:00:00.000
1751788800002,-4.122e-05,2025-07-06 08:00:00.002
1751803200001,7.12e-06,2025-07-06 12:00:00.001
1751817600004,2.994e-05,2025-07-06 16:00:00.004
1751832000006,2.444e-05,2025-07-06 20:00:00.006
1751846400000,1.99e-05,2025-07-07 00:00:00.000
1751860800000,-2.796e-05,2025-07-07 04:00:00.000
1751875200007,4.855e-05,2025-07-07 08:00:00.007
1751889600000,4.274e-05,2025-07-07 12:00:00.000
1751904000000,3.673e-05,2025-07-07 16:00:00.000
1751918400013,1.307e-05,2025-07-07 20:00:00.013
1751932800010,-7.387e-05,2025-07-08 00:00:00.010
1751947200000,7.59e-06,2025-07-08 04:00:00.000
1751961600003,-8.587e-05,2025-07-08 08:00:00.003
1751976000004,4.777e-05,2025-07-08 12:00:00.004
1751990400000,5.81e-06,2025-07-08 16:00:00.000
1752004800002,5e-05,2025-07-08 20:00:00.002
1752019200002,5e-05,2025-07-09 00:00:00.002
1752033600010,5e-05,2025-07-09 04:00:00.010
1752048000006,5e-05,2025-07-09 08:00:00.006
1752062400000,5e-05,2025-07-09 12:00:00.000
1752076800001,5e-05,2025-07-09 16:00:00.001
1752091200007,5e-05,2025-07-09 20:00:00.007
1752105600003,5e-05,2025-07-10 00:00:00.003
1752120000001,5e-05,2025-07-10 04:00:00.001
1752134400000,5e-05,2025-07-10 08:00:00.000
1752148800001,5e-05,2025-07-10 12:00:00.001
1752163200004,5e-05,2025-07-10 16:00:00.004
1752177600000,5e-05,2025-07-10 20:00:00.000
1752192000004,5e-05,2025-07-11 00:00:00.004
1752206400001,5e-05,2025-07-11 04:00:00.001
1752220800007,5e-05,2025-07-11 08:00:00.007
1752235200000,5e-05,2025-07-11 12:00:00.000
1752249600001,5e-05,2025-07-11 16:00:00.001
1752264000006,5e-05,2025-07-11 20:00:00.006
1752278400000,5e-05,2025-07-12 00:00:00.000
1752292800005,5e-05,2025-07-12 04:00:00.005
1752307200001,5e-05,2025-07-12 08:00:00.001
1752321600007,5e-05,2025-07-12 12:00:00.007
1752336000002,5e-05,2025-07-12 16:00:00.002
1752350400003,5e-05,2025-07-12 20:00:00.003
1752364800006,5e-05,2025-07-13 00:00:00.006
1752379200001,5e-05,2025-07-13 04:00:00.001
1752393600001,5e-05,2025-07-13 08:00:00.001
1752408000003,5e-05,2025-07-13 12:00:00.003
1752422400003,5e-05,2025-07-13 16:00:00.003
1752436800008,5e-05,2025-07-13 20:00:00.008
1752451200000,5e-05,2025-07-14 00:00:00.000
1752465600000,5e-05,2025-07-14 04:00:00.000
1752480000000,5e-05,2025-07-14 08:00:00.000
1752494400001,5e-05,2025-07-14 12:00:00.001
1752508800000,5e-05,2025-07-14 16:00:00.000
1752523200003,5e-05,2025-07-14 20:00:00.003
1752537600002,5e-05,2025-07-15 00:00:00.002
1752552000008,5e-05,2025-07-15 04:00:00.008
1752566400000,5e-05,2025-07-15 08:00:00.000
1752580800000,5e-05,2025-07-15 12:00:00.000
1752595200000,5e-05,2025-07-15 16:00:00.000
1752609600005,5e-05,2025-07-15 20:00:00.005
1752624000000,5e-05,2025-07-16 00:00:00.000
1752638400000,5e-05,2025-07-16 04:00:00.000
1752652800000,5e-05,2025-07-16 08:00:00.000
1752667200005,5e-05,2025-07-16 12:00:00.005
1752681600008,5e-05,2025-07-16 16:00:00.008
1752696000000,5e-05,2025-07-16 20:00:00.000
1752710400003,5e-05,2025-07-17 00:00:00.003
1752724800000,5e-05,2025-07-17 04:00:00.000
1752739200000,5e-05,2025-07-17 08:00:00.000
1752753600000,5e-05,2025-07-17 12:00:00.000
1752768000000,5e-05,2025-07-17 16:00:00.000
1752782400000,5e-05,2025-07-17 20:00:00.000
1752796800004,5e-05,2025-07-18 00:00:00.004
1752811200000,5e-05,2025-07-18 04:00:00.000
1752825600000,5e-05,2025-07-18 08:00:00.000
1752840000000,5e-05,2025-07-18 12:00:00.000
1752854400000,5e-05,2025-07-18 16:00:00.000
1752868800010,5e-05,2025-07-18 20:00:00.010
1752883200009,5e-05,2025-07-19 00:00:00.009
1752897600000,5e-05,2025-07-19 04:00:00.000
1752912000000,5e-05,2025-07-19 08:00:00.000
1752926400000,5e-05,2025-07-19 12:00:00.000
1752940800002,5e-05,2025-07-19 16:00:00.002
1752955200002,5e-05,2025-07-19 20:00:00.002
1752969600000,5e-05,2025-07-20 00:00:00.000
1752984000007,5e-05,2025-07-20 04:00:00.007
1752998400000,5e-05,2025-07-20 08:00:00.000
1753012800003,5e-05,2025-07-20 12:00:00.003
1753027200000,5e-05,2025-07-20 16:00:00.000
1753041600013,5e-05,2025-07-20 20:00:00.013
1753056000001,9.083e-05,2025-07-21 00:00:00.001
1753070400001,9.789e-05,2025-07-21 04:00:00.001
1753084800000,8.209e-05,2025-07-21 08:00:00.000
1753099200001,0.00014714,2025-07-21 12:00:00.001
1753113600001,5e-05,2025-07-21 16:00:00.001
1753128000003,5e-05,2025-07-21 20:00:00.003
1753142400000,5e-05,2025-07-22 00:00:00.000
1753156800001,5e-05,2025-07-22 04:00:00.001
1753171200010,5e-05,2025-07-22 08:00:00.010
1753185600001,5e-05,2025-07-22 12:00:00.001
1753200000007,5e-05,2025-07-22 16:00:00.007
1753214400001,5e-05,2025-07-22 20:00:00.001
1753228800000,5e-05,2025-07-23 00:00:00.000
1753243200010,5e-05,2025-07-23 04:00:00.010
1753257600004,5e-05,2025-07-23 08:00:00.004
1753272000002,5e-05,2025-07-23 12:00:00.002
1753286400002,5e-05,2025-07-23 16:00:00.002
1753300800005,-2.494e-05,2025-07-23 20:00:00.005
1753315200000,-4.78e-05,2025-07-24 00:00:00.000
1753329600001,5e-05,2025-07-24 04:00:00.001
1753344000001,5e-05,2025-07-24 08:00:00.001
1753358400000,5e-05,2025-07-24 12:00:00.000
1753372800000,5e-05,2025-07-24 16:00:00.000
1753387200001,5e-05,2025-07-24 20:00:00.001
1753401600000,5e-05,2025-07-25 00:00:00.000
1753416000001,5e-05,2025-07-25 04:00:00.001
1753430400000,5e-05,2025-07-25 08:00:00.000
1753444800000,5e-05,2025-07-25 12:00:00.000
1753459200000,5e-05,2025-07-25 16:00:00.000
1753473600000,5e-05,2025-07-25 20:00:00.000
1753488000001,5e-05,2025-07-26 00:00:00.001
1753502400001,5e-05,2025-07-26 04:00:00.001
1753516800005,5e-05,2025-07-26 08:00:00.005
1753531200004,5e-05,2025-07-26 12:00:00.004
1753545600001,5e-05,2025-07-26 16:00:00.001
1753560000000,5e-05,2025-07-26 20:00:00.000
1753574400001,5e-05,2025-07-27 00:00:00.001
1753588800000,5e-05,2025-07-27 04:00:00.000
1753603200000,5e-05,2025-07-27 08:00:00.000
1753617600000,5e-05,2025-07-27 12:00:00.000
1753632000008,5e-05,2025-07-27 16:00:00.008
1753646400002,5e-05,2025-07-27 20:00:00.002
1753660800005,5e-05,2025-07-28 00:00:00.005
1753675200001,5e-05,2025-07-28 04:00:00.001
1753689600000,5e-05,2025-07-28 08:00:00.000
1753704000000,5e-05,2025-07-28 12:00:00.000
1753718400000,5e-05,2025-07-28 16:00:00.000
1753732800005,5e-05,2025-07-28 20:00:00.005
1753747200001,5e-05,2025-07-29 00:00:00.001
1753761600001,5e-05,2025-07-29 04:00:00.001
1753776000000,5e-05,2025-07-29 08:00:00.000
1753790400001,5e-05,2025-07-29 12:00:00.001
1753804800000,5e-05,2025-07-29 16:00:00.000
1753819200000,5e-05,2025-07-29 20:00:00.000
1753833600011,-4.65e-06,2025-07-30 00:00:00.011
1753848000000,5e-05,2025-07-30 04:00:00.000
1753862400000,-7.77e-06,2025-07-30 08:00:00.000
1753876800003,2.709e-05,2025-07-30 12:00:00.003
1753891200008,4.681e-05,2025-07-30 16:00:00.008
1753905600000,4.663e-05,2025-07-30 20:00:00.000
1753920000000,5e-05,2025-07-31 00:00:00.000
1753934400010,2.143e-05,2025-07-31 04:00:00.010
1753948800009,-2.476e-05,2025-07-31 08:00:00.009
1753963200003,5e-05,2025-07-31 12:00:00.003
1753977600000,-5.075e-05,2025-07-31 16:00:00.000
1753992000000,-8.171e-05,2025-07-31 20:00:00.000
1754006400001,-2.229e-05,2025-08-01 00:00:00.001
1754020800000,-0.00018251,2025-08-01 04:00:00.000
1754035200003,-3.06e-05,2025-08-01 08:00:00.003
1754049600001,8.99e-06,2025-08-01 12:00:00.001
1754064000000,5e-05,2025-08-01 16:00:00.000
1754078400004,5e-05,2025-08-01 20:00:00.004
1754092800004,5e-05,2025-08-02 00:00:00.004
1754107200000,5e-05,2025-08-02 04:00:00.000
1754121600000,2.997e-05,2025-08-02 08:00:00.000
1754136000005,-0.000111,2025-08-02 12:00:00.005
1754150400000,-6.245e-05,2025-08-02 16:00:00.000
1754164800001,-6.79e-06,2025-08-02 20:00:00.001
1754179200000,-2.06e-06,2025-08-03 00:00:00.000
1754193600000,-7.603e-05,2025-08-03 04:00:00.000
1754208000000,-0.00010728,2025-08-03 08:00:00.000
1754222400001,-0.000114,2025-08-03 12:00:00.001
1754236800003,3.989e-05,2025-08-03 16:00:00.003
1754251200002,-8.237e-05,2025-08-03 20:00:00.002
1754265600004,5e-05,2025-08-04 00:00:00.004
1754280000000,5e-05,2025-08-04 04:00:00.000
1754294400000,5e-05,2025-08-04 08:00:00.000
1754308800006,5e-05,2025-08-04 12:00:00.006
1754323200002,2.769e-05,2025-08-04 16:00:00.002
1754337600007,5e-05,2025-08-04 20:00:00.007
1754352000000,5e-05,2025-08-05 00:00:00.000
1754366400000,5e-05,2025-08-05 04:00:00.000
1754380800000,5e-05,2025-08-05 08:00:00.000
1754395200004,5e-05,2025-08-05 12:00:00.004
1754409600000,5e-05,2025-08-05 16:00:00.000
1754424000003,4.16e-05,2025-08-05 20:00:00.003
1754438400005,-0.00011699,2025-08-06 00:00:00.005
1754452800000,4.196e-05,2025-08-06 04:00:00.000
1754467200000,8.87e-06,2025-08-06 08:00:00.000
1754481600000,-2.59e-06,2025-08-06 12:00:00.000
1754496000000,5e-05,2025-08-06 16:00:00.000
1754510400000,3.732e-05,2025-08-06 20:00:00.000
1754524800003,5e-05,2025-08-07 00:00:00.003
1754539200004,5e-05,2025-08-07 04:00:00.004
1754553600002,-1.739e-05,2025-08-07 08:00:00.002
1754568000001,5e-05,2025-08-07 12:00:00.001
1754582400002,5e-05,2025-08-07 16:00:00.002
1754596800001,-1.641e-05,2025-08-07 20:00:00.001
1754611200002,5e-05,2025-08-08 00:00:00.002
1754625600010,5e-05,2025-08-08 04:00:00.010
1754640000004,5e-05,2025-08-08 08:00:00.004
1754654400003,5e-05,2025-08-08 12:00:00.003
1754668800000,5e-05,2025-08-08 16:00:00.000
1754683200004,5e-05,2025-08-08 20:00:00.004
1754697600005,5e-05,2025-08-09 00:00:00.005
1754712000015,5e-05,2025-08-09 04:00:00.015
1754726400000,5e-05,2025-08-09 08:00:00.000
1754740800003,5e-05,2025-08-09 12:00:00.003
1754755200007,5e-05,2025-08-09 16:00:00.007
1754769600000,5e-05,2025-08-09 20:00:00.000
1754784000003,5e-05,2025-08-10 00:00:00.003
1754798400006,5e-05,2025-08-10 04:00:00.006
1754812800005,5e-05,2025-08-10 08:00:00.005
1754827200006,5e-05,2025-08-10 12:00:00.006
1754841600002,5e-05,2025-08-10 16:00:00.002
1754856000000,5e-05,2025-08-10 20:00:00.000
1754870400000,5e-05,2025-08-11 00:00:00.000
1754884800000,5e-05,2025-08-11 04:00:00.000
1754899200000,5e-05,2025-08-11 08:00:00.000
1754913600000,5e-05,2025-08-11 12:00:00.000
1754928000000,5e-05,2025-08-11 16:00:00.000
1754942400000,5e-05,2025-08-11 20:00:00.000
1754956800000,5e-05,2025-08-12 00:00:00.000
1754971200001,5e-05,2025-08-12 04:00:00.001
1754985600001,5e-05,2025-08-12 08:00:00.001
1755000000000,5e-05,2025-08-12 12:00:00.000
1755014400005,5e-05,2025-08-12 16:00:00.005
1755028800000,5e-05,2025-08-12 20:00:00.000
1755043200000,5e-05,2025-08-13 00:00:00.000
1755057600000,5e-05,2025-08-13 04:00:00.000
1755072000002,5e-05,2025-08-13 08:00:00.002
1755086400000,5e-05,2025-08-13 12:00:00.000
1755100800006,5e-05,2025-08-13 16:00:00.006
1755115200001,5e-05,2025-08-13 20:00:00.001
1755129600002,5e-05,2025-08-14 00:00:00.002
1755144000009,5e-05,2025-08-14 04:00:00.009
1755158400003,5e-05,2025-08-14 08:00:00.003
1755172800001,5e-05,2025-08-14 12:00:00.001
1755187200000,5e-05,2025-08-14 16:00:00.000
1755201600002,5e-05,2025-08-14 20:00:00.002
1755216000000,5e-05,2025-08-15 00:00:00.000
1755230400000,5e-05,2025-08-15 04:00:00.000
1755244800000,5e-05,2025-08-15 08:00:00.000
1755259200001,5e-05,2025-08-15 12:00:00.001
1755273600000,5e-05,2025-08-15 16:00:00.000
1755288000007,-1.245e-05,2025-08-15 20:00:00.007
1755302400004,3.06e-05,2025-08-16 00:00:00.004
1755316800000,5e-05,2025-08-16 04:00:00.000
1755331200000,2.824e-05,2025-08-16 08:00:00.000
1755345600004,5e-05,2025-08-16 12:00:00.004
1755360000002,-2.113e-05,2025-08-16 16:00:00.002
1755374400006,4.955e-05,2025-08-16 20:00:00.006
1755388800000,5e-05,2025-08-17 00:00:00.000
1755403200000,5e-05,2025-08-17 04:00:00.000
1755417600001,5e-05,2025-08-17 08:00:00.001
1755432000002,3.692e-05,2025-08-17 12:00:00.002
1755446400007,5e-05,2025-08-17 16:00:00.007
1755460800001,5e-05,2025-08-17 20:00:00.001
1755475200000,5e-05,2025-08-18 00:00:00.000
1755489600010,1.003e-05,2025-08-18 04:00:00.010
1755504000001,-2.596e-05,2025-08-18 08:00:00.001
1755518400002,5e-05,2025-08-18 12:00:00.002
1755532800002,-4.009e-05,2025-08-18 16:00:00.002
1755547200007,-5.221e-05,2025-08-18 20:00:00.007
1755561600000,-5.443e-05,2025-08-19 00:00:00.000
1755576000000,1.555e-05,2025-08-19 04:00:00.000
1755590400001,5e-05,2025-08-19 08:00:00.001
1755604800001,2.475e-05,2025-08-19 12:00:00.001
1755619200000,5e-05,2025-08-19 16:00:00.000
1755633600000,3.246e-05,2025-08-19 20:00:00.000
1755648000000,-6.62e-06,2025-08-20 00:00:00.000
1755662400000,5e-05,2025-08-20 04:00:00.000
1755676800000,-2.5e-05,2025-08-20 08:00:00.000
1755691200002,5e-05,2025-08-20 12:00:00.002
1755705600000,5e-05,2025-08-20 16:00:00.000
1755720000001,5e-05,2025-08-20 20:00:00.001
1755734400006,5e-05,2025-08-21 00:00:00.006
1755748800003,5e-05,2025-08-21 04:00:00.003
1755763200000,5e-05,2025-08-21 08:00:00.000
1755777600009,5e-05,2025-08-21 12:00:00.009
1755792000003,5e-05,2025-08-21 16:00:00.003
1755806400000,5e-05,2025-08-21 20:00:00.000
1755820800010,5e-05,2025-08-22 00:00:00.010
1755835200003,5e-05,2025-08-22 04:00:00.003
1755849600007,5e-05,2025-08-22 08:00:00.007
1755864000001,5e-05,2025-08-22 12:00:00.001
1755878400001,3.335e-05,2025-08-22 16:00:00.001
1755892800004,5e-05,2025-08-22 20:00:00.004
1755907200004,5e-05,2025-08-23 00:00:00.004
1755921600000,5e-05,2025-08-23 04:00:00.000
1755936000006,5e-05,2025-08-23 08:00:00.006
1755950400000,5e-05,2025-08-23 12:00:00.000
1755964800000,5e-05,2025-08-23 16:00:00.000
1755979200005,5e-05,2025-08-23 20:00:00.005
1755993600001,5e-05,2025-08-24 00:00:00.001
1756008000000,5e-05,2025-08-24 04:00:00.000
1756022400002,5e-05,2025-08-24 08:00:00.002
1756036800003,5e-05,2025-08-24 12:00:00.003
1756051200001,5e-05,2025-08-24 16:00:00.001
1756065600008,5e-05,2025-08-24 20:00:00.008
1756080000000,5e-05,2025-08-25 00:00:00.000
1756094400001,5e-05,2025-08-25 04:00:00.001
1756108800002,5e-05,2025-08-25 08:00:00.002
1756123200000,5e-05,2025-08-25 12:00:00.000
1756137600002,-6.955e-05,2025-08-25 16:00:00.002
1756152000003,-5.153e-05,2025-08-25 20:00:00.003
1756166400000,-7.616e-05,2025-08-26 00:00:00.000
1756180800007,3.237e-05,2025-08-26 04:00:00.007
1756195200000,2.177e-05,2025-08-26 08:00:00.000
1756209600001,1.09e-06,2025-08-26 12:00:00.001
1756224000000,-3.662e-05,2025-08-26 16:00:00.000
1756238400000,4.832e-05,2025-08-26 20:00:00.000
1756252800003,3.844e-05,2025-08-27 00:00:00.003
1756267200000,5e-05,2025-08-27 04:00:00.000
1756281600000,5e-05,2025-08-27 08:00:00.000
1756296000003,-7.09e-06,2025-08-27 12:00:00.003
1756310400009,3.987e-05,2025-08-27 16:00:00.009
1756324800001,5e-05,2025-08-27 20:00:00.001
1756339200000,5e-05,2025-08-28 00:00:00.000
1756353600000,5e-05,2025-08-28 04:00:00.000
1756368000005,5e-05,2025-08-28 08:00:00.005
1756382400000,5e-05,2025-08-28 12:00:00.000
1756396800004,5e-05,2025-08-28 16:00:00.004
1756411200003,5e-05,2025-08-28 20:00:00.003
1756425600000,5e-05,2025-08-29 00:00:00.000
1756440000008,5e-05,2025-08-29 04:00:00.008
1756454400000,5e-05,2025-08-29 08:00:00.000
1756468800010,-3.207e-05,2025-08-29 12:00:00.010
1756483200005,5e-05,2025-08-29 16:00:00.005
1756497600000,4.259e-05,2025-08-29 20:00:00.000
1756512000000,5e-05,2025-08-30 00:00:00.000
1756526400000,4.65e-05,2025-08-30 04:00:00.000
1756540800002,5e-05,2025-08-30 08:00:00.002
1756555200006,5e-05,2025-08-30 12:00:00.006
1756569600003,5e-05,2025-08-30 16:00:00.003
1756584000000,5e-05,2025-08-30 20:00:00.000
1756598400016,5e-05,2025-08-31 00:00:00.016
1756612800000,5e-05,2025-08-31 04:00:00.000
1756627200000,5e-05,2025-08-31 08:00:00.000
1756641600003,5e-05,2025-08-31 12:00:00.003
1756656000001,5e-05,2025-08-31 16:00:00.001
1756670400000,5e-05,2025-08-31 20:00:00.000
1756684800000,1.806e-05,2025-09-01 00:00:00.000
1756699200005,2.501e-05,2025-09-01 04:00:00.005
1756713600000,5e-05,2025-09-01 08:00:00.000
1756728000014,5e-05,2025-09-01 12:00:00.014
1756742400001,5e-05,2025-09-01 16:00:00.001
1756756800008,4.114e-05,2025-09-01 20:00:00.008
1756771200000,5e-05,2025-09-02 00:00:00.000
1756785600009,1.151e-05,2025-09-02 04:00:00.009
1756800000005,1.978e-05,2025-09-02 08:00:00.005
1756814400003,5e-05,2025-09-02 12:00:00.003
1756828800007,5e-05,2025-09-02 16:00:00.007
1756843200001,-6.53e-05,2025-09-02 20:00:00.001
1756857600006,5e-05,2025-09-03 00:00:00.006
1756872000003,5e-05,2025-09-03 04:00:00.003
1756886400002,5e-05,2025-09-03 08:00:00.002
1756900800000,3.833e-05,2025-09-03 12:00:00.000
1756915200002,5e-05,2025-09-03 16:00:00.002
1756929600006,5e-05,2025-09-03 20:00:00.006
1756944000002,5e-05,2025-09-04 00:00:00.002
1756958400000,5e-05,2025-09-04 04:00:00.000
1756972800000,5e-05,2025-09-04 08:00:00.000
1756987200002,-5.641e-05,2025-09-04 12:00:00.002
1757001600000,5e-05,2025-09-04 16:00:00.000
1757016000000,-3.65e-05,2025-09-04 20:00:00.000
1757030400001,-6.238e-05,2025-09-05 00:00:00.001
1757044800000,-2.605e-05,2025-09-05 04:00:00.000
1757059200006,4.818e-05,2025-09-05 08:00:00.006
1757073600001,5e-05,2025-09-05 12:00:00.001
1757088000000,5e-05,2025-09-05 16:00:00.000
1757102400000,5e-05,2025-09-05 20:00:00.000
1757116800000,5e-05,2025-09-06 00:00:00.000
1757131200000,5e-05,2025-09-06 04:00:00.000
1757145600005,5e-05,2025-09-06 08:00:00.005
1757160000000,5e-05,2025-09-06 12:00:00.000
1757174400000,5e-05,2025-09-06 16:00:00.000
1757188800001,5e-05,2025-09-06 20:00:00.001
1757203200000,5e-05,2025-09-07 00:00:00.000
1757217600008,5e-05,2025-09-07 04:00:00.008
1757232000000,5e-05,2025-09-07 08:00:00.000
1757246400000,5e-05,2025-09-07 12:00:00.000
1757260800000,5e-05,2025-09-07 16:00:00.000
1757275200003,5e-05,2025-09-07 20:00:00.003
1757289600007,5e-05,2025-09-08 00:00:00.007
1757304000008,5e-05,2025-09-08 04:00:00.008
1757318400000,5e-05,2025-09-08 08:00:00.000
1757332800005,5e-05,2025-09-08 12:00:00.005
1757347200000,5e-05,2025-09-08 16:00:00.000
1757361600001,5e-05,2025-09-08 20:00:00.001
1757376000000,5e-05,2025-09-09 00:00:00.000
1757390400000,5e-05,2025-09-09 04:00:00.000
1757404800000,5e-05,2025-09-09 08:00:00.000
1757419200004,5e-05,2025-09-09 12:00:00.004
1757433600000,5e-05,2025-09-09 16:00:00.000
1757448000000,5e-05,2025-09-09 20:00:00.000
1757462400000,5e-05,2025-09-10 00:00:00.000
1757476800001,5e-05,2025-09-10 04:00:00.001
1757491200002,5e-05,2025-09-10 08:00:00.002
1757505600004,5e-05,2025-09-10 12:00:00.004
1757520000000,2.964e-05,2025-09-10 16:00:00.000
1757534400007,-3.531e-05,2025-09-10 20:00:00.007
1757548800000,5e-05,2025-09-11 00:00:00.000
1757563200003,5e-05,2025-09-11 04:00:00.003
1757577600000,5e-05,2025-09-11 08:00:00.000
1757592000005,5e-05,2025-09-11 12:00:00.005
1757606400001,5e-05,2025-09-11 16:00:00.001
1757620800001,5e-05,2025-09-11 20:00:00.001
1757635200002,5e-05,2025-09-12 00:00:00.002
1757649600004,5e-05,2025-09-12 04:00:00.004
1757664000001,5e-05,2025-09-12 08:00:00.001
1757678400001,5e-05,2025-09-12 12:00:00.001
1757692800005,5e-05,2025-09-12 16:00:00.005
1757707200000,5e-05,2025-09-12 20:00:00.000
1757721600005,5e-05,2025-09-13 00:00:00.005
1757736000002,5e-05,2025-09-13 04:00:00.002
1757750400002,5e-05,2025-09-13 08:00:00.002
1757764800005,5e-05,2025-09-13 12:00:00.005
1757779200000,5e-05,2025-09-13 16:00:00.000
1757793600001,5e-05,2025-09-13 20:00:00.001
1757808000006,5e-05,2025-09-14 00:00:00.006
1757822400001,5e-05,2025-09-14 04:00:00.001
1757836800000,5e-05,2025-09-14 08:00:00.000
1757851200004,5e-05,2025-09-14 12:00:00.004
1757865600001,5e-05,2025-09-14 16:00:00.001
1757880000000,5e-05,2025-09-14 20:00:00.000
1757894400006,5e-05,2025-09-15 00:00:00.006
1757908800000,5e-05,2025-09-15 04:00:00.000
1757923200002,5e-05,2025-09-15 08:00:00.002
1757937600003,5e-05,2025-09-15 12:00:00.003
1757952000001,5e-05,2025-09-15 16:00:00.001
1757966400001,5e-05,2025-09-15 20:00:00.001
1757980800001,5e-05,2025-09-16 00:00:00.001
1757995200000,5e-05,2025-09-16 04:00:00.000
1758009600000,5e-05,2025-09-16 08:00:00.000
1758024000002,5e-05,2025-09-16 12:00:00.002
1758038400000,5e-05,2025-09-16 16:00:00.000
1758052800004,5e-05,2025-09-16 20:00:00.004
1758067200001,1.268e-05,2025-09-17 00:00:00.001
1758081600004,5e-05,2025-09-17 04:00:00.004
1758096000000,5e-05,2025-09-17 08:00:00.000
1758110400000,5e-05,2025-09-17 12:00:00.000
1758124800003,5e-05,2025-09-17 16:00:00.003
1758139200000,5e-05,2025-09-17 20:00:00.000
1758153600006,5e-05,2025-09-18 00:00:00.006
1758168000001,5e-05,2025-09-18 04:00:00.001
1758182400002,5e-05,2025-09-18 08:00:00.002
1758196800000,5e-05,2025-09-18 12:00:00.000
1758211200000,5e-05,2025-09-18 16:00:00.000
1758225600008,5e-05,2025-09-18 20:00:00.008
1758240000000,5e-05,2025-09-19 00:00:00.000
1758254400003,5e-05,2025-09-19 04:00:00.003
1758268800005,5e-05,2025-09-19 08:00:00.005
1758283200000,5e-05,2025-09-19 12:00:00.000
1758297600000,5e-05,2025-09-19 16:00:00.000
1758312000004,5e-05,2025-09-19 20:00:00.004
1758326400000,5e-05,2025-09-20 00:00:00.000
1758340800000,5e-05,2025-09-20 04:00:00.000
1758355200000,5e-05,2025-09-20 08:00:00.000
1758369600008,5e-05,2025-09-20 12:00:00.008
1758384000002,5e-05,2025-09-20 16:00:00.002
1758398400000,5e-05,2025-09-20 20:00:00.000
1758412800000,5e-05,2025-09-21 00:00:00.000
1758427200002,5e-05,2025-09-21 04:00:00.002
1758441600000,5e-05,2025-09-21 08:00:00.000
1758456000002,5e-05,2025-09-21 12:00:00.002
1758470400000,5e-05,2025-09-21 16:00:00.000
1758484800000,5e-05,2025-09-21 20:00:00.000
1758499200005,5e-05,2025-09-22 00:00:00.005
1758513600000,5e-05,2025-09-22 04:00:00.000
1758528000003,-1.301e-05,2025-09-22 08:00:00.003
1758542400005,-2.538e-05,2025-09-22 12:00:00.005
1758556800000,-1.796e-05,2025-09-22 16:00:00.000
1758571200001,4.429e-05,2025-09-22 20:00:00.001
1758585600000,-3.849e-05,2025-09-23 00:00:00.000
1758600000012,5e-05,2025-09-23 04:00:00.012
1758614400001,1.217e-05,2025-09-23 08:00:00.001
1758628800000,4.523e-05,2025-09-23 12:00:00.000
1758643200000,1.201e-05,2025-09-23 16:00:00.000
1758657600001,5e-05,2025-09-23 20:00:00.001
1758672000003,5e-05,2025-09-24 00:00:00.003
1758686400000,3.978e-05,2025-09-24 04:00:00.000
1758700800001,5e-05,2025-09-24 08:00:00.001
1758715200001,2.541e-05,2025-09-24 12:00:00.001
1758729600002,6.95e-06,2025-09-24 16:00:00.002
1758744000001,3.74e-05,2025-09-24 20:00:00.001
1758758400000,5e-05,2025-09-25 00:00:00.000
1758772800000,-6.22e-06,2025-09-25 04:00:00.000
1758787200001,9.15e-06,2025-09-25 08:00:00.001
1758801600000,1.952e-05,2025-09-25 12:00:00.000
1758816000000,5e-05,2025-09-25 16:00:00.000
1758830400000,-4.57e-06,2025-09-25 20:00:00.000
1758844800000,5e-05,2025-09-26 00:00:00.000
1758859200002,5e-05,2025-09-26 04:00:00.002
1758873600000,5e-05,2025-09-26 08:00:00.000
1758888000000,4.664e-05,2025-09-26 12:00:00.000
1758902400008,5e-05,2025-09-26 16:00:00.008
1758916800005,2.698e-05,2025-09-26 20:00:00.005
1758931200000,3.84e-05,2025-09-27 00:00:00.000
1758945600000,4.051e-05,2025-09-27 04:00:00.000
1758960000010,1.774e-05,2025-09-27 08:00:00.010
1758974400003,5e-05,2025-09-27 12:00:00.003
1758988800003,5e-05,2025-09-27 16:00:00.003
1759003200002,5e-05,2025-09-27 20:00:00.002
1759017600000,3.816e-05,2025-09-28 00:00:00.000
1759032000002,2.996e-05,2025-09-28 04:00:00.002
1759046400000,-1.575e-05,2025-09-28 08:00:00.000
1759060800000,7.24e-06,2025-09-28 12:00:00.000
1759075200000,2.862e-05,2025-09-28 16:00:00.000
1759089600004,1.707e-05,2025-09-28 20:00:00.004
1759104000000,6.47e-06,2025-09-29 00:00:00.000
1759118400000,5e-05,2025-09-29 04:00:00.000
1759132800002,5e-05,2025-09-29 08:00:00.002
1759147200000,2.775e-05,2025-09-29 12:00:00.000
1759161600001,1.951e-05,2025-09-29 16:00:00.001
1759176000000,3.56e-05,2025-09-29 20:00:00.000
1759190400002,5e-05,2025-09-30 00:00:00.002
1759204800000,3.233e-05,2025-09-30 04:00:00.000
1759219200005,-2.75e-06,2025-09-30 08:00:00.005
1759233600000,-4.144e-05,2025-09-30 12:00:00.000
1759248000000,-6.95e-06,2025-09-30 16:00:00.000
1759262400000,5e-05,2025-09-30 20:00:00.000
1759276800000,5e-05,2025-10-01 00:00:00.000
1759291200008,5e-05,2025-10-01 04:00:00.008
1759305600000,5e-05,2025-10-01 08:00:00.000
1759320000007,5e-05,2025-10-01 12:00:00.007
1759334400000,5e-05,2025-10-01 16:00:00.000
1759348800001,5e-05,2025-10-01 20:00:00.001
1759363200000,5e-05,2025-10-02 00:00:00.000
1759377600001,3.846e-05,2025-10-02 04:00:00.001
1759392000013,5e-05,2025-10-02 08:00:00.013
1759406400000,2.756e-05,2025-10-02 12:00:00.000
1759420800000,5e-05,2025-10-02 16:00:00.000
1759435200000,5e-05,2025-10-02 20:00:00.000
1759449600006,5e-05,2025-10-03 00:00:00.006
1759464000000,5e-05,2025-10-03 04:00:00.000
1759478400006,5e-05,2025-10-03 08:00:00.006
1759492800000,3.42e-06,2025-10-03 12:00:00.000
1759507200000,5e-05,2025-10-03 16:00:00.000
1759521600002,5e-05,2025-10-03 20:00:00.002
1759536000001,5e-05,2025-10-04 00:00:00.001
1759550400006,5e-05,2025-10-04 04:00:00.006
1759564800000,5e-05,2025-10-04 08:00:00.000
1759579200000,-1.858e-05,2025-10-04 12:00:00.000
1759593600000,-5.73e-06,2025-10-04 16:00:00.000
1759608000003,5e-05,2025-10-04 20:00:00.003
1759622400000,3.01e-06,2025-10-05 00:00:00.000
1759636800000,4.503e-05,2025-10-05 04:00:00.000
1759651200003,5e-05,2025-10-05 08:00:00.003
1759665600000,5e-05,2025-10-05 12:00:00.000
1759680000009,5e-05,2025-10-05 16:00:00.009
1759694400004,5e-05,2025-10-05 20:00:00.004
1759708800004,-1.28e-06,2025-10-06 00:00:00.004
1759723200003,-1.94e-06,2025-10-06 04:00:00.003
1759737600002,3.674e-05,2025-10-06 08:00:00.002
1759752000000,2.39e-05,2025-10-06 12:00:00.000
1759766400004,5e-05,2025-10-06 16:00:00.004
1759780800002,5e-05,2025-10-06 20:00:00.002
1759795200000,5e-05,2025-10-07 00:00:00.000
1759809600001,5e-05,2025-10-07 04:00:00.001
1759824000003,5e-05,2025-10-07 08:00:00.003
1759838400005,5e-05,2025-10-07 12:00:00.005
1759852800000,5e-05,2025-10-07 16:00:00.000
1759867200002,-1.991e-05,2025-10-07 20:00:00.002
1759881600000,-1.278e-05,2025-10-08 00:00:00.000
1759896000002,1.292e-05,2025-10-08 04:00:00.002
1759910400006,3.172e-05,2025-10-08 08:00:00.006
1759924800003,3.127e-05,2025-10-08 12:00:00.003
1759939200002,5e-05,2025-10-08 16:00:00.002
1759953600000,5e-05,2025-10-08 20:00:00.000
1759968000001,5e-05,2025-10-09 00:00:00.001
1759982400003,5e-05,2025-10-09 04:00:00.003
1759996800000,5.99e-06,2025-10-09 08:00:00.000
1760011200002,-1.17e-05,2025-10-09 12:00:00.002
1760025600000,5.1e-06,2025-10-09 16:00:00.000
1760040000010,3.632e-05,2025-10-09 20:00:00.010
1760054400005,5e-05,2025-10-10 00:00:00.005
1760068800001,5e-05,2025-10-10 04:00:00.001
1760083200002,5e-05,2025-10-10 08:00:00.002
1760097600004,5e-05,2025-10-10 12:00:00.004
1760112000014,-8.6e-07,2025-10-10 16:00:00.014
1760126400003,8.2e-06,2025-10-10 20:00:00.003
1760140800000,-0.00438375,2025-10-11 00:00:00.000
1760155200000,-0.00032952,2025-10-11 04:00:00.000
1760169600003,-0.00013685,2025-10-11 08:00:00.003
1760184000003,-0.0001097,2025-10-11 12:00:00.003
1760198400000,-0.00010357,2025-10-11 16:00:00.000
1760212800001,-0.00010025,2025-10-11 20:00:00.001
1760227200004,-0.00018086,2025-10-12 00:00:00.004
1760241600001,-6.79e-05,2025-10-12 04:00:00.001
1760256000002,-0.00011154,2025-10-12 08:00:00.002
1760270400001,-0.00010866,2025-10-12 12:00:00.001
1760284800000,-0.00012996,2025-10-12 16:00:00.000
1760299200000,-0.00014883,2025-10-12 20:00:00.000
1760313600003,-7.953e-05,2025-10-13 00:00:00.003
1760328000000,-0.00015742,2025-10-13 04:00:00.000
1760342400002,-0.00012588,2025-10-13 08:00:00.002
1760356800001,-0.00012087,2025-10-13 12:00:00.001
1760371200003,-0.00011653,2025-10-13 16:00:00.003
1760385600002,-0.00021892,2025-10-13 20:00:00.002
1760400000000,-0.0001179,2025-10-14 00:00:00.000
1760414400000,-0.0001382,2025-10-14 04:00:00.000
1760428800000,-5.733e-05,2025-10-14 08:00:00.000
1760443200000,-4.087e-05,2025-10-14 12:00:00.000
1760457600000,-0.00013969,2025-10-14 16:00:00.000
1760472000000,-0.00015509,2025-10-14 20:00:00.000
1760486400006,-6.963e-05,2025-10-15 00:00:00.006
1760500800001,-9.806e-05,2025-10-15 04:00:00.001
1760515200002,-7.156e-05,2025-10-15 08:00:00.002
1760529600005,-0.00012792,2025-10-15 12:00:00.005
1760544000000,-0.00014661,2025-10-15 16:00:00.000
1760558400004,-3.902e-05,2025-10-15 20:00:00.004
1760572800000,-1.925e-05,2025-10-16 00:00:00.000
1760587200000,-6.828e-05,2025-10-16 04:00:00.000
1760601600003,-7.666e-05,2025-10-16 08:00:00.003
1760616000000,-3.774e-05,2025-10-16 12:00:00.000
1760630400002,-6.328e-05,2025-10-16 16:00:00.002
1760644800003,1.262e-05,2025-10-16 20:00:00.003
1760659200001,7.26e-06,2025-10-17 00:00:00.001
1760673600001,-0.00012829,2025-10-17 04:00:00.001
1760688000005,-0.00024733,2025-10-17 08:00:00.005
1760702400000,-0.00020655,2025-10-17 12:00:00.000
1760716800003,-0.00018864,2025-10-17 16:00:00.003
1760731200004,-0.00015841,2025-10-17 20:00:00.004
1760745600000,-0.00014534,2025-10-18 00:00:00.000
1760760000000,-9.636e-05,2025-10-18 04:00:00.000
1760774400002,-6.837e-05,2025-10-18 08:00:00.002
1760788800007,-7.426e-05,2025-10-18 12:00:00.007
1760803200001,-4.13e-05,2025-10-18 16:00:00.001
1760817600000,-1.128e-05,2025-10-18 20:00:00.000
1760832000001,-8.652e-05,2025-10-19 00:00:00.001
1760846400000,-4.791e-05,2025-10-19 04:00:00.000
1760860800001,-7.22e-05,2025-10-19 08:00:00.001
1760875200000,-7.095e-05,2025-10-19 12:00:00.000
1760889600001,-7.645e-05,2025-10-19 16:00:00.001
1760904000000,-3.442e-05,2025-10-19 20:00:00.000
1760918400004,-6.092e-05,2025-10-20 00:00:00.004
1760932800000,-8.214e-05,2025-10-20 04:00:00.000
1760947200001,-2.167e-05,2025-10-20 08:00:00.001
1760961600000,-2.166e-05,2025-10-20 12:00:00.000
1760976000000,-4.327e-05,2025-10-20 16:00:00.000
1760990400000,-3.231e-05,2025-10-20 20:00:00.000
1761004800009,-1.312e-05,2025-10-21 00:00:00.009
1761019200003,-6.548e-05,2025-10-21 04:00:00.003
1761033600000,-0.0001303,2025-10-21 08:00:00.000
1761048000000,-6.386e-05,2025-10-21 12:00:00.000
1761062400000,3.213e-05,2025-10-21 16:00:00.000
1761076800001,3.845e-05,2025-10-21 20:00:00.001
1761091200004,-2.446e-05,2025-10-22 00:00:00.004
1761105600000,-7.09e-05,2025-10-22 04:00:00.000
1761120000000,-4.208e-05,2025-10-22 08:00:00.000
1761134400000,-9.536e-05,2025-10-22 12:00:00.000
1761148800000,-3.059e-05,2025-10-22 16:00:00.000
1761163200004,6.59e-06,2025-10-22 20:00:00.004
1761177600000,7.01e-06,2025-10-23 00:00:00.000
1761192000000,-0.00018166,2025-10-23 04:00:00.000
1761206400001,-1.098e-05,2025-10-23 08:00:00.001
1761220800000,-1.572e-05,2025-10-23 12:00:00.000
1761235200004,-1.115e-05,2025-10-23 16:00:00.004
1761249600000,-3.783e-05,2025-10-23 20:00:00.000
1761264000000,8.71e-06,2025-10-24 00:00:00.000
1761278400002,-3.209e-05,2025-10-24 04:00:00.002
1761292800000,4.296e-05,2025-10-24 08:00:00.000
1761307200002,-1.173e-05,2025-10-24 12:00:00.002
1761321600009,-6.61e-06,2025-10-24 16:00:00.009
1761336000000,2.782e-05,2025-10-24 20:00:00.000
1761350400000,5e-05,2025-10-25 00:00:00.000
1761364800000,-6.779e-05,2025-10-25 04:00:00.000
1761379200001,-0.00013545,2025-10-25 08:00:00.001
1761393600000,-0.00013033,2025-10-25 12:00:00.000
1761408000001,-5.08e-05,2025-10-25 16:00:00.001
1761422400002,9.36e-06,2025-10-25 20:00:00.002
1761436800001,8.3e-06,2025-10-26 00:00:00.001
1761451200000,-2.016e-05,2025-10-26 04:00:00.000
1761465600001,3.276e-05,2025-10-26 08:00:00.001
1761480000002,5e-05,2025-10-26 12:00:00.002
1761494400000,5e-05,2025-10-26 16:00:00.000
1761508800000,5e-05,2025-10-26 20:00:00.000
1761523200000,4.811e-05,2025-10-27 00:00:00.000
1761537600000,5e-05,2025-10-27 04:00:00.000
1761552000005,5e-05,2025-10-27 08:00:00.005
1761566400003,4.589e-05,2025-10-27 12:00:00.003
1761580800000,4.338e-05,2025-10-27 16:00:00.000
1761595200001,3.746e-05,2025-10-27 20:00:00.001
1761609600000,-1.398e-05,2025-10-28 00:00:00.000
1761624000004,-1.637e-05,2025-10-28 04:00:00.004
1761638400000,5.73e-06,2025-10-28 08:00:00.000
1761652800000,1.65e-06,2025-10-28 12:00:00.000
1761667200004,3.15e-05,2025-10-28 16:00:00.004
1761681600004,-6.8e-07,2025-10-28 20:00:00.004
1761696000004,-1.865e-05,2025-10-29 00:00:00.004
1761710400005,-4.13e-06,2025-10-29 04:00:00.005
1761724800005,2.229e-05,2025-10-29 08:00:00.005
1761739200011,5e-05,2025-10-29 12:00:00.011
1761753600000,1.071e-05,2025-10-29 16:00:00.000
1761768000008,4.63e-06,2025-10-29 20:00:00.008
1761782400004,2.615e-05,2025-10-30 00:00:00.004
1761796800001,-7.557e-05,2025-10-30 04:00:00.001
1761811200008,-8.04e-05,2025-10-30 08:00:00.008
1761825600006,-3.159e-05,2025-10-30 12:00:00.006
1761840000001,-0.00016812,2025-10-30 16:00:00.001
1761854400000,-0.00010574,2025-10-30 20:00:00.000
1761868800000,-0.00013487,2025-10-31 00:00:00.000
1761883200000,-9.502e-05,2025-10-31 04:00:00.000
1761897600008,-2.217e-05,2025-10-31 08:00:00.008
1761912000008,-2.718e-05,2025-10-31 12:00:00.008
1761926400007,-2.215e-05,2025-10-31 16:00:00.007
1761940800001,2.017e-05,2025-10-31 20:00:00.001
1761955200001,8.07e-06,2025-11-01 00:00:00.001
1761969600000,1.557e-05,2025-11-01 04:00:00.000
1761984000000,6.26e-06,2025-11-01 08:00:00.000
1761998400000,2.02e-05,2025-11-01 12:00:00.000
1762012800000,3.135e-05,2025-11-01 16:00:00.000
1762027200003,-5.618e-05,2025-11-01 20:00:00.003
1762041600007,-9.244e-05,2025-11-02 00:00:00.007
1762056000002,-4.017e-05,2025-11-02 04:00:00.002
1762070400000,-2.63e-06,2025-11-02 08:00:00.000
1762084800001,-3.96e-06,2025-11-02 12:00:00.001
1762099200001,-1.95e-05,2025-11-02 16:00:00.001
1762113600001,-6.34e-05,2025-11-02 20:00:00.001
1762128000000,-2.677e-05,2025-11-03 00:00:00.000
1762142400003,-0.00019637,2025-11-03 04:00:00.003
1762156800010,-0.00031803,2025-11-03 08:00:00.010
1762171200002,-0.00017714,2025-11-03 12:00:00.002
1762185600000,-0.00016416,2025-11-03 16:00:00.000
1762200000008,-0.00015524,2025-11-03 20:00:00.008
1762214400002,-5.248e-05,2025-11-04 00:00:00.002
1762228800000,-1.473e-05,2025-11-04 04:00:00.000
1762243200004,5e-05,2025-11-04 08:00:00.004
1762257600000,5e-05,2025-11-04 12:00:00.000
1762272000000,8.1e-06,2025-11-04 16:00:00.000
1762286400001,4.106e-05,2025-11-04 20:00:00.001
1762300800000,5e-05,2025-11-05 00:00:00.000
1762315200005,5e-05,2025-11-05 04:00:00.005
1762329600000,1.668e-05,2025-11-05 08:00:00.000
1762344000000,3.406e-05,2025-11-05 12:00:00.000
1762358400004,-4.41e-06,2025-11-05 16:00:00.004
1762372800001,-1.301e-05,2025-11-05 20:00:00.001
1762387200001,-2.97e-06,2025-11-06 00:00:00.001
1762401600009,4.552e-05,2025-11-06 04:00:00.009
1762416000000,4.548e-05,2025-11-06 08:00:00.000
1762430400001,4.805e-05,2025-11-06 12:00:00.001
1762444800001,3.6e-06,2025-11-06 16:00:00.001
1762459200006,-2.81e-06,2025-11-06 20:00:00.006
1762473600005,2.766e-05,2025-11-07 00:00:00.005
1762488000000,3.692e-05,2025-11-07 04:00:00.000
1762502400003,2.752e-05,2025-11-07 08:00:00.003
1762516800005,3.478e-05,2025-11-07 12:00:00.005
1762531200005,-1.863e-05,2025-11-07 16:00:00.005
1762545600000,-2.552e-05,2025-11-07 20:00:00.000
1762560000011,4.542e-05,2025-11-08 00:00:00.011
1762574400001,-3.22e-05,2025-11-08 04:00:00.001
1762588800015,5e-05,2025-11-08 08:00:00.015
1762603200000,3.122e-05,2025-11-08 12:00:00.000
1762617600001,2.49e-06,2025-11-08 16:00:00.001
1762632000006,1.095e-05,2025-11-08 20:00:00.006
1762646400004,-1.393e-05,2025-11-09 00:00:00.004
1762660800000,-1.18e-05,2025-11-09 04:00:00.000
1762675200000,-5.74e-06,2025-11-09 08:00:00.000
1762689600000,3.595e-05,2025-11-09 12:00:00.000
1762704000005,-4.542e-05,2025-11-09 16:00:00.005
1762718400010,-6.21e-06,2025-11-09 20:00:00.010
1762732800000,3.466e-05,2025-11-10 00:00:00.000
1762747200005,4.437e-05,2025-11-10 04:00:00.005
1762761600000,-0.00011643,2025-11-10 08:00:00.000
1762776000003,2.606e-05,2025-11-10 12:00:00.003
1762790400003,7.3e-07,2025-11-10 16:00:00.003
1762804800000,-9.48e-06,2025-11-10 20:00:00.000
1762819200007,-1.854e-05,2025-11-11 00:00:00.007
1762833600003,-1.63e-05,2025-11-11 04:00:00.003
1762848000000,-6.134e-05,2025-11-11 08:00:00.000
1762862400002,-4.955e-05,2025-11-11 12:00:00.002
1762876800009,5.33e-06,2025-11-11 16:00:00.009
1762891200000,-2.756e-05,2025-11-11 20:00:00.000
1762905600000,-7.408e-05,2025-11-12 00:00:00.000
1762920000000,-7.613e-05,2025-11-12 04:00:00.000
1762934400002,-9.577e-05,2025-11-12 08:00:00.002
1762948800000,-5.92e-06,2025-11-12 12:00:00.000
1762963200000,5.82e-06,2025-11-12 16:00:00.000
1762977600001,-2.815e-05,2025-11-12 20:00:00.001
1762992000002,-4.875e-05,2025-11-13 00:00:00.002
1763006400000,-7.761e-05,2025-11-13 04:00:00.000
1763020800000,-2.707e-05,2025-11-13 08:00:00.000
1763035200001,3.844e-05,2025-11-13 12:00:00.001
1763049600001,-2e-08,2025-11-13 16:00:00.001
1763064000004,6.2e-07,2025-11-13 20:00:00.004
1763078400000,-7.684e-05,2025-11-14 00:00:00.000
1763092800000,8.48e-06,2025-11-14 04:00:00.000
1763107200000,-2.8e-06,2025-11-14 08:00:00.000
1763121600001,1.592e-05,2025-11-14 12:00:00.001
1763136000001,-2.555e-05,2025-11-14 16:00:00.001
1763150400000,2.371e-05,2025-11-14 20:00:00.000
1763164800005,-9.55e-05,2025-11-15 00:00:00.005
1763179200015,-3.54e-05,2025-11-15 04:00:00.015
1763193600000,3.21e-06,2025-11-15 08:00:00.000
1763208000008,-0.0001082,2025-11-15 12:00:00.008
1763222400001,-4.782e-05,2025-11-15 16:00:00.001
1763236800003,-6.215e-05,2025-11-15 20:00:00.003
1763251200001,-0.00013803,2025-11-16 00:00:00.001
1763265600003,-0.00010669,2025-11-16 04:00:00.003
1763280000000,2.603e-05,2025-11-16 08:00:00.000
1763294400003,-8.274e-05,2025-11-16 12:00:00.003
1763308800000,-1.297e-05,2025-11-16 16:00:00.000
1763323200000,3.14e-05,2025-11-16 20:00:00.000
1763337600003,-1.761e-05,2025-11-17 00:00:00.003
1763352000001,1.83e-05,2025-11-17 04:00:00.001
1763366400003,3.953e-05,2025-11-17 08:00:00.003
1763380800000,-5.201e-05,2025-11-17 12:00:00.000
1763395200000,-6.828e-05,2025-11-17 16:00:00.000
1763409600003,1.777e-05,2025-11-17 20:00:00.003
1763424000002,1.134e-05,2025-11-18 00:00:00.002
1763438400000,5e-05,2025-11-18 04:00:00.000
1763452800004,5e-05,2025-11-18 08:00:00.004
1763467200000,3.408e-05,2025-11-18 12:00:00.000
1763481600000,4.645e-05,2025-11-18 16:00:00.000
1763496000002,-2.764e-05,2025-11-18 20:00:00.002
1763510400000,5e-05,2025-11-19 00:00:00.000
1763524800000,4.032e-05,2025-11-19 04:00:00.000
1763539200000,5e-05,2025-11-19 08:00:00.000
1763553600000,2.499e-05,2025-11-19 12:00:00.000
1763568000008,-3.578e-05,2025-11-19 16:00:00.008
1763582400000,-8.73e-06,2025-11-19 20:00:00.000
1763596800000,5e-05,2025-11-20 00:00:00.000
1763611200006,4.471e-05,2025-11-20 04:00:00.006
1763625600000,5e-05,2025-11-20 08:00:00.000
1763640000003,4.977e-05,2025-11-20 12:00:00.003
1763654400000,4.46e-06,2025-11-20 16:00:00.000
1763668800002,-0.00015792,2025-11-20 20:00:00.002
1763683200001,-5.587e-05,2025-11-21 00:00:00.001
1763697600000,5e-05,2025-11-21 04:00:00.000
1763712000000,1.349e-05,2025-11-21 08:00:00.000
1763726400001,4.067e-05,2025-11-21 12:00:00.001
1763740800001,3.151e-05,2025-11-21 16:00:00.001
1763755200000,4.278e-05,2025-11-21 20:00:00.000
1763769600004,1.776e-05,2025-11-22 00:00:00.004
1763784000000,3.715e-05,2025-11-22 04:00:00.000
1763798400000,5e-05,2025-11-22 08:00:00.000
1763812800000,5e-05,2025-11-22 12:00:00.000
1763827200000,3.089e-05,2025-11-22 16:00:00.000
1763841600001,4.597e-05,2025-11-22 20:00:00.001
1763856000000,3.21e-05,2025-11-23 00:00:00.000
1763870400000,-1.467e-05,2025-11-23 04:00:00.000
1763884800008,8.36e-06,2025-11-23 08:00:00.008
1763899200000,3.328e-05,2025-11-23 12:00:00.000
1763913600003,-4.691e-05,2025-11-23 16:00:00.003
1763928000003,1.461e-05,2025-11-23 20:00:00.003
1763942400004,-3.36e-06,2025-11-24 00:00:00.004
1763956800000,5e-05,2025-11-24 04:00:00.000
1763971200000,3.412e-05,2025-11-24 08:00:00.000
1763985600000,3.256e-05,2025-11-24 12:00:00.000
1764000000006,4.06e-06,2025-11-24 16:00:00.006
1764014400003,1.516e-05,2025-11-24 20:00:00.003
1764028800000,2.529e-05,2025-11-25 00:00:00.000
1764043200000,1.965e-05,2025-11-25 04:00:00.000
1764057600009,-9.5e-06,2025-11-25 08:00:00.009
1764072000002,-1.186e-05,2025-11-25 12:00:00.002
1764086400007,2.409e-05,2025-11-25 16:00:00.007
1764100800009,-7.33e-06,2025-11-25 20:00:00.009
1764115200001,5e-05,2025-11-26 00:00:00.001
1764129600006,2.171e-05,2025-11-26 04:00:00.006
1764144000001,7.84e-06,2025-11-26 08:00:00.001
1764158400001,1.035e-05,2025-11-26 12:00:00.001
1764172800000,-5.37e-06,2025-11-26 16:00:00.000
1764187200001,1.482e-05,2025-11-26 20:00:00.001
1764201600013,5e-05,2025-11-27 00:00:00.013
1764216000007,5.1e-06,2025-11-27 04:00:00.007
1764230400000,5e-05,2025-11-27 08:00:00.000
1764244800002,3.426e-05,2025-11-27 12:00:00.002
1764259200004,-1.136e-05,2025-11-27 16:00:00.004
1764273600004,6.85e-06,2025-11-27 20:00:00.004
1764288000008,2.517e-05,2025-11-28 00:00:00.008
1764302400000,5e-05,2025-11-28 04:00:00.000
1764316800000,-2.584e-05,2025-11-28 08:00:00.000
1764331200004,-2.52e-05,2025-11-28 12:00:00.004
1764345600008,3.62e-06,2025-11-28 16:00:00.008
1764360000010,5e-05,2025-11-28 20:00:00.010
1764374400000,3.179e-05,2025-11-29 00:00:00.000
1764388800002,-3.29e-06,2025-11-29 04:00:00.002
1764403200005,-1.826e-05,2025-11-29 08:00:00.005
1764417600003,2.514e-05,2025-11-29 12:00:00.003
1764432000001,2.35e-05,2025-11-29 16:00:00.001
1764446400000,5e-05,2025-11-29 20:00:00.000
1764460800003,3.107e-05,2025-11-30 00:00:00.003
1764475200004,9.2e-06,2025-11-30 04:00:00.004
1764489600000,4.351e-05,2025-11-30 08:00:00.000
1764504000000,1.566e-05,2025-11-30 12:00:00.000
1764518400004,4.116e-05,2025-11-30 16:00:00.004
1764532800006,-9.48e-06,2025-11-30 20:00:00.006
1764547200000,4.33e-06,2025-12-01 00:00:00.000
1764561600000,2.23e-06,2025-12-01 04:00:00.000
1764576000004,-9.44e-06,2025-12-01 08:00:00.004
1764590400000,-6.032e-05,2025-12-01 12:00:00.000
1764604800000,-2.228e-05,2025-12-01 16:00:00.000
1764619200000,-0.00010396,2025-12-01 20:00:00.000
1764633600004,-6.786e-05,2025-12-02 00:00:00.004
1764648000000,4.509e-05,2025-12-02 04:00:00.000
1764662400000,5e-05,2025-12-02 08:00:00.000
1764676800004,1.472e-05,2025-12-02 12:00:00.004
1764691200000,5e-05,2025-12-02 16:00:00.000
1764705600000,5e-05,2025-12-02 20:00:00.000
1764720000000,5e-05,2025-12-03 00:00:00.000
1764734400004,4.839e-05,2025-12-03 04:00:00.004
1764748800000,2.562e-05,2025-12-03 08:00:00.000
1764763200001,5e-05,2025-12-03 12:00:00.001
1764777600005,-2.77e-06,2025-12-03 16:00:00.005
1764792000002,1.157e-05,2025-12-03 20:00:00.002
1764806400012,5e-05,2025-12-04 00:00:00.012
1764820800000,2.854e-05,2025-12-04 04:00:00.000
1764835200000,5e-05,2025-12-04 08:00:00.000
1764849600005,2.161e-05,2025-12-04 12:00:00.005
1764864000011,4.059e-05,2025-12-04 16:00:00.011
1764878400000,1.388e-05,2025-12-04 20:00:00.000
1764892800000,4.029e-05,2025-12-05 00:00:00.000
1764907200000,-8.15e-06,2025-12-05 04:00:00.000
1764921600000,2.951e-05,2025-12-05 08:00:00.000
1764936000001,2.258e-05,2025-12-05 12:00:00.001
1764950400010,-2.02e-06,2025-12-05 16:00:00.010
1764964800001,-4.793e-05,2025-12-05 20:00:00.001
1764979200001,-5.844e-05,2025-12-06 00:00:00.001
1764993600000,-4.861e-05,2025-12-06 04:00:00.000
1765008000001,-5.84e-05,2025-12-06 08:00:00.001
1765022400000,1.71e-06,2025-12-06 12:00:00.000
1765036800008,-5.285e-05,2025-12-06 16:00:00.008
1765051200000,-9e-08,2025-12-06 20:00:00.000
1765065600000,9.19e-06,2025-12-07 00:00:00.000
1765080000000,5e-05,2025-12-07 04:00:00.000
1765094400004,5.46e-06,2025-12-07 08:00:00.004
1765108800004,5e-05,2025-12-07 12:00:00.004
1765123200000,-5.69e-05,2025-12-07 16:00:00.000
1765137600000,-3.249e-05,2025-12-07 20:00:00.000
1765152000000,1.578e-05,2025-12-08 00:00:00.000
1765166400000,-3.866e-05,2025-12-08 04:00:00.000
1765180800000,2.524e-05,2025-12-08 08:00:00.000
1765195200001,4.877e-05,2025-12-08 12:00:00.001
1765209600001,-9.209e-05,2025-12-08 16:00:00.001
1765224000000,-9.182e-05,2025-12-08 20:00:00.000
1765238400001,-8.918e-05,2025-12-09 00:00:00.001
1765252800004,-7.51e-06,2025-12-09 04:00:00.004
1765267200001,5e-05,2025-12-09 08:00:00.001
1765281600000,-5.738e-05,2025-12-09 12:00:00.000
1765296000007,5e-05,2025-12-09 16:00:00.007
1765310400001,5e-05,2025-12-09 20:00:00.001
1765324800007,5e-05,2025-12-10 00:00:00.007
1765339200012,4.312e-05,2025-12-10 04:00:00.012
1765353600002,5.05e-06,2025-12-10 08:00:00.002
1765368000000,-4.171e-05,2025-12-10 12:00:00.000
1765382400012,1.284e-05,2025-12-10 16:00:00.012
1765396800000,1.291e-05,2025-12-10 20:00:00.000
1765411200001,4.028e-05,2025-12-11 00:00:00.001
1765425600000,2.845e-05,2025-12-11 04:00:00.000
1765440000000,-1.961e-05,2025-12-11 08:00:00.000
1765454400000,-2.493e-05,2025-12-11 12:00:00.000
1765468800000,-1.444e-05,2025-12-11 16:00:00.000
1765483200001,-2.63e-05,2025-12-11 20:00:00.001
1765497600005,2.61e-06,2025-12-12 00:00:00.005
1765512000000,-5.3e-07,2025-12-12 04:00:00.000
1765526400007,2.271e-05,2025-12-12 08:00:00.007
1765540800000,4.52e-05,2025-12-12 12:00:00.000
1765555200002,-3.953e-05,2025-12-12 16:00:00.002
1765569600004,-0.00017316,2025-12-12 20:00:00.004
1765584000001,-5.695e-05,2025-12-13 00:00:00.001
1765598400006,-3.277e-05,2025-12-13 04:00:00.006
1765612800006,-4.797e-05,2025-12-13 08:00:00.006
1765627200002,-6.92e-06,2025-12-13 12:00:00.002
1765641600000,-1.38e-05,2025-12-13 16:00:00.000
1765656000000,7.5e-07,2025-12-13 20:00:00.000
1765670400000,-1.195e-05,2025-12-14 00:00:00.000
1765684800001,-1.342e-05,2025-12-14 04:00:00.001
1765699200003,-4.367e-05,2025-12-14 08:00:00.003
1765713600000,-6.294e-05,2025-12-14 12:00:00.000
1765728000005,-2.701e-05,2025-12-14 16:00:00.005
1765742400000,-0.00014578,2025-12-14 20:00:00.000
1765756800000,-0.00010676,2025-12-15 00:00:00.000
1765771200001,-8.23e-05,2025-12-15 04:00:00.001
1765785600000,-7.612e-05,2025-12-15 08:00:00.000
1765800000000,-6.219e-05,2025-12-15 12:00:00.000
1765814400000,-6.334e-05,2025-12-15 16:00:00.000
1765828800000,-6.46e-05,2025-12-15 20:00:00.000
1765843200002,-0.00018077,2025-12-16 00:00:00.002
1765857600000,-0.00012198,2025-12-16 04:00:00.000
1765872000000,-0.00013241,2025-12-16 08:00:00.000
1765886400008,-8.501e-05,2025-12-16 12:00:00.008
1765900800002,4.46e-06,2025-12-16 16:00:00.002
1765915200000,1.046e-05,2025-12-16 20:00:00.000
1765929600004,1.148e-05,2025-12-17 00:00:00.004
1765944000002,3.79e-06,2025-12-17 04:00:00.002
1765958400000,3.635e-05,2025-12-17 08:00:00.000
1765972800000,5e-05,2025-12-17 12:00:00.000
1765987200000,-2.896e-05,2025-12-17 16:00:00.000
1766001600001,3.302e-05,2025-12-17 20:00:00.001
1766016000005,-1.015e-05,2025-12-18 00:00:00.005
1766030400000,1.802e-05,2025-12-18 04:00:00.000
1766044800007,1.334e-05,2025-12-18 08:00:00.007
1766059200000,2.202e-05,2025-12-18 12:00:00.000
1766073600001,-2.37e-05,2025-12-18 16:00:00.001
1766088000000,-1.295e-05,2025-12-18 20:00:00.000
1766102400000,4.576e-05,2025-12-19 00:00:00.000
1766116800000,1.91e-05,2025-12-19 04:00:00.000
1766131200001,-6.3e-06,2025-12-19 08:00:00.001
1766145600000,-8.133e-05,2025-12-19 12:00:00.000
1766160000000,-5.863e-05,2025-12-19 16:00:00.000
1766174400000,4.216e-05,2025-12-19 20:00:00.000
1766188800005,-5.135e-05,2025-12-20 00:00:00.005
1766203200001,-1.292e-05,2025-12-20 04:00:00.001
1766217600000,-6.25e-05,2025-12-20 08:00:00.000
1766232000000,-8.07e-05,2025-12-20 12:00:00.000
1766246400002,-4.629e-05,2025-12-20 16:00:00.002
1766260800009,-3.27e-06,2025-12-20 20:00:00.009
1766275200000,-9.61e-06,2025-12-21 00:00:00.000
1766289600003,-4.14e-06,2025-12-21 04:00:00.003
1766304000009,-4.229e-05,2025-12-21 08:00:00.009
1766318400000,-9.22e-05,2025-12-21 12:00:00.000
1766332800000,-0.00015058,2025-12-21 16:00:00.000
1766347200009,-0.0001368,2025-12-21 20:00:00.009
1766361600000,-7.309e-05,2025-12-22 00:00:00.000
1766376000000,-5.585e-05,2025-12-22 04:00:00.000
1766390400005,-6.536e-05,2025-12-22 08:00:00.005
1766404800002,-6.683e-05,2025-12-22 12:00:00.002
1766419200009,-3.704e-05,2025-12-22 16:00:00.009
1766433600001,-0.00012086,2025-12-22 20:00:00.001
1766448000000,-1.999e-05,2025-12-23 00:00:00.000
1766462400000,-4.434e-05,2025-12-23 04:00:00.000
1766476800000,-0.00014647,2025-12-23 08:00:00.000
1766491200000,-0.00011686,2025-12-23 12:00:00.000
1766505600001,-9.793e-05,2025-12-23 16:00:00.001
1766520000005,3.47e-06,2025-12-23 20:00:00.005
1766534400001,-2.466e-05,2025-12-24 00:00:00.001
1766548800000,1.86e-06,2025-12-24 04:00:00.000
1766563200001,-3.46e-06,2025-12-24 08:00:00.001
1766577600002,-3.96e-06,2025-12-24 12:00:00.002
1766592000000,-4.81e-05,2025-12-24 16:00:00.000
1766606400003,-3.972e-05,2025-12-24 20:00:00.003
1766620800000,-0.00010199,2025-12-25 00:00:00.000
1766635200000,-7.144e-05,2025-12-25 04:00:00.000
1766649600001,-5.347e-05,2025-12-25 08:00:00.001
1766664000008,-0.00019028,2025-12-25 12:00:00.008
1766678400005,-6.015e-05,2025-12-25 16:00:00.005
1766692800001,2.955e-05,2025-12-25 20:00:00.001
1766707200004,-4.853e-05,2025-12-26 00:00:00.004
1766721600005,2.548e-05,2025-12-26 04:00:00.005
1766736000001,5e-05,2025-12-26 08:00:00.001
1766750400000,5e-05,2025-12-26 12:00:00.000
1766764800007,-1.06e-06,2025-12-26 16:00:00.007
1766779200000,4.2e-07,2025-12-26 20:00:00.000
1766793600000,-2.644e-05,2025-12-27 00:00:00.000
1766808000000,-4.992e-05,2025-12-27 04:00:00.000
1766822400000,-0.00013898,2025-12-27 08:00:00.000
1766836800000,-5.229e-05,2025-12-27 12:00:00.000
1766851200011,-2.282e-05,2025-12-27 16:00:00.011
1766865600003,5e-05,2025-12-27 20:00:00.003
1766880000008,5e-05,2025-12-28 00:00:00.008
1766894400000,5e-05,2025-12-28 04:00:00.000
1766908800000,5e-05,2025-12-28 08:00:00.000
1766923200010,5e-05,2025-12-28 12:00:00.010
1766937600000,5e-05,2025-12-28 16:00:00.000
1766952000002,5e-05,2025-12-28 20:00:00.002
1766966400016,5e-05,2025-12-29 00:00:00.016
1766980800000,5e-05,2025-12-29 04:00:00.000
1766995200001,1.851e-05,2025-12-29 08:00:00.001
1767009600001,4.41e-06,2025-12-29 12:00:00.001
1767024000000,-4.85e-05,2025-12-29 16:00:00.000
1767038400000,-0.00012698,2025-12-29 20:00:00.000
1767052800005,-2.228e-05,2025-12-30 00:00:00.005
1767067200012,2.639e-05,2025-12-30 04:00:00.012
1767081600001,1.643e-05,2025-12-30 08:00:00.001
1767096000000,1.826e-05,2025-12-30 12:00:00.000
1767110400003,-2.045e-05,2025-12-30 16:00:00.003
1767124800001,-2.403e-05,2025-12-30 20:00:00.001
1767139200004,-3.37e-05,2025-12-31 00:00:00.004
1767153600008,-5.174e-05,2025-12-31 04:00:00.008
1767168000001,-5.585e-05,2025-12-31 08:00:00.001
1767182400007,-0.00012032,2025-12-31 12:00:00.007
1767196800001,-7.862e-05,2025-12-31 16:00:00.001
1767211200009,-8.737e-05,2025-12-31 20:00:00.009
1767225600008,-8.95e-05,2026-01-01 00:00:00.008
1767240000000,-0.00015401,2026-01-01 04:00:00.000
1767254400002,-7.603e-05,2026-01-01 08:00:00.002
1767268800007,-8.118e-05,2026-01-01 12:00:00.007
1767283200001,-7.202e-05,2026-01-01 16:00:00.001
1767297600005,5.98e-06,2026-01-01 20:00:00.005
1767312000006,5e-05,2026-01-02 00:00:00.006
1767326400000,5e-05,2026-01-02 04:00:00.000
1767340800007,5e-05,2026-01-02 08:00:00.007
1767355200000,5e-05,2026-01-02 12:00:00.000
1767369600000,5e-05,2026-01-02 16:00:00.000
1767384000000,5e-05,2026-01-02 20:00:00.000
1767398400001,5e-05,2026-01-03 00:00:00.001
1767412800000,5e-05,2026-01-03 04:00:00.000
1767427200000,5e-05,2026-01-03 08:00:00.000
1767441600008,5e-05,2026-01-03 12:00:00.008
1767456000000,2.516e-05,2026-01-03 16:00:00.000
1767470400001,5e-05,2026-01-03 20:00:00.001
1767484800000,3.72e-05,2026-01-04 00:00:00.000
1767499200000,2.413e-05,2026-01-04 04:00:00.000
1767513600000,1.885e-05,2026-01-04 08:00:00.000
1767528000001,1.908e-05,2026-01-04 12:00:00.001
1767542400001,3.303e-05,2026-01-04 16:00:00.001
1767556800002,5e-05,2026-01-04 20:00:00.002
1767571200000,1.141e-05,2026-01-05 00:00:00.000
1767585600001,1.074e-05,2026-01-05 04:00:00.001
1767600000000,3.312e-05,2026-01-05 08:00:00.000
1767614400000,3.175e-05,2026-01-05 12:00:00.000
1767628800000,5e-05,2026-01-05 16:00:00.000
1767643200000,2.788e-05,2026-01-05 20:00:00.000
1767657600010,5e-05,2026-01-06 00:00:00.010
1767672000000,5e-05,2026-01-06 04:00:00.000
1767686400000,5e-05,2026-01-06 08:00:00.000
1767700800000,2.387e-05,2026-01-06 12:00:00.000
1767715200000,-5.23e-06,2026-01-06 16:00:00.000
1767729600002,5e-05,2026-01-06 20:00:00.002
1767744000001,5e-05,2026-01-07 00:00:00.001
1767758400003,3.18e-06,2026-01-07 04:00:00.003
1767772800001,5e-05,2026-01-07 08:00:00.001
1767787200000,5e-05,2026-01-07 12:00:00.000
1767801600001,1.576e-05,2026-01-07 16:00:00.001
1767816000001,2.039e-05,2026-01-07 20:00:00.001
1767830400001,-3.587e-05,2026-01-08 00:00:00.001
1767844800000,2.718e-05,2026-01-08 04:00:00.000
1767859200000,5e-05,2026-01-08 08:00:00.000
1767873600002,-1.7e-06,2026-01-08 12:00:00.002
1767888000000,-4.378e-05,2026-01-08 16:00:00.000
1767902400000,-5.808e-05,2026-01-08 20:00:00.000
1767916800003,-2.35e-05,2026-01-09 00:00:00.003
1767931200000,2.748e-05,2026-01-09 04:00:00.000
1767945600000,4.289e-05,2026-01-09 08:00:00.000
1767960000000,-2.413e-05,2026-01-09 12:00:00.000
1767974400001,-3.71e-06,2026-01-09 16:00:00.001
1767988800005,2.17e-05,2026-01-09 20:00:00.005
1768003200000,5e-05,2026-01-10 00:00:00.000
1768017600000,3.605e-05,2026-01-10 04:00:00.000
1768032000002,5e-05,2026-01-10 08:00:00.002
1768046400000,5e-05,2026-01-10 12:00:00.000
1768060800001,5e-05,2026-01-10 16:00:00.001
1768075200014,3.645e-05,2026-01-10 20:00:00.014
1768089600003,-1.857e-05,2026-01-11 00:00:00.003
1768104000000,5e-05,2026-01-11 04:00:00.000
1768118400006,5e-05,2026-01-11 08:00:00.006
1768132800000,5e-05,2026-01-11 12:00:00.000
1768147200000,-8.32e-06,2026-01-11 16:00:00.000
1768161600002,-2.42e-06,2026-01-11 20:00:00.002
1768176000005,-4.066e-05,2026-01-12 00:00:00.005
1768190400008,4.331e-05,2026-01-12 04:00:00.008
1768204800000,2.617e-05,2026-01-12 08:00:00.000
1768219200000,-0.00014019,2026-01-12 12:00:00.000
1768233600000,-6.931e-05,2026-01-12 16:00:00.000
1768248000000,-4.89e-05,2026-01-12 20:00:00.000
1768262400007,-6.37e-06,2026-01-13 00:00:00.007
1768276800000,-3.161e-05,2026-01-13 04:00:00.000
1768291200009,5e-05,2026-01-13 08:00:00.009
1768305600000,2.537e-05,2026-01-13 12:00:00.000
1768320000002,5e-05,2026-01-13 16:00:00.002
1768334400003,5e-05,2026-01-13 20:00:00.003
1768348800000,5e-05,2026-01-14 00:00:00.000
1768363200001,5e-05,2026-01-14 04:00:00.001
1768377600001,5e-05,2026-01-14 08:00:00.001
1768392000000,5e-05,2026-01-14 12:00:00.000
1768406400004,3.508e-05,2026-01-14 16:00:00.004
1768420800007,1.457e-05,2026-01-14 20:00:00.007
1768435200000,-1.949e-05,2026-01-15 00:00:00.000
1768449600008,-5.208e-05,2026-01-15 04:00:00.008
1768464000004,-4.539e-05,2026-01-15 08:00:00.004
1768478400000,-0.00012336,2026-01-15 12:00:00.000
1768492800002,-9.53e-05,2026-01-15 16:00:00.002
1768507200000,-0.00012767,2026-01-15 20:00:00.000
1768521600000,-9e-07,2026-01-16 00:00:00.000
1768536000000,-1.264e-05,2026-01-16 04:00:00.000
1768550400000,2.939e-05,2026-01-16 08:00:00.000
1768564800001,1.12e-06,2026-01-16 12:00:00.001
1768579200001,-7.104e-05,2026-01-16 16:00:00.001
1768593600003,1.216e-05,2026-01-16 20:00:00.003
1768608000000,3.904e-05,2026-01-17 00:00:00.000
1768622400000,1.095e-05,2026-01-17 04:00:00.000
1768636800000,-4.28e-06,2026-01-17 08:00:00.000
1768651200000,4.11e-06,2026-01-17 12:00:00.000
1768665600002,5e-05,2026-01-17 16:00:00.002
1768680000002,5e-05,2026-01-17 20:00:00.002
1768694400001,5e-05,2026-01-18 00:00:00.001
1768708800002,1.992e-05,2026-01-18 04:00:00.002
1768723200000,-6.3e-07,2026-01-18 08:00:00.000
1768737600000,-9.61e-06,2026-01-18 12:00:00.000
1768752000000,-3.002e-05,2026-01-18 16:00:00.000
1768766400011,-3.939e-05,2026-01-18 20:00:00.011
1768780800007,-9.097e-05,2026-01-19 00:00:00.007
1768795200002,-0.00029189,2026-01-19 04:00:00.002
1768809600007,-0.00017623,2026-01-19 08:00:00.007
1768824000000,-0.00018889,2026-01-19 12:00:00.000
1768838400007,-0.00014404,2026-01-19 16:00:00.007
1768852800000,-0.00012034,2026-01-19 20:00:00.000
1768867200005,9.5e-06,2026-01-20 00:00:00.005
1768881600008,4.384e-05,2026-01-20 04:00:00.008
1768896000001,1.556e-05,2026-01-20 08:00:00.001
1768910400007,-9.851e-05,2026-01-20 12:00:00.007
1768924800009,-4.635e-05,2026-01-20 16:00:00.009
1768939200002,-2.476e-05,2026-01-20 20:00:00.002
1768953600001,-3.794e-05,2026-01-21 00:00:00.001
1768968000009,-1.176e-05,2026-01-21 04:00:00.009
1768982400011,4.21e-06,2026-01-21 08:00:00.011
1768996800000,2.203e-05,2026-01-21 12:00:00.000
1769011200011,-2.738e-05,2026-01-21 16:00:00.011
1769025600000,-2.814e-05,2026-01-21 20:00:00.000
1769040000010,4.594e-05,2026-01-22 00:00:00.010
1769054400011,4.848e-05,2026-01-22 04:00:00.011
1769068800003,5e-05,2026-01-22 08:00:00.003
1769083200000,-1.871e-05,2026-01-22 12:00:00.000
1769097600005,-2.33e-06,2026-01-22 16:00:00.005
1769112000000,-1.18e-05,2026-01-22 20:00:00.000
1769126400005,-3.35e-06,2026-01-23 00:00:00.005
1769140800000,2.208e-05,2026-01-23 04:00:00.000
1769155200000,-7.92e-06,2026-01-23 08:00:00.000
1769169600002,4.431e-05,2026-01-23 12:00:00.002
1769184000011,2.03e-06,2026-01-23 16:00:00.011
1769198400000,-1.4e-05,2026-01-23 20:00:00.000
1769212800011,-5.678e-05,2026-01-24 00:00:00.011
1769227200008,-6e-07,2026-01-24 04:00:00.008
1769241600002,3.134e-05,2026-01-24 08:00:00.002
1769256000000,3.203e-05,2026-01-24 12:00:00.000
1769270400001,1.328e-05,2026-01-24 16:00:00.001
1769284800008,5.75e-06,2026-01-24 20:00:00.008
1769299200002,8.2e-06,2026-01-25 00:00:00.002
1769313600000,1.36e-05,2026-01-25 04:00:00.000
1769328000011,5e-05,2026-01-25 08:00:00.011
1769342400000,5e-05,2026-01-25 12:00:00.000
1769356800005,6.79e-06,2026-01-25 16:00:00.005
1769371200001,-5.409e-05,2026-01-25 20:00:00.001
1769385600000,1.002e-05,2026-01-26 00:00:00.000
1769400000000,-1.356e-05,2026-01-26 04:00:00.000
1769414400003,5e-05,2026-01-26 08:00:00.003
1769428800000,1.821e-05,2026-01-26 12:00:00.000
1769443200000,-2.053e-05,2026-01-26 16:00:00.000
1769457600000,2.141e-05,2026-01-26 20:00:00.000
1769472000002,5e-05,2026-01-27 00:00:00.002
1769486400002,6.34e-06,2026-01-27 04:00:00.002
1769500800000,5e-05,2026-01-27 08:00:00.000
1769515200006,4.275e-05,2026-01-27 12:00:00.006
1769529600000,5e-05,2026-01-27 16:00:00.000
1769544000000,1.312e-05,2026-01-27 20:00:00.000
1769558400000,3.597e-05,2026-01-28 00:00:00.000
1769572800008,3.985e-05,2026-01-28 04:00:00.008
1769587200000,-1.015e-05,2026-01-28 08:00:00.000
1769601600005,2.009e-05,2026-01-28 12:00:00.005
1769616000000,-2.734e-05,2026-01-28 16:00:00.000
1769630400004,3.681e-05,2026-01-28 20:00:00.004
1769644800000,6e-06,2026-01-29 00:00:00.000
1769659200000,1.605e-05,2026-01-29 04:00:00.000
1769673600009,3.708e-05,2026-01-29 08:00:00.009
1769688000000,6.23e-06,2026-01-29 12:00:00.000
1769702400000,-0.00010952,2026-01-29 16:00:00.000
1769716800004,-1.165e-05,2026-01-29 20:00:00.004
1769731200008,-6.717e-05,2026-01-30 00:00:00.008
1769745600005,4.295e-05,2026-01-30 04:00:00.005
1769760000000,-1.143e-05,2026-01-30 08:00:00.000
1769774400005,3.929e-05,2026-01-30 12:00:00.005
1769788800001,-1.312e-05,2026-01-30 16:00:00.001
1769803200004,-1.24e-05,2026-01-30 20:00:00.004
1769817600000,4.977e-05,2026-01-31 00:00:00.000
1769832000002,-1.206e-05,2026-01-31 04:00:00.002
1769846400001,-3.127e-05,2026-01-31 08:00:00.001
1769860800010,1.403e-05,2026-01-31 12:00:00.010
1769875200009,-5.472e-05,2026-01-31 16:00:00.009
1769889600012,-5.913e-05,2026-01-31 20:00:00.012
1769904000001,-7.82e-06,2026-02-01 00:00:00.001
1769918400000,2.553e-05,2026-02-01 04:00:00.000
1769932800004,5e-05,2026-02-01 08:00:00.004
1769947200004,6.34e-06,2026-02-01 12:00:00.004
1769961600000,3.27e-05,2026-02-01 16:00:00.000
1769976000004,-1.144e-05,2026-02-01 20:00:00.004
1769990400000,1.071e-05,2026-02-02 00:00:00.000
1770004800000,2.306e-05,2026-02-02 04:00:00.000
1770019200014,1.82e-06,2026-02-02 08:00:00.014
1770033600009,-3.301e-05,2026-02-02 12:00:00.009
1770048000000,-1.517e-05,2026-02-02 16:00:00.000
1770062400000,8.17e-06,2026-02-02 20:00:00.000
1770076800000,2.913e-05,2026-02-03 00:00:00.000
1770091200001,3.822e-05,2026-02-03 04:00:00.001
1770105600007,1.22e-05,2026-02-03 08:00:00.007
1770120000006,-2.284e-05,2026-02-03 12:00:00.006
1770134400000,-2.532e-05,2026-02-03 16:00:00.000
1770148800009,-3.518e-05,2026-02-03 20:00:00.009
1770163200002,1.928e-05,2026-02-04 00:00:00.002
1770177600004,-2.653e-05,2026-02-04 04:00:00.004
1770192000007,-1.703e-05,2026-02-04 08:00:00.007
1770206400010,-5.24e-06,2026-02-04 12:00:00.010
1770220800000,1.1e-06,2026-02-04 16:00:00.000
1770235200001,1.677e-05,2026-02-04 20:00:00.001
1770249600011,5e-05,2026-02-05 00:00:00.011
1770264000001,2.672e-05,2026-02-05 04:00:00.001
1770278400000,1.73e-06,2026-02-05 08:00:00.000
1770292800006,-4.373e-05,2026-02-05 12:00:00.006
1770307200007,-2.41e-05,2026-02-05 16:00:00.007
1770321600000,-4.458e-05,2026-02-05 20:00:00.000
1770336000000,-3.401e-05,2026-02-06 00:00:00.000
1770350400001,-5.893e-05,2026-02-06 04:00:00.001
1770364800001,-3.471e-05,2026-02-06 08:00:00.001
1770379200003,-0.00016242,2026-02-06 12:00:00.003
1770393600000,-0.00030456,2026-02-06 16:00:00.000
1770408000005,-3.799e-05,2026-02-06 20:00:00.005
1770422400003,-1.691e-05,2026-02-07 00:00:00.003
1770436800024,2.213e-05,2026-02-07 04:00:00.024
1770451200000,-6.948e-05,2026-02-07 08:00:00.000
1770465600007,-4.147e-05,2026-02-07 12:00:00.007
1770480000010,-2.665e-05,2026-02-07 16:00:00.010
1770494400000,-0.00013729,2026-02-07 20:00:00.000
1770508800003,3.531e-05,2026-02-08 00:00:00.003
1770523200002,5e-05,2026-02-08 04:00:00.002
1770537600000,3.44e-05,2026-02-08 08:00:00.000
1770552000005,-0.00012317,2026-02-08 12:00:00.005
1770566400000,-0.00014545,2026-02-08 16:00:00.000
1770580800000,2.219e-05,2026-02-08 20:00:00.000
1770595200002,-2.27e-06,2026-02-09 00:00:00.002
1770609600012,5e-05,2026-02-09 04:00:00.012
1770624000001,5e-05,2026-02-09 08:00:00.001
1770638400003,-1.117e-05,2026-02-09 12:00:00.003
1770652800007,9.6e-07,2026-02-09 16:00:00.007
1770667200006,8.33e-06,2026-02-09 20:00:00.006
1770681600000,3.834e-05,2026-02-10 00:00:00.000
1770696000000,1.704e-05,2026-02-10 04:00:00.000
1770710400007,2.715e-05,2026-02-10 08:00:00.007
1770724800000,3.398e-05,2026-02-10 12:00:00.000
1770739200000,-4.467e-05,2026-02-10 16:00:00.000
1770753600007,1.34e-05,2026-02-10 20:00:00.007
1770768000000,3.226e-05,2026-02-11 00:00:00.000
1770782400000,2.665e-05,2026-02-11 04:00:00.000
1770796800006,1.108e-05,2026-02-11 08:00:00.006
1770811200000,4.718e-05,2026-02-11 12:00:00.000
1770825600000,-1.309e-05,2026-02-11 16:00:00.000
1770840000003,3e-06,2026-02-11 20:00:00.003
1770854400000,1.237e-05,2026-02-12 00:00:00.000
1770868800000,3.027e-05,2026-02-12 04:00:00.000
1770883200001,-3.834e-05,2026-02-12 08:00:00.001
1770897600002,-4.073e-05,2026-02-12 12:00:00.002
1770912000001,7.26e-06,2026-02-12 16:00:00.001
1770926400006,-1.257e-05,2026-02-12 20:00:00.006
1770940800007,-3.045e-05,2026-02-13 00:00:00.007
1770955200000,-2.054e-05,2026-02-13 04:00:00.000
1770969600003,-8.73e-06,2026-02-13 08:00:00.003
1770984000000,-9.404e-05,2026-02-13 12:00:00.000
1770998400005,-6.2e-05,2026-02-13 16:00:00.005
1771012800006,4.39e-06,2026-02-13 20:00:00.006
1771027200002,4.41e-05,2026-02-14 00:00:00.002
1771041600007,-3.935e-05,2026-02-14 04:00:00.007
1771056000004,2.368e-05,2026-02-14 08:00:00.004
1771070400000,7.6e-07,2026-02-14 12:00:00.000
1771084800002,5e-05,2026-02-14 16:00:00.002
1771099200000,4.417e-05,2026-02-14 20:00:00.000
1771113600000,5e-05,2026-02-15 00:00:00.000
1771128000000,3.889e-05,2026-02-15 04:00:00.000
1771142400002,4.48e-06,2026-02-15 08:00:00.002
1771156800005,1.065e-05,2026-02-15 12:00:00.005
1771171200000,-4.8e-07,2026-02-15 16:00:00.000
1771185600009,4.772e-05,2026-02-15 20:00:00.009
1771200000001,-7.44e-06,2026-02-16 00:00:00.001
1771214400004,2.989e-05,2026-02-16 04:00:00.004
1771228800003,4.287e-05,2026-02-16 08:00:00.003
1771243200000,2.38e-06,2026-02-16 12:00:00.000
1771257600000,-1.221e-05,2026-02-16 16:00:00.000
1771272000009,1.732e-05,2026-02-16 20:00:00.009
1771286400008,2.353e-05,2026-02-17 00:00:00.008
1771300800003,2.205e-05,2026-02-17 04:00:00.003
1771315200001,-1.174e-05,2026-02-17 08:00:00.001
1771329600000,5e-05,2026-02-17 12:00:00.000
1771344000002,-2.597e-05,2026-02-17 16:00:00.002
1771358400002,3.655e-05,2026-02-17 20:00:00.002
1771372800000,1.45e-05,2026-02-18 00:00:00.000
1771387200000,1.38e-05,2026-02-18 04:00:00.000
1771401600000,-2.199e-05,2026-02-18 08:00:00.000
1771416000007,-6.548e-05,2026-02-18 12:00:00.007
1771430400011,-1.082e-05,2026-02-18 16:00:00.011
1771444800004,-7.1e-06,2026-02-18 20:00:00.004
1771459200013,5e-05,2026-02-19 00:00:00.013
1771473600003,-2.909e-05,2026-02-19 04:00:00.003
1771488000000,1.137e-05,2026-02-19 08:00:00.000
1771502400011,5e-05,2026-02-19 12:00:00.011
1771516800003,-2.394e-05,2026-02-19 16:00:00.003
1771531200000,1.3e-07,2026-02-19 20:00:00.000
1771545600000,1.445e-05,2026-02-20 00:00:00.000
1771560000003,9.83e-06,2026-02-20 04:00:00.003
1771574400000,-1.622e-05,2026-02-20 08:00:00.000
1771588800000,-9.721e-05,2026-02-20 12:00:00.000
1771603200000,1.665e-05,2026-02-20 16:00:00.000
1771617600000,1.441e-05,2026-02-20 20:00:00.000
1771632000004,-1e-05,2026-02-21 00:00:00.004
1771646400000,-4.946e-05,2026-02-21 04:00:00.000
1771660800000,5e-05,2026-02-21 08:00:00.000
1771675200013,-3.684e-05,2026-02-21 12:00:00.013
1771689600005,-9.939e-05,2026-02-21 16:00:00.005
1771704000000,-7.672e-05,2026-02-21 20:00:00.000
1771718400001,5e-05,2026-02-22 00:00:00.001
1771732800008,-1.59e-06,2026-02-22 04:00:00.008
1771747200004,-5.313e-05,2026-02-22 08:00:00.004
1771761600008,-2.921e-05,2026-02-22 12:00:00.008
1771776000000,1.701e-05,2026-02-22 16:00:00.000
1771790400000,1.428e-05,2026-02-22 20:00:00.000
1771804800001,2.924e-05,2026-02-23 00:00:00.001
1771819200000,-4.104e-05,2026-02-23 04:00:00.000
1771833600000,5e-05,2026-02-23 08:00:00.000
1771848000003,5e-05,2026-02-23 12:00:00.003
1771862400000,-9.42e-06,2026-02-23 16:00:00.000
1771876800000,-3.279e-05,2026-02-23 20:00:00.000
1771891200007,1.323e-05,2026-02-24 00:00:00.007
1771905600000,-4.454e-05,2026-02-24 04:00:00.000
1771920000000,-5.164e-05,2026-02-24 08:00:00.000
1771934400000,5e-05,2026-02-24 12:00:00.000
1771948800001,-8.073e-05,2026-02-24 16:00:00.001
1771963200002,2.829e-05,2026-02-24 20:00:00.002
1771977600001,1.533e-05,2026-02-25 00:00:00.001
1771992000000,-0.00011401,2026-02-25 04:00:00.000
1772006400007,2.061e-05,2026-02-25 08:00:00.007
1772020800000,5e-05,2026-02-25 12:00:00.000
1772035200000,4.108e-05,2026-02-25 16:00:00.000
1772049600006,5e-05,2026-02-25 20:00:00.006
1772064000000,5e-05,2026-02-26 00:00:00.000
1772078400000,3.685e-05,2026-02-26 04:00:00.000
1772092800006,5e-05,2026-02-26 08:00:00.006
1772107200004,-5.739e-05,2026-02-26 12:00:00.004
1772121600002,-1.527e-05,2026-02-26 16:00:00.002
1772136000001,1.242e-05,2026-02-26 20:00:00.001
1772150400007,5e-05,2026-02-27 00:00:00.007
1772164800000,1.973e-05,2026-02-27 04:00:00.000
1772179200000,-2.471e-05,2026-02-27 08:00:00.000
1772193600000,2.3e-06,2026-02-27 12:00:00.000
1772208000001,-7.9e-07,2026-02-27 16:00:00.001
1772222400007,2.582e-05,2026-02-27 20:00:00.007
1772236800000,-9.4e-07,2026-02-28 00:00:00.000
1772251200002,1.402e-05,2026-02-28 04:00:00.002
1772265600000,-6.133e-05,2026-02-28 08:00:00.000
1772280000001,-5.964e-05,2026-02-28 12:00:00.001
1772294400004,-6.53e-05,2026-02-28 16:00:00.004
1772308800000,-6.601e-05,2026-02-28 20:00:00.000
1772323200005,4.463e-05,2026-03-01 00:00:00.005
1772337600000,2.864e-05,2026-03-01 04:00:00.000
1772352000000,5e-05,2026-03-01 08:00:00.000
1772366400000,5e-05,2026-03-01 12:00:00.000
1772380800002,4.065e-05,2026-03-01 16:00:00.002
1772395200001,5e-05,2026-03-01 20:00:00.001
1772409600001,2.917e-05,2026-03-02 00:00:00.001
1772424000001,2.712e-05,2026-03-02 04:00:00.001
1772438400007,1.57e-06,2026-03-02 08:00:00.007
1772452800002,-1.909e-05,2026-03-02 12:00:00.002
1772467200000,-1.395e-05,2026-03-02 16:00:00.000
1772481600000,-1.267e-05,2026-03-02 20:00:00.000
1772496000000,1.463e-05,2026-03-03 00:00:00.000
1772510400009,-1.661e-05,2026-03-03 04:00:00.009
1772524800000,5e-05,2026-03-03 08:00:00.000
1772539200017,-2.587e-05,2026-03-03 12:00:00.017
1772553600007,-6.629e-05,2026-03-03 16:00:00.007
1772568000000,2.294e-05,2026-03-03 20:00:00.000
1772582400001,2.412e-05,2026-03-04 00:00:00.001
1772596800000,5e-05,2026-03-04 04:00:00.000
1772611200005,5e-05,2026-03-04 08:00:00.005
1772625600008,5e-05,2026-03-04 12:00:00.008
1772640000000,5e-05,2026-03-04 16:00:00.000
1772654400000,5e-05,2026-03-04 20:00:00.000
1772668800000,2.66e-05,2026-03-05 00:00:00.000
1772683200000,1.745e-05,2026-03-05 04:00:00.000
1772697600000,-2.562e-05,2026-03-05 08:00:00.000
1772712000000,-0.00012392,2026-03-05 12:00:00.000
1772726400004,-9.163e-05,2026-03-05 16:00:00.004
1772740800000,1.211e-05,2026-03-05 20:00:00.000
1772755200001,3.903e-05,2026-03-06 00:00:00.001
1772769600003,-4.288e-05,2026-03-06 04:00:00.003
1772784000001,5e-05,2026-03-06 08:00:00.001
1772798400005,-7.35e-06,2026-03-06 12:00:00.005
1772812800004,-0.00021082,2026-03-06 16:00:00.004
1772827200010,-3.078e-05,2026-03-06 20:00:00.010
1772841600001,-4.551e-05,2026-03-07 00:00:00.001
1772856000006,5e-05,2026-03-07 04:00:00.006
1772870400012,-1.759e-05,2026-03-07 08:00:00.012
1772884800000,-0.00016007,2026-03-07 12:00:00.000
1772899200001,-6.626e-05,2026-03-07 16:00:00.001
1772913600000,-7.445e-05,2026-03-07 20:00:00.000
1772928000001,-0.00013224,2026-03-08 00:00:00.001
1772942400010,-7.452e-05,2026-03-08 04:00:00.010
1772956800000,-5.912e-05,2026-03-08 08:00:00.000
1772971200002,-4.213e-05,2026-03-08 12:00:00.002
1772985600002,-2.781e-05,2026-03-08 16:00:00.002
1773000000000,-6.537e-05,2026-03-08 20:00:00.000
1773014400000,-4.363e-05,2026-03-09 00:00:00.000
1773028800006,5e-05,2026-03-09 04:00:00.006
1773043200004,4.001e-05,2026-03-09 08:00:00.004
1773057600001,5e-05,2026-03-09 12:00:00.001
1773072000003,8.53e-06,2026-03-09 16:00:00.003
1773086400000,-2.895e-05,2026-03-09 20:00:00.000
1773100800012,5e-05,2026-03-10 00:00:00.012
1773115200000,2.567e-05,2026-03-10 04:00:00.000
1773129600002,9.71e-06,2026-03-10 08:00:00.002
1773144000004,1.296e-05,2026-03-10 12:00:00.004
1773158400001,5e-05,2026-03-10 16:00:00.001
1773172800004,-5.68e-06,2026-03-10 20:00:00.004
1773187200000,-6.431e-05,2026-03-11 00:00:00.000
1773201600000,1.835e-05,2026-03-11 04:00:00.000
1773216000007,1.3e-07,2026-03-11 08:00:00.007
1773230400003,1.004e-05,2026-03-11 12:00:00.003
1773244800010,3.046e-05,2026-03-11 16:00:00.010
1773259200004,5e-05,2026-03-11 20:00:00.004
1773273600000,-4e-07,2026-03-12 00:00:00.000
1773288000001,3.238e-05,2026-03-12 04:00:00.001
1773302400000,-6.299e-05,2026-03-12 08:00:00.000
1773316800006,-7.715e-05,2026-03-12 12:00:00.006
1773331200000,1.39e-06,2026-03-12 16:00:00.000
1773345600006,5e-05,2026-03-12 20:00:00.006
1773360000006,5e-05,2026-03-13 00:00:00.006
1773374400005,5e-05,2026-03-13 04:00:00.005
1773388800001,5e-05,2026-03-13 08:00:00.001
1773403200003,5e-05,2026-03-13 12:00:00.003
1773417600000,5e-05,2026-03-13 16:00:00.000
1773432000000,5e-05,2026-03-13 20:00:00.000
1773446400001,5e-05,2026-03-14 00:00:00.001
1773460800002,5e-05,2026-03-14 04:00:00.002
1773475200000,5e-05,2026-03-14 08:00:00.000
1773489600000,-1.18e-06,2026-03-14 12:00:00.000
1773504000007,1.233e-05,2026-03-14 16:00:00.007
1773518400000,-1.568e-05,2026-03-14 20:00:00.000
1773532800000,8.42e-06,2026-03-15 00:00:00.000
1773547200000,5e-05,2026-03-15 04:00:00.000
1773561600000,5e-05,2026-03-15 08:00:00.000
1773576000002,5e-05,2026-03-15 12:00:00.002
1773590400000,3.519e-05,2026-03-15 16:00:00.000
1773604800000,5e-05,2026-03-15 20:00:00.000
1773619200000,1.158e-05,2026-03-16 00:00:00.000
1773633600006,4.789e-05,2026-03-16 04:00:00.006
1773648000010,5e-05,2026-03-16 08:00:00.010
1773662400002,5e-05,2026-03-16 12:00:00.002
1773676800000,5e-05,2026-03-16 16:00:00.000
1773691200001,5e-05,2026-03-16 20:00:00.001
1773705600000,5e-05,2026-03-17 00:00:00.000
1773720000008,5e-05,2026-03-17 04:00:00.008
1773734400002,5e-05,2026-03-17 08:00:00.002
1773748800012,5e-05,2026-03-17 12:00:00.012
1773763200011,5e-05,2026-03-17 16:00:00.011
1773777600000,3.821e-05,2026-03-17 20:00:00.000
1773792000002,4.029e-05,2026-03-18 00:00:00.002
1773806400000,2.783e-05,2026-03-18 04:00:00.000
1773820800002,2.068e-05,2026-03-18 08:00:00.002
1773835200001,-9.3e-07,2026-03-18 12:00:00.001
1773849600005,-1.614e-05,2026-03-18 16:00:00.005
1773864000008,-2.21e-05,2026-03-18 20:00:00.008
1773878400000,-4.619e-05,2026-03-19 00:00:00.000
1773892800000,1.07e-05,2026-03-19 04:00:00.000
1773907200003,5e-05,2026-03-19 08:00:00.003
1773921600002,1.16e-05,2026-03-19 12:00:00.002
1773936000003,2.605e-05,2026-03-19 16:00:00.003
1773950400000,1.418e-05,2026-03-19 20:00:00.000
1773964800002,-9.818e-05,2026-03-20 00:00:00.002
1773979200008,-7.435e-05,2026-03-20 04:00:00.008
1773993600000,1.755e-05,2026-03-20 08:00:00.000
1774008000000,5e-05,2026-03-20 12:00:00.000
1774022400000,7.8e-07,2026-03-20 16:00:00.000
1774036800007,-2.046e-05,2026-03-20 20:00:00.007
1774051200000,-6.78e-06,2026-03-21 00:00:00.000
1774065600002,5e-05,2026-03-21 04:00:00.002
1774080000000,5e-05,2026-03-21 08:00:00.000
1774094400003,5e-05,2026-03-21 12:00:00.003
1774108800014,3.193e-05,2026-03-21 16:00:00.014
1774123200000,1.453e-05,2026-03-21 20:00:00.000
1774137600012,4.323e-05,2026-03-22 00:00:00.012
1774152000003,6.46e-06,2026-03-22 04:00:00.003
1774166400007,5e-05,2026-03-22 08:00:00.007
1774180800000,-3.03e-06,2026-03-22 12:00:00.000
1774195200002,-1.501e-05,2026-03-22 16:00:00.002
1774209600000,-9.603e-05,2026-03-22 20:00:00.000
1774224000000,-4.04e-05,2026-03-23 00:00:00.000
1774238400000,4.399e-05,2026-03-23 04:00:00.000
1774252800003,-7.07e-06,2026-03-23 08:00:00.003
1774267200000,-2.05e-06,2026-03-23 12:00:00.000
1774281600002,-5.265e-05,2026-03-23 16:00:00.002
1774296000000,1.512e-05,2026-03-23 20:00:00.000
1774310400000,-2.519e-05,2026-03-24 00:00:00.000
1774324800001,2.337e-05,2026-03-24 04:00:00.001
1774339200000,9.77e-06,2026-03-24 08:00:00.000
1774353600000,5e-05,2026-03-24 12:00:00.000
1774368000003,5e-05,2026-03-24 16:00:00.003
1774382400000,5e-05,2026-03-24 20:00:00.000
1774396800000,1.375e-05,2026-03-25 00:00:00.000
1774411200000,4.093e-05,2026-03-25 04:00:00.000
1774425600000,5e-05,2026-03-25 08:00:00.000
1774440000005,5e-05,2026-03-25 12:00:00.005
1774454400013,5e-05,2026-03-25 16:00:00.013
1774468800001,3.346e-05,2026-03-25 20:00:00.001
1774483200001,5e-05,2026-03-26 00:00:00.001
1774497600002,5e-05,2026-03-26 04:00:00.002
1774512000001,5e-05,2026-03-26 08:00:00.001
1774526400000,-2.7e-05,2026-03-26 12:00:00.000
1774540800000,-1.77e-06,2026-03-26 16:00:00.000
1774555200003,-7.62e-06,2026-03-26 20:00:00.003
1774569600006,5e-05,2026-03-27 00:00:00.006
1774584000001,5e-05,2026-03-27 04:00:00.001
1774598400000,4.39e-05,2026-03-27 08:00:00.000
1774612800002,4.437e-05,2026-03-27 12:00:00.002
1774627200000,1.105e-05,2026-03-27 16:00:00.000
1774641600000,1.877e-05,2026-03-27 20:00:00.000
1774656000005,-3.163e-05,2026-03-28 00:00:00.005
1774670400003,2.5e-05,2026-03-28 04:00:00.003
1774684800005,5e-05,2026-03-28 08:00:00.005
1774699200006,3.335e-05,2026-03-28 12:00:00.006
1774713600000,5e-05,2026-03-28 16:00:00.000
1774728000003,2.815e-05,2026-03-28 20:00:00.003
1774742400003,5e-05,2026-03-29 00:00:00.003
1774756800000,3.784e-05,2026-03-29 04:00:00.000
1774771200001,4.19e-05,2026-03-29 08:00:00.001
1774785600000,2.701e-05,2026-03-29 12:00:00.000
1774800000000,4.155e-05,2026-03-29 16:00:00.000
1774814400000,2.673e-05,2026-03-29 20:00:00.000
1774828800000,-2.488e-05,2026-03-30 00:00:00.000
1774843200012,8.1e-07,2026-03-30 04:00:00.012
1774857600005,-1.719e-05,2026-03-30 08:00:00.005
1774872000005,2.105e-05,2026-03-30 12:00:00.005
1774886400000,5e-05,2026-03-30 16:00:00.000
1774900800000,2.874e-05,2026-03-30 20:00:00.000
1774915200000,2.897e-05,2026-03-31 00:00:00.000
1774929600000,-5.1e-06,2026-03-31 04:00:00.000
1774944000000,-1.521e-05,2026-03-31 08:00:00.000
1774958400001,-5.165e-05,2026-03-31 12:00:00.001
1774972800000,-3.577e-05,2026-03-31 16:00:00.000
1774987200002,5e-05,2026-03-31 20:00:00.002
1775001600000,5e-05,2026-04-01 00:00:00.000
1775016000004,3.591e-05,2026-04-01 04:00:00.004
1775030400000,2.104e-05,2026-04-01 08:00:00.000
1775044800000,-2.778e-05,2026-04-01 12:00:00.000
1775059200000,-1e-08,2026-04-01 16:00:00.000
1775073600000,-5.613e-05,2026-04-01 20:00:00.000
1775088000003,2.81e-06,2026-04-02 00:00:00.003
1775102400003,5e-05,2026-04-02 04:00:00.003
1775116800001,5e-05,2026-04-02 08:00:00.001
1775131200003,-1.789e-05,2026-04-02 12:00:00.003
1775145600001,-4.779e-05,2026-04-02 16:00:00.001
1775160000003,-6.729e-05,2026-04-02 20:00:00.003
1775174400000,-1.113e-05,2026-04-03 00:00:00.000
1775188800000,-1.219e-05,2026-04-03 04:00:00.000
1775203200008,5e-05,2026-04-03 08:00:00.008
1775217600006,5e-05,2026-04-03 12:00:00.006
1775232000008,5e-05,2026-04-03 16:00:00.008
1775246400001,5e-05,2026-04-03 20:00:00.001
1775260800000,-3.283e-05,2026-04-04 00:00:00.000
1775275200001,3.736e-05,2026-04-04 04:00:00.001
1775289600003,4.277e-05,2026-04-04 08:00:00.003
1775304000000,-4.655e-05,2026-04-04 12:00:00.000
1775318400000,-5.459e-05,2026-04-04 16:00:00.000
1775332800000,-4.212e-05,2026-04-04 20:00:00.000
1775347200008,-0.0001128,2026-04-05 00:00:00.008
1775361600002,-0.00013034,2026-04-05 04:00:00.002
1775376000000,-0.00014347,2026-04-05 08:00:00.000
1775390400003,-0.00011764,2026-04-05 12:00:00.003
1775404800001,3.65e-06,2026-04-05 16:00:00.001
1775419200003,-3.679e-05,2026-04-05 20:00:00.003
1775433600004,5e-05,2026-04-06 00:00:00.004
1775448000005,5e-05,2026-04-06 04:00:00.005
1775462400001,5e-05,2026-04-06 08:00:00.001
1775476800002,5e-05,2026-04-06 12:00:00.002
1775491200003,5e-05,2026-04-06 16:00:00.003
1775505600000,5e-05,2026-04-06 20:00:00.000
1775520000000,5e-05,2026-04-07 00:00:00.000
1775534400003,4.701e-05,2026-04-07 04:00:00.003
1775548800000,-2.83e-05,2026-04-07 08:00:00.000
1775563200008,-7.06e-05,2026-04-07 12:00:00.008
1775577600000,7.55e-06,2026-04-07 16:00:00.000
1775592000000,4.913e-05,2026-04-07 20:00:00.000
1775606400000,5e-05,2026-04-08 00:00:00.000
1775620800002,5e-05,2026-04-08 04:00:00.002
1775635200000,5e-05,2026-04-08 08:00:00.000
1775649600013,5e-05,2026-04-08 12:00:00.013
1775664000006,5e-05,2026-04-08 16:00:00.006
1775678400005,5e-05,2026-04-08 20:00:00.005
1775692800000,-3.461e-05,2026-04-09 00:00:00.000
1775707200005,-6.393e-05,2026-04-09 04:00:00.005
1775721600010,-9.16e-06,2026-04-09 08:00:00.010
1775736000001,-8.363e-05,2026-04-09 12:00:00.001
1775750400001,-7.245e-05,2026-04-09 16:00:00.001
1775764800001,-7.778e-05,2026-04-09 20:00:00.001
1775779200000,5e-05,2026-04-10 00:00:00.000
1775793600000,-8.996e-05,2026-04-10 04:00:00.000
1775808000005,-2.548e-05,2026-04-10 08:00:00.005
1775822400000,-7.653e-05,2026-04-10 12:00:00.000
1775836800000,1.128e-05,2026-04-10 16:00:00.000
1775851200002,4.496e-05,2026-04-10 20:00:00.002
1775865600000,5e-05,2026-04-11 00:00:00.000
1775880000009,2.908e-05,2026-04-11 04:00:00.009
1775894400000,-1.51e-06,2026-04-11 08:00:00.000
1775908800002,-3.429e-05,2026-04-11 12:00:00.002
1775923200003,3.034e-05,2026-04-11 16:00:00.003
1775937600001,5e-05,2026-04-11 20:00:00.001
1775952000000,5e-05,2026-04-12 00:00:00.000
1775966400000,-0.00016384,2026-04-12 04:00:00.000
1775980800000,-0.00012226,2026-04-12 08:00:00.000
1775995200000,-2.694e-05,2026-04-12 12:00:00.000
1776009600000,-5.172e-05,2026-04-12 16:00:00.000
1776024000013,2.63e-05,2026-04-12 20:00:00.013
1776038400011,-5.41e-06,2026-04-13 00:00:00.011
1776052800003,-0.00010104,2026-04-13 04:00:00.003
1776067200006,-8.892e-05,2026-04-13 08:00:00.006
1776081600010,5e-05,2026-04-13 12:00:00.010
1776096000000,5e-05,2026-04-13 16:00:00.000
1776110400000,1.598e-05,2026-04-13 20:00:00.000
1776124800005,5e-05,2026-04-14 00:00:00.005
1776139200000,5e-05,2026-04-14 04:00:00.000
1776153600003,5e-05,2026-04-14 08:00:00.003
1776168000000,5e-05,2026-04-14 12:00:00.000
1776182400001,4.444e-05,2026-04-14 16:00:00.001
1776196800009,-5.397e-05,2026-04-14 20:00:00.009
1776211200000,-1.346e-05,2026-04-15 00:00:00.000
1776225600000,5e-05,2026-04-15 04:00:00.000
1776240000000,2.57e-06,2026-04-15 08:00:00.000
1776254400000,5e-05,2026-04-15 12:00:00.000
1776268800000,1.9e-05,2026-04-15 16:00:00.000
1776283200009,4.587e-05,2026-04-15 20:00:00.009
1776297600013,5e-05,2026-04-16 00:00:00.013
1776312000008,5e-05,2026-04-16 04:00:00.008
1776326400000,5e-05,2026-04-16 08:00:00.000
1776340800004,5e-05,2026-04-16 12:00:00.004
1776355200000,5e-05,2026-04-16 16:00:00.000
1776369600000,5e-05,2026-04-16 20:00:00.000
1776384000001,5e-05,2026-04-17 00:00:00.001
1776398400003,5e-05,2026-04-17 04:00:00.003
1776412800011,5e-05,2026-04-17 08:00:00.011
1776427200003,4.539e-05,2026-04-17 12:00:00.003
1776441600001,1.3e-07,2026-04-17 16:00:00.001
1776456000005,5e-05,2026-04-17 20:00:00.005
1776470400001,4.557e-05,2026-04-18 00:00:00.001
1776484800003,5e-05,2026-04-18 04:00:00.003
1776499200006,1.958e-05,2026-04-18 08:00:00.006
1776513600000,5e-05,2026-04-18 12:00:00.000
1776528000000,-2.81e-05,2026-04-18 16:00:00.000
1776542400002,3.857e-05,2026-04-18 20:00:00.002
1776556800002,-1.157e-05,2026-04-19 00:00:00.002
1776571200000,4.998e-05,2026-04-19 04:00:00.000
1776585600010,2.699e-05,2026-04-19 08:00:00.010
1776600000003,-1.779e-05,2026-04-19 12:00:00.003
1776614400001,2.745e-05,2026-04-19 16:00:00.001
1776628800005,1.634e-05,2026-04-19 20:00:00.005
1776643200000,-5.465e-05,2026-04-20 00:00:00.000
1776657600001,-7.636e-05,2026-04-20 04:00:00.001
1776672000000,1.167e-05,2026-04-20 08:00:00.000
1776686400009,1.972e-05,2026-04-20 12:00:00.009
1776700800001,-5.87e-06,2026-04-20 16:00:00.001
1776715200000,-4.569e-05,2026-04-20 20:00:00.000
1776729600000,2.746e-05,2026-04-21 00:00:00.000
1776744000000,-1.362e-05,2026-04-21 04:00:00.000
1776758400004,4.044e-05,2026-04-21 08:00:00.004
1776772800000,4.075e-05,2026-04-21 12:00:00.000
1776787200004,1.424e-05,2026-04-21 16:00:00.004
1776801600003,5.86e-06,2026-04-21 20:00:00.003
1776816000004,1.155e-05,2026-04-22 00:00:00.004
1776830400003,5e-05,2026-04-22 04:00:00.003
1776844800000,2.739e-05,2026-04-22 08:00:00.000
1776859200000,5e-05,2026-04-22 12:00:00.000
1776873600000,-1.591e-05,2026-04-22 16:00:00.000
1776888000003,5e-05,2026-04-22 20:00:00.003
1776902400000,5e-05,2026-04-23 00:00:00.000
1776916800000,-5.608e-05,2026-04-23 04:00:00.000
1776931200000,-3.229e-05,2026-04-23 08:00:00.000
1776945600000,-5.698e-05,2026-04-23 12:00:00.000
1776960000004,3.58e-06,2026-04-23 16:00:00.004
1776974400006,1.933e-05,2026-04-23 20:00:00.006
1776988800006,5e-05,2026-04-24 00:00:00.006
1777003200000,5e-05,2026-04-24 04:00:00.000
1777017600000,5e-05,2026-04-24 08:00:00.000
1777032000002,5e-05,2026-04-24 12:00:00.002
1777046400000,5e-05,2026-04-24 16:00:00.000
1777060800003,3.888e-05,2026-04-24 20:00:00.003
1777075200000,5e-05,2026-04-25 00:00:00.000
1777089600005,5e-05,2026-04-25 04:00:00.005
1777104000002,-1.446e-05,2026-04-25 08:00:00.002
1777118400001,-5.12e-06,2026-04-25 12:00:00.001
1777132800002,-2.592e-05,2026-04-25 16:00:00.002
1777147200001,-2.285e-05,2026-04-25 20:00:00.001
1777161600003,1.019e-05,2026-04-26 00:00:00.003
1777176000001,1.073e-05,2026-04-26 04:00:00.001
1777190400007,5e-05,2026-04-26 08:00:00.007
1777204800001,5e-05,2026-04-26 12:00:00.001
1777219200004,5e-05,2026-04-26 16:00:00.004
1777233600014,5e-05,2026-04-26 20:00:00.014
1777248000004,4.432e-05,2026-04-27 00:00:00.004
1777262400000,5e-05,2026-04-27 04:00:00.000
1777276800000,-3e-05,2026-04-27 08:00:00.000
1777291200004,3.974e-05,2026-04-27 12:00:00.004
1777305600002,8e-07,2026-04-27 16:00:00.002
1777320000000,3.668e-05,2026-04-27 20:00:00.000
1777334400001,1.962e-05,2026-04-28 00:00:00.001
1777348800006,5e-05,2026-04-28 04:00:00.006
1777363200000,2.092e-05,2026-04-28 08:00:00.000
1777377600000,2.17e-06,2026-04-28 12:00:00.000
1777392000004,7.21e-06,2026-04-28 16:00:00.004
1777406400001,5e-05,2026-04-28 20:00:00.001
1777420800006,3.169e-05,2026-04-29 00:00:00.006
1777435200003,4.29e-05,2026-04-29 04:00:00.003
1777449600011,2.633e-05,2026-04-29 08:00:00.011
1777464000000,2.355e-05,2026-04-29 12:00:00.000
1777478400003,-3.7e-06,2026-04-29 16:00:00.003
1777492800004,-2.827e-05,2026-04-29 20:00:00.004
1777507200002,4.432e-05,2026-04-30 00:00:00.002
1777521600000,5e-05,2026-04-30 04:00:00.000
1777536000000,4.399e-05,2026-04-30 08:00:00.000
1777550400000,5e-05,2026-04-30 12:00:00.000
1777564800000,-6.57e-06,2026-04-30 16:00:00.000
1777579200002,-2.333e-05,2026-04-30 20:00:00.002
1777593600000,6.01e-06,2026-05-01 00:00:00.000
1777608000003,5e-05,2026-05-01 04:00:00.003
1777622400005,5e-05,2026-05-01 08:00:00.005
1777636800000,2.736e-05,2026-05-01 12:00:00.000
1777651200000,-1.284e-05,2026-05-01 16:00:00.000
1777665600009,8.29e-06,2026-05-01 20:00:00.009
1777680000006,2.11e-05,2026-05-02 00:00:00.006
1777694400000,-2.7e-05,2026-05-02 04:00:00.000
1777708800000,2.899e-05,2026-05-02 08:00:00.000
1777723200009,5e-05,2026-05-02 12:00:00.009
1777737600010,5e-05,2026-05-02 16:00:00.010
1777752000000,5e-05,2026-05-02 20:00:00.000
1777766400005,5e-05,2026-05-03 00:00:00.005
1777780800014,5e-05,2026-05-03 04:00:00.014
1777795200003,5e-05,2026-05-03 08:00:00.003
1777809600004,3.593e-05,2026-05-03 12:00:00.004
1777824000000,-1.98e-06,2026-05-03 16:00:00.000
1777838400000,2.184e-05,2026-05-03 20:00:00.000
1777852800000,4.595e-05,2026-05-04 00:00:00.000
1777867200003,5e-05,2026-05-04 04:00:00.003
1777881600000,-2.28e-05,2026-05-04 08:00:00.000
1777896000000,2.8e-06,2026-05-04 12:00:00.000
1777910400003,1.602e-05,2026-05-04 16:00:00.003
1777924800007,7.12e-06,2026-05-04 20:00:00.007
1777939200000,2.2e-07,2026-05-05 00:00:00.000
1777953600000,9.59e-06,2026-05-05 04:00:00.000
1777968000011,4.522e-05,2026-05-05 08:00:00.011
1777982400006,-2.418e-05,2026-05-05 12:00:00.006
1777996800000,-3.705e-05,2026-05-05 16:00:00.000
1778011200000,5e-05,2026-05-05 20:00:00.000
1778025600010,5e-05,2026-05-06 00:00:00.010
1778040000000,5e-05,2026-05-06 04:00:00.000
1778054400000,3.403e-05,2026-05-06 08:00:00.000
1778068800000,2.952e-05,2026-05-06 12:00:00.000
1778083200002,-5.83e-05,2026-05-06 16:00:00.002
1778097600000,5e-05,2026-05-06 20:00:00.000
1778112000000,5e-05,2026-05-07 00:00:00.000
1778126400001,-3.62e-05,2026-05-07 04:00:00.001
1778140800000,1.259e-05,2026-05-07 08:00:00.000
1778155200000,2.522e-05,2026-05-07 12:00:00.000
1778169600004,-2.857e-05,2026-05-07 16:00:00.004
1778184000005,-3.694e-05,2026-05-07 20:00:00.005
1778198400003,5e-05,2026-05-08 00:00:00.003
1778212800000,4.755e-05,2026-05-08 04:00:00.000
1778227200002,-8.564e-05,2026-05-08 08:00:00.002
1778241600000,-4.13e-05,2026-05-08 12:00:00.000
1778256000003,3.205e-05,2026-05-08 16:00:00.003
1778270400000,5e-05,2026-05-08 20:00:00.000
1778284800000,5e-05,2026-05-09 00:00:00.000
1778299200000,5e-05,2026-05-09 04:00:00.000
1778313600001,5e-05,2026-05-09 08:00:00.001
1778328000000,5e-05,2026-05-09 12:00:00.000
1778342400002,5e-05,2026-05-09 16:00:00.002
1778356800000,-3.82e-06,2026-05-09 20:00:00.000
1778371200003,5e-05,2026-05-10 00:00:00.003
1778385600005,5e-05,2026-05-10 04:00:00.005
1778400000000,5e-05,2026-05-10 08:00:00.000
1778414400007,2.849e-05,2026-05-10 12:00:00.007
1778428800000,1.969e-05,2026-05-10 16:00:00.000
1778443200002,5e-05,2026-05-10 20:00:00.002
1778457600000,-2.67e-06,2026-05-11 00:00:00.000
1778472000000,-7.511e-05,2026-05-11 04:00:00.000
1778486400000,-9.831e-05,2026-05-11 08:00:00.000
1778500800001,-6.84e-05,2026-05-11 12:00:00.001
1778515200000,-5.35e-05,2026-05-11 16:00:00.000
1778529600014,-2.662e-05,2026-05-11 20:00:00.014
1778544000002,-6.358e-05,2026-05-12 00:00:00.002
1778558400000,1.404e-05,2026-05-12 04:00:00.000
1778572800008,2.65e-05,2026-05-12 08:00:00.008
1778587200003,5e-05,2026-05-12 12:00:00.003
1778601600000,5e-05,2026-05-12 16:00:00.000
1778616000000,-5.844e-05,2026-05-12 20:00:00.000
1778630400010,-1.815e-05,2026-05-13 00:00:00.010
1778644800003,5.4e-07,2026-05-13 04:00:00.003
1778659200003,2.674e-05,2026-05-13 08:00:00.003
1778673600004,-0.00010527,2026-05-13 12:00:00.004
1778688000001,4.28e-05,2026-05-13 16:00:00.001
1778702400004,5e-05,2026-05-13 20:00:00.004
1778716800005,-6.54e-06,2026-05-14 00:00:00.005
1778731200005,1.913e-05,2026-05-14 04:00:00.005
1778745600000,-2.692e-05,2026-05-14 08:00:00.000
1778760000001,-2.49e-06,2026-05-14 12:00:00.001
1778774400000,-5e-05,2026-05-14 16:00:00.000
1778788800000,-0.00011791,2026-05-14 20:00:00.000
1778803200000,-1.112e-05,2026-05-15 00:00:00.000
1778817600006,1.283e-05,2026-05-15 04:00:00.006
1778832000016,3.557e-05,2026-05-15 08:00:00.016
1778846400001,3.415e-05,2026-05-15 12:00:00.001
1778860800012,2.786e-05,2026-05-15 16:00:00.012
1778875200001,1.188e-05,2026-05-15 20:00:00.001
1778889600005,3.521e-05,2026-05-16 00:00:00.005
1778904000000,3.133e-05,2026-05-16 04:00:00.000
1778918400000,5e-05,2026-05-16 08:00:00.000
1778932800002,5e-05,2026-05-16 12:00:00.002
1778947200005,-3.842e-05,2026-05-16 16:00:00.005
1778961600000,-7.877e-05,2026-05-16 20:00:00.000
1778976000000,-7.333e-05,2026-05-17 00:00:00.000
1778990400012,5e-05,2026-05-17 04:00:00.012
1779004800010,-0.00015923,2026-05-17 08:00:00.010
1779019200014,-0.00012364,2026-05-17 12:00:00.014
1779033600009,-3.066e-05,2026-05-17 16:00:00.009
1779048000002,4.5e-07,2026-05-17 20:00:00.002
1779062400007,-3.673e-05,2026-05-18 00:00:00.007
1779076800000,5e-05,2026-05-18 04:00:00.000
1779091200002,2.162e-05,2026-05-18 08:00:00.002
1779105600001,5e-05,2026-05-18 12:00:00.001
1779120000007,8.91e-06,2026-05-18 16:00:00.007
1779134400000,3.74e-06,2026-05-18 20:00:00.000
1779148800001,-6.147e-05,2026-05-19 00:00:00.001
1779163200003,-2.73e-06,2026-05-19 04:00:00.003
1779177600001,-8.858e-05,2026-05-19 08:00:00.001
1779192000000,2.371e-05,2026-05-19 12:00:00.000
1779206400009,-0.00015859,2026-05-19 16:00:00.009
1779220800001,-6.664e-05,2026-05-19 20:00:00.001
1779235200001,-0.00016311,2026-05-20 00:00:00.001
1779249600001,-0.000136,2026-05-20 04:00:00.001
1779264000006,-0.00012797,2026-05-20 08:00:00.006
1779278400001,-0.00019233,2026-05-20 12:00:00.001
1779292800000,-9.158e-05,2026-05-20 16:00:00.000
1779307200019,-3.744e-05,2026-05-20 20:00:00.019
1779321600001,-4.649e-05,2026-05-21 00:00:00.001
1779336000000,-3.499e-05,2026-05-21 04:00:00.000
1779350400000,-3.749e-05,2026-05-21 08:00:00.000
1779364800000,2.68e-05,2026-05-21 12:00:00.000
1779379200000,5e-05,2026-05-21 16:00:00.000
1779393600001,5e-05,2026-05-21 20:00:00.001
1779408000000,5e-05,2026-05-22 00:00:00.000
1779422400000,5e-05,2026-05-22 04:00:00.000
1779436800004,5e-05,2026-05-22 08:00:00.004
1779451200000,1.135e-05,2026-05-22 12:00:00.000
1779465600001,5e-05,2026-05-22 16:00:00.001
1779480000002,-1.137e-05,2026-05-22 20:00:00.002
1779494400009,-4.131e-05,2026-05-23 00:00:00.009
1779508800006,-6.218e-05,2026-05-23 04:00:00.006
1779523200001,-8.896e-05,2026-05-23 08:00:00.001
1779537600000,-0.00026412,2026-05-23 12:00:00.000
1779552000003,-0.00019139,2026-05-23 16:00:00.003
1779566400007,-7.56e-06,2026-05-23 20:00:00.007
1779580800011,2.262e-05,2026-05-24 00:00:00.011
1779595200001,-8.97e-05,2026-05-24 04:00:00.001
1779609600008,-0.00011933,2026-05-24 08:00:00.008
1779624000001,-0.00012003,2026-05-24 12:00:00.001
1779638400000,5e-05,2026-05-24 16:00:00.000
1779652800002,5e-05,2026-05-24 20:00:00.002
1779667200001,-1.896e-05,2026-05-25 00:00:00.001
1779681600000,2.401e-05,2026-05-25 04:00:00.000
1779696000001,-4.51e-06,2026-05-25 08:00:00.001
1779710400008,3.852e-05,2026-05-25 12:00:00.008
1779724800001,-1.63e-05,2026-05-25 16:00:00.001
1779739200000,4.57e-06,2026-05-25 20:00:00.000
1779753600000,-8.76e-06,2026-05-26 00:00:00.000
1779768000003,5e-05,2026-05-26 04:00:00.003
1779782400003,5e-05,2026-05-26 08:00:00.003
1779796800000,5e-05,2026-05-26 12:00:00.000
1779811200000,-3.448e-05,2026-05-26 16:00:00.000
1779825600000,2.23e-06,2026-05-26 20:00:00.000
1779840000000,5e-05,2026-05-27 00:00:00.000
1779854400002,3.776e-05,2026-05-27 04:00:00.002
1779868800004,9.59e-06,2026-05-27 08:00:00.004
1779883200007,5e-05,2026-05-27 12:00:00.007
1779897600009,5e-05,2026-05-27 16:00:00.009
1779912000001,5e-05,2026-05-27 20:00:00.001
1779926400001,4.224e-05,2026-05-28 00:00:00.001
1779940800000,2.589e-05,2026-05-28 04:00:00.000
1779955200000,-9.91e-05,2026-05-28 08:00:00.000
1779969600000,-0.00016613,2026-05-28 12:00:00.000
1779984000001,-0.00010202,2026-05-28 16:00:00.001
1779998400005,-0.00013316,2026-05-28 20:00:00.005
1780012800000,-0.00016685,2026-05-29 00:00:00.000
1780027200000,-0.00016622,2026-05-29 04:00:00.000
1780041600001,-0.00016732,2026-05-29 08:00:00.001
1780056000001,-0.00023667,2026-05-29 12:00:00.001
1780070400008,-0.00012192,2026-05-29 16:00:00.008
1780084800000,-0.00017631,2026-05-29 20:00:00.000
1780099200000,-0.00011759,2026-05-30 00:00:00.000
1780113600004,-2.931e-05,2026-05-30 04:00:00.004
1780128000001,-4.526e-05,2026-05-30 08:00:00.001
1780142400000,-9.284e-05,2026-05-30 12:00:00.000
1780156800000,-0.00017173,2026-05-30 16:00:00.000
1780171200000,-0.0001259,2026-05-30 20:00:00.000
1780185600000,-0.00021862,2026-05-31 00:00:00.000
1780200000006,-0.00014552,2026-05-31 04:00:00.006
1780214400000,-0.00012951,2026-05-31 08:00:00.000
1780228800005,-0.00024583,2026-05-31 12:00:00.005
1780243200004,-0.00018482,2026-05-31 16:00:00.004
1780257600010,-0.00012842,2026-05-31 20:00:00.010
1780272000001,-0.00018665,2026-06-01 00:00:00.001
1780286400006,-0.00014582,2026-06-01 04:00:00.006
1780300800001,-0.0001238,2026-06-01 08:00:00.001
1780315200000,-0.00027664,2026-06-01 12:00:00.000
1780329600000,-0.00011141,2026-06-01 16:00:00.000
1780344000000,-0.00016814,2026-06-01 20:00:00.000
1780358400000,-0.00026703,2026-06-02 00:00:00.000
1780372800008,-5.666e-05,2026-06-02 04:00:00.008
1780387200000,-6.09e-05,2026-06-02 08:00:00.000
1780401600002,-2.009e-05,2026-06-02 12:00:00.002
1780416000000,-1.009e-05,2026-06-02 16:00:00.000
1780430400000,5e-05,2026-06-02 20:00:00.000
1780444800013,5e-05,2026-06-03 00:00:00.013
1780459200000,5e-05,2026-06-03 04:00:00.000
1780473600000,3e-05,2026-06-03 08:00:00.000
1780488000000,5e-05,2026-06-03 12:00:00.000
1780502400001,5e-05,2026-06-03 16:00:00.001
1780516800002,5e-05,2026-06-03 20:00:00.002
1780531200009,5e-05,2026-06-04 00:00:00.009
1780545600000,5e-05,2026-06-04 04:00:00.000
1780560000000,-6.37e-06,2026-06-04 08:00:00.000
1780574400002,-3.751e-05,2026-06-04 12:00:00.002
1780588800003,-8.087e-05,2026-06-04 16:00:00.003
1780603200001,-2.153e-05,2026-06-04 20:00:00.001
1780617600000,2.03e-06,2026-06-05 00:00:00.000
1780632000001,-4.879e-05,2026-06-05 04:00:00.001
1780646400004,-7.321e-05,2026-06-05 08:00:00.004
1780660800000,-0.0001346,2026-06-05 12:00:00.000
1780675200009,-0.00011219,2026-06-05 16:00:00.009
1780689600000,-8.133e-05,2026-06-05 20:00:00.000
1780704000000,-9.953e-05,2026-06-06 00:00:00.000
1780718400000,-1.627e-05,2026-06-06 04:00:00.000
1780732800000,1.631e-05,2026-06-06 08:00:00.000
1780747200002,-0.00011169,2026-06-06 12:00:00.002
1780761600000,-5.643e-05,2026-06-06 16:00:00.000
1780776000003,-0.0001384,2026-06-06 20:00:00.003
1780790400001,-0.00015209,2026-06-07 00:00:00.001
1780804800000,-0.00021078,2026-06-07 04:00:00.000
1780819200000,-0.00014912,2026-06-07 08:00:00.000
