timestamp,funding_rate,datetime
1699372800000,5e-05,2023-11-07 16:00:00.000
1699387200001,5e-05,2023-11-07 20:00:00.001
1699401600000,-0.00036561,2023-11-08 00:00:00.000
1699416000000,8.461e-05,2023-11-08 04:00:00.000
1699430400000,5e-05,2023-11-08 08:00:00.000
1699444800000,0.00038626,2023-11-08 12:00:00.000
1699459200000,5e-05,2023-11-08 16:00:00.000
1699473600001,5e-05,2023-11-08 20:00:00.001
1699488000000,0.00022064,2023-11-09 00:00:00.000
1699502400000,5e-05,2023-11-09 04:00:00.000
1699516800000,0.00015431,2023-11-09 08:00:00.000
1699531200000,0.00011738,2023-11-09 12:00:00.000
1699545600000,0.00017579,2023-11-09 16:00:00.000
1699560000000,0.00028294,2023-11-09 20:00:00.000
1699574400000,0.00054676,2023-11-10 00:00:00.000
1699588800000,0.00065492,2023-11-10 04:00:00.000
1699603200000,7.886e-05,2023-11-10 08:00:00.000
1699617600000,0.00014023,2023-11-10 12:00:00.000
1699632000000,5e-05,2023-11-10 16:00:00.000
1699646400000,0.00060428,2023-11-10 20:00:00.000
1699660800000,0.00060487,2023-11-11 00:00:00.000
1699675200000,0.00067328,2023-11-11 04:00:00.000
1699689600000,0.00041132,2023-11-11 08:00:00.000
1699704000000,0.0003936,2023-11-11 12:00:00.000
1699718400000,0.00015195,2023-11-11 16:00:00.000
1699732800000,0.00049195,2023-11-11 20:00:00.000
1699747200000,0.00046438,2023-11-12 00:00:00.000
1699761600000,0.00022124,2023-11-12 04:00:00.000
1699776000000,0.00070249,2023-11-12 08:00:00.000
1699790400000,5e-05,2023-11-12 12:00:00.000
1699804800001,5e-05,2023-11-12 16:00:00.001
1699819200000,0.00013501,2023-11-12 20:00:00.000
1699833600000,5e-05,2023-11-13 00:00:00.000
1699848000000,0.00032699,2023-11-13 04:00:00.000
1699862400000,0.00017577,2023-11-13 08:00:00.000
1699876800000,0.00021818,2023-11-13 12:00:00.000
1699891200000,0.00036547,2023-11-13 16:00:00.000
1699905600000,0.00020172,2023-11-13 20:00:00.000
1699920000000,0.00038954,2023-11-14 00:00:00.000
1699934400000,5e-05,2023-11-14 04:00:00.000
1699948800000,5e-05,2023-11-14 08:00:00.000
1699963200000,5e-05,2023-11-14 12:00:00.000
1699977600001,5e-05,2023-11-14 16:00:00.001
1699992000001,5e-05,2023-11-14 20:00:00.001
1700006400000,0.00018156,2023-11-15 00:00:00.000
1700020800000,0.00014999,2023-11-15 04:00:00.000
1700035200000,0.00030879,2023-11-15 08:00:00.000
1700049600000,0.00032437,2023-11-15 12:00:00.000
1700064000000,5e-05,2023-11-15 16:00:00.000
1700078400000,5e-05,2023-11-15 20:00:00.000
1700092800000,0.00010624,2023-11-16 00:00:00.000
1700107200000,0.00023805,2023-11-16 04:00:00.000
1700121600000,0.00036975,2023-11-16 08:00:00.000
1700136000000,0.00025754,2023-11-16 12:00:00.000
1700150400001,0.00010178,2023-11-16 16:00:00.001
1700164800000,0.00016533,2023-11-16 20:00:00.000
1700179200000,0.00022628,2023-11-17 00:00:00.000
1700193600000,8.569e-05,2023-11-17 04:00:00.000
1700208000001,0.00025856,2023-11-17 08:00:00.001
1700222400000,0.00020473,2023-11-17 12:00:00.000
1700236800001,5e-05,2023-11-17 16:00:00.001
1700251200000,5e-05,2023-11-17 20:00:00.000
1700265600000,5e-05,2023-11-18 00:00:00.000
1700280000000,5e-05,2023-11-18 04:00:00.000
1700294400000,5e-05,2023-11-18 08:00:00.000
1700308800000,5e-05,2023-11-18 12:00:00.000
1700323200000,0.00021495,2023-11-18 16:00:00.000
1700337600000,0.00015131,2023-11-18 20:00:00.000
1700352000000,0.0001226,2023-11-19 00:00:00.000
1700366400000,0.00016769,2023-11-19 04:00:00.000
1700380800000,5.824e-05,2023-11-19 08:00:00.000
1700395200000,0.00024718,2023-11-19 12:00:00.000
1700409600000,0.00025818,2023-11-19 16:00:00.000
1700424000000,0.00013344,2023-11-19 20:00:00.000
1700438400000,6.054e-05,2023-11-20 00:00:00.000
1700452800000,7.738e-05,2023-11-20 04:00:00.000
1700467200000,0.00014917,2023-11-20 08:00:00.000
1700481600000,5e-05,2023-11-20 12:00:00.000
1700496000000,0.00011333,2023-11-20 16:00:00.000
1700510400000,0.00019254,2023-11-20 20:00:00.000
1700524800000,0.00015631,2023-11-21 00:00:00.000
1700539200000,6.448e-05,2023-11-21 04:00:00.000
1700553600000,5.307e-05,2023-11-21 08:00:00.000
1700568000000,0.00017516,2023-11-21 12:00:00.000
1700582400000,0.00010738,2023-11-21 16:00:00.000
1700596800000,0.00019368,2023-11-21 20:00:00.000
1700611200000,5.043e-05,2023-11-22 00:00:00.000
1700625600000,5e-05,2023-11-22 04:00:00.000
1700640000000,5.777e-05,2023-11-22 08:00:00.000
1700654400000,6.822e-05,2023-11-22 12:00:00.000
1700668800000,5e-05,2023-11-22 16:00:00.000
1700683200000,5e-05,2023-11-22 20:00:00.000
1700697600000,5e-05,2023-11-23 00:00:00.000
1700712000000,5e-05,2023-11-23 04:00:00.000
1700726400000,5e-05,2023-11-23 08:00:00.000
1700740800001,5e-05,2023-11-23 12:00:00.001
1700755200001,9.736e-05,2023-11-23 16:00:00.001
1700769600000,5e-05,2023-11-23 20:00:00.000
1700784000000,5e-05,2023-11-24 00:00:00.000
1700798400000,5e-05,2023-11-24 04:00:00.000
1700812800000,5e-05,2023-11-24 08:00:00.000
1700827200001,5e-05,2023-11-24 12:00:00.001
1700841600000,5e-05,2023-11-24 16:00:00.000
1700856000000,0.00022328,2023-11-24 20:00:00.000
1700870400000,0.00010848,2023-11-25 00:00:00.000
1700884800001,5e-05,2023-11-25 04:00:00.001
1700899200000,0.00011296,2023-11-25 08:00:00.000
1700913600000,0.00011192,2023-11-25 12:00:00.000
1700928000000,9.325e-05,2023-11-25 16:00:00.000
1700942400000,0.00016337,2023-11-25 20:00:00.000
1700956800000,0.00010833,2023-11-26 00:00:00.000
1700971200001,0.00010059,2023-11-26 04:00:00.001
1700985600000,5e-05,2023-11-26 08:00:00.000
1701000000000,5e-05,2023-11-26 12:00:00.000
1701014400000,5e-05,2023-11-26 16:00:00.000
1701028800000,5e-05,2023-11-26 20:00:00.000
1701043200000,5e-05,2023-11-27 00:00:00.000
1701057600001,0.00010052,2023-11-27 04:00:00.001
1701072000001,7.382e-05,2023-11-27 08:00:00.001
1701086400000,5e-05,2023-11-27 12:00:00.000
1701100800000,5e-05,2023-11-27 16:00:00.000
1701115200000,5e-05,2023-11-27 20:00:00.000
1701129600000,0.00018596,2023-11-28 00:00:00.000
1701144000000,5e-05,2023-11-28 04:00:00.000
1701158400000,5e-05,2023-11-28 08:00:00.000
1701172800000,5e-05,2023-11-28 12:00:00.000
1701187200000,5e-05,2023-11-28 16:00:00.000
1701201600000,5e-05,2023-11-28 20:00:00.000
1701216000001,5e-05,2023-11-29 00:00:00.001
1701230400000,5e-05,2023-11-29 04:00:00.000
1701244800000,5e-05,2023-11-29 08:00:00.000
1701259200000,5e-05,2023-11-29 12:00:00.000
1701273600000,5e-05,2023-11-29 16:00:00.000
1701288000000,5e-05,2023-11-29 20:00:00.000
1701302400000,5e-05,2023-11-30 00:00:00.000
1701316800001,5e-05,2023-11-30 04:00:00.001
1701331200000,5e-05,2023-11-30 08:00:00.000
1701345600000,5e-05,2023-11-30 12:00:00.000
1701360000000,5e-05,2023-11-30 16:00:00.000
1701374400000,5e-05,2023-11-30 20:00:00.000
1701388800000,5e-05,2023-12-01 00:00:00.000
1701403200000,5e-05,2023-12-01 04:00:00.000
1701417600000,0.00010086,2023-12-01 08:00:00.000
1701432000000,5e-05,2023-12-01 12:00:00.000
1701446400000,5e-05,2023-12-01 16:00:00.000
1701460800000,5e-05,2023-12-01 20:00:00.000
1701475200000,5e-05,2023-12-02 00:00:00.000
1701489600000,5e-05,2023-12-02 04:00:00.000
1701504000000,5e-05,2023-12-02 08:00:00.000
1701518400000,5e-05,2023-12-02 12:00:00.000
1701532800000,5e-05,2023-12-02 16:00:00.000
1701547200000,0.00015189,2023-12-02 20:00:00.000
1701561600000,0.0001421,2023-12-03 00:00:00.000
1701576000000,0.00013239,2023-12-03 04:00:00.000
1701590400000,0.00012534,2023-12-03 08:00:00.000
1701604800000,0.00012406,2023-12-03 12:00:00.000
1701619200000,0.00019868,2023-12-03 16:00:00.000
1701633600000,0.00016729,2023-12-03 20:00:00.000
1701648000000,0.00015013,2023-12-04 00:00:00.000
1701662400000,0.00027614,2023-12-04 04:00:00.000
1701676800000,0.00045408,2023-12-04 08:00:00.000
1701691200000,0.00037873,2023-12-04 12:00:00.000
1701705600000,0.0003721,2023-12-04 16:00:00.000
1701720000000,0.00026311,2023-12-04 20:00:00.000
1701734400000,0.00047076,2023-12-05 00:00:00.000
1701748800000,0.00026748,2023-12-05 04:00:00.000
1701763200000,0.0002599,2023-12-05 08:00:00.000
1701777600000,0.00025938,2023-12-05 12:00:00.000
1701792000000,0.00017068,2023-12-05 16:00:00.000
1701806400000,0.00020803,2023-12-05 20:00:00.000
1701820800000,0.0004701,2023-12-06 00:00:00.000
1701835200000,0.0002908,2023-12-06 04:00:00.000
1701849600000,0.00024821,2023-12-06 08:00:00.000
1701864000000,0.00058832,2023-12-06 12:00:00.000
1701878400000,0.0001201,2023-12-06 16:00:00.000
1701892800000,0.00054368,2023-12-06 20:00:00.000
1701907200000,7.128e-05,2023-12-07 00:00:00.000
1701921600001,5.851e-05,2023-12-07 04:00:00.001
1701936000000,0.00014967,2023-12-07 08:00:00.000
1701950400000,5e-05,2023-12-07 12:00:00.000
1701964800000,7.732e-05,2023-12-07 16:00:00.000
1701979200000,0.00028445,2023-12-07 20:00:00.000
1701993600000,0.00030922,2023-12-08 00:00:00.000
1702008000000,0.00051348,2023-12-08 04:00:00.000
1702022400000,0.00029144,2023-12-08 08:00:00.000
1702036800000,0.00035066,2023-12-08 12:00:00.000
1702051200000,9.904e-05,2023-12-08 16:00:00.000
1702065600000,0.00015501,2023-12-08 20:00:00.000
1702080000000,0.00052138,2023-12-09 00:00:00.000
1702094400000,0.00036513,2023-12-09 04:00:00.000
1702108800000,0.00012128,2023-12-09 08:00:00.000
1702123200000,5e-05,2023-12-09 12:00:00.000
1702137600000,7.341e-05,2023-12-09 16:00:00.000
1702152000000,0.00039567,2023-12-09 20:00:00.000
1702166400000,0.00016006,2023-12-10 00:00:00.000
1702180800000,0.00040205,2023-12-10 04:00:00.000
1702195200000,0.00011118,2023-12-10 08:00:00.000
1702209600000,0.00036341,2023-12-10 12:00:00.000
1702224000000,0.00019439,2023-12-10 16:00:00.000
1702238400000,0.00046183,2023-12-10 20:00:00.000
1702252800000,0.00050313,2023-12-11 00:00:00.000
1702267200001,5e-05,2023-12-11 04:00:00.001
1702281600000,5e-05,2023-12-11 08:00:00.000
1702296000000,0.00010472,2023-12-11 12:00:00.000
1702310400000,6.18e-05,2023-12-11 16:00:00.000
1702324800000,0.00016555,2023-12-11 20:00:00.000
1702339200000,6.484e-05,2023-12-12 00:00:00.000
1702353600000,0.00016249,2023-12-12 04:00:00.000
1702368000000,5.727e-05,2023-12-12 08:00:00.000
1702382400000,0.00031018,2023-12-12 12:00:00.000
1702396800000,0.00027438,2023-12-12 16:00:00.000
1702411200000,0.00035756,2023-12-12 20:00:00.000
1702425600000,0.00021421,2023-12-13 00:00:00.000
1702440000000,5e-05,2023-12-13 04:00:00.000
1702454400000,5e-05,2023-12-13 08:00:00.000
1702468800001,0.00016166,2023-12-13 12:00:00.001
1702483200001,9.586e-05,2023-12-13 16:00:00.001
1702497600000,0.00015079,2023-12-13 20:00:00.000
1702512000000,0.00029115,2023-12-14 00:00:00.000
1702526400000,0.00016879,2023-12-14 04:00:00.000
1702540800000,0.00023529,2023-12-14 08:00:00.000
1702555200000,0.00021406,2023-12-14 12:00:00.000
1702569600000,0.00039852,2023-12-14 16:00:00.000
1702584000000,0.00043556,2023-12-14 20:00:00.000
1702598400000,0.00070977,2023-12-15 00:00:00.000
1702612800000,0.0005525,2023-12-15 04:00:00.000
1702627200000,0.00049244,2023-12-15 08:00:00.000
1702641600000,0.00049646,2023-12-15 12:00:00.000
1702656000000,0.00051187,2023-12-15 16:00:00.000
1702670400001,0.00017859,2023-12-15 20:00:00.001
1702684800000,0.00010928,2023-12-16 00:00:00.000
1702699200000,5e-05,2023-12-16 04:00:00.000
1702713600000,0.00015342,2023-12-16 08:00:00.000
1702728000000,5e-05,2023-12-16 12:00:00.000
1702742400001,5e-05,2023-12-16 16:00:00.001
1702756800000,9.579e-05,2023-12-16 20:00:00.000
1702771200000,5e-05,2023-12-17 00:00:00.000
1702785600000,0.00038184,2023-12-17 04:00:00.000
1702800000000,0.00017146,2023-12-17 08:00:00.000
1702814400000,0.00025662,2023-12-17 12:00:00.000
1702828800000,0.00011255,2023-12-17 16:00:00.000
1702843200001,0.00014082,2023-12-17 20:00:00.001
1702857600000,0.00019622,2023-12-18 00:00:00.000
1702872000000,9.094e-05,2023-12-18 04:00:00.000
1702886400001,0.00012787,2023-12-18 08:00:00.001
1702900800000,5e-05,2023-12-18 12:00:00.000
1702915200000,7.623e-05,2023-12-18 16:00:00.000
1702929600001,0.00015297,2023-12-18 20:00:00.001
1702944000000,5e-05,2023-12-19 00:00:00.000
1702958400000,6.047e-05,2023-12-19 04:00:00.000
1702972800000,5.957e-05,2023-12-19 08:00:00.000
1702987200000,0.00013439,2023-12-19 12:00:00.000
1703001600000,5e-05,2023-12-19 16:00:00.000
1703016000001,5.74e-05,2023-12-19 20:00:00.001
1703030400000,5.994e-05,2023-12-20 00:00:00.000
1703044800000,0.00017406,2023-12-20 04:00:00.000
1703059200000,0.00021717,2023-12-20 08:00:00.000
1703073600000,0.00013943,2023-12-20 12:00:00.000
1703088000000,0.00019666,2023-12-20 16:00:00.000
1703102400000,0.00028062,2023-12-20 20:00:00.000
1703116800000,0.00026,2023-12-21 00:00:00.000
1703131200007,0.00037708,2023-12-21 04:00:00.007
1703145600000,0.00029202,2023-12-21 08:00:00.000
1703160000000,0.00028841,2023-12-21 12:00:00.000
1703174400000,0.00030512,2023-12-21 16:00:00.000
1703188800000,0.00034395,2023-12-21 20:00:00.000
1703203200000,0.00027396,2023-12-22 00:00:00.000
1703217600001,0.00030026,2023-12-22 04:00:00.001
1703232000000,0.00029464,2023-12-22 08:00:00.000
1703246400000,0.00041965,2023-12-22 12:00:00.000
1703260800000,0.00037045,2023-12-22 16:00:00.000
1703275200000,0.00030951,2023-12-22 20:00:00.000
1703289600000,0.00029899,2023-12-23 00:00:00.000
1703304000000,6.076e-05,2023-12-23 04:00:00.000
1703318400001,0.00013191,2023-12-23 08:00:00.001
1703332800000,0.00030301,2023-12-23 12:00:00.000
1703347200000,0.00019198,2023-12-23 16:00:00.000
1703361600000,0.00028876,2023-12-23 20:00:00.000
1703376000000,0.00061156,2023-12-24 00:00:00.000
1703390400000,0.00039169,2023-12-24 04:00:00.000
1703404800000,0.00030084,2023-12-24 08:00:00.000
1703419200000,0.00045942,2023-12-24 12:00:00.000
1703433600000,0.00027712,2023-12-24 16:00:00.000
1703448000000,0.00022911,2023-12-24 20:00:00.000
1703462400000,5e-05,2023-12-25 00:00:00.000
1703476800000,0.00012284,2023-12-25 04:00:00.000
1703491200000,0.0005951,2023-12-25 08:00:00.000
1703505600000,0.00071918,2023-12-25 12:00:00.000
1703520000000,0.00088047,2023-12-25 16:00:00.000
1703534400000,0.00099562,2023-12-25 20:00:00.000
1703548800000,0.00043254,2023-12-26 00:00:00.000
1703563200000,0.00073914,2023-12-26 04:00:00.000
1703577600000,7.914e-05,2023-12-26 08:00:00.000
1703592000001,0.00033292,2023-12-26 12:00:00.001
1703606400000,0.00040356,2023-12-26 16:00:00.000
1703620800000,0.00014085,2023-12-26 20:00:00.000
1703635200000,5e-05,2023-12-27 00:00:00.000
1703649600000,0.00038908,2023-12-27 04:00:00.000
1703664000000,0.00033341,2023-12-27 08:00:00.000
1703678400001,0.00035887,2023-12-27 12:00:00.001
1703692800000,0.00076139,2023-12-27 16:00:00.000
1703707200000,0.00072038,2023-12-27 20:00:00.000
1703721600000,0.00052167,2023-12-28 00:00:00.000
1703736000000,0.00065608,2023-12-28 04:00:00.000
1703750400000,0.00071302,2023-12-28 08:00:00.000
1703764800000,0.00058038,2023-12-28 12:00:00.000
1703779200000,0.00027119,2023-12-28 16:00:00.000
1703793600000,0.00048365,2023-12-28 20:00:00.000
1703808000001,0.00045304,2023-12-29 00:00:00.001
1703822400000,0.00039572,2023-12-29 04:00:00.000
1703836800000,0.00046534,2023-12-29 08:00:00.000
1703851200000,0.00067585,2023-12-29 12:00:00.000
1703865600000,0.00059994,2023-12-29 16:00:00.000
1703880000000,5e-05,2023-12-29 20:00:00.000
1703894400001,5e-05,2023-12-30 00:00:00.001
1703908800000,0.00042966,2023-12-30 04:00:00.000
1703923200000,0.00052715,2023-12-30 08:00:00.000
1703937600000,0.00012884,2023-12-30 12:00:00.000
1703952000000,0.00027225,2023-12-30 16:00:00.000
1703966400000,0.0004954,2023-12-30 20:00:00.000
1703980800000,0.00037928,2023-12-31 00:00:00.000
1703995200001,0.00033479,2023-12-31 04:00:00.001
1704009600001,0.00019129,2023-12-31 08:00:00.001
1704024000000,0.00051076,2023-12-31 12:00:00.000
1704038400000,0.00020217,2023-12-31 16:00:00.000
1704052800000,0.00036736,2023-12-31 20:00:00.000
1704067200000,0.00031792,2024-01-01 00:00:00.000
1704081600000,0.00038956,2024-01-01 04:00:00.000
1704096000000,0.00029384,2024-01-01 08:00:00.000
1704110400000,0.00044585,2024-01-01 12:00:00.000
1704124800000,0.00022784,2024-01-01 16:00:00.000
1704139200000,0.00030192,2024-01-01 20:00:00.000
1704153600000,0.0003829,2024-01-02 00:00:00.000
1704168000000,0.00041288,2024-01-02 04:00:00.000
1704182400000,0.00034965,2024-01-02 08:00:00.000
1704196800000,0.00132451,2024-01-02 12:00:00.000
1704211200000,0.00013425,2024-01-02 16:00:00.000
1704225600000,0.00017083,2024-01-02 20:00:00.000
1704240000000,5e-05,2024-01-03 00:00:00.000
1704254400000,0.00035142,2024-01-03 04:00:00.000
1704268800000,6.105e-05,2024-01-03 08:00:00.000
1704283200000,0.0004023,2024-01-03 12:00:00.000
1704297600000,0.0001102,2024-01-03 16:00:00.000
1704312000000,5e-05,2024-01-03 20:00:00.000
1704326400000,5e-05,2024-01-04 00:00:00.000
1704340800000,0.00021263,2024-01-04 04:00:00.000
1704355200000,0.00015513,2024-01-04 08:00:00.000
1704369600000,0.00011479,2024-01-04 12:00:00.000
1704384000000,6.924e-05,2024-01-04 16:00:00.000
1704398400000,0.00010353,2024-01-04 20:00:00.000
1704412800001,5e-05,2024-01-05 00:00:00.001
1704427200000,8.934e-05,2024-01-05 04:00:00.000
1704441600000,8.041e-05,2024-01-05 08:00:00.000
1704456000000,5e-05,2024-01-05 12:00:00.000
1704470400000,8.449e-05,2024-01-05 16:00:00.000
1704484800000,5e-05,2024-01-05 20:00:00.000
1704499200000,5e-05,2024-01-06 00:00:00.000
1704513600000,8.582e-05,2024-01-06 04:00:00.000
1704528000000,5e-05,2024-01-06 08:00:00.000
1704542400000,5e-05,2024-01-06 12:00:00.000
1704556800000,5e-05,2024-01-06 16:00:00.000
1704571200000,5e-05,2024-01-06 20:00:00.000
1704585600000,0.00010758,2024-01-07 00:00:00.000
1704600000000,5.203e-05,2024-01-07 04:00:00.000
1704614400001,5e-05,2024-01-07 08:00:00.001
1704628800000,5e-05,2024-01-07 12:00:00.000
1704643200001,5e-05,2024-01-07 16:00:00.001
1704657600000,5e-05,2024-01-07 20:00:00.000
1704672000000,5e-05,2024-01-08 00:00:00.000
1704686400000,5e-05,2024-01-08 04:00:00.000
1704700800000,5e-05,2024-01-08 08:00:00.000
1704715200000,5e-05,2024-01-08 12:00:00.000
1704729600000,5e-05,2024-01-08 16:00:00.000
1704744000000,5e-05,2024-01-08 20:00:00.000
1704758400001,5e-05,2024-01-09 00:00:00.001
1704772800000,5e-05,2024-01-09 04:00:00.000
1704787200000,5e-05,2024-01-09 08:00:00.000
1704801600000,5e-05,2024-01-09 12:00:00.000
1704816000000,5e-05,2024-01-09 16:00:00.000
1704830400000,5e-05,2024-01-09 20:00:00.000
1704844800000,5e-05,2024-01-10 00:00:00.000
1704859200000,5e-05,2024-01-10 04:00:00.000
1704873600000,5e-05,2024-01-10 08:00:00.000
1704888000000,5e-05,2024-01-10 12:00:00.000
1704902400000,5e-05,2024-01-10 16:00:00.000
1704916800000,5e-05,2024-01-10 20:00:00.000
1704931200000,5e-05,2024-01-11 00:00:00.000
1704945600000,5e-05,2024-01-11 04:00:00.000
1704960000000,5e-05,2024-01-11 08:00:00.000
1704974400000,5e-05,2024-01-11 12:00:00.000
1704988800000,5e-05,2024-01-11 16:00:00.000
1705003200000,5e-05,2024-01-11 20:00:00.000
1705017600001,5e-05,2024-01-12 00:00:00.001
1705032000000,5e-05,2024-01-12 04:00:00.000
1705046400000,5e-05,2024-01-12 08:00:00.000
1705060800001,5.937e-05,2024-01-12 12:00:00.001
1705075200000,5e-05,2024-01-12 16:00:00.000
1705089600000,5e-05,2024-01-12 20:00:00.000
1705104000000,5e-05,2024-01-13 00:00:00.000
1705118400000,5e-05,2024-01-13 04:00:00.000
1705132800000,5e-05,2024-01-13 08:00:00.000
1705147200000,5e-05,2024-01-13 12:00:00.000
1705161600001,5e-05,2024-01-13 16:00:00.001
1705176000000,0.00016754,2024-01-13 20:00:00.000
1705190400000,0.00016458,2024-01-14 00:00:00.000
1705204800000,0.00014904,2024-01-14 04:00:00.000
1705219200000,5.349e-05,2024-01-14 08:00:00.000
1705233600000,9.492e-05,2024-01-14 12:00:00.000
1705248000001,5e-05,2024-01-14 16:00:00.001
1705262400000,5e-05,2024-01-14 20:00:00.000
1705276800000,5e-05,2024-01-15 00:00:00.000
1705291200000,5e-05,2024-01-15 04:00:00.000
1705305600000,5e-05,2024-01-15 08:00:00.000
1705320000000,0.00012932,2024-01-15 12:00:00.000
1705334400000,5e-05,2024-01-15 16:00:00.000
1705348800000,0.00011996,2024-01-15 20:00:00.000
1705363200000,8.775e-05,2024-01-16 00:00:00.000
1705377600000,0.00022881,2024-01-16 04:00:00.000
1705392000000,0.00014775,2024-01-16 08:00:00.000
1705406400001,5e-05,2024-01-16 12:00:00.001
1705420800001,5e-05,2024-01-16 16:00:00.001
1705435200000,5e-05,2024-01-16 20:00:00.000
1705449600000,5e-05,2024-01-17 00:00:00.000
1705464000000,5e-05,2024-01-17 04:00:00.000
1705478400000,7.044e-05,2024-01-17 08:00:00.000
1705492800000,5e-05,2024-01-17 12:00:00.000
1705507200000,5e-05,2024-01-17 16:00:00.000
1705521600000,5e-05,2024-01-17 20:00:00.000
1705536000001,7.324e-05,2024-01-18 00:00:00.001
1705550400000,5e-05,2024-01-18 04:00:00.000
1705564800000,0.00010126,2024-01-18 08:00:00.000
1705579200000,7.359e-05,2024-01-18 12:00:00.000
1705593600000,7.07e-05,2024-01-18 16:00:00.000
1705608000000,5e-05,2024-01-18 20:00:00.000
1705622400000,5e-05,2024-01-19 00:00:00.000
1705636800000,5e-05,2024-01-19 04:00:00.000
1705651200000,5e-05,2024-01-19 08:00:00.000
1705665600000,5e-05,2024-01-19 12:00:00.000
1705680000002,5e-05,2024-01-19 16:00:00.002
1705694400000,5e-05,2024-01-19 20:00:00.000
1705708800000,5e-05,2024-01-20 00:00:00.000
1705723200000,5e-05,2024-01-20 04:00:00.000
1705737600003,5e-05,2024-01-20 08:00:00.003
1705752000000,0.00010581,2024-01-20 12:00:00.000
1705766400000,5e-05,2024-01-20 16:00:00.000
1705780800000,5e-05,2024-01-20 20:00:00.000
1705795200000,9.022e-05,2024-01-21 00:00:00.000
1705809600000,5e-05,2024-01-21 04:00:00.000
1705824000000,5.632e-05,2024-01-21 08:00:00.000
1705838400000,5e-05,2024-01-21 12:00:00.000
1705852800000,5e-05,2024-01-21 16:00:00.000
1705867200000,0.00016071,2024-01-21 20:00:00.000
1705881600000,5e-05,2024-01-22 00:00:00.000
1705896000001,5e-05,2024-01-22 04:00:00.001
1705910400000,5e-05,2024-01-22 08:00:00.000
1705924800000,7.594e-05,2024-01-22 12:00:00.000
1705939200000,5e-05,2024-01-22 16:00:00.000
1705953600000,5e-05,2024-01-22 20:00:00.000
1705968000000,0.0001401,2024-01-23 00:00:00.000
1705982400000,5e-05,2024-01-23 04:00:00.000
1705996800000,8.087e-05,2024-01-23 08:00:00.000
1706011200000,5e-05,2024-01-23 12:00:00.000
1706025600000,5e-05,2024-01-23 16:00:00.000
1706040000000,5e-05,2024-01-23 20:00:00.000
1706054400000,5e-05,2024-01-24 00:00:00.000
1706068800000,5e-05,2024-01-24 04:00:00.000
1706083200000,5e-05,2024-01-24 08:00:00.000
1706097600000,5e-05,2024-01-24 12:00:00.000
1706112000000,5e-05,2024-01-24 16:00:00.000
1706126400000,5e-05,2024-01-24 20:00:00.000
1706140800000,5e-05,2024-01-25 00:00:00.000
1706155200000,5e-05,2024-01-25 04:00:00.000
1706169600001,5e-05,2024-01-25 08:00:00.001
1706184000000,5e-05,2024-01-25 12:00:00.000
1706198400000,5e-05,2024-01-25 16:00:00.000
1706212800000,5e-05,2024-01-25 20:00:00.000
1706227200001,5e-05,2024-01-26 00:00:00.001
1706241600001,5e-05,2024-01-26 04:00:00.001
1706256000000,5e-05,2024-01-26 08:00:00.000
1706270400000,5e-05,2024-01-26 12:00:00.000
1706284800000,5e-05,2024-01-26 16:00:00.000
1706299200000,5e-05,2024-01-26 20:00:00.000
1706313600000,5e-05,2024-01-27 00:00:00.000
1706328000000,5e-05,2024-01-27 04:00:00.000
1706342400000,5e-05,2024-01-27 08:00:00.000
1706356800000,5e-05,2024-01-27 12:00:00.000
1706371200000,5e-05,2024-01-27 16:00:00.000
1706385600000,5e-05,2024-01-27 20:00:00.000
1706400000000,5e-05,2024-01-28 00:00:00.000
1706414400000,5e-05,2024-01-28 04:00:00.000
1706428800000,5e-05,2024-01-28 08:00:00.000
1706443200000,5e-05,2024-01-28 12:00:00.000
1706457600000,5e-05,2024-01-28 16:00:00.000
1706472000000,5e-05,2024-01-28 20:00:00.000
1706486400000,5e-05,2024-01-29 00:00:00.000
1706500800001,5e-05,2024-01-29 04:00:00.001
1706515200001,5e-05,2024-01-29 08:00:00.001
1706529600000,5e-05,2024-01-29 12:00:00.000
1706544000000,5e-05,2024-01-29 16:00:00.000
1706558400000,5e-05,2024-01-29 20:00:00.000
1706572800000,5e-05,2024-01-30 00:00:00.000
1706587200000,5e-05,2024-01-30 04:00:00.000
1706601600000,5e-05,2024-01-30 08:00:00.000
1706616000000,5e-05,2024-01-30 12:00:00.000
1706630400001,5e-05,2024-01-30 16:00:00.001
1706644800000,5e-05,2024-01-30 20:00:00.000
1706659200000,5e-05,2024-01-31 00:00:00.000
1706673600001,5e-05,2024-01-31 04:00:00.001
1706688000000,5e-05,2024-01-31 08:00:00.000
1706702400000,5e-05,2024-01-31 12:00:00.000
1706716800000,5e-05,2024-01-31 16:00:00.000
1706731200000,5e-05,2024-01-31 20:00:00.000
1706745600000,5e-05,2024-02-01 00:00:00.000
1706760000000,5e-05,2024-02-01 04:00:00.000
1706774400000,5e-05,2024-02-01 08:00:00.000
1706788800000,5e-05,2024-02-01 12:00:00.000
1706803200002,5e-05,2024-02-01 16:00:00.002
1706817600000,5e-05,2024-02-01 20:00:00.000
1706832000000,5e-05,2024-02-02 00:00:00.000
1706846400000,5e-05,2024-02-02 04:00:00.000
1706860800000,5e-05,2024-02-02 08:00:00.000
1706875200000,5e-05,2024-02-02 12:00:00.000
1706889600000,5e-05,2024-02-02 16:00:00.000
1706904000000,5e-05,2024-02-02 20:00:00.000
1706918400000,5e-05,2024-02-03 00:00:00.000
1706932800000,5e-05,2024-02-03 04:00:00.000
1706947200000,5e-05,2024-02-03 08:00:00.000
1706961600000,5e-05,2024-02-03 12:00:00.000
1706976000001,5e-05,2024-02-03 16:00:00.001
1706990400000,5e-05,2024-02-03 20:00:00.000
1707004800000,5e-05,2024-02-04 00:00:00.000
1707019200000,5e-05,2024-02-04 04:00:00.000
1707033600004,5e-05,2024-02-04 08:00:00.004
1707048000001,5e-05,2024-02-04 12:00:00.001
1707062400000,5e-05,2024-02-04 16:00:00.000
1707076800000,5e-05,2024-02-04 20:00:00.000
1707091200000,5e-05,2024-02-05 00:00:00.000
1707105600000,5e-05,2024-02-05 04:00:00.000
1707120000000,5e-05,2024-02-05 08:00:00.000
1707134400000,5e-05,2024-02-05 12:00:00.000
1707148800000,5e-05,2024-02-05 16:00:00.000
1707163200000,5e-05,2024-02-05 20:00:00.000
1707177600000,5e-05,2024-02-06 00:00:00.000
1707192000000,5e-05,2024-02-06 04:00:00.000
1707206400001,5e-05,2024-02-06 08:00:00.001
1707220800000,5e-05,2024-02-06 12:00:00.000
1707235200000,5e-05,2024-02-06 16:00:00.000
1707249600000,5e-05,2024-02-06 20:00:00.000
1707264000000,5e-05,2024-02-07 00:00:00.000
1707278400000,5e-05,2024-02-07 04:00:00.000
1707292800000,5e-05,2024-02-07 08:00:00.000
1707307200000,5e-05,2024-02-07 12:00:00.000
1707321600000,5e-05,2024-02-07 16:00:00.000
1707336000000,5e-05,2024-02-07 20:00:00.000
1707350400000,5.243e-05,2024-02-08 00:00:00.000
1707364800001,5e-05,2024-02-08 04:00:00.001
1707379200000,5e-05,2024-02-08 08:00:00.000
1707393600000,5e-05,2024-02-08 12:00:00.000
1707408000000,5e-05,2024-02-08 16:00:00.000
1707422400000,5e-05,2024-02-08 20:00:00.000
1707436800000,5e-05,2024-02-09 00:00:00.000
1707451200000,5e-05,2024-02-09 04:00:00.000
1707465600000,5e-05,2024-02-09 08:00:00.000
1707480000000,5e-05,2024-02-09 12:00:00.000
1707494400001,5e-05,2024-02-09 16:00:00.001
1707508800000,5e-05,2024-02-09 20:00:00.000
1707523200001,5e-05,2024-02-10 00:00:00.001
1707537600000,6.658e-05,2024-02-10 04:00:00.000
1707552000000,5e-05,2024-02-10 08:00:00.000
1707566400001,5.706e-05,2024-02-10 12:00:00.001
1707580800000,0.00011841,2024-02-10 16:00:00.000
1707595200000,7.89e-05,2024-02-10 20:00:00.000
1707609600000,5e-05,2024-02-11 00:00:00.000
1707624000000,5e-05,2024-02-11 04:00:00.000
1707638400001,0.00011292,2024-02-11 08:00:00.001
1707652800001,0.00011756,2024-02-11 12:00:00.001
1707667200000,0.00021537,2024-02-11 16:00:00.000
1707681600001,6.971e-05,2024-02-11 20:00:00.001
1707696000000,5e-05,2024-02-12 00:00:00.000
1707710400001,5e-05,2024-02-12 04:00:00.001
1707724800000,5e-05,2024-02-12 08:00:00.000
1707739200000,0.00013285,2024-02-12 12:00:00.000
1707753600000,0.00019092,2024-02-12 16:00:00.000
1707768000000,0.00027978,2024-02-12 20:00:00.000
1707782400000,0.00026496,2024-02-13 00:00:00.000
1707796800000,0.00034086,2024-02-13 04:00:00.000
1707811200000,0.00029682,2024-02-13 08:00:00.000
1707825600000,0.00018623,2024-02-13 12:00:00.000
1707840000000,0.00016121,2024-02-13 16:00:00.000
1707854400000,0.00015736,2024-02-13 20:00:00.000
1707868800000,0.00011745,2024-02-14 00:00:00.000
1707883200000,9.403e-05,2024-02-14 04:00:00.000
1707897600000,0.00011013,2024-02-14 08:00:00.000
1707912000000,0.00029625,2024-02-14 12:00:00.000
1707926400000,0.0002284,2024-02-14 16:00:00.000
1707940800000,0.00019961,2024-02-14 20:00:00.000
1707955200000,0.00019866,2024-02-15 00:00:00.000
1707969600000,0.00026898,2024-02-15 04:00:00.000
1707984000000,0.00023257,2024-02-15 08:00:00.000
1707998400000,0.00023705,2024-02-15 12:00:00.000
1708012800000,0.00017986,2024-02-15 16:00:00.000
1708027200000,0.00022547,2024-02-15 20:00:00.000
1708041600000,0.00022337,2024-02-16 00:00:00.000
1708056000000,0.00028976,2024-02-16 04:00:00.000
1708070400000,0.00029721,2024-02-16 08:00:00.000
1708084800000,0.00031329,2024-02-16 12:00:00.000
1708099200000,0.00010134,2024-02-16 16:00:00.000
1708113600000,5e-05,2024-02-16 20:00:00.000
1708128000000,0.00015847,2024-02-17 00:00:00.000
1708142400000,5.048e-05,2024-02-17 04:00:00.000
1708156800000,0.000379,2024-02-17 08:00:00.000
1708171200000,0.00020676,2024-02-17 12:00:00.000
1708185600000,0.00014674,2024-02-17 16:00:00.000
1708200000000,0.00013322,2024-02-17 20:00:00.000
1708214400000,0.00023152,2024-02-18 00:00:00.000
1708228800000,0.00016816,2024-02-18 04:00:00.000
1708243200000,0.0003,2024-02-18 08:00:00.000
1708257600000,0.00025669,2024-02-18 12:00:00.000
1708272000000,0.00020757,2024-02-18 16:00:00.000
1708286400000,0.00018877,2024-02-18 20:00:00.000
1708300800000,0.00027071,2024-02-19 00:00:00.000
1708315200000,0.0002596,2024-02-19 04:00:00.000
1708329600000,0.00036535,2024-02-19 08:00:00.000
1708344000000,0.0001558,2024-02-19 12:00:00.000
1708358400000,5e-05,2024-02-19 16:00:00.000
1708372800000,0.00011036,2024-02-19 20:00:00.000
1708387200000,0.000133,2024-02-20 00:00:00.000
1708401600000,5e-05,2024-02-20 04:00:00.000
1708416000000,0.00017577,2024-02-20 08:00:00.000
1708430400000,0.00027727,2024-02-20 12:00:00.000
1708444800000,8.371e-05,2024-02-20 16:00:00.000
1708459200000,0.00010994,2024-02-20 20:00:00.000
1708473600000,0.00018828,2024-02-21 00:00:00.000
1708488000000,5e-05,2024-02-21 04:00:00.000
1708502400000,0.00014053,2024-02-21 08:00:00.000
1708516800000,0.00015036,2024-02-21 12:00:00.000
1708531200000,0.00025438,2024-02-21 16:00:00.000
1708545600000,7.425e-05,2024-02-21 20:00:00.000
1708560000001,0.00020293,2024-02-22 00:00:00.001
1708574400000,0.00012003,2024-02-22 04:00:00.000
1708588800001,0.00013613,2024-02-22 08:00:00.001
1708603200000,0.00015282,2024-02-22 12:00:00.000
1708617600000,0.00024497,2024-02-22 16:00:00.000
1708632000000,0.00025717,2024-02-22 20:00:00.000
1708646400000,0.00024816,2024-02-23 00:00:00.000
1708660800001,0.00019065,2024-02-23 04:00:00.001
1708675200000,0.00027585,2024-02-23 08:00:00.000
1708689600001,0.00031253,2024-02-23 12:00:00.001
1708704000000,0.00021779,2024-02-23 16:00:00.000
1708718400000,0.00010677,2024-02-23 20:00:00.000
1708732800000,9.574e-05,2024-02-24 00:00:00.000
1708747200000,0.0003026,2024-02-24 04:00:00.000
1708761600001,0.00027272,2024-02-24 08:00:00.001
1708776000000,0.00018771,2024-02-24 12:00:00.000
1708790400000,0.00024268,2024-02-24 16:00:00.000
1708804800000,0.00019923,2024-02-24 20:00:00.000
1708819200001,0.00017625,2024-02-25 00:00:00.001
1708833600000,0.00021861,2024-02-25 04:00:00.000
1708848000000,0.0003181,2024-02-25 08:00:00.000
1708862400001,0.00023399,2024-02-25 12:00:00.001
1708876800000,0.00011341,2024-02-25 16:00:00.000
1708891200000,0.00029059,2024-02-25 20:00:00.000
1708905600000,0.00036754,2024-02-26 00:00:00.000
1708920000000,0.00048479,2024-02-26 04:00:00.000
1708934400000,0.00047836,2024-02-26 08:00:00.000
1708948800000,0.00028176,2024-02-26 12:00:00.000
1708963200000,0.00028882,2024-02-26 16:00:00.000
1708977600001,0.00036957,2024-02-26 20:00:00.001
1708992000000,0.0004389,2024-02-27 00:00:00.000
1709006400000,0.00062561,2024-02-27 04:00:00.000
1709020800000,0.00047266,2024-02-27 08:00:00.000
1709035200000,0.00048423,2024-02-27 12:00:00.000
1709049600000,0.00030361,2024-02-27 16:00:00.000
1709064000000,0.00035291,2024-02-27 20:00:00.000
1709078400000,0.00033376,2024-02-28 00:00:00.000
1709092800000,0.00047871,2024-02-28 04:00:00.000
1709107200000,0.00049053,2024-02-28 08:00:00.000
1709121600000,0.00099885,2024-02-28 12:00:00.000
1709136000000,0.00076483,2024-02-28 16:00:00.000
1709150400000,0.00036568,2024-02-28 20:00:00.000
1709164800000,0.00043491,2024-02-29 00:00:00.000
1709179200001,0.00052137,2024-02-29 04:00:00.001
1709193600000,0.00058782,2024-02-29 08:00:00.000
1709208000000,0.0005239,2024-02-29 12:00:00.000
1709222400000,0.00052625,2024-02-29 16:00:00.000
1709236800000,0.00056382,2024-02-29 20:00:00.000
1709251200000,0.00025543,2024-03-01 00:00:00.000
1709265600000,0.00044101,2024-03-01 04:00:00.000
1709280000000,0.00041268,2024-03-01 08:00:00.000
1709294400000,0.00034981,2024-03-01 12:00:00.000
1709308800000,0.00042148,2024-03-01 16:00:00.000
1709323200000,0.00050325,2024-03-01 20:00:00.000
1709337600000,0.00054978,2024-03-02 00:00:00.000
1709352000001,0.00074684,2024-03-02 04:00:00.001
1709366400001,0.00069761,2024-03-02 08:00:00.001
1709380800000,0.00095652,2024-03-02 12:00:00.000
1709395200000,0.00042579,2024-03-02 16:00:00.000
1709409600000,0.00042299,2024-03-02 20:00:00.000
1709424000000,0.00056161,2024-03-03 00:00:00.000
1709438400000,0.00065195,2024-03-03 04:00:00.000
1709452800000,0.00038548,2024-03-03 08:00:00.000
1709467200000,0.00045771,2024-03-03 12:00:00.000
1709481600000,0.00042655,2024-03-03 16:00:00.000
1709496000000,0.00052975,2024-03-03 20:00:00.000
1709510400000,0.00056258,2024-03-04 00:00:00.000
1709524800001,0.00094103,2024-03-04 04:00:00.001
1709539200000,0.00062268,2024-03-04 08:00:00.000
1709553600000,0.00040166,2024-03-04 12:00:00.000
1709568000000,0.00044857,2024-03-04 16:00:00.000
1709582400000,0.00047442,2024-03-04 20:00:00.000
1709596800000,0.00060298,2024-03-05 00:00:00.000
1709611200000,0.00069755,2024-03-05 04:00:00.000
1709625600000,0.00123438,2024-03-05 08:00:00.000
1709640000000,0.00090686,2024-03-05 12:00:00.000
1709654400000,0.00055195,2024-03-05 16:00:00.000
1709668800000,0.00023149,2024-03-05 20:00:00.000
1709683200000,5e-05,2024-03-06 00:00:00.000
1709697600000,5e-05,2024-03-06 04:00:00.000
1709712000001,5e-05,2024-03-06 08:00:00.001
1709726400000,0.00036529,2024-03-06 12:00:00.000
1709740800000,0.00030943,2024-03-06 16:00:00.000
1709755200000,0.00026301,2024-03-06 20:00:00.000
1709769600000,0.00010698,2024-03-07 00:00:00.000
1709784000000,5e-05,2024-03-07 04:00:00.000
1709798400000,0.00013848,2024-03-07 08:00:00.000
1709812800001,0.00025003,2024-03-07 12:00:00.001
1709827200000,0.00033317,2024-03-07 16:00:00.000
1709841600000,0.0001926,2024-03-07 20:00:00.000
1709856000000,0.00043215,2024-03-08 00:00:00.000
1709870400000,0.00030392,2024-03-08 04:00:00.000
1709884800000,0.00036808,2024-03-08 08:00:00.000
1709899200000,0.00044212,2024-03-08 12:00:00.000
1709913600000,0.00028964,2024-03-08 16:00:00.000
1709928000000,0.00036177,2024-03-08 20:00:00.000
1709942400000,0.00038008,2024-03-09 00:00:00.000
1709956800000,0.00043672,2024-03-09 04:00:00.000
1709971200001,0.00046957,2024-03-09 08:00:00.001
1709985600001,0.00048324,2024-03-09 12:00:00.001
1710000000000,0.00059172,2024-03-09 16:00:00.000
1710014400000,0.00047055,2024-03-09 20:00:00.000
1710028800000,0.00048929,2024-03-10 00:00:00.000
1710043200000,0.00054182,2024-03-10 04:00:00.000
1710057600000,0.00068205,2024-03-10 08:00:00.000
1710072000000,0.00046299,2024-03-10 12:00:00.000
1710086400000,0.000301,2024-03-10 16:00:00.000
1710100800000,0.00051644,2024-03-10 20:00:00.000
1710115200000,0.00035801,2024-03-11 00:00:00.000
1710129600000,0.00042779,2024-03-11 04:00:00.000
1710144000000,0.00045113,2024-03-11 08:00:00.000
1710158400000,0.00054435,2024-03-11 12:00:00.000
1710172800000,0.00034656,2024-03-11 16:00:00.000
1710187200001,0.00030835,2024-03-11 20:00:00.001
1710201600000,0.00045103,2024-03-12 00:00:00.000
1710216000000,0.00045372,2024-03-12 04:00:00.000
1710230400000,0.00032472,2024-03-12 08:00:00.000
1710244800000,0.00043924,2024-03-12 12:00:00.000
1710259200000,0.0002651,2024-03-12 16:00:00.000
1710273600000,0.00036654,2024-03-12 20:00:00.000
1710288000000,0.00046061,2024-03-13 00:00:00.000
1710302400000,0.00048663,2024-03-13 04:00:00.000
1710316800001,0.00055058,2024-03-13 08:00:00.001
1710331200000,0.00048507,2024-03-13 12:00:00.000
1710345600000,0.00033713,2024-03-13 16:00:00.000
1710360000000,0.00036776,2024-03-13 20:00:00.000
1710374400001,0.00029124,2024-03-14 00:00:00.001
1710388800000,0.00053217,2024-03-14 04:00:00.000
1710403200000,0.00053392,2024-03-14 08:00:00.000
1710417600000,0.00047011,2024-03-14 12:00:00.000
1710432000000,0.00042459,2024-03-14 16:00:00.000
1710446400001,0.00033914,2024-03-14 20:00:00.001
1710460800000,0.00047143,2024-03-15 00:00:00.000
1710475200000,0.00031748,2024-03-15 04:00:00.000
1710489600000,0.00026383,2024-03-15 08:00:00.000
1710504000000,0.00014156,2024-03-15 12:00:00.000
1710518400000,0.00014805,2024-03-15 16:00:00.000
1710532800000,0.00011649,2024-03-15 20:00:00.000
1710547200000,0.00011716,2024-03-16 00:00:00.000
1710561600000,0.00024941,2024-03-16 04:00:00.000
1710576000000,0.00029628,2024-03-16 08:00:00.000
1710590400000,0.00010684,2024-03-16 12:00:00.000
1710604800000,5e-05,2024-03-16 16:00:00.000
1710619200000,5e-05,2024-03-16 20:00:00.000
1710633600000,5e-05,2024-03-17 00:00:00.000
1710648000000,5e-05,2024-03-17 04:00:00.000
1710662400000,6.128e-05,2024-03-17 08:00:00.000
1710676800000,0.00013184,2024-03-17 12:00:00.000
1710691200000,5.35e-05,2024-03-17 16:00:00.000
1710705600000,6.112e-05,2024-03-17 20:00:00.000
1710720000000,0.00013492,2024-03-18 00:00:00.000
1710734400001,5e-05,2024-03-18 04:00:00.001
1710748800000,5e-05,2024-03-18 08:00:00.000
1710763200000,0.00014542,2024-03-18 12:00:00.000
1710777600001,0.00021364,2024-03-18 16:00:00.001
1710792000001,6.626e-05,2024-03-18 20:00:00.001
1710806400000,6.515e-05,2024-03-19 00:00:00.000
1710820800000,5e-05,2024-03-19 04:00:00.000
1710835200000,5.588e-05,2024-03-19 08:00:00.000
1710849600000,0.00011017,2024-03-19 12:00:00.000
1710864000001,6.451e-05,2024-03-19 16:00:00.001
1710878400000,0.0001514,2024-03-19 20:00:00.000
1710892800000,0.00014311,2024-03-20 00:00:00.000
1710907200000,6.573e-05,2024-03-20 04:00:00.000
1710921600004,0.0001277,2024-03-20 08:00:00.004
1710936000001,8.928e-05,2024-03-20 12:00:00.001
1710950400000,9.111e-05,2024-03-20 16:00:00.000
1710964800000,9.594e-05,2024-03-20 20:00:00.000
1710979200000,0.00012328,2024-03-21 00:00:00.000
1710993600000,0.00011511,2024-03-21 04:00:00.000
1711008000000,0.00011973,2024-03-21 08:00:00.000
1711022400013,0.00012104,2024-03-21 12:00:00.013
1711036800000,0.00020879,2024-03-21 16:00:00.000
1711051200000,0.00017528,2024-03-21 20:00:00.000
1711065600000,0.00015544,2024-03-22 00:00:00.000
1711080000000,0.00019039,2024-03-22 04:00:00.000
1711094400000,0.00014689,2024-03-22 08:00:00.000
1711108800000,7.795e-05,2024-03-22 12:00:00.000
1711123200000,6.887e-05,2024-03-22 16:00:00.000
1711137600000,8.488e-05,2024-03-22 20:00:00.000
1711152000000,0.00015545,2024-03-23 00:00:00.000
1711166400000,0.000136,2024-03-23 04:00:00.000
1711180800000,0.00011925,2024-03-23 08:00:00.000
1711195200000,0.00019589,2024-03-23 12:00:00.000
1711209600000,9.609e-05,2024-03-23 16:00:00.000
1711224000000,0.00014969,2024-03-23 20:00:00.000
1711238400000,0.00013034,2024-03-24 00:00:00.000
1711252800001,7.73e-05,2024-03-24 04:00:00.001
1711267200000,0.00017712,2024-03-24 08:00:00.000
1711281600000,9.64e-05,2024-03-24 12:00:00.000
1711296000000,0.00013629,2024-03-24 16:00:00.000
1711310400000,0.00012321,2024-03-24 20:00:00.000
1711324800000,8.241e-05,2024-03-25 00:00:00.000
1711339200000,0.0001102,2024-03-25 04:00:00.000
1711353600001,0.0001944,2024-03-25 08:00:00.001
1711368000000,0.00014162,2024-03-25 12:00:00.000
1711382400000,0.00025089,2024-03-25 16:00:00.000
1711396800000,0.00022932,2024-03-25 20:00:00.000
1711411200000,0.00027036,2024-03-26 00:00:00.000
1711425600000,0.00016861,2024-03-26 04:00:00.000
1711440000000,0.00011773,2024-03-26 08:00:00.000
1711454400000,0.00012867,2024-03-26 12:00:00.000
1711468800000,0.00012921,2024-03-26 16:00:00.000
1711483200000,0.0002244,2024-03-26 20:00:00.000
1711497600000,0.00013574,2024-03-27 00:00:00.000
1711512000000,0.00010588,2024-03-27 04:00:00.000
1711526400001,0.00012012,2024-03-27 08:00:00.001
1711540800001,0.00023221,2024-03-27 12:00:00.001
1711555200000,7.93e-05,2024-03-27 16:00:00.000
1711569600000,0.00023932,2024-03-27 20:00:00.000
1711584000000,0.00024482,2024-03-28 00:00:00.000
1711598400000,0.00024789,2024-03-28 04:00:00.000
1711612800000,0.00025934,2024-03-28 08:00:00.000
1711627200000,0.00029271,2024-03-28 12:00:00.000
1711641600000,0.00027344,2024-03-28 16:00:00.000
1711656000000,0.00037141,2024-03-28 20:00:00.000
1711670400000,0.00022983,2024-03-29 00:00:00.000
1711684800000,0.00011913,2024-03-29 04:00:00.000
1711699200000,0.00031669,2024-03-29 08:00:00.000
1711713600000,0.00040283,2024-03-29 12:00:00.000
1711728000000,0.00023722,2024-03-29 16:00:00.000
1711742400000,0.00028232,2024-03-29 20:00:00.000
1711756800000,0.00029603,2024-03-30 00:00:00.000
1711771200000,0.00024671,2024-03-30 04:00:00.000
1711785600000,0.00034275,2024-03-30 08:00:00.000
1711800000001,0.00027803,2024-03-30 12:00:00.001
1711814400000,0.00024129,2024-03-30 16:00:00.000
1711828800000,0.00024324,2024-03-30 20:00:00.000
1711843200000,0.00039831,2024-03-31 00:00:00.000
1711857600000,0.00024733,2024-03-31 04:00:00.000
1711872000000,0.0002919,2024-03-31 08:00:00.000
1711886400000,0.00042797,2024-03-31 12:00:00.000
1711900800001,0.0003228,2024-03-31 16:00:00.001
1711915200000,0.00065819,2024-03-31 20:00:00.000
1711929600000,0.00066623,2024-04-01 00:00:00.000
1711944000000,0.00048129,2024-04-01 04:00:00.000
1711958400000,9.83e-05,2024-04-01 08:00:00.000
1711972800000,0.00023663,2024-04-01 12:00:00.000
1711987200000,0.00019896,2024-04-01 16:00:00.000
1712001600000,0.00016523,2024-04-01 20:00:00.000
1712016000007,0.00014574,2024-04-02 00:00:00.007
1712030400000,5e-05,2024-04-02 04:00:00.000
1712044800015,5e-05,2024-04-02 08:00:00.015
1712059200000,0.0001013,2024-04-02 12:00:00.000
1712073600000,5.72e-05,2024-04-02 16:00:00.000
1712088000000,8.966e-05,2024-04-02 20:00:00.000
1712102400000,5e-05,2024-04-03 00:00:00.000
1712116800000,5e-05,2024-04-03 04:00:00.000
1712131200000,6.632e-05,2024-04-03 08:00:00.000
1712145600000,0.00010507,2024-04-03 12:00:00.000
1712160000000,0.00010156,2024-04-03 16:00:00.000
1712174400000,8.086e-05,2024-04-03 20:00:00.000
1712188800000,0.00014467,2024-04-04 00:00:00.000
1712203200000,5e-05,2024-04-04 04:00:00.000
1712217600000,0.00011145,2024-04-04 08:00:00.000
1712232000000,0.0001863,2024-04-04 12:00:00.000
1712246400000,7.579e-05,2024-04-04 16:00:00.000
1712260800000,5e-05,2024-04-04 20:00:00.000
1712275200000,5e-05,2024-04-05 00:00:00.000
1712289600000,5e-05,2024-04-05 04:00:00.000
1712304000000,5e-05,2024-04-05 08:00:00.000
1712318400000,7.22e-05,2024-04-05 12:00:00.000
1712332800000,5e-05,2024-04-05 16:00:00.000
1712347200000,5e-05,2024-04-05 20:00:00.000
1712361600000,7.05e-05,2024-04-06 00:00:00.000
1712376000000,8.263e-05,2024-04-06 04:00:00.000
1712390400000,0.00012758,2024-04-06 08:00:00.000
1712404800000,9.258e-05,2024-04-06 12:00:00.000
1712419200000,0.00017213,2024-04-06 16:00:00.000
1712433600000,0.00018986,2024-04-06 20:00:00.000
1712448000000,6.37e-05,2024-04-07 00:00:00.000
1712462400000,6.738e-05,2024-04-07 04:00:00.000
1712476800000,9.717e-05,2024-04-07 08:00:00.000
1712491200001,0.00018144,2024-04-07 12:00:00.001
1712505600000,7.385e-05,2024-04-07 16:00:00.000
1712520000000,9.3e-05,2024-04-07 20:00:00.000
1712534400001,0.000128,2024-04-08 00:00:00.001
1712548800000,0.00016832,2024-04-08 04:00:00.000
1712563200000,0.00018269,2024-04-08 08:00:00.000
1712577600000,0.00010645,2024-04-08 12:00:00.000
1712592000006,0.00017994,2024-04-08 16:00:00.006
1712606400001,0.00018596,2024-04-08 20:00:00.001
1712620800000,0.00018851,2024-04-09 00:00:00.000
1712635200000,0.0001387,2024-04-09 04:00:00.000
1712649600001,0.00019256,2024-04-09 08:00:00.001
1712664000000,0.00018202,2024-04-09 12:00:00.000
1712678400001,0.00018754,2024-04-09 16:00:00.001
1712692800000,0.00020852,2024-04-09 20:00:00.000
1712707200000,0.0001715,2024-04-10 00:00:00.000
1712721600000,0.00011945,2024-04-10 04:00:00.000
1712736000001,9.811e-05,2024-04-10 08:00:00.001
1712750400002,0.00011524,2024-04-10 12:00:00.002
1712764800000,5.765e-05,2024-04-10 16:00:00.000
1712779200000,5.175e-05,2024-04-10 20:00:00.000
1712793600000,7.119e-05,2024-04-11 00:00:00.000
1712808000001,0.00011142,2024-04-11 04:00:00.001
1712822400000,0.00015322,2024-04-11 08:00:00.000
1712836800000,0.00011186,2024-04-11 12:00:00.000
1712851200000,0.0001512,2024-04-11 16:00:00.000
1712865600000,7.857e-05,2024-04-11 20:00:00.000
1712880000000,9.558e-05,2024-04-12 00:00:00.000
1712894400000,0.00010214,2024-04-12 04:00:00.000
1712908800001,0.00013102,2024-04-12 08:00:00.001
1712923200000,0.00011253,2024-04-12 12:00:00.000
1712937600000,0.00010637,2024-04-12 16:00:00.000
1712952000000,5e-05,2024-04-12 20:00:00.000
1712966400000,5e-05,2024-04-13 00:00:00.000
1712980800000,5e-05,2024-04-13 04:00:00.000
1712995200000,5e-05,2024-04-13 08:00:00.000
1713009600000,5e-05,2024-04-13 12:00:00.000
1713024000001,5e-05,2024-04-13 16:00:00.001
1713038400001,5e-05,2024-04-13 20:00:00.001
1713052800000,-0.0001474,2024-04-14 00:00:00.000
1713067200000,5e-05,2024-04-14 04:00:00.000
1713081600000,2.459e-05,2024-04-14 08:00:00.000
1713096000000,5e-05,2024-04-14 12:00:00.000
1713110400000,5e-05,2024-04-14 16:00:00.000
1713124800000,-6.94e-05,2024-04-14 20:00:00.000
1713139200000,-0.00011645,2024-04-15 00:00:00.000
1713153600000,-8.557e-05,2024-04-15 04:00:00.000
1713168000001,1.327e-05,2024-04-15 08:00:00.001
1713182400000,-1.593e-05,2024-04-15 12:00:00.000
1713196800000,5e-05,2024-04-15 16:00:00.000
1713211200000,4.243e-05,2024-04-15 20:00:00.000
1713225600001,-6.4e-07,2024-04-16 00:00:00.001
1713240000000,5e-05,2024-04-16 04:00:00.000
1713254400000,5e-05,2024-04-16 08:00:00.000
1713268800000,5e-05,2024-04-16 12:00:00.000
1713283200000,5e-05,2024-04-16 16:00:00.000
1713297600000,5e-05,2024-04-16 20:00:00.000
1713312000000,2.66e-06,2024-04-17 00:00:00.000
1713326400001,5e-05,2024-04-17 04:00:00.001
1713340800000,2.001e-05,2024-04-17 08:00:00.000
1713355200000,-3.579e-05,2024-04-17 12:00:00.000
1713369600000,2.63e-05,2024-04-17 16:00:00.000
1713384000000,4.891e-05,2024-04-17 20:00:00.000
1713398400000,5e-05,2024-04-18 00:00:00.000
1713412800000,-7.64e-06,2024-04-18 04:00:00.000
1713427200000,5e-05,2024-04-18 08:00:00.000
1713441600002,2.246e-05,2024-04-18 12:00:00.002
1713456000000,-1.234e-05,2024-04-18 16:00:00.000
1713470400000,-4.41e-05,2024-04-18 20:00:00.000
1713484800001,5e-05,2024-04-19 00:00:00.001
1713499200000,5e-05,2024-04-19 04:00:00.000
1713513600000,5e-05,2024-04-19 08:00:00.000
1713528000001,5e-05,2024-04-19 12:00:00.001
1713542400000,5e-05,2024-04-19 16:00:00.000
1713556800000,8.45e-06,2024-04-19 20:00:00.000
1713571200000,4.54e-05,2024-04-20 00:00:00.000
1713585600001,-7.778e-05,2024-04-20 04:00:00.001
1713600000000,5e-05,2024-04-20 08:00:00.000
1713614400001,2.911e-05,2024-04-20 12:00:00.001
1713628800000,5e-05,2024-04-20 16:00:00.000
1713643200001,4.897e-05,2024-04-20 20:00:00.001
1713657600000,5e-05,2024-04-21 00:00:00.000
1713672000000,5e-05,2024-04-21 04:00:00.000
1713686400000,5e-05,2024-04-21 08:00:00.000
1713700800000,5e-05,2024-04-21 12:00:00.000
1713715200000,5e-05,2024-04-21 16:00:00.000
1713729600000,5e-05,2024-04-21 20:00:00.000
1713744000000,5e-05,2024-04-22 00:00:00.000
1713758400000,5e-05,2024-04-22 04:00:00.000
1713772800000,-6.41e-06,2024-04-22 08:00:00.000
1713787200000,5e-05,2024-04-22 12:00:00.000
1713801600000,5e-05,2024-04-22 16:00:00.000
1713816000000,1.429e-05,2024-04-22 20:00:00.000
1713830400000,-5.54e-05,2024-04-23 00:00:00.000
1713844800000,1.779e-05,2024-04-23 04:00:00.000
1713859200000,5e-05,2024-04-23 08:00:00.000
1713873600000,5e-05,2024-04-23 12:00:00.000
1713888000001,5e-05,2024-04-23 16:00:00.001
1713902400000,5e-05,2024-04-23 20:00:00.000
1713916800000,5e-05,2024-04-24 00:00:00.000
1713931200000,5e-05,2024-04-24 04:00:00.000
1713945600000,5e-05,2024-04-24 08:00:00.000
1713960000000,5e-05,2024-04-24 12:00:00.000
1713974400000,5e-05,2024-04-24 16:00:00.000
1713988800000,2.367e-05,2024-04-24 20:00:00.000
1714003200000,5e-05,2024-04-25 00:00:00.000
1714017600000,6.37e-06,2024-04-25 04:00:00.000
1714032000000,5e-05,2024-04-25 08:00:00.000
1714046400000,5e-05,2024-04-25 12:00:00.000
1714060800010,5e-05,2024-04-25 16:00:00.010
1714075200000,2.23e-06,2024-04-25 20:00:00.000
1714089600001,5e-05,2024-04-26 00:00:00.001
1714104000000,2.895e-05,2024-04-26 04:00:00.000
1714118400000,5e-05,2024-04-26 08:00:00.000
1714132800000,5e-05,2024-04-26 12:00:00.000
1714147200000,5e-05,2024-04-26 16:00:00.000
1714161600000,5e-05,2024-04-26 20:00:00.000
1714176000000,5e-05,2024-04-27 00:00:00.000
1714190400000,5e-05,2024-04-27 04:00:00.000
1714204800001,-1.214e-05,2024-04-27 08:00:00.001
1714219200000,5e-05,2024-04-27 12:00:00.000
1714233600000,5e-05,2024-04-27 16:00:00.000
1714248000000,5e-05,2024-04-27 20:00:00.000
1714262400000,5e-05,2024-04-28 00:00:00.000
1714276800000,-4.091e-05,2024-04-28 04:00:00.000
1714291200000,5e-05,2024-04-28 08:00:00.000
1714305600000,5e-05,2024-04-28 12:00:00.000
1714320000000,5e-05,2024-04-28 16:00:00.000
1714334400000,5e-05,2024-04-28 20:00:00.000
1714348800000,5e-05,2024-04-29 00:00:00.000
1714363200000,5e-05,2024-04-29 04:00:00.000
1714377600000,5e-05,2024-04-29 08:00:00.000
1714392000000,5e-05,2024-04-29 12:00:00.000
1714406400000,5e-05,2024-04-29 16:00:00.000
1714420800000,5e-05,2024-04-29 20:00:00.000
1714435200000,5e-05,2024-04-30 00:00:00.000
1714449600000,5e-05,2024-04-30 04:00:00.000
1714464000000,5e-05,2024-04-30 08:00:00.000
1714478400000,5e-05,2024-04-30 12:00:00.000
1714492800000,5e-05,2024-04-30 16:00:00.000
1714507200000,-6.08e-06,2024-04-30 20:00:00.000
1714521600000,-9.847e-05,2024-05-01 00:00:00.000
1714536000000,-2.767e-05,2024-05-01 04:00:00.000
1714550400000,5e-05,2024-05-01 08:00:00.000
1714564800000,3.18e-06,2024-05-01 12:00:00.000
1714579200000,5e-05,2024-05-01 16:00:00.000
1714593600000,5e-05,2024-05-01 20:00:00.000
1714608000000,-1.225e-05,2024-05-02 00:00:00.000
1714622400000,5e-05,2024-05-02 04:00:00.000
1714636800000,5e-05,2024-05-02 08:00:00.000
1714651200000,3.508e-05,2024-05-02 12:00:00.000
1714665600002,5e-05,2024-05-02 16:00:00.002
1714680000000,5e-05,2024-05-02 20:00:00.000
1714694400000,5e-05,2024-05-03 00:00:00.000
1714708800000,-7.259e-05,2024-05-03 04:00:00.000
1714723200000,5e-05,2024-05-03 08:00:00.000
1714737600000,5e-05,2024-05-03 12:00:00.000
1714752000000,5e-05,2024-05-03 16:00:00.000
1714766400000,5e-05,2024-05-03 20:00:00.000
1714780800000,5e-05,2024-05-04 00:00:00.000
1714795200000,5e-05,2024-05-04 04:00:00.000
1714809600000,5e-05,2024-05-04 08:00:00.000
1714824000000,5e-05,2024-05-04 12:00:00.000
1714838400000,5e-05,2024-05-04 16:00:00.000
1714852800000,5e-05,2024-05-04 20:00:00.000
1714867200000,5e-05,2024-05-05 00:00:00.000
1714881600000,5e-05,2024-05-05 04:00:00.000
1714896000000,5e-05,2024-05-05 08:00:00.000
1714910400000,5e-05,2024-05-05 12:00:00.000
1714924800000,5e-05,2024-05-05 16:00:00.000
1714939200000,5e-05,2024-05-05 20:00:00.000
1714953600000,5e-05,2024-05-06 00:00:00.000
1714968000002,5e-05,2024-05-06 04:00:00.002
1714982400000,5e-05,2024-05-06 08:00:00.000
1714996800000,5e-05,2024-05-06 12:00:00.000
1715011200000,5e-05,2024-05-06 16:00:00.000
1715025600000,5e-05,2024-05-06 20:00:00.000
1715040000000,3.854e-05,2024-05-07 00:00:00.000
1715054400000,5e-05,2024-05-07 04:00:00.000
1715068800000,5e-05,2024-05-07 08:00:00.000
1715083200000,5e-05,2024-05-07 12:00:00.000
1715097600000,5e-05,2024-05-07 16:00:00.000
1715112000000,-1.132e-05,2024-05-07 20:00:00.000
1715126400000,5e-05,2024-05-08 00:00:00.000
1715140800000,5e-05,2024-05-08 04:00:00.000
1715155200000,5e-05,2024-05-08 08:00:00.000
1715169600000,5e-05,2024-05-08 12:00:00.000
1715184000000,5e-05,2024-05-08 16:00:00.000
1715198400001,5e-05,2024-05-08 20:00:00.001
1715212800000,5e-05,2024-05-09 00:00:00.000
1715227200000,5e-05,2024-05-09 04:00:00.000
1715241600000,5e-05,2024-05-09 08:00:00.000
1715256000000,5e-05,2024-05-09 12:00:00.000
1715270400000,5e-05,2024-05-09 16:00:00.000
1715284800000,5e-05,2024-05-09 20:00:00.000
1715299200000,5e-05,2024-05-10 00:00:00.000
1715313600001,3.682e-05,2024-05-10 04:00:00.001
1715328000000,5e-05,2024-05-10 08:00:00.000
1715342400001,5e-05,2024-05-10 12:00:00.001
1715356800000,5e-05,2024-05-10 16:00:00.000
1715371200000,4.205e-05,2024-05-10 20:00:00.000
1715385600000,5e-05,2024-05-11 00:00:00.000
1715400000000,5e-05,2024-05-11 04:00:00.000
1715414400000,5e-05,2024-05-11 08:00:00.000
1715428800000,5e-05,2024-05-11 12:00:00.000
1715443200000,5e-05,2024-05-11 16:00:00.000
1715457600000,5e-05,2024-05-11 20:00:00.000
1715472000000,5e-05,2024-05-12 00:00:00.000
1715486400001,8.68e-06,2024-05-12 04:00:00.001
1715500800000,5e-05,2024-05-12 08:00:00.000
1715515200001,5e-05,2024-05-12 12:00:00.001
1715529600000,5e-05,2024-05-12 16:00:00.000
1715544000000,5e-05,2024-05-12 20:00:00.000
1715558400001,5e-05,2024-05-13 00:00:00.001
1715572800000,5e-05,2024-05-13 04:00:00.000
1715587200001,5e-05,2024-05-13 08:00:00.001
1715601600000,5e-05,2024-05-13 12:00:00.000
1715616000000,5e-05,2024-05-13 16:00:00.000
1715630400000,5e-05,2024-05-13 20:00:00.000
1715644800000,5e-05,2024-05-14 00:00:00.000
1715659200000,5e-05,2024-05-14 04:00:00.000
1715673600000,5e-05,2024-05-14 08:00:00.000
1715688000000,-3.086e-05,2024-05-14 12:00:00.000
1715702400000,5e-05,2024-05-14 16:00:00.000
1715716800000,5e-05,2024-05-14 20:00:00.000
1715731200000,3.407e-05,2024-05-15 00:00:00.000
1715745600000,5e-05,2024-05-15 04:00:00.000
1715760000000,5e-05,2024-05-15 08:00:00.000
1715774400000,5e-05,2024-05-15 12:00:00.000
1715788800000,5e-05,2024-05-15 16:00:00.000
1715803200000,5e-05,2024-05-15 20:00:00.000
1715817600004,5e-05,2024-05-16 00:00:00.004
1715832000000,5e-05,2024-05-16 04:00:00.000
1715846400000,5e-05,2024-05-16 08:00:00.000
1715860800000,5e-05,2024-05-16 12:00:00.000
1715875200000,5e-05,2024-05-16 16:00:00.000
1715889600000,5e-05,2024-05-16 20:00:00.000
1715904000000,5e-05,2024-05-17 00:00:00.000
1715918400002,5e-05,2024-05-17 04:00:00.002
1715932800000,5e-05,2024-05-17 08:00:00.000
1715947200000,5e-05,2024-05-17 12:00:00.000
1715961600000,5e-05,2024-05-17 16:00:00.000
1715976000000,5e-05,2024-05-17 20:00:00.000
1715990400000,5e-05,2024-05-18 00:00:00.000
1716004800000,5e-05,2024-05-18 04:00:00.000
1716019200000,5e-05,2024-05-18 08:00:00.000
1716033600000,4.24e-06,2024-05-18 12:00:00.000
1716048000000,5e-05,2024-05-18 16:00:00.000
1716062400000,5e-05,2024-05-18 20:00:00.000
1716076800000,5e-05,2024-05-19 00:00:00.000
1716091200000,5e-05,2024-05-19 04:00:00.000
1716105600000,5e-05,2024-05-19 08:00:00.000
1716120000000,5e-05,2024-05-19 12:00:00.000
1716134400000,5e-05,2024-05-19 16:00:00.000
1716148800001,5e-05,2024-05-19 20:00:00.001
1716163200000,5e-05,2024-05-20 00:00:00.000
1716177600000,-2.648e-05,2024-05-20 04:00:00.000
1716192000000,5e-05,2024-05-20 08:00:00.000
1716206400001,3.976e-05,2024-05-20 12:00:00.001
1716220800003,5e-05,2024-05-20 16:00:00.003
1716235200004,5e-05,2024-05-20 20:00:00.004
1716249600000,5e-05,2024-05-21 00:00:00.000
1716264000000,5e-05,2024-05-21 04:00:00.000
1716278400001,5e-05,2024-05-21 08:00:00.001
1716292800001,5e-05,2024-05-21 12:00:00.001
1716307200000,5e-05,2024-05-21 16:00:00.000
1716321600000,0.00013616,2024-05-21 20:00:00.000
1716336000000,5e-05,2024-05-22 00:00:00.000
1716350400000,5e-05,2024-05-22 04:00:00.000
1716364800000,8.187e-05,2024-05-22 08:00:00.000
1716379200000,9.282e-05,2024-05-22 12:00:00.000
1716393600000,5e-05,2024-05-22 16:00:00.000
1716408000000,5e-05,2024-05-22 20:00:00.000
1716422400000,0.00010598,2024-05-23 00:00:00.000
1716436800000,0.00017477,2024-05-23 04:00:00.000
1716451200000,9.185e-05,2024-05-23 08:00:00.000
1716465600000,0.00011555,2024-05-23 12:00:00.000
1716480000000,5e-05,2024-05-23 16:00:00.000
1716494400000,5e-05,2024-05-23 20:00:00.000
1716508800000,5e-05,2024-05-24 00:00:00.000
1716523200000,5e-05,2024-05-24 04:00:00.000
1716537600000,5e-05,2024-05-24 08:00:00.000
1716552000000,5e-05,2024-05-24 12:00:00.000
1716566400000,5e-05,2024-05-24 16:00:00.000
1716580800000,5e-05,2024-05-24 20:00:00.000
1716595200000,5e-05,2024-05-25 00:00:00.000
1716609600000,5e-05,2024-05-25 04:00:00.000
1716624000000,5e-05,2024-05-25 08:00:00.000
1716638400001,5e-05,2024-05-25 12:00:00.001
1716652800000,5e-05,2024-05-25 16:00:00.000
1716667200006,5e-05,2024-05-25 20:00:00.006
1716681600000,5e-05,2024-05-26 00:00:00.000
1716696000000,5e-05,2024-05-26 04:00:00.000
1716710400000,5e-05,2024-05-26 08:00:00.000
1716724800000,5e-05,2024-05-26 12:00:00.000
1716739200000,5e-05,2024-05-26 16:00:00.000
1716753600000,5e-05,2024-05-26 20:00:00.000
1716768000000,5e-05,2024-05-27 00:00:00.000
1716782400000,5e-05,2024-05-27 04:00:00.000
1716796800000,5e-05,2024-05-27 08:00:00.000
1716811200000,5.547e-05,2024-05-27 12:00:00.000
1716825600000,5e-05,2024-05-27 16:00:00.000
1716840000000,0.00016134,2024-05-27 20:00:00.000
1716854400000,0.00013725,2024-05-28 00:00:00.000
1716868800000,9.159e-05,2024-05-28 04:00:00.000
1716883200000,6.976e-05,2024-05-28 08:00:00.000
1716897600000,0.00013264,2024-05-28 12:00:00.000
1716912000000,8.63e-05,2024-05-28 16:00:00.000
1716926400000,0.00016386,2024-05-28 20:00:00.000
1716940800001,0.00021204,2024-05-29 00:00:00.001
1716955200000,0.00011311,2024-05-29 04:00:00.000
1716969600000,0.00015148,2024-05-29 08:00:00.000
1716984000000,9.076e-05,2024-05-29 12:00:00.000
1716998400000,5e-05,2024-05-29 16:00:00.000
1717012800000,5e-05,2024-05-29 20:00:00.000
1717027200000,5e-05,2024-05-30 00:00:00.000
1717041600000,0.00013004,2024-05-30 04:00:00.000
1717056000000,7.193e-05,2024-05-30 08:00:00.000
1717070400001,5e-05,2024-05-30 12:00:00.001
1717084800000,5e-05,2024-05-30 16:00:00.000
1717099200001,5e-05,2024-05-30 20:00:00.001
1717113600000,5e-05,2024-05-31 00:00:00.000
1717128000000,5e-05,2024-05-31 04:00:00.000
1717142400000,5e-05,2024-05-31 08:00:00.000
1717156800001,5e-05,2024-05-31 12:00:00.001
1717171200000,0.00011038,2024-05-31 16:00:00.000
1717185600000,5e-05,2024-05-31 20:00:00.000
1717200000000,0.00019424,2024-06-01 00:00:00.000
1717214400000,0.0001784,2024-06-01 04:00:00.000
1717228800000,7.243e-05,2024-06-01 08:00:00.000
1717243200000,5e-05,2024-06-01 12:00:00.000
1717257600001,5e-05,2024-06-01 16:00:00.001
1717272000000,5e-05,2024-06-01 20:00:00.000
1717286400000,5e-05,2024-06-02 00:00:00.000
1717300800000,5e-05,2024-06-02 04:00:00.000
1717315200000,5e-05,2024-06-02 08:00:00.000
1717329600000,5e-05,2024-06-02 12:00:00.000
1717344000000,5e-05,2024-06-02 16:00:00.000
1717358400001,7.624e-05,2024-06-02 20:00:00.001
1717372800000,0.00011389,2024-06-03 00:00:00.000
1717387200000,5e-05,2024-06-03 04:00:00.000
1717401600000,5e-05,2024-06-03 08:00:00.000
1717416000000,5e-05,2024-06-03 12:00:00.000
1717430400000,5e-05,2024-06-03 16:00:00.000
1717444800000,0.00013853,2024-06-03 20:00:00.000
1717459200000,0.00013034,2024-06-04 00:00:00.000
1717473600000,5e-05,2024-06-04 04:00:00.000
1717488000000,5e-05,2024-06-04 08:00:00.000
1717502400001,5e-05,2024-06-04 12:00:00.001
1717516800000,0.00017357,2024-06-04 16:00:00.000
1717531200000,8.237e-05,2024-06-04 20:00:00.000
1717545600000,0.00025369,2024-06-05 00:00:00.000
1717560000000,0.00012367,2024-06-05 04:00:00.000
1717574400000,8.865e-05,2024-06-05 08:00:00.000
1717588800001,5e-05,2024-06-05 12:00:00.001
1717603200000,8.94e-05,2024-06-05 16:00:00.000
1717617600000,5e-05,2024-06-05 20:00:00.000
1717632000000,5e-05,2024-06-06 00:00:00.000
1717646400000,8.022e-05,2024-06-06 04:00:00.000
1717660800008,8.387e-05,2024-06-06 08:00:00.008
1717675200000,8.995e-05,2024-06-06 12:00:00.000
1717689600000,5e-05,2024-06-06 16:00:00.000
1717704000000,5e-05,2024-06-06 20:00:00.000
1717718400000,5e-05,2024-06-07 00:00:00.000
1717732800002,5e-05,2024-06-07 04:00:00.002
1717747200000,0.00010775,2024-06-07 08:00:00.000
1717761600000,5e-05,2024-06-07 12:00:00.000
1717776000000,0.0001166,2024-06-07 16:00:00.000
1717790400000,5e-05,2024-06-07 20:00:00.000
1717804800000,5e-05,2024-06-08 00:00:00.000
1717819200000,5e-05,2024-06-08 04:00:00.000
1717833600000,5e-05,2024-06-08 08:00:00.000
1717848000000,5e-05,2024-06-08 12:00:00.000
1717862400000,5e-05,2024-06-08 16:00:00.000
1717876800000,5e-05,2024-06-08 20:00:00.000
1717891200000,5e-05,2024-06-09 00:00:00.000
1717905600000,5e-05,2024-06-09 04:00:00.000
1717920000000,5e-05,2024-06-09 08:00:00.000
1717934400000,5e-05,2024-06-09 12:00:00.000
1717948800001,5e-05,2024-06-09 16:00:00.001
1717963200000,5e-05,2024-06-09 20:00:00.000
1717977600000,5e-05,2024-06-10 00:00:00.000
1717992000000,5e-05,2024-06-10 04:00:00.000
1718006400000,5.117e-05,2024-06-10 08:00:00.000
1718020800000,5e-05,2024-06-10 12:00:00.000
1718035200001,5e-05,2024-06-10 16:00:00.001
1718049600000,5e-05,2024-06-10 20:00:00.000
1718064000001,5e-05,2024-06-11 00:00:00.001
1718078400000,5.138e-05,2024-06-11 04:00:00.000
1718092800000,5e-05,2024-06-11 08:00:00.000
1718107200001,5.428e-05,2024-06-11 12:00:00.001
1718121600000,5e-05,2024-06-11 16:00:00.000
1718136000000,5e-05,2024-06-11 20:00:00.000
1718150400000,5e-05,2024-06-12 00:00:00.000
1718164800000,5e-05,2024-06-12 04:00:00.000
1718179200000,5e-05,2024-06-12 08:00:00.000
1718193600001,5e-05,2024-06-12 12:00:00.001
1718208000000,5e-05,2024-06-12 16:00:00.000
1718222400000,5e-05,2024-06-12 20:00:00.000
1718236800000,5e-05,2024-06-13 00:00:00.000
1718251200000,5e-05,2024-06-13 04:00:00.000
1718265600001,5e-05,2024-06-13 08:00:00.001
1718280000000,5e-05,2024-06-13 12:00:00.000
1718294400000,5e-05,2024-06-13 16:00:00.000
1718308800000,5e-05,2024-06-13 20:00:00.000
1718323200000,5e-05,2024-06-14 00:00:00.000
1718337600000,5e-05,2024-06-14 04:00:00.000
1718352000000,5e-05,2024-06-14 08:00:00.000
1718366400001,5e-05,2024-06-14 12:00:00.001
1718380800000,5e-05,2024-06-14 16:00:00.000
1718395200000,5e-05,2024-06-14 20:00:00.000
1718409600000,1.74e-06,2024-06-15 00:00:00.000
1718424000000,5e-05,2024-06-15 04:00:00.000
1718438400000,4.163e-05,2024-06-15 08:00:00.000
1718452800000,5e-05,2024-06-15 12:00:00.000
1718467200000,5e-05,2024-06-15 16:00:00.000
1718481600000,7.16e-06,2024-06-15 20:00:00.000
1718496000001,-9.349e-05,2024-06-16 00:00:00.001
1718510400000,5e-05,2024-06-16 04:00:00.000
1718524800000,5e-05,2024-06-16 08:00:00.000
1718539200000,3.91e-06,2024-06-16 12:00:00.000
1718553600000,5e-05,2024-06-16 16:00:00.000
1718568000000,5e-05,2024-06-16 20:00:00.000
1718582400000,2.646e-05,2024-06-17 00:00:00.000
1718596800000,1.565e-05,2024-06-17 04:00:00.000
1718611200000,5e-05,2024-06-17 08:00:00.000
1718625600000,5e-05,2024-06-17 12:00:00.000
1718640000000,5e-05,2024-06-17 16:00:00.000
1718654400000,5e-05,2024-06-17 20:00:00.000
1718668800000,5e-05,2024-06-18 00:00:00.000
1718683200000,-7.988e-05,2024-06-18 04:00:00.000
1718697600000,3.802e-05,2024-06-18 08:00:00.000
1718712000000,5e-05,2024-06-18 12:00:00.000
1718726400000,5e-05,2024-06-18 16:00:00.000
1718740800000,4.664e-05,2024-06-18 20:00:00.000
1718755200001,-0.00012697,2024-06-19 00:00:00.001
1718769600000,2.65e-06,2024-06-19 04:00:00.000
1718784000001,4.404e-05,2024-06-19 08:00:00.001
1718798400000,1.427e-05,2024-06-19 12:00:00.000
1718812800000,-2.157e-05,2024-06-19 16:00:00.000
1718827200000,-5.943e-05,2024-06-19 20:00:00.000
1718841600000,6.94e-06,2024-06-20 00:00:00.000
1718856000001,-4.45e-05,2024-06-20 04:00:00.001
1718870400000,-9.177e-05,2024-06-20 08:00:00.000
1718884800000,6.73e-06,2024-06-20 12:00:00.000
1718899200000,5e-05,2024-06-20 16:00:00.000
1718913600000,4.823e-05,2024-06-20 20:00:00.000
1718928000000,5e-05,2024-06-21 00:00:00.000
1718942400001,4.823e-05,2024-06-21 04:00:00.001
1718956800000,5e-05,2024-06-21 08:00:00.000
1718971200001,5e-05,2024-06-21 12:00:00.001
1718985600000,5e-05,2024-06-21 16:00:00.000
1719000000000,5e-05,2024-06-21 20:00:00.000
1719014400000,-4.686e-05,2024-06-22 00:00:00.000
1719028800000,5e-05,2024-06-22 04:00:00.000
1719043200000,5e-05,2024-06-22 08:00:00.000
1719057600001,5e-05,2024-06-22 12:00:00.001
1719072000000,5e-05,2024-06-22 16:00:00.000
1719086400000,5e-05,2024-06-22 20:00:00.000
1719100800000,-2.29e-05,2024-06-23 00:00:00.000
1719115200000,4.857e-05,2024-06-23 04:00:00.000
1719129600000,2.22e-06,2024-06-23 08:00:00.000
1719144000000,-2.7e-07,2024-06-23 12:00:00.000
1719158400000,5e-05,2024-06-23 16:00:00.000
1719172800000,5e-05,2024-06-23 20:00:00.000
1719187200002,5e-05,2024-06-24 00:00:00.002
1719201600000,5e-05,2024-06-24 04:00:00.000
1719216000000,-2.829e-05,2024-06-24 08:00:00.000
1719230400001,-6.48e-06,2024-06-24 12:00:00.001
1719244800000,-4.91e-06,2024-06-24 16:00:00.000
1719259200000,-9.283e-05,2024-06-24 20:00:00.000
1719273600000,-8.392e-05,2024-06-25 00:00:00.000
1719288000000,-3.293e-05,2024-06-25 04:00:00.000
1719302400000,5e-05,2024-06-25 08:00:00.000
1719316800007,-3.152e-05,2024-06-25 12:00:00.007
1719331200000,3.42e-06,2024-06-25 16:00:00.000
1719345600004,-2.223e-05,2024-06-25 20:00:00.004
1719360000002,5e-05,2024-06-26 00:00:00.002
1719374400000,5e-05,2024-06-26 04:00:00.000
1719388800000,5e-05,2024-06-26 08:00:00.000
1719403200002,5e-05,2024-06-26 12:00:00.002
1719417600000,5e-05,2024-06-26 16:00:00.000
1719432000000,5e-05,2024-06-26 20:00:00.000
1719446400000,5e-05,2024-06-27 00:00:00.000
1719460800000,5e-05,2024-06-27 04:00:00.000
1719475200001,5e-05,2024-06-27 08:00:00.001
1719489600000,5e-05,2024-06-27 12:00:00.000
1719504000000,5e-05,2024-06-27 16:00:00.000
1719518400000,5e-05,2024-06-27 20:00:00.000
1719532800000,5e-05,2024-06-28 00:00:00.000
1719547200000,5e-05,2024-06-28 04:00:00.000
1719561600000,5e-05,2024-06-28 08:00:00.000
1719576000000,5e-05,2024-06-28 12:00:00.000
1719590400000,5e-05,2024-06-28 16:00:00.000
1719604800000,5e-05,2024-06-28 20:00:00.000
1719619200001,5e-05,2024-06-29 00:00:00.001
1719633600000,5e-05,2024-06-29 04:00:00.000
1719648000000,5e-05,2024-06-29 08:00:00.000
1719662400000,5e-05,2024-06-29 12:00:00.000
1719676800000,5e-05,2024-06-29 16:00:00.000
1719691200000,4.971e-05,2024-06-29 20:00:00.000
1719705600000,1.516e-05,2024-06-30 00:00:00.000
1719720000000,5e-05,2024-06-30 04:00:00.000
1719734400000,1.662e-05,2024-06-30 08:00:00.000
1719748800000,-2.015e-05,2024-06-30 12:00:00.000
1719763200000,1.582e-05,2024-06-30 16:00:00.000
1719777600004,4.303e-05,2024-06-30 20:00:00.004
1719792000000,5e-05,2024-07-01 00:00:00.000
1719806400001,1.87e-05,2024-07-01 04:00:00.001
1719820800000,5e-05,2024-07-01 08:00:00.000
1719835200000,-2.105e-05,2024-07-01 12:00:00.000
1719849600001,-4.082e-05,2024-07-01 16:00:00.001
1719864000000,4.068e-05,2024-07-01 20:00:00.000
1719878400000,5e-05,2024-07-02 00:00:00.000
1719892800001,5e-05,2024-07-02 04:00:00.001
1719907200000,5e-05,2024-07-02 08:00:00.000
1719921600000,5e-05,2024-07-02 12:00:00.000
1719936000000,5e-05,2024-07-02 16:00:00.000
1719950400000,5e-05,2024-07-02 20:00:00.000
1719964800000,5e-05,2024-07-03 00:00:00.000
1719979200000,5e-05,2024-07-03 04:00:00.000
1719993600001,5e-05,2024-07-03 08:00:00.001
1720008000001,5e-05,2024-07-03 12:00:00.001
1720022400000,5e-05,2024-07-03 16:00:00.000
1720036800000,5e-05,2024-07-03 20:00:00.000
1720051200000,5e-05,2024-07-04 00:00:00.000
1720065600000,5e-05,2024-07-04 04:00:00.000
1720080000000,5e-05,2024-07-04 08:00:00.000
1720094400000,8.99e-06,2024-07-04 12:00:00.000
1720108800000,5e-05,2024-07-04 16:00:00.000
1720123200000,-2.842e-05,2024-07-04 20:00:00.000
1720137600000,4.194e-05,2024-07-05 00:00:00.000
1720152000000,-6.66e-06,2024-07-05 04:00:00.000
1720166400000,-8.47e-06,2024-07-05 08:00:00.000
1720180800001,-2.71e-06,2024-07-05 12:00:00.001
1720195200000,-5.033e-05,2024-07-05 16:00:00.000
1720209600001,9.08e-06,2024-07-05 20:00:00.001
1720224000000,-3.87e-06,2024-07-06 00:00:00.000
1720238400003,4.105e-05,2024-07-06 04:00:00.003
1720252800000,-2.281e-05,2024-07-06 08:00:00.000
1720267200000,2.835e-05,2024-07-06 12:00:00.000
1720281600000,-2.651e-05,2024-07-06 16:00:00.000
1720296000000,4.117e-05,2024-07-06 20:00:00.000
1720310400001,5e-05,2024-07-07 00:00:00.001
1720324800000,5e-05,2024-07-07 04:00:00.000
1720339200000,5e-05,2024-07-07 08:00:00.000
1720353600000,5e-05,2024-07-07 12:00:00.000
1720368000000,3.86e-06,2024-07-07 16:00:00.000
1720382400000,3.211e-05,2024-07-07 20:00:00.000
1720396800000,5e-05,2024-07-08 00:00:00.000
1720411200000,3.477e-05,2024-07-08 04:00:00.000
1720425600000,4.398e-05,2024-07-08 08:00:00.000
1720440000000,5e-05,2024-07-08 12:00:00.000
1720454400000,5e-05,2024-07-08 16:00:00.000
1720468800000,5e-05,2024-07-08 20:00:00.000
1720483200000,3.839e-05,2024-07-09 00:00:00.000
1720497600000,5e-05,2024-07-09 04:00:00.000
1720512000001,5e-05,2024-07-09 08:00:00.001
1720526400000,5e-05,2024-07-09 12:00:00.000
1720540800000,5e-05,2024-07-09 16:00:00.000
1720555200000,2.097e-05,2024-07-09 20:00:00.000
1720569600000,-1.557e-05,2024-07-10 00:00:00.000
1720584000000,4.753e-05,2024-07-10 04:00:00.000
1720598400000,5e-05,2024-07-10 08:00:00.000
1720612800000,5e-05,2024-07-10 12:00:00.000
1720627200000,5e-05,2024-07-10 16:00:00.000
1720641600002,5e-05,2024-07-10 20:00:00.002
1720656000002,1.272e-05,2024-07-11 00:00:00.002
1720670400000,5e-05,2024-07-11 04:00:00.000
1720684800002,5e-05,2024-07-11 08:00:00.002
1720699200000,-4.007e-05,2024-07-11 12:00:00.000
1720713600004,5e-05,2024-07-11 16:00:00.004
1720728000000,-3.97e-05,2024-07-11 20:00:00.000
1720742400000,5e-05,2024-07-12 00:00:00.000
1720756800003,5e-05,2024-07-12 04:00:00.003
1720771200000,6.66e-06,2024-07-12 08:00:00.000
1720785600000,5e-05,2024-07-12 12:00:00.000
1720800000000,-1.527e-05,2024-07-12 16:00:00.000
1720814400000,5e-05,2024-07-12 20:00:00.000
1720828800000,4.802e-05,2024-07-13 00:00:00.000
1720843200001,5e-05,2024-07-13 04:00:00.001
1720857600000,5e-05,2024-07-13 08:00:00.000
1720872000000,-6.42e-06,2024-07-13 12:00:00.000
1720886400000,1.364e-05,2024-07-13 16:00:00.000
1720900800000,5e-05,2024-07-13 20:00:00.000
1720915200000,-5.116e-05,2024-07-14 00:00:00.000
1720929600001,4.042e-05,2024-07-14 04:00:00.001
1720944000000,2.045e-05,2024-07-14 08:00:00.000
1720958400000,5e-05,2024-07-14 12:00:00.000
1720972800000,5e-05,2024-07-14 16:00:00.000
1720987200000,5e-05,2024-07-14 20:00:00.000
1721001600000,1e-07,2024-07-15 00:00:00.000
1721016000000,5e-05,2024-07-15 04:00:00.000
1721030400000,5e-05,2024-07-15 08:00:00.000
1721044800000,5e-05,2024-07-15 12:00:00.000
1721059200000,5e-05,2024-07-15 16:00:00.000
1721073600000,2.583e-05,2024-07-15 20:00:00.000
1721088000000,-8.89e-06,2024-07-16 00:00:00.000
1721102400001,5e-05,2024-07-16 04:00:00.001
1721116800000,5e-05,2024-07-16 08:00:00.000
1721131200000,-4.716e-05,2024-07-16 12:00:00.000
1721145600000,5e-05,2024-07-16 16:00:00.000
1721160000000,5e-05,2024-07-16 20:00:00.000
1721174400000,5e-05,2024-07-17 00:00:00.000
1721188800000,5e-05,2024-07-17 04:00:00.000
1721203200001,5e-05,2024-07-17 08:00:00.001
1721217600000,5e-05,2024-07-17 12:00:00.000
1721232000000,-7.46e-06,2024-07-17 16:00:00.000
1721246400000,5e-05,2024-07-17 20:00:00.000
1721260800000,5e-05,2024-07-18 00:00:00.000
1721275200001,5e-05,2024-07-18 04:00:00.001
1721289600000,5e-05,2024-07-18 08:00:00.000
1721304000000,5e-05,2024-07-18 12:00:00.000
1721318400000,5e-05,2024-07-18 16:00:00.000
1721332800000,5e-05,2024-07-18 20:00:00.000
1721347200000,5e-05,2024-07-19 00:00:00.000
1721361600000,5e-05,2024-07-19 04:00:00.000
1721376000000,5e-05,2024-07-19 08:00:00.000
1721390400000,5e-05,2024-07-19 12:00:00.000
1721404800000,5e-05,2024-07-19 16:00:00.000
1721419200000,5e-05,2024-07-19 20:00:00.000
1721433600001,5e-05,2024-07-20 00:00:00.001
1721448000000,5e-05,2024-07-20 04:00:00.000
1721462400000,5e-05,2024-07-20 08:00:00.000
1721476800000,5e-05,2024-07-20 12:00:00.000
1721491200000,1.619e-05,2024-07-20 16:00:00.000
1721505600000,5e-05,2024-07-20 20:00:00.000
1721520000000,4.451e-05,2024-07-21 00:00:00.000
1721534400000,5e-05,2024-07-21 04:00:00.000
1721548800000,5e-05,2024-07-21 08:00:00.000
1721563200000,5e-05,2024-07-21 12:00:00.000
1721577600000,-1.371e-05,2024-07-21 16:00:00.000
1721592000000,5e-05,2024-07-21 20:00:00.000
1721606400000,4.434e-05,2024-07-22 00:00:00.000
1721620800000,5e-05,2024-07-22 04:00:00.000
1721635200000,4.592e-05,2024-07-22 08:00:00.000
1721649600000,4.131e-05,2024-07-22 12:00:00.000
1721664000000,5e-05,2024-07-22 16:00:00.000
1721678400000,5e-05,2024-07-22 20:00:00.000
1721692800000,5e-05,2024-07-23 00:00:00.000
1721707200000,5e-05,2024-07-23 04:00:00.000
1721721600000,5e-05,2024-07-23 08:00:00.000
1721736000000,5e-05,2024-07-23 12:00:00.000
1721750400000,2.52e-05,2024-07-23 16:00:00.000
1721764800000,-3.163e-05,2024-07-23 20:00:00.000
1721779200000,5e-05,2024-07-24 00:00:00.000
1721793600000,6.47e-06,2024-07-24 04:00:00.000
1721808000000,5e-05,2024-07-24 08:00:00.000
1721822400000,-1.481e-05,2024-07-24 12:00:00.000
1721836800000,5e-05,2024-07-24 16:00:00.000
1721851200000,-7.18e-06,2024-07-24 20:00:00.000
1721865600000,5e-05,2024-07-25 00:00:00.000
1721880000000,5e-05,2024-07-25 04:00:00.000
1721894400000,-2.779e-05,2024-07-25 08:00:00.000
1721908800001,5e-05,2024-07-25 12:00:00.001
1721923200000,5e-05,2024-07-25 16:00:00.000
1721937600001,4.29e-05,2024-07-25 20:00:00.001
1721952000000,-5.974e-05,2024-07-26 00:00:00.000
1721966400000,5e-05,2024-07-26 04:00:00.000
1721980800000,5e-05,2024-07-26 08:00:00.000
1721995200000,5e-05,2024-07-26 12:00:00.000
1722009600000,5e-05,2024-07-26 16:00:00.000
1722024000000,5e-05,2024-07-26 20:00:00.000
1722038400000,5e-05,2024-07-27 00:00:00.000
1722052800000,2.074e-05,2024-07-27 04:00:00.000
1722067200000,5e-05,2024-07-27 08:00:00.000
1722081600000,5e-05,2024-07-27 12:00:00.000
1722096000000,5e-05,2024-07-27 16:00:00.000
1722110400000,5e-05,2024-07-27 20:00:00.000
1722124800000,5e-05,2024-07-28 00:00:00.000
1722139200000,5e-05,2024-07-28 04:00:00.000
1722153600000,5e-05,2024-07-28 08:00:00.000
1722168000000,5e-05,2024-07-28 12:00:00.000
1722182400001,5e-05,2024-07-28 16:00:00.001
1722196800000,5e-05,2024-07-28 20:00:00.000
1722211200001,5e-05,2024-07-29 00:00:00.001
1722225600001,5e-05,2024-07-29 04:00:00.001
1722240000000,5e-05,2024-07-29 08:00:00.000
1722254400000,5e-05,2024-07-29 12:00:00.000
1722268800001,5e-05,2024-07-29 16:00:00.001
1722283200000,5e-05,2024-07-29 20:00:00.000
1722297600000,5e-05,2024-07-30 00:00:00.000
1722312000000,5e-05,2024-07-30 04:00:00.000
1722326400001,5e-05,2024-07-30 08:00:00.001
1722340800000,5e-05,2024-07-30 12:00:00.000
1722355200000,5e-05,2024-07-30 16:00:00.000
1722369600000,5e-05,2024-07-30 20:00:00.000
1722384000000,5e-05,2024-07-31 00:00:00.000
1722398400000,2.1e-06,2024-07-31 04:00:00.000
1722412800000,5e-05,2024-07-31 08:00:00.000
1722427200000,5e-05,2024-07-31 12:00:00.000
1722441600000,5e-05,2024-07-31 16:00:00.000
1722456000000,4.243e-05,2024-07-31 20:00:00.000
1722470400000,4.488e-05,2024-08-01 00:00:00.000
1722484800000,5e-05,2024-08-01 04:00:00.000
1722499200000,5e-05,2024-08-01 08:00:00.000
1722513600000,5e-05,2024-08-01 12:00:00.000
1722528000000,5e-05,2024-08-01 16:00:00.000
1722542400001,-6.121e-05,2024-08-01 20:00:00.001
1722556800000,-0.00010376,2024-08-02 00:00:00.000
1722571200000,5e-05,2024-08-02 04:00:00.000
1722585600001,1.437e-05,2024-08-02 08:00:00.001
1722600000000,-8.169e-05,2024-08-02 12:00:00.000
1722614400000,5e-05,2024-08-02 16:00:00.000
1722628800000,5e-05,2024-08-02 20:00:00.000
1722643200000,5e-05,2024-08-03 00:00:00.000
1722657600000,0.0,2024-08-03 04:00:00.000
1722672000000,1.445e-05,2024-08-03 08:00:00.000
1722686400000,4.422e-05,2024-08-03 12:00:00.000
1722700800001,5e-05,2024-08-03 16:00:00.001
1722715200000,-3.086e-05,2024-08-03 20:00:00.000
1722729600000,-6.894e-05,2024-08-04 00:00:00.000
1722744000000,1.899e-05,2024-08-04 04:00:00.000
1722758400000,1.19e-05,2024-08-04 08:00:00.000
1722772800000,-5.065e-05,2024-08-04 12:00:00.000
1722787200000,5e-05,2024-08-04 16:00:00.000
1722801600000,-4.3e-06,2024-08-04 20:00:00.000
1722816000000,-2.227e-05,2024-08-05 00:00:00.000
1722830400000,-3.624e-05,2024-08-05 04:00:00.000
1722844800000,-2.204e-05,2024-08-05 08:00:00.000
1722859200000,6.16e-06,2024-08-05 12:00:00.000
1722873600000,1.62e-06,2024-08-05 16:00:00.000
1722888000000,1.221e-05,2024-08-05 20:00:00.000
1722902400000,-2.62e-05,2024-08-06 00:00:00.000
1722916800001,-7.052e-05,2024-08-06 04:00:00.001
1722931200000,-2.814e-05,2024-08-06 08:00:00.000
1722945600000,4.923e-05,2024-08-06 12:00:00.000
1722960000000,-2.152e-05,2024-08-06 16:00:00.000
1722974400000,-1.392e-05,2024-08-06 20:00:00.000
1722988800000,-4.153e-05,2024-08-07 00:00:00.000
1723003200000,1.388e-05,2024-08-07 04:00:00.000
1723017600001,3.959e-05,2024-08-07 08:00:00.001
1723032000000,1.135e-05,2024-08-07 12:00:00.000
1723046400000,5e-05,2024-08-07 16:00:00.000
1723060800000,5e-05,2024-08-07 20:00:00.000
1723075200001,5e-05,2024-08-08 00:00:00.001
1723089600000,1.887e-05,2024-08-08 04:00:00.000
1723104000000,4.589e-05,2024-08-08 08:00:00.000
1723118400000,2.058e-05,2024-08-08 12:00:00.000
1723132800000,2.012e-05,2024-08-08 16:00:00.000
1723147200000,3.653e-05,2024-08-08 20:00:00.000
1723161600000,5e-05,2024-08-09 00:00:00.000
1723176000000,4.591e-05,2024-08-09 04:00:00.000
1723190400000,5e-05,2024-08-09 08:00:00.000
1723204800000,5e-05,2024-08-09 12:00:00.000
1723219200000,2.192e-05,2024-08-09 16:00:00.000
1723233600001,7.23e-06,2024-08-09 20:00:00.001
1723248000000,-7.069e-05,2024-08-10 00:00:00.000
1723262400000,3.449e-05,2024-08-10 04:00:00.000
1723276800000,-1.087e-05,2024-08-10 08:00:00.000
1723291200000,-7.98e-06,2024-08-10 12:00:00.000
1723305600000,5e-05,2024-08-10 16:00:00.000
1723320000001,2.255e-05,2024-08-10 20:00:00.001
1723334400000,5e-05,2024-08-11 00:00:00.000
1723348800000,2.02e-06,2024-08-11 04:00:00.000
1723363200000,5e-05,2024-08-11 08:00:00.000
1723377600000,5e-05,2024-08-11 12:00:00.000
1723392000001,2.361e-05,2024-08-11 16:00:00.001
1723406400000,3.2e-05,2024-08-11 20:00:00.000
1723420800000,3.06e-05,2024-08-12 00:00:00.000
1723435200000,3.78e-05,2024-08-12 04:00:00.000
1723449600000,5e-05,2024-08-12 08:00:00.000
1723464000000,-2.235e-05,2024-08-12 12:00:00.000
1723478400000,3.958e-05,2024-08-12 16:00:00.000
1723492800000,5e-05,2024-08-12 20:00:00.000
1723507200000,5e-05,2024-08-13 00:00:00.000
1723521600001,5e-05,2024-08-13 04:00:00.001
1723536000000,1.46e-06,2024-08-13 08:00:00.000
1723550400000,3.835e-05,2024-08-13 12:00:00.000
1723564800000,-5.8e-06,2024-08-13 16:00:00.000
1723579200000,-1.708e-05,2024-08-13 20:00:00.000
1723593600000,-2.887e-05,2024-08-14 00:00:00.000
1723608000000,-8.528e-05,2024-08-14 04:00:00.000
1723622400000,-0.00010162,2024-08-14 08:00:00.000
1723636800000,-0.00013313,2024-08-14 12:00:00.000
1723651200000,-5.585e-05,2024-08-14 16:00:00.000
1723665600000,4.644e-05,2024-08-14 20:00:00.000
1723680000000,-5.155e-05,2024-08-15 00:00:00.000
1723694400000,3.267e-05,2024-08-15 04:00:00.000
1723708800000,5e-05,2024-08-15 08:00:00.000
1723723200000,3.598e-05,2024-08-15 12:00:00.000
1723737600000,3.47e-06,2024-08-15 16:00:00.000
1723752000000,4.492e-05,2024-08-15 20:00:00.000
1723766400000,3.353e-05,2024-08-16 00:00:00.000
1723780800001,1.734e-05,2024-08-16 04:00:00.001
1723795200000,4.067e-05,2024-08-16 08:00:00.000
1723809600000,5e-05,2024-08-16 12:00:00.000
1723824000000,5e-05,2024-08-16 16:00:00.000
1723838400000,8.33e-06,2024-08-16 20:00:00.000
1723852800000,5e-05,2024-08-17 00:00:00.000
1723867200000,3.227e-05,2024-08-17 04:00:00.000
1723881600000,5e-05,2024-08-17 08:00:00.000
1723896000000,5e-05,2024-08-17 12:00:00.000
1723910400000,2.593e-05,2024-08-17 16:00:00.000
1723924800000,5e-05,2024-08-17 20:00:00.000
1723939200000,5e-05,2024-08-18 00:00:00.000
1723953600001,-2.135e-05,2024-08-18 04:00:00.001
1723968000000,3.033e-05,2024-08-18 08:00:00.000
1723982400000,5.32e-06,2024-08-18 12:00:00.000
1723996800000,2.618e-05,2024-08-18 16:00:00.000
1724011200000,1.409e-05,2024-08-18 20:00:00.000
1724025600000,3.717e-05,2024-08-19 00:00:00.000
1724040000000,5e-05,2024-08-19 04:00:00.000
1724054400000,-3.32e-06,2024-08-19 08:00:00.000
1724068800000,4.699e-05,2024-08-19 12:00:00.000
1724083200002,5e-05,2024-08-19 16:00:00.002
1724097600001,5e-05,2024-08-19 20:00:00.001
1724112000000,5e-05,2024-08-20 00:00:00.000
1724126400000,2.88e-05,2024-08-20 04:00:00.000
1724140800000,-5.913e-05,2024-08-20 08:00:00.000
1724155200000,5e-05,2024-08-20 12:00:00.000
1724169600001,5e-05,2024-08-20 16:00:00.001
1724184000000,5e-05,2024-08-20 20:00:00.000
1724198400001,3.76e-06,2024-08-21 00:00:00.001
1724212800001,5e-05,2024-08-21 04:00:00.001
1724227200000,5e-05,2024-08-21 08:00:00.000
1724241600000,4.119e-05,2024-08-21 12:00:00.000
1724256000001,1.701e-05,2024-08-21 16:00:00.001
1724270400001,5e-05,2024-08-21 20:00:00.001
1724284800000,5e-05,2024-08-22 00:00:00.000
1724299200000,5e-05,2024-08-22 04:00:00.000
1724313600000,5e-05,2024-08-22 08:00:00.000
1724328000001,-3.21e-06,2024-08-22 12:00:00.001
1724342400008,4.318e-05,2024-08-22 16:00:00.008
1724356800000,4.431e-05,2024-08-22 20:00:00.000
1724371200000,-2.665e-05,2024-08-23 00:00:00.000
1724385600000,5e-05,2024-08-23 04:00:00.000
1724400000000,-4.864e-05,2024-08-23 08:00:00.000
1724414400001,5e-05,2024-08-23 12:00:00.001
1724428800000,-1.091e-05,2024-08-23 16:00:00.000
1724443200000,5e-05,2024-08-23 20:00:00.000
1724457600000,5e-05,2024-08-24 00:00:00.000
1724472000000,5e-05,2024-08-24 04:00:00.000
1724486400005,-6.548e-05,2024-08-24 08:00:00.005
1724500800000,2.22e-05,2024-08-24 12:00:00.000
1724515200000,2.518e-05,2024-08-24 16:00:00.000
1724529600000,-1.401e-05,2024-08-24 20:00:00.000
1724544000000,5e-05,2024-08-25 00:00:00.000
1724558400001,5e-05,2024-08-25 04:00:00.001
1724572800000,5e-05,2024-08-25 08:00:00.000
1724587200001,5e-05,2024-08-25 12:00:00.001
1724601600000,5e-05,2024-08-25 16:00:00.000
1724616000001,5e-05,2024-08-25 20:00:00.001
1724630400000,-2.774e-05,2024-08-26 00:00:00.000
1724644800000,5e-05,2024-08-26 04:00:00.000
1724659200001,5e-05,2024-08-26 08:00:00.001
1724673600001,5e-05,2024-08-26 12:00:00.001
1724688000000,5e-05,2024-08-26 16:00:00.000
1724702400001,3.945e-05,2024-08-26 20:00:00.001
1724716800001,1.76e-06,2024-08-27 00:00:00.001
1724731200000,-5.525e-05,2024-08-27 04:00:00.000
1724745600000,5e-05,2024-08-27 08:00:00.000
1724760000000,5e-05,2024-08-27 12:00:00.000
1724774400000,5e-05,2024-08-27 16:00:00.000
1724788800000,1.814e-05,2024-08-27 20:00:00.000
1724803200000,-1.097e-05,2024-08-28 00:00:00.000
1724817600000,-5.41e-06,2024-08-28 04:00:00.000
1724832000000,1.178e-05,2024-08-28 08:00:00.000
1724846400000,-4.595e-05,2024-08-28 12:00:00.000
1724860800001,3.478e-05,2024-08-28 16:00:00.001
1724875200000,-0.00012723,2024-08-28 20:00:00.000
1724889600000,-0.00018467,2024-08-29 00:00:00.000
1724904000000,-4.322e-05,2024-08-29 04:00:00.000
1724918400001,-0.0001592,2024-08-29 08:00:00.001
1724932800001,6.5e-06,2024-08-29 12:00:00.001
1724947200000,4.21e-06,2024-08-29 16:00:00.000
1724961600000,-1.295e-05,2024-08-29 20:00:00.000
1724976000000,5e-05,2024-08-30 00:00:00.000
1724990400000,5e-05,2024-08-30 04:00:00.000
1725004800000,5e-05,2024-08-30 08:00:00.000
1725019200001,5e-05,2024-08-30 12:00:00.001
1725033600000,3.18e-06,2024-08-30 16:00:00.000
1725048000000,-2.9e-05,2024-08-30 20:00:00.000
1725062400000,-3.047e-05,2024-08-31 00:00:00.000
1725076800002,5e-05,2024-08-31 04:00:00.002
1725091200000,5e-05,2024-08-31 08:00:00.000
1725105600004,1.037e-05,2024-08-31 12:00:00.004
1725120000000,2.607e-05,2024-08-31 16:00:00.000
1725134400001,2.708e-05,2024-08-31 20:00:00.001
1725148800000,3.11e-05,2024-09-01 00:00:00.000
1725163200000,5e-05,2024-09-01 04:00:00.000
1725177600001,5e-05,2024-09-01 08:00:00.001
1725192000000,3.255e-05,2024-09-01 12:00:00.000
1725206400000,5e-05,2024-09-01 16:00:00.000
1725220800000,3.36e-05,2024-09-01 20:00:00.000
1725235200001,-7.078e-05,2024-09-02 00:00:00.001
1725249600001,-4.799e-05,2024-09-02 04:00:00.001
1725264000001,1e-06,2024-09-02 08:00:00.001
1725278400000,-3.278e-05,2024-09-02 12:00:00.000
1725292800000,2.99e-05,2024-09-02 16:00:00.000
1725307200000,5e-05,2024-09-02 20:00:00.000
1725321600000,-2.95e-06,2024-09-03 00:00:00.000
1725336000000,4.18e-06,2024-09-03 04:00:00.000
1725350400001,5e-05,2024-09-03 08:00:00.001
1725364800000,5e-05,2024-09-03 12:00:00.000
1725379200000,5e-05,2024-09-03 16:00:00.000
1725393600000,-1.999e-05,2024-09-03 20:00:00.000
1725408000000,5e-05,2024-09-04 00:00:00.000
1725422400000,-6.06e-06,2024-09-04 04:00:00.000
1725436800000,5e-05,2024-09-04 08:00:00.000
1725451200000,5e-05,2024-09-04 12:00:00.000
1725465600000,-9.618e-05,2024-09-04 16:00:00.000
1725480000001,5e-05,2024-09-04 20:00:00.001
1725494400000,-4.859e-05,2024-09-05 00:00:00.000
1725508800002,2.536e-05,2024-09-05 04:00:00.002
1725523200000,-0.00012702,2024-09-05 08:00:00.000
1725537600000,-1.571e-05,2024-09-05 12:00:00.000
1725552000005,2.547e-05,2024-09-05 16:00:00.005
1725566400000,-3.564e-05,2024-09-05 20:00:00.000
1725580800000,-1.23e-06,2024-09-06 00:00:00.000
1725595200001,-0.00014248,2024-09-06 04:00:00.001
1725609600001,5e-05,2024-09-06 08:00:00.001
1725624000009,9.78e-06,2024-09-06 12:00:00.009
1725638400000,5e-05,2024-09-06 16:00:00.000
1725652800000,1.373e-05,2024-09-06 20:00:00.000
1725667200000,-1.648e-05,2024-09-07 00:00:00.000
1725681600000,-1.57e-06,2024-09-07 04:00:00.000
1725696000000,-0.00012429,2024-09-07 08:00:00.000
1725710400000,-7.224e-05,2024-09-07 12:00:00.000
1725724800000,1.324e-05,2024-09-07 16:00:00.000
1725739200000,4.081e-05,2024-09-07 20:00:00.000
1725753600000,2.873e-05,2024-09-08 00:00:00.000
1725768000000,-1.81e-06,2024-09-08 04:00:00.000
1725782400000,5e-05,2024-09-08 08:00:00.000
1725796800000,-9.183e-05,2024-09-08 12:00:00.000
1725811200000,5e-05,2024-09-08 16:00:00.000
1725825600000,5e-05,2024-09-08 20:00:00.000
1725840000000,5e-05,2024-09-09 00:00:00.000
1725854400000,-7.07e-06,2024-09-09 04:00:00.000
1725868800000,1.769e-05,2024-09-09 08:00:00.000
1725883200000,-2.689e-05,2024-09-09 12:00:00.000
1725897600001,-7.764e-05,2024-09-09 16:00:00.001
1725912000000,3.27e-06,2024-09-09 20:00:00.000
1725926400000,-2.33e-05,2024-09-10 00:00:00.000
1725940800000,5e-05,2024-09-10 04:00:00.000
1725955200000,1.039e-05,2024-09-10 08:00:00.000
1725969600000,2.901e-05,2024-09-10 12:00:00.000
1725984000000,1.833e-05,2024-09-10 16:00:00.000
1725998400000,3.184e-05,2024-09-10 20:00:00.000
1726012800000,5e-05,2024-09-11 00:00:00.000
1726027200000,5e-05,2024-09-11 04:00:00.000
1726041600000,-5.144e-05,2024-09-11 08:00:00.000
1726056000000,2.193e-05,2024-09-11 12:00:00.000
1726070400000,1.015e-05,2024-09-11 16:00:00.000
1726084800000,2.161e-05,2024-09-11 20:00:00.000
1726099200000,3.151e-05,2024-09-12 00:00:00.000
1726113600001,-3.946e-05,2024-09-12 04:00:00.001
1726128000000,5e-05,2024-09-12 08:00:00.000
1726142400000,5e-05,2024-09-12 12:00:00.000
1726156800000,5e-05,2024-09-12 16:00:00.000
1726171200000,1.939e-05,2024-09-12 20:00:00.000
1726185600000,5e-05,2024-09-13 00:00:00.000
1726200000000,5e-05,2024-09-13 04:00:00.000
1726214400001,5e-05,2024-09-13 08:00:00.001
1726228800000,5e-05,2024-09-13 12:00:00.000
1726243200001,5e-05,2024-09-13 16:00:00.001
1726257600000,5e-05,2024-09-13 20:00:00.000
1726272000000,5e-05,2024-09-14 00:00:00.000
1726286400000,5e-05,2024-09-14 04:00:00.000
1726300800000,5e-05,2024-09-14 08:00:00.000
1726315200000,5e-05,2024-09-14 12:00:00.000
1726329600001,5e-05,2024-09-14 16:00:00.001
1726344000000,5e-05,2024-09-14 20:00:00.000
1726358400000,3.189e-05,2024-09-15 00:00:00.000
1726372800000,4.525e-05,2024-09-15 04:00:00.000
1726387200000,5e-05,2024-09-15 08:00:00.000
1726401600000,5e-05,2024-09-15 12:00:00.000
1726416000000,-6.64e-06,2024-09-15 16:00:00.000
1726430400000,-1.371e-05,2024-09-15 20:00:00.000
1726444800000,1.86e-06,2024-09-16 00:00:00.000
1726459200000,2.751e-05,2024-09-16 04:00:00.000
1726473600001,-3.26e-06,2024-09-16 08:00:00.001
1726488000000,4.2e-07,2024-09-16 12:00:00.000
1726502400000,5e-05,2024-09-16 16:00:00.000
1726516800000,3.423e-05,2024-09-16 20:00:00.000
1726531200001,1.18e-05,2024-09-17 00:00:00.001
1726545600000,-1.076e-05,2024-09-17 04:00:00.000
1726560000000,4.723e-05,2024-09-17 08:00:00.000
1726574400000,-2.755e-05,2024-09-17 12:00:00.000
1726588800000,3.55e-05,2024-09-17 16:00:00.000
1726603200000,-1.28e-05,2024-09-17 20:00:00.000
1726617600000,1.239e-05,2024-09-18 00:00:00.000
1726632000000,6.74e-06,2024-09-18 04:00:00.000
1726646400000,2.422e-05,2024-09-18 08:00:00.000
1726660800000,1.527e-05,2024-09-18 12:00:00.000
1726675200004,5e-05,2024-09-18 16:00:00.004
1726689600000,7.42e-06,2024-09-18 20:00:00.000
1726704000000,5e-05,2024-09-19 00:00:00.000
1726718400000,5e-05,2024-09-19 04:00:00.000
1726732800000,5e-05,2024-09-19 08:00:00.000
1726747200000,5e-05,2024-09-19 12:00:00.000
1726761600001,5e-05,2024-09-19 16:00:00.001
1726776000001,5e-05,2024-09-19 20:00:00.001
1726790400000,5e-05,2024-09-20 00:00:00.000
1726804800000,5e-05,2024-09-20 04:00:00.000
1726819200001,5e-05,2024-09-20 08:00:00.001
1726833600000,5e-05,2024-09-20 12:00:00.000
1726848000000,5e-05,2024-09-20 16:00:00.000
1726862400001,5e-05,2024-09-20 20:00:00.001
1726876800001,5e-05,2024-09-21 00:00:00.001
1726891200000,5e-05,2024-09-21 04:00:00.000
1726905600000,5e-05,2024-09-21 08:00:00.000
1726920000000,5e-05,2024-09-21 12:00:00.000
1726934400000,5e-05,2024-09-21 16:00:00.000
1726948800000,5e-05,2024-09-21 20:00:00.000
1726963200000,5e-05,2024-09-22 00:00:00.000
1726977600000,5e-05,2024-09-22 04:00:00.000
1726992000000,5e-05,2024-09-22 08:00:00.000
1727006400000,5e-05,2024-09-22 12:00:00.000
1727020800000,5e-05,2024-09-22 16:00:00.000
1727035200000,4.269e-05,2024-09-22 20:00:00.000
1727049600000,5.52e-06,2024-09-23 00:00:00.000
1727064000000,8.61e-06,2024-09-23 04:00:00.000
1727078400000,5e-05,2024-09-23 08:00:00.000
1727092800001,-7.57e-06,2024-09-23 12:00:00.001
1727107200000,5e-05,2024-09-23 16:00:00.000
1727121600001,5e-05,2024-09-23 20:00:00.001
1727136000000,5e-05,2024-09-24 00:00:00.000
1727150400000,5e-05,2024-09-24 04:00:00.000
1727164800000,5e-05,2024-09-24 08:00:00.000
1727179200001,4.663e-05,2024-09-24 12:00:00.001
1727193600001,5e-05,2024-09-24 16:00:00.001
1727208000006,5e-05,2024-09-24 20:00:00.006
1727222400000,5e-05,2024-09-25 00:00:00.000
1727236800015,5e-05,2024-09-25 04:00:00.015
1727251200003,5e-05,2024-09-25 08:00:00.003
1727265600002,5e-05,2024-09-25 12:00:00.002
1727280000000,5e-05,2024-09-25 16:00:00.000
1727294400000,5e-05,2024-09-25 20:00:00.000
1727308800005,5e-05,2024-09-26 00:00:00.005
1727323200000,5e-05,2024-09-26 04:00:00.000
1727337600000,5e-05,2024-09-26 08:00:00.000
1727352000005,5e-05,2024-09-26 12:00:00.005
1727366400000,5e-05,2024-09-26 16:00:00.000
1727380800000,5e-05,2024-09-26 20:00:00.000
1727395200000,5e-05,2024-09-27 00:00:00.000
1727409600000,5e-05,2024-09-27 04:00:00.000
1727424000000,5e-05,2024-09-27 08:00:00.000
1727438400000,5e-05,2024-09-27 12:00:00.000
1727452800000,5e-05,2024-09-27 16:00:00.000
1727467200000,5e-05,2024-09-27 20:00:00.000
1727481600000,5e-05,2024-09-28 00:00:00.000
1727496000001,5e-05,2024-09-28 04:00:00.001
1727510400001,5e-05,2024-09-28 08:00:00.001
1727524800000,5e-05,2024-09-28 12:00:00.000
1727539200000,5e-05,2024-09-28 16:00:00.000
1727553600000,5e-05,2024-09-28 20:00:00.000
1727568000001,5e-05,2024-09-29 00:00:00.001
1727582400000,5e-05,2024-09-29 04:00:00.000
1727596800000,5e-05,2024-09-29 08:00:00.000
1727611200000,5e-05,2024-09-29 12:00:00.000
1727625600000,5e-05,2024-09-29 16:00:00.000
1727640000000,5e-05,2024-09-29 20:00:00.000
1727654400000,5e-05,2024-09-30 00:00:00.000
1727668800001,5e-05,2024-09-30 04:00:00.001
1727683200001,5e-05,2024-09-30 08:00:00.001
1727697600000,5e-05,2024-09-30 12:00:00.000
1727712000000,5e-05,2024-09-30 16:00:00.000
1727726400000,5e-05,2024-09-30 20:00:00.000
1727740800000,5e-05,2024-10-01 00:00:00.000
1727755200001,5e-05,2024-10-01 04:00:00.001
1727769600000,1.967e-05,2024-10-01 08:00:00.000
1727784000000,5e-05,2024-10-01 12:00:00.000
1727798400001,-1.06e-06,2024-10-01 16:00:00.001
1727812800000,1.773e-05,2024-10-01 20:00:00.000
1727827200000,-2.597e-05,2024-10-02 00:00:00.000
1727841600000,3.443e-05,2024-10-02 04:00:00.000
1727856000000,3.222e-05,2024-10-02 08:00:00.000
1727870400000,5e-05,2024-10-02 12:00:00.000
1727884800000,3.847e-05,2024-10-02 16:00:00.000
1727899200000,3.1e-05,2024-10-02 20:00:00.000
1727913600000,2.263e-05,2024-10-03 00:00:00.000
1727928000000,3.492e-05,2024-10-03 04:00:00.000
1727942400000,5e-05,2024-10-03 08:00:00.000
1727956800000,5e-05,2024-10-03 12:00:00.000
1727971200000,5e-05,2024-10-03 16:00:00.000
1727985600000,9.78e-06,2024-10-03 20:00:00.000
1728000000000,2.46e-06,2024-10-04 00:00:00.000
1728014400000,4.086e-05,2024-10-04 04:00:00.000
1728028800000,1.052e-05,2024-10-04 08:00:00.000
1728043200000,-2.354e-05,2024-10-04 12:00:00.000
1728057600001,4.841e-05,2024-10-04 16:00:00.001
1728072000000,-9.3e-06,2024-10-04 20:00:00.000
1728086400000,5e-05,2024-10-05 00:00:00.000
1728100800000,5e-05,2024-10-05 04:00:00.000
1728115200000,5e-05,2024-10-05 08:00:00.000
1728129600000,5e-05,2024-10-05 12:00:00.000
1728144000000,5e-05,2024-10-05 16:00:00.000
1728158400000,5e-05,2024-10-05 20:00:00.000
1728172800000,5e-05,2024-10-06 00:00:00.000
1728187200001,5e-05,2024-10-06 04:00:00.001
1728201600001,5e-05,2024-10-06 08:00:00.001
1728216000000,5e-05,2024-10-06 12:00:00.000
1728230400000,5e-05,2024-10-06 16:00:00.000
1728244800000,5e-05,2024-10-06 20:00:00.000
1728259200000,5e-05,2024-10-07 00:00:00.000
1728273600000,5e-05,2024-10-07 04:00:00.000
1728288000000,5e-05,2024-10-07 08:00:00.000
1728302400000,5e-05,2024-10-07 12:00:00.000
1728316800001,5e-05,2024-10-07 16:00:00.001
1728331200000,5e-05,2024-10-07 20:00:00.000
1728345600000,5e-05,2024-10-08 00:00:00.000
1728360000000,5e-05,2024-10-08 04:00:00.000
1728374400000,5e-05,2024-10-08 08:00:00.000
1728388800000,5e-05,2024-10-08 12:00:00.000
1728403200000,5e-05,2024-10-08 16:00:00.000
1728417600000,5e-05,2024-10-08 20:00:00.000
1728432000000,5e-05,2024-10-09 00:00:00.000
1728446400000,5e-05,2024-10-09 04:00:00.000
1728460800000,5e-05,2024-10-09 08:00:00.000
1728475200000,5e-05,2024-10-09 12:00:00.000
1728489600000,5e-05,2024-10-09 16:00:00.000
1728504000000,5e-05,2024-10-09 20:00:00.000
1728518400000,3.216e-05,2024-10-10 00:00:00.000
1728532800000,-2.7e-06,2024-10-10 04:00:00.000
1728547200000,-1.836e-05,2024-10-10 08:00:00.000
1728561600000,5e-05,2024-10-10 12:00:00.000
1728576000000,5e-05,2024-10-10 16:00:00.000
1728590400000,5e-05,2024-10-10 20:00:00.000
1728604800000,-2.195e-05,2024-10-11 00:00:00.000
1728619200000,5e-05,2024-10-11 04:00:00.000
1728633600000,5e-05,2024-10-11 08:00:00.000
1728648000000,5e-05,2024-10-11 12:00:00.000
1728662400001,1.671e-05,2024-10-11 16:00:00.001
1728676800000,5e-05,2024-10-11 20:00:00.000
1728691200000,5e-05,2024-10-12 00:00:00.000
1728705600001,5e-05,2024-10-12 04:00:00.001
1728720000001,5e-05,2024-10-12 08:00:00.001
1728734400000,5e-05,2024-10-12 12:00:00.000
1728748800000,5e-05,2024-10-12 16:00:00.000
1728763200000,5e-05,2024-10-12 20:00:00.000
1728777600000,5e-05,2024-10-13 00:00:00.000
1728792000001,5e-05,2024-10-13 04:00:00.001
1728806400000,5e-05,2024-10-13 08:00:00.000
1728820800000,1.574e-05,2024-10-13 12:00:00.000
1728835200000,5e-05,2024-10-13 16:00:00.000
1728849600000,5e-05,2024-10-13 20:00:00.000
1728864000000,5e-05,2024-10-14 00:00:00.000
1728878400000,5e-05,2024-10-14 04:00:00.000
1728892800000,5e-05,2024-10-14 08:00:00.000
1728907200000,5e-05,2024-10-14 12:00:00.000
1728921600000,5e-05,2024-10-14 16:00:00.000
1728936000000,5e-05,2024-10-14 20:00:00.000
1728950400000,5e-05,2024-10-15 00:00:00.000
1728964800000,5e-05,2024-10-15 04:00:00.000
1728979200000,5e-05,2024-10-15 08:00:00.000
1728993600000,5e-05,2024-10-15 12:00:00.000
1729008000000,5e-05,2024-10-15 16:00:00.000
1729022400000,5e-05,2024-10-15 20:00:00.000
1729036800000,5e-05,2024-10-16 00:00:00.000
1729051200000,5e-05,2024-10-16 04:00:00.000
1729065600001,5e-05,2024-10-16 08:00:00.001
1729080000000,5e-05,2024-10-16 12:00:00.000
1729094400000,5e-05,2024-10-16 16:00:00.000
1729108800000,5e-05,2024-10-16 20:00:00.000
1729123200000,5e-05,2024-10-17 00:00:00.000
1729137600001,5e-05,2024-10-17 04:00:00.001
1729152000000,5e-05,2024-10-17 08:00:00.000
1729166400000,5e-05,2024-10-17 12:00:00.000
1729180800001,5e-05,2024-10-17 16:00:00.001
1729195200007,5e-05,2024-10-17 20:00:00.007
1729209600010,5e-05,2024-10-18 00:00:00.010
1729224000000,5e-05,2024-10-18 04:00:00.000
1729238400001,5e-05,2024-10-18 08:00:00.001
1729252800000,5e-05,2024-10-18 12:00:00.000
1729267200000,5e-05,2024-10-18 16:00:00.000
1729281600000,5e-05,2024-10-18 20:00:00.000
1729296000000,5e-05,2024-10-19 00:00:00.000
1729310400000,5e-05,2024-10-19 04:00:00.000
1729324800000,5e-05,2024-10-19 08:00:00.000
1729339200000,5e-05,2024-10-19 12:00:00.000
1729353600000,5e-05,2024-10-19 16:00:00.000
1729368000000,5e-05,2024-10-19 20:00:00.000
1729382400000,5e-05,2024-10-20 00:00:00.000
1729396800000,5e-05,2024-10-20 04:00:00.000
1729411200000,5e-05,2024-10-20 08:00:00.000
1729425600000,5e-05,2024-10-20 12:00:00.000
1729440000000,5e-05,2024-10-20 16:00:00.000
1729454400000,5e-05,2024-10-20 20:00:00.000
1729468800000,5e-05,2024-10-21 00:00:00.000
1729483200000,5e-05,2024-10-21 04:00:00.000
1729497600000,5e-05,2024-10-21 08:00:00.000
1729512000000,5e-05,2024-10-21 12:00:00.000
1729526400000,5e-05,2024-10-21 16:00:00.000
1729540800000,5e-05,2024-10-21 20:00:00.000
1729555200000,5e-05,2024-10-22 00:00:00.000
1729569600000,5e-05,2024-10-22 04:00:00.000
1729584000000,5e-05,2024-10-22 08:00:00.000
1729598400000,5e-05,2024-10-22 12:00:00.000
1729612800000,5e-05,2024-10-22 16:00:00.000
1729627200000,5e-05,2024-10-22 20:00:00.000
1729641600000,5e-05,2024-10-23 00:00:00.000
1729656000000,5e-05,2024-10-23 04:00:00.000
1729670400000,5e-05,2024-10-23 08:00:00.000
1729684800000,5e-05,2024-10-23 12:00:00.000
1729699200000,5e-05,2024-10-23 16:00:00.000
1729713600001,5e-05,2024-10-23 20:00:00.001
1729728000000,5e-05,2024-10-24 00:00:00.000
1729742400001,2.375e-05,2024-10-24 04:00:00.001
1729756800000,5e-05,2024-10-24 08:00:00.000
1729771200000,5e-05,2024-10-24 12:00:00.000
1729785600000,5e-05,2024-10-24 16:00:00.000
1729800000000,5e-05,2024-10-24 20:00:00.000
1729814400000,5e-05,2024-10-25 00:00:00.000
1729828800001,5e-05,2024-10-25 04:00:00.001
1729843200000,5e-05,2024-10-25 08:00:00.000
1729857600000,5e-05,2024-10-25 12:00:00.000
1729872000000,5e-05,2024-10-25 16:00:00.000
1729886400000,5e-05,2024-10-25 20:00:00.000
1729900800000,-3.952e-05,2024-10-26 00:00:00.000
1729915200001,1.55e-05,2024-10-26 04:00:00.001
1729929600001,-3.066e-05,2024-10-26 08:00:00.001
1729944000000,1.596e-05,2024-10-26 12:00:00.000
1729958400000,-1.316e-05,2024-10-26 16:00:00.000
1729972800001,3.043e-05,2024-10-26 20:00:00.001
1729987200000,4.061e-05,2024-10-27 00:00:00.000
1730001600000,4.043e-05,2024-10-27 04:00:00.000
1730016000000,2.156e-05,2024-10-27 08:00:00.000
1730030400000,5e-05,2024-10-27 12:00:00.000
1730044800000,-3.213e-05,2024-10-27 16:00:00.000
1730059200000,4.052e-05,2024-10-27 20:00:00.000
1730073600000,-6.7e-07,2024-10-28 00:00:00.000
1730088000000,5e-05,2024-10-28 04:00:00.000
1730102400001,3.362e-05,2024-10-28 08:00:00.001
1730116800001,5e-05,2024-10-28 12:00:00.001
1730131200000,5e-05,2024-10-28 16:00:00.000
1730145600000,5e-05,2024-10-28 20:00:00.000
1730160000000,5e-05,2024-10-29 00:00:00.000
1730174400000,5e-05,2024-10-29 04:00:00.000
1730188800000,5e-05,2024-10-29 08:00:00.000
1730203200001,5e-05,2024-10-29 12:00:00.001
1730217600004,5e-05,2024-10-29 16:00:00.004
1730232000000,5e-05,2024-10-29 20:00:00.000
1730246400000,5e-05,2024-10-30 00:00:00.000
1730260800000,5e-05,2024-10-30 04:00:00.000
1730275200000,5e-05,2024-10-30 08:00:00.000
1730289600006,5e-05,2024-10-30 12:00:00.006
1730304000013,5e-05,2024-10-30 16:00:00.013
1730318400000,5e-05,2024-10-30 20:00:00.000
1730332800000,5e-05,2024-10-31 00:00:00.000
1730347200000,5e-05,2024-10-31 04:00:00.000
1730361600000,5e-05,2024-10-31 08:00:00.000
1730376000000,5e-05,2024-10-31 12:00:00.000
1730390400000,5e-05,2024-10-31 16:00:00.000
1730404800000,5e-05,2024-10-31 20:00:00.000
1730419200000,5e-05,2024-11-01 00:00:00.000
1730433600000,5e-05,2024-11-01 04:00:00.000
1730448000000,5e-05,2024-11-01 08:00:00.000
1730462400000,5e-05,2024-11-01 12:00:00.000
1730476800000,5e-05,2024-11-01 16:00:00.000
1730491200001,5e-05,2024-11-01 20:00:00.001
1730505600000,5e-05,2024-11-02 00:00:00.000
1730520000000,5e-05,2024-11-02 04:00:00.000
1730534400000,5e-05,2024-11-02 08:00:00.000
1730548800000,5e-05,2024-11-02 12:00:00.000
1730563200000,5e-05,2024-11-02 16:00:00.000
1730577600001,5e-05,2024-11-02 20:00:00.001
1730592000000,5e-05,2024-11-03 00:00:00.000
1730606400000,5e-05,2024-11-03 04:00:00.000
1730620800000,5e-05,2024-11-03 08:00:00.000
1730635200000,5e-05,2024-11-03 12:00:00.000
1730649600000,5e-05,2024-11-03 16:00:00.000
1730664000000,5e-05,2024-11-03 20:00:00.000
1730678400000,5e-05,2024-11-04 00:00:00.000
1730692800000,4.429e-05,2024-11-04 04:00:00.000
1730707200000,1.419e-05,2024-11-04 08:00:00.000
1730721600000,1.947e-05,2024-11-04 12:00:00.000
1730736000000,5e-05,2024-11-04 16:00:00.000
1730750400000,3.078e-05,2024-11-04 20:00:00.000
1730764800000,-3.143e-05,2024-11-05 00:00:00.000
1730779200000,5e-05,2024-11-05 04:00:00.000
1730793600003,5e-05,2024-11-05 08:00:00.003
1730808000001,5e-05,2024-11-05 12:00:00.001
1730822400001,5e-05,2024-11-05 16:00:00.001
1730836800000,5e-05,2024-11-05 20:00:00.000
1730851200000,5e-05,2024-11-06 00:00:00.000
1730865600000,5e-05,2024-11-06 04:00:00.000
1730880000000,5e-05,2024-11-06 08:00:00.000
1730894400001,5e-05,2024-11-06 12:00:00.001
1730908800000,5e-05,2024-11-06 16:00:00.000
1730923200001,5e-05,2024-11-06 20:00:00.001
1730937600000,5e-05,2024-11-07 00:00:00.000
1730952000000,5e-05,2024-11-07 04:00:00.000
1730966400000,6.243e-05,2024-11-07 08:00:00.000
1730980800000,5e-05,2024-11-07 12:00:00.000
1730995200000,5e-05,2024-11-07 16:00:00.000
1731009600000,5e-05,2024-11-07 20:00:00.000
1731024000000,5e-05,2024-11-08 00:00:00.000
1731038400000,5e-05,2024-11-08 04:00:00.000
1731052800000,5e-05,2024-11-08 08:00:00.000
1731067200000,5e-05,2024-11-08 12:00:00.000
1731081600000,5e-05,2024-11-08 16:00:00.000
1731096000000,5e-05,2024-11-08 20:00:00.000
1731110400000,5e-05,2024-11-09 00:00:00.000
1731124800000,5e-05,2024-11-09 04:00:00.000
1731139200000,5e-05,2024-11-09 08:00:00.000
1731153600000,5e-05,2024-11-09 12:00:00.000
1731168000000,5.736e-05,2024-11-09 16:00:00.000
1731182400000,5e-05,2024-11-09 20:00:00.000
1731196800000,5e-05,2024-11-10 00:00:00.000
1731211200000,5e-05,2024-11-10 04:00:00.000
1731225600000,0.0001805,2024-11-10 08:00:00.000
1731240000000,0.00015434,2024-11-10 12:00:00.000
1731254400000,0.00020145,2024-11-10 16:00:00.000
1731268800000,0.00019639,2024-11-10 20:00:00.000
1731283200001,6.37e-05,2024-11-11 00:00:00.001
1731297600000,0.00013503,2024-11-11 04:00:00.000
1731312000000,5e-05,2024-11-11 08:00:00.000
1731326400000,5e-05,2024-11-11 12:00:00.000
1731340800000,5e-05,2024-11-11 16:00:00.000
1731355200000,5e-05,2024-11-11 20:00:00.000
1731369600002,0.00013743,2024-11-12 00:00:00.002
1731384000000,0.00028808,2024-11-12 04:00:00.000
1731398400000,0.00029543,2024-11-12 08:00:00.000
1731412800000,0.00026342,2024-11-12 12:00:00.000
1731427200000,0.00010067,2024-11-12 16:00:00.000
1731441600000,6.989e-05,2024-11-12 20:00:00.000
1731456000000,0.00018049,2024-11-13 00:00:00.000
1731470400000,0.00016859,2024-11-13 04:00:00.000
1731484800010,9.022e-05,2024-11-13 08:00:00.010
1731499200001,5.838e-05,2024-11-13 12:00:00.001
1731513600000,7.044e-05,2024-11-13 16:00:00.000
1731528000000,0.00018149,2024-11-13 20:00:00.000
1731542400001,0.00013794,2024-11-14 00:00:00.001
1731556800000,9.984e-05,2024-11-14 04:00:00.000
1731571200000,6.019e-05,2024-11-14 08:00:00.000
1731585600001,6.214e-05,2024-11-14 12:00:00.001
1731600000000,8.592e-05,2024-11-14 16:00:00.000
1731614400000,0.00014875,2024-11-14 20:00:00.000
1731628800000,5e-05,2024-11-15 00:00:00.000
1731643200001,5e-05,2024-11-15 04:00:00.001
1731657600000,5e-05,2024-11-15 08:00:00.000
1731672000000,5e-05,2024-11-15 12:00:00.000
1731686400000,5e-05,2024-11-15 16:00:00.000
1731700800000,5e-05,2024-11-15 20:00:00.000
1731715200001,5e-05,2024-11-16 00:00:00.001
1731729600001,5.795e-05,2024-11-16 04:00:00.001
1731744000001,5e-05,2024-11-16 08:00:00.001
1731758400000,5e-05,2024-11-16 12:00:00.000
1731772800000,5e-05,2024-11-16 16:00:00.000
1731787200000,5e-05,2024-11-16 20:00:00.000
1731801600000,5e-05,2024-11-17 00:00:00.000
1731816000000,5e-05,2024-11-17 04:00:00.000
1731830400000,0.00013858,2024-11-17 08:00:00.000
1731844800000,0.00016624,2024-11-17 12:00:00.000
1731859200001,0.00019739,2024-11-17 16:00:00.001
1731873600001,0.00012904,2024-11-17 20:00:00.001
1731888000000,5e-05,2024-11-18 00:00:00.000
1731902400000,0.00017132,2024-11-18 04:00:00.000
1731916800000,0.00027389,2024-11-18 08:00:00.000
1731931200000,0.00023346,2024-11-18 12:00:00.000
1731945600000,0.00021732,2024-11-18 16:00:00.000
1731960000000,9.349e-05,2024-11-18 20:00:00.000
1731974400000,0.0002173,2024-11-19 00:00:00.000
1731988800000,8.229e-05,2024-11-19 04:00:00.000
1732003200000,0.00010757,2024-11-19 08:00:00.000
1732017600000,9.707e-05,2024-11-19 12:00:00.000
1732032000000,0.00010807,2024-11-19 16:00:00.000
1732046400001,0.00025578,2024-11-19 20:00:00.001
1732060800003,7.371e-05,2024-11-20 00:00:00.003
1732075200000,7.637e-05,2024-11-20 04:00:00.000
1732089600000,0.00011821,2024-11-20 08:00:00.000
1732104000000,5e-05,2024-11-20 12:00:00.000
1732118400000,0.00010211,2024-11-20 16:00:00.000
1732132800000,5e-05,2024-11-20 20:00:00.000
1732147200001,5e-05,2024-11-21 00:00:00.001
1732161600000,5e-05,2024-11-21 04:00:00.000
1732176000000,5e-05,2024-11-21 08:00:00.000
1732190400000,5e-05,2024-11-21 12:00:00.000
1732204800001,0.00014186,2024-11-21 16:00:00.001
1732219200000,0.00020423,2024-11-21 20:00:00.000
1732233600000,0.00023479,2024-11-22 00:00:00.000
1732248000000,0.00023332,2024-11-22 04:00:00.000
1732262400000,5e-05,2024-11-22 08:00:00.000
1732276800000,0.0001475,2024-11-22 12:00:00.000
1732291200001,0.00016368,2024-11-22 16:00:00.001
1732305600000,0.00014289,2024-11-22 20:00:00.000
1732320000000,0.00021535,2024-11-23 00:00:00.000
1732334400000,0.00025922,2024-11-23 04:00:00.000
1732348800000,0.00030058,2024-11-23 08:00:00.000
1732363200000,0.00030047,2024-11-23 12:00:00.000
1732377600000,0.00035315,2024-11-23 16:00:00.000
1732392000000,0.00018655,2024-11-23 20:00:00.000
1732406400001,0.00012944,2024-11-24 00:00:00.001
1732420800000,0.00020294,2024-11-24 04:00:00.000
1732435200000,0.00010834,2024-11-24 08:00:00.000
1732449600000,0.00013418,2024-11-24 12:00:00.000
1732464000000,5e-05,2024-11-24 16:00:00.000
1732478400000,6.367e-05,2024-11-24 20:00:00.000
1732492800000,0.00013888,2024-11-25 00:00:00.000
1732507200000,5e-05,2024-11-25 04:00:00.000
1732521600000,0.00014143,2024-11-25 08:00:00.000
1732536000008,0.00023347,2024-11-25 12:00:00.008
1732550400000,6.431e-05,2024-11-25 16:00:00.000
1732564800000,5.412e-05,2024-11-25 20:00:00.000
1732579200000,8.495e-05,2024-11-26 00:00:00.000
1732593600000,0.00016404,2024-11-26 04:00:00.000
1732608000000,8.792e-05,2024-11-26 08:00:00.000
1732622400000,5e-05,2024-11-26 12:00:00.000
1732636800000,5e-05,2024-11-26 16:00:00.000
1732651200000,5e-05,2024-11-26 20:00:00.000
1732665600000,5e-05,2024-11-27 00:00:00.000
1732680000000,5e-05,2024-11-27 04:00:00.000
1732694400000,0.0001042,2024-11-27 08:00:00.000
1732708800000,5.405e-05,2024-11-27 12:00:00.000
1732723200001,0.00019555,2024-11-27 16:00:00.001
1732737600000,0.00024922,2024-11-27 20:00:00.000
1732752000000,0.00025827,2024-11-28 00:00:00.000
1732766400000,0.00026503,2024-11-28 04:00:00.000
1732780800000,0.0001912,2024-11-28 08:00:00.000
1732795200000,0.00013788,2024-11-28 12:00:00.000
1732809600000,5e-05,2024-11-28 16:00:00.000
1732824000000,5e-05,2024-11-28 20:00:00.000
1732838400000,5e-05,2024-11-29 00:00:00.000
1732852800000,0.00012898,2024-11-29 04:00:00.000
1732867200000,0.00022594,2024-11-29 08:00:00.000
1732881600000,0.00014928,2024-11-29 12:00:00.000
1732896000000,0.00022012,2024-11-29 16:00:00.000
1732910400000,0.00025246,2024-11-29 20:00:00.000
1732924800000,0.00021074,2024-11-30 00:00:00.000
1732939200000,0.00021033,2024-11-30 04:00:00.000
1732953600000,0.000195,2024-11-30 08:00:00.000
1732968000001,5e-05,2024-11-30 12:00:00.001
1732982400000,5.964e-05,2024-11-30 16:00:00.000
1732996800000,5.54e-05,2024-11-30 20:00:00.000
1733011200000,0.00021256,2024-12-01 00:00:00.000
1733025600000,5e-05,2024-12-01 04:00:00.000
1733040000000,5e-05,2024-12-01 08:00:00.000
1733054400000,5e-05,2024-12-01 12:00:00.000
1733068800000,0.00014693,2024-12-01 16:00:00.000
1733083200000,0.00019033,2024-12-01 20:00:00.000
1733097600001,0.00015754,2024-12-02 00:00:00.001
1733112000000,0.00020716,2024-12-02 04:00:00.000
1733126400001,6.433e-05,2024-12-02 08:00:00.001
1733140800000,5e-05,2024-12-02 12:00:00.000
1733155200000,0.00010941,2024-12-02 16:00:00.000
1733169600001,0.0001035,2024-12-02 20:00:00.001
1733184000000,0.00031289,2024-12-03 00:00:00.000
1733198400000,0.00029533,2024-12-03 04:00:00.000
1733212800000,0.00037944,2024-12-03 08:00:00.000
1733227200001,0.00036466,2024-12-03 12:00:00.001
1733241600000,0.00016274,2024-12-03 16:00:00.000
1733256000000,0.00032193,2024-12-03 20:00:00.000
1733270400000,0.00027999,2024-12-04 00:00:00.000
1733284800000,0.00018282,2024-12-04 04:00:00.000
1733299200000,0.00022016,2024-12-04 08:00:00.000
1733313600000,0.00018063,2024-12-04 12:00:00.000
1733328000000,0.00024726,2024-12-04 16:00:00.000
1733342400000,0.00010866,2024-12-04 20:00:00.000
1733356800001,0.00021936,2024-12-05 00:00:00.001
1733371200000,0.00031061,2024-12-05 04:00:00.000
1733385600000,0.00049598,2024-12-05 08:00:00.000
1733400000000,0.00033037,2024-12-05 12:00:00.000
1733414400000,0.0004944,2024-12-05 16:00:00.000
1733428800000,0.00033341,2024-12-05 20:00:00.000
1733443200000,0.00021343,2024-12-06 00:00:00.000
1733457600001,0.0003308,2024-12-06 04:00:00.001
1733472000000,0.00038765,2024-12-06 08:00:00.000
1733486400001,5e-05,2024-12-06 12:00:00.001
1733500800000,0.00013427,2024-12-06 16:00:00.000
1733515200001,0.00026791,2024-12-06 20:00:00.001
1733529600000,0.00032651,2024-12-07 00:00:00.000
1733544000000,0.00017681,2024-12-07 04:00:00.000
1733558400000,0.00025121,2024-12-07 08:00:00.000
1733572800000,0.00017429,2024-12-07 12:00:00.000
1733587200000,0.00022848,2024-12-07 16:00:00.000
1733601600000,0.00031264,2024-12-07 20:00:00.000
1733616000000,0.00019341,2024-12-08 00:00:00.000
1733630400000,0.00019229,2024-12-08 04:00:00.000
1733644800000,0.00015999,2024-12-08 08:00:00.000
1733659200001,0.00012641,2024-12-08 12:00:00.001
1733673600000,0.00019503,2024-12-08 16:00:00.000
1733688000000,0.00012765,2024-12-08 20:00:00.000
1733702400000,0.00020039,2024-12-09 00:00:00.000
1733716800000,0.0001253,2024-12-09 04:00:00.000
1733731200000,5e-05,2024-12-09 08:00:00.000
1733745600000,5e-05,2024-12-09 12:00:00.000
1733760000001,5e-05,2024-12-09 16:00:00.001
1733774400012,6.98e-05,2024-12-09 20:00:00.012
1733788800007,5e-05,2024-12-10 00:00:00.007
1733803200002,5e-05,2024-12-10 04:00:00.002
1733817600000,5e-05,2024-12-10 08:00:00.000
1733832000000,5e-05,2024-12-10 12:00:00.000
1733846400000,5e-05,2024-12-10 16:00:00.000
1733860800001,5e-05,2024-12-10 20:00:00.001
1733875200000,3.478e-05,2024-12-11 00:00:00.000
1733889600000,5e-05,2024-12-11 04:00:00.000
1733904000000,5e-05,2024-12-11 08:00:00.000
1733918400000,-1.551e-05,2024-12-11 12:00:00.000
1733932800001,5e-05,2024-12-11 16:00:00.001
1733947200000,5e-05,2024-12-11 20:00:00.000
1733961600001,5e-05,2024-12-12 00:00:00.001
1733976000000,5e-05,2024-12-12 04:00:00.000
1733990400000,5e-05,2024-12-12 08:00:00.000
1734004800000,5e-05,2024-12-12 12:00:00.000
1734019200001,5e-05,2024-12-12 16:00:00.001
1734033600000,5e-05,2024-12-12 20:00:00.000
1734048000000,5e-05,2024-12-13 00:00:00.000
1734062400000,5e-05,2024-12-13 04:00:00.000
1734076800000,5e-05,2024-12-13 08:00:00.000
1734091200000,5e-05,2024-12-13 12:00:00.000
1734105600001,5e-05,2024-12-13 16:00:00.001
1734120000001,5e-05,2024-12-13 20:00:00.001
1734134400000,5e-05,2024-12-14 00:00:00.000
1734148800000,5e-05,2024-12-14 04:00:00.000
1734163200000,5e-05,2024-12-14 08:00:00.000
1734177600000,5e-05,2024-12-14 12:00:00.000
1734192000000,5e-05,2024-12-14 16:00:00.000
1734206400000,5e-05,2024-12-14 20:00:00.000
1734220800000,5e-05,2024-12-15 00:00:00.000
1734235200000,5e-05,2024-12-15 04:00:00.000
1734249600000,5e-05,2024-12-15 08:00:00.000
1734264000000,5e-05,2024-12-15 12:00:00.000
1734278400000,5e-05,2024-12-15 16:00:00.000
1734292800001,5e-05,2024-12-15 20:00:00.001
1734307200000,5e-05,2024-12-16 00:00:00.000
1734321600000,5e-05,2024-12-16 04:00:00.000
1734336000001,5e-05,2024-12-16 08:00:00.001
1734350400000,5e-05,2024-12-16 12:00:00.000
1734364800000,5e-05,2024-12-16 16:00:00.000
1734379200000,5e-05,2024-12-16 20:00:00.000
1734393600000,5e-05,2024-12-17 00:00:00.000
1734408000000,5e-05,2024-12-17 04:00:00.000
1734422400000,5e-05,2024-12-17 08:00:00.000
1734436800000,5e-05,2024-12-17 12:00:00.000
1734451200000,5e-05,2024-12-17 16:00:00.000
1734465600000,5e-05,2024-12-17 20:00:00.000
1734480000000,5e-05,2024-12-18 00:00:00.000
1734494400000,5e-05,2024-12-18 04:00:00.000
1734508800000,5e-05,2024-12-18 08:00:00.000
1734523200000,5e-05,2024-12-18 12:00:00.000
1734537600000,5e-05,2024-12-18 16:00:00.000
1734552000000,5e-05,2024-12-18 20:00:00.000
1734566400000,5e-05,2024-12-19 00:00:00.000
1734580800000,4.545e-05,2024-12-19 04:00:00.000
1734595200000,5e-05,2024-12-19 08:00:00.000
1734609600000,5e-05,2024-12-19 12:00:00.000
1734624000000,5e-05,2024-12-19 16:00:00.000
1734638400000,5e-05,2024-12-19 20:00:00.000
1734652800000,1.237e-05,2024-12-20 00:00:00.000
1734667200001,-5.612e-05,2024-12-20 04:00:00.001
1734681600001,5e-05,2024-12-20 08:00:00.001
1734696000000,5e-05,2024-12-20 12:00:00.000
1734710400014,5e-05,2024-12-20 16:00:00.014
1734724800000,5e-05,2024-12-20 20:00:00.000
1734739200000,5e-05,2024-12-21 00:00:00.000
1734753600000,5e-05,2024-12-21 04:00:00.000
1734768000000,5e-05,2024-12-21 08:00:00.000
1734782400000,5e-05,2024-12-21 12:00:00.000
1734796800001,5e-05,2024-12-21 16:00:00.001
1734811200000,5e-05,2024-12-21 20:00:00.000
1734825600000,4.797e-05,2024-12-22 00:00:00.000
1734840000000,5e-05,2024-12-22 04:00:00.000
1734854400000,5e-05,2024-12-22 08:00:00.000
1734868800000,-4.36e-05,2024-12-22 12:00:00.000
1734883200000,5e-05,2024-12-22 16:00:00.000
1734897600000,-2.913e-05,2024-12-22 20:00:00.000
1734912000000,5e-05,2024-12-23 00:00:00.000
1734926400000,5e-05,2024-12-23 04:00:00.000
1734940800000,5e-05,2024-12-23 08:00:00.000
1734955200000,5e-05,2024-12-23 12:00:00.000
1734969600001,5e-05,2024-12-23 16:00:00.001
1734984000000,5e-05,2024-12-23 20:00:00.000
1734998400000,5e-05,2024-12-24 00:00:00.000
1735012800000,6.35e-06,2024-12-24 04:00:00.000
1735027200000,1.035e-05,2024-12-24 08:00:00.000
1735041600000,5e-05,2024-12-24 12:00:00.000
1735056000001,5e-05,2024-12-24 16:00:00.001
1735070400000,5e-05,2024-12-24 20:00:00.000
1735084800001,3.933e-05,2024-12-25 00:00:00.001
1735099200001,5e-05,2024-12-25 04:00:00.001
1735113600000,5e-05,2024-12-25 08:00:00.000
1735128000000,5e-05,2024-12-25 12:00:00.000
1735142400000,5e-05,2024-12-25 16:00:00.000
1735156800000,5e-05,2024-12-25 20:00:00.000
1735171200000,5e-05,2024-12-26 00:00:00.000
1735185600001,5e-05,2024-12-26 04:00:00.001
1735200000000,5e-05,2024-12-26 08:00:00.000
1735214400000,5e-05,2024-12-26 12:00:00.000
1735228800000,5e-05,2024-12-26 16:00:00.000
1735243200001,4.784e-05,2024-12-26 20:00:00.001
1735257600000,5e-05,2024-12-27 00:00:00.000
1735272000000,3.56e-05,2024-12-27 04:00:00.000
1735286400000,5e-05,2024-12-27 08:00:00.000
1735300800000,5e-05,2024-12-27 12:00:00.000
1735315200000,5e-05,2024-12-27 16:00:00.000
1735329600001,5e-05,2024-12-27 20:00:00.001
1735344000001,5e-05,2024-12-28 00:00:00.001
1735358400000,5e-05,2024-12-28 04:00:00.000
1735372800000,5e-05,2024-12-28 08:00:00.000
1735387200000,5e-05,2024-12-28 12:00:00.000
1735401600000,5e-05,2024-12-28 16:00:00.000
1735416000000,5e-05,2024-12-28 20:00:00.000
1735430400000,5e-05,2024-12-29 00:00:00.000
1735444800000,1.988e-05,2024-12-29 04:00:00.000
1735459200000,5e-05,2024-12-29 08:00:00.000
1735473600000,5e-05,2024-12-29 12:00:00.000
1735488000000,5e-05,2024-12-29 16:00:00.000
1735502400000,5e-05,2024-12-29 20:00:00.000
1735516800000,5e-05,2024-12-30 00:00:00.000
1735531200001,5e-05,2024-12-30 04:00:00.001
1735545600001,5e-05,2024-12-30 08:00:00.001
1735560000000,5e-05,2024-12-30 12:00:00.000
1735574400000,4.299e-05,2024-12-30 16:00:00.000
1735588800000,5e-05,2024-12-30 20:00:00.000
1735603200000,5e-05,2024-12-31 00:00:00.000
1735617600000,-1.4e-07,2024-12-31 04:00:00.000
1735632000000,5e-05,2024-12-31 08:00:00.000
1735646400001,5e-05,2024-12-31 12:00:00.001
1735660800000,5e-05,2024-12-31 16:00:00.000
1735675200000,5e-05,2024-12-31 20:00:00.000
1735689600015,5e-05,2025-01-01 00:00:00.015
1735704000004,5e-05,2025-01-01 04:00:00.004
1735718400000,5e-05,2025-01-01 08:00:00.000
1735732800002,5e-05,2025-01-01 12:00:00.002
1735747200001,5e-05,2025-01-01 16:00:00.001
1735761600000,5e-05,2025-01-01 20:00:00.000
1735776000000,5e-05,2025-01-02 00:00:00.000
1735790400000,5e-05,2025-01-02 04:00:00.000
1735804800006,5e-05,2025-01-02 08:00:00.006
1735819200007,5e-05,2025-01-02 12:00:00.007
1735833600000,5e-05,2025-01-02 16:00:00.000
1735848000001,5e-05,2025-01-02 20:00:00.001
1735862400000,5e-05,2025-01-03 00:00:00.000
1735876800001,5e-05,2025-01-03 04:00:00.001
1735891200000,5e-05,2025-01-03 08:00:00.000
1735905600000,5e-05,2025-01-03 12:00:00.000
1735920000000,5e-05,2025-01-03 16:00:00.000
1735934400001,5e-05,2025-01-03 20:00:00.001
1735948800000,5e-05,2025-01-04 00:00:00.000
1735963200000,5e-05,2025-01-04 04:00:00.000
1735977600000,5e-05,2025-01-04 08:00:00.000
1735992000000,5e-05,2025-01-04 12:00:00.000
1736006400000,5e-05,2025-01-04 16:00:00.000
1736020800001,5e-05,2025-01-04 20:00:00.001
1736035200000,5e-05,2025-01-05 00:00:00.000
1736049600000,5e-05,2025-01-05 04:00:00.000
1736064000000,5e-05,2025-01-05 08:00:00.000
1736078400000,5e-05,2025-01-05 12:00:00.000
1736092800000,5e-05,2025-01-05 16:00:00.000
1736107200000,5e-05,2025-01-05 20:00:00.000
1736121600000,5e-05,2025-01-06 00:00:00.000
1736136000000,5e-05,2025-01-06 04:00:00.000
1736150400001,5e-05,2025-01-06 08:00:00.001
1736164800000,5e-05,2025-01-06 12:00:00.000
1736179200000,5e-05,2025-01-06 16:00:00.000
1736193600000,5e-05,2025-01-06 20:00:00.000
1736208000000,5e-05,2025-01-07 00:00:00.000
1736222400000,5e-05,2025-01-07 04:00:00.000
1736236800000,5e-05,2025-01-07 08:00:00.000
1736251200001,5e-05,2025-01-07 12:00:00.001
1736265600008,5e-05,2025-01-07 16:00:00.008
1736280000000,5e-05,2025-01-07 20:00:00.000
1736294400001,5e-05,2025-01-08 00:00:00.001
1736308800006,5e-05,2025-01-08 04:00:00.006
1736323200000,5e-05,2025-01-08 08:00:00.000
1736337600000,9.39e-06,2025-01-08 12:00:00.000
1736352000000,5e-05,2025-01-08 16:00:00.000
1736366400000,1.044e-05,2025-01-08 20:00:00.000
1736380800000,3.23e-05,2025-01-09 00:00:00.000
1736395200001,5e-05,2025-01-09 04:00:00.001
1736409600000,2.322e-05,2025-01-09 08:00:00.000
1736424000000,8.02e-06,2025-01-09 12:00:00.000
1736438400000,4.024e-05,2025-01-09 16:00:00.000
1736452800000,3.07e-05,2025-01-09 20:00:00.000
1736467200000,5e-05,2025-01-10 00:00:00.000
1736481600000,5e-05,2025-01-10 04:00:00.000
1736496000000,5e-05,2025-01-10 08:00:00.000
1736510400000,2.653e-05,2025-01-10 12:00:00.000
1736524800000,5e-05,2025-01-10 16:00:00.000
1736539200001,5e-05,2025-01-10 20:00:00.001
1736553600000,5e-05,2025-01-11 00:00:00.000
1736568000000,5e-05,2025-01-11 04:00:00.000
1736582400000,5e-05,2025-01-11 08:00:00.000
1736596800000,5e-05,2025-01-11 12:00:00.000
1736611200000,4.086e-05,2025-01-11 16:00:00.000
1736625600000,5e-05,2025-01-11 20:00:00.000
1736640000000,5e-05,2025-01-12 00:00:00.000
1736654400000,4.02e-05,2025-01-12 04:00:00.000
1736668800000,5e-05,2025-01-12 08:00:00.000
1736683200000,5e-05,2025-01-12 12:00:00.000
1736697600000,5e-05,2025-01-12 16:00:00.000
1736712000000,5e-05,2025-01-12 20:00:00.000
1736726400000,5e-05,2025-01-13 00:00:00.000
1736740800000,5e-05,2025-01-13 04:00:00.000
1736755200000,5e-05,2025-01-13 08:00:00.000
1736769600000,5e-05,2025-01-13 12:00:00.000
1736784000000,5e-05,2025-01-13 16:00:00.000
1736798400000,5e-05,2025-01-13 20:00:00.000
1736812800000,5e-05,2025-01-14 00:00:00.000
1736827200000,-1.43e-06,2025-01-14 04:00:00.000
1736841600000,5e-05,2025-01-14 08:00:00.000
1736856000000,5e-05,2025-01-14 12:00:00.000
1736870400000,5e-05,2025-01-14 16:00:00.000
1736884800000,5e-05,2025-01-14 20:00:00.000
1736899200000,5e-05,2025-01-15 00:00:00.000
1736913600000,5e-05,2025-01-15 04:00:00.000
1736928000000,5e-05,2025-01-15 08:00:00.000
1736942400000,5e-05,2025-01-15 12:00:00.000
1736956800000,5e-05,2025-01-15 16:00:00.000
1736971200000,5e-05,2025-01-15 20:00:00.000
1736985600000,5e-05,2025-01-16 00:00:00.000
1737000000000,5e-05,2025-01-16 04:00:00.000
1737014400000,5e-05,2025-01-16 08:00:00.000
1737028800000,5e-05,2025-01-16 12:00:00.000
1737043200000,5e-05,2025-01-16 16:00:00.000
1737057600000,5e-05,2025-01-16 20:00:00.000
1737072000004,5e-05,2025-01-17 00:00:00.004
1737086400000,5e-05,2025-01-17 04:00:00.000
1737100800000,5e-05,2025-01-17 08:00:00.000
1737115200013,5e-05,2025-01-17 12:00:00.013
1737129600008,5e-05,2025-01-17 16:00:00.008
1737144000005,5e-05,2025-01-17 20:00:00.005
1737158400000,5e-05,2025-01-18 00:00:00.000
1737172800003,5e-05,2025-01-18 04:00:00.003
1737187200007,5e-05,2025-01-18 08:00:00.007
1737201600000,5e-05,2025-01-18 12:00:00.000
1737216000000,5e-05,2025-01-18 16:00:00.000
1737230400000,5e-05,2025-01-18 20:00:00.000
1737244800000,5e-05,2025-01-19 00:00:00.000
1737259200000,5e-05,2025-01-19 04:00:00.000
1737273600000,5e-05,2025-01-19 08:00:00.000
1737288000000,5e-05,2025-01-19 12:00:00.000
1737302400000,5e-05,2025-01-19 16:00:00.000
1737316800000,5e-05,2025-01-19 20:00:00.000
1737331200000,5e-05,2025-01-20 00:00:00.000
1737345600000,5e-05,2025-01-20 04:00:00.000
1737360000009,5e-05,2025-01-20 08:00:00.009
1737374400002,5e-05,2025-01-20 12:00:00.002
1737388800000,5e-05,2025-01-20 16:00:00.000
1737403200001,5e-05,2025-01-20 20:00:00.001
1737417600000,5e-05,2025-01-21 00:00:00.000
1737432000000,5e-05,2025-01-21 04:00:00.000
1737446400000,5e-05,2025-01-21 08:00:00.000
1737460800000,5e-05,2025-01-21 12:00:00.000
1737475200000,5e-05,2025-01-21 16:00:00.000
1737489600000,5e-05,2025-01-21 20:00:00.000
1737504000000,5e-05,2025-01-22 00:00:00.000
1737518400000,5e-05,2025-01-22 04:00:00.000
1737532800000,5e-05,2025-01-22 08:00:00.000
1737547200000,5e-05,2025-01-22 12:00:00.000
1737561600000,5e-05,2025-01-22 16:00:00.000
1737576000000,5e-05,2025-01-22 20:00:00.000
1737590400001,5e-05,2025-01-23 00:00:00.001
1737604800001,5e-05,2025-01-23 04:00:00.001
1737619200000,5e-05,2025-01-23 08:00:00.000
1737633600000,5e-05,2025-01-23 12:00:00.000
1737648000000,5e-05,2025-01-23 16:00:00.000
1737662400000,5e-05,2025-01-23 20:00:00.000
1737676800000,5e-05,2025-01-24 00:00:00.000
1737691200000,5e-05,2025-01-24 04:00:00.000
1737705600000,5e-05,2025-01-24 08:00:00.000
1737720000001,5e-05,2025-01-24 12:00:00.001
1737734400000,5e-05,2025-01-24 16:00:00.000
1737748800000,5e-05,2025-01-24 20:00:00.000
1737763200000,5e-05,2025-01-25 00:00:00.000
1737777600000,5e-05,2025-01-25 04:00:00.000
1737792000000,5e-05,2025-01-25 08:00:00.000
1737806400000,5e-05,2025-01-25 12:00:00.000
1737820800001,5e-05,2025-01-25 16:00:00.001
1737835200001,5e-05,2025-01-25 20:00:00.001
1737849600000,5e-05,2025-01-26 00:00:00.000
1737864000000,5e-05,2025-01-26 04:00:00.000
1737878400000,5e-05,2025-01-26 08:00:00.000
1737892800000,5e-05,2025-01-26 12:00:00.000
1737907200000,5e-05,2025-01-26 16:00:00.000
1737921600000,5e-05,2025-01-26 20:00:00.000
1737936000000,5e-05,2025-01-27 00:00:00.000
1737950400000,5e-05,2025-01-27 04:00:00.000
1737964800000,5e-05,2025-01-27 08:00:00.000
1737979200001,3.676e-05,2025-01-27 12:00:00.001
1737993600000,5e-05,2025-01-27 16:00:00.000
1738008000000,5e-05,2025-01-27 20:00:00.000
1738022400000,5e-05,2025-01-28 00:00:00.000
1738036800000,5e-05,2025-01-28 04:00:00.000
1738051200000,5e-05,2025-01-28 08:00:00.000
1738065600000,5e-05,2025-01-28 12:00:00.000
1738080000000,5e-05,2025-01-28 16:00:00.000
1738094400000,5e-05,2025-01-28 20:00:00.000
1738108800000,5e-05,2025-01-29 00:00:00.000
1738123200001,5e-05,2025-01-29 04:00:00.001
1738137600000,5e-05,2025-01-29 08:00:00.000
1738152000000,5e-05,2025-01-29 12:00:00.000
1738166400000,5e-05,2025-01-29 16:00:00.000
1738180800000,5e-05,2025-01-29 20:00:00.000
1738195200000,5e-05,2025-01-30 00:00:00.000
1738209600000,5e-05,2025-01-30 04:00:00.000
1738224000000,5e-05,2025-01-30 08:00:00.000
1738238400000,5e-05,2025-01-30 12:00:00.000
1738252800000,5e-05,2025-01-30 16:00:00.000
1738267200000,5e-05,2025-01-30 20:00:00.000
1738281600000,5e-05,2025-01-31 00:00:00.000
1738296000000,5e-05,2025-01-31 04:00:00.000
1738310400000,5e-05,2025-01-31 08:00:00.000
1738324800001,5e-05,2025-01-31 12:00:00.001
1738339200000,5e-05,2025-01-31 16:00:00.000
1738353600000,5e-05,2025-01-31 20:00:00.000
1738368000000,5e-05,2025-02-01 00:00:00.000
1738382400000,5e-05,2025-02-01 04:00:00.000
1738396800000,5e-05,2025-02-01 08:00:00.000
1738411200000,5e-05,2025-02-01 12:00:00.000
1738425600000,5e-05,2025-02-01 16:00:00.000
1738440000000,5e-05,2025-02-01 20:00:00.000
1738454400001,5e-05,2025-02-02 00:00:00.001
1738468800000,5e-05,2025-02-02 04:00:00.000
1738483200000,5e-05,2025-02-02 08:00:00.000
1738497600000,5e-05,2025-02-02 12:00:00.000
1738512000000,5e-05,2025-02-02 16:00:00.000
1738526400000,5e-05,2025-02-02 20:00:00.000
1738540800000,2.213e-05,2025-02-03 00:00:00.000
1738555200000,2.704e-05,2025-02-03 04:00:00.000
1738569600000,-2.949e-05,2025-02-03 08:00:00.000
1738584000000,-7.064e-05,2025-02-03 12:00:00.000
1738598400000,9.52e-06,2025-02-03 16:00:00.000
1738612800000,5e-05,2025-02-03 20:00:00.000
1738627200000,5e-05,2025-02-04 00:00:00.000
1738641600001,5e-05,2025-02-04 04:00:00.001
1738656000001,3.878e-05,2025-02-04 08:00:00.001
1738670400001,-2.259e-05,2025-02-04 12:00:00.001
1738684800000,1.314e-05,2025-02-04 16:00:00.000
1738699200000,5e-05,2025-02-04 20:00:00.000
1738713600001,5e-05,2025-02-05 00:00:00.001
1738728000000,5e-05,2025-02-05 04:00:00.000
1738742400001,5e-05,2025-02-05 08:00:00.001
1738756800000,4.192e-05,2025-02-05 12:00:00.000
1738771200000,5e-05,2025-02-05 16:00:00.000
1738785600000,3.704e-05,2025-02-05 20:00:00.000
1738800000001,2.178e-05,2025-02-06 00:00:00.001
1738814400001,-2.274e-05,2025-02-06 04:00:00.001
1738828800001,-2.166e-05,2025-02-06 08:00:00.001
1738843200000,5.64e-06,2025-02-06 12:00:00.000
1738857600000,-1.071e-05,2025-02-06 16:00:00.000
1738872000000,1.53e-06,2025-02-06 20:00:00.000
1738886400000,2.059e-05,2025-02-07 00:00:00.000
1738900800000,-4.49e-05,2025-02-07 04:00:00.000
1738915200000,5e-05,2025-02-07 08:00:00.000
1738929600000,-4.28e-06,2025-02-07 12:00:00.000
1738944000000,3.441e-05,2025-02-07 16:00:00.000
1738958400000,6.05e-06,2025-02-07 20:00:00.000
1738972800000,5e-05,2025-02-08 00:00:00.000
1738987200000,3.505e-05,2025-02-08 04:00:00.000
1739001600000,2.656e-05,2025-02-08 08:00:00.000
1739016000000,9.68e-06,2025-02-08 12:00:00.000
1739030400000,4.96e-05,2025-02-08 16:00:00.000
1739044800000,3.222e-05,2025-02-08 20:00:00.000
1739059200000,5e-05,2025-02-09 00:00:00.000
1739073600000,-2.669e-05,2025-02-09 04:00:00.000
1739088000000,5e-05,2025-02-09 08:00:00.000
1739102400000,3.22e-05,2025-02-09 12:00:00.000
1739116800000,4.251e-05,2025-02-09 16:00:00.000
1739131200007,1.966e-05,2025-02-09 20:00:00.007
1739145600000,-1.816e-05,2025-02-10 00:00:00.000
1739160000000,1.329e-05,2025-02-10 04:00:00.000
1739174400000,5e-05,2025-02-10 08:00:00.000
1739188800000,5e-05,2025-02-10 12:00:00.000
1739203200000,4.429e-05,2025-02-10 16:00:00.000
1739217600001,1.282e-05,2025-02-10 20:00:00.001
1739232000000,5e-05,2025-02-11 00:00:00.000
1739246400000,-3.939e-05,2025-02-11 04:00:00.000
1739260800000,-2.313e-05,2025-02-11 08:00:00.000
1739275200000,-8.15e-05,2025-02-11 12:00:00.000
1739289600000,-7.185e-05,2025-02-11 16:00:00.000
1739304000000,-2.807e-05,2025-02-11 20:00:00.000
1739318400000,5e-05,2025-02-12 00:00:00.000
1739332800000,1.214e-05,2025-02-12 04:00:00.000
1739347200000,-1.482e-05,2025-02-12 08:00:00.000
1739361600001,7.04e-06,2025-02-12 12:00:00.001
1739376000001,5e-05,2025-02-12 16:00:00.001
1739390400000,4.985e-05,2025-02-12 20:00:00.000
1739404800001,5e-05,2025-02-13 00:00:00.001
1739419200000,5e-05,2025-02-13 04:00:00.000
1739433600000,5e-05,2025-02-13 08:00:00.000
1739448000000,5e-05,2025-02-13 12:00:00.000
1739462400001,-1.608e-05,2025-02-13 16:00:00.001
1739476800000,2.348e-05,2025-02-13 20:00:00.000
1739491200000,6.3e-07,2025-02-14 00:00:00.000
1739505600000,-2.297e-05,2025-02-14 04:00:00.000
1739520000001,-2.312e-05,2025-02-14 08:00:00.001
1739534400000,4.053e-05,2025-02-14 12:00:00.000
1739548800000,1.319e-05,2025-02-14 16:00:00.000
1739563200000,5e-05,2025-02-14 20:00:00.000
1739577600000,5e-05,2025-02-15 00:00:00.000
1739592000000,-7.86e-06,2025-02-15 04:00:00.000
1739606400000,5e-05,2025-02-15 08:00:00.000
1739620800000,3.341e-05,2025-02-15 12:00:00.000
1739635200000,5e-05,2025-02-15 16:00:00.000
1739649600001,5e-05,2025-02-15 20:00:00.001
1739664000000,5e-05,2025-02-16 00:00:00.000
1739678400000,2.917e-05,2025-02-16 04:00:00.000
1739692800000,2.223e-05,2025-02-16 08:00:00.000
1739707200000,5e-05,2025-02-16 12:00:00.000
1739721600000,1.867e-05,2025-02-16 16:00:00.000
1739736000000,-4.74e-06,2025-02-16 20:00:00.000
1739750400000,5e-05,2025-02-17 00:00:00.000
1739764800001,-1.017e-05,2025-02-17 04:00:00.001
1739779200000,-0.00013905,2025-02-17 08:00:00.000
1739793600004,5e-05,2025-02-17 12:00:00.004
1739808000000,-1.53e-06,2025-02-17 16:00:00.000
1739822400001,2.228e-05,2025-02-17 20:00:00.001
1739836800000,5e-05,2025-02-18 00:00:00.000
1739851200000,5e-05,2025-02-18 04:00:00.000
1739865600000,-3.81e-05,2025-02-18 08:00:00.000
1739880000000,4.296e-05,2025-02-18 12:00:00.000
1739894400000,-5.791e-05,2025-02-18 16:00:00.000
1739908800000,-0.00010032,2025-02-18 20:00:00.000
1739923200000,5e-05,2025-02-19 00:00:00.000
1739937600000,3.117e-05,2025-02-19 04:00:00.000
1739952000000,5e-05,2025-02-19 08:00:00.000
1739966400000,5e-05,2025-02-19 12:00:00.000
1739980800000,-8.6e-07,2025-02-19 16:00:00.000
1739995200000,5e-05,2025-02-19 20:00:00.000
1740009600000,5e-05,2025-02-20 00:00:00.000
1740024000000,5e-05,2025-02-20 04:00:00.000
1740038400000,2.484e-05,2025-02-20 08:00:00.000
1740052800000,5e-05,2025-02-20 12:00:00.000
1740067200000,5e-05,2025-02-20 16:00:00.000
1740081600000,5e-05,2025-02-20 20:00:00.000
1740096000001,5e-05,2025-02-21 00:00:00.001
1740110400000,5e-05,2025-02-21 04:00:00.000
1740124800000,4.212e-05,2025-02-21 08:00:00.000
1740139200000,5e-05,2025-02-21 12:00:00.000
1740153600000,3.002e-05,2025-02-21 16:00:00.000
1740168000000,5e-05,2025-02-21 20:00:00.000
1740182400000,5e-05,2025-02-22 00:00:00.000
1740196800000,5e-05,2025-02-22 04:00:00.000
1740211200000,5e-05,2025-02-22 08:00:00.000
1740225600000,5e-05,2025-02-22 12:00:00.000
1740240000000,4.584e-05,2025-02-22 16:00:00.000
1740254400000,-3.972e-05,2025-02-22 20:00:00.000
1740268800000,5e-05,2025-02-23 00:00:00.000
1740283200000,5e-05,2025-02-23 04:00:00.000
1740297600000,5e-05,2025-02-23 08:00:00.000
1740312000000,5e-05,2025-02-23 12:00:00.000
1740326400000,5e-05,2025-02-23 16:00:00.000
1740340800000,-9.354e-05,2025-02-23 20:00:00.000
1740355200000,2.651e-05,2025-02-24 00:00:00.000
1740369600000,5e-05,2025-02-24 04:00:00.000
1740384000000,3.704e-05,2025-02-24 08:00:00.000
1740398400001,1.54e-05,2025-02-24 12:00:00.001
1740412800000,2.38e-05,2025-02-24 16:00:00.000
1740427200000,2.03e-06,2025-02-24 20:00:00.000
1740441600000,-0.0001569,2025-02-25 00:00:00.000
1740456000000,-0.00019235,2025-02-25 04:00:00.000
1740470400000,2.364e-05,2025-02-25 08:00:00.000
1740484800000,5e-05,2025-02-25 12:00:00.000
1740499200000,5e-05,2025-02-25 16:00:00.000
1740513600000,5e-05,2025-02-25 20:00:00.000
1740528000000,5e-05,2025-02-26 00:00:00.000
1740542400000,5e-05,2025-02-26 04:00:00.000
1740556800000,5e-05,2025-02-26 08:00:00.000
1740571200001,7.25e-06,2025-02-26 12:00:00.001
1740585600000,4.817e-05,2025-02-26 16:00:00.000
1740600000000,5e-05,2025-02-26 20:00:00.000
1740614400001,5e-05,2025-02-27 00:00:00.001
1740628800001,5e-05,2025-02-27 04:00:00.001
1740643200000,5e-05,2025-02-27 08:00:00.000
1740657600006,5e-05,2025-02-27 12:00:00.006
1740672000000,5e-05,2025-02-27 16:00:00.000
1740686400001,5e-05,2025-02-27 20:00:00.001
1740700800001,-3.631e-05,2025-02-28 00:00:00.001
1740715200000,5e-05,2025-02-28 04:00:00.000
1740729600000,5e-05,2025-02-28 08:00:00.000
1740744000000,-1.022e-05,2025-02-28 12:00:00.000
1740758400000,5e-05,2025-02-28 16:00:00.000
1740772800000,5e-05,2025-02-28 20:00:00.000
1740787200000,5e-05,2025-03-01 00:00:00.000
1740801600000,5e-05,2025-03-01 04:00:00.000
1740816000000,5e-05,2025-03-01 08:00:00.000
1740830400001,5e-05,2025-03-01 12:00:00.001
1740844800001,-0.00010003,2025-03-01 16:00:00.001
1740859200000,-3.979e-05,2025-03-01 20:00:00.000
1740873600000,1.31e-05,2025-03-02 00:00:00.000
1740888000000,-6.568e-05,2025-03-02 04:00:00.000
1740902400000,5e-05,2025-03-02 08:00:00.000
1740916800000,5e-05,2025-03-02 12:00:00.000
1740931200000,5e-05,2025-03-02 16:00:00.000
1740945600000,5e-05,2025-03-02 20:00:00.000
1740960000001,5e-05,2025-03-03 00:00:00.001
1740974400000,5e-05,2025-03-03 04:00:00.000
1740988800000,5e-05,2025-03-03 08:00:00.000
1741003200001,5e-05,2025-03-03 12:00:00.001
1741017600000,3.174e-05,2025-03-03 16:00:00.000
1741032000000,-1.719e-05,2025-03-03 20:00:00.000
1741046400001,-0.00012016,2025-03-04 00:00:00.001
1741060800000,-2.813e-05,2025-03-04 04:00:00.000
1741075200005,-1.536e-05,2025-03-04 08:00:00.005
1741089600000,5e-05,2025-03-04 12:00:00.000
1741104000000,5e-05,2025-03-04 16:00:00.000
1741118400000,-9.151e-05,2025-03-04 20:00:00.000
1741132800000,5e-05,2025-03-05 00:00:00.000
1741147200000,-0.00019311,2025-03-05 04:00:00.000
1741161600000,-1.534e-05,2025-03-05 08:00:00.000
1741176000000,5.58e-06,2025-03-05 12:00:00.000
1741190400000,-1.639e-05,2025-03-05 16:00:00.000
1741204800000,-5.49e-06,2025-03-05 20:00:00.000
1741219200000,1.406e-05,2025-03-06 00:00:00.000
1741233600000,-8.443e-05,2025-03-06 04:00:00.000
1741248000001,4.691e-05,2025-03-06 08:00:00.001
1741262400001,5e-05,2025-03-06 12:00:00.001
1741276800000,5e-05,2025-03-06 16:00:00.000
1741291200000,-7.452e-05,2025-03-06 20:00:00.000
1741305600000,3.63e-06,2025-03-07 00:00:00.000
1741320000000,3.516e-05,2025-03-07 04:00:00.000
1741334400001,-0.00013055,2025-03-07 08:00:00.001
1741348800000,-1.801e-05,2025-03-07 12:00:00.000
1741363200000,-4.309e-05,2025-03-07 16:00:00.000
1741377600000,-1.603e-05,2025-03-07 20:00:00.000
1741392000000,-5.209e-05,2025-03-08 00:00:00.000
1741406400000,-4.399e-05,2025-03-08 04:00:00.000
1741420800001,2.523e-05,2025-03-08 08:00:00.001
1741435200001,1.469e-05,2025-03-08 12:00:00.001
1741449600001,-4.44e-06,2025-03-08 16:00:00.001
1741464000001,4.513e-05,2025-03-08 20:00:00.001
1741478400001,3.123e-05,2025-03-09 00:00:00.001
1741492800000,-6.053e-05,2025-03-09 04:00:00.000
1741507200000,1.16e-06,2025-03-09 08:00:00.000
1741521600000,4.902e-05,2025-03-09 12:00:00.000
1741536000000,-7.673e-05,2025-03-09 16:00:00.000
1741550400000,-0.00010324,2025-03-09 20:00:00.000
1741564800000,-4.86e-06,2025-03-10 00:00:00.000
1741579200000,-1.542e-05,2025-03-10 04:00:00.000
1741593600000,3.926e-05,2025-03-10 08:00:00.000
1741608000000,-1.705e-05,2025-03-10 12:00:00.000
1741622400000,5e-05,2025-03-10 16:00:00.000
1741636800000,5e-05,2025-03-10 20:00:00.000
1741651200000,5e-05,2025-03-11 00:00:00.000
1741665600000,-7.187e-05,2025-03-11 04:00:00.000
1741680000000,-0.00014618,2025-03-11 08:00:00.000
1741694400000,-8.997e-05,2025-03-11 12:00:00.000
1741708800001,5e-05,2025-03-11 16:00:00.001
1741723200001,-7.723e-05,2025-03-11 20:00:00.001
1741737600000,5e-05,2025-03-12 00:00:00.000
1741752000001,1.757e-05,2025-03-12 04:00:00.001
1741766400000,-4.799e-05,2025-03-12 08:00:00.000
1741780800000,4.162e-05,2025-03-12 12:00:00.000
1741795200001,5e-05,2025-03-12 16:00:00.001
1741809600000,5e-05,2025-03-12 20:00:00.000
1741824000000,5e-05,2025-03-13 00:00:00.000
1741838400000,5e-05,2025-03-13 04:00:00.000
1741852800000,5e-05,2025-03-13 08:00:00.000
1741867200000,5e-05,2025-03-13 12:00:00.000
1741881600000,5e-05,2025-03-13 16:00:00.000
1741896000000,5e-05,2025-03-13 20:00:00.000
1741910400000,5e-05,2025-03-14 00:00:00.000
1741924800000,3.067e-05,2025-03-14 04:00:00.000
1741939200000,-9.39e-06,2025-03-14 08:00:00.000
1741953600000,5e-05,2025-03-14 12:00:00.000
1741968000000,5e-05,2025-03-14 16:00:00.000
1741982400000,5e-05,2025-03-14 20:00:00.000
1741996800000,5.23e-06,2025-03-15 00:00:00.000
1742011200000,3.599e-05,2025-03-15 04:00:00.000
1742025600000,5e-05,2025-03-15 08:00:00.000
1742040000000,1.689e-05,2025-03-15 12:00:00.000
1742054400000,4.215e-05,2025-03-15 16:00:00.000
1742068800000,5e-05,2025-03-15 20:00:00.000
1742083200000,4.678e-05,2025-03-16 00:00:00.000
1742097600000,5e-05,2025-03-16 04:00:00.000
1742112000000,5e-05,2025-03-16 08:00:00.000
1742126400000,5e-05,2025-03-16 12:00:00.000
1742140800000,7e-07,2025-03-16 16:00:00.000
1742155200000,5e-05,2025-03-16 20:00:00.000
1742169600000,3.823e-05,2025-03-17 00:00:00.000
1742184000000,5e-05,2025-03-17 04:00:00.000
1742198400000,-3.652e-05,2025-03-17 08:00:00.000
1742212800000,4.886e-05,2025-03-17 12:00:00.000
1742227200000,2.341e-05,2025-03-17 16:00:00.000
1742241600000,1.941e-05,2025-03-17 20:00:00.000
1742256000000,-1.375e-05,2025-03-18 00:00:00.000
1742270400000,-4.544e-05,2025-03-18 04:00:00.000
1742284800000,-4.514e-05,2025-03-18 08:00:00.000
1742299200001,-3.822e-05,2025-03-18 12:00:00.001
1742313600000,5.25e-06,2025-03-18 16:00:00.000
1742328000000,5e-05,2025-03-18 20:00:00.000
1742342400000,4.526e-05,2025-03-19 00:00:00.000
1742356800000,5e-05,2025-03-19 04:00:00.000
1742371200000,5e-05,2025-03-19 08:00:00.000
1742385600000,5e-05,2025-03-19 12:00:00.000
1742400000000,5e-05,2025-03-19 16:00:00.000
1742414400000,5e-05,2025-03-19 20:00:00.000
1742428800000,5e-05,2025-03-20 00:00:00.000
1742443200000,5e-05,2025-03-20 04:00:00.000
1742457600000,5e-05,2025-03-20 08:00:00.000
1742472000000,5e-05,2025-03-20 12:00:00.000
1742486400000,4.087e-05,2025-03-20 16:00:00.000
1742500800000,1.224e-05,2025-03-20 20:00:00.000
1742515200000,5e-05,2025-03-21 00:00:00.000
1742529600000,-3.206e-05,2025-03-21 04:00:00.000
1742544000000,1.897e-05,2025-03-21 08:00:00.000
1742558400000,1.933e-05,2025-03-21 12:00:00.000
1742572800000,4.427e-05,2025-03-21 16:00:00.000
1742587200000,4.933e-05,2025-03-21 20:00:00.000
1742601600000,1.043e-05,2025-03-22 00:00:00.000
1742616000001,5e-05,2025-03-22 04:00:00.001
1742630400004,2.73e-05,2025-03-22 08:00:00.004
1742644800013,5e-05,2025-03-22 12:00:00.013
1742659200000,5e-05,2025-03-22 16:00:00.000
1742673600001,5e-05,2025-03-22 20:00:00.001
1742688000000,5e-05,2025-03-23 00:00:00.000
1742702400000,1.076e-05,2025-03-23 04:00:00.000
1742716800000,-7.76e-06,2025-03-23 08:00:00.000
1742731200000,4.72e-06,2025-03-23 12:00:00.000
1742745600000,-0.00011699,2025-03-23 16:00:00.000
1742760000000,-0.00013013,2025-03-23 20:00:00.000
1742774400000,-8.357e-05,2025-03-24 00:00:00.000
1742788800000,2.591e-05,2025-03-24 04:00:00.000
1742803200000,3.619e-05,2025-03-24 08:00:00.000
1742817600000,5e-05,2025-03-24 12:00:00.000
1742832000000,5e-05,2025-03-24 16:00:00.000
1742846400004,5e-05,2025-03-24 20:00:00.004
1742860800001,5e-05,2025-03-25 00:00:00.001
1742875200000,5e-05,2025-03-25 04:00:00.000
1742889600000,5e-05,2025-03-25 08:00:00.000
1742904000000,5e-05,2025-03-25 12:00:00.000
1742918400000,5e-05,2025-03-25 16:00:00.000
1742932800000,2.781e-05,2025-03-25 20:00:00.000
1742947200000,5e-05,2025-03-26 00:00:00.000
1742961600001,1.531e-05,2025-03-26 04:00:00.001
1742976000000,5e-05,2025-03-26 08:00:00.000
1742990400000,5e-05,2025-03-26 12:00:00.000
1743004800001,-5.733e-05,2025-03-26 16:00:00.001
1743019200000,-1.539e-05,2025-03-26 20:00:00.000
1743033600001,-6.57e-06,2025-03-27 00:00:00.001
1743048000000,2.961e-05,2025-03-27 04:00:00.000
1743062400001,5e-05,2025-03-27 08:00:00.001
1743076800000,2.716e-05,2025-03-27 12:00:00.000
1743091200002,7.26e-06,2025-03-27 16:00:00.002
1743105600000,-8.82e-06,2025-03-27 20:00:00.000
1743120000001,-7.319e-05,2025-03-28 00:00:00.001
1743134400000,-2.76e-05,2025-03-28 04:00:00.000
1743148800001,1.97e-05,2025-03-28 08:00:00.001
1743163200000,1.822e-05,2025-03-28 12:00:00.000
1743177600000,2.209e-05,2025-03-28 16:00:00.000
1743192000000,-2.5e-06,2025-03-28 20:00:00.000
1743206400000,5e-05,2025-03-29 00:00:00.000
1743220800001,5e-05,2025-03-29 04:00:00.001
1743235200000,5e-05,2025-03-29 08:00:00.000
1743249600000,2.248e-05,2025-03-29 12:00:00.000
1743264000000,4.745e-05,2025-03-29 16:00:00.000
1743278400000,5.39e-06,2025-03-29 20:00:00.000
1743292800000,2.29e-05,2025-03-30 00:00:00.000
1743307200000,-1.927e-05,2025-03-30 04:00:00.000
1743321600000,-4.04e-05,2025-03-30 08:00:00.000
1743336000000,4.651e-05,2025-03-30 12:00:00.000
1743350400000,-4.426e-05,2025-03-30 16:00:00.000
1743364800000,-2.819e-05,2025-03-30 20:00:00.000
1743379200000,5e-05,2025-03-31 00:00:00.000
1743393600000,9.26e-06,2025-03-31 04:00:00.000
1743408000000,5.7e-07,2025-03-31 08:00:00.000
1743422400000,1.745e-05,2025-03-31 12:00:00.000
1743436800000,3.452e-05,2025-03-31 16:00:00.000
1743451200000,5e-05,2025-03-31 20:00:00.000
1743465600000,3.151e-05,2025-04-01 00:00:00.000
1743480000001,-3.247e-05,2025-04-01 04:00:00.001
1743494400001,-3.399e-05,2025-04-01 08:00:00.001
1743508800000,-2.958e-05,2025-04-01 12:00:00.000
1743523200000,5e-05,2025-04-01 16:00:00.000
1743537600003,-1.68e-06,2025-04-01 20:00:00.003
1743552000001,4.448e-05,2025-04-02 00:00:00.001
1743566400001,-6.855e-05,2025-04-02 04:00:00.001
1743580800000,-9.805e-05,2025-04-02 08:00:00.000
1743595200002,-0.00013677,2025-04-02 12:00:00.002
1743609600000,2.273e-05,2025-04-02 16:00:00.000
1743624000000,8.11e-06,2025-04-02 20:00:00.000
1743638400000,-3.055e-05,2025-04-03 00:00:00.000
1743652800000,2.312e-05,2025-04-03 04:00:00.000
1743667200000,5e-05,2025-04-03 08:00:00.000
1743681600000,5e-05,2025-04-03 12:00:00.000
1743696000000,5e-05,2025-04-03 16:00:00.000
1743710400000,5e-05,2025-04-03 20:00:00.000
1743724800000,3.751e-05,2025-04-04 00:00:00.000
1743739200000,3.262e-05,2025-04-04 04:00:00.000
1743753600000,-3.194e-05,2025-04-04 08:00:00.000
1743768000000,5e-05,2025-04-04 12:00:00.000
1743782400000,3.518e-05,2025-04-04 16:00:00.000
1743796800001,-9e-06,2025-04-04 20:00:00.001
1743811200000,2.863e-05,2025-04-05 00:00:00.000
1743825600000,-2.028e-05,2025-04-05 04:00:00.000
1743840000000,5e-05,2025-04-05 08:00:00.000
1743854400000,5e-05,2025-04-05 12:00:00.000
1743868800000,-1.749e-05,2025-04-05 16:00:00.000
1743883200000,1.716e-05,2025-04-05 20:00:00.000
1743897600000,5e-05,2025-04-06 00:00:00.000
1743912000000,-9.805e-05,2025-04-06 04:00:00.000
1743926400000,-5.887e-05,2025-04-06 08:00:00.000
1743940800001,5e-05,2025-04-06 12:00:00.001
1743955200002,3.434e-05,2025-04-06 16:00:00.002
1743969600001,5e-05,2025-04-06 20:00:00.001
1743984000000,5e-05,2025-04-07 00:00:00.000
1743998400000,5e-05,2025-04-07 04:00:00.000
1744012800000,5e-05,2025-04-07 08:00:00.000
1744027200000,1.348e-05,2025-04-07 12:00:00.000
1744041600000,-1.463e-05,2025-04-07 16:00:00.000
1744056000000,3.864e-05,2025-04-07 20:00:00.000
1744070400000,4.827e-05,2025-04-08 00:00:00.000
1744084800000,3.214e-05,2025-04-08 04:00:00.000
1744099200000,1.447e-05,2025-04-08 08:00:00.000
1744113600000,5.02e-06,2025-04-08 12:00:00.000
1744128000000,5e-05,2025-04-08 16:00:00.000
1744142400000,5e-05,2025-04-08 20:00:00.000
1744156800000,5e-05,2025-04-09 00:00:00.000
1744171200000,5e-05,2025-04-09 04:00:00.000
1744185600001,5e-05,2025-04-09 08:00:00.001
1744200000000,5e-05,2025-04-09 12:00:00.000
1744214400000,5e-05,2025-04-09 16:00:00.000
1744228800000,5e-05,2025-04-09 20:00:00.000
1744243200000,5e-05,2025-04-10 00:00:00.000
1744257600000,5e-05,2025-04-10 04:00:00.000
1744272000000,5e-05,2025-04-10 08:00:00.000
1744286400000,5e-05,2025-04-10 12:00:00.000
1744300800000,5e-05,2025-04-10 16:00:00.000
1744315200000,5e-05,2025-04-10 20:00:00.000
1744329600001,5e-05,2025-04-11 00:00:00.001
1744344000001,5e-05,2025-04-11 04:00:00.001
1744358400000,5e-05,2025-04-11 08:00:00.000
1744372800000,5e-05,2025-04-11 12:00:00.000
1744387200000,5e-05,2025-04-11 16:00:00.000
1744401600001,4.62e-05,2025-04-11 20:00:00.001
1744416000000,5e-05,2025-04-12 00:00:00.000
1744430400000,5e-05,2025-04-12 04:00:00.000
1744444800001,2e-05,2025-04-12 08:00:00.001
1744459200001,5e-05,2025-04-12 12:00:00.001
1744473600000,5e-05,2025-04-12 16:00:00.000
1744488000000,5e-05,2025-04-12 20:00:00.000
1744502400000,4.972e-05,2025-04-13 00:00:00.000
1744516800000,-5.097e-05,2025-04-13 04:00:00.000
1744531200000,-6.278e-05,2025-04-13 08:00:00.000
1744545600000,-2.622e-05,2025-04-13 12:00:00.000
1744560000000,-3.356e-05,2025-04-13 16:00:00.000
1744574400000,5e-05,2025-04-13 20:00:00.000
1744588800000,4.929e-05,2025-04-14 00:00:00.000
1744603200000,-2.125e-05,2025-04-14 04:00:00.000
1744617600000,5e-05,2025-04-14 08:00:00.000
1744632000002,2.574e-05,2025-04-14 12:00:00.002
1744646400000,5e-05,2025-04-14 16:00:00.000
1744660800000,5e-05,2025-04-14 20:00:00.000
1744675200000,5e-05,2025-04-15 00:00:00.000
1744689600001,5e-05,2025-04-15 04:00:00.001
1744704000000,5e-05,2025-04-15 08:00:00.000
1744718400000,5e-05,2025-04-15 12:00:00.000
1744732800001,8.72e-06,2025-04-15 16:00:00.001
1744747200000,5e-05,2025-04-15 20:00:00.000
1744761600000,-2.321e-05,2025-04-16 00:00:00.000
1744776000000,5e-05,2025-04-16 04:00:00.000
1744790400000,5e-05,2025-04-16 08:00:00.000
1744804800000,2.023e-05,2025-04-16 12:00:00.000
1744819200000,-3.623e-05,2025-04-16 16:00:00.000
1744833600000,4.46e-05,2025-04-16 20:00:00.000
1744848000001,-1.482e-05,2025-04-17 00:00:00.001
1744862400000,3.473e-05,2025-04-17 04:00:00.000
1744876800000,-1.45e-06,2025-04-17 08:00:00.000
1744891200000,-2.554e-05,2025-04-17 12:00:00.000
1744905600001,1.236e-05,2025-04-17 16:00:00.001
1744920000001,5e-05,2025-04-17 20:00:00.001
1744934400000,5e-05,2025-04-18 00:00:00.000
1744948800000,5e-05,2025-04-18 04:00:00.000
1744963200000,5e-05,2025-04-18 08:00:00.000
1744977600000,5e-05,2025-04-18 12:00:00.000
1744992000000,5e-05,2025-04-18 16:00:00.000
1745006400000,5e-05,2025-04-18 20:00:00.000
1745020800000,9.97e-06,2025-04-19 00:00:00.000
1745035200000,5e-05,2025-04-19 04:00:00.000
1745049600000,5e-05,2025-04-19 08:00:00.000
1745064000000,5e-05,2025-04-19 12:00:00.000
1745078400000,5e-05,2025-04-19 16:00:00.000
1745092800000,5e-05,2025-04-19 20:00:00.000
1745107200000,2.225e-05,2025-04-20 00:00:00.000
1745121600000,5e-05,2025-04-20 04:00:00.000
1745136000000,5e-05,2025-04-20 08:00:00.000
1745150400001,5e-05,2025-04-20 12:00:00.001
1745164800000,2.764e-05,2025-04-20 16:00:00.000
1745179200000,5e-05,2025-04-20 20:00:00.000
1745193600000,5e-05,2025-04-21 00:00:00.000
1745208000000,3.276e-05,2025-04-21 04:00:00.000
1745222400005,-8e-08,2025-04-21 08:00:00.005
1745236800002,5e-05,2025-04-21 12:00:00.002
1745251200003,-3.627e-05,2025-04-21 16:00:00.003
1745265600006,5e-05,2025-04-21 20:00:00.006
1745280000008,5e-05,2025-04-22 00:00:00.008
1745294400000,3.513e-05,2025-04-22 04:00:00.000
1745308800000,5e-05,2025-04-22 08:00:00.000
1745323200001,-4.97e-05,2025-04-22 12:00:00.001
1745337600000,-7.633e-05,2025-04-22 16:00:00.000
1745352000004,-5.09e-06,2025-04-22 20:00:00.004
1745366400000,4.115e-05,2025-04-23 00:00:00.000
1745380800000,5e-05,2025-04-23 04:00:00.000
1745395200002,5e-05,2025-04-23 08:00:00.002
1745409600005,5e-05,2025-04-23 12:00:00.005
1745424000000,5e-05,2025-04-23 16:00:00.000
1745438400001,-1.726e-05,2025-04-23 20:00:00.001
1745452800000,5e-05,2025-04-24 00:00:00.000
1745467200003,5e-05,2025-04-24 04:00:00.003
1745481600001,5e-05,2025-04-24 08:00:00.001
1745496000001,5e-05,2025-04-24 12:00:00.001
1745510400001,-3.06e-05,2025-04-24 16:00:00.001
1745524800006,5e-05,2025-04-24 20:00:00.006
1745539200007,4.734e-05,2025-04-25 00:00:00.007
1745553600001,5e-05,2025-04-25 04:00:00.001
1745568000002,5e-05,2025-04-25 08:00:00.002
1745582400000,4.452e-05,2025-04-25 12:00:00.000
1745596800003,5e-05,2025-04-25 16:00:00.003
1745611200001,2.604e-05,2025-04-25 20:00:00.001
1745625600002,-5.317e-05,2025-04-26 00:00:00.002
1745640000001,5e-05,2025-04-26 04:00:00.001
1745654400000,-7.61e-06,2025-04-26 08:00:00.000
1745668800000,5e-05,2025-04-26 12:00:00.000
1745683200002,-1.045e-05,2025-04-26 16:00:00.002
1745697600000,-1.429e-05,2025-04-26 20:00:00.000
1745712000001,-4.119e-05,2025-04-27 00:00:00.001
1745726400001,5e-05,2025-04-27 04:00:00.001
1745740800000,-1.043e-05,2025-04-27 08:00:00.000
1745755200000,2.862e-05,2025-04-27 12:00:00.000
1745769600000,3.203e-05,2025-04-27 16:00:00.000
1745784000003,1.688e-05,2025-04-27 20:00:00.003
1745798400001,-2.367e-05,2025-04-28 00:00:00.001
1745812800001,5e-05,2025-04-28 04:00:00.001
1745827200003,-1.906e-05,2025-04-28 08:00:00.003
1745841600000,5e-05,2025-04-28 12:00:00.000
1745856000005,-5.506e-05,2025-04-28 16:00:00.005
1745870400002,5e-05,2025-04-28 20:00:00.002
1745884800000,5e-05,2025-04-29 00:00:00.000
1745899200000,5e-05,2025-04-29 04:00:00.000
1745913600000,-7.52e-06,2025-04-29 08:00:00.000
1745928000001,-0.00010263,2025-04-29 12:00:00.001
1745942400010,3.784e-05,2025-04-29 16:00:00.010
1745956800002,-9.057e-05,2025-04-29 20:00:00.002
1745971200001,3.95e-06,2025-04-30 00:00:00.001
1745985600001,5e-05,2025-04-30 04:00:00.001
1746000000000,2.906e-05,2025-04-30 08:00:00.000
1746014400001,5e-05,2025-04-30 12:00:00.001
1746028800003,5e-05,2025-04-30 16:00:00.003
1746043200002,5e-05,2025-04-30 20:00:00.002
1746057600000,5e-05,2025-05-01 00:00:00.000
1746072000008,5e-05,2025-05-01 04:00:00.008
1746086400000,5e-05,2025-05-01 08:00:00.000
1746100800001,5e-05,2025-05-01 12:00:00.001
1746115200001,5e-05,2025-05-01 16:00:00.001
1746129600000,-5.191e-05,2025-05-01 20:00:00.000
1746144000000,5e-05,2025-05-02 00:00:00.000
1746158400000,5e-05,2025-05-02 04:00:00.000
1746172800000,5e-05,2025-05-02 08:00:00.000
1746187200005,3.295e-05,2025-05-02 12:00:00.005
1746201600003,1.494e-05,2025-05-02 16:00:00.003
1746216000003,5e-05,2025-05-02 20:00:00.003
1746230400000,4.723e-05,2025-05-03 00:00:00.000
1746244800001,5e-05,2025-05-03 04:00:00.001
1746259200000,2.24e-05,2025-05-03 08:00:00.000
1746273600006,1.69e-05,2025-05-03 12:00:00.006
1746288000000,-0.00016484,2025-05-03 16:00:00.000
1746302400000,-2.18e-06,2025-05-03 20:00:00.000
1746316800001,-9.398e-05,2025-05-04 00:00:00.001
1746331200004,5e-05,2025-05-04 04:00:00.004
1746345600001,-6.307e-05,2025-05-04 08:00:00.001
1746360000006,-2.938e-05,2025-05-04 12:00:00.006
1746374400002,-0.00014602,2025-05-04 16:00:00.002
1746388800000,5e-05,2025-05-04 20:00:00.000
1746403200000,5e-05,2025-05-05 00:00:00.000
1746417600000,5e-05,2025-05-05 04:00:00.000
1746432000000,5e-05,2025-05-05 08:00:00.000
1746446400000,3.966e-05,2025-05-05 12:00:00.000
1746460800006,6.46e-06,2025-05-05 16:00:00.006
1746475200000,-7.675e-05,2025-05-05 20:00:00.000
1746489600002,-5.113e-05,2025-05-06 00:00:00.002
1746504000000,5e-05,2025-05-06 04:00:00.000
1746518400005,4.841e-05,2025-05-06 08:00:00.005
1746532800000,-1.84e-06,2025-05-06 12:00:00.000
1746547200000,6.01e-06,2025-05-06 16:00:00.000
1746561600000,5e-05,2025-05-06 20:00:00.000
1746576000002,5e-05,2025-05-07 00:00:00.002
1746590400004,1.397e-05,2025-05-07 04:00:00.004
1746604800000,2.659e-05,2025-05-07 08:00:00.000
1746619200000,-1.591e-05,2025-05-07 12:00:00.000
1746633600006,-6.223e-05,2025-05-07 16:00:00.006
1746648000000,-0.00010274,2025-05-07 20:00:00.000
1746662400000,-1.545e-05,2025-05-08 00:00:00.000
1746676800005,3.6e-05,2025-05-08 04:00:00.005
1746691200001,3.92e-05,2025-05-08 08:00:00.001
1746705600000,5e-05,2025-05-08 12:00:00.000
1746720000002,5e-05,2025-05-08 16:00:00.002
1746734400006,5e-05,2025-05-08 20:00:00.006
1746748800001,5e-05,2025-05-09 00:00:00.001
1746763200000,5e-05,2025-05-09 04:00:00.000
1746777600006,5e-05,2025-05-09 08:00:00.006
1746792000000,5e-05,2025-05-09 12:00:00.000
1746806400000,5e-05,2025-05-09 16:00:00.000
1746820800000,5e-05,2025-05-09 20:00:00.000
1746835200001,5e-05,2025-05-10 00:00:00.001
1746849600003,5e-05,2025-05-10 04:00:00.003
1746864000000,5e-05,2025-05-10 08:00:00.000
1746878400000,5e-05,2025-05-10 12:00:00.000
1746892800001,5e-05,2025-05-10 16:00:00.001
1746907200000,5e-05,2025-05-10 20:00:00.000
1746921600000,5e-05,2025-05-11 00:00:00.000
1746936000000,5e-05,2025-05-11 04:00:00.000
1746950400001,5e-05,2025-05-11 08:00:00.001
1746964800001,5e-05,2025-05-11 12:00:00.001
1746979200001,5e-05,2025-05-11 16:00:00.001
1746993600000,5e-05,2025-05-11 20:00:00.000
1747008000004,5e-05,2025-05-12 00:00:00.004
1747022400003,5e-05,2025-05-12 04:00:00.003
1747036800000,5e-05,2025-05-12 08:00:00.000
1747051200000,5e-05,2025-05-12 12:00:00.000
1747065600000,5e-05,2025-05-12 16:00:00.000
1747080000004,5e-05,2025-05-12 20:00:00.004
1747094400000,-3.263e-05,2025-05-13 00:00:00.000
1747108800000,5e-05,2025-05-13 04:00:00.000
1747123200008,5e-05,2025-05-13 08:00:00.008
1747137600000,5e-05,2025-05-13 12:00:00.000
1747152000001,5e-05,2025-05-13 16:00:00.001
1747166400006,5e-05,2025-05-13 20:00:00.006
1747180800007,5e-05,2025-05-14 00:00:00.007
1747195200000,5e-05,2025-05-14 04:00:00.000
1747209600000,5e-05,2025-05-14 08:00:00.000
1747224000000,5e-05,2025-05-14 12:00:00.000
1747238400002,5e-05,2025-05-14 16:00:00.002
1747252800007,5e-05,2025-05-14 20:00:00.007
1747267200000,5e-05,2025-05-15 00:00:00.000
1747281600000,5.62e-06,2025-05-15 04:00:00.000
1747296000003,5e-05,2025-05-15 08:00:00.003
1747310400000,5e-05,2025-05-15 12:00:00.000
1747324800000,5e-05,2025-05-15 16:00:00.000
1747339200001,4.284e-05,2025-05-15 20:00:00.001
1747353600001,-3.68e-05,2025-05-16 00:00:00.001
1747368000001,-3.813e-05,2025-05-16 04:00:00.001
1747382400000,2.053e-05,2025-05-16 08:00:00.000
1747396800006,-0.00010713,2025-05-16 12:00:00.006
1747411200000,1.54e-06,2025-05-16 16:00:00.000
1747425600002,5e-05,2025-05-16 20:00:00.002
1747440000000,5e-05,2025-05-17 00:00:00.000
1747454400000,5e-05,2025-05-17 04:00:00.000
1747468800001,9.48e-06,2025-05-17 08:00:00.001
1747483200002,5e-05,2025-05-17 12:00:00.002
1747497600004,5e-05,2025-05-17 16:00:00.004
1747512000003,5e-05,2025-05-17 20:00:00.003
1747526400000,5e-05,2025-05-18 00:00:00.000
1747540800003,2.08e-05,2025-05-18 04:00:00.003
1747555200000,-5.89e-06,2025-05-18 08:00:00.000
1747569600010,5e-05,2025-05-18 12:00:00.010
1747584000000,5e-05,2025-05-18 16:00:00.000
1747598400001,5e-05,2025-05-18 20:00:00.001
1747612800000,5e-05,2025-05-19 00:00:00.000
1747627200004,5e-05,2025-05-19 04:00:00.004
1747641600006,2.275e-05,2025-05-19 08:00:00.006
1747656000000,-5.49e-06,2025-05-19 12:00:00.000
1747670400010,-2.853e-05,2025-05-19 16:00:00.010
1747684800000,5e-05,2025-05-19 20:00:00.000
1747699200000,5e-05,2025-05-20 00:00:00.000
1747713600000,5e-05,2025-05-20 04:00:00.000
1747728000002,-6.026e-05,2025-05-20 08:00:00.002
1747742400003,-7.095e-05,2025-05-20 12:00:00.003
1747756800000,-4.211e-05,2025-05-20 16:00:00.000
1747771200000,5e-05,2025-05-20 20:00:00.000
1747785600000,5e-05,2025-05-21 00:00:00.000
1747800000000,5e-05,2025-05-21 04:00:00.000
1747814400001,5e-05,2025-05-21 08:00:00.001
1747828800007,5e-05,2025-05-21 12:00:00.007
1747843200004,5e-05,2025-05-21 16:00:00.004
1747857600001,-5.36e-06,2025-05-21 20:00:00.001
1747872000001,-9.214e-05,2025-05-22 00:00:00.001
1747886400000,5e-05,2025-05-22 04:00:00.000
1747900800000,5e-05,2025-05-22 08:00:00.000
1747915200000,5e-05,2025-05-22 12:00:00.000
1747929600002,5e-05,2025-05-22 16:00:00.002
1747944000001,5e-05,2025-05-22 20:00:00.001
1747958400006,5e-05,2025-05-23 00:00:00.006
1747972800000,5e-05,2025-05-23 04:00:00.000
1747987200000,5e-05,2025-05-23 08:00:00.000
1748001600003,5e-05,2025-05-23 12:00:00.003
1748016000007,5e-05,2025-05-23 16:00:00.007
1748030400006,5e-05,2025-05-23 20:00:00.006
1748044800010,5e-05,2025-05-24 00:00:00.010
1748059200000,2.693e-05,2025-05-24 04:00:00.000
1748073600000,5e-05,2025-05-24 08:00:00.000
1748088000007,4.848e-05,2025-05-24 12:00:00.007
1748102400003,5e-05,2025-05-24 16:00:00.003
1748116800000,5e-05,2025-05-24 20:00:00.000
1748131200004,5e-05,2025-05-25 00:00:00.004
1748145600001,-1.603e-05,2025-05-25 04:00:00.001
1748160000000,5e-05,2025-05-25 08:00:00.000
1748174400000,-3.271e-05,2025-05-25 12:00:00.000
1748188800000,-3.371e-05,2025-05-25 16:00:00.000
1748203200010,-0.00014564,2025-05-25 20:00:00.010
1748217600000,-0.0001028,2025-05-26 00:00:00.000
1748232000000,5e-05,2025-05-26 04:00:00.000
1748246400000,5e-05,2025-05-26 08:00:00.000
1748260800000,5e-05,2025-05-26 12:00:00.000
1748275200002,5e-05,2025-05-26 16:00:00.002
1748289600000,5e-05,2025-05-26 20:00:00.000
1748304000003,5e-05,2025-05-27 00:00:00.003
1748318400000,5e-05,2025-05-27 04:00:00.000
1748332800001,5e-05,2025-05-27 08:00:00.001
1748347200005,5e-05,2025-05-27 12:00:00.005
1748361600005,5e-05,2025-05-27 16:00:00.005
1748376000005,5e-05,2025-05-27 20:00:00.005
1748390400002,5e-05,2025-05-28 00:00:00.002
1748404800010,5e-05,2025-05-28 04:00:00.010
1748419200003,5e-05,2025-05-28 08:00:00.003
1748433600000,5e-05,2025-05-28 12:00:00.000
1748448000002,5e-05,2025-05-28 16:00:00.002
1748462400000,5e-05,2025-05-28 20:00:00.000
1748476800000,5e-05,2025-05-29 00:00:00.000
1748491200000,5e-05,2025-05-29 04:00:00.000
1748505600006,5e-05,2025-05-29 08:00:00.006
1748520000001,5e-05,2025-05-29 12:00:00.001
1748534400000,5e-05,2025-05-29 16:00:00.000
1748548800010,5e-05,2025-05-29 20:00:00.010
1748563200003,5e-05,2025-05-30 00:00:00.003
1748577600000,-7.336e-05,2025-05-30 04:00:00.000
1748592000003,-5.945e-05,2025-05-30 08:00:00.003
1748606400006,-4.638e-05,2025-05-30 12:00:00.006
1748620800000,-2.796e-05,2025-05-30 16:00:00.000
1748635200005,-9.371e-05,2025-05-30 20:00:00.005
1748649600000,-5.393e-05,2025-05-31 00:00:00.000
1748664000004,-8.886e-05,2025-05-31 04:00:00.004
1748678400000,-6.594e-05,2025-05-31 08:00:00.000
1748692800000,5e-05,2025-05-31 12:00:00.000
1748707200000,-9.824e-05,2025-05-31 16:00:00.000
1748721600004,2.73e-06,2025-05-31 20:00:00.004
1748736000001,5e-05,2025-06-01 00:00:00.001
1748750400001,5e-05,2025-06-01 04:00:00.001
1748764800002,5e-05,2025-06-01 08:00:00.002
1748779200008,5e-05,2025-06-01 12:00:00.008
1748793600000,5e-05,2025-06-01 16:00:00.000
1748808000003,5e-05,2025-06-01 20:00:00.003
1748822400001,4.16e-06,2025-06-02 00:00:00.001
1748836800004,2.644e-05,2025-06-02 04:00:00.004
1748851200000,-3.304e-05,2025-06-02 08:00:00.000
1748865600002,5e-05,2025-06-02 12:00:00.002
1748880000000,5e-05,2025-06-02 16:00:00.000
1748894400002,6.07e-06,2025-06-02 20:00:00.002
1748908800000,4.938e-05,2025-06-03 00:00:00.000
1748923200001,4.722e-05,2025-06-03 04:00:00.001
1748937600000,5e-05,2025-06-03 08:00:00.000
1748952000000,3.351e-05,2025-06-03 12:00:00.000
1748966400001,8.19e-06,2025-06-03 16:00:00.001
1748980800000,3.074e-05,2025-06-03 20:00:00.000
1748995200000,5e-05,2025-06-04 00:00:00.000
1749009600001,4.326e-05,2025-06-04 04:00:00.001
1749024000000,-1.105e-05,2025-06-04 08:00:00.000
1749038400000,8.62e-06,2025-06-04 12:00:00.000
1749052800000,3.949e-05,2025-06-04 16:00:00.000
1749067200001,1.313e-05,2025-06-04 20:00:00.001
1749081600016,8.08e-06,2025-06-05 00:00:00.016
1749096000001,-1.175e-05,2025-06-05 04:00:00.001
1749110400000,5e-05,2025-06-05 08:00:00.000
1749124800003,4.72e-06,2025-06-05 12:00:00.003
1749139200000,-1.285e-05,2025-06-05 16:00:00.000
1749153600002,-2.703e-05,2025-06-05 20:00:00.002
1749168000002,-6.825e-05,2025-06-06 00:00:00.002
1749182400000,-1.034e-05,2025-06-06 04:00:00.000
1749196800000,-8.894e-05,2025-06-06 08:00:00.000
1749211200002,5e-05,2025-06-06 12:00:00.002
1749225600006,5e-05,2025-06-06 16:00:00.006
1749240000000,4.198e-05,2025-06-06 20:00:00.000
1749254400000,4.284e-05,2025-06-07 00:00:00.000
1749268800000,5e-05,2025-06-07 04:00:00.000
1749283200000,5e-05,2025-06-07 08:00:00.000
1749297600000,5e-05,2025-06-07 12:00:00.000
1749312000002,5e-05,2025-06-07 16:00:00.002
1749326400002,5e-05,2025-06-07 20:00:00.002
1749340800000,5e-05,2025-06-08 00:00:00.000
1749355200000,5e-05,2025-06-08 04:00:00.000
1749369600000,4.694e-05,2025-06-08 08:00:00.000
1749384000020,5e-05,2025-06-08 12:00:00.020
1749398400000,4.968e-05,2025-06-08 16:00:00.000
1749412800001,5e-05,2025-06-08 20:00:00.001
1749427200000,5e-05,2025-06-09 00:00:00.000
1749441600003,9.16e-06,2025-06-09 04:00:00.003
1749456000001,3.177e-05,2025-06-09 08:00:00.001
1749470400000,7.59e-06,2025-06-09 12:00:00.000
1749484800001,4.558e-05,2025-06-09 16:00:00.001
1749499200012,5.95e-06,2025-06-09 20:00:00.012
1749513600000,5e-05,2025-06-10 00:00:00.000
1749528000000,5e-05,2025-06-10 04:00:00.000
1749542400001,5e-05,2025-06-10 08:00:00.001
1749556800005,5e-05,2025-06-10 12:00:00.005
1749571200003,5e-05,2025-06-10 16:00:00.003
1749585600010,5e-05,2025-06-10 20:00:00.010
1749600000000,5e-05,2025-06-11 00:00:00.000
1749614400006,5e-05,2025-06-11 04:00:00.006
1749628800000,5e-05,2025-06-11 08:00:00.000
1749643200007,5e-05,2025-06-11 12:00:00.007
1749657600010,5e-05,2025-06-11 16:00:00.010
1749672000012,5e-05,2025-06-11 20:00:00.012
1749686400002,5e-05,2025-06-12 00:00:00.002
1749700800000,2.817e-05,2025-06-12 04:00:00.000
1749715200003,2.571e-05,2025-06-12 08:00:00.003
1749729600001,3.817e-05,2025-06-12 12:00:00.001
1749744000001,-3.868e-05,2025-06-12 16:00:00.001
1749758400003,-6.405e-05,2025-06-12 20:00:00.003
1749772800000,-6.776e-05,2025-06-13 00:00:00.000
1749787200002,-8.601e-05,2025-06-13 04:00:00.002
1749801600001,-9.734e-05,2025-06-13 08:00:00.001
1749816000000,1.623e-05,2025-06-13 12:00:00.000
1749830400004,3.09e-05,2025-06-13 16:00:00.004
1749844800001,8.91e-06,2025-06-13 20:00:00.001
1749859200000,2.582e-05,2025-06-14 00:00:00.000
1749873600000,5e-05,2025-06-14 04:00:00.000
1749888000000,5e-05,2025-06-14 08:00:00.000
1749902400007,5e-05,2025-06-14 12:00:00.007
1749916800000,2.172e-05,2025-06-14 16:00:00.000
1749931200005,-3.889e-05,2025-06-14 20:00:00.005
1749945600005,-6.917e-05,2025-06-15 00:00:00.005
1749960000004,-8.809e-05,2025-06-15 04:00:00.004
1749974400009,5e-05,2025-06-15 08:00:00.009
1749988800000,3.251e-05,2025-06-15 12:00:00.000
1750003200000,-1.837e-05,2025-06-15 16:00:00.000
1750017600000,2.186e-05,2025-06-15 20:00:00.000
1750032000000,5e-05,2025-06-16 00:00:00.000
1750046400009,3.02e-06,2025-06-16 04:00:00.009
1750060800000,-1.891e-05,2025-06-16 08:00:00.000
1750075200000,4.468e-05,2025-06-16 12:00:00.000
1750089600003,3.441e-05,2025-06-16 16:00:00.003
1750104000000,3.476e-05,2025-06-16 20:00:00.000
1750118400000,5e-05,2025-06-17 00:00:00.000
1750132800000,3.788e-05,2025-06-17 04:00:00.000
1750147200006,5e-05,2025-06-17 08:00:00.006
1750161600001,5e-05,2025-06-17 12:00:00.001
1750176000001,2.105e-05,2025-06-17 16:00:00.001
1750190400000,-5.93e-05,2025-06-17 20:00:00.000
1750204800001,8.85e-06,2025-06-18 00:00:00.001
1750219200001,3.179e-05,2025-06-18 04:00:00.001
1750233600001,-2.014e-05,2025-06-18 08:00:00.001
1750248000003,1.369e-05,2025-06-18 12:00:00.003
1750262400001,1.145e-05,2025-06-18 16:00:00.001
1750276800000,-5.145e-05,2025-06-18 20:00:00.000
1750291200005,1.87e-06,2025-06-19 00:00:00.005
1750305600005,5e-05,2025-06-19 04:00:00.005
1750320000003,5e-05,2025-06-19 08:00:00.003
1750334400000,-1.755e-05,2025-06-19 12:00:00.000
1750348800000,5e-05,2025-06-19 16:00:00.000
1750363200000,1e-08,2025-06-19 20:00:00.000
1750377600000,5e-05,2025-06-20 00:00:00.000
1750392000017,2.675e-05,2025-06-20 04:00:00.017
1750406400002,5e-05,2025-06-20 08:00:00.002
1750420800002,-1.14e-06,2025-06-20 12:00:00.002
1750435200001,-1.981e-05,2025-06-20 16:00:00.001
1750449600000,1.431e-05,2025-06-20 20:00:00.000
1750464000002,2.834e-05,2025-06-21 00:00:00.002
1750478400003,5e-05,2025-06-21 04:00:00.003
1750492800005,5e-05,2025-06-21 08:00:00.005
1750507200000,-4.71e-05,2025-06-21 12:00:00.000
1750521600000,1.285e-05,2025-06-21 16:00:00.000
1750536000002,-6.44e-06,2025-06-21 20:00:00.002
1750550400005,-1.75e-06,2025-06-22 00:00:00.005
1750564800000,-3.245e-05,2025-06-22 04:00:00.000
1750579200000,-2.42e-05,2025-06-22 08:00:00.000
1750593600003,-7.018e-05,2025-06-22 12:00:00.003
1750608000003,5e-05,2025-06-22 16:00:00.003
1750622400005,-1.097e-05,2025-06-22 20:00:00.005
1750636800000,-2.735e-05,2025-06-23 00:00:00.000
1750651200007,5e-05,2025-06-23 04:00:00.007
1750665600004,1.798e-05,2025-06-23 08:00:00.004
1750680000001,5e-05,2025-06-23 12:00:00.001
1750694400013,3.866e-05,2025-06-23 16:00:00.013
1750708800000,-4.86e-05,2025-06-23 20:00:00.000
1750723200003,2.12e-05,2025-06-24 00:00:00.003
1750737600001,3.013e-05,2025-06-24 04:00:00.001
1750752000000,-4.977e-05,2025-06-24 08:00:00.000
1750766400001,3.172e-05,2025-06-24 12:00:00.001
1750780800000,5e-05,2025-06-24 16:00:00.000
1750795200000,5e-05,2025-06-24 20:00:00.000
1750809600005,4.775e-05,2025-06-25 00:00:00.005
1750824000000,7.3e-06,2025-06-25 04:00:00.000
1750838400000,5e-05,2025-06-25 08:00:00.000
1750852800003,5e-05,2025-06-25 12:00:00.003
1750867200005,1.526e-05,2025-06-25 16:00:00.005
1750881600002,-6.671e-05,2025-06-25 20:00:00.002
1750896000000,5e-05,2025-06-26 00:00:00.000
1750910400000,-3.46e-05,2025-06-26 04:00:00.000
1750924800006,2.479e-05,2025-06-26 08:00:00.006
1750939200005,5e-05,2025-06-26 12:00:00.005
1750953600007,-2.604e-05,2025-06-26 16:00:00.007
1750968000000,2.603e-05,2025-06-26 20:00:00.000
1750982400000,-4.602e-05,2025-06-27 00:00:00.000
1750996800001,-2.856e-05,2025-06-27 04:00:00.001
1751011200000,-4.73e-05,2025-06-27 08:00:00.000
1751025600003,-5.15e-06,2025-06-27 12:00:00.003
1751040000009,2.452e-05,2025-06-27 16:00:00.009
1751054400002,5e-05,2025-06-27 20:00:00.002
1751068800001,5e-05,2025-06-28 00:00:00.001
1751083200000,1.934e-05,2025-06-28 04:00:00.000
1751097600002,-3.986e-05,2025-06-28 08:00:00.002
1751112000000,2.196e-05,2025-06-28 12:00:00.000
1751126400000,5e-05,2025-06-28 16:00:00.000
1751140800007,-5.119e-05,2025-06-28 20:00:00.007
1751155200004,-1.02e-06,2025-06-29 00:00:00.004
1751169600003,5e-05,2025-06-29 04:00:00.003
1751184000001,5e-05,2025-06-29 08:00:00.001
1751198400003,-0.0001014,2025-06-29 12:00:00.003
1751212800001,5e-05,2025-06-29 16:00:00.001
1751227200003,5e-05,2025-06-29 20:00:00.003
1751241600000,5e-05,2025-06-30 00:00:00.000
1751256000003,1.682e-05,2025-06-30 04:00:00.003
1751270400005,5e-05,2025-06-30 08:00:00.005
1751284800000,2.403e-05,2025-06-30 12:00:00.000
1751299200002,2.704e-05,2025-06-30 16:00:00.002
1751313600000,-1.686e-05,2025-06-30 20:00:00.000
1751328000007,5e-05,2025-07-01 00:00:00.007
1751342400000,3.021e-05,2025-07-01 04:00:00.000
1751356800002,-1.896e-05,2025-07-01 08:00:00.002
1751371200000,-3.987e-05,2025-07-01 12:00:00.000
1751385600000,-5.56e-06,2025-07-01 16:00:00.000
1751400000000,-0.00015122,2025-07-01 20:00:00.000
1751414400001,-5.569e-05,2025-07-02 00:00:00.001
1751428800001,-6.331e-05,2025-07-02 04:00:00.001
1751443200000,-2.765e-05,2025-07-02 08:00:00.000
1751457600001,5e-05,2025-07-02 12:00:00.001
1751472000003,5e-05,2025-07-02 16:00:00.003
1751486400000,5e-05,2025-07-02 20:00:00.000
1751500800006,5e-05,2025-07-03 00:00:00.006
1751515200002,5e-05,2025-07-03 04:00:00.002
1751529600003,5e-05,2025-07-03 08:00:00.003
1751544000001,5e-05,2025-07-03 12:00:00.001
1751558400003,5e-05,2025-07-03 16:00:00.003
1751572800000,5e-05,2025-07-03 20:00:00.000
1751587200005,5e-05,2025-07-04 00:00:00.005
1751601600002,5e-05,2025-07-04 04:00:00.002
1751616000003,5e-05,2025-07-04 08:00:00.003
1751630400000,4.566e-05,2025-07-04 12:00:00.000
1751644800001,5e-05,2025-07-04 16:00:00.001
1751659200000,-4.659e-05,2025-07-04 20:00:00.000
1751673600004,-2.649e-05,2025-07-05 00:00:00.004
1751688000005,-3.447e-05,2025-07-05 04:00:00.005
1751702400009,6.71e-06,2025-07-05 08:00:00.009
1751716800000,2.531e-05,2025-07-05 12:00:00.000
1751731200006,5e-05,2025-07-05 16:00:00.006
1751745600000,5e-05,2025-07-05 20:00:00.000
1751760000001,5e-05,2025-07-06 00:00:00.001
1751774400000,3.566e-05,2025-07-06 04:00:00.000
1751788800002,3.972e-05,2025-07-06 08:00:00.002
1751803200001,5e-05,2025-07-06 12:00:00.001
1751817600004,5e-05,2025-07-06 16:00:00.004
1751832000006,5e-05,2025-07-06 20:00:00.006
1751846400000,5e-05,2025-07-07 00:00:00.000
1751860800000,-4.828e-05,2025-07-07 04:00:00.000
1751875200007,5e-05,2025-07-07 08:00:00.007
1751889600000,-3.434e-05,2025-07-07 12:00:00.000
1751904000000,1.386e-05,2025-07-07 16:00:00.000
1751918400013,5e-05,2025-07-07 20:00:00.013
1751932800010,5e-05,2025-07-08 00:00:00.010
1751947200000,2.162e-05,2025-07-08 04:00:00.000
1751961600003,-2.883e-05,2025-07-08 08:00:00.003
1751976000004,2.654e-05,2025-07-08 12:00:00.004
1751990400000,-3.216e-05,2025-07-08 16:00:00.000
1752004800002,5e-05,2025-07-08 20:00:00.002
1752019200002,5e-05,2025-07-09 00:00:00.002
1752033600010,3.274e-05,2025-07-09 04:00:00.010
1752048000006,5e-05,2025-07-09 08:00:00.006
1752062400000,5e-05,2025-07-09 12:00:00.000
1752076800001,5e-05,2025-07-09 16:00:00.001
1752091200007,5e-05,2025-07-09 20:00:00.007
1752105600003,5e-05,2025-07-10 00:00:00.003
1752120000001,5e-05,2025-07-10 04:00:00.001
1752134400000,5e-05,2025-07-10 08:00:00.000
1752148800001,5e-05,2025-07-10 12:00:00.001
1752163200004,5e-05,2025-07-10 16:00:00.004
1752177600000,5e-05,2025-07-10 20:00:00.000
1752192000004,5e-05,2025-07-11 00:00:00.004
1752206400001,5e-05,2025-07-11 04:00:00.001
1752220800007,5e-05,2025-07-11 08:00:00.007
1752235200000,5e-05,2025-07-11 12:00:00.000
1752249600001,5e-05,2025-07-11 16:00:00.001
1752264000006,5e-05,2025-07-11 20:00:00.006
1752278400000,5e-05,2025-07-12 00:00:00.000
1752292800005,5e-05,2025-07-12 04:00:00.005
1752307200001,5e-05,2025-07-12 08:00:00.001
1752321600007,5e-05,2025-07-12 12:00:00.007
1752336000002,5e-05,2025-07-12 16:00:00.002
1752350400003,5e-05,2025-07-12 20:00:00.003
1752364800006,5e-05,2025-07-13 00:00:00.006
1752379200001,5e-05,2025-07-13 04:00:00.001
1752393600001,5e-05,2025-07-13 08:00:00.001
1752408000003,5e-05,2025-07-13 12:00:00.003
1752422400003,5e-05,2025-07-13 16:00:00.003
1752436800008,3.637e-05,2025-07-13 20:00:00.008
1752451200000,5e-05,2025-07-14 00:00:00.000
1752465600000,5e-05,2025-07-14 04:00:00.000
1752480000000,5e-05,2025-07-14 08:00:00.000
1752494400001,5e-05,2025-07-14 12:00:00.001
1752508800000,5e-05,2025-07-14 16:00:00.000
1752523200003,5e-05,2025-07-14 20:00:00.003
1752537600002,5e-05,2025-07-15 00:00:00.002
1752552000008,5e-05,2025-07-15 04:00:00.008
1752566400000,5e-05,2025-07-15 08:00:00.000
1752580800000,5e-05,2025-07-15 12:00:00.000
1752595200000,5e-05,2025-07-15 16:00:00.000
1752609600005,5e-05,2025-07-15 20:00:00.005
1752624000000,5e-05,2025-07-16 00:00:00.000
1752638400000,5e-05,2025-07-16 04:00:00.000
1752652800000,5e-05,2025-07-16 08:00:00.000
1752667200005,5e-05,2025-07-16 12:00:00.005
1752681600008,5e-05,2025-07-16 16:00:00.008
1752696000000,5e-05,2025-07-16 20:00:00.000
1752710400003,5e-05,2025-07-17 00:00:00.003
1752724800000,5e-05,2025-07-17 04:00:00.000
1752739200000,5e-05,2025-07-17 08:00:00.000
1752753600000,5e-05,2025-07-17 12:00:00.000
1752768000000,5e-05,2025-07-17 16:00:00.000
1752782400000,5e-05,2025-07-17 20:00:00.000
1752796800004,5e-05,2025-07-18 00:00:00.004
1752811200000,5e-05,2025-07-18 04:00:00.000
1752825600000,5e-05,2025-07-18 08:00:00.000
1752840000000,5e-05,2025-07-18 12:00:00.000
1752854400000,5e-05,2025-07-18 16:00:00.000
1752868800010,5e-05,2025-07-18 20:00:00.010
1752883200009,5e-05,2025-07-19 00:00:00.009
1752897600000,5e-05,2025-07-19 04:00:00.000
1752912000000,5e-05,2025-07-19 08:00:00.000
1752926400000,5e-05,2025-07-19 12:00:00.000
1752940800002,5e-05,2025-07-19 16:00:00.002
1752955200002,5e-05,2025-07-19 20:00:00.002
1752969600000,5e-05,2025-07-20 00:00:00.000
1752984000007,5e-05,2025-07-20 04:00:00.007
1752998400000,5e-05,2025-07-20 08:00:00.000
1753012800003,5e-05,2025-07-20 12:00:00.003
1753027200000,5e-05,2025-07-20 16:00:00.000
1753041600013,5e-05,2025-07-20 20:00:00.013
1753056000001,5e-05,2025-07-21 00:00:00.001
1753070400001,5e-05,2025-07-21 04:00:00.001
1753084800000,5e-05,2025-07-21 08:00:00.000
1753099200001,5e-05,2025-07-21 12:00:00.001
1753113600001,5e-05,2025-07-21 16:00:00.001
1753128000003,5e-05,2025-07-21 20:00:00.003
1753142400000,5e-05,2025-07-22 00:00:00.000
1753156800001,5e-05,2025-07-22 04:00:00.001
1753171200010,5e-05,2025-07-22 08:00:00.010
1753185600001,5e-05,2025-07-22 12:00:00.001
1753200000007,5e-05,2025-07-22 16:00:00.007
1753214400001,5e-05,2025-07-22 20:00:00.001
1753228800000,5e-05,2025-07-23 00:00:00.000
1753243200010,5e-05,2025-07-23 04:00:00.010
1753257600004,5e-05,2025-07-23 08:00:00.004
1753272000002,5e-05,2025-07-23 12:00:00.002
1753286400002,5e-05,2025-07-23 16:00:00.002
1753300800005,5e-05,2025-07-23 20:00:00.005
1753315200000,5e-05,2025-07-24 00:00:00.000
1753329600001,5e-05,2025-07-24 04:00:00.001
1753344000001,5e-05,2025-07-24 08:00:00.001
1753358400000,5e-05,2025-07-24 12:00:00.000
1753372800000,5e-05,2025-07-24 16:00:00.000
1753387200001,5e-05,2025-07-24 20:00:00.001
1753401600000,5e-05,2025-07-25 00:00:00.000
1753416000001,5e-05,2025-07-25 04:00:00.001
1753430400000,5e-05,2025-07-25 08:00:00.000
1753444800000,5e-05,2025-07-25 12:00:00.000
1753459200000,5e-05,2025-07-25 16:00:00.000
1753473600000,5e-05,2025-07-25 20:00:00.000
1753488000001,5e-05,2025-07-26 00:00:00.001
1753502400001,5e-05,2025-07-26 04:00:00.001
1753516800005,5e-05,2025-07-26 08:00:00.005
1753531200004,5e-05,2025-07-26 12:00:00.004
1753545600001,5e-05,2025-07-26 16:00:00.001
1753560000000,5e-05,2025-07-26 20:00:00.000
1753574400001,5e-05,2025-07-27 00:00:00.001
1753588800000,5e-05,2025-07-27 04:00:00.000
1753603200000,5e-05,2025-07-27 08:00:00.000
1753617600000,5e-05,2025-07-27 12:00:00.000
1753632000008,5e-05,2025-07-27 16:00:00.008
1753646400002,5e-05,2025-07-27 20:00:00.002
1753660800005,5e-05,2025-07-28 00:00:00.005
1753675200001,5e-05,2025-07-28 04:00:00.001
1753689600000,5e-05,2025-07-28 08:00:00.000
1753704000000,5e-05,2025-07-28 12:00:00.000
1753718400000,5e-05,2025-07-28 16:00:00.000
1753732800005,5e-05,2025-07-28 20:00:00.005
1753747200001,5e-05,2025-07-29 00:00:00.001
1753761600001,5e-05,2025-07-29 04:00:00.001
1753776000000,5e-05,2025-07-29 08:00:00.000
1753790400001,5e-05,2025-07-29 12:00:00.001
1753804800000,5e-05,2025-07-29 16:00:00.000
1753819200000,8.57e-06,2025-07-29 20:00:00.000
1753833600011,2.972e-05,2025-07-30 00:00:00.011
1753848000000,5e-05,2025-07-30 04:00:00.000
1753862400000,1.713e-05,2025-07-30 08:00:00.000
1753876800003,3.532e-05,2025-07-30 12:00:00.003
1753891200008,5e-05,2025-07-30 16:00:00.008
1753905600000,5e-05,2025-07-30 20:00:00.000
1753920000000,5e-05,2025-07-31 00:00:00.000
1753934400010,5e-05,2025-07-31 04:00:00.010
1753948800009,4.928e-05,2025-07-31 08:00:00.009
1753963200003,5e-05,2025-07-31 12:00:00.003
1753977600000,4.845e-05,2025-07-31 16:00:00.000
1753992000000,1.935e-05,2025-07-31 20:00:00.000
1754006400001,-4.5e-07,2025-08-01 00:00:00.001
1754020800000,-7.283e-05,2025-08-01 04:00:00.000
1754035200003,-5.136e-05,2025-08-01 08:00:00.003
1754049600001,8.77e-06,2025-08-01 12:00:00.001
1754064000000,5e-05,2025-08-01 16:00:00.000
1754078400004,5e-05,2025-08-01 20:00:00.004
1754092800004,5e-05,2025-08-02 00:00:00.004
1754107200000,-6.66e-06,2025-08-02 04:00:00.000
1754121600000,5e-05,2025-08-02 08:00:00.000
1754136000005,-2.527e-05,2025-08-02 12:00:00.005
1754150400000,5e-05,2025-08-02 16:00:00.000
1754164800001,5e-05,2025-08-02 20:00:00.001
1754179200000,-2.678e-05,2025-08-03 00:00:00.000
1754193600000,4.406e-05,2025-08-03 04:00:00.000
1754208000000,-0.0001244,2025-08-03 08:00:00.000
1754222400001,-3.734e-05,2025-08-03 12:00:00.001
1754236800003,5e-05,2025-08-03 16:00:00.003
1754251200002,-5.613e-05,2025-08-03 20:00:00.002
1754265600004,-4.279e-05,2025-08-04 00:00:00.004
1754280000000,5e-05,2025-08-04 04:00:00.000
1754294400000,1.099e-05,2025-08-04 08:00:00.000
1754308800006,5e-05,2025-08-04 12:00:00.006
1754323200002,3.421e-05,2025-08-04 16:00:00.002
1754337600007,5e-05,2025-08-04 20:00:00.007
1754352000000,3.639e-05,2025-08-05 00:00:00.000
1754366400000,5e-05,2025-08-05 04:00:00.000
1754380800000,4.07e-06,2025-08-05 08:00:00.000
1754395200004,2.295e-05,2025-08-05 12:00:00.004
1754409600000,5e-05,2025-08-05 16:00:00.000
1754424000003,-4.448e-05,2025-08-05 20:00:00.003
1754438400005,-7.094e-05,2025-08-06 00:00:00.005
1754452800000,1.033e-05,2025-08-06 04:00:00.000
1754467200000,5e-05,2025-08-06 08:00:00.000
1754481600000,-6.771e-05,2025-08-06 12:00:00.000
1754496000000,3.13e-05,2025-08-06 16:00:00.000
1754510400000,5e-05,2025-08-06 20:00:00.000
1754524800003,5e-05,2025-08-07 00:00:00.003
1754539200004,5e-05,2025-08-07 04:00:00.004
1754553600002,5e-05,2025-08-07 08:00:00.002
1754568000001,5e-05,2025-08-07 12:00:00.001
1754582400002,5e-05,2025-08-07 16:00:00.002
1754596800001,5e-05,2025-08-07 20:00:00.001
1754611200002,1.562e-05,2025-08-08 00:00:00.002
1754625600010,5e-05,2025-08-08 04:00:00.010
1754640000004,5e-05,2025-08-08 08:00:00.004
1754654400003,5e-05,2025-08-08 12:00:00.003
1754668800000,5e-05,2025-08-08 16:00:00.000
1754683200004,5e-05,2025-08-08 20:00:00.004
1754697600005,5e-05,2025-08-09 00:00:00.005
1754712000015,5e-05,2025-08-09 04:00:00.015
1754726400000,5e-05,2025-08-09 08:00:00.000
1754740800003,5e-05,2025-08-09 12:00:00.003
1754755200007,5e-05,2025-08-09 16:00:00.007
1754769600000,5e-05,2025-08-09 20:00:00.000
1754784000003,5e-05,2025-08-10 00:00:00.003
1754798400006,5e-05,2025-08-10 04:00:00.006
1754812800005,5e-05,2025-08-10 08:00:00.005
1754827200006,5e-05,2025-08-10 12:00:00.006
1754841600002,5e-05,2025-08-10 16:00:00.002
1754856000000,5e-05,2025-08-10 20:00:00.000
1754870400000,5e-05,2025-08-11 00:00:00.000
1754884800000,5e-05,2025-08-11 04:00:00.000
1754899200000,5e-05,2025-08-11 08:00:00.000
1754913600000,5e-05,2025-08-11 12:00:00.000
1754928000000,5e-05,2025-08-11 16:00:00.000
1754942400000,5e-05,2025-08-11 20:00:00.000
1754956800000,2.055e-05,2025-08-12 00:00:00.000
1754971200001,4.841e-05,2025-08-12 04:00:00.001
1754985600001,5e-05,2025-08-12 08:00:00.001
1755000000000,5e-05,2025-08-12 12:00:00.000
1755014400005,5e-05,2025-08-12 16:00:00.005
1755028800000,5e-05,2025-08-12 20:00:00.000
1755043200000,5e-05,2025-08-13 00:00:00.000
1755057600000,5e-05,2025-08-13 04:00:00.000
1755072000002,5e-05,2025-08-13 08:00:00.002
1755086400000,5e-05,2025-08-13 12:00:00.000
1755100800006,5e-05,2025-08-13 16:00:00.006
1755115200001,5e-05,2025-08-13 20:00:00.001
1755129600002,5e-05,2025-08-14 00:00:00.002
1755144000009,5e-05,2025-08-14 04:00:00.009
1755158400003,5e-05,2025-08-14 08:00:00.003
1755172800001,5e-05,2025-08-14 12:00:00.001
1755187200000,5e-05,2025-08-14 16:00:00.000
1755201600002,5e-05,2025-08-14 20:00:00.002
1755216000000,-9.8e-06,2025-08-15 00:00:00.000
1755230400000,2.093e-05,2025-08-15 04:00:00.000
1755244800000,5e-05,2025-08-15 08:00:00.000
1755259200001,5e-05,2025-08-15 12:00:00.001
1755273600000,5e-05,2025-08-15 16:00:00.000
1755288000007,2.93e-06,2025-08-15 20:00:00.007
1755302400004,1.5e-06,2025-08-16 00:00:00.004
1755316800000,5e-05,2025-08-16 04:00:00.000
1755331200000,5e-05,2025-08-16 08:00:00.000
1755345600004,5e-05,2025-08-16 12:00:00.004
1755360000002,5e-05,2025-08-16 16:00:00.002
1755374400006,5e-05,2025-08-16 20:00:00.006
1755388800000,5e-05,2025-08-17 00:00:00.000
1755403200000,5e-05,2025-08-17 04:00:00.000
1755417600001,5e-05,2025-08-17 08:00:00.001
1755432000002,5e-05,2025-08-17 12:00:00.002
1755446400007,5e-05,2025-08-17 16:00:00.007
1755460800001,5e-05,2025-08-17 20:00:00.001
1755475200000,3.89e-05,2025-08-18 00:00:00.000
1755489600010,5e-05,2025-08-18 04:00:00.010
1755504000001,2.078e-05,2025-08-18 08:00:00.001
1755518400002,1.83e-06,2025-08-18 12:00:00.002
1755532800002,-2.423e-05,2025-08-18 16:00:00.002
1755547200007,-2.757e-05,2025-08-18 20:00:00.007
1755561600000,-4.026e-05,2025-08-19 00:00:00.000
1755576000000,-5.646e-05,2025-08-19 04:00:00.000
1755590400001,-7.15e-06,2025-08-19 08:00:00.001
1755604800001,5e-05,2025-08-19 12:00:00.001
1755619200000,5e-05,2025-08-19 16:00:00.000
1755633600000,4.869e-05,2025-08-19 20:00:00.000
1755648000000,1.13e-06,2025-08-20 00:00:00.000
1755662400000,-5.495e-05,2025-08-20 04:00:00.000
1755676800000,-4.513e-05,2025-08-20 08:00:00.000
1755691200002,-2.95e-06,2025-08-20 12:00:00.002
1755705600000,3.756e-05,2025-08-20 16:00:00.000
1755720000001,5e-05,2025-08-20 20:00:00.001
1755734400006,5e-05,2025-08-21 00:00:00.006
1755748800003,3.939e-05,2025-08-21 04:00:00.003
1755763200000,3.104e-05,2025-08-21 08:00:00.000
1755777600009,2.731e-05,2025-08-21 12:00:00.009
1755792000003,-3.224e-05,2025-08-21 16:00:00.003
1755806400000,-1.283e-05,2025-08-21 20:00:00.000
1755820800010,-2.268e-05,2025-08-22 00:00:00.010
1755835200003,-3.803e-05,2025-08-22 04:00:00.003
1755849600007,4.775e-05,2025-08-22 08:00:00.007
1755864000001,-5.16e-05,2025-08-22 12:00:00.001
1755878400001,5e-05,2025-08-22 16:00:00.001
1755892800004,5e-05,2025-08-22 20:00:00.004
1755907200004,5e-05,2025-08-23 00:00:00.004
1755921600000,5e-05,2025-08-23 04:00:00.000
1755936000006,5e-05,2025-08-23 08:00:00.006
1755950400000,5e-05,2025-08-23 12:00:00.000
1755964800000,5e-05,2025-08-23 16:00:00.000
1755979200005,5e-05,2025-08-23 20:00:00.005
1755993600001,5e-05,2025-08-24 00:00:00.001
1756008000000,5e-05,2025-08-24 04:00:00.000
1756022400002,5e-05,2025-08-24 08:00:00.002
1756036800003,5e-05,2025-08-24 12:00:00.003
1756051200001,5e-05,2025-08-24 16:00:00.001
1756065600008,5e-05,2025-08-24 20:00:00.008
1756080000000,5e-05,2025-08-25 00:00:00.000
1756094400001,5e-05,2025-08-25 04:00:00.001
1756108800002,5e-05,2025-08-25 08:00:00.002
1756123200000,-5.237e-05,2025-08-25 12:00:00.000
1756137600002,-3.451e-05,2025-08-25 16:00:00.002
1756152000003,-5.362e-05,2025-08-25 20:00:00.003
1756166400000,-4.512e-05,2025-08-26 00:00:00.000
1756180800007,-2.715e-05,2025-08-26 04:00:00.007
1756195200000,-4.358e-05,2025-08-26 08:00:00.000
1756209600001,-5.762e-05,2025-08-26 12:00:00.001
1756224000000,1.58e-06,2025-08-26 16:00:00.000
1756238400000,5e-05,2025-08-26 20:00:00.000
1756252800003,5e-05,2025-08-27 00:00:00.003
1756267200000,-2.4e-06,2025-08-27 04:00:00.000
1756281600000,4.472e-05,2025-08-27 08:00:00.000
1756296000003,3.407e-05,2025-08-27 12:00:00.003
1756310400009,5e-05,2025-08-27 16:00:00.009
1756324800001,5e-05,2025-08-27 20:00:00.001
1756339200000,5e-05,2025-08-28 00:00:00.000
1756353600000,-8.54e-06,2025-08-28 04:00:00.000
1756368000005,5e-05,2025-08-28 08:00:00.005
1756382400000,5e-05,2025-08-28 12:00:00.000
1756396800004,5e-05,2025-08-28 16:00:00.004
1756411200003,5e-05,2025-08-28 20:00:00.003
1756425600000,5e-05,2025-08-29 00:00:00.000
1756440000008,5e-05,2025-08-29 04:00:00.008
1756454400000,1.102e-05,2025-08-29 08:00:00.000
1756468800010,-2.87e-06,2025-08-29 12:00:00.010
1756483200005,5e-05,2025-08-29 16:00:00.005
1756497600000,4.311e-05,2025-08-29 20:00:00.000
1756512000000,5e-05,2025-08-30 00:00:00.000
1756526400000,5e-05,2025-08-30 04:00:00.000
1756540800002,5e-05,2025-08-30 08:00:00.002
1756555200006,5e-05,2025-08-30 12:00:00.006
1756569600003,5e-05,2025-08-30 16:00:00.003
1756584000000,5e-05,2025-08-30 20:00:00.000
1756598400016,5e-05,2025-08-31 00:00:00.016
1756612800000,5e-05,2025-08-31 04:00:00.000
1756627200000,5e-05,2025-08-31 08:00:00.000
1756641600003,5e-05,2025-08-31 12:00:00.003
1756656000001,5e-05,2025-08-31 16:00:00.001
1756670400000,5e-05,2025-08-31 20:00:00.000
1756684800000,5e-05,2025-09-01 00:00:00.000
1756699200005,1.702e-05,2025-09-01 04:00:00.005
1756713600000,5e-05,2025-09-01 08:00:00.000
1756728000014,5e-05,2025-09-01 12:00:00.014
1756742400001,5e-05,2025-09-01 16:00:00.001
1756756800008,5e-05,2025-09-01 20:00:00.008
1756771200000,-1.383e-05,2025-09-02 00:00:00.000
1756785600009,5e-05,2025-09-02 04:00:00.009
1756800000005,5e-05,2025-09-02 08:00:00.005
1756814400003,5e-05,2025-09-02 12:00:00.003
1756828800007,5e-05,2025-09-02 16:00:00.007
1756843200001,5e-05,2025-09-02 20:00:00.001
1756857600006,5e-05,2025-09-03 00:00:00.006
1756872000003,5e-05,2025-09-03 04:00:00.003
1756886400002,5e-05,2025-09-03 08:00:00.002
1756900800000,5e-05,2025-09-03 12:00:00.000
1756915200002,5e-05,2025-09-03 16:00:00.002
1756929600006,5e-05,2025-09-03 20:00:00.006
1756944000002,5e-05,2025-09-04 00:00:00.002
1756958400000,5e-05,2025-09-04 04:00:00.000
1756972800000,5e-05,2025-09-04 08:00:00.000
1756987200002,5e-05,2025-09-04 12:00:00.002
1757001600000,5e-05,2025-09-04 16:00:00.000
1757016000000,2.494e-05,2025-09-04 20:00:00.000
1757030400001,1.287e-05,2025-09-05 00:00:00.001
1757044800000,5e-05,2025-09-05 04:00:00.000
1757059200006,5e-05,2025-09-05 08:00:00.006
1757073600001,5e-05,2025-09-05 12:00:00.001
1757088000000,5e-05,2025-09-05 16:00:00.000
1757102400000,5e-05,2025-09-05 20:00:00.000
1757116800000,5e-05,2025-09-06 00:00:00.000
1757131200000,5e-05,2025-09-06 04:00:00.000
1757145600005,5e-05,2025-09-06 08:00:00.005
1757160000000,5e-05,2025-09-06 12:00:00.000
1757174400000,5e-05,2025-09-06 16:00:00.000
1757188800001,3.111e-05,2025-09-06 20:00:00.001
1757203200000,5e-05,2025-09-07 00:00:00.000
1757217600008,5e-05,2025-09-07 04:00:00.008
1757232000000,5e-05,2025-09-07 08:00:00.000
1757246400000,5e-05,2025-09-07 12:00:00.000
1757260800000,5e-05,2025-09-07 16:00:00.000
1757275200003,5e-05,2025-09-07 20:00:00.003
1757289600007,5e-05,2025-09-08 00:00:00.007
1757304000008,5e-05,2025-09-08 04:00:00.008
1757318400000,5e-05,2025-09-08 08:00:00.000
1757332800005,5e-05,2025-09-08 12:00:00.005
1757347200000,5e-05,2025-09-08 16:00:00.000
1757361600001,5e-05,2025-09-08 20:00:00.001
1757376000000,5e-05,2025-09-09 00:00:00.000
1757390400000,5e-05,2025-09-09 04:00:00.000
1757404800000,5e-05,2025-09-09 08:00:00.000
1757419200004,5e-05,2025-09-09 12:00:00.004
1757433600000,5e-05,2025-09-09 16:00:00.000
1757448000000,5e-05,2025-09-09 20:00:00.000
1757462400000,5e-05,2025-09-10 00:00:00.000
1757476800001,5e-05,2025-09-10 04:00:00.001
1757491200002,5e-05,2025-09-10 08:00:00.002
1757505600004,5e-05,2025-09-10 12:00:00.004
1757520000000,5e-05,2025-09-10 16:00:00.000
1757534400007,5e-05,2025-09-10 20:00:00.007
1757548800000,2.142e-05,2025-09-11 00:00:00.000
1757563200003,5e-05,2025-09-11 04:00:00.003
1757577600000,5e-05,2025-09-11 08:00:00.000
1757592000005,5e-05,2025-09-11 12:00:00.005
1757606400001,5e-05,2025-09-11 16:00:00.001
1757620800001,5e-05,2025-09-11 20:00:00.001
1757635200002,5e-05,2025-09-12 00:00:00.002
1757649600004,5e-05,2025-09-12 04:00:00.004
1757664000001,5e-05,2025-09-12 08:00:00.001
1757678400001,5e-05,2025-09-12 12:00:00.001
1757692800005,5e-05,2025-09-12 16:00:00.005
1757707200000,5e-05,2025-09-12 20:00:00.000
1757721600005,5e-05,2025-09-13 00:00:00.005
1757736000002,5e-05,2025-09-13 04:00:00.002
1757750400002,5e-05,2025-09-13 08:00:00.002
1757764800005,5e-05,2025-09-13 12:00:00.005
1757779200000,5e-05,2025-09-13 16:00:00.000
1757793600001,5e-05,2025-09-13 20:00:00.001
1757808000006,5e-05,2025-09-14 00:00:00.006
1757822400001,5e-05,2025-09-14 04:00:00.001
1757836800000,5e-05,2025-09-14 08:00:00.000
1757851200004,5e-05,2025-09-14 12:00:00.004
1757865600001,5e-05,2025-09-14 16:00:00.001
1757880000000,5e-05,2025-09-14 20:00:00.000
1757894400006,5e-05,2025-09-15 00:00:00.006
1757908800000,5e-05,2025-09-15 04:00:00.000
1757923200002,5e-05,2025-09-15 08:00:00.002
1757937600003,4.166e-05,2025-09-15 12:00:00.003
1757952000001,3.783e-05,2025-09-15 16:00:00.001
1757966400001,-1.17e-05,2025-09-15 20:00:00.001
1757980800001,1.427e-05,2025-09-16 00:00:00.001
1757995200000,2.635e-05,2025-09-16 04:00:00.000
1758009600000,5e-05,2025-09-16 08:00:00.000
1758024000002,2.721e-05,2025-09-16 12:00:00.002
1758038400000,5e-05,2025-09-16 16:00:00.000
1758052800004,5e-05,2025-09-16 20:00:00.004
1758067200001,5e-05,2025-09-17 00:00:00.001
1758081600004,5e-05,2025-09-17 04:00:00.004
1758096000000,5e-05,2025-09-17 08:00:00.000
1758110400000,5e-05,2025-09-17 12:00:00.000
1758124800003,5e-05,2025-09-17 16:00:00.003
1758139200000,5e-05,2025-09-17 20:00:00.000
1758153600006,5e-05,2025-09-18 00:00:00.006
1758168000001,5e-05,2025-09-18 04:00:00.001
1758182400002,5e-05,2025-09-18 08:00:00.002
1758196800000,5e-05,2025-09-18 12:00:00.000
1758211200000,5e-05,2025-09-18 16:00:00.000
1758225600008,5e-05,2025-09-18 20:00:00.008
1758240000000,5e-05,2025-09-19 00:00:00.000
1758254400003,5e-05,2025-09-19 04:00:00.003
1758268800005,5e-05,2025-09-19 08:00:00.005
1758283200000,5e-05,2025-09-19 12:00:00.000
1758297600000,5e-05,2025-09-19 16:00:00.000
1758312000004,5e-05,2025-09-19 20:00:00.004
1758326400000,5e-05,2025-09-20 00:00:00.000
1758340800000,5e-05,2025-09-20 04:00:00.000
1758355200000,5e-05,2025-09-20 08:00:00.000
1758369600008,5e-05,2025-09-20 12:00:00.008
1758384000002,5e-05,2025-09-20 16:00:00.002
1758398400000,4.306e-05,2025-09-20 20:00:00.000
1758412800000,5e-05,2025-09-21 00:00:00.000
1758427200002,5e-05,2025-09-21 04:00:00.002
1758441600000,5e-05,2025-09-21 08:00:00.000
1758456000002,5e-05,2025-09-21 12:00:00.002
1758470400000,5e-05,2025-09-21 16:00:00.000
1758484800000,4.65e-05,2025-09-21 20:00:00.000
1758499200005,5e-05,2025-09-22 00:00:00.005
1758513600000,-3.39e-06,2025-09-22 04:00:00.000
1758528000003,-2.192e-05,2025-09-22 08:00:00.003
1758542400005,-2.27e-05,2025-09-22 12:00:00.005
1758556800000,-3.994e-05,2025-09-22 16:00:00.000
1758571200001,-2.976e-05,2025-09-22 20:00:00.001
1758585600000,-9.55e-06,2025-09-23 00:00:00.000
1758600000012,-9.59e-06,2025-09-23 04:00:00.012
1758614400001,2.088e-05,2025-09-23 08:00:00.001
1758628800000,5e-05,2025-09-23 12:00:00.000
1758643200000,5e-05,2025-09-23 16:00:00.000
1758657600001,5e-05,2025-09-23 20:00:00.001
1758672000003,1.373e-05,2025-09-24 00:00:00.003
1758686400000,1.131e-05,2025-09-24 04:00:00.000
1758700800001,5e-05,2025-09-24 08:00:00.001
1758715200001,5e-05,2025-09-24 12:00:00.001
1758729600002,1.49e-06,2025-09-24 16:00:00.002
1758744000001,1.424e-05,2025-09-24 20:00:00.001
1758758400000,-1.367e-05,2025-09-25 00:00:00.000
1758772800000,-6.89e-06,2025-09-25 04:00:00.000
1758787200001,1.94e-06,2025-09-25 08:00:00.001
1758801600000,-1e-07,2025-09-25 12:00:00.000
1758816000000,7.63e-06,2025-09-25 16:00:00.000
1758830400000,-5.81e-06,2025-09-25 20:00:00.000
1758844800000,7.25e-06,2025-09-26 00:00:00.000
1758859200002,-1.65e-05,2025-09-26 04:00:00.002
1758873600000,2.09e-06,2025-09-26 08:00:00.000
1758888000000,3.727e-05,2025-09-26 12:00:00.000
1758902400008,-1.679e-05,2025-09-26 16:00:00.008
1758916800005,5e-05,2025-09-26 20:00:00.005
1758931200000,5e-05,2025-09-27 00:00:00.000
1758945600000,5e-05,2025-09-27 04:00:00.000
1758960000010,2.53e-05,2025-09-27 08:00:00.010
1758974400003,1.278e-05,2025-09-27 12:00:00.003
1758988800003,3.437e-05,2025-09-27 16:00:00.003
1759003200002,4.507e-05,2025-09-27 20:00:00.002
1759017600000,1.799e-05,2025-09-28 00:00:00.000
1759032000002,5e-05,2025-09-28 04:00:00.002
1759046400000,2.816e-05,2025-09-28 08:00:00.000
1759060800000,3.465e-05,2025-09-28 12:00:00.000
1759075200000,-9.22e-06,2025-09-28 16:00:00.000
1759089600004,-1.59e-05,2025-09-28 20:00:00.004
1759104000000,3.742e-05,2025-09-29 00:00:00.000
1759118400000,2.492e-05,2025-09-29 04:00:00.000
1759132800002,4.338e-05,2025-09-29 08:00:00.002
1759147200000,7.16e-06,2025-09-29 12:00:00.000
1759161600001,-6.6e-07,2025-09-29 16:00:00.001
1759176000000,5e-05,2025-09-29 20:00:00.000
1759190400002,1.951e-05,2025-09-30 00:00:00.002
1759204800000,5e-05,2025-09-30 04:00:00.000
1759219200005,1.145e-05,2025-09-30 08:00:00.005
1759233600000,5e-05,2025-09-30 12:00:00.000
1759248000000,2.336e-05,2025-09-30 16:00:00.000
1759262400000,5e-05,2025-09-30 20:00:00.000
1759276800000,5e-05,2025-10-01 00:00:00.000
1759291200008,1.921e-05,2025-10-01 04:00:00.008
1759305600000,5e-05,2025-10-01 08:00:00.000
1759320000007,5e-05,2025-10-01 12:00:00.007
1759334400000,2.542e-05,2025-10-01 16:00:00.000
1759348800001,5e-05,2025-10-01 20:00:00.001
1759363200000,3.523e-05,2025-10-02 00:00:00.000
1759377600001,-4.8e-07,2025-10-02 04:00:00.001
1759392000013,1.831e-05,2025-10-02 08:00:00.013
1759406400000,5e-05,2025-10-02 12:00:00.000
1759420800000,5e-05,2025-10-02 16:00:00.000
1759435200000,5e-05,2025-10-02 20:00:00.000
1759449600006,5e-05,2025-10-03 00:00:00.006
1759464000000,5e-05,2025-10-03 04:00:00.000
1759478400006,5e-05,2025-10-03 08:00:00.006
1759492800000,5e-05,2025-10-03 12:00:00.000
1759507200000,5e-05,2025-10-03 16:00:00.000
1759521600002,5e-05,2025-10-03 20:00:00.002
1759536000001,5e-05,2025-10-04 00:00:00.001
1759550400006,5e-05,2025-10-04 04:00:00.006
1759564800000,5e-05,2025-10-04 08:00:00.000
1759579200000,5e-05,2025-10-04 12:00:00.000
1759593600000,-4.72e-06,2025-10-04 16:00:00.000
1759608000003,5e-05,2025-10-04 20:00:00.003
1759622400000,9.14e-06,2025-10-05 00:00:00.000
1759636800000,5e-05,2025-10-05 04:00:00.000
1759651200003,5e-05,2025-10-05 08:00:00.003
1759665600000,5e-05,2025-10-05 12:00:00.000
1759680000009,5e-05,2025-10-05 16:00:00.009
1759694400004,4.388e-05,2025-10-05 20:00:00.004
1759708800004,3.509e-05,2025-10-06 00:00:00.004
1759723200003,3.803e-05,2025-10-06 04:00:00.003
1759737600002,5e-05,2025-10-06 08:00:00.002
1759752000000,5e-05,2025-10-06 12:00:00.000
1759766400004,5e-05,2025-10-06 16:00:00.004
1759780800002,5e-05,2025-10-06 20:00:00.002
1759795200000,5e-05,2025-10-07 00:00:00.000
1759809600001,5e-05,2025-10-07 04:00:00.001
1759824000003,5e-05,2025-10-07 08:00:00.003
1759838400005,5e-05,2025-10-07 12:00:00.005
1759852800000,5e-05,2025-10-07 16:00:00.000
1759867200002,-1.473e-05,2025-10-07 20:00:00.002
1759881600000,-2.999e-05,2025-10-08 00:00:00.000
1759896000002,-8.72e-06,2025-10-08 04:00:00.002
1759910400006,6.92e-06,2025-10-08 08:00:00.006
1759924800003,5e-05,2025-10-08 12:00:00.003
1759939200002,5e-05,2025-10-08 16:00:00.002
1759953600000,5e-05,2025-10-08 20:00:00.000
1759968000001,5e-05,2025-10-09 00:00:00.001
1759982400003,5e-05,2025-10-09 04:00:00.003
1759996800000,5e-05,2025-10-09 08:00:00.000
1760011200002,5e-05,2025-10-09 12:00:00.002
1760025600000,-4.5e-07,2025-10-09 16:00:00.000
1760040000010,-1.3e-07,2025-10-09 20:00:00.010
1760054400005,5e-05,2025-10-10 00:00:00.005
1760068800001,5e-05,2025-10-10 04:00:00.001
1760083200002,5e-05,2025-10-10 08:00:00.002
1760097600004,5e-05,2025-10-10 12:00:00.004
1760112000014,5e-05,2025-10-10 16:00:00.014
1760126400003,-4.067e-05,2025-10-10 20:00:00.003
1760140800000,5e-05,2025-10-11 00:00:00.000
1760155200000,-0.00011301,2025-10-11 04:00:00.000
1760169600003,-5.692e-05,2025-10-11 08:00:00.003
1760184000003,-0.00024375,2025-10-11 12:00:00.003
1760198400000,-0.00017989,2025-10-11 16:00:00.000
1760212800001,-0.00018961,2025-10-11 20:00:00.001
1760227200004,-0.00023888,2025-10-12 00:00:00.004
1760241600001,-0.00012729,2025-10-12 04:00:00.001
1760256000002,-3.939e-05,2025-10-12 08:00:00.002
1760270400001,5e-05,2025-10-12 12:00:00.001
1760284800000,-1.419e-05,2025-10-12 16:00:00.000
1760299200000,4.187e-05,2025-10-12 20:00:00.000
1760313600003,5e-05,2025-10-13 00:00:00.003
1760328000000,-3.865e-05,2025-10-13 04:00:00.000
1760342400002,-2.951e-05,2025-10-13 08:00:00.002
1760356800001,-5.22e-06,2025-10-13 12:00:00.001
1760371200003,3.944e-05,2025-10-13 16:00:00.003
1760385600002,5e-05,2025-10-13 20:00:00.002
1760400000000,5e-05,2025-10-14 00:00:00.000
1760414400000,5e-05,2025-10-14 04:00:00.000
1760428800000,5e-05,2025-10-14 08:00:00.000
1760443200000,5e-05,2025-10-14 12:00:00.000
1760457600000,4.372e-05,2025-10-14 16:00:00.000
1760472000000,2.039e-05,2025-10-14 20:00:00.000
1760486400006,3.982e-05,2025-10-15 00:00:00.006
1760500800001,5e-05,2025-10-15 04:00:00.001
1760515200002,3.68e-06,2025-10-15 08:00:00.002
1760529600005,6.93e-06,2025-10-15 12:00:00.005
1760544000000,-1.09e-06,2025-10-15 16:00:00.000
1760558400004,1.001e-05,2025-10-15 20:00:00.004
1760572800000,5e-05,2025-10-16 00:00:00.000
1760587200000,3.542e-05,2025-10-16 04:00:00.000
1760601600003,2.168e-05,2025-10-16 08:00:00.003
1760616000000,4.278e-05,2025-10-16 12:00:00.000
1760630400002,6.88e-06,2025-10-16 16:00:00.002
1760644800003,3.125e-05,2025-10-16 20:00:00.003
1760659200001,-1.68e-05,2025-10-17 00:00:00.001
1760673600001,8.74e-06,2025-10-17 04:00:00.001
1760688000005,-2.348e-05,2025-10-17 08:00:00.005
1760702400000,-1.168e-05,2025-10-17 12:00:00.000
1760716800003,-7.9e-06,2025-10-17 16:00:00.003
1760731200004,1.071e-05,2025-10-17 20:00:00.004
1760745600000,-2.481e-05,2025-10-18 00:00:00.000
1760760000000,-3.466e-05,2025-10-18 04:00:00.000
1760774400002,-2.204e-05,2025-10-18 08:00:00.002
1760788800007,-1.739e-05,2025-10-18 12:00:00.007
1760803200001,-3.107e-05,2025-10-18 16:00:00.001
1760817600000,3.322e-05,2025-10-18 20:00:00.000
1760832000001,4.334e-05,2025-10-19 00:00:00.001
1760846400000,5e-05,2025-10-19 04:00:00.000
1760860800001,-7.08e-06,2025-10-19 08:00:00.001
1760875200000,1.922e-05,2025-10-19 12:00:00.000
1760889600001,2.377e-05,2025-10-19 16:00:00.001
1760904000000,-3.92e-06,2025-10-19 20:00:00.000
1760918400004,-3.37e-06,2025-10-20 00:00:00.004
1760932800000,1.78e-05,2025-10-20 04:00:00.000
1760947200001,5e-05,2025-10-20 08:00:00.001
1760961600000,5e-05,2025-10-20 12:00:00.000
1760976000000,1.942e-05,2025-10-20 16:00:00.000
1760990400000,5e-05,2025-10-20 20:00:00.000
1761004800009,2.616e-05,2025-10-21 00:00:00.009
1761019200003,-4.13e-06,2025-10-21 04:00:00.003
1761033600000,-1.815e-05,2025-10-21 08:00:00.000
1761048000000,1.559e-05,2025-10-21 12:00:00.000
1761062400000,5e-05,2025-10-21 16:00:00.000
1761076800001,5e-05,2025-10-21 20:00:00.001
1761091200004,8.21e-06,2025-10-22 00:00:00.004
1761105600000,-1.275e-05,2025-10-22 04:00:00.000
1761120000000,-3.776e-05,2025-10-22 08:00:00.000
1761134400000,-4.867e-05,2025-10-22 12:00:00.000
1761148800000,3.82e-06,2025-10-22 16:00:00.000
1761163200004,3.31e-06,2025-10-22 20:00:00.004
1761177600000,2.685e-05,2025-10-23 00:00:00.000
1761192000000,1.419e-05,2025-10-23 04:00:00.000
1761206400001,1.29e-05,2025-10-23 08:00:00.001
1761220800000,2.724e-05,2025-10-23 12:00:00.000
1761235200004,6.54e-06,2025-10-23 16:00:00.004
1761249600000,5e-05,2025-10-23 20:00:00.000
1761264000000,4.135e-05,2025-10-24 00:00:00.000
1761278400002,-4.85e-05,2025-10-24 04:00:00.002
1761292800000,5e-05,2025-10-24 08:00:00.000
1761307200002,5e-05,2025-10-24 12:00:00.002
1761321600009,3.772e-05,2025-10-24 16:00:00.009
1761336000000,5e-05,2025-10-24 20:00:00.000
1761350400000,5e-05,2025-10-25 00:00:00.000
1761364800000,5e-05,2025-10-25 04:00:00.000
1761379200001,5e-05,2025-10-25 08:00:00.001
1761393600000,5e-05,2025-10-25 12:00:00.000
1761408000001,4.493e-05,2025-10-25 16:00:00.001
1761422400002,5e-05,2025-10-25 20:00:00.002
1761436800001,4.133e-05,2025-10-26 00:00:00.001
1761451200000,4.917e-05,2025-10-26 04:00:00.000
1761465600001,5e-05,2025-10-26 08:00:00.001
1761480000002,5e-05,2025-10-26 12:00:00.002
1761494400000,5e-05,2025-10-26 16:00:00.000
1761508800000,5e-05,2025-10-26 20:00:00.000
1761523200000,5e-05,2025-10-27 00:00:00.000
1761537600000,2.354e-05,2025-10-27 04:00:00.000
1761552000005,8.2e-07,2025-10-27 08:00:00.005
1761566400003,3.474e-05,2025-10-27 12:00:00.003
1761580800000,3.257e-05,2025-10-27 16:00:00.000
1761595200001,8.78e-06,2025-10-27 20:00:00.001
1761609600000,5e-05,2025-10-28 00:00:00.000
1761624000004,4.6e-07,2025-10-28 04:00:00.004
1761638400000,3.137e-05,2025-10-28 08:00:00.000
1761652800000,7.96e-06,2025-10-28 12:00:00.000
1761667200004,3.548e-05,2025-10-28 16:00:00.004
1761681600004,-3.51e-06,2025-10-28 20:00:00.004
1761696000004,3.725e-05,2025-10-29 00:00:00.004
1761710400005,-3.066e-05,2025-10-29 04:00:00.005
1761724800005,-6.54e-05,2025-10-29 08:00:00.005
1761739200011,3.94e-06,2025-10-29 12:00:00.011
1761753600000,3.144e-05,2025-10-29 16:00:00.000
1761768000008,4.526e-05,2025-10-29 20:00:00.008
1761782400004,-1.953e-05,2025-10-30 00:00:00.004
1761796800001,-4.138e-05,2025-10-30 04:00:00.001
1761811200008,1.023e-05,2025-10-30 08:00:00.008
1761825600006,-1.223e-05,2025-10-30 12:00:00.006
1761840000001,-6.386e-05,2025-10-30 16:00:00.001
1761854400000,-6.237e-05,2025-10-30 20:00:00.000
1761868800000,-0.00011684,2025-10-31 00:00:00.000
1761883200000,-5.42e-05,2025-10-31 04:00:00.000
1761897600008,-7.59e-06,2025-10-31 08:00:00.008
1761912000008,-7.46e-06,2025-10-31 12:00:00.008
1761926400007,-9.27e-06,2025-10-31 16:00:00.007
1761940800001,1.926e-05,2025-10-31 20:00:00.001
1761955200001,-3.55e-06,2025-11-01 00:00:00.001
1761969600000,1.457e-05,2025-11-01 04:00:00.000
1761984000000,5e-05,2025-11-01 08:00:00.000
1761998400000,5e-05,2025-11-01 12:00:00.000
1762012800000,5e-05,2025-11-01 16:00:00.000
1762027200003,3.87e-06,2025-11-01 20:00:00.003
1762041600007,5e-05,2025-11-02 00:00:00.007
1762056000002,1.01e-06,2025-11-02 04:00:00.002
1762070400000,2.81e-06,2025-11-02 08:00:00.000
1762084800001,5e-05,2025-11-02 12:00:00.001
1762099200001,3.018e-05,2025-11-02 16:00:00.001
1762113600001,1.145e-05,2025-11-02 20:00:00.001
1762128000000,5e-05,2025-11-03 00:00:00.000
1762142400003,-1.747e-05,2025-11-03 04:00:00.003
1762156800010,-2.224e-05,2025-11-03 08:00:00.010
1762171200002,-5.207e-05,2025-11-03 12:00:00.002
1762185600000,-4.451e-05,2025-11-03 16:00:00.000
1762200000008,-3.387e-05,2025-11-03 20:00:00.008
1762214400002,1.157e-05,2025-11-04 00:00:00.002
1762228800000,-9.28e-06,2025-11-04 04:00:00.000
1762243200004,6.61e-06,2025-11-04 08:00:00.004
1762257600000,4.9e-07,2025-11-04 12:00:00.000
1762272000000,-1.51e-05,2025-11-04 16:00:00.000
1762286400001,-2.524e-05,2025-11-04 20:00:00.001
1762300800000,-3.3e-06,2025-11-05 00:00:00.000
1762315200005,1.387e-05,2025-11-05 04:00:00.005
1762329600000,-4.22e-06,2025-11-05 08:00:00.000
1762344000000,-2.23e-06,2025-11-05 12:00:00.000
1762358400004,-6.901e-05,2025-11-05 16:00:00.004
1762372800001,-4.311e-05,2025-11-05 20:00:00.001
1762387200001,-3.444e-05,2025-11-06 00:00:00.001
1762401600009,-4.125e-05,2025-11-06 04:00:00.009
1762416000000,8.36e-06,2025-11-06 08:00:00.000
1762430400001,-1.602e-05,2025-11-06 12:00:00.001
1762444800001,7.1e-06,2025-11-06 16:00:00.001
1762459200006,2.705e-05,2025-11-06 20:00:00.006
1762473600005,-4.998e-05,2025-11-07 00:00:00.005
1762488000000,-2.939e-05,2025-11-07 04:00:00.000
1762502400003,-4.844e-05,2025-11-07 08:00:00.003
1762516800005,-1.637e-05,2025-11-07 12:00:00.005
1762531200005,-1.659e-05,2025-11-07 16:00:00.005
1762545600000,2.135e-05,2025-11-07 20:00:00.000
1762560000011,5e-05,2025-11-08 00:00:00.011
1762574400001,-0.00031957,2025-11-08 04:00:00.001
1762588800015,3.22e-05,2025-11-08 08:00:00.015
1762603200000,-5.97e-05,2025-11-08 12:00:00.000
1762617600001,9.28e-06,2025-11-08 16:00:00.001
1762632000006,-2.004e-05,2025-11-08 20:00:00.006
1762646400004,5.5e-07,2025-11-09 00:00:00.004
1762660800000,5e-05,2025-11-09 04:00:00.000
1762675200000,3.875e-05,2025-11-09 08:00:00.000
1762689600000,4.102e-05,2025-11-09 12:00:00.000
1762704000005,3.99e-05,2025-11-09 16:00:00.005
1762718400010,5e-05,2025-11-09 20:00:00.010
1762732800000,5e-05,2025-11-10 00:00:00.000
1762747200005,3.87e-05,2025-11-10 04:00:00.005
1762761600000,5e-05,2025-11-10 08:00:00.000
1762776000003,5e-05,2025-11-10 12:00:00.003
1762790400003,5e-05,2025-11-10 16:00:00.003
1762804800000,5e-05,2025-11-10 20:00:00.000
1762819200007,5e-05,2025-11-11 00:00:00.007
1762833600003,5e-05,2025-11-11 04:00:00.003
1762848000000,2.781e-05,2025-11-11 08:00:00.000
1762862400002,3.264e-05,2025-11-11 12:00:00.002
1762876800009,5e-05,2025-11-11 16:00:00.009
1762891200000,1.559e-05,2025-11-11 20:00:00.000
1762905600000,2.274e-05,2025-11-12 00:00:00.000
1762920000000,4.124e-05,2025-11-12 04:00:00.000
1762934400002,8.06e-06,2025-11-12 08:00:00.002
1762948800000,-7e-08,2025-11-12 12:00:00.000
1762963200000,2.014e-05,2025-11-12 16:00:00.000
1762977600001,3.315e-05,2025-11-12 20:00:00.001
1762992000002,-2.87e-06,2025-11-13 00:00:00.002
1763006400000,2.44e-06,2025-11-13 04:00:00.000
1763020800000,-7.18e-06,2025-11-13 08:00:00.000
1763035200001,5e-05,2025-11-13 12:00:00.001
1763049600001,1.736e-05,2025-11-13 16:00:00.001
1763064000004,-1.08e-06,2025-11-13 20:00:00.004
1763078400000,3.509e-05,2025-11-14 00:00:00.000
1763092800000,1.601e-05,2025-11-14 04:00:00.000
1763107200000,9.93e-06,2025-11-14 08:00:00.000
1763121600001,5e-05,2025-11-14 12:00:00.001
1763136000001,-1.631e-05,2025-11-14 16:00:00.001
1763150400000,2.001e-05,2025-11-14 20:00:00.000
1763164800005,4.574e-05,2025-11-15 00:00:00.005
1763179200015,3.792e-05,2025-11-15 04:00:00.015
1763193600000,-2.751e-05,2025-11-15 08:00:00.000
1763208000008,-3.596e-05,2025-11-15 12:00:00.008
1763222400001,-4.631e-05,2025-11-15 16:00:00.001
1763236800003,1.029e-05,2025-11-15 20:00:00.003
1763251200001,2.498e-05,2025-11-16 00:00:00.001
1763265600003,4.991e-05,2025-11-16 04:00:00.003
1763280000000,8.22e-06,2025-11-16 08:00:00.000
1763294400003,2.106e-05,2025-11-16 12:00:00.003
1763308800000,-9.5e-07,2025-11-16 16:00:00.000
1763323200000,6.66e-06,2025-11-16 20:00:00.000
1763337600003,-1.06e-06,2025-11-17 00:00:00.003
1763352000001,4.939e-05,2025-11-17 04:00:00.001
1763366400003,4.339e-05,2025-11-17 08:00:00.003
1763380800000,-2.761e-05,2025-11-17 12:00:00.000
1763395200000,3.614e-05,2025-11-17 16:00:00.000
1763409600003,1.187e-05,2025-11-17 20:00:00.003
1763424000002,1.773e-05,2025-11-18 00:00:00.002
1763438400000,5e-05,2025-11-18 04:00:00.000
1763452800004,5e-05,2025-11-18 08:00:00.004
1763467200000,7.06e-06,2025-11-18 12:00:00.000
1763481600000,-4.8e-07,2025-11-18 16:00:00.000
1763496000002,3.371e-05,2025-11-18 20:00:00.002
1763510400000,3.808e-05,2025-11-19 00:00:00.000
1763524800000,5e-05,2025-11-19 04:00:00.000
1763539200000,3.849e-05,2025-11-19 08:00:00.000
1763553600000,5e-05,2025-11-19 12:00:00.000
1763568000008,4.73e-05,2025-11-19 16:00:00.008
1763582400000,-1.769e-05,2025-11-19 20:00:00.000
1763596800000,1.649e-05,2025-11-20 00:00:00.000
1763611200006,-6.73e-06,2025-11-20 04:00:00.006
1763625600000,5e-05,2025-11-20 08:00:00.000
1763640000003,5e-05,2025-11-20 12:00:00.003
1763654400000,5e-05,2025-11-20 16:00:00.000
1763668800002,-1.542e-05,2025-11-20 20:00:00.002
1763683200001,1.66e-06,2025-11-21 00:00:00.001
1763697600000,2.924e-05,2025-11-21 04:00:00.000
1763712000000,1.342e-05,2025-11-21 08:00:00.000
1763726400001,-0.00010087,2025-11-21 12:00:00.001
1763740800001,9.06e-06,2025-11-21 16:00:00.001
1763755200000,3.369e-05,2025-11-21 20:00:00.000
1763769600004,1.235e-05,2025-11-22 00:00:00.004
1763784000000,5.4e-07,2025-11-22 04:00:00.000
1763798400000,3.773e-05,2025-11-22 08:00:00.000
1763812800000,-3.395e-05,2025-11-22 12:00:00.000
1763827200000,2.639e-05,2025-11-22 16:00:00.000
1763841600001,3.45e-05,2025-11-22 20:00:00.001
1763856000000,-2.31e-05,2025-11-23 00:00:00.000
1763870400000,-4.021e-05,2025-11-23 04:00:00.000
1763884800008,-5.917e-05,2025-11-23 08:00:00.008
1763899200000,8.76e-06,2025-11-23 12:00:00.000
1763913600003,1.957e-05,2025-11-23 16:00:00.003
1763928000003,-1.96e-06,2025-11-23 20:00:00.003
1763942400004,2.168e-05,2025-11-24 00:00:00.004
1763956800000,3.027e-05,2025-11-24 04:00:00.000
1763971200000,5.35e-06,2025-11-24 08:00:00.000
1763985600000,4.009e-05,2025-11-24 12:00:00.000
1764000000006,-1.698e-05,2025-11-24 16:00:00.006
1764014400003,5e-05,2025-11-24 20:00:00.003
1764028800000,4.646e-05,2025-11-25 00:00:00.000
1764043200000,4.895e-05,2025-11-25 04:00:00.000
1764057600009,2.576e-05,2025-11-25 08:00:00.009
1764072000002,-1.636e-05,2025-11-25 12:00:00.002
1764086400007,2.252e-05,2025-11-25 16:00:00.007
1764100800009,5e-05,2025-11-25 20:00:00.009
1764115200001,5e-05,2025-11-26 00:00:00.001
1764129600006,1.503e-05,2025-11-26 04:00:00.006
1764144000001,5e-05,2025-11-26 08:00:00.001
1764158400001,3.191e-05,2025-11-26 12:00:00.001
1764172800000,5e-05,2025-11-26 16:00:00.000
1764187200001,5e-05,2025-11-26 20:00:00.001
1764201600013,3.231e-05,2025-11-27 00:00:00.013
1764216000007,4.015e-05,2025-11-27 04:00:00.007
1764230400000,4.44e-06,2025-11-27 08:00:00.000
1764244800002,2.521e-05,2025-11-27 12:00:00.002
1764259200004,2.91e-05,2025-11-27 16:00:00.004
1764273600004,7.16e-06,2025-11-27 20:00:00.004
1764288000008,1.016e-05,2025-11-28 00:00:00.008
1764302400000,5e-05,2025-11-28 04:00:00.000
1764316800000,5e-05,2025-11-28 08:00:00.000
1764331200004,1.569e-05,2025-11-28 12:00:00.004
1764345600008,5e-05,2025-11-28 16:00:00.008
1764360000010,1.774e-05,2025-11-28 20:00:00.010
1764374400000,7e-06,2025-11-29 00:00:00.000
1764388800002,1.144e-05,2025-11-29 04:00:00.002
1764403200005,1.52e-05,2025-11-29 08:00:00.005
1764417600003,5e-05,2025-11-29 12:00:00.003
1764432000001,2.589e-05,2025-11-29 16:00:00.001
1764446400000,2.43e-06,2025-11-29 20:00:00.000
1764460800003,-2.042e-05,2025-11-30 00:00:00.003
1764475200004,1.15e-05,2025-11-30 04:00:00.004
1764489600000,5e-05,2025-11-30 08:00:00.000
1764504000000,4.115e-05,2025-11-30 12:00:00.000
1764518400004,2.073e-05,2025-11-30 16:00:00.004
1764532800006,5e-05,2025-11-30 20:00:00.006
1764547200000,2.986e-05,2025-12-01 00:00:00.000
1764561600000,-7.068e-05,2025-12-01 04:00:00.000
1764576000004,-5.761e-05,2025-12-01 08:00:00.004
1764590400000,-1.259e-05,2025-12-01 12:00:00.000
1764604800000,-3.451e-05,2025-12-01 16:00:00.000
1764619200000,-3.744e-05,2025-12-01 20:00:00.000
1764633600004,-4.266e-05,2025-12-02 00:00:00.004
1764648000000,2.179e-05,2025-12-02 04:00:00.000
1764662400000,-3.632e-05,2025-12-02 08:00:00.000
1764676800004,4.534e-05,2025-12-02 12:00:00.004
1764691200000,3.548e-05,2025-12-02 16:00:00.000
1764705600000,5e-05,2025-12-02 20:00:00.000
1764720000000,5e-05,2025-12-03 00:00:00.000
1764734400004,3.758e-05,2025-12-03 04:00:00.004
1764748800000,3.508e-05,2025-12-03 08:00:00.000
1764763200001,3.098e-05,2025-12-03 12:00:00.001
1764777600005,5e-05,2025-12-03 16:00:00.005
1764792000002,5e-05,2025-12-03 20:00:00.002
1764806400012,4.198e-05,2025-12-04 00:00:00.012
1764820800000,5e-05,2025-12-04 04:00:00.000
1764835200000,5e-05,2025-12-04 08:00:00.000
1764849600005,5e-05,2025-12-04 12:00:00.005
1764864000011,5e-05,2025-12-04 16:00:00.011
1764878400000,3.406e-05,2025-12-04 20:00:00.000
1764892800000,5e-05,2025-12-05 00:00:00.000
1764907200000,3.224e-05,2025-12-05 04:00:00.000
1764921600000,5e-05,2025-12-05 08:00:00.000
1764936000001,-9.1e-07,2025-12-05 12:00:00.001
1764950400010,2.54e-05,2025-12-05 16:00:00.010
1764964800001,5.3e-06,2025-12-05 20:00:00.001
1764979200001,4.812e-05,2025-12-06 00:00:00.001
1764993600000,5e-05,2025-12-06 04:00:00.000
1765008000001,2.129e-05,2025-12-06 08:00:00.001
1765022400000,-1.773e-05,2025-12-06 12:00:00.000
1765036800008,1.819e-05,2025-12-06 16:00:00.008
1765051200000,2.72e-05,2025-12-06 20:00:00.000
1765065600000,8.74e-06,2025-12-07 00:00:00.000
1765080000000,5e-05,2025-12-07 04:00:00.000
1765094400004,3.682e-05,2025-12-07 08:00:00.004
1765108800004,3.663e-05,2025-12-07 12:00:00.004
1765123200000,1.651e-05,2025-12-07 16:00:00.000
1765137600000,1.653e-05,2025-12-07 20:00:00.000
1765152000000,3.229e-05,2025-12-08 00:00:00.000
1765166400000,7.13e-06,2025-12-08 04:00:00.000
1765180800000,2.805e-05,2025-12-08 08:00:00.000
1765195200001,5e-05,2025-12-08 12:00:00.001
1765209600001,4.229e-05,2025-12-08 16:00:00.001
1765224000000,5e-05,2025-12-08 20:00:00.000
1765238400001,4.941e-05,2025-12-09 00:00:00.001
1765252800004,4.917e-05,2025-12-09 04:00:00.004
1765267200001,2.292e-05,2025-12-09 08:00:00.001
1765281600000,-3.29e-06,2025-12-09 12:00:00.000
1765296000007,3.559e-05,2025-12-09 16:00:00.007
1765310400001,5e-05,2025-12-09 20:00:00.001
1765324800007,3.28e-05,2025-12-10 00:00:00.007
1765339200012,4.746e-05,2025-12-10 04:00:00.012
1765353600002,2.309e-05,2025-12-10 08:00:00.002
1765368000000,4.575e-05,2025-12-10 12:00:00.000
1765382400012,-5.105e-05,2025-12-10 16:00:00.012
1765396800000,1.24e-06,2025-12-10 20:00:00.000
1765411200001,-1.014e-05,2025-12-11 00:00:00.001
1765425600000,-8.011e-05,2025-12-11 04:00:00.000
1765440000000,-0.00011005,2025-12-11 08:00:00.000
1765454400000,-7.85e-06,2025-12-11 12:00:00.000
1765468800000,3.744e-05,2025-12-11 16:00:00.000
1765483200001,2.497e-05,2025-12-11 20:00:00.001
1765497600005,5e-05,2025-12-12 00:00:00.005
1765512000000,5e-05,2025-12-12 04:00:00.000
1765526400007,5e-05,2025-12-12 08:00:00.007
1765540800000,7.2e-07,2025-12-12 12:00:00.000
1765555200002,5.9e-06,2025-12-12 16:00:00.002
1765569600004,1.871e-05,2025-12-12 20:00:00.004
1765584000001,2.802e-05,2025-12-13 00:00:00.001
1765598400006,2.538e-05,2025-12-13 04:00:00.006
1765612800006,4.27e-06,2025-12-13 08:00:00.006
1765627200002,3.823e-05,2025-12-13 12:00:00.002
1765641600000,2.182e-05,2025-12-13 16:00:00.000
1765656000000,4.019e-05,2025-12-13 20:00:00.000
1765670400000,3.826e-05,2025-12-14 00:00:00.000
1765684800001,1.88e-05,2025-12-14 04:00:00.001
1765699200003,2.611e-05,2025-12-14 08:00:00.003
1765713600000,8.61e-06,2025-12-14 12:00:00.000
1765728000005,2.769e-05,2025-12-14 16:00:00.005
1765742400000,-2.263e-05,2025-12-14 20:00:00.000
1765756800000,2.939e-05,2025-12-15 00:00:00.000
1765771200001,6.49e-06,2025-12-15 04:00:00.001
1765785600000,3.7e-05,2025-12-15 08:00:00.000
1765800000000,3.407e-05,2025-12-15 12:00:00.000
1765814400000,6.75e-06,2025-12-15 16:00:00.000
1765828800000,-1.296e-05,2025-12-15 20:00:00.000
1765843200002,-3.044e-05,2025-12-16 00:00:00.002
1765857600000,-3.845e-05,2025-12-16 04:00:00.000
1765872000000,1.972e-05,2025-12-16 08:00:00.000
1765886400008,5e-05,2025-12-16 12:00:00.008
1765900800002,-6.48e-06,2025-12-16 16:00:00.002
1765915200000,5e-05,2025-12-16 20:00:00.000
1765929600004,5e-05,2025-12-17 00:00:00.004
1765944000002,4.882e-05,2025-12-17 04:00:00.002
1765958400000,4.983e-05,2025-12-17 08:00:00.000
1765972800000,-1.537e-05,2025-12-17 12:00:00.000
1765987200000,-1.235e-05,2025-12-17 16:00:00.000
1766001600001,-5.824e-05,2025-12-17 20:00:00.001
1766016000005,-6.177e-05,2025-12-18 00:00:00.005
1766030400000,-8.412e-05,2025-12-18 04:00:00.000
1766044800007,6.53e-06,2025-12-18 08:00:00.007
1766059200000,2.816e-05,2025-12-18 12:00:00.000
1766073600001,-1.697e-05,2025-12-18 16:00:00.001
1766088000000,-3.659e-05,2025-12-18 20:00:00.000
1766102400000,-2.226e-05,2025-12-19 00:00:00.000
1766116800000,-1.481e-05,2025-12-19 04:00:00.000
1766131200001,5e-05,2025-12-19 08:00:00.001
1766145600000,5e-05,2025-12-19 12:00:00.000
1766160000000,5e-05,2025-12-19 16:00:00.000
1766174400000,5e-05,2025-12-19 20:00:00.000
1766188800005,2.552e-05,2025-12-20 00:00:00.005
1766203200001,-8.06e-06,2025-12-20 04:00:00.001
1766217600000,1.412e-05,2025-12-20 08:00:00.000
1766232000000,-1.843e-05,2025-12-20 12:00:00.000
1766246400002,5e-05,2025-12-20 16:00:00.002
1766260800009,-1.063e-05,2025-12-20 20:00:00.009
1766275200000,-7.74e-06,2025-12-21 00:00:00.000
1766289600003,4.142e-05,2025-12-21 04:00:00.003
1766304000009,3.913e-05,2025-12-21 08:00:00.009
1766318400000,-1.056e-05,2025-12-21 12:00:00.000
1766332800000,-3.5e-06,2025-12-21 16:00:00.000
1766347200009,-5.506e-05,2025-12-21 20:00:00.009
1766361600000,1.897e-05,2025-12-22 00:00:00.000
1766376000000,1.589e-05,2025-12-22 04:00:00.000
1766390400005,4.927e-05,2025-12-22 08:00:00.005
1766404800002,5e-05,2025-12-22 12:00:00.002
1766419200009,5e-05,2025-12-22 16:00:00.009
1766433600001,-4.863e-05,2025-12-22 20:00:00.001
1766448000000,7.17e-06,2025-12-23 00:00:00.000
1766462400000,-4.233e-05,2025-12-23 04:00:00.000
1766476800000,6.2e-07,2025-12-23 08:00:00.000
1766491200000,5e-05,2025-12-23 12:00:00.000
1766505600001,3.232e-05,2025-12-23 16:00:00.001
1766520000005,5e-05,2025-12-23 20:00:00.005
1766534400001,1.073e-05,2025-12-24 00:00:00.001
1766548800000,2.363e-05,2025-12-24 04:00:00.000
1766563200001,4.645e-05,2025-12-24 08:00:00.001
1766577600002,3.44e-05,2025-12-24 12:00:00.002
1766592000000,4.957e-05,2025-12-24 16:00:00.000
1766606400003,5e-05,2025-12-24 20:00:00.003
1766620800000,2.95e-05,2025-12-25 00:00:00.000
1766635200000,3.357e-05,2025-12-25 04:00:00.000
1766649600001,-4.125e-05,2025-12-25 08:00:00.001
1766664000008,2.699e-05,2025-12-25 12:00:00.008
1766678400005,1.527e-05,2025-12-25 16:00:00.005
1766692800001,2.463e-05,2025-12-25 20:00:00.001
1766707200004,-8e-07,2025-12-26 00:00:00.004
1766721600005,8.47e-06,2025-12-26 04:00:00.005
1766736000001,-4.058e-05,2025-12-26 08:00:00.001
1766750400000,5e-05,2025-12-26 12:00:00.000
1766764800007,4.222e-05,2025-12-26 16:00:00.007
1766779200000,3.015e-05,2025-12-26 20:00:00.000
1766793600000,5e-05,2025-12-27 00:00:00.000
1766808000000,1.396e-05,2025-12-27 04:00:00.000
1766822400000,1.2e-05,2025-12-27 08:00:00.000
1766836800000,5e-05,2025-12-27 12:00:00.000
1766851200011,5e-05,2025-12-27 16:00:00.011
1766865600003,5e-05,2025-12-27 20:00:00.003
1766880000008,5e-05,2025-12-28 00:00:00.008
1766894400000,5e-05,2025-12-28 04:00:00.000
1766908800000,5e-05,2025-12-28 08:00:00.000
1766923200010,5e-05,2025-12-28 12:00:00.010
1766937600000,5e-05,2025-12-28 16:00:00.000
1766952000002,3.395e-05,2025-12-28 20:00:00.002
1766966400016,5e-05,2025-12-29 00:00:00.016
1766980800000,5e-05,2025-12-29 04:00:00.000
1766995200001,5e-05,2025-12-29 08:00:00.001
1767009600001,4.998e-05,2025-12-29 12:00:00.001
1767024000000,2.821e-05,2025-12-29 16:00:00.000
1767038400000,3.674e-05,2025-12-29 20:00:00.000
1767052800005,-2.97e-06,2025-12-30 00:00:00.005
1767067200012,5e-05,2025-12-30 04:00:00.012
1767081600001,-3.48e-06,2025-12-30 08:00:00.001
1767096000000,7.65e-06,2025-12-30 12:00:00.000
1767110400003,5e-05,2025-12-30 16:00:00.003
1767124800001,5e-05,2025-12-30 20:00:00.001
1767139200004,3.947e-05,2025-12-31 00:00:00.004
1767153600008,1.366e-05,2025-12-31 04:00:00.008
1767168000001,-1.504e-05,2025-12-31 08:00:00.001
1767182400007,8.53e-06,2025-12-31 12:00:00.007
1767196800001,5e-05,2025-12-31 16:00:00.001
1767211200009,2.817e-05,2025-12-31 20:00:00.009
1767225600008,-2.094e-05,2026-01-01 00:00:00.008
1767240000000,5e-05,2026-01-01 04:00:00.000
1767254400002,5e-05,2026-01-01 08:00:00.002
1767268800007,5e-05,2026-01-01 12:00:00.007
1767283200001,5e-05,2026-01-01 16:00:00.001
1767297600005,5e-05,2026-01-01 20:00:00.005
1767312000006,5e-05,2026-01-02 00:00:00.006
1767326400000,5e-05,2026-01-02 04:00:00.000
1767340800007,5e-05,2026-01-02 08:00:00.007
1767355200000,5e-05,2026-01-02 12:00:00.000
1767369600000,5e-05,2026-01-02 16:00:00.000
1767384000000,5e-05,2026-01-02 20:00:00.000
1767398400001,5e-05,2026-01-03 00:00:00.001
1767412800000,5e-05,2026-01-03 04:00:00.000
1767427200000,-7.59e-06,2026-01-03 08:00:00.000
1767441600008,5e-05,2026-01-03 12:00:00.008
1767456000000,5e-05,2026-01-03 16:00:00.000
1767470400001,1.495e-05,2026-01-03 20:00:00.001
1767484800000,5e-05,2026-01-04 00:00:00.000
1767499200000,5e-05,2026-01-04 04:00:00.000
1767513600000,5e-05,2026-01-04 08:00:00.000
1767528000001,5e-05,2026-01-04 12:00:00.001
1767542400001,5e-05,2026-01-04 16:00:00.001
1767556800002,5e-05,2026-01-04 20:00:00.002
1767571200000,5e-05,2026-01-05 00:00:00.000
1767585600001,-1.378e-05,2026-01-05 04:00:00.001
1767600000000,5e-05,2026-01-05 08:00:00.000
1767614400000,5e-05,2026-01-05 12:00:00.000
1767628800000,5e-05,2026-01-05 16:00:00.000
1767643200000,5e-05,2026-01-05 20:00:00.000
1767657600010,5e-05,2026-01-06 00:00:00.010
1767672000000,5e-05,2026-01-06 04:00:00.000
1767686400000,4.569e-05,2026-01-06 08:00:00.000
1767700800000,2.131e-05,2026-01-06 12:00:00.000
1767715200000,5e-05,2026-01-06 16:00:00.000
1767729600002,4.218e-05,2026-01-06 20:00:00.002
1767744000001,5e-05,2026-01-07 00:00:00.001
1767758400003,3.642e-05,2026-01-07 04:00:00.003
1767772800001,5e-05,2026-01-07 08:00:00.001
1767787200000,5e-05,2026-01-07 12:00:00.000
1767801600001,3.728e-05,2026-01-07 16:00:00.001
1767816000001,4.143e-05,2026-01-07 20:00:00.001
1767830400001,5e-05,2026-01-08 00:00:00.001
1767844800000,4.046e-05,2026-01-08 04:00:00.000
1767859200000,5e-05,2026-01-08 08:00:00.000
1767873600002,-6.52e-06,2026-01-08 12:00:00.002
1767888000000,3.499e-05,2026-01-08 16:00:00.000
1767902400000,-8.6e-06,2026-01-08 20:00:00.000
1767916800003,-3.273e-05,2026-01-09 00:00:00.003
1767931200000,1.687e-05,2026-01-09 04:00:00.000
1767945600000,1.53e-05,2026-01-09 08:00:00.000
1767960000000,1.675e-05,2026-01-09 12:00:00.000
1767974400001,2.472e-05,2026-01-09 16:00:00.001
1767988800005,-1.44e-06,2026-01-09 20:00:00.005
1768003200000,3.508e-05,2026-01-10 00:00:00.000
1768017600000,-6.32e-06,2026-01-10 04:00:00.000
1768032000002,1.64e-05,2026-01-10 08:00:00.002
1768046400000,5e-05,2026-01-10 12:00:00.000
1768060800001,5e-05,2026-01-10 16:00:00.001
1768075200014,5e-05,2026-01-10 20:00:00.014
1768089600003,-2.847e-05,2026-01-11 00:00:00.003
1768104000000,1.12e-05,2026-01-11 04:00:00.000
1768118400006,1.092e-05,2026-01-11 08:00:00.006
1768132800000,1.357e-05,2026-01-11 12:00:00.000
1768147200000,3.69e-05,2026-01-11 16:00:00.000
1768161600002,4.56e-06,2026-01-11 20:00:00.002
1768176000005,-1.523e-05,2026-01-12 00:00:00.005
1768190400008,1.934e-05,2026-01-12 04:00:00.008
1768204800000,1.528e-05,2026-01-12 08:00:00.000
1768219200000,5e-05,2026-01-12 12:00:00.000
1768233600000,-2.086e-05,2026-01-12 16:00:00.000
1768248000000,-1.275e-05,2026-01-12 20:00:00.000
1768262400007,-2.24e-06,2026-01-13 00:00:00.007
1768276800000,7.7e-06,2026-01-13 04:00:00.000
1768291200009,2.907e-05,2026-01-13 08:00:00.009
1768305600000,5e-05,2026-01-13 12:00:00.000
1768320000002,5e-05,2026-01-13 16:00:00.002
1768334400003,5e-05,2026-01-13 20:00:00.003
1768348800000,5e-05,2026-01-14 00:00:00.000
1768363200001,5e-05,2026-01-14 04:00:00.001
1768377600001,5e-05,2026-01-14 08:00:00.001
1768392000000,5e-05,2026-01-14 12:00:00.000
1768406400004,5e-05,2026-01-14 16:00:00.004
1768420800007,2.916e-05,2026-01-14 20:00:00.007
1768435200000,1.059e-05,2026-01-15 00:00:00.000
1768449600008,5e-05,2026-01-15 04:00:00.008
1768464000004,3.575e-05,2026-01-15 08:00:00.004
1768478400000,5e-05,2026-01-15 12:00:00.000
1768492800002,3.177e-05,2026-01-15 16:00:00.002
1768507200000,4.878e-05,2026-01-15 20:00:00.000
1768521600000,-2.74e-06,2026-01-16 00:00:00.000
1768536000000,3.777e-05,2026-01-16 04:00:00.000
1768550400000,4.015e-05,2026-01-16 08:00:00.000
1768564800001,2.529e-05,2026-01-16 12:00:00.001
1768579200001,2.02e-06,2026-01-16 16:00:00.001
1768593600003,-3.514e-05,2026-01-16 20:00:00.003
1768608000000,1.993e-05,2026-01-17 00:00:00.000
1768622400000,5e-05,2026-01-17 04:00:00.000
1768636800000,5e-05,2026-01-17 08:00:00.000
1768651200000,5e-05,2026-01-17 12:00:00.000
1768665600002,4.193e-05,2026-01-17 16:00:00.002
1768680000002,5e-05,2026-01-17 20:00:00.002
1768694400001,5e-05,2026-01-18 00:00:00.001
1768708800002,1.325e-05,2026-01-18 04:00:00.002
1768723200000,1.04e-05,2026-01-18 08:00:00.000
1768737600000,3.46e-06,2026-01-18 12:00:00.000
1768752000000,3.393e-05,2026-01-18 16:00:00.000
1768766400011,3.692e-05,2026-01-18 20:00:00.011
1768780800007,2.511e-05,2026-01-19 00:00:00.007
1768795200002,-5.27e-06,2026-01-19 04:00:00.002
1768809600007,2.805e-05,2026-01-19 08:00:00.007
1768824000000,-3.128e-05,2026-01-19 12:00:00.000
1768838400007,6.81e-06,2026-01-19 16:00:00.007
1768852800000,1.563e-05,2026-01-19 20:00:00.000
1768867200005,3.84e-06,2026-01-20 00:00:00.005
1768881600008,5e-05,2026-01-20 04:00:00.008
1768896000001,1.637e-05,2026-01-20 08:00:00.001
1768910400007,1e-06,2026-01-20 12:00:00.007
1768924800009,-1.463e-05,2026-01-20 16:00:00.009
1768939200002,9.18e-06,2026-01-20 20:00:00.002
1768953600001,2.802e-05,2026-01-21 00:00:00.001
1768968000009,-3.146e-05,2026-01-21 04:00:00.009
1768982400011,-7.8e-06,2026-01-21 08:00:00.011
1768996800000,-3.808e-05,2026-01-21 12:00:00.000
1769011200011,9.06e-06,2026-01-21 16:00:00.011
1769025600000,4.683e-05,2026-01-21 20:00:00.000
1769040000010,2.275e-05,2026-01-22 00:00:00.010
1769054400011,-2.455e-05,2026-01-22 04:00:00.011
1769068800003,-3.174e-05,2026-01-22 08:00:00.003
1769083200000,-9.37e-06,2026-01-22 12:00:00.000
1769097600005,2.875e-05,2026-01-22 16:00:00.005
1769112000000,3.26e-06,2026-01-22 20:00:00.000
1769126400005,-3.02e-06,2026-01-23 00:00:00.005
1769140800000,1.239e-05,2026-01-23 04:00:00.000
1769155200000,1.673e-05,2026-01-23 08:00:00.000
1769169600002,3.82e-05,2026-01-23 12:00:00.002
1769184000011,4.383e-05,2026-01-23 16:00:00.011
1769198400000,7.01e-06,2026-01-23 20:00:00.000
1769212800011,3.826e-05,2026-01-24 00:00:00.011
1769227200008,5e-05,2026-01-24 04:00:00.008
1769241600002,-2.83e-05,2026-01-24 08:00:00.002
1769256000000,4.606e-05,2026-01-24 12:00:00.000
1769270400001,-1.595e-05,2026-01-24 16:00:00.001
1769284800008,-1.559e-05,2026-01-24 20:00:00.008
1769299200002,2.2e-06,2026-01-25 00:00:00.002
1769313600000,-6.7e-07,2026-01-25 04:00:00.000
1769328000011,1.83e-06,2026-01-25 08:00:00.011
1769342400000,8.2e-07,2026-01-25 12:00:00.000
1769356800005,-3.29e-06,2026-01-25 16:00:00.005
1769371200001,-6.16e-06,2026-01-25 20:00:00.001
1769385600000,6.04e-06,2026-01-26 00:00:00.000
1769400000000,-0.00011746,2026-01-26 04:00:00.000
1769414400003,3.017e-05,2026-01-26 08:00:00.003
1769428800000,-5.201e-05,2026-01-26 12:00:00.000
1769443200000,-3.149e-05,2026-01-26 16:00:00.000
1769457600000,-7.01e-05,2026-01-26 20:00:00.000
1769472000002,3.73e-06,2026-01-27 00:00:00.002
1769486400002,-4.154e-05,2026-01-27 04:00:00.002
1769500800000,-5.986e-05,2026-01-27 08:00:00.000
1769515200006,3.436e-05,2026-01-27 12:00:00.006
1769529600000,5e-05,2026-01-27 16:00:00.000
1769544000000,4.191e-05,2026-01-27 20:00:00.000
1769558400000,-2.768e-05,2026-01-28 00:00:00.000
1769572800008,5e-05,2026-01-28 04:00:00.008
1769587200000,2.445e-05,2026-01-28 08:00:00.000
1769601600005,5e-05,2026-01-28 12:00:00.005
1769616000000,-3.124e-05,2026-01-28 16:00:00.000
1769630400004,3.117e-05,2026-01-28 20:00:00.004
1769644800000,-1.002e-05,2026-01-29 00:00:00.000
1769659200000,4.929e-05,2026-01-29 04:00:00.000
1769673600009,4.572e-05,2026-01-29 08:00:00.009
1769688000000,5e-05,2026-01-29 12:00:00.000
1769702400000,1.434e-05,2026-01-29 16:00:00.000
1769716800004,2.665e-05,2026-01-29 20:00:00.004
1769731200008,-1.429e-05,2026-01-30 00:00:00.008
1769745600005,-1.989e-05,2026-01-30 04:00:00.005
1769760000000,-3.585e-05,2026-01-30 08:00:00.000
1769774400005,-5.945e-05,2026-01-30 12:00:00.005
1769788800001,-3.176e-05,2026-01-30 16:00:00.001
1769803200004,1.339e-05,2026-01-30 20:00:00.004
1769817600000,2.702e-05,2026-01-31 00:00:00.000
1769832000002,-0.00012773,2026-01-31 04:00:00.002
1769846400001,-2.688e-05,2026-01-31 08:00:00.001
1769860800010,-4.633e-05,2026-01-31 12:00:00.010
1769875200009,-9.724e-05,2026-01-31 16:00:00.009
1769889600012,-2.475e-05,2026-01-31 20:00:00.012
1769904000001,-7.398e-05,2026-02-01 00:00:00.001
1769918400000,-2.77e-05,2026-02-01 04:00:00.000
1769932800004,3.405e-05,2026-02-01 08:00:00.004
1769947200004,-3.996e-05,2026-02-01 12:00:00.004
1769961600000,-1.94e-06,2026-02-01 16:00:00.000
1769976000004,1.49e-05,2026-02-01 20:00:00.004
1769990400000,-4.55e-06,2026-02-02 00:00:00.000
1770004800000,8.37e-06,2026-02-02 04:00:00.000
1770019200014,5e-05,2026-02-02 08:00:00.014
1770033600009,-8.8e-07,2026-02-02 12:00:00.009
1770048000000,-3.816e-05,2026-02-02 16:00:00.000
1770062400000,9.48e-06,2026-02-02 20:00:00.000
1770076800000,-1.277e-05,2026-02-03 00:00:00.000
1770091200001,4.652e-05,2026-02-03 04:00:00.001
1770105600007,1.186e-05,2026-02-03 08:00:00.007
1770120000006,5e-05,2026-02-03 12:00:00.006
1770134400000,1.034e-05,2026-02-03 16:00:00.000
1770148800009,2.21e-05,2026-02-03 20:00:00.009
1770163200002,1.629e-05,2026-02-04 00:00:00.002
1770177600004,-4.405e-05,2026-02-04 04:00:00.004
1770192000007,4.014e-05,2026-02-04 08:00:00.007
1770206400010,5e-05,2026-02-04 12:00:00.010
1770220800000,5e-05,2026-02-04 16:00:00.000
1770235200001,5.1e-06,2026-02-04 20:00:00.001
1770249600011,5e-05,2026-02-05 00:00:00.011
1770264000001,3.486e-05,2026-02-05 04:00:00.001
1770278400000,1.26e-06,2026-02-05 08:00:00.000
1770292800006,-3.577e-05,2026-02-05 12:00:00.006
1770307200007,-4.694e-05,2026-02-05 16:00:00.007
1770321600000,-5.926e-05,2026-02-05 20:00:00.000
1770336000000,-0.00010475,2026-02-06 00:00:00.000
1770350400001,-7.148e-05,2026-02-06 04:00:00.001
1770364800001,-1.859e-05,2026-02-06 08:00:00.001
1770379200003,-4.009e-05,2026-02-06 12:00:00.003
1770393600000,-8.632e-05,2026-02-06 16:00:00.000
1770408000005,-2.069e-05,2026-02-06 20:00:00.005
1770422400003,-1.666e-05,2026-02-07 00:00:00.003
1770436800024,-4.337e-05,2026-02-07 04:00:00.024
1770451200000,-4.495e-05,2026-02-07 08:00:00.000
1770465600007,4.732e-05,2026-02-07 12:00:00.007
1770480000010,3.18e-05,2026-02-07 16:00:00.010
1770494400000,-7.858e-05,2026-02-07 20:00:00.000
1770508800003,2.332e-05,2026-02-08 00:00:00.003
1770523200002,5e-05,2026-02-08 04:00:00.002
1770537600000,5e-05,2026-02-08 08:00:00.000
1770552000005,-1.66e-06,2026-02-08 12:00:00.005
1770566400000,-2.684e-05,2026-02-08 16:00:00.000
1770580800000,3.902e-05,2026-02-08 20:00:00.000
1770595200002,9.02e-06,2026-02-09 00:00:00.002
1770609600012,4.904e-05,2026-02-09 04:00:00.012
1770624000001,5e-05,2026-02-09 08:00:00.001
1770638400003,3.798e-05,2026-02-09 12:00:00.003
1770652800007,5e-05,2026-02-09 16:00:00.007
1770667200006,-7.91e-06,2026-02-09 20:00:00.006
1770681600000,-4.253e-05,2026-02-10 00:00:00.000
1770696000000,-1.4e-06,2026-02-10 04:00:00.000
1770710400007,5e-05,2026-02-10 08:00:00.007
1770724800000,-1.729e-05,2026-02-10 12:00:00.000
1770739200000,-4.661e-05,2026-02-10 16:00:00.000
1770753600007,5e-05,2026-02-10 20:00:00.007
1770768000000,5.17e-06,2026-02-11 00:00:00.000
1770782400000,4.98e-06,2026-02-11 04:00:00.000
1770796800006,5.12e-06,2026-02-11 08:00:00.006
1770811200000,5e-05,2026-02-11 12:00:00.000
1770825600000,2.122e-05,2026-02-11 16:00:00.000
1770840000003,2.941e-05,2026-02-11 20:00:00.003
1770854400000,5e-05,2026-02-12 00:00:00.000
1770868800000,5e-05,2026-02-12 04:00:00.000
1770883200001,2.556e-05,2026-02-12 08:00:00.001
1770897600002,4.99e-05,2026-02-12 12:00:00.002
1770912000001,5e-05,2026-02-12 16:00:00.001
1770926400006,1.873e-05,2026-02-12 20:00:00.006
1770940800007,5e-05,2026-02-13 00:00:00.007
1770955200000,3.984e-05,2026-02-13 04:00:00.000
1770969600003,3.933e-05,2026-02-13 08:00:00.003
1770984000000,1.297e-05,2026-02-13 12:00:00.000
1770998400005,-3.151e-05,2026-02-13 16:00:00.005
1771012800006,4.226e-05,2026-02-13 20:00:00.006
1771027200002,2.214e-05,2026-02-14 00:00:00.002
1771041600007,5e-05,2026-02-14 04:00:00.007
1771056000004,5e-05,2026-02-14 08:00:00.004
1771070400000,-2.085e-05,2026-02-14 12:00:00.000
1771084800002,2.737e-05,2026-02-14 16:00:00.002
1771099200000,-5.36e-06,2026-02-14 20:00:00.000
1771113600000,4.476e-05,2026-02-15 00:00:00.000
1771128000000,3.317e-05,2026-02-15 04:00:00.000
1771142400002,2.87e-05,2026-02-15 08:00:00.002
1771156800005,5.1e-07,2026-02-15 12:00:00.005
1771171200000,5e-05,2026-02-15 16:00:00.000
1771185600009,5e-05,2026-02-15 20:00:00.009
1771200000001,2.365e-05,2026-02-16 00:00:00.001
1771214400004,3.83e-06,2026-02-16 04:00:00.004
1771228800003,8.65e-06,2026-02-16 08:00:00.003
1771243200000,3.814e-05,2026-02-16 12:00:00.000
1771257600000,5.88e-06,2026-02-16 16:00:00.000
1771272000009,1.87e-05,2026-02-16 20:00:00.009
1771286400008,3.374e-05,2026-02-17 00:00:00.008
1771300800003,-3.256e-05,2026-02-17 04:00:00.003
1771315200001,4.81e-06,2026-02-17 08:00:00.001
1771329600000,3.299e-05,2026-02-17 12:00:00.000
1771344000002,2.269e-05,2026-02-17 16:00:00.002
1771358400002,-2.708e-05,2026-02-17 20:00:00.002
1771372800000,3.453e-05,2026-02-18 00:00:00.000
1771387200000,3.204e-05,2026-02-18 04:00:00.000
1771401600000,1.339e-05,2026-02-18 08:00:00.000
1771416000007,-3.695e-05,2026-02-18 12:00:00.007
1771430400011,1.954e-05,2026-02-18 16:00:00.011
1771444800004,2.569e-05,2026-02-18 20:00:00.004
1771459200013,-1.035e-05,2026-02-19 00:00:00.013
1771473600003,-3.099e-05,2026-02-19 04:00:00.003
1771488000000,4.164e-05,2026-02-19 08:00:00.000
1771502400011,5e-05,2026-02-19 12:00:00.011
1771516800003,-2.701e-05,2026-02-19 16:00:00.003
1771531200000,-1.82e-05,2026-02-19 20:00:00.000
1771545600000,5e-05,2026-02-20 00:00:00.000
1771560000003,-4.9e-06,2026-02-20 04:00:00.003
1771574400000,-6.446e-05,2026-02-20 08:00:00.000
1771588800000,-5.382e-05,2026-02-20 12:00:00.000
1771603200000,2.476e-05,2026-02-20 16:00:00.000
1771617600000,1.821e-05,2026-02-20 20:00:00.000
1771632000004,5e-05,2026-02-21 00:00:00.004
1771646400000,2.398e-05,2026-02-21 04:00:00.000
1771660800000,-3.207e-05,2026-02-21 08:00:00.000
1771675200013,8.53e-06,2026-02-21 12:00:00.013
1771689600005,2.778e-05,2026-02-21 16:00:00.005
1771704000000,5e-05,2026-02-21 20:00:00.000
1771718400001,3.958e-05,2026-02-22 00:00:00.001
1771732800008,6.5e-06,2026-02-22 04:00:00.008
1771747200004,1.406e-05,2026-02-22 08:00:00.004
1771761600008,-9.43e-05,2026-02-22 12:00:00.008
1771776000000,-3.59e-06,2026-02-22 16:00:00.000
1771790400000,-7.063e-05,2026-02-22 20:00:00.000
1771804800001,-1.728e-05,2026-02-23 00:00:00.001
1771819200000,-1.401e-05,2026-02-23 04:00:00.000
1771833600000,2.482e-05,2026-02-23 08:00:00.000
1771848000003,1.12e-06,2026-02-23 12:00:00.003
1771862400000,-1.076e-05,2026-02-23 16:00:00.000
1771876800000,-5.642e-05,2026-02-23 20:00:00.000
1771891200007,-0.00010618,2026-02-24 00:00:00.007
1771905600000,-8.03e-05,2026-02-24 04:00:00.000
1771920000000,3.107e-05,2026-02-24 08:00:00.000
1771934400000,-6.77e-06,2026-02-24 12:00:00.000
1771948800001,-2.244e-05,2026-02-24 16:00:00.001
1771963200002,-2.869e-05,2026-02-24 20:00:00.002
1771977600001,-4.693e-05,2026-02-25 00:00:00.001
1771992000000,-6.07e-05,2026-02-25 04:00:00.000
1772006400007,-6.602e-05,2026-02-25 08:00:00.007
1772020800000,-3.178e-05,2026-02-25 12:00:00.000
1772035200000,3.026e-05,2026-02-25 16:00:00.000
1772049600006,5e-05,2026-02-25 20:00:00.006
1772064000000,5e-05,2026-02-26 00:00:00.000
1772078400000,2.878e-05,2026-02-26 04:00:00.000
1772092800006,5e-05,2026-02-26 08:00:00.006
1772107200004,-6.527e-05,2026-02-26 12:00:00.004
1772121600002,1.347e-05,2026-02-26 16:00:00.002
1772136000001,-2.503e-05,2026-02-26 20:00:00.001
1772150400007,5e-05,2026-02-27 00:00:00.007
1772164800000,3.223e-05,2026-02-27 04:00:00.000
1772179200000,5e-05,2026-02-27 08:00:00.000
1772193600000,5e-05,2026-02-27 12:00:00.000
1772208000001,8.84e-06,2026-02-27 16:00:00.001
1772222400007,4.2e-06,2026-02-27 20:00:00.007
1772236800000,5e-05,2026-02-28 00:00:00.000
1772251200002,-7.004e-05,2026-02-28 04:00:00.002
1772265600000,-9.457e-05,2026-02-28 08:00:00.000
1772280000001,-0.00011039,2026-02-28 12:00:00.001
1772294400004,-5e-07,2026-02-28 16:00:00.004
1772308800000,2.997e-05,2026-02-28 20:00:00.000
1772323200005,1.917e-05,2026-03-01 00:00:00.005
1772337600000,2.953e-05,2026-03-01 04:00:00.000
1772352000000,3.813e-05,2026-03-01 08:00:00.000
1772366400000,3.412e-05,2026-03-01 12:00:00.000
1772380800002,4.037e-05,2026-03-01 16:00:00.002
1772395200001,-1.862e-05,2026-03-01 20:00:00.001
1772409600001,2.907e-05,2026-03-02 00:00:00.001
1772424000001,-6.86e-06,2026-03-02 04:00:00.001
1772438400007,-5.4e-07,2026-03-02 08:00:00.007
1772452800002,-1.139e-05,2026-03-02 12:00:00.002
1772467200000,5e-05,2026-03-02 16:00:00.000
1772481600000,2.723e-05,2026-03-02 20:00:00.000
1772496000000,3.434e-05,2026-03-03 00:00:00.000
1772510400009,3.87e-05,2026-03-03 04:00:00.009
1772524800000,1.621e-05,2026-03-03 08:00:00.000
1772539200017,-2.177e-05,2026-03-03 12:00:00.017
1772553600007,-2.73e-06,2026-03-03 16:00:00.007
1772568000000,-6.9e-07,2026-03-03 20:00:00.000
1772582400001,-8.82e-06,2026-03-04 00:00:00.001
1772596800000,1.005e-05,2026-03-04 04:00:00.000
1772611200005,5e-05,2026-03-04 08:00:00.005
1772625600008,5e-05,2026-03-04 12:00:00.008
1772640000000,1.209e-05,2026-03-04 16:00:00.000
1772654400000,5e-05,2026-03-04 20:00:00.000
1772668800000,5e-05,2026-03-05 00:00:00.000
1772683200000,-1.901e-05,2026-03-05 04:00:00.000
1772697600000,5e-05,2026-03-05 08:00:00.000
1772712000000,3.303e-05,2026-03-05 12:00:00.000
1772726400004,2.669e-05,2026-03-05 16:00:00.004
1772740800000,1.383e-05,2026-03-05 20:00:00.000
1772755200001,4.059e-05,2026-03-06 00:00:00.001
1772769600003,5e-05,2026-03-06 04:00:00.003
1772784000001,2.184e-05,2026-03-06 08:00:00.001
1772798400005,7.85e-06,2026-03-06 12:00:00.005
1772812800004,-8.784e-05,2026-03-06 16:00:00.004
1772827200010,-2.392e-05,2026-03-06 20:00:00.010
1772841600001,3.028e-05,2026-03-07 00:00:00.001
1772856000006,3.701e-05,2026-03-07 04:00:00.006
1772870400012,1.535e-05,2026-03-07 08:00:00.012
1772884800000,9.83e-06,2026-03-07 12:00:00.000
1772899200001,-0.00010241,2026-03-07 16:00:00.001
1772913600000,-2.862e-05,2026-03-07 20:00:00.000
1772928000001,-7.034e-05,2026-03-08 00:00:00.001
1772942400010,-1.567e-05,2026-03-08 04:00:00.010
1772956800000,-9.07e-05,2026-03-08 08:00:00.000
1772971200002,-2.899e-05,2026-03-08 12:00:00.002
1772985600002,3.442e-05,2026-03-08 16:00:00.002
1773000000000,-9.151e-05,2026-03-08 20:00:00.000
1773014400000,-6.398e-05,2026-03-09 00:00:00.000
1773028800006,5e-05,2026-03-09 04:00:00.006
1773043200004,2.985e-05,2026-03-09 08:00:00.004
1773057600001,5e-05,2026-03-09 12:00:00.001
1773072000003,3.256e-05,2026-03-09 16:00:00.003
1773086400000,-9.6e-07,2026-03-09 20:00:00.000
1773100800012,2.541e-05,2026-03-10 00:00:00.012
1773115200000,-4.67e-06,2026-03-10 04:00:00.000
1773129600002,4.308e-05,2026-03-10 08:00:00.002
1773144000004,-4.443e-05,2026-03-10 12:00:00.004
1773158400001,5e-05,2026-03-10 16:00:00.001
1773172800004,5e-05,2026-03-10 20:00:00.004
1773187200000,-5.241e-05,2026-03-11 00:00:00.000
1773201600000,3.041e-05,2026-03-11 04:00:00.000
1773216000007,5e-05,2026-03-11 08:00:00.007
1773230400003,2.595e-05,2026-03-11 12:00:00.003
1773244800010,2.199e-05,2026-03-11 16:00:00.010
1773259200004,5.02e-06,2026-03-11 20:00:00.004
1773273600000,-7.62e-06,2026-03-12 00:00:00.000
1773288000001,5e-05,2026-03-12 04:00:00.001
1773302400000,-5.2e-06,2026-03-12 08:00:00.000
1773316800006,1.877e-05,2026-03-12 12:00:00.006
1773331200000,-3.96e-06,2026-03-12 16:00:00.000
1773345600006,6.2e-07,2026-03-12 20:00:00.006
1773360000006,5e-05,2026-03-13 00:00:00.006
1773374400005,5e-05,2026-03-13 04:00:00.005
1773388800001,2.906e-05,2026-03-13 08:00:00.001
1773403200003,4.686e-05,2026-03-13 12:00:00.003
1773417600000,5e-05,2026-03-13 16:00:00.000
1773432000000,5e-05,2026-03-13 20:00:00.000
1773446400001,5e-05,2026-03-14 00:00:00.001
1773460800002,5e-05,2026-03-14 04:00:00.002
1773475200000,-2.045e-05,2026-03-14 08:00:00.000
1773489600000,5e-05,2026-03-14 12:00:00.000
1773504000007,5e-05,2026-03-14 16:00:00.007
1773518400000,2.535e-05,2026-03-14 20:00:00.000
1773532800000,5e-05,2026-03-15 00:00:00.000
1773547200000,5e-05,2026-03-15 04:00:00.000
1773561600000,3.745e-05,2026-03-15 08:00:00.000
1773576000002,5e-05,2026-03-15 12:00:00.002
1773590400000,3.243e-05,2026-03-15 16:00:00.000
1773604800000,1.8e-05,2026-03-15 20:00:00.000
1773619200000,5e-05,2026-03-16 00:00:00.000
1773633600006,5e-05,2026-03-16 04:00:00.006
1773648000010,2.961e-05,2026-03-16 08:00:00.010
1773662400002,5e-05,2026-03-16 12:00:00.002
1773676800000,5e-05,2026-03-16 16:00:00.000
1773691200001,5e-05,2026-03-16 20:00:00.001
1773705600000,5e-05,2026-03-17 00:00:00.000
1773720000008,5e-05,2026-03-17 04:00:00.008
1773734400002,5e-05,2026-03-17 08:00:00.002
1773748800012,5e-05,2026-03-17 12:00:00.012
1773763200011,5e-05,2026-03-17 16:00:00.011
1773777600000,5e-05,2026-03-17 20:00:00.000
1773792000002,5e-05,2026-03-18 00:00:00.002
1773806400000,5e-05,2026-03-18 04:00:00.000
1773820800002,5e-05,2026-03-18 08:00:00.002
1773835200001,5e-05,2026-03-18 12:00:00.001
1773849600005,5e-05,2026-03-18 16:00:00.005
1773864000008,5e-05,2026-03-18 20:00:00.008
1773878400000,3.629e-05,2026-03-19 00:00:00.000
1773892800000,5.65e-06,2026-03-19 04:00:00.000
1773907200003,8.65e-06,2026-03-19 08:00:00.003
1773921600002,2.595e-05,2026-03-19 12:00:00.002
1773936000003,4.314e-05,2026-03-19 16:00:00.003
1773950400000,5e-05,2026-03-19 20:00:00.000
1773964800002,1.877e-05,2026-03-20 00:00:00.002
1773979200008,1.162e-05,2026-03-20 04:00:00.008
1773993600000,5e-05,2026-03-20 08:00:00.000
1774008000000,2.5e-07,2026-03-20 12:00:00.000
1774022400000,3.722e-05,2026-03-20 16:00:00.000
1774036800007,2.099e-05,2026-03-20 20:00:00.007
1774051200000,5e-05,2026-03-21 00:00:00.000
1774065600002,5e-05,2026-03-21 04:00:00.002
1774080000000,5e-05,2026-03-21 08:00:00.000
1774094400003,5e-05,2026-03-21 12:00:00.003
1774108800014,5e-05,2026-03-21 16:00:00.014
1774123200000,5e-05,2026-03-21 20:00:00.000
1774137600012,1.058e-05,2026-03-22 00:00:00.012
1774152000003,-8.87e-06,2026-03-22 04:00:00.003
1774166400007,-2.1e-06,2026-03-22 08:00:00.007
1774180800000,-9.08e-06,2026-03-22 12:00:00.000
1774195200002,2.888e-05,2026-03-22 16:00:00.002
1774209600000,2.936e-05,2026-03-22 20:00:00.000
1774224000000,-4.868e-05,2026-03-23 00:00:00.000
1774238400000,5e-05,2026-03-23 04:00:00.000
1774252800003,5e-05,2026-03-23 08:00:00.003
1774267200000,4.233e-05,2026-03-23 12:00:00.000
1774281600002,-7.751e-05,2026-03-23 16:00:00.002
1774296000000,2.719e-05,2026-03-23 20:00:00.000
1774310400000,5e-05,2026-03-24 00:00:00.000
1774324800001,1.309e-05,2026-03-24 04:00:00.001
1774339200000,2.415e-05,2026-03-24 08:00:00.000
1774353600000,-7.979e-05,2026-03-24 12:00:00.000
1774368000003,-1.21e-06,2026-03-24 16:00:00.003
1774382400000,2.95e-05,2026-03-24 20:00:00.000
1774396800000,5e-05,2026-03-25 00:00:00.000
1774411200000,3.252e-05,2026-03-25 04:00:00.000
1774425600000,5e-05,2026-03-25 08:00:00.000
1774440000005,5e-05,2026-03-25 12:00:00.005
1774454400013,5e-05,2026-03-25 16:00:00.013
1774468800001,3.86e-05,2026-03-25 20:00:00.001
1774483200001,5e-05,2026-03-26 00:00:00.001
1774497600002,5e-05,2026-03-26 04:00:00.002
1774512000001,2.987e-05,2026-03-26 08:00:00.001
1774526400000,1.491e-05,2026-03-26 12:00:00.000
1774540800000,1.747e-05,2026-03-26 16:00:00.000
1774555200003,-4.256e-05,2026-03-26 20:00:00.003
1774569600006,2.711e-05,2026-03-27 00:00:00.006
1774584000001,-4.742e-05,2026-03-27 04:00:00.001
1774598400000,5e-05,2026-03-27 08:00:00.000
1774612800002,4.97e-05,2026-03-27 12:00:00.002
1774627200000,-5.3e-05,2026-03-27 16:00:00.000
1774641600000,3.865e-05,2026-03-27 20:00:00.000
1774656000005,-4.794e-05,2026-03-28 00:00:00.005
1774670400003,-3.76e-05,2026-03-28 04:00:00.003
1774684800005,3.31e-06,2026-03-28 08:00:00.005
1774699200006,-2.432e-05,2026-03-28 12:00:00.006
1774713600000,-1.475e-05,2026-03-28 16:00:00.000
1774728000003,5e-05,2026-03-28 20:00:00.003
1774742400003,-4.274e-05,2026-03-29 00:00:00.003
1774756800000,2.3e-07,2026-03-29 04:00:00.000
1774771200001,-9.19e-06,2026-03-29 08:00:00.001
1774785600000,-3.8e-05,2026-03-29 12:00:00.000
1774800000000,1.516e-05,2026-03-29 16:00:00.000
1774814400000,1.466e-05,2026-03-29 20:00:00.000
1774828800000,2.265e-05,2026-03-30 00:00:00.000
1774843200012,2.82e-05,2026-03-30 04:00:00.012
1774857600005,1.561e-05,2026-03-30 08:00:00.005
1774872000005,5e-05,2026-03-30 12:00:00.005
1774886400000,4.074e-05,2026-03-30 16:00:00.000
1774900800000,5e-05,2026-03-30 20:00:00.000
1774915200000,5e-05,2026-03-31 00:00:00.000
1774929600000,1.238e-05,2026-03-31 04:00:00.000
1774944000000,-1.386e-05,2026-03-31 08:00:00.000
1774958400001,5e-05,2026-03-31 12:00:00.001
1774972800000,4.05e-05,2026-03-31 16:00:00.000
1774987200002,5.23e-06,2026-03-31 20:00:00.002
1775001600000,5e-05,2026-04-01 00:00:00.000
1775016000004,5e-05,2026-04-01 04:00:00.004
1775030400000,5e-05,2026-04-01 08:00:00.000
1775044800000,5e-05,2026-04-01 12:00:00.000
1775059200000,5e-05,2026-04-01 16:00:00.000
1775073600000,5e-05,2026-04-01 20:00:00.000
1775088000003,5e-05,2026-04-02 00:00:00.003
1775102400003,5e-05,2026-04-02 04:00:00.003
1775116800001,8.31e-06,2026-04-02 08:00:00.001
1775131200003,5e-05,2026-04-02 12:00:00.003
1775145600001,-3.99e-05,2026-04-02 16:00:00.001
1775160000003,2.03e-06,2026-04-02 20:00:00.003
1775174400000,2.043e-05,2026-04-03 00:00:00.000
1775188800000,4.142e-05,2026-04-03 04:00:00.000
1775203200008,-1.349e-05,2026-04-03 08:00:00.008
1775217600006,5e-05,2026-04-03 12:00:00.006
1775232000008,5e-05,2026-04-03 16:00:00.008
1775246400001,5e-05,2026-04-03 20:00:00.001
1775260800000,5e-05,2026-04-04 00:00:00.000
1775275200001,5e-05,2026-04-04 04:00:00.001
1775289600003,-1.852e-05,2026-04-04 08:00:00.003
1775304000000,3.491e-05,2026-04-04 12:00:00.000
1775318400000,3.596e-05,2026-04-04 16:00:00.000
1775332800000,2.662e-05,2026-04-04 20:00:00.000
1775347200008,5e-05,2026-04-05 00:00:00.008
1775361600002,5e-05,2026-04-05 04:00:00.002
1775376000000,5e-05,2026-04-05 08:00:00.000
1775390400003,5e-05,2026-04-05 12:00:00.003
1775404800001,5e-05,2026-04-05 16:00:00.001
1775419200003,3.426e-05,2026-04-05 20:00:00.003
1775433600004,1.348e-05,2026-04-06 00:00:00.004
1775448000005,-3.127e-05,2026-04-06 04:00:00.005
1775462400001,3.803e-05,2026-04-06 08:00:00.001
1775476800002,5e-05,2026-04-06 12:00:00.002
1775491200003,3.48e-05,2026-04-06 16:00:00.003
1775505600000,-3.2e-07,2026-04-06 20:00:00.000
1775520000000,-1.01e-05,2026-04-07 00:00:00.000
1775534400003,5e-05,2026-04-07 04:00:00.003
1775548800000,5e-05,2026-04-07 08:00:00.000
1775563200008,5e-05,2026-04-07 12:00:00.008
1775577600000,-5.7e-05,2026-04-07 16:00:00.000
1775592000000,1.023e-05,2026-04-07 20:00:00.000
1775606400000,5e-05,2026-04-08 00:00:00.000
1775620800002,5e-05,2026-04-08 04:00:00.002
1775635200000,5e-05,2026-04-08 08:00:00.000
1775649600013,5e-05,2026-04-08 12:00:00.013
1775664000006,3.476e-05,2026-04-08 16:00:00.006
1775678400005,2.278e-05,2026-04-08 20:00:00.005
1775692800000,2.871e-05,2026-04-09 00:00:00.000
1775707200005,5e-05,2026-04-09 04:00:00.005
1775721600010,3.612e-05,2026-04-09 08:00:00.010
1775736000001,5e-05,2026-04-09 12:00:00.001
1775750400001,5e-05,2026-04-09 16:00:00.001
1775764800001,5e-05,2026-04-09 20:00:00.001
1775779200000,4.999e-05,2026-04-10 00:00:00.000
1775793600000,-1.914e-05,2026-04-10 04:00:00.000
1775808000005,5e-05,2026-04-10 08:00:00.005
1775822400000,1.599e-05,2026-04-10 12:00:00.000
1775836800000,4.502e-05,2026-04-10 16:00:00.000
1775851200002,5e-05,2026-04-10 20:00:00.002
1775865600000,5e-05,2026-04-11 00:00:00.000
1775880000009,4.294e-05,2026-04-11 04:00:00.009
1775894400000,5e-05,2026-04-11 08:00:00.000
1775908800002,-1.599e-05,2026-04-11 12:00:00.002
1775923200003,5e-05,2026-04-11 16:00:00.003
1775937600001,2.652e-05,2026-04-11 20:00:00.001
1775952000000,5e-05,2026-04-12 00:00:00.000
1775966400000,5e-05,2026-04-12 04:00:00.000
1775980800000,2.615e-05,2026-04-12 08:00:00.000
1775995200000,-5.475e-05,2026-04-12 12:00:00.000
1776009600000,-9.67e-06,2026-04-12 16:00:00.000
1776024000013,-7.835e-05,2026-04-12 20:00:00.013
1776038400011,5e-05,2026-04-13 00:00:00.011
1776052800003,5e-05,2026-04-13 04:00:00.003
1776067200006,5e-05,2026-04-13 08:00:00.006
1776081600010,5e-05,2026-04-13 12:00:00.010
1776096000000,5e-05,2026-04-13 16:00:00.000
1776110400000,5e-05,2026-04-13 20:00:00.000
1776124800005,5e-05,2026-04-14 00:00:00.005
1776139200000,5e-05,2026-04-14 04:00:00.000
1776153600003,5e-05,2026-04-14 08:00:00.003
1776168000000,5e-05,2026-04-14 12:00:00.000
1776182400001,5e-05,2026-04-14 16:00:00.001
1776196800009,5e-05,2026-04-14 20:00:00.009
1776211200000,3.6e-07,2026-04-15 00:00:00.000
1776225600000,5e-05,2026-04-15 04:00:00.000
1776240000000,5e-05,2026-04-15 08:00:00.000
1776254400000,3.105e-05,2026-04-15 12:00:00.000
1776268800000,2.129e-05,2026-04-15 16:00:00.000
1776283200009,-1.173e-05,2026-04-15 20:00:00.009
1776297600013,-4.813e-05,2026-04-16 00:00:00.013
1776312000008,-0.00088678,2026-04-16 04:00:00.008
1776326400000,-0.00095272,2026-04-16 08:00:00.000
1776340800004,-0.00010884,2026-04-16 12:00:00.004
1776355200000,5e-05,2026-04-16 16:00:00.000
1776369600000,5e-05,2026-04-16 20:00:00.000
1776384000001,5e-05,2026-04-17 00:00:00.001
1776398400003,5e-05,2026-04-17 04:00:00.003
1776412800011,5e-05,2026-04-17 08:00:00.011
1776427200003,5e-05,2026-04-17 12:00:00.003
1776441600001,5e-05,2026-04-17 16:00:00.001
1776456000005,5e-05,2026-04-17 20:00:00.005
1776470400001,5e-05,2026-04-18 00:00:00.001
1776484800003,5e-05,2026-04-18 04:00:00.003
1776499200006,5e-05,2026-04-18 08:00:00.006
1776513600000,5e-05,2026-04-18 12:00:00.000
1776528000000,5e-05,2026-04-18 16:00:00.000
1776542400002,5e-05,2026-04-18 20:00:00.002
1776556800002,5e-05,2026-04-19 00:00:00.002
1776571200000,5e-05,2026-04-19 04:00:00.000
1776585600010,5e-05,2026-04-19 08:00:00.010
1776600000003,5e-05,2026-04-19 12:00:00.003
1776614400001,5e-05,2026-04-19 16:00:00.001
1776628800005,5e-05,2026-04-19 20:00:00.005
1776643200000,5e-05,2026-04-20 00:00:00.000
1776657600001,5e-05,2026-04-20 04:00:00.001
1776672000000,-2.15e-06,2026-04-20 08:00:00.000
1776686400009,-2.376e-05,2026-04-20 12:00:00.009
1776700800001,5e-05,2026-04-20 16:00:00.001
1776715200000,-2.98e-05,2026-04-20 20:00:00.000
1776729600000,1.154e-05,2026-04-21 00:00:00.000
1776744000000,5.08e-06,2026-04-21 04:00:00.000
1776758400004,-7.847e-05,2026-04-21 08:00:00.004
1776772800000,-2.104e-05,2026-04-21 12:00:00.000
1776787200004,3.414e-05,2026-04-21 16:00:00.004
1776801600003,3.789e-05,2026-04-21 20:00:00.003
1776816000004,-3.464e-05,2026-04-22 00:00:00.004
1776830400003,-3.24e-05,2026-04-22 04:00:00.003
1776844800000,5e-05,2026-04-22 08:00:00.000
1776859200000,3.553e-05,2026-04-22 12:00:00.000
1776873600000,2.438e-05,2026-04-22 16:00:00.000
1776888000003,1.753e-05,2026-04-22 20:00:00.003
1776902400000,3.505e-05,2026-04-23 00:00:00.000
1776916800000,3.778e-05,2026-04-23 04:00:00.000
1776931200000,-2.519e-05,2026-04-23 08:00:00.000
1776945600000,3.58e-06,2026-04-23 12:00:00.000
1776960000004,-2.67e-06,2026-04-23 16:00:00.004
1776974400006,6.5e-06,2026-04-23 20:00:00.006
1776988800006,5e-05,2026-04-24 00:00:00.006
1777003200000,-1.823e-05,2026-04-24 04:00:00.000
1777017600000,2.961e-05,2026-04-24 08:00:00.000
1777032000002,2.36e-06,2026-04-24 12:00:00.002
1777046400000,5e-05,2026-04-24 16:00:00.000
1777060800003,3.27e-06,2026-04-24 20:00:00.003
1777075200000,-7.55e-06,2026-04-25 00:00:00.000
1777089600005,5e-05,2026-04-25 04:00:00.005
1777104000002,8e-06,2026-04-25 08:00:00.002
1777118400001,4.405e-05,2026-04-25 12:00:00.001
1777132800002,-1.34e-05,2026-04-25 16:00:00.002
1777147200001,3.134e-05,2026-04-25 20:00:00.001
1777161600003,4.376e-05,2026-04-26 00:00:00.003
1777176000001,1.092e-05,2026-04-26 04:00:00.001
1777190400007,5e-05,2026-04-26 08:00:00.007
1777204800001,5e-05,2026-04-26 12:00:00.001
1777219200004,2.054e-05,2026-04-26 16:00:00.004
1777233600014,-2.194e-05,2026-04-26 20:00:00.014
1777248000004,1.04e-05,2026-04-27 00:00:00.004
1777262400000,2.36e-06,2026-04-27 04:00:00.000
1777276800000,-2.133e-05,2026-04-27 08:00:00.000
1777291200004,2.239e-05,2026-04-27 12:00:00.004
1777305600002,-3.012e-05,2026-04-27 16:00:00.002
1777320000000,-7.838e-05,2026-04-27 20:00:00.000
1777334400001,4.771e-05,2026-04-28 00:00:00.001
1777348800006,5e-05,2026-04-28 04:00:00.006
1777363200000,5e-05,2026-04-28 08:00:00.000
1777377600000,-5.68e-06,2026-04-28 12:00:00.000
1777392000004,1.765e-05,2026-04-28 16:00:00.004
1777406400001,1.722e-05,2026-04-28 20:00:00.001
1777420800006,5e-05,2026-04-29 00:00:00.006
1777435200003,-1.17e-06,2026-04-29 04:00:00.003
1777449600011,-2.662e-05,2026-04-29 08:00:00.011
1777464000000,5e-05,2026-04-29 12:00:00.000
1777478400003,-6.08e-06,2026-04-29 16:00:00.003
1777492800004,2.848e-05,2026-04-29 20:00:00.004
1777507200002,5e-05,2026-04-30 00:00:00.002
1777521600000,5e-05,2026-04-30 04:00:00.000
1777536000000,2.285e-05,2026-04-30 08:00:00.000
1777550400000,5e-05,2026-04-30 12:00:00.000
1777564800000,5e-05,2026-04-30 16:00:00.000
1777579200002,1.217e-05,2026-04-30 20:00:00.002
1777593600000,5e-05,2026-05-01 00:00:00.000
1777608000003,1.903e-05,2026-05-01 04:00:00.003
1777622400005,2.37e-05,2026-05-01 08:00:00.005
1777636800000,1.762e-05,2026-05-01 12:00:00.000
1777651200000,1.138e-05,2026-05-01 16:00:00.000
1777665600009,5e-05,2026-05-01 20:00:00.009
1777680000006,5e-05,2026-05-02 00:00:00.006
1777694400000,5e-05,2026-05-02 04:00:00.000
1777708800000,5e-05,2026-05-02 08:00:00.000
1777723200009,9.31e-06,2026-05-02 12:00:00.009
1777737600010,-0.00016663,2026-05-02 16:00:00.010
1777752000000,5e-05,2026-05-02 20:00:00.000
1777766400005,-1.034e-05,2026-05-03 00:00:00.005
1777780800014,-5.47e-06,2026-05-03 04:00:00.014
1777795200003,3.117e-05,2026-05-03 08:00:00.003
1777809600004,-5.847e-05,2026-05-03 12:00:00.004
1777824000000,2.686e-05,2026-05-03 16:00:00.000
1777838400000,-5.121e-05,2026-05-03 20:00:00.000
1777852800000,2.376e-05,2026-05-04 00:00:00.000
1777867200003,1.191e-05,2026-05-04 04:00:00.003
1777881600000,3.103e-05,2026-05-04 08:00:00.000
1777896000000,4.82e-06,2026-05-04 12:00:00.000
1777910400003,1.028e-05,2026-05-04 16:00:00.003
1777924800007,1.393e-05,2026-05-04 20:00:00.007
1777939200000,3.264e-05,2026-05-05 00:00:00.000
1777953600000,-2.748e-05,2026-05-05 04:00:00.000
1777968000011,5e-05,2026-05-05 08:00:00.011
1777982400006,5e-05,2026-05-05 12:00:00.006
1777996800000,-1.396e-05,2026-05-05 16:00:00.000
1778011200000,4.678e-05,2026-05-05 20:00:00.000
1778025600010,5e-05,2026-05-06 00:00:00.010
1778040000000,5e-05,2026-05-06 04:00:00.000
1778054400000,-3.77e-06,2026-05-06 08:00:00.000
1778068800000,-8.32e-06,2026-05-06 12:00:00.000
1778083200002,5.61e-06,2026-05-06 16:00:00.002
1778097600000,-1.18e-05,2026-05-06 20:00:00.000
1778112000000,-1.156e-05,2026-05-07 00:00:00.000
1778126400001,5e-05,2026-05-07 04:00:00.001
1778140800000,2.566e-05,2026-05-07 08:00:00.000
1778155200000,5e-05,2026-05-07 12:00:00.000
1778169600004,1.981e-05,2026-05-07 16:00:00.004
1778184000005,-5.053e-05,2026-05-07 20:00:00.005
1778198400003,5e-05,2026-05-08 00:00:00.003
1778212800000,5e-05,2026-05-08 04:00:00.000
1778227200002,2.057e-05,2026-05-08 08:00:00.002
1778241600000,-2.833e-05,2026-05-08 12:00:00.000
1778256000003,5e-05,2026-05-08 16:00:00.003
1778270400000,5e-05,2026-05-08 20:00:00.000
1778284800000,5e-05,2026-05-09 00:00:00.000
1778299200000,5e-05,2026-05-09 04:00:00.000
1778313600001,3.56e-05,2026-05-09 08:00:00.001
1778328000000,-9e-08,2026-05-09 12:00:00.000
1778342400002,1.95e-05,2026-05-09 16:00:00.002
1778356800000,-2.239e-05,2026-05-09 20:00:00.000
1778371200003,5e-05,2026-05-10 00:00:00.003
1778385600005,1.046e-05,2026-05-10 04:00:00.005
1778400000000,-1.9e-07,2026-05-10 08:00:00.000
1778414400007,4.07e-06,2026-05-10 12:00:00.007
1778428800000,3.448e-05,2026-05-10 16:00:00.000
1778443200002,5e-05,2026-05-10 20:00:00.002
1778457600000,-5.859e-05,2026-05-11 00:00:00.000
1778472000000,3.289e-05,2026-05-11 04:00:00.000
1778486400000,2.409e-05,2026-05-11 08:00:00.000
1778500800001,-6.09e-05,2026-05-11 12:00:00.001
1778515200000,-6.447e-05,2026-05-11 16:00:00.000
1778529600014,2.32e-05,2026-05-11 20:00:00.014
1778544000002,-2.224e-05,2026-05-12 00:00:00.002
1778558400000,3.584e-05,2026-05-12 04:00:00.000
1778572800008,-4.03e-06,2026-05-12 08:00:00.008
1778587200003,4.67e-05,2026-05-12 12:00:00.003
1778601600000,1.527e-05,2026-05-12 16:00:00.000
1778616000000,-1.225e-05,2026-05-12 20:00:00.000
1778630400010,3.973e-05,2026-05-13 00:00:00.010
1778644800003,-6.256e-05,2026-05-13 04:00:00.003
1778659200003,-3.587e-05,2026-05-13 08:00:00.003
1778673600004,2.973e-05,2026-05-13 12:00:00.004
1778688000001,-5.988e-05,2026-05-13 16:00:00.001
1778702400004,-2.56e-06,2026-05-13 20:00:00.004
1778716800005,-1.116e-05,2026-05-14 00:00:00.005
1778731200005,2.34e-06,2026-05-14 04:00:00.005
1778745600000,-4.03e-06,2026-05-14 08:00:00.000
1778760000001,2.004e-05,2026-05-14 12:00:00.001
1778774400000,1.26e-06,2026-05-14 16:00:00.000
1778788800000,-5.157e-05,2026-05-14 20:00:00.000
1778803200000,-3.038e-05,2026-05-15 00:00:00.000
1778817600006,-1.065e-05,2026-05-15 04:00:00.006
1778832000016,-5.398e-05,2026-05-15 08:00:00.016
1778846400001,3.161e-05,2026-05-15 12:00:00.001
1778860800012,6.15e-06,2026-05-15 16:00:00.012
1778875200001,2.796e-05,2026-05-15 20:00:00.001
1778889600005,3.336e-05,2026-05-16 00:00:00.005
1778904000000,2.507e-05,2026-05-16 04:00:00.000
1778918400000,1.909e-05,2026-05-16 08:00:00.000
1778932800002,5e-05,2026-05-16 12:00:00.002
1778947200005,-1.524e-05,2026-05-16 16:00:00.005
1778961600000,9.59e-06,2026-05-16 20:00:00.000
1778976000000,5e-05,2026-05-17 00:00:00.000
1778990400012,1.876e-05,2026-05-17 04:00:00.012
1779004800010,-1.927e-05,2026-05-17 08:00:00.010
1779019200014,-7.05e-06,2026-05-17 12:00:00.014
1779033600009,2.722e-05,2026-05-17 16:00:00.009
1779048000002,-2.539e-05,2026-05-17 20:00:00.002
1779062400007,1.039e-05,2026-05-18 00:00:00.007
1779076800000,5e-05,2026-05-18 04:00:00.000
1779091200002,2.502e-05,2026-05-18 08:00:00.002
1779105600001,5e-05,2026-05-18 12:00:00.001
1779120000007,5e-05,2026-05-18 16:00:00.007
1779134400000,4.795e-05,2026-05-18 20:00:00.000
1779148800001,5e-05,2026-05-19 00:00:00.001
1779163200003,5e-05,2026-05-19 04:00:00.003
1779177600001,5e-05,2026-05-19 08:00:00.001
1779192000000,-6.41e-06,2026-05-19 12:00:00.000
1779206400009,-1.434e-05,2026-05-19 16:00:00.009
1779220800001,-8.81e-06,2026-05-19 20:00:00.001
1779235200001,5e-05,2026-05-20 00:00:00.001
1779249600001,2.597e-05,2026-05-20 04:00:00.001
1779264000006,4.459e-05,2026-05-20 08:00:00.006
1779278400001,2.491e-05,2026-05-20 12:00:00.001
1779292800000,3.251e-05,2026-05-20 16:00:00.000
1779307200019,5e-05,2026-05-20 20:00:00.019
1779321600001,5e-05,2026-05-21 00:00:00.001
1779336000000,-1.833e-05,2026-05-21 04:00:00.000
1779350400000,3.729e-05,2026-05-21 08:00:00.000
1779364800000,4.242e-05,2026-05-21 12:00:00.000
1779379200000,-5.9e-07,2026-05-21 16:00:00.000
1779393600001,5e-05,2026-05-21 20:00:00.001
1779408000000,2.955e-05,2026-05-22 00:00:00.000
1779422400000,5e-05,2026-05-22 04:00:00.000
1779436800004,5e-05,2026-05-22 08:00:00.004
1779451200000,4.898e-05,2026-05-22 12:00:00.000
1779465600001,3.134e-05,2026-05-22 16:00:00.001
1779480000002,7.61e-06,2026-05-22 20:00:00.002
1779494400009,3.834e-05,2026-05-23 00:00:00.009
1779508800006,9.9e-07,2026-05-23 04:00:00.006
1779523200001,9.59e-06,2026-05-23 08:00:00.001
1779537600000,4.21e-06,2026-05-23 12:00:00.000
1779552000003,5e-05,2026-05-23 16:00:00.003
1779566400007,8.91e-06,2026-05-23 20:00:00.007
1779580800011,5e-05,2026-05-24 00:00:00.011
1779595200001,4.166e-05,2026-05-24 04:00:00.001
1779609600008,2.555e-05,2026-05-24 08:00:00.008
1779624000001,5e-05,2026-05-24 12:00:00.001
1779638400000,-8.89e-06,2026-05-24 16:00:00.000
1779652800002,1.609e-05,2026-05-24 20:00:00.002
1779667200001,5e-05,2026-05-25 00:00:00.001
1779681600000,5e-05,2026-05-25 04:00:00.000
1779696000001,5e-05,2026-05-25 08:00:00.001
1779710400008,5e-05,2026-05-25 12:00:00.008
1779724800001,-6.82e-06,2026-05-25 16:00:00.001
1779739200000,5e-05,2026-05-25 20:00:00.000
1779753600000,5e-05,2026-05-26 00:00:00.000
1779768000003,5e-05,2026-05-26 04:00:00.003
1779782400003,5e-05,2026-05-26 08:00:00.003
1779796800000,3.906e-05,2026-05-26 12:00:00.000
1779811200000,5e-05,2026-05-26 16:00:00.000
1779825600000,3.386e-05,2026-05-26 20:00:00.000
1779840000000,5e-05,2026-05-27 00:00:00.000
1779854400002,9.34e-06,2026-05-27 04:00:00.002
1779868800004,3.251e-05,2026-05-27 08:00:00.004
1779883200007,1.079e-05,2026-05-27 12:00:00.007
1779897600009,5e-05,2026-05-27 16:00:00.009
1779912000001,5e-05,2026-05-27 20:00:00.001
1779926400001,1.13e-06,2026-05-28 00:00:00.001
1779940800000,4.7e-06,2026-05-28 04:00:00.000
1779955200000,-4.727e-05,2026-05-28 08:00:00.000
1779969600000,-1.217e-05,2026-05-28 12:00:00.000
1779984000001,-1.041e-05,2026-05-28 16:00:00.001
1779998400005,1.23e-05,2026-05-28 20:00:00.005
1780012800000,5e-05,2026-05-29 00:00:00.000
1780027200000,-6.52e-06,2026-05-29 04:00:00.000
1780041600001,5e-05,2026-05-29 08:00:00.001
1780056000001,7.13e-06,2026-05-29 12:00:00.001
1780070400008,1.459e-05,2026-05-29 16:00:00.008
1780084800000,2.312e-05,2026-05-29 20:00:00.000
1780099200000,4.579e-05,2026-05-30 00:00:00.000
1780113600004,5e-05,2026-05-30 04:00:00.004
1780128000001,4.651e-05,2026-05-30 08:00:00.001
1780142400000,5e-05,2026-05-30 12:00:00.000
1780156800000,-1.571e-05,2026-05-30 16:00:00.000
1780171200000,1.474e-05,2026-05-30 20:00:00.000
1780185600000,1.245e-05,2026-05-31 00:00:00.000
1780200000006,5e-05,2026-05-31 04:00:00.006
1780214400000,4.494e-05,2026-05-31 08:00:00.000
1780228800005,5e-05,2026-05-31 12:00:00.005
1780243200004,5e-05,2026-05-31 16:00:00.004
1780257600010,5e-05,2026-05-31 20:00:00.010
1780272000001,5e-05,2026-06-01 00:00:00.001
1780286400006,5e-05,2026-06-01 04:00:00.006
1780300800001,5e-05,2026-06-01 08:00:00.001
1780315200000,5e-05,2026-06-01 12:00:00.000
1780329600000,5e-05,2026-06-01 16:00:00.000
1780344000000,5e-05,2026-06-01 20:00:00.000
1780358400000,1.941e-05,2026-06-02 00:00:00.000
1780372800008,5e-05,2026-06-02 04:00:00.008
1780387200000,5e-05,2026-06-02 08:00:00.000
1780401600002,5e-05,2026-06-02 12:00:00.002
1780416000000,2.137e-05,2026-06-02 16:00:00.000
1780430400000,5e-05,2026-06-02 20:00:00.000
1780444800013,8.95e-06,2026-06-03 00:00:00.013
1780459200000,5e-05,2026-06-03 04:00:00.000
1780473600000,5e-05,2026-06-03 08:00:00.000
1780488000000,3.083e-05,2026-06-03 12:00:00.000
1780502400001,5e-05,2026-06-03 16:00:00.001
1780516800002,5e-05,2026-06-03 20:00:00.002
1780531200009,5e-05,2026-06-04 00:00:00.009
1780545600000,-9.592e-05,2026-06-04 04:00:00.000
1780560000000,-3.61e-05,2026-06-04 08:00:00.000
1780574400002,-2.55e-05,2026-06-04 12:00:00.002
1780588800003,5e-05,2026-06-04 16:00:00.003
1780603200001,2.535e-05,2026-06-04 20:00:00.001
1780617600000,5e-05,2026-06-05 00:00:00.000
1780632000001,-9.98e-06,2026-06-05 04:00:00.001
1780646400004,-3.508e-05,2026-06-05 08:00:00.004
1780660800000,4.199e-05,2026-06-05 12:00:00.000
1780675200009,2.318e-05,2026-06-05 16:00:00.009
1780689600000,4.528e-05,2026-06-05 20:00:00.000
1780704000000,5e-05,2026-06-06 00:00:00.000
1780718400000,7.84e-06,2026-06-06 04:00:00.000
1780732800000,5e-05,2026-06-06 08:00:00.000
1780747200002,5e-05,2026-06-06 12:00:00.002
1780761600000,2.027e-05,2026-06-06 16:00:00.000
1780776000003,3.978e-05,2026-06-06 20:00:00.003
1780790400001,3.501e-05,2026-06-07 00:00:00.001
1780804800000,-2.654e-05,2026-06-07 04:00:00.000
1780819200000,-4.685e-05,2026-06-07 08:00:00.000
