timestamp,funding_rate,datetime
1742918400000,-0.00058519,2025-03-25 16:00:00.000
1742932800000,-0.00108621,2025-03-25 20:00:00.000
1742947200000,-0.00240593,2025-03-26 00:00:00.000
1742961600001,-0.00166615,2025-03-26 04:00:00.001
1742976000000,-0.00077053,2025-03-26 08:00:00.000
1742990400000,-0.00041966,2025-03-26 12:00:00.000
1743004800001,-8.241e-05,2025-03-26 16:00:00.001
1743019200000,-0.00123974,2025-03-26 20:00:00.000
1743033600001,-0.00100284,2025-03-27 00:00:00.001
1743048000000,-0.00117807,2025-03-27 04:00:00.000
1743062400001,-0.00025262,2025-03-27 08:00:00.001
1743076800000,5e-05,2025-03-27 12:00:00.000
1743091200002,5e-05,2025-03-27 16:00:00.002
1743105600000,5e-05,2025-03-27 20:00:00.000
1743120000001,5e-05,2025-03-28 00:00:00.001
1743134400000,-0.00125188,2025-03-28 04:00:00.000
1743148800001,-0.00032989,2025-03-28 08:00:00.001
1743163200000,-0.00072711,2025-03-28 12:00:00.000
1743177600000,5e-05,2025-03-28 16:00:00.000
1743192000000,5e-05,2025-03-28 20:00:00.000
1743206400000,5e-05,2025-03-29 00:00:00.000
1743220800001,5e-05,2025-03-29 04:00:00.001
1743235200000,5e-05,2025-03-29 08:00:00.000
1743249600000,5e-05,2025-03-29 12:00:00.000
1743264000000,5e-05,2025-03-29 16:00:00.000
1743278400000,8.89e-06,2025-03-29 20:00:00.000
1743292800000,5e-05,2025-03-30 00:00:00.000
1743307200000,-7.04e-05,2025-03-30 04:00:00.000
1743321600000,5e-05,2025-03-30 08:00:00.000
1743336000000,5e-05,2025-03-30 12:00:00.000
1743350400000,4.246e-05,2025-03-30 16:00:00.000
1743364800000,5e-05,2025-03-30 20:00:00.000
1743379200000,5e-05,2025-03-31 00:00:00.000
1743393600000,5e-05,2025-03-31 04:00:00.000
1743408000000,5e-05,2025-03-31 08:00:00.000
1743422400000,-2.373e-05,2025-03-31 12:00:00.000
1743436800000,5e-05,2025-03-31 16:00:00.000
1743451200000,5e-05,2025-03-31 20:00:00.000
1743465600000,5e-05,2025-04-01 00:00:00.000
1743480000001,5e-05,2025-04-01 04:00:00.001
1743494400001,-0.00012655,2025-04-01 08:00:00.001
1743508800000,3.26e-05,2025-04-01 12:00:00.000
1743523200000,5e-05,2025-04-01 16:00:00.000
1743537600003,5e-05,2025-04-01 20:00:00.003
1743552000001,5e-05,2025-04-02 00:00:00.001
1743566400001,5e-05,2025-04-02 04:00:00.001
1743580800000,5e-05,2025-04-02 08:00:00.000
1743595200002,5e-05,2025-04-02 12:00:00.002
1743609600000,5e-05,2025-04-02 16:00:00.000
1743624000000,5e-05,2025-04-02 20:00:00.000
1743638400000,5e-05,2025-04-03 00:00:00.000
1743652800000,5e-05,2025-04-03 04:00:00.000
1743667200000,5e-05,2025-04-03 08:00:00.000
1743681600000,5e-05,2025-04-03 12:00:00.000
1743696000000,5e-05,2025-04-03 16:00:00.000
1743710400000,5e-05,2025-04-03 20:00:00.000
1743724800000,5e-05,2025-04-04 00:00:00.000
1743739200000,5e-05,2025-04-04 04:00:00.000
1743753600000,5e-05,2025-04-04 08:00:00.000
1743768000000,5e-05,2025-04-04 12:00:00.000
1743782400000,5e-05,2025-04-04 16:00:00.000
1743796800001,5e-05,2025-04-04 20:00:00.001
1743811200000,5e-05,2025-04-05 00:00:00.000
1743825600000,5e-05,2025-04-05 04:00:00.000
1743840000000,5e-05,2025-04-05 08:00:00.000
1743854400000,-0.00079428,2025-04-05 12:00:00.000
1743868800000,-0.00013299,2025-04-05 16:00:00.000
1743883200000,5e-05,2025-04-05 20:00:00.000
1743897600000,3.555e-05,2025-04-06 00:00:00.000
1743912000000,-5.764e-05,2025-04-06 04:00:00.000
1743926400000,-0.00048643,2025-04-06 08:00:00.000
1743940800001,5e-05,2025-04-06 12:00:00.001
1743955200002,5e-05,2025-04-06 16:00:00.002
1743969600001,5e-05,2025-04-06 20:00:00.001
1743984000000,5e-05,2025-04-07 00:00:00.000
1743998400000,5e-05,2025-04-07 04:00:00.000
1744012800000,5e-05,2025-04-07 08:00:00.000
1744027200000,5e-05,2025-04-07 12:00:00.000
1744041600000,5e-05,2025-04-07 16:00:00.000
1744056000000,5e-05,2025-04-07 20:00:00.000
1744070400000,5e-05,2025-04-08 00:00:00.000
1744084800000,5e-05,2025-04-08 04:00:00.000
1744099200000,5e-05,2025-04-08 08:00:00.000
1744113600000,3.115e-05,2025-04-08 12:00:00.000
1744128000000,5e-05,2025-04-08 16:00:00.000
1744142400000,5e-05,2025-04-08 20:00:00.000
1744156800000,5e-05,2025-04-09 00:00:00.000
1744171200000,5e-05,2025-04-09 04:00:00.000
1744185600001,5e-05,2025-04-09 08:00:00.001
1744200000000,-5.94e-06,2025-04-09 12:00:00.000
1744214400000,5e-05,2025-04-09 16:00:00.000
1744228800000,5e-05,2025-04-09 20:00:00.000
1744243200000,5e-05,2025-04-10 00:00:00.000
1744257600000,-0.00013128,2025-04-10 04:00:00.000
1744272000000,5e-05,2025-04-10 08:00:00.000
1744286400000,5e-05,2025-04-10 12:00:00.000
1744300800000,5e-05,2025-04-10 16:00:00.000
1744315200000,5e-05,2025-04-10 20:00:00.000
1744329600001,-1.913e-05,2025-04-11 00:00:00.001
1744344000001,5e-05,2025-04-11 04:00:00.001
1744358400000,-0.00027386,2025-04-11 08:00:00.000
1744372800000,-4.519e-05,2025-04-11 12:00:00.000
1744387200000,5e-05,2025-04-11 16:00:00.000
1744401600001,5e-05,2025-04-11 20:00:00.001
1744416000000,5e-05,2025-04-12 00:00:00.000
1744430400000,5.2e-06,2025-04-12 04:00:00.000
1744444800001,5e-05,2025-04-12 08:00:00.001
1744459200001,5e-05,2025-04-12 12:00:00.001
1744473600000,5e-05,2025-04-12 16:00:00.000
1744488000000,-0.00030808,2025-04-12 20:00:00.000
1744502400000,5e-05,2025-04-13 00:00:00.000
1744516800000,5e-05,2025-04-13 04:00:00.000
1744531200000,5e-05,2025-04-13 08:00:00.000
1744545600000,5e-05,2025-04-13 12:00:00.000
1744560000000,5e-05,2025-04-13 16:00:00.000
1744574400000,5e-05,2025-04-13 20:00:00.000
1744588800000,5e-05,2025-04-14 00:00:00.000
1744603200000,-4.028e-05,2025-04-14 04:00:00.000
1744617600000,5e-05,2025-04-14 08:00:00.000
1744632000002,-3.647e-05,2025-04-14 12:00:00.002
1744646400000,5e-05,2025-04-14 16:00:00.000
1744660800000,5e-05,2025-04-14 20:00:00.000
1744675200000,5e-05,2025-04-15 00:00:00.000
1744689600001,-0.00013738,2025-04-15 04:00:00.001
1744704000000,-4.77e-05,2025-04-15 08:00:00.000
1744718400000,-5.55e-05,2025-04-15 12:00:00.000
1744732800001,5e-05,2025-04-15 16:00:00.001
1744747200000,5e-05,2025-04-15 20:00:00.000
1744761600000,5e-05,2025-04-16 00:00:00.000
1744776000000,-0.00029589,2025-04-16 04:00:00.000
1744790400000,-8.479e-05,2025-04-16 08:00:00.000
1744804800000,5e-05,2025-04-16 12:00:00.000
1744819200000,5e-05,2025-04-16 16:00:00.000
1744833600000,5e-05,2025-04-16 20:00:00.000
1744848000001,5e-05,2025-04-17 00:00:00.001
1744862400000,3.747e-05,2025-04-17 04:00:00.000
1744876800000,5e-05,2025-04-17 08:00:00.000
1744891200000,5e-05,2025-04-17 12:00:00.000
1744905600001,5e-05,2025-04-17 16:00:00.001
1744920000001,5e-05,2025-04-17 20:00:00.001
1744934400000,5e-05,2025-04-18 00:00:00.000
1744948800000,4.053e-05,2025-04-18 04:00:00.000
1744963200000,5e-05,2025-04-18 08:00:00.000
1744977600000,5e-05,2025-04-18 12:00:00.000
1744992000000,-0.000153,2025-04-18 16:00:00.000
1745006400000,5e-05,2025-04-18 20:00:00.000
1745020800000,5e-05,2025-04-19 00:00:00.000
1745035200000,5e-05,2025-04-19 04:00:00.000
1745049600000,5e-05,2025-04-19 08:00:00.000
1745064000000,5e-05,2025-04-19 12:00:00.000
1745078400000,-1.247e-05,2025-04-19 16:00:00.000
1745092800000,5e-05,2025-04-19 20:00:00.000
1745107200000,5e-05,2025-04-20 00:00:00.000
1745121600000,5e-05,2025-04-20 04:00:00.000
1745136000000,-1.711e-05,2025-04-20 08:00:00.000
1745150400001,5e-05,2025-04-20 12:00:00.001
1745164800000,5e-05,2025-04-20 16:00:00.000
1745179200000,5e-05,2025-04-20 20:00:00.000
1745193600000,5e-05,2025-04-21 00:00:00.000
1745208000000,5e-05,2025-04-21 04:00:00.000
1745222400005,5e-05,2025-04-21 08:00:00.005
1745236800002,-0.00029423,2025-04-21 12:00:00.002
1745251200003,-0.00013035,2025-04-21 16:00:00.003
1745265600006,1.194e-05,2025-04-21 20:00:00.006
1745280000008,-0.0003462,2025-04-22 00:00:00.008
1745294400000,5e-05,2025-04-22 04:00:00.000
1745308800000,4.929e-05,2025-04-22 08:00:00.000
1745323200001,-0.00024961,2025-04-22 12:00:00.001
1745337600000,-0.00036715,2025-04-22 16:00:00.000
1745352000004,-0.00063251,2025-04-22 20:00:00.004
1745366400000,-0.00014015,2025-04-23 00:00:00.000
1745380800000,-0.0004882,2025-04-23 04:00:00.000
1745395200002,-5.142e-05,2025-04-23 08:00:00.002
1745409600005,-4.979e-05,2025-04-23 12:00:00.005
1745424000000,5e-05,2025-04-23 16:00:00.000
1745438400001,-0.00020417,2025-04-23 20:00:00.001
1745452800000,-0.00029741,2025-04-24 00:00:00.000
1745467200003,-0.00023355,2025-04-24 04:00:00.003
1745481600001,-0.00014902,2025-04-24 08:00:00.001
1745496000001,5e-05,2025-04-24 12:00:00.001
1745510400001,5e-05,2025-04-24 16:00:00.001
1745524800006,-0.00016315,2025-04-24 20:00:00.006
1745539200007,5e-05,2025-04-25 00:00:00.007
1745553600001,-0.00014373,2025-04-25 04:00:00.001
1745568000002,-0.00035703,2025-04-25 08:00:00.002
1745582400000,-0.0003282,2025-04-25 12:00:00.000
1745596800003,-0.00038385,2025-04-25 16:00:00.003
1745611200001,-0.00018579,2025-04-25 20:00:00.001
1745625600002,-0.00016346,2025-04-26 00:00:00.002
1745640000001,5e-05,2025-04-26 04:00:00.001
1745654400000,5e-05,2025-04-26 08:00:00.000
1745668800000,-0.00021137,2025-04-26 12:00:00.000
1745683200002,-4.065e-05,2025-04-26 16:00:00.002
1745697600000,5e-05,2025-04-26 20:00:00.000
1745712000001,5e-05,2025-04-27 00:00:00.001
1745726400001,-0.00014448,2025-04-27 04:00:00.001
1745740800000,5e-05,2025-04-27 08:00:00.000
1745755200000,-0.00034973,2025-04-27 12:00:00.000
1745769600000,-0.0011036,2025-04-27 16:00:00.000
1745784000003,-0.0008018,2025-04-27 20:00:00.003
1745798400001,-0.00096428,2025-04-28 00:00:00.001
1745812800001,-0.00067036,2025-04-28 04:00:00.001
1745827200003,5e-05,2025-04-28 08:00:00.003
1745841600000,5e-05,2025-04-28 12:00:00.000
1745856000005,-3.218e-05,2025-04-28 16:00:00.005
1745870400002,3.551e-05,2025-04-28 20:00:00.002
1745884800000,5e-05,2025-04-29 00:00:00.000
1745899200000,5e-05,2025-04-29 04:00:00.000
1745913600000,-0.00015065,2025-04-29 08:00:00.000
1745928000001,5e-05,2025-04-29 12:00:00.001
1745942400010,5e-05,2025-04-29 16:00:00.010
1745956800002,5e-05,2025-04-29 20:00:00.002
1745971200001,5e-05,2025-04-30 00:00:00.001
1745985600001,5e-05,2025-04-30 04:00:00.001
1746000000000,5e-05,2025-04-30 08:00:00.000
1746014400001,5e-05,2025-04-30 12:00:00.001
1746028800003,-0.00027982,2025-04-30 16:00:00.003
1746043200002,-0.0010669,2025-04-30 20:00:00.002
1746057600000,-0.00070513,2025-05-01 00:00:00.000
1746072000008,3.473e-05,2025-05-01 04:00:00.008
1746086400000,-0.00022827,2025-05-01 08:00:00.000
1746100800001,-0.00040721,2025-05-01 12:00:00.001
1746115200001,-0.00019938,2025-05-01 16:00:00.001
1746129600000,-0.00011169,2025-05-01 20:00:00.000
1746144000000,5e-05,2025-05-02 00:00:00.000
1746158400000,5e-05,2025-05-02 04:00:00.000
1746172800000,-0.00050721,2025-05-02 08:00:00.000
1746187200005,-0.00095065,2025-05-02 12:00:00.005
1746201600003,-0.00221409,2025-05-02 16:00:00.003
1746216000003,-0.00014908,2025-05-02 20:00:00.003
1746230400000,-0.00044773,2025-05-03 00:00:00.000
1746244800001,-0.00069967,2025-05-03 04:00:00.001
1746259200000,-0.00102447,2025-05-03 08:00:00.000
1746273600006,-0.00159798,2025-05-03 12:00:00.006
1746288000000,4.76e-06,2025-05-03 16:00:00.000
1746302400000,5e-05,2025-05-03 20:00:00.000
1746316800001,-2.148e-05,2025-05-04 00:00:00.001
1746331200004,5e-05,2025-05-04 04:00:00.004
1746345600001,-0.00014452,2025-05-04 08:00:00.001
1746360000006,5e-05,2025-05-04 12:00:00.006
1746374400002,-4.458e-05,2025-05-04 16:00:00.002
1746388800000,-0.00020047,2025-05-04 20:00:00.000
1746403200000,-0.00110221,2025-05-05 00:00:00.000
1746417600000,-0.00252152,2025-05-05 04:00:00.000
1746432000000,-0.0019955,2025-05-05 08:00:00.000
1746446400000,-0.0009003,2025-05-05 12:00:00.000
1746460800006,-0.00833251,2025-05-05 16:00:00.006
1746475200000,-0.00220636,2025-05-05 20:00:00.000
1746489600002,-0.00418314,2025-05-06 00:00:00.002
1746504000000,-0.00042875,2025-05-06 04:00:00.000
1746518400005,-0.00017228,2025-05-06 08:00:00.005
1746532800000,2.098e-05,2025-05-06 12:00:00.000
1746547200000,-0.00072691,2025-05-06 16:00:00.000
1746561600000,-0.00085806,2025-05-06 20:00:00.000
1746576000002,-0.00028835,2025-05-07 00:00:00.002
1746590400004,-0.00059024,2025-05-07 04:00:00.004
1746604800000,-0.00093198,2025-05-07 08:00:00.000
1746619200000,-0.00028846,2025-05-07 12:00:00.000
1746633600006,-0.00107194,2025-05-07 16:00:00.006
1746648000000,-0.00112925,2025-05-07 20:00:00.000
1746662400000,-0.00039412,2025-05-08 00:00:00.000
1746676800005,-0.00200516,2025-05-08 04:00:00.005
1746691200001,-0.00439843,2025-05-08 08:00:00.001
1746705600000,-0.0006036,2025-05-08 12:00:00.000
1746720000002,-0.00118695,2025-05-08 16:00:00.002
1746734400006,-0.00033007,2025-05-08 20:00:00.006
1746748800001,-0.00085483,2025-05-09 00:00:00.001
1746763200000,-0.0002495,2025-05-09 04:00:00.000
1746777600006,-0.00028457,2025-05-09 08:00:00.006
1746792000000,1.5e-05,2025-05-09 12:00:00.000
1746806400000,3.272e-05,2025-05-09 16:00:00.000
1746820800000,-0.00019218,2025-05-09 20:00:00.000
1746835200001,-3.935e-05,2025-05-10 00:00:00.001
1746849600003,-2.286e-05,2025-05-10 04:00:00.003
1746864000000,-0.00041344,2025-05-10 08:00:00.000
1746878400000,-0.00061581,2025-05-10 12:00:00.000
1746892800001,-0.00045364,2025-05-10 16:00:00.001
1746907200000,-0.00026289,2025-05-10 20:00:00.000
1746921600000,-0.00086025,2025-05-11 00:00:00.000
1746936000000,-0.0001158,2025-05-11 04:00:00.000
1746950400001,-0.00048101,2025-05-11 08:00:00.001
1746964800001,-0.00087802,2025-05-11 12:00:00.001
1746979200001,-0.00043397,2025-05-11 16:00:00.001
1746993600000,-5.617e-05,2025-05-11 20:00:00.000
1747008000004,5e-05,2025-05-12 00:00:00.004
1747022400003,5e-05,2025-05-12 04:00:00.003
1747036800000,1.376e-05,2025-05-12 08:00:00.000
1747051200000,5e-05,2025-05-12 12:00:00.000
1747065600000,5e-05,2025-05-12 16:00:00.000
1747080000004,5e-05,2025-05-12 20:00:00.004
1747094400000,5e-05,2025-05-13 00:00:00.000
1747108800000,5e-05,2025-05-13 04:00:00.000
1747123200008,5e-05,2025-05-13 08:00:00.008
1747137600000,4.104e-05,2025-05-13 12:00:00.000
1747152000001,5e-05,2025-05-13 16:00:00.001
1747166400006,5e-05,2025-05-13 20:00:00.006
1747180800007,5e-05,2025-05-14 00:00:00.007
1747195200000,5e-05,2025-05-14 04:00:00.000
1747209600000,5e-05,2025-05-14 08:00:00.000
1747224000000,5e-05,2025-05-14 12:00:00.000
1747238400002,3.172e-05,2025-05-14 16:00:00.002
1747252800007,5e-05,2025-05-14 20:00:00.007
1747267200000,5e-05,2025-05-15 00:00:00.000
1747281600000,1.292e-05,2025-05-15 04:00:00.000
1747296000003,5e-05,2025-05-15 08:00:00.003
1747310400000,5e-05,2025-05-15 12:00:00.000
1747324800000,-0.00012955,2025-05-15 16:00:00.000
1747339200001,-2.928e-05,2025-05-15 20:00:00.001
1747353600001,-0.00010187,2025-05-16 00:00:00.001
1747368000001,-7.777e-05,2025-05-16 04:00:00.001
1747382400000,5e-05,2025-05-16 08:00:00.000
1747396800006,-4.235e-05,2025-05-16 12:00:00.006
1747411200000,1.965e-05,2025-05-16 16:00:00.000
1747425600002,-4.39e-06,2025-05-16 20:00:00.002
1747440000000,5e-05,2025-05-17 00:00:00.000
1747454400000,5e-05,2025-05-17 04:00:00.000
1747468800001,5e-05,2025-05-17 08:00:00.001
1747483200002,3.284e-05,2025-05-17 12:00:00.002
1747497600004,5.07e-06,2025-05-17 16:00:00.004
1747512000003,5e-05,2025-05-17 20:00:00.003
1747526400000,1.046e-05,2025-05-18 00:00:00.000
1747540800003,-0.00013327,2025-05-18 04:00:00.003
1747555200000,-0.00036593,2025-05-18 08:00:00.000
1747569600010,-0.00029547,2025-05-18 12:00:00.010
1747584000000,-5.29e-06,2025-05-18 16:00:00.000
1747598400001,-0.00018023,2025-05-18 20:00:00.001
1747612800000,-6.997e-05,2025-05-19 00:00:00.000
1747627200004,-0.00010673,2025-05-19 04:00:00.004
1747641600006,4.576e-05,2025-05-19 08:00:00.006
1747656000000,-0.00019093,2025-05-19 12:00:00.000
1747670400010,-0.0001141,2025-05-19 16:00:00.010
1747684800000,3.336e-05,2025-05-19 20:00:00.000
1747699200000,5e-05,2025-05-20 00:00:00.000
1747713600000,-1.273e-05,2025-05-20 04:00:00.000
1747728000002,-0.00022176,2025-05-20 08:00:00.002
1747742400003,2.841e-05,2025-05-20 12:00:00.003
1747756800000,-8.944e-05,2025-05-20 16:00:00.000
1747771200000,5e-05,2025-05-20 20:00:00.000
1747785600000,3.662e-05,2025-05-21 00:00:00.000
1747800000000,-1.94e-05,2025-05-21 04:00:00.000
1747814400001,5e-05,2025-05-21 08:00:00.001
1747828800007,5e-05,2025-05-21 12:00:00.007
1747843200004,5e-05,2025-05-21 16:00:00.004
1747857600001,5e-05,2025-05-21 20:00:00.001
1747872000001,5e-05,2025-05-22 00:00:00.001
1747886400000,-4.989e-05,2025-05-22 04:00:00.000
1747900800000,5e-05,2025-05-22 08:00:00.000
1747915200000,5e-05,2025-05-22 12:00:00.000
1747929600002,5e-05,2025-05-22 16:00:00.002
1747944000001,5e-05,2025-05-22 20:00:00.001
1747958400006,5e-05,2025-05-23 00:00:00.006
1747972800000,-9.001e-05,2025-05-23 04:00:00.000
1747987200000,5e-05,2025-05-23 08:00:00.000
1748001600003,5e-05,2025-05-23 12:00:00.003
1748016000007,-0.00010196,2025-05-23 16:00:00.007
1748030400006,5e-05,2025-05-23 20:00:00.006
1748044800010,-7.847e-05,2025-05-24 00:00:00.010
1748059200000,-7.387e-05,2025-05-24 04:00:00.000
1748073600000,-5.38e-05,2025-05-24 08:00:00.000
1748088000007,-0.00013831,2025-05-24 12:00:00.007
1748102400003,-9.816e-05,2025-05-24 16:00:00.003
1748116800000,-5.236e-05,2025-05-24 20:00:00.000
1748131200004,5e-05,2025-05-25 00:00:00.004
1748145600001,5e-05,2025-05-25 04:00:00.001
1748160000000,1.509e-05,2025-05-25 08:00:00.000
1748174400000,-0.00012008,2025-05-25 12:00:00.000
1748188800000,9.04e-06,2025-05-25 16:00:00.000
1748203200010,5e-05,2025-05-25 20:00:00.010
1748217600000,-0.00013351,2025-05-26 00:00:00.000
1748232000000,5e-05,2025-05-26 04:00:00.000
1748246400000,5e-05,2025-05-26 08:00:00.000
1748260800000,5e-05,2025-05-26 12:00:00.000
1748275200002,5e-05,2025-05-26 16:00:00.002
1748289600000,5e-05,2025-05-26 20:00:00.000
1748304000003,-2.556e-05,2025-05-27 00:00:00.003
1748318400000,5e-05,2025-05-27 04:00:00.000
1748332800001,5e-05,2025-05-27 08:00:00.001
1748347200005,-2.377e-05,2025-05-27 12:00:00.005
1748361600005,-0.00010384,2025-05-27 16:00:00.005
1748376000005,5e-05,2025-05-27 20:00:00.005
1748390400002,5e-05,2025-05-28 00:00:00.002
1748404800010,5e-05,2025-05-28 04:00:00.010
1748419200003,5e-05,2025-05-28 08:00:00.003
1748433600000,5e-05,2025-05-28 12:00:00.000
1748448000002,5e-05,2025-05-28 16:00:00.002
1748462400000,5e-05,2025-05-28 20:00:00.000
1748476800000,5e-05,2025-05-29 00:00:00.000
1748491200000,5e-05,2025-05-29 04:00:00.000
1748505600006,5e-05,2025-05-29 08:00:00.006
1748520000001,-0.00014863,2025-05-29 12:00:00.001
1748534400000,-0.00024546,2025-05-29 16:00:00.000
1748548800010,-0.00057461,2025-05-29 20:00:00.010
1748563200003,-0.00049716,2025-05-30 00:00:00.003
1748577600000,-0.0002801,2025-05-30 04:00:00.000
1748592000003,-0.00064407,2025-05-30 08:00:00.003
1748606400006,-0.00306356,2025-05-30 12:00:00.006
1748620800000,-0.00050563,2025-05-30 16:00:00.000
1748635200005,-0.00077214,2025-05-30 20:00:00.005
1748649600000,-0.00081349,2025-05-31 00:00:00.000
1748664000004,-0.00038645,2025-05-31 04:00:00.004
1748678400000,-0.0004325,2025-05-31 08:00:00.000
1748692800000,-0.00064495,2025-05-31 12:00:00.000
1748707200000,-0.00077465,2025-05-31 16:00:00.000
1748721600004,-0.00051258,2025-05-31 20:00:00.004
1748736000001,-0.0003827,2025-06-01 00:00:00.001
1748750400001,-0.00049119,2025-06-01 04:00:00.001
1748764800002,-0.0011983,2025-06-01 08:00:00.002
1748779200008,-0.00027009,2025-06-01 12:00:00.008
1748793600000,-0.00030568,2025-06-01 16:00:00.000
1748808000003,-0.0007758,2025-06-01 20:00:00.003
1748822400001,-0.00034361,2025-06-02 00:00:00.001
1748836800004,-0.00031035,2025-06-02 04:00:00.004
1748851200000,-0.00039871,2025-06-02 08:00:00.000
1748865600002,-0.00124326,2025-06-02 12:00:00.002
1748880000000,-0.00051632,2025-06-02 16:00:00.000
1748894400002,-0.00258707,2025-06-02 20:00:00.002
1748908800000,-0.00044438,2025-06-03 00:00:00.000
1748923200001,-0.00031154,2025-06-03 04:00:00.001
1748937600000,-0.00048026,2025-06-03 08:00:00.000
1748952000000,-0.00047118,2025-06-03 12:00:00.000
1748966400001,-0.00019592,2025-06-03 16:00:00.001
1748980800000,-0.0001791,2025-06-03 20:00:00.000
1748995200000,-0.00054799,2025-06-04 00:00:00.000
1749009600001,-0.00128833,2025-06-04 04:00:00.001
1749024000000,-0.00034873,2025-06-04 08:00:00.000
1749038400000,-0.00030945,2025-06-04 12:00:00.000
1749052800000,-0.00042527,2025-06-04 16:00:00.000
1749067200001,-0.00053552,2025-06-04 20:00:00.001
1749081600016,-0.00035958,2025-06-05 00:00:00.016
1749096000001,-0.00059998,2025-06-05 04:00:00.001
1749110400000,-0.00075217,2025-06-05 08:00:00.000
1749124800003,-0.00075659,2025-06-05 12:00:00.003
1749139200000,-0.0008098,2025-06-05 16:00:00.000
1749153600002,-0.00017374,2025-06-05 20:00:00.002
1749168000002,-0.0003353,2025-06-06 00:00:00.002
1749182400000,-0.00015069,2025-06-06 04:00:00.000
1749196800000,-0.0001651,2025-06-06 08:00:00.000
1749211200002,-0.00035984,2025-06-06 12:00:00.002
1749225600006,-0.00031858,2025-06-06 16:00:00.006
1749240000000,-0.00035428,2025-06-06 20:00:00.000
1749254400000,-0.00029817,2025-06-07 00:00:00.000
1749268800000,-0.00032379,2025-06-07 04:00:00.000
1749283200000,-0.00022059,2025-06-07 08:00:00.000
1749297600000,-0.0002952,2025-06-07 12:00:00.000
1749312000002,-0.00047346,2025-06-07 16:00:00.002
1749326400002,-0.00056817,2025-06-07 20:00:00.002
1749340800000,-0.00034402,2025-06-08 00:00:00.000
1749355200000,-0.00050611,2025-06-08 04:00:00.000
1749369600000,-0.00043063,2025-06-08 08:00:00.000
1749384000020,-0.00043044,2025-06-08 12:00:00.020
1749398400000,-0.00040564,2025-06-08 16:00:00.000
1749412800001,-0.0003668,2025-06-08 20:00:00.001
1749427200000,-0.0001288,2025-06-09 00:00:00.000
1749441600003,-0.00034812,2025-06-09 04:00:00.003
1749456000001,-0.00012174,2025-06-09 08:00:00.001
1749470400000,-0.00036219,2025-06-09 12:00:00.000
1749484800001,-0.00058394,2025-06-09 16:00:00.001
1749499200012,-0.0005804,2025-06-09 20:00:00.012
1749513600000,-2.575e-05,2025-06-10 00:00:00.000
1749528000000,-0.00040527,2025-06-10 04:00:00.000
1749542400001,-0.0001864,2025-06-10 08:00:00.001
1749556800005,-0.00039323,2025-06-10 12:00:00.005
1749571200003,-5.49e-05,2025-06-10 16:00:00.003
1749585600010,-0.00030774,2025-06-10 20:00:00.010
1749600000000,-0.00058397,2025-06-11 00:00:00.000
1749614400006,-4.3e-05,2025-06-11 04:00:00.006
1749628800000,-0.00051701,2025-06-11 08:00:00.000
1749643200007,-0.00026234,2025-06-11 12:00:00.007
1749657600010,-0.00020438,2025-06-11 16:00:00.010
1749672000012,-0.00037477,2025-06-11 20:00:00.012
1749686400002,-0.00048159,2025-06-12 00:00:00.002
1749700800000,-0.00014789,2025-06-12 04:00:00.000
1749715200003,-0.00033782,2025-06-12 08:00:00.003
1749729600001,-0.0002426,2025-06-12 12:00:00.001
1749744000001,-0.0005666,2025-06-12 16:00:00.001
1749758400003,-0.00044118,2025-06-12 20:00:00.003
1749772800000,-0.00068932,2025-06-13 00:00:00.000
1749787200002,-0.00058848,2025-06-13 04:00:00.002
1749801600001,-0.00064092,2025-06-13 08:00:00.001
1749816000000,-0.00052889,2025-06-13 12:00:00.000
1749830400004,-0.00065776,2025-06-13 16:00:00.004
1749844800001,-0.00024423,2025-06-13 20:00:00.001
1749859200000,-0.00031786,2025-06-14 00:00:00.000
1749873600000,-0.00047344,2025-06-14 04:00:00.000
1749888000000,-0.00059851,2025-06-14 08:00:00.000
1749902400007,-0.00068673,2025-06-14 12:00:00.007
1749916800000,-0.00026159,2025-06-14 16:00:00.000
1749931200005,-6.938e-05,2025-06-14 20:00:00.005
1749945600005,-0.00021812,2025-06-15 00:00:00.005
1749960000004,-0.00027306,2025-06-15 04:00:00.004
1749974400009,-0.00025997,2025-06-15 08:00:00.009
1749988800000,-0.00030901,2025-06-15 12:00:00.000
1750003200000,-0.00052893,2025-06-15 16:00:00.000
1750017600000,-0.00037366,2025-06-15 20:00:00.000
1750032000000,-0.000375,2025-06-16 00:00:00.000
1750046400009,-0.0005148,2025-06-16 04:00:00.009
1750060800000,-0.00033672,2025-06-16 08:00:00.000
1750075200000,-0.00018095,2025-06-16 12:00:00.000
1750089600003,-0.00039457,2025-06-16 16:00:00.003
1750104000000,-0.00023861,2025-06-16 20:00:00.000
1750118400000,-0.00029428,2025-06-17 00:00:00.000
1750132800000,-0.00054148,2025-06-17 04:00:00.000
1750147200006,-0.00071561,2025-06-17 08:00:00.006
1750161600001,-0.00012245,2025-06-17 12:00:00.001
1750176000001,-0.00026814,2025-06-17 16:00:00.001
1750190400000,-0.0006281,2025-06-17 20:00:00.000
1750204800001,-0.00068623,2025-06-18 00:00:00.001
1750219200001,-0.00043314,2025-06-18 04:00:00.001
1750233600001,-0.00027194,2025-06-18 08:00:00.001
1750248000003,-0.00027326,2025-06-18 12:00:00.003
1750262400001,-0.00126132,2025-06-18 16:00:00.001
1750276800000,-0.00048848,2025-06-18 20:00:00.000
1750291200005,-0.00085924,2025-06-19 00:00:00.005
1750305600005,-0.00042931,2025-06-19 04:00:00.005
1750320000003,-0.00016759,2025-06-19 08:00:00.003
1750334400000,-0.00026312,2025-06-19 12:00:00.000
1750348800000,-0.00034685,2025-06-19 16:00:00.000
1750363200000,-0.00027765,2025-06-19 20:00:00.000
1750377600000,-0.00018728,2025-06-20 00:00:00.000
1750392000017,-0.00037491,2025-06-20 04:00:00.017
1750406400002,-0.00038912,2025-06-20 08:00:00.002
1750420800002,-0.00050172,2025-06-20 12:00:00.002
1750435200001,-0.0005694,2025-06-20 16:00:00.001
1750449600000,-0.00018558,2025-06-20 20:00:00.000
1750464000002,-0.00037274,2025-06-21 00:00:00.002
1750478400003,-0.00045284,2025-06-21 04:00:00.003
1750492800005,-0.00073968,2025-06-21 08:00:00.005
1750507200000,-0.00012715,2025-06-21 12:00:00.000
1750521600000,-3.787e-05,2025-06-21 16:00:00.000
1750536000002,-2.762e-05,2025-06-21 20:00:00.002
1750550400005,-0.00018654,2025-06-22 00:00:00.005
1750564800000,-0.00044515,2025-06-22 04:00:00.000
1750579200000,-0.00071717,2025-06-22 08:00:00.000
1750593600003,-0.00082064,2025-06-22 12:00:00.003
1750608000003,-0.00033254,2025-06-22 16:00:00.003
1750622400005,-0.00027161,2025-06-22 20:00:00.005
1750636800000,-0.00039887,2025-06-23 00:00:00.000
1750651200007,-0.00040551,2025-06-23 04:00:00.007
1750665600004,-0.00044065,2025-06-23 08:00:00.004
1750680000001,-0.00055765,2025-06-23 12:00:00.001
1750694400013,-0.00046143,2025-06-23 16:00:00.013
1750708800000,-0.00014755,2025-06-23 20:00:00.000
1750723200003,5e-05,2025-06-24 00:00:00.003
1750737600001,-0.00017461,2025-06-24 04:00:00.001
1750752000000,-0.00020335,2025-06-24 08:00:00.000
1750766400001,-0.00033603,2025-06-24 12:00:00.001
1750780800000,5e-05,2025-06-24 16:00:00.000
1750795200000,2.37e-06,2025-06-24 20:00:00.000
1750809600005,-8.362e-05,2025-06-25 00:00:00.005
1750824000000,-6.064e-05,2025-06-25 04:00:00.000
1750838400000,-0.00016019,2025-06-25 08:00:00.000
1750852800003,-0.00041134,2025-06-25 12:00:00.003
1750867200005,-0.00015987,2025-06-25 16:00:00.005
1750881600002,-3.51e-05,2025-06-25 20:00:00.002
1750896000000,3.825e-05,2025-06-26 00:00:00.000
1750910400000,-0.00021622,2025-06-26 04:00:00.000
1750924800006,-0.00014764,2025-06-26 08:00:00.006
1750939200005,5e-05,2025-06-26 12:00:00.005
1750953600007,5e-05,2025-06-26 16:00:00.007
1750968000000,-0.00010848,2025-06-26 20:00:00.000
1750982400000,-4.2e-05,2025-06-27 00:00:00.000
1750996800001,4.635e-05,2025-06-27 04:00:00.001
1751011200000,-0.00022169,2025-06-27 08:00:00.000
1751025600003,-0.00031367,2025-06-27 12:00:00.003
1751040000009,5e-05,2025-06-27 16:00:00.009
1751054400002,-0.00033456,2025-06-27 20:00:00.002
1751068800001,5e-05,2025-06-28 00:00:00.001
1751083200000,5e-05,2025-06-28 04:00:00.000
1751097600002,5e-05,2025-06-28 08:00:00.002
1751112000000,2.23e-06,2025-06-28 12:00:00.000
1751126400000,5e-05,2025-06-28 16:00:00.000
1751140800007,5e-05,2025-06-28 20:00:00.007
1751155200004,-6.603e-05,2025-06-29 00:00:00.004
1751169600003,-7.785e-05,2025-06-29 04:00:00.003
1751184000001,3.577e-05,2025-06-29 08:00:00.001
1751198400003,-0.00070203,2025-06-29 12:00:00.003
1751212800001,-0.00098035,2025-06-29 16:00:00.001
1751227200003,-0.00253754,2025-06-29 20:00:00.003
1751241600000,-0.00046735,2025-06-30 00:00:00.000
1751256000003,-0.00021986,2025-06-30 04:00:00.003
1751270400005,-0.0004403,2025-06-30 08:00:00.005
1751284800000,-0.00064102,2025-06-30 12:00:00.000
1751299200002,-0.00108076,2025-06-30 16:00:00.002
1751313600000,-0.00013425,2025-06-30 20:00:00.000
1751328000007,-0.00044225,2025-07-01 00:00:00.007
1751342400000,-0.00077863,2025-07-01 04:00:00.000
1751356800002,-0.00031456,2025-07-01 08:00:00.002
1751371200000,2.05e-05,2025-07-01 12:00:00.000
1751385600000,5e-05,2025-07-01 16:00:00.000
1751400000000,-0.00028381,2025-07-01 20:00:00.000
1751414400001,-0.00067131,2025-07-02 00:00:00.001
1751428800001,-0.0004533,2025-07-02 04:00:00.001
1751443200000,-0.0003326,2025-07-02 08:00:00.000
1751457600001,-0.00034156,2025-07-02 12:00:00.001
1751472000003,-0.00022044,2025-07-02 16:00:00.003
1751486400000,-0.00019703,2025-07-02 20:00:00.000
1751500800006,5e-05,2025-07-03 00:00:00.006
1751515200002,-0.00012929,2025-07-03 04:00:00.002
1751529600003,-0.00013694,2025-07-03 08:00:00.003
1751544000001,-0.00034247,2025-07-03 12:00:00.001
1751558400003,-0.00074672,2025-07-03 16:00:00.003
1751572800000,-0.00063463,2025-07-03 20:00:00.000
1751587200005,-0.00090232,2025-07-04 00:00:00.005
1751601600002,-0.00127746,2025-07-04 04:00:00.002
1751616000003,-0.00148099,2025-07-04 08:00:00.003
1751630400000,-0.00186115,2025-07-04 12:00:00.000
1751644800001,-0.0022551,2025-07-04 16:00:00.001
1751659200000,-0.00111191,2025-07-04 20:00:00.000
1751673600004,-0.00119736,2025-07-05 00:00:00.004
1751688000005,-0.00081151,2025-07-05 04:00:00.005
1751702400009,-0.00095585,2025-07-05 08:00:00.009
1751716800000,-0.00068192,2025-07-05 12:00:00.000
1751731200006,-0.00071111,2025-07-05 16:00:00.006
1751745600000,-0.00041348,2025-07-05 20:00:00.000
1751760000001,-0.00065424,2025-07-06 00:00:00.001
1751774400000,-0.00043207,2025-07-06 04:00:00.000
1751788800002,-0.00050108,2025-07-06 08:00:00.002
1751803200001,-0.00063507,2025-07-06 12:00:00.001
1751817600004,-0.00093631,2025-07-06 16:00:00.004
1751832000006,-0.00017307,2025-07-06 20:00:00.006
1751846400000,-0.00069179,2025-07-07 00:00:00.000
1751860800000,-0.00078916,2025-07-07 04:00:00.000
1751875200007,-0.00081061,2025-07-07 08:00:00.007
1751889600000,-0.00049885,2025-07-07 12:00:00.000
1751904000000,-0.00078051,2025-07-07 16:00:00.000
1751918400013,-0.00075275,2025-07-07 20:00:00.013
1751932800010,-0.00065544,2025-07-08 00:00:00.010
1751947200000,-0.00097434,2025-07-08 04:00:00.000
1751961600003,-0.00082748,2025-07-08 08:00:00.003
1751976000004,-0.00060168,2025-07-08 12:00:00.004
1751990400000,-0.00069342,2025-07-08 16:00:00.000
1752004800002,-0.00037224,2025-07-08 20:00:00.002
1752019200002,-0.00054508,2025-07-09 00:00:00.002
1752033600010,-0.00093732,2025-07-09 04:00:00.010
1752048000006,-0.00025831,2025-07-09 08:00:00.006
1752062400000,-0.00030535,2025-07-09 12:00:00.000
1752076800001,-0.00010154,2025-07-09 16:00:00.001
1752091200007,-0.00051025,2025-07-09 20:00:00.007
1752105600003,-0.0002542,2025-07-10 00:00:00.003
1752120000001,-0.00047755,2025-07-10 04:00:00.001
1752134400000,-0.00059492,2025-07-10 08:00:00.000
1752148800001,-0.00061396,2025-07-10 12:00:00.001
1752163200004,-0.00048044,2025-07-10 16:00:00.004
1752177600000,-0.0001202,2025-07-10 20:00:00.000
1752192000004,-0.00023031,2025-07-11 00:00:00.004
1752206400001,-6.211e-05,2025-07-11 04:00:00.001
1752220800007,-0.00099552,2025-07-11 08:00:00.007
1752235200000,-0.00018662,2025-07-11 12:00:00.000
1752249600001,-0.00089797,2025-07-11 16:00:00.001
1752264000006,-0.00091631,2025-07-11 20:00:00.006
1752278400000,-0.00038128,2025-07-12 00:00:00.000
1752292800005,-0.00041124,2025-07-12 04:00:00.005
1752307200001,-0.00024109,2025-07-12 08:00:00.001
1752321600007,-0.0004984,2025-07-12 12:00:00.007
1752336000002,-0.00047713,2025-07-12 16:00:00.002
1752350400003,-0.00025771,2025-07-12 20:00:00.003
1752364800006,-0.00014422,2025-07-13 00:00:00.006
1752379200001,-0.00026338,2025-07-13 04:00:00.001
1752393600001,-0.00014744,2025-07-13 08:00:00.001
1752408000003,-1.061e-05,2025-07-13 12:00:00.003
1752422400003,-8.493e-05,2025-07-13 16:00:00.003
1752436800008,-0.00028651,2025-07-13 20:00:00.008
1752451200000,5e-05,2025-07-14 00:00:00.000
1752465600000,-0.00025454,2025-07-14 04:00:00.000
1752480000000,-0.00021108,2025-07-14 08:00:00.000
1752494400001,-0.00080644,2025-07-14 12:00:00.001
1752508800000,-0.00028503,2025-07-14 16:00:00.000
1752523200003,-0.00037259,2025-07-14 20:00:00.003
1752537600002,-0.00010889,2025-07-15 00:00:00.002
1752552000008,-0.0003849,2025-07-15 04:00:00.008
1752566400000,-0.00031957,2025-07-15 08:00:00.000
1752580800000,-0.00044985,2025-07-15 12:00:00.000
1752595200000,-0.00021607,2025-07-15 16:00:00.000
1752609600005,-5.775e-05,2025-07-15 20:00:00.005
1752624000000,5e-05,2025-07-16 00:00:00.000
1752638400000,1.878e-05,2025-07-16 04:00:00.000
1752652800000,-0.00022998,2025-07-16 08:00:00.000
1752667200005,-0.00034813,2025-07-16 12:00:00.005
1752681600008,-4.246e-05,2025-07-16 16:00:00.008
1752696000000,-9.425e-05,2025-07-16 20:00:00.000
1752710400003,-4.341e-05,2025-07-17 00:00:00.003
1752724800000,-0.00028649,2025-07-17 04:00:00.000
1752739200000,-3.806e-05,2025-07-17 08:00:00.000
1752753600000,5e-05,2025-07-17 12:00:00.000
1752768000000,5e-05,2025-07-17 16:00:00.000
1752782400000,-7.062e-05,2025-07-17 20:00:00.000
1752796800004,-9.599e-05,2025-07-18 00:00:00.004
1752811200000,5e-05,2025-07-18 04:00:00.000
1752825600000,-0.00032119,2025-07-18 08:00:00.000
1752840000000,3.503e-05,2025-07-18 12:00:00.000
1752854400000,-0.0002561,2025-07-18 16:00:00.000
1752868800010,-0.00015692,2025-07-18 20:00:00.010
1752883200009,-0.00016106,2025-07-19 00:00:00.009
1752897600000,-0.00011307,2025-07-19 04:00:00.000
1752912000000,-7.129e-05,2025-07-19 08:00:00.000
1752926400000,5e-05,2025-07-19 12:00:00.000
1752940800002,-1.511e-05,2025-07-19 16:00:00.002
1752955200002,5e-05,2025-07-19 20:00:00.002
1752969600000,5e-05,2025-07-20 00:00:00.000
1752984000007,5e-05,2025-07-20 04:00:00.007
1752998400000,5e-05,2025-07-20 08:00:00.000
1753012800003,-4.774e-05,2025-07-20 12:00:00.003
1753027200000,-5.328e-05,2025-07-20 16:00:00.000
1753041600013,-0.00033466,2025-07-20 20:00:00.013
1753056000001,-0.00022712,2025-07-21 00:00:00.001
1753070400001,-0.00010008,2025-07-21 04:00:00.001
1753084800000,5e-05,2025-07-21 08:00:00.000
1753099200001,5e-05,2025-07-21 12:00:00.001
1753113600001,3.165e-05,2025-07-21 16:00:00.001
1753128000003,-1.861e-05,2025-07-21 20:00:00.003
1753142400000,-0.00039637,2025-07-22 00:00:00.000
1753156800001,-0.00016869,2025-07-22 04:00:00.001
1753171200010,-0.00017693,2025-07-22 08:00:00.010
1753185600001,-0.00037057,2025-07-22 12:00:00.001
1753200000007,-0.00030273,2025-07-22 16:00:00.007
1753214400001,5e-05,2025-07-22 20:00:00.001
1753228800000,5e-05,2025-07-23 00:00:00.000
1753243200010,-0.0001841,2025-07-23 04:00:00.010
1753257600004,5e-05,2025-07-23 08:00:00.004
1753272000002,5e-05,2025-07-23 12:00:00.002
1753286400002,-0.00040673,2025-07-23 16:00:00.002
1753300800005,-2.259e-05,2025-07-23 20:00:00.005
1753315200000,5e-05,2025-07-24 00:00:00.000
1753329600001,-0.00026974,2025-07-24 04:00:00.001
1753344000001,-0.00025201,2025-07-24 08:00:00.001
1753358400000,-0.00179156,2025-07-24 12:00:00.000
1753372800000,-0.0056153,2025-07-24 16:00:00.000
1753387200001,-0.00417155,2025-07-24 20:00:00.001
1753401600000,-0.00045599,2025-07-25 00:00:00.000
1753416000001,-0.00103915,2025-07-25 04:00:00.001
1753430400000,-0.00014043,2025-07-25 08:00:00.000
1753444800000,-0.00014697,2025-07-25 12:00:00.000
1753459200000,-7.165e-05,2025-07-25 16:00:00.000
1753473600000,-0.00118881,2025-07-25 20:00:00.000
1753488000001,-0.00101914,2025-07-26 00:00:00.001
1753502400001,-0.0004054,2025-07-26 04:00:00.001
1753516800005,2.285e-05,2025-07-26 08:00:00.005
1753531200004,3.64e-05,2025-07-26 12:00:00.004
1753545600001,-0.00012706,2025-07-26 16:00:00.001
1753560000000,-0.00022201,2025-07-26 20:00:00.000
1753574400001,-8.938e-05,2025-07-27 00:00:00.001
1753588800000,5e-05,2025-07-27 04:00:00.000
1753603200000,1.064e-05,2025-07-27 08:00:00.000
1753617600000,5e-05,2025-07-27 12:00:00.000
1753632000008,5e-05,2025-07-27 16:00:00.008
1753646400002,5e-05,2025-07-27 20:00:00.002
1753660800005,-5.719e-05,2025-07-28 00:00:00.005
1753675200001,5e-05,2025-07-28 04:00:00.001
1753689600000,5e-05,2025-07-28 08:00:00.000
1753704000000,-7.919e-05,2025-07-28 12:00:00.000
1753718400000,5e-05,2025-07-28 16:00:00.000
1753732800005,-1.229e-05,2025-07-28 20:00:00.005
1753747200001,-0.000191,2025-07-29 00:00:00.001
1753761600001,-5.933e-05,2025-07-29 04:00:00.001
1753776000000,-1.85e-05,2025-07-29 08:00:00.000
1753790400001,-0.00022387,2025-07-29 12:00:00.001
1753804800000,-0.00025859,2025-07-29 16:00:00.000
1753819200000,-0.00026653,2025-07-29 20:00:00.000
1753833600011,2.202e-05,2025-07-30 00:00:00.011
1753848000000,-7.897e-05,2025-07-30 04:00:00.000
1753862400000,-0.00018664,2025-07-30 08:00:00.000
1753876800003,-0.00027344,2025-07-30 12:00:00.003
1753891200008,-0.00023361,2025-07-30 16:00:00.008
1753905600000,-8.575e-05,2025-07-30 20:00:00.000
1753920000000,-0.00011102,2025-07-31 00:00:00.000
1753934400010,-0.0003651,2025-07-31 04:00:00.010
1753948800009,-0.00028584,2025-07-31 08:00:00.009
1753963200003,5e-05,2025-07-31 12:00:00.003
1753977600000,-0.0001752,2025-07-31 16:00:00.000
1753992000000,4.988e-05,2025-07-31 20:00:00.000
1754006400001,5e-05,2025-08-01 00:00:00.001
1754020800000,-0.00036762,2025-08-01 04:00:00.000
1754035200003,-0.00013613,2025-08-01 08:00:00.003
1754049600001,-0.0003841,2025-08-01 12:00:00.001
1754064000000,-0.0001509,2025-08-01 16:00:00.000
1754078400004,7.89e-06,2025-08-01 20:00:00.004
1754092800004,-0.00018088,2025-08-02 00:00:00.004
1754107200000,-0.0001373,2025-08-02 04:00:00.000
1754121600000,-9.506e-05,2025-08-02 08:00:00.000
1754136000005,-0.00016768,2025-08-02 12:00:00.005
1754150400000,-0.00053879,2025-08-02 16:00:00.000
1754164800001,-0.00051353,2025-08-02 20:00:00.001
1754179200000,-0.0004252,2025-08-03 00:00:00.000
1754193600000,-0.00025132,2025-08-03 04:00:00.000
1754208000000,-0.00016863,2025-08-03 08:00:00.000
1754222400001,-0.00060245,2025-08-03 12:00:00.001
1754236800003,5e-05,2025-08-03 16:00:00.003
1754251200002,-3.71e-05,2025-08-03 20:00:00.002
1754265600004,-0.00020011,2025-08-04 00:00:00.004
1754280000000,-0.00030415,2025-08-04 04:00:00.000
1754294400000,-0.00034715,2025-08-04 08:00:00.000
1754308800006,-0.00035451,2025-08-04 12:00:00.006
1754323200002,-0.00025681,2025-08-04 16:00:00.002
1754337600007,-0.0018002,2025-08-04 20:00:00.007
1754352000000,-0.00205867,2025-08-05 00:00:00.000
1754366400000,-0.00088912,2025-08-05 04:00:00.000
1754380800000,-0.00055297,2025-08-05 08:00:00.000
1754395200004,-0.00061445,2025-08-05 12:00:00.004
1754409600000,-0.00048699,2025-08-05 16:00:00.000
1754424000003,-0.00018858,2025-08-05 20:00:00.003
1754438400005,-0.00023845,2025-08-06 00:00:00.005
1754452800000,-0.0001629,2025-08-06 04:00:00.000
1754467200000,-0.00022309,2025-08-06 08:00:00.000
1754481600000,-0.00018489,2025-08-06 12:00:00.000
1754496000000,-0.00020154,2025-08-06 16:00:00.000
1754510400000,4.284e-05,2025-08-06 20:00:00.000
1754524800003,5e-05,2025-08-07 00:00:00.003
1754539200004,5e-05,2025-08-07 04:00:00.004
1754553600002,5e-05,2025-08-07 08:00:00.002
1754568000001,-1.742e-05,2025-08-07 12:00:00.001
1754582400002,5e-05,2025-08-07 16:00:00.002
1754596800001,5e-05,2025-08-07 20:00:00.001
1754611200002,-0.0003679,2025-08-08 00:00:00.002
1754625600010,5.56e-06,2025-08-08 04:00:00.010
1754640000004,-0.00015392,2025-08-08 08:00:00.004
1754654400003,-9.623e-05,2025-08-08 12:00:00.003
1754668800000,-0.00024912,2025-08-08 16:00:00.000
1754683200004,-5.342e-05,2025-08-08 20:00:00.004
1754697600005,-1.489e-05,2025-08-09 00:00:00.005
1754712000015,5e-05,2025-08-09 04:00:00.015
1754726400000,-0.00013867,2025-08-09 08:00:00.000
1754740800003,-0.00022942,2025-08-09 12:00:00.003
1754755200007,-0.00052763,2025-08-09 16:00:00.007
1754769600000,-6.342e-05,2025-08-09 20:00:00.000
1754784000003,3.763e-05,2025-08-10 00:00:00.003
1754798400006,-0.00032194,2025-08-10 04:00:00.006
1754812800005,-0.00017778,2025-08-10 08:00:00.005
1754827200006,-4.324e-05,2025-08-10 12:00:00.006
1754841600002,2.133e-05,2025-08-10 16:00:00.002
1754856000000,5e-05,2025-08-10 20:00:00.000
1754870400000,5e-05,2025-08-11 00:00:00.000
1754884800000,5e-05,2025-08-11 04:00:00.000
1754899200000,5e-05,2025-08-11 08:00:00.000
1754913600000,5e-05,2025-08-11 12:00:00.000
1754928000000,5e-05,2025-08-11 16:00:00.000
1754942400000,5e-05,2025-08-11 20:00:00.000
1754956800000,5e-05,2025-08-12 00:00:00.000
1754971200001,5e-05,2025-08-12 04:00:00.001
1754985600001,5e-05,2025-08-12 08:00:00.001
1755000000000,5e-05,2025-08-12 12:00:00.000
1755014400005,-2.743e-05,2025-08-12 16:00:00.005
1755028800000,5e-05,2025-08-12 20:00:00.000
1755043200000,5e-05,2025-08-13 00:00:00.000
1755057600000,5e-05,2025-08-13 04:00:00.000
1755072000002,5e-05,2025-08-13 08:00:00.002
1755086400000,-0.00013037,2025-08-13 12:00:00.000
1755100800006,5e-05,2025-08-13 16:00:00.006
1755115200001,-0.00036379,2025-08-13 20:00:00.001
1755129600002,-0.00043445,2025-08-14 00:00:00.002
1755144000009,5e-05,2025-08-14 04:00:00.009
1755158400003,5e-05,2025-08-14 08:00:00.003
1755172800001,5e-05,2025-08-14 12:00:00.001
1755187200000,-1.048e-05,2025-08-14 16:00:00.000
1755201600002,-0.00015087,2025-08-14 20:00:00.002
1755216000000,-0.00015941,2025-08-15 00:00:00.000
1755230400000,-0.00021383,2025-08-15 04:00:00.000
1755244800000,5e-05,2025-08-15 08:00:00.000
1755259200001,5e-05,2025-08-15 12:00:00.001
1755273600000,5e-05,2025-08-15 16:00:00.000
1755288000007,-5.233e-05,2025-08-15 20:00:00.007
1755302400004,6.9e-07,2025-08-16 00:00:00.004
1755316800000,-6.567e-05,2025-08-16 04:00:00.000
1755331200000,5e-05,2025-08-16 08:00:00.000
1755345600004,-7.14e-06,2025-08-16 12:00:00.004
1755360000002,-2.864e-05,2025-08-16 16:00:00.002
1755374400006,-0.00013659,2025-08-16 20:00:00.006
1755388800000,4.995e-05,2025-08-17 00:00:00.000
1755403200000,-4.82e-05,2025-08-17 04:00:00.000
1755417600001,5e-05,2025-08-17 08:00:00.001
1755432000002,5e-05,2025-08-17 12:00:00.002
1755446400007,5e-05,2025-08-17 16:00:00.007
1755460800001,5e-05,2025-08-17 20:00:00.001
1755475200000,5e-05,2025-08-18 00:00:00.000
1755489600010,5e-05,2025-08-18 04:00:00.010
1755504000001,5e-05,2025-08-18 08:00:00.001
1755518400002,9.23e-06,2025-08-18 12:00:00.002
1755532800002,1.099e-05,2025-08-18 16:00:00.002
1755547200007,-0.0001739,2025-08-18 20:00:00.007
1755561600000,-0.00013707,2025-08-19 00:00:00.000
1755576000000,-8.329e-05,2025-08-19 04:00:00.000
1755590400001,-0.00021715,2025-08-19 08:00:00.001
1755604800001,5e-05,2025-08-19 12:00:00.001
1755619200000,5e-05,2025-08-19 16:00:00.000
1755633600000,5e-05,2025-08-19 20:00:00.000
1755648000000,5e-05,2025-08-20 00:00:00.000
1755662400000,5e-05,2025-08-20 04:00:00.000
1755676800000,5e-05,2025-08-20 08:00:00.000
1755691200002,5e-05,2025-08-20 12:00:00.002
1755705600000,5e-05,2025-08-20 16:00:00.000
1755720000001,5e-05,2025-08-20 20:00:00.001
1755734400006,5e-05,2025-08-21 00:00:00.006
1755748800003,5e-05,2025-08-21 04:00:00.003
1755763200000,5e-05,2025-08-21 08:00:00.000
1755777600009,5e-05,2025-08-21 12:00:00.009
1755792000003,1.516e-05,2025-08-21 16:00:00.003
1755806400000,-5.989e-05,2025-08-21 20:00:00.000
1755820800010,5e-05,2025-08-22 00:00:00.010
1755835200003,5e-05,2025-08-22 04:00:00.003
1755849600007,5e-05,2025-08-22 08:00:00.007
1755864000001,5e-05,2025-08-22 12:00:00.001
1755878400001,5e-05,2025-08-22 16:00:00.001
1755892800004,5e-05,2025-08-22 20:00:00.004
1755907200004,5e-05,2025-08-23 00:00:00.004
1755921600000,5e-05,2025-08-23 04:00:00.000
1755936000006,5e-05,2025-08-23 08:00:00.006
1755950400000,5e-05,2025-08-23 12:00:00.000
1755964800000,5e-05,2025-08-23 16:00:00.000
1755979200005,5e-05,2025-08-23 20:00:00.005
1755993600001,5e-05,2025-08-24 00:00:00.001
1756008000000,5e-05,2025-08-24 04:00:00.000
1756022400002,3.416e-05,2025-08-24 08:00:00.002
1756036800003,-0.00018306,2025-08-24 12:00:00.003
1756051200001,5e-05,2025-08-24 16:00:00.001
1756065600008,5e-05,2025-08-24 20:00:00.008
1756080000000,5e-05,2025-08-25 00:00:00.000
1756094400001,5e-05,2025-08-25 04:00:00.001
1756108800002,-0.00014256,2025-08-25 08:00:00.002
1756123200000,5e-05,2025-08-25 12:00:00.000
1756137600002,2.121e-05,2025-08-25 16:00:00.002
1756152000003,-0.0002019,2025-08-25 20:00:00.003
1756166400000,5e-05,2025-08-26 00:00:00.000
1756180800007,5e-05,2025-08-26 04:00:00.007
1756195200000,-0.00234747,2025-08-26 08:00:00.000
1756209600001,-0.0003032,2025-08-26 12:00:00.001
1756224000000,-0.00018714,2025-08-26 16:00:00.000
1756238400000,-0.00050824,2025-08-26 20:00:00.000
1756252800003,-0.00010704,2025-08-27 00:00:00.003
1756267200000,-0.00083804,2025-08-27 04:00:00.000
1756281600000,-0.00028336,2025-08-27 08:00:00.000
1756296000003,-9.942e-05,2025-08-27 12:00:00.003
1756310400009,5e-05,2025-08-27 16:00:00.009
1756324800001,-1.059e-05,2025-08-27 20:00:00.001
1756339200000,5e-05,2025-08-28 00:00:00.000
1756353600000,5e-05,2025-08-28 04:00:00.000
1756368000005,5e-05,2025-08-28 08:00:00.005
1756382400000,5e-05,2025-08-28 12:00:00.000
1756396800004,-1.038e-05,2025-08-28 16:00:00.004
1756411200003,-8.038e-05,2025-08-28 20:00:00.003
1756425600000,5e-05,2025-08-29 00:00:00.000
1756440000008,-5.075e-05,2025-08-29 04:00:00.008
1756454400000,-0.00017237,2025-08-29 08:00:00.000
1756468800010,5e-05,2025-08-29 12:00:00.010
1756483200005,-0.00022496,2025-08-29 16:00:00.005
1756497600000,1.607e-05,2025-08-29 20:00:00.000
1756512000000,5e-05,2025-08-30 00:00:00.000
1756526400000,-0.00027612,2025-08-30 04:00:00.000
1756540800002,5e-05,2025-08-30 08:00:00.002
1756555200006,5e-05,2025-08-30 12:00:00.006
1756569600003,5e-05,2025-08-30 16:00:00.003
1756584000000,5e-05,2025-08-30 20:00:00.000
1756598400016,5e-05,2025-08-31 00:00:00.016
1756612800000,5e-05,2025-08-31 04:00:00.000
1756627200000,5e-05,2025-08-31 08:00:00.000
1756641600003,5e-05,2025-08-31 12:00:00.003
1756656000001,5e-05,2025-08-31 16:00:00.001
1756670400000,5e-05,2025-08-31 20:00:00.000
1756684800000,5e-05,2025-09-01 00:00:00.000
1756699200005,-0.00012422,2025-09-01 04:00:00.005
1756713600000,5e-05,2025-09-01 08:00:00.000
1756728000014,2.088e-05,2025-09-01 12:00:00.014
1756742400001,5e-05,2025-09-01 16:00:00.001
1756756800008,5e-05,2025-09-01 20:00:00.008
1756771200000,5e-05,2025-09-02 00:00:00.000
1756785600009,3.032e-05,2025-09-02 04:00:00.009
1756800000005,5e-05,2025-09-02 08:00:00.005
1756814400003,5e-05,2025-09-02 12:00:00.003
1756828800007,5e-05,2025-09-02 16:00:00.007
1756843200001,1.91e-06,2025-09-02 20:00:00.001
1756857600006,5e-05,2025-09-03 00:00:00.006
1756872000003,-3.113e-05,2025-09-03 04:00:00.003
1756886400002,-7.402e-05,2025-09-03 08:00:00.002
1756900800000,5e-05,2025-09-03 12:00:00.000
1756915200002,5e-05,2025-09-03 16:00:00.002
1756929600006,5e-05,2025-09-03 20:00:00.006
1756944000002,4.074e-05,2025-09-04 00:00:00.002
1756958400000,-5.369e-05,2025-09-04 04:00:00.000
1756972800000,-2.665e-05,2025-09-04 08:00:00.000
1756987200002,-5.622e-05,2025-09-04 12:00:00.002
1757001600000,5e-05,2025-09-04 16:00:00.000
1757016000000,-0.00039683,2025-09-04 20:00:00.000
1757030400001,-0.00037162,2025-09-05 00:00:00.001
1757044800000,-0.00067025,2025-09-05 04:00:00.000
1757059200006,-0.00056018,2025-09-05 08:00:00.006
1757073600001,-0.00253779,2025-09-05 12:00:00.001
1757088000000,-0.00019754,2025-09-05 16:00:00.000
1757102400000,5e-05,2025-09-05 20:00:00.000
1757116800000,5e-05,2025-09-06 00:00:00.000
1757131200000,5e-05,2025-09-06 04:00:00.000
1757145600005,5e-05,2025-09-06 08:00:00.005
1757160000000,-6.289e-05,2025-09-06 12:00:00.000
1757174400000,5e-05,2025-09-06 16:00:00.000
1757188800001,5e-05,2025-09-06 20:00:00.001
1757203200000,5e-05,2025-09-07 00:00:00.000
1757217600008,2.918e-05,2025-09-07 04:00:00.008
1757232000000,-0.00019672,2025-09-07 08:00:00.000
1757246400000,5e-05,2025-09-07 12:00:00.000
1757260800000,-0.00021263,2025-09-07 16:00:00.000
1757275200003,5e-05,2025-09-07 20:00:00.003
1757289600007,5e-05,2025-09-08 00:00:00.007
1757304000008,5e-05,2025-09-08 04:00:00.008
1757318400000,5e-05,2025-09-08 08:00:00.000
1757332800005,5e-05,2025-09-08 12:00:00.005
1757347200000,5e-05,2025-09-08 16:00:00.000
1757361600001,-1.867e-05,2025-09-08 20:00:00.001
1757376000000,-0.00014021,2025-09-09 00:00:00.000
1757390400000,5e-05,2025-09-09 04:00:00.000
1757404800000,5e-05,2025-09-09 08:00:00.000
1757419200004,5e-05,2025-09-09 12:00:00.004
1757433600000,-1.257e-05,2025-09-09 16:00:00.000
1757448000000,-7.682e-05,2025-09-09 20:00:00.000
1757462400000,5e-05,2025-09-10 00:00:00.000
1757476800001,-2.781e-05,2025-09-10 04:00:00.001
1757491200002,5e-05,2025-09-10 08:00:00.002
1757505600004,5e-05,2025-09-10 12:00:00.004
1757520000000,5e-05,2025-09-10 16:00:00.000
1757534400007,5e-05,2025-09-10 20:00:00.007
1757548800000,-7.264e-05,2025-09-11 00:00:00.000
1757563200003,5e-05,2025-09-11 04:00:00.003
1757577600000,-0.0005011,2025-09-11 08:00:00.000
1757592000005,-0.00030101,2025-09-11 12:00:00.005
1757606400001,-0.00020969,2025-09-11 16:00:00.001
1757620800001,-0.00045313,2025-09-11 20:00:00.001
1757635200002,-0.00029714,2025-09-12 00:00:00.002
1757649600004,-0.0002573,2025-09-12 04:00:00.004
1757664000001,-0.00049024,2025-09-12 08:00:00.001
1757678400001,-0.00084372,2025-09-12 12:00:00.001
1757692800005,-0.00021851,2025-09-12 16:00:00.005
1757707200000,-0.00123569,2025-09-12 20:00:00.000
1757721600005,5e-05,2025-09-13 00:00:00.005
1757736000002,-6.396e-05,2025-09-13 04:00:00.002
1757750400002,-0.00033453,2025-09-13 08:00:00.002
1757764800005,-0.00032556,2025-09-13 12:00:00.005
1757779200000,-0.00035032,2025-09-13 16:00:00.000
1757793600001,-0.00015403,2025-09-13 20:00:00.001
1757808000006,-8.679e-05,2025-09-14 00:00:00.006
1757822400001,-8.713e-05,2025-09-14 04:00:00.001
1757836800000,-0.00018967,2025-09-14 08:00:00.000
1757851200004,-0.00014136,2025-09-14 12:00:00.004
1757865600001,-0.00056264,2025-09-14 16:00:00.001
1757880000000,-0.00040584,2025-09-14 20:00:00.000
1757894400006,-0.00032327,2025-09-15 00:00:00.006
1757908800000,-0.00026424,2025-09-15 04:00:00.000
1757923200002,-0.00017354,2025-09-15 08:00:00.002
1757937600003,-0.00051699,2025-09-15 12:00:00.003
1757952000001,-0.00025272,2025-09-15 16:00:00.001
1757966400001,-0.00022683,2025-09-15 20:00:00.001
1757980800001,-0.00016231,2025-09-16 00:00:00.001
1757995200000,3.52e-06,2025-09-16 04:00:00.000
1758009600000,-0.00058196,2025-09-16 08:00:00.000
1758024000002,-0.00070401,2025-09-16 12:00:00.002
1758038400000,5e-05,2025-09-16 16:00:00.000
1758052800004,5e-05,2025-09-16 20:00:00.004
1758067200001,-0.00010315,2025-09-17 00:00:00.001
1758081600004,4.03e-05,2025-09-17 04:00:00.004
1758096000000,5e-05,2025-09-17 08:00:00.000
1758110400000,5e-05,2025-09-17 12:00:00.000
1758124800003,5e-05,2025-09-17 16:00:00.003
1758139200000,5e-05,2025-09-17 20:00:00.000
1758153600006,5e-05,2025-09-18 00:00:00.006
1758168000001,-9.91e-05,2025-09-18 04:00:00.001
1758182400002,-0.00056058,2025-09-18 08:00:00.002
1758196800000,1.163e-05,2025-09-18 12:00:00.000
1758211200000,5e-05,2025-09-18 16:00:00.000
1758225600008,5e-05,2025-09-18 20:00:00.008
1758240000000,5e-05,2025-09-19 00:00:00.000
1758254400003,5e-05,2025-09-19 04:00:00.003
1758268800005,5e-05,2025-09-19 08:00:00.005
1758283200000,5e-05,2025-09-19 12:00:00.000
1758297600000,5e-05,2025-09-19 16:00:00.000
1758312000004,5e-05,2025-09-19 20:00:00.004
1758326400000,5e-05,2025-09-20 00:00:00.000
1758340800000,-2.777e-05,2025-09-20 04:00:00.000
1758355200000,5e-05,2025-09-20 08:00:00.000
1758369600008,5e-05,2025-09-20 12:00:00.008
1758384000002,5e-05,2025-09-20 16:00:00.002
1758398400000,3.227e-05,2025-09-20 20:00:00.000
1758412800000,5e-05,2025-09-21 00:00:00.000
1758427200002,4.116e-05,2025-09-21 04:00:00.002
1758441600000,-3.618e-05,2025-09-21 08:00:00.000
1758456000002,-0.00101868,2025-09-21 12:00:00.002
1758470400000,-0.00019699,2025-09-21 16:00:00.000
1758484800000,-1.478e-05,2025-09-21 20:00:00.000
1758499200005,-3.451e-05,2025-09-22 00:00:00.005
1758513600000,-0.00055503,2025-09-22 04:00:00.000
1758528000003,-0.00103143,2025-09-22 08:00:00.003
1758542400005,-0.00102443,2025-09-22 12:00:00.005
1758556800000,-0.00049106,2025-09-22 16:00:00.000
1758571200001,-0.00045477,2025-09-22 20:00:00.001
1758585600000,-0.00041077,2025-09-23 00:00:00.000
1758600000012,-0.00035941,2025-09-23 04:00:00.012
1758614400001,-0.00010221,2025-09-23 08:00:00.001
1758628800000,-0.00021117,2025-09-23 12:00:00.000
1758643200000,-0.00036868,2025-09-23 16:00:00.000
1758657600001,-0.00086851,2025-09-23 20:00:00.001
1758672000003,-0.00035784,2025-09-24 00:00:00.003
1758686400000,-0.00016675,2025-09-24 04:00:00.000
1758700800001,-0.00055212,2025-09-24 08:00:00.001
1758715200001,-0.00011217,2025-09-24 12:00:00.001
1758729600002,-0.00044481,2025-09-24 16:00:00.002
1758744000001,-0.00084908,2025-09-24 20:00:00.001
1758758400000,-0.00065789,2025-09-25 00:00:00.000
1758772800000,-0.00020766,2025-09-25 04:00:00.000
1758787200001,-0.00170327,2025-09-25 08:00:00.001
1758801600000,-0.00019163,2025-09-25 12:00:00.000
1758816000000,-0.00034052,2025-09-25 16:00:00.000
1758830400000,-0.00024377,2025-09-25 20:00:00.000
1758844800000,-1.671e-05,2025-09-26 00:00:00.000
1758859200002,-0.00010443,2025-09-26 04:00:00.002
1758873600000,3.36e-06,2025-09-26 08:00:00.000
1758888000000,-3.91e-06,2025-09-26 12:00:00.000
1758902400008,3.566e-05,2025-09-26 16:00:00.008
1758916800005,5e-05,2025-09-26 20:00:00.005
1758931200000,5e-05,2025-09-27 00:00:00.000
1758945600000,-2.538e-05,2025-09-27 04:00:00.000
1758960000010,-8.064e-05,2025-09-27 08:00:00.010
1758974400003,-2.09e-05,2025-09-27 12:00:00.003
1758988800003,-1.56e-05,2025-09-27 16:00:00.003
1759003200002,-9.271e-05,2025-09-27 20:00:00.002
1759017600000,5e-05,2025-09-28 00:00:00.000
1759032000002,3.436e-05,2025-09-28 04:00:00.002
1759046400000,1.779e-05,2025-09-28 08:00:00.000
1759060800000,-3.983e-05,2025-09-28 12:00:00.000
1759075200000,5e-05,2025-09-28 16:00:00.000
1759089600004,5e-05,2025-09-28 20:00:00.004
1759104000000,5e-05,2025-09-29 00:00:00.000
1759118400000,5e-05,2025-09-29 04:00:00.000
1759132800002,5e-05,2025-09-29 08:00:00.002
1759147200000,5e-05,2025-09-29 12:00:00.000
1759161600001,5e-05,2025-09-29 16:00:00.001
1759176000000,5e-05,2025-09-29 20:00:00.000
1759190400002,5e-05,2025-09-30 00:00:00.002
1759204800000,5e-05,2025-09-30 04:00:00.000
1759219200005,5e-05,2025-09-30 08:00:00.005
1759233600000,6.89e-06,2025-09-30 12:00:00.000
1759248000000,4.682e-05,2025-09-30 16:00:00.000
1759262400000,5e-05,2025-09-30 20:00:00.000
1759276800000,5e-05,2025-10-01 00:00:00.000
1759291200008,5e-05,2025-10-01 04:00:00.008
1759305600000,5e-05,2025-10-01 08:00:00.000
1759320000007,5e-05,2025-10-01 12:00:00.007
1759334400000,5e-05,2025-10-01 16:00:00.000
1759348800001,5e-05,2025-10-01 20:00:00.001
1759363200000,5e-05,2025-10-02 00:00:00.000
1759377600001,5e-05,2025-10-02 04:00:00.001
1759392000013,5e-05,2025-10-02 08:00:00.013
1759406400000,5e-05,2025-10-02 12:00:00.000
1759420800000,5e-05,2025-10-02 16:00:00.000
1759435200000,5e-05,2025-10-02 20:00:00.000
1759449600006,5e-05,2025-10-03 00:00:00.006
1759464000000,5e-05,2025-10-03 04:00:00.000
1759478400006,5e-05,2025-10-03 08:00:00.006
1759492800000,5e-05,2025-10-03 12:00:00.000
1759507200000,5e-05,2025-10-03 16:00:00.000
1759521600002,5e-05,2025-10-03 20:00:00.002
1759536000001,5e-05,2025-10-04 00:00:00.001
1759550400006,5e-05,2025-10-04 04:00:00.006
1759564800000,5e-05,2025-10-04 08:00:00.000
1759579200000,5e-05,2025-10-04 12:00:00.000
1759593600000,5e-05,2025-10-04 16:00:00.000
1759608000003,5e-05,2025-10-04 20:00:00.003
1759622400000,3.152e-05,2025-10-05 00:00:00.000
1759636800000,-0.00010018,2025-10-05 04:00:00.000
1759651200003,-0.00015545,2025-10-05 08:00:00.003
1759665600000,5e-05,2025-10-05 12:00:00.000
1759680000009,5e-05,2025-10-05 16:00:00.009
1759694400004,5e-05,2025-10-05 20:00:00.004
1759708800004,5e-05,2025-10-06 00:00:00.004
1759723200003,5e-05,2025-10-06 04:00:00.003
1759737600002,5e-05,2025-10-06 08:00:00.002
1759752000000,5e-05,2025-10-06 12:00:00.000
1759766400004,5e-05,2025-10-06 16:00:00.004
1759780800002,5e-05,2025-10-06 20:00:00.002
1759795200000,5e-05,2025-10-07 00:00:00.000
1759809600001,5e-05,2025-10-07 04:00:00.001
1759824000003,5e-05,2025-10-07 08:00:00.003
1759838400005,5e-05,2025-10-07 12:00:00.005
1759852800000,5e-05,2025-10-07 16:00:00.000
1759867200002,5e-05,2025-10-07 20:00:00.002
1759881600000,5e-05,2025-10-08 00:00:00.000
1759896000002,5e-05,2025-10-08 04:00:00.002
1759910400006,5e-05,2025-10-08 08:00:00.006
1759924800003,5e-05,2025-10-08 12:00:00.003
1759939200002,5e-05,2025-10-08 16:00:00.002
1759953600000,5e-05,2025-10-08 20:00:00.000
1759968000001,5e-05,2025-10-09 00:00:00.001
1759982400003,5e-05,2025-10-09 04:00:00.003
1759996800000,-3.6e-06,2025-10-09 08:00:00.000
1760011200002,5e-05,2025-10-09 12:00:00.002
1760025600000,5e-05,2025-10-09 16:00:00.000
1760040000010,5e-05,2025-10-09 20:00:00.010
1760054400005,5e-05,2025-10-10 00:00:00.005
1760068800001,5e-05,2025-10-10 04:00:00.001
1760083200002,5e-05,2025-10-10 08:00:00.002
1760097600004,5e-05,2025-10-10 12:00:00.004
1760112000014,5e-05,2025-10-10 16:00:00.014
1760126400003,5e-05,2025-10-10 20:00:00.003
1760140800000,-0.00150895,2025-10-11 00:00:00.000
1760155200000,-0.00267485,2025-10-11 04:00:00.000
1760169600003,-0.00333632,2025-10-11 08:00:00.003
1760184000003,-0.00118895,2025-10-11 12:00:00.003
1760198400000,-0.00120534,2025-10-11 16:00:00.000
1760212800001,-0.00080995,2025-10-11 20:00:00.001
1760227200004,-0.00045988,2025-10-12 00:00:00.004
1760241600001,-0.00044006,2025-10-12 04:00:00.001
1760256000002,-0.00059792,2025-10-12 08:00:00.002
1760270400001,-0.00094405,2025-10-12 12:00:00.001
1760284800000,-9.398e-05,2025-10-12 16:00:00.000
1760299200000,-0.0003541,2025-10-12 20:00:00.000
1760313600003,5e-06,2025-10-13 00:00:00.003
1760328000000,-0.00034298,2025-10-13 04:00:00.000
1760342400002,-0.00015257,2025-10-13 08:00:00.002
1760356800001,-3.997e-05,2025-10-13 12:00:00.001
1760371200003,-7.398e-05,2025-10-13 16:00:00.003
1760385600002,-1.083e-05,2025-10-13 20:00:00.002
1760400000000,5e-05,2025-10-14 00:00:00.000
1760414400000,-0.00015919,2025-10-14 04:00:00.000
1760428800000,5e-05,2025-10-14 08:00:00.000
1760443200000,1.249e-05,2025-10-14 12:00:00.000
1760457600000,5e-05,2025-10-14 16:00:00.000
1760472000000,5e-05,2025-10-14 20:00:00.000
1760486400006,2.372e-05,2025-10-15 00:00:00.006
1760500800001,-0.00047948,2025-10-15 04:00:00.001
1760515200002,-0.00046878,2025-10-15 08:00:00.002
1760529600005,-0.00030085,2025-10-15 12:00:00.005
1760544000000,5e-05,2025-10-15 16:00:00.000
1760558400004,5e-05,2025-10-15 20:00:00.004
1760572800000,5e-05,2025-10-16 00:00:00.000
1760587200000,-0.00024811,2025-10-16 04:00:00.000
1760601600003,-0.00031953,2025-10-16 08:00:00.003
1760616000000,-0.00034449,2025-10-16 12:00:00.000
1760630400002,-0.0001968,2025-10-16 16:00:00.002
1760644800003,-6.344e-05,2025-10-16 20:00:00.003
1760659200001,-0.00013201,2025-10-17 00:00:00.001
1760673600001,-1.599e-05,2025-10-17 04:00:00.001
1760688000005,5e-05,2025-10-17 08:00:00.005
1760702400000,-0.00015128,2025-10-17 12:00:00.000
1760716800003,5e-05,2025-10-17 16:00:00.003
1760731200004,5e-05,2025-10-17 20:00:00.004
1760745600000,-0.00034921,2025-10-18 00:00:00.000
1760760000000,5e-05,2025-10-18 04:00:00.000
1760774400002,5e-05,2025-10-18 08:00:00.002
1760788800007,-0.00020984,2025-10-18 12:00:00.007
1760803200001,-0.00028039,2025-10-18 16:00:00.001
1760817600000,-0.00012147,2025-10-18 20:00:00.000
1760832000001,1.254e-05,2025-10-19 00:00:00.001
1760846400000,-5.294e-05,2025-10-19 04:00:00.000
1760860800001,-3.025e-05,2025-10-19 08:00:00.001
1760875200000,2.385e-05,2025-10-19 12:00:00.000
1760889600001,2.036e-05,2025-10-19 16:00:00.001
1760904000000,5e-05,2025-10-19 20:00:00.000
1760918400004,5e-05,2025-10-20 00:00:00.004
1760932800000,5e-05,2025-10-20 04:00:00.000
1760947200001,5e-05,2025-10-20 08:00:00.001
1760961600000,-0.00022998,2025-10-20 12:00:00.000
1760976000000,-0.00029588,2025-10-20 16:00:00.000
1760990400000,-7.388e-05,2025-10-20 20:00:00.000
1761004800009,-0.00047746,2025-10-21 00:00:00.009
1761019200003,-0.00013722,2025-10-21 04:00:00.003
1761033600000,-0.00020372,2025-10-21 08:00:00.000
1761048000000,-0.00041414,2025-10-21 12:00:00.000
1761062400000,-7.462e-05,2025-10-21 16:00:00.000
1761076800001,-0.00011141,2025-10-21 20:00:00.001
1761091200004,-0.0004499,2025-10-22 00:00:00.004
1761105600000,-3.686e-05,2025-10-22 04:00:00.000
1761120000000,5e-05,2025-10-22 08:00:00.000
1761134400000,5e-05,2025-10-22 12:00:00.000
1761148800000,5e-05,2025-10-22 16:00:00.000
1761163200004,-7.864e-05,2025-10-22 20:00:00.004
1761177600000,-2.08e-05,2025-10-23 00:00:00.000
1761192000000,-0.00016914,2025-10-23 04:00:00.000
1761206400001,5e-05,2025-10-23 08:00:00.001
1761220800000,2.743e-05,2025-10-23 12:00:00.000
1761235200004,9.92e-06,2025-10-23 16:00:00.004
1761249600000,5e-05,2025-10-23 20:00:00.000
1761264000000,8.26e-06,2025-10-24 00:00:00.000
1761278400002,-0.00030456,2025-10-24 04:00:00.002
1761292800000,-0.00027473,2025-10-24 08:00:00.000
1761307200002,5e-05,2025-10-24 12:00:00.002
1761321600009,5e-05,2025-10-24 16:00:00.009
1761336000000,5e-05,2025-10-24 20:00:00.000
1761350400000,5e-05,2025-10-25 00:00:00.000
1761364800000,-9.09e-06,2025-10-25 04:00:00.000
1761379200001,-0.00011968,2025-10-25 08:00:00.001
1761393600000,5e-05,2025-10-25 12:00:00.000
1761408000001,5e-05,2025-10-25 16:00:00.001
1761422400002,5e-05,2025-10-25 20:00:00.002
1761436800001,5e-05,2025-10-26 00:00:00.001
1761451200000,5e-05,2025-10-26 04:00:00.000
1761465600001,5e-05,2025-10-26 08:00:00.001
1761480000002,5e-05,2025-10-26 12:00:00.002
1761494400000,5e-05,2025-10-26 16:00:00.000
1761508800000,5e-05,2025-10-26 20:00:00.000
1761523200000,1.474e-05,2025-10-27 00:00:00.000
1761537600000,-0.00038677,2025-10-27 04:00:00.000
1761552000005,-8.902e-05,2025-10-27 08:00:00.005
1761566400003,-0.00019996,2025-10-27 12:00:00.003
1761580800000,-0.00033605,2025-10-27 16:00:00.000
1761595200001,-0.00034161,2025-10-27 20:00:00.001
1761609600000,-0.00033409,2025-10-28 00:00:00.000
1761624000004,-0.00038091,2025-10-28 04:00:00.004
1761638400000,-0.00071601,2025-10-28 08:00:00.000
1761652800000,-0.00081992,2025-10-28 12:00:00.000
1761667200004,5e-05,2025-10-28 16:00:00.004
1761681600004,5e-05,2025-10-28 20:00:00.004
1761696000004,5e-05,2025-10-29 00:00:00.004
1761710400005,5e-05,2025-10-29 04:00:00.005
1761724800005,5e-05,2025-10-29 08:00:00.005
1761739200011,5e-05,2025-10-29 12:00:00.011
1761753600000,5e-05,2025-10-29 16:00:00.000
1761768000008,5e-05,2025-10-29 20:00:00.008
1761782400004,8.72e-06,2025-10-30 00:00:00.004
1761796800001,5e-05,2025-10-30 04:00:00.001
1761811200008,-5.483e-05,2025-10-30 08:00:00.008
1761825600006,-0.00013477,2025-10-30 12:00:00.006
1761840000001,5e-05,2025-10-30 16:00:00.001
1761854400000,5e-05,2025-10-30 20:00:00.000
1761868800000,5e-05,2025-10-31 00:00:00.000
1761883200000,5e-05,2025-10-31 04:00:00.000
1761897600008,-0.00013007,2025-10-31 08:00:00.008
1761912000008,-0.0001471,2025-10-31 12:00:00.008
1761926400007,-0.00026566,2025-10-31 16:00:00.007
1761940800001,-7.791e-05,2025-10-31 20:00:00.001
1761955200001,-0.00013173,2025-11-01 00:00:00.001
1761969600000,-7.64e-05,2025-11-01 04:00:00.000
1761984000000,-1.984e-05,2025-11-01 08:00:00.000
1761998400000,-0.00018043,2025-11-01 12:00:00.000
1762012800000,-2.188e-05,2025-11-01 16:00:00.000
1762027200003,1.063e-05,2025-11-01 20:00:00.003
1762041600007,-0.00013213,2025-11-02 00:00:00.007
1762056000002,-0.00039134,2025-11-02 04:00:00.002
1762070400000,-0.0001291,2025-11-02 08:00:00.000
1762084800001,-0.00012017,2025-11-02 12:00:00.001
1762099200001,2.828e-05,2025-11-02 16:00:00.001
1762113600001,-5.194e-05,2025-11-02 20:00:00.001
1762128000000,5e-05,2025-11-03 00:00:00.000
1762142400003,9.58e-06,2025-11-03 04:00:00.003
1762156800010,-8.493e-05,2025-11-03 08:00:00.010
1762171200002,2.045e-05,2025-11-03 12:00:00.002
1762185600000,5.66e-06,2025-11-03 16:00:00.000
1762200000008,-4.834e-05,2025-11-03 20:00:00.008
1762214400002,5e-05,2025-11-04 00:00:00.002
1762228800000,3.596e-05,2025-11-04 04:00:00.000
1762243200004,-4.415e-05,2025-11-04 08:00:00.004
1762257600000,-6.395e-05,2025-11-04 12:00:00.000
1762272000000,-0.00018025,2025-11-04 16:00:00.000
1762286400001,1.65e-06,2025-11-04 20:00:00.001
1762300800000,3.562e-05,2025-11-05 00:00:00.000
1762315200005,2.136e-05,2025-11-05 04:00:00.005
1762329600000,5e-05,2025-11-05 08:00:00.000
1762344000000,5e-05,2025-11-05 12:00:00.000
1762358400004,5e-05,2025-11-05 16:00:00.004
1762372800001,5e-05,2025-11-05 20:00:00.001
1762387200001,5e-05,2025-11-06 00:00:00.001
1762401600009,-2.056e-05,2025-11-06 04:00:00.009
1762416000000,-3.805e-05,2025-11-06 08:00:00.000
1762430400001,-0.00299483,2025-11-06 12:00:00.001
1762444800001,-0.00061074,2025-11-06 16:00:00.001
1762459200006,-0.00082646,2025-11-06 20:00:00.006
1762473600005,-0.00028692,2025-11-07 00:00:00.005
1762488000000,-0.00247874,2025-11-07 04:00:00.000
1762502400003,-0.00020377,2025-11-07 08:00:00.003
1762516800005,-9.969e-05,2025-11-07 12:00:00.005
1762531200005,-8.061e-05,2025-11-07 16:00:00.005
1762545600000,3.177e-05,2025-11-07 20:00:00.000
1762560000011,5e-05,2025-11-08 00:00:00.011
1762574400001,5e-05,2025-11-08 04:00:00.001
1762588800015,5e-05,2025-11-08 08:00:00.015
1762603200000,5e-05,2025-11-08 12:00:00.000
1762617600001,5e-05,2025-11-08 16:00:00.001
1762632000006,5e-05,2025-11-08 20:00:00.006
1762646400004,5e-05,2025-11-09 00:00:00.004
1762660800000,-0.00011886,2025-11-09 04:00:00.000
1762675200000,5e-05,2025-11-09 08:00:00.000
1762689600000,-1.428e-05,2025-11-09 12:00:00.000
1762704000005,5e-05,2025-11-09 16:00:00.005
1762718400010,5e-05,2025-11-09 20:00:00.010
1762732800000,5e-05,2025-11-10 00:00:00.000
1762747200005,5e-05,2025-11-10 04:00:00.005
1762761600000,5e-05,2025-11-10 08:00:00.000
1762776000003,5e-05,2025-11-10 12:00:00.003
1762790400003,5e-05,2025-11-10 16:00:00.003
1762804800000,5e-05,2025-11-10 20:00:00.000
1762819200007,5e-05,2025-11-11 00:00:00.007
1762833600003,5e-05,2025-11-11 04:00:00.003
1762848000000,5e-05,2025-11-11 08:00:00.000
1762862400002,7.97e-06,2025-11-11 12:00:00.002
1762876800009,-0.00048381,2025-11-11 16:00:00.009
1762891200000,5e-05,2025-11-11 20:00:00.000
1762905600000,7.13e-06,2025-11-12 00:00:00.000
1762920000000,-0.0002289,2025-11-12 04:00:00.000
1762934400002,-0.01072402,2025-11-12 08:00:00.002
1762948800000,-0.00095631,2025-11-12 12:00:00.000
1762963200000,-0.00372958,2025-11-12 16:00:00.000
1762977600001,-0.01466864,2025-11-12 20:00:00.001
1762992000002,-0.00770936,2025-11-13 00:00:00.002
1763006400000,-0.0041389,2025-11-13 04:00:00.000
1763020800000,-0.00210504,2025-11-13 08:00:00.000
1763035200001,-0.00402258,2025-11-13 12:00:00.001
1763049600001,-0.00214602,2025-11-13 16:00:00.001
1763064000004,-0.00187614,2025-11-13 20:00:00.004
1763078400000,-0.00204361,2025-11-14 00:00:00.000
1763092800000,-0.00411456,2025-11-14 04:00:00.000
1763107200000,-0.0009388,2025-11-14 08:00:00.000
1763121600001,-0.00045941,2025-11-14 12:00:00.001
1763136000001,-0.0004302,2025-11-14 16:00:00.001
1763150400000,-0.00039106,2025-11-14 20:00:00.000
1763164800005,-0.00022648,2025-11-15 00:00:00.005
1763179200015,-0.00041311,2025-11-15 04:00:00.015
1763193600000,-0.00016429,2025-11-15 08:00:00.000
1763208000008,-0.00047736,2025-11-15 12:00:00.008
1763222400001,-0.0004848,2025-11-15 16:00:00.001
1763236800003,-0.00032165,2025-11-15 20:00:00.003
1763251200001,-6.064e-05,2025-11-16 00:00:00.001
1763265600003,-0.00041174,2025-11-16 04:00:00.003
1763280000000,-0.00020786,2025-11-16 08:00:00.000
1763294400003,-0.00037129,2025-11-16 12:00:00.003
1763308800000,-0.00023982,2025-11-16 16:00:00.000
1763323200000,-0.00032762,2025-11-16 20:00:00.000
1763337600003,-0.00075567,2025-11-17 00:00:00.003
1763352000001,-0.00078809,2025-11-17 04:00:00.001
1763366400003,-0.00058855,2025-11-17 08:00:00.003
1763380800000,-0.00037936,2025-11-17 12:00:00.000
1763395200000,-0.00034175,2025-11-17 16:00:00.000
1763409600003,-0.0006418,2025-11-17 20:00:00.003
1763424000002,9.32e-06,2025-11-18 00:00:00.002
1763438400000,-0.00010876,2025-11-18 04:00:00.000
1763452800004,-0.0006023,2025-11-18 08:00:00.004
1763467200000,-0.0002927,2025-11-18 12:00:00.000
1763481600000,-0.00014289,2025-11-18 16:00:00.000
1763496000002,-0.00046306,2025-11-18 20:00:00.002
1763510400000,-0.0001994,2025-11-19 00:00:00.000
1763524800000,-0.00052406,2025-11-19 04:00:00.000
1763539200000,-2.179e-05,2025-11-19 08:00:00.000
1763553600000,5e-05,2025-11-19 12:00:00.000
1763568000008,-0.00021241,2025-11-19 16:00:00.008
1763582400000,5e-05,2025-11-19 20:00:00.000
1763596800000,5e-05,2025-11-20 00:00:00.000
1763611200006,4.363e-05,2025-11-20 04:00:00.006
1763625600000,-0.00023089,2025-11-20 08:00:00.000
1763640000003,-0.00022083,2025-11-20 12:00:00.003
1763654400000,3.358e-05,2025-11-20 16:00:00.000
1763668800002,-2.759e-05,2025-11-20 20:00:00.002
1763683200001,5e-05,2025-11-21 00:00:00.001
1763697600000,5e-05,2025-11-21 04:00:00.000
1763712000000,5e-05,2025-11-21 08:00:00.000
1763726400001,4.72e-06,2025-11-21 12:00:00.001
1763740800001,4.289e-05,2025-11-21 16:00:00.001
1763755200000,-0.00727934,2025-11-21 20:00:00.000
1763769600004,-0.00267363,2025-11-22 00:00:00.004
1763784000000,-0.00199062,2025-11-22 04:00:00.000
1763798400000,-0.00373364,2025-11-22 08:00:00.000
1763812800000,-0.00218857,2025-11-22 12:00:00.000
1763827200000,-0.00305002,2025-11-22 16:00:00.000
1763841600001,-0.00132319,2025-11-22 20:00:00.001
1763856000000,-0.00027784,2025-11-23 00:00:00.000
1763870400000,-0.00015443,2025-11-23 04:00:00.000
1763884800008,-0.00016301,2025-11-23 08:00:00.008
1763899200000,-0.00076927,2025-11-23 12:00:00.000
1763913600003,-0.00020198,2025-11-23 16:00:00.003
1763928000003,-0.00146889,2025-11-23 20:00:00.003
1763942400004,-0.00140839,2025-11-24 00:00:00.004
1763956800000,-0.00081554,2025-11-24 04:00:00.000
1763971200000,-9.7e-06,2025-11-24 08:00:00.000
1763985600000,-0.0016652,2025-11-24 12:00:00.000
1764000000006,-0.00058598,2025-11-24 16:00:00.006
1764014400003,-0.00020853,2025-11-24 20:00:00.003
1764028800000,-3.771e-05,2025-11-25 00:00:00.000
1764043200000,-0.0001817,2025-11-25 04:00:00.000
1764057600009,-0.0003982,2025-11-25 08:00:00.009
1764072000002,-0.0007781,2025-11-25 12:00:00.002
1764086400007,-0.00012657,2025-11-25 16:00:00.007
1764100800009,-0.00016803,2025-11-25 20:00:00.009
1764115200001,-0.00045495,2025-11-26 00:00:00.001
1764129600006,-2.883e-05,2025-11-26 04:00:00.006
1764144000001,8.7e-07,2025-11-26 08:00:00.001
1764158400001,-3.26e-05,2025-11-26 12:00:00.001
1764172800000,6.7e-07,2025-11-26 16:00:00.000
1764187200001,5e-05,2025-11-26 20:00:00.001
1764201600013,-1.319e-05,2025-11-27 00:00:00.013
1764216000007,-1.087e-05,2025-11-27 04:00:00.007
1764230400000,5e-05,2025-11-27 08:00:00.000
1764244800002,5e-05,2025-11-27 12:00:00.002
1764259200004,5e-05,2025-11-27 16:00:00.004
1764273600004,5e-05,2025-11-27 20:00:00.004
1764288000008,5e-05,2025-11-28 00:00:00.008
1764302400000,5e-05,2025-11-28 04:00:00.000
1764316800000,3.436e-05,2025-11-28 08:00:00.000
1764331200004,-1.464e-05,2025-11-28 12:00:00.004
1764345600008,5e-05,2025-11-28 16:00:00.008
1764360000010,5e-05,2025-11-28 20:00:00.010
1764374400000,5e-05,2025-11-29 00:00:00.000
1764388800002,5e-05,2025-11-29 04:00:00.002
1764403200005,5e-05,2025-11-29 08:00:00.005
1764417600003,4.964e-05,2025-11-29 12:00:00.003
1764432000001,5e-05,2025-11-29 16:00:00.001
1764446400000,5e-05,2025-11-29 20:00:00.000
1764460800003,5e-05,2025-11-30 00:00:00.003
1764475200004,5e-05,2025-11-30 04:00:00.004
1764489600000,5e-05,2025-11-30 08:00:00.000
1764504000000,5e-05,2025-11-30 12:00:00.000
1764518400004,-2.958e-05,2025-11-30 16:00:00.004
1764532800006,5e-05,2025-11-30 20:00:00.006
1764547200000,5e-05,2025-12-01 00:00:00.000
1764561600000,5e-05,2025-12-01 04:00:00.000
1764576000004,5e-05,2025-12-01 08:00:00.004
1764590400000,5e-05,2025-12-01 12:00:00.000
1764604800000,5e-05,2025-12-01 16:00:00.000
1764619200000,5e-05,2025-12-01 20:00:00.000
1764633600004,5e-05,2025-12-02 00:00:00.004
1764648000000,5e-05,2025-12-02 04:00:00.000
1764662400000,5e-05,2025-12-02 08:00:00.000
1764676800004,5e-05,2025-12-02 12:00:00.004
1764691200000,5e-05,2025-12-02 16:00:00.000
1764705600000,3.792e-05,2025-12-02 20:00:00.000
1764720000000,5e-05,2025-12-03 00:00:00.000
1764734400004,-1.329e-05,2025-12-03 04:00:00.004
1764748800000,5e-05,2025-12-03 08:00:00.000
1764763200001,5e-05,2025-12-03 12:00:00.001
1764777600005,5e-05,2025-12-03 16:00:00.005
1764792000002,5e-05,2025-12-03 20:00:00.002
1764806400012,5e-05,2025-12-04 00:00:00.012
1764820800000,5e-05,2025-12-04 04:00:00.000
1764835200000,5e-05,2025-12-04 08:00:00.000
1764849600005,5e-05,2025-12-04 12:00:00.005
1764864000011,5e-05,2025-12-04 16:00:00.011
1764878400000,5e-05,2025-12-04 20:00:00.000
1764892800000,5e-05,2025-12-05 00:00:00.000
1764907200000,5e-05,2025-12-05 04:00:00.000
1764921600000,1.32e-06,2025-12-05 08:00:00.000
1764936000001,5e-05,2025-12-05 12:00:00.001
1764950400010,5e-05,2025-12-05 16:00:00.010
1764964800001,2.593e-05,2025-12-05 20:00:00.001
1764979200001,1.828e-05,2025-12-06 00:00:00.001
1764993600000,5e-05,2025-12-06 04:00:00.000
1765008000001,5e-05,2025-12-06 08:00:00.001
1765022400000,4.012e-05,2025-12-06 12:00:00.000
1765036800008,5e-05,2025-12-06 16:00:00.008
1765051200000,2.664e-05,2025-12-06 20:00:00.000
1765065600000,2.705e-05,2025-12-07 00:00:00.000
1765080000000,5e-05,2025-12-07 04:00:00.000
1765094400004,5e-05,2025-12-07 08:00:00.004
1765108800004,5e-05,2025-12-07 12:00:00.004
1765123200000,5e-05,2025-12-07 16:00:00.000
1765137600000,5e-05,2025-12-07 20:00:00.000
1765152000000,-3.176e-05,2025-12-08 00:00:00.000
1765166400000,2.122e-05,2025-12-08 04:00:00.000
1765180800000,-0.00011318,2025-12-08 08:00:00.000
1765195200001,5e-05,2025-12-08 12:00:00.001
1765209600001,-2.932e-05,2025-12-08 16:00:00.001
1765224000000,5e-05,2025-12-08 20:00:00.000
1765238400001,2.087e-05,2025-12-09 00:00:00.001
1765252800004,5e-05,2025-12-09 04:00:00.004
1765267200001,5e-05,2025-12-09 08:00:00.001
1765281600000,5e-05,2025-12-09 12:00:00.000
1765296000007,5e-05,2025-12-09 16:00:00.007
1765310400001,1.914e-05,2025-12-09 20:00:00.001
1765324800007,3.725e-05,2025-12-10 00:00:00.007
1765339200012,5e-05,2025-12-10 04:00:00.012
1765353600002,5e-05,2025-12-10 08:00:00.002
1765368000000,-5.396e-05,2025-12-10 12:00:00.000
1765382400012,5e-05,2025-12-10 16:00:00.012
1765396800000,5e-05,2025-12-10 20:00:00.000
1765411200001,5e-05,2025-12-11 00:00:00.001
1765425600000,5e-05,2025-12-11 04:00:00.000
1765440000000,5e-05,2025-12-11 08:00:00.000
1765454400000,5e-05,2025-12-11 12:00:00.000
1765468800000,5e-05,2025-12-11 16:00:00.000
1765483200001,5e-05,2025-12-11 20:00:00.001
1765497600005,5e-05,2025-12-12 00:00:00.005
1765512000000,5e-05,2025-12-12 04:00:00.000
1765526400007,5e-05,2025-12-12 08:00:00.007
1765540800000,5e-05,2025-12-12 12:00:00.000
1765555200002,5e-05,2025-12-12 16:00:00.002
1765569600004,5e-05,2025-12-12 20:00:00.004
1765584000001,5e-05,2025-12-13 00:00:00.001
1765598400006,5e-05,2025-12-13 04:00:00.006
1765612800006,5e-05,2025-12-13 08:00:00.006
1765627200002,5e-05,2025-12-13 12:00:00.002
1765641600000,5e-05,2025-12-13 16:00:00.000
1765656000000,5e-05,2025-12-13 20:00:00.000
1765670400000,5e-05,2025-12-14 00:00:00.000
1765684800001,5e-05,2025-12-14 04:00:00.001
1765699200003,5e-05,2025-12-14 08:00:00.003
1765713600000,5e-05,2025-12-14 12:00:00.000
1765728000005,5e-05,2025-12-14 16:00:00.005
1765742400000,5e-05,2025-12-14 20:00:00.000
1765756800000,5e-05,2025-12-15 00:00:00.000
1765771200001,5e-05,2025-12-15 04:00:00.001
1765785600000,5e-05,2025-12-15 08:00:00.000
1765800000000,5e-05,2025-12-15 12:00:00.000
1765814400000,5e-05,2025-12-15 16:00:00.000
1765828800000,2.892e-05,2025-12-15 20:00:00.000
1765843200002,5e-05,2025-12-16 00:00:00.002
1765857600000,5e-05,2025-12-16 04:00:00.000
1765872000000,5e-05,2025-12-16 08:00:00.000
1765886400008,5e-05,2025-12-16 12:00:00.008
1765900800002,5e-05,2025-12-16 16:00:00.002
1765915200000,5e-05,2025-12-16 20:00:00.000
1765929600004,5e-05,2025-12-17 00:00:00.004
1765944000002,5e-05,2025-12-17 04:00:00.002
1765958400000,5e-05,2025-12-17 08:00:00.000
1765972800000,5e-05,2025-12-17 12:00:00.000
1765987200000,5e-05,2025-12-17 16:00:00.000
1766001600001,5e-05,2025-12-17 20:00:00.001
1766016000005,5e-05,2025-12-18 00:00:00.005
1766030400000,5e-05,2025-12-18 04:00:00.000
1766044800007,5e-05,2025-12-18 08:00:00.007
1766059200000,5e-05,2025-12-18 12:00:00.000
1766073600001,5e-05,2025-12-18 16:00:00.001
1766088000000,5e-05,2025-12-18 20:00:00.000
1766102400000,5e-05,2025-12-19 00:00:00.000
1766116800000,5e-05,2025-12-19 04:00:00.000
1766131200001,5e-05,2025-12-19 08:00:00.001
1766145600000,5e-05,2025-12-19 12:00:00.000
1766160000000,5e-05,2025-12-19 16:00:00.000
1766174400000,5e-05,2025-12-19 20:00:00.000
1766188800005,5e-05,2025-12-20 00:00:00.005
1766203200001,5e-05,2025-12-20 04:00:00.001
1766217600000,5e-05,2025-12-20 08:00:00.000
1766232000000,5e-05,2025-12-20 12:00:00.000
1766246400002,5e-05,2025-12-20 16:00:00.002
1766260800009,5e-05,2025-12-20 20:00:00.009
1766275200000,5e-05,2025-12-21 00:00:00.000
1766289600003,5e-05,2025-12-21 04:00:00.003
1766304000009,5e-05,2025-12-21 08:00:00.009
1766318400000,5e-05,2025-12-21 12:00:00.000
1766332800000,5e-05,2025-12-21 16:00:00.000
1766347200009,5e-05,2025-12-21 20:00:00.009
1766361600000,5e-05,2025-12-22 00:00:00.000
1766376000000,5e-05,2025-12-22 04:00:00.000
1766390400005,5e-05,2025-12-22 08:00:00.005
1766404800002,5e-05,2025-12-22 12:00:00.002
1766419200009,5e-05,2025-12-22 16:00:00.009
1766433600001,5e-05,2025-12-22 20:00:00.001
1766448000000,5e-05,2025-12-23 00:00:00.000
1766462400000,5e-05,2025-12-23 04:00:00.000
1766476800000,5e-05,2025-12-23 08:00:00.000
1766491200000,5e-05,2025-12-23 12:00:00.000
1766505600001,5e-05,2025-12-23 16:00:00.001
1766520000005,5e-05,2025-12-23 20:00:00.005
1766534400001,5e-05,2025-12-24 00:00:00.001
1766548800000,5e-05,2025-12-24 04:00:00.000
1766563200001,5e-05,2025-12-24 08:00:00.001
1766577600002,5e-05,2025-12-24 12:00:00.002
1766592000000,5e-05,2025-12-24 16:00:00.000
1766606400003,5e-05,2025-12-24 20:00:00.003
1766620800000,5e-05,2025-12-25 00:00:00.000
1766635200000,5e-05,2025-12-25 04:00:00.000
1766649600001,5e-05,2025-12-25 08:00:00.001
1766664000008,5e-05,2025-12-25 12:00:00.008
1766678400005,5e-05,2025-12-25 16:00:00.005
1766692800001,5e-05,2025-12-25 20:00:00.001
1766707200004,5e-05,2025-12-26 00:00:00.004
1766721600005,5e-05,2025-12-26 04:00:00.005
1766736000001,5e-05,2025-12-26 08:00:00.001
1766750400000,5e-05,2025-12-26 12:00:00.000
1766764800007,5e-05,2025-12-26 16:00:00.007
1766779200000,5e-05,2025-12-26 20:00:00.000
1766793600000,5e-05,2025-12-27 00:00:00.000
1766808000000,5e-05,2025-12-27 04:00:00.000
1766822400000,5e-05,2025-12-27 08:00:00.000
1766836800000,5e-05,2025-12-27 12:00:00.000
1766851200011,5e-05,2025-12-27 16:00:00.011
1766865600003,5e-05,2025-12-27 20:00:00.003
1766880000008,5e-05,2025-12-28 00:00:00.008
1766894400000,5e-05,2025-12-28 04:00:00.000
1766908800000,5e-05,2025-12-28 08:00:00.000
1766923200010,5e-05,2025-12-28 12:00:00.010
1766937600000,5e-05,2025-12-28 16:00:00.000
1766952000002,5e-05,2025-12-28 20:00:00.002
1766966400016,5e-05,2025-12-29 00:00:00.016
1766980800000,5e-05,2025-12-29 04:00:00.000
1766995200001,5e-05,2025-12-29 08:00:00.001
1767009600001,5e-05,2025-12-29 12:00:00.001
1767024000000,5e-05,2025-12-29 16:00:00.000
1767038400000,5e-05,2025-12-29 20:00:00.000
1767052800005,5e-05,2025-12-30 00:00:00.005
1767067200012,5e-05,2025-12-30 04:00:00.012
1767081600001,5e-05,2025-12-30 08:00:00.001
1767096000000,5e-05,2025-12-30 12:00:00.000
1767110400003,5e-05,2025-12-30 16:00:00.003
1767124800001,5e-05,2025-12-30 20:00:00.001
1767139200004,5e-05,2025-12-31 00:00:00.004
1767153600008,5e-05,2025-12-31 04:00:00.008
1767168000001,5e-05,2025-12-31 08:00:00.001
1767182400007,5e-05,2025-12-31 12:00:00.007
1767196800001,5e-05,2025-12-31 16:00:00.001
1767211200009,5e-05,2025-12-31 20:00:00.009
1767225600008,5e-05,2026-01-01 00:00:00.008
1767240000000,5e-05,2026-01-01 04:00:00.000
1767254400002,5e-05,2026-01-01 08:00:00.002
1767268800007,5e-05,2026-01-01 12:00:00.007
1767283200001,5e-05,2026-01-01 16:00:00.001
1767297600005,5e-05,2026-01-01 20:00:00.005
1767312000006,5e-05,2026-01-02 00:00:00.006
1767326400000,5e-05,2026-01-02 04:00:00.000
1767340800007,5e-05,2026-01-02 08:00:00.007
1767355200000,5e-05,2026-01-02 12:00:00.000
1767369600000,5e-05,2026-01-02 16:00:00.000
1767384000000,5e-05,2026-01-02 20:00:00.000
1767398400001,5e-05,2026-01-03 00:00:00.001
1767412800000,5e-05,2026-01-03 04:00:00.000
1767427200000,5e-05,2026-01-03 08:00:00.000
1767441600008,5e-05,2026-01-03 12:00:00.008
1767456000000,5e-05,2026-01-03 16:00:00.000
1767470400001,5e-05,2026-01-03 20:00:00.001
1767484800000,5e-05,2026-01-04 00:00:00.000
1767499200000,5e-05,2026-01-04 04:00:00.000
1767513600000,5e-05,2026-01-04 08:00:00.000
1767528000001,5e-05,2026-01-04 12:00:00.001
1767542400001,5e-05,2026-01-04 16:00:00.001
1767556800002,5e-05,2026-01-04 20:00:00.002
1767571200000,5e-05,2026-01-05 00:00:00.000
1767585600001,5e-05,2026-01-05 04:00:00.001
1767600000000,5e-05,2026-01-05 08:00:00.000
1767614400000,5e-05,2026-01-05 12:00:00.000
1767628800000,5e-05,2026-01-05 16:00:00.000
1767643200000,5e-05,2026-01-05 20:00:00.000
1767657600010,5e-05,2026-01-06 00:00:00.010
1767672000000,5e-05,2026-01-06 04:00:00.000
1767686400000,5e-05,2026-01-06 08:00:00.000
1767700800000,5e-05,2026-01-06 12:00:00.000
1767715200000,5e-05,2026-01-06 16:00:00.000
1767729600002,5e-05,2026-01-06 20:00:00.002
1767744000001,5e-05,2026-01-07 00:00:00.001
1767758400003,5e-05,2026-01-07 04:00:00.003
1767772800001,5e-05,2026-01-07 08:00:00.001
1767787200000,5e-05,2026-01-07 12:00:00.000
1767801600001,5e-05,2026-01-07 16:00:00.001
1767816000001,5e-05,2026-01-07 20:00:00.001
1767830400001,5e-05,2026-01-08 00:00:00.001
1767844800000,5e-05,2026-01-08 04:00:00.000
1767859200000,5e-05,2026-01-08 08:00:00.000
1767873600002,5e-05,2026-01-08 12:00:00.002
1767888000000,5e-05,2026-01-08 16:00:00.000
1767902400000,5e-05,2026-01-08 20:00:00.000
1767916800003,5e-05,2026-01-09 00:00:00.003
1767931200000,5e-05,2026-01-09 04:00:00.000
1767945600000,5e-05,2026-01-09 08:00:00.000
1767960000000,5e-05,2026-01-09 12:00:00.000
1767974400001,5e-05,2026-01-09 16:00:00.001
1767988800005,5e-05,2026-01-09 20:00:00.005
1768003200000,5e-05,2026-01-10 00:00:00.000
1768017600000,5e-05,2026-01-10 04:00:00.000
1768032000002,5e-05,2026-01-10 08:00:00.002
1768046400000,5e-05,2026-01-10 12:00:00.000
1768060800001,5e-05,2026-01-10 16:00:00.001
1768075200014,5e-05,2026-01-10 20:00:00.014
1768089600003,5e-05,2026-01-11 00:00:00.003
1768104000000,5e-05,2026-01-11 04:00:00.000
1768118400006,5e-05,2026-01-11 08:00:00.006
1768132800000,5e-05,2026-01-11 12:00:00.000
1768147200000,5e-05,2026-01-11 16:00:00.000
1768161600002,5e-05,2026-01-11 20:00:00.002
1768176000005,5e-05,2026-01-12 00:00:00.005
1768190400008,5e-05,2026-01-12 04:00:00.008
1768204800000,5e-05,2026-01-12 08:00:00.000
1768219200000,5e-05,2026-01-12 12:00:00.000
1768233600000,5e-05,2026-01-12 16:00:00.000
1768248000000,5e-05,2026-01-12 20:00:00.000
1768262400007,5e-05,2026-01-13 00:00:00.007
1768276800000,5e-05,2026-01-13 04:00:00.000
1768291200009,5e-05,2026-01-13 08:00:00.009
1768305600000,5e-05,2026-01-13 12:00:00.000
1768320000002,5e-05,2026-01-13 16:00:00.002
1768334400003,5e-05,2026-01-13 20:00:00.003
1768348800000,5e-05,2026-01-14 00:00:00.000
1768363200001,5e-05,2026-01-14 04:00:00.001
1768377600001,5e-05,2026-01-14 08:00:00.001
1768392000000,5e-05,2026-01-14 12:00:00.000
1768406400004,5e-05,2026-01-14 16:00:00.004
1768420800007,5e-05,2026-01-14 20:00:00.007
1768435200000,5e-05,2026-01-15 00:00:00.000
1768449600008,5e-05,2026-01-15 04:00:00.008
1768464000004,5e-05,2026-01-15 08:00:00.004
1768478400000,5e-05,2026-01-15 12:00:00.000
1768492800002,5e-05,2026-01-15 16:00:00.002
1768507200000,5e-05,2026-01-15 20:00:00.000
1768521600000,5e-05,2026-01-16 00:00:00.000
1768536000000,5e-05,2026-01-16 04:00:00.000
1768550400000,5e-05,2026-01-16 08:00:00.000
1768564800001,5e-05,2026-01-16 12:00:00.001
1768579200001,5e-05,2026-01-16 16:00:00.001
1768593600003,5e-05,2026-01-16 20:00:00.003
1768608000000,5e-05,2026-01-17 00:00:00.000
1768622400000,5e-05,2026-01-17 04:00:00.000
1768636800000,5e-05,2026-01-17 08:00:00.000
1768651200000,5e-05,2026-01-17 12:00:00.000
1768665600002,5e-05,2026-01-17 16:00:00.002
1768680000002,5e-05,2026-01-17 20:00:00.002
1768694400001,5e-05,2026-01-18 00:00:00.001
1768708800002,5e-05,2026-01-18 04:00:00.002
1768723200000,5e-05,2026-01-18 08:00:00.000
1768737600000,5e-05,2026-01-18 12:00:00.000
1768752000000,5e-05,2026-01-18 16:00:00.000
1768766400011,5e-05,2026-01-18 20:00:00.011
1768780800007,5e-05,2026-01-19 00:00:00.007
1768795200002,5e-05,2026-01-19 04:00:00.002
1768809600007,5e-05,2026-01-19 08:00:00.007
1768824000000,5e-05,2026-01-19 12:00:00.000
1768838400007,5e-05,2026-01-19 16:00:00.007
1768852800000,5e-05,2026-01-19 20:00:00.000
1768867200005,5e-05,2026-01-20 00:00:00.005
1768881600008,5e-05,2026-01-20 04:00:00.008
1768896000001,5e-05,2026-01-20 08:00:00.001
1768910400007,5e-05,2026-01-20 12:00:00.007
1768924800009,5e-05,2026-01-20 16:00:00.009
1768939200002,5e-05,2026-01-20 20:00:00.002
1768953600001,5e-05,2026-01-21 00:00:00.001
1768968000009,5e-05,2026-01-21 04:00:00.009
1768982400011,5e-05,2026-01-21 08:00:00.011
1768996800000,5e-05,2026-01-21 12:00:00.000
1769011200011,5e-05,2026-01-21 16:00:00.011
1769025600000,5e-05,2026-01-21 20:00:00.000
1769040000010,5e-05,2026-01-22 00:00:00.010
1769054400011,5e-05,2026-01-22 04:00:00.011
1769068800003,5e-05,2026-01-22 08:00:00.003
1769083200000,5e-05,2026-01-22 12:00:00.000
1769097600005,5e-05,2026-01-22 16:00:00.005
1769112000000,5e-05,2026-01-22 20:00:00.000
1769126400005,5e-05,2026-01-23 00:00:00.005
1769140800000,5e-05,2026-01-23 04:00:00.000
1769155200000,5e-05,2026-01-23 08:00:00.000
1769169600002,5e-05,2026-01-23 12:00:00.002
1769184000011,5e-05,2026-01-23 16:00:00.011
1769198400000,5e-05,2026-01-23 20:00:00.000
1769212800011,5e-05,2026-01-24 00:00:00.011
1769227200008,5e-05,2026-01-24 04:00:00.008
1769241600002,5e-05,2026-01-24 08:00:00.002
1769256000000,5e-05,2026-01-24 12:00:00.000
1769270400001,5e-05,2026-01-24 16:00:00.001
1769284800008,5e-05,2026-01-24 20:00:00.008
1769299200002,5e-05,2026-01-25 00:00:00.002
1769313600000,5e-05,2026-01-25 04:00:00.000
1769328000011,5e-05,2026-01-25 08:00:00.011
1769342400000,5e-05,2026-01-25 12:00:00.000
1769356800005,5e-05,2026-01-25 16:00:00.005
1769371200001,5e-05,2026-01-25 20:00:00.001
1769385600000,5e-05,2026-01-26 00:00:00.000
1769400000000,5e-05,2026-01-26 04:00:00.000
1769414400003,5e-05,2026-01-26 08:00:00.003
1769428800000,5e-05,2026-01-26 12:00:00.000
1769443200000,5e-05,2026-01-26 16:00:00.000
1769457600000,5e-05,2026-01-26 20:00:00.000
1769472000002,5e-05,2026-01-27 00:00:00.002
1769486400002,5e-05,2026-01-27 04:00:00.002
1769500800000,5e-05,2026-01-27 08:00:00.000
1769515200006,5e-05,2026-01-27 12:00:00.006
1769529600000,5e-05,2026-01-27 16:00:00.000
1769544000000,5e-05,2026-01-27 20:00:00.000
1769558400000,5e-05,2026-01-28 00:00:00.000
1769572800008,5e-05,2026-01-28 04:00:00.008
1769587200000,5e-05,2026-01-28 08:00:00.000
1769601600005,5e-05,2026-01-28 12:00:00.005
1769616000000,5e-05,2026-01-28 16:00:00.000
1769630400004,5e-05,2026-01-28 20:00:00.004
1769644800000,5e-05,2026-01-29 00:00:00.000
1769659200000,5e-05,2026-01-29 04:00:00.000
1769673600009,5e-05,2026-01-29 08:00:00.009
1769688000000,5e-05,2026-01-29 12:00:00.000
1769702400000,5e-05,2026-01-29 16:00:00.000
1769716800004,5e-05,2026-01-29 20:00:00.004
1769731200008,5e-05,2026-01-30 00:00:00.008
1769745600005,5e-05,2026-01-30 04:00:00.005
1769760000000,5e-05,2026-01-30 08:00:00.000
1769774400005,5e-05,2026-01-30 12:00:00.005
1769788800001,5e-05,2026-01-30 16:00:00.001
1769803200004,5e-05,2026-01-30 20:00:00.004
1769817600000,5e-05,2026-01-31 00:00:00.000
1769832000002,5e-05,2026-01-31 04:00:00.002
1769846400001,5e-05,2026-01-31 08:00:00.001
1769860800010,5e-05,2026-01-31 12:00:00.010
1769875200009,5e-05,2026-01-31 16:00:00.009
1769889600012,5e-05,2026-01-31 20:00:00.012
1769904000001,5e-05,2026-02-01 00:00:00.001
1769918400000,5e-05,2026-02-01 04:00:00.000
1769932800004,5e-05,2026-02-01 08:00:00.004
1769947200004,5e-05,2026-02-01 12:00:00.004
1769961600000,5e-05,2026-02-01 16:00:00.000
1769976000004,5e-05,2026-02-01 20:00:00.004
1769990400000,5e-05,2026-02-02 00:00:00.000
1770004800000,5e-05,2026-02-02 04:00:00.000
1770019200014,5e-05,2026-02-02 08:00:00.014
1770033600009,5e-05,2026-02-02 12:00:00.009
1770048000000,5e-05,2026-02-02 16:00:00.000
1770062400000,5e-05,2026-02-02 20:00:00.000
1770076800000,5e-05,2026-02-03 00:00:00.000
1770091200001,5e-05,2026-02-03 04:00:00.001
1770105600007,5e-05,2026-02-03 08:00:00.007
1770120000006,5e-05,2026-02-03 12:00:00.006
1770134400000,5e-05,2026-02-03 16:00:00.000
1770148800009,5e-05,2026-02-03 20:00:00.009
1770163200002,5e-05,2026-02-04 00:00:00.002
1770177600004,5e-05,2026-02-04 04:00:00.004
1770192000007,5e-05,2026-02-04 08:00:00.007
1770206400010,5e-05,2026-02-04 12:00:00.010
1770220800000,5e-05,2026-02-04 16:00:00.000
1770235200001,5e-05,2026-02-04 20:00:00.001
1770249600011,5e-05,2026-02-05 00:00:00.011
1770264000001,5e-05,2026-02-05 04:00:00.001
1770278400000,5e-05,2026-02-05 08:00:00.000
1770292800006,5e-05,2026-02-05 12:00:00.006
1770307200007,5e-05,2026-02-05 16:00:00.007
1770321600000,5e-05,2026-02-05 20:00:00.000
1770336000000,5e-05,2026-02-06 00:00:00.000
1770350400001,5e-05,2026-02-06 04:00:00.001
1770364800001,5e-05,2026-02-06 08:00:00.001
1770379200003,5e-05,2026-02-06 12:00:00.003
1770393600000,5e-05,2026-02-06 16:00:00.000
1770408000005,5e-05,2026-02-06 20:00:00.005
1770422400003,5e-05,2026-02-07 00:00:00.003
1770436800024,5e-05,2026-02-07 04:00:00.024
1770451200000,5e-05,2026-02-07 08:00:00.000
1770465600007,5e-05,2026-02-07 12:00:00.007
1770480000010,5e-05,2026-02-07 16:00:00.010
1770494400000,5e-05,2026-02-07 20:00:00.000
1770508800003,5e-05,2026-02-08 00:00:00.003
1770523200002,5e-05,2026-02-08 04:00:00.002
1770537600000,5e-05,2026-02-08 08:00:00.000
1770552000005,5e-05,2026-02-08 12:00:00.005
1770566400000,5e-05,2026-02-08 16:00:00.000
1770580800000,5e-05,2026-02-08 20:00:00.000
1770595200002,5e-05,2026-02-09 00:00:00.002
1770609600012,5e-05,2026-02-09 04:00:00.012
1770624000001,5e-05,2026-02-09 08:00:00.001
1770638400003,5e-05,2026-02-09 12:00:00.003
1770652800007,5e-05,2026-02-09 16:00:00.007
1770667200006,5e-05,2026-02-09 20:00:00.006
1770681600000,5e-05,2026-02-10 00:00:00.000
1770696000000,5e-05,2026-02-10 04:00:00.000
1770710400007,5e-05,2026-02-10 08:00:00.007
1770724800000,5e-05,2026-02-10 12:00:00.000
1770739200000,5e-05,2026-02-10 16:00:00.000
1770753600007,5e-05,2026-02-10 20:00:00.007
1770768000000,5e-05,2026-02-11 00:00:00.000
1770782400000,5e-05,2026-02-11 04:00:00.000
1770796800006,5e-05,2026-02-11 08:00:00.006
1770811200000,5e-05,2026-02-11 12:00:00.000
1770825600000,5e-05,2026-02-11 16:00:00.000
1770840000003,5e-05,2026-02-11 20:00:00.003
1770854400000,5e-05,2026-02-12 00:00:00.000
1770868800000,5e-05,2026-02-12 04:00:00.000
1770883200001,5e-05,2026-02-12 08:00:00.001
1770897600002,5e-05,2026-02-12 12:00:00.002
1770912000001,5e-05,2026-02-12 16:00:00.001
1770926400006,5e-05,2026-02-12 20:00:00.006
1770940800007,5e-05,2026-02-13 00:00:00.007
1770955200000,5e-05,2026-02-13 04:00:00.000
1770969600003,5e-05,2026-02-13 08:00:00.003
1770984000000,5e-05,2026-02-13 12:00:00.000
1770998400005,5e-05,2026-02-13 16:00:00.005
1771012800006,5e-05,2026-02-13 20:00:00.006
1771027200002,5e-05,2026-02-14 00:00:00.002
1771041600007,5e-05,2026-02-14 04:00:00.007
1771056000004,5e-05,2026-02-14 08:00:00.004
1771070400000,5e-05,2026-02-14 12:00:00.000
1771084800002,5e-05,2026-02-14 16:00:00.002
1771099200000,5e-05,2026-02-14 20:00:00.000
1771113600000,5e-05,2026-02-15 00:00:00.000
1771128000000,5e-05,2026-02-15 04:00:00.000
1771142400002,5e-05,2026-02-15 08:00:00.002
1771156800005,5e-05,2026-02-15 12:00:00.005
1771171200000,5e-05,2026-02-15 16:00:00.000
1771185600009,5e-05,2026-02-15 20:00:00.009
1771200000001,5e-05,2026-02-16 00:00:00.001
1771214400004,5e-05,2026-02-16 04:00:00.004
1771228800003,5e-05,2026-02-16 08:00:00.003
1771243200000,5e-05,2026-02-16 12:00:00.000
1771257600000,5e-05,2026-02-16 16:00:00.000
1771272000009,5e-05,2026-02-16 20:00:00.009
1771286400008,5e-05,2026-02-17 00:00:00.008
1771300800003,5e-05,2026-02-17 04:00:00.003
1771315200001,5e-05,2026-02-17 08:00:00.001
1771329600000,5e-05,2026-02-17 12:00:00.000
1771344000002,5e-05,2026-02-17 16:00:00.002
1771358400002,5e-05,2026-02-17 20:00:00.002
1771372800000,5e-05,2026-02-18 00:00:00.000
1771387200000,5e-05,2026-02-18 04:00:00.000
1771401600000,5e-05,2026-02-18 08:00:00.000
1771416000007,5e-05,2026-02-18 12:00:00.007
1771430400011,5e-05,2026-02-18 16:00:00.011
1771444800004,5e-05,2026-02-18 20:00:00.004
1771459200013,5e-05,2026-02-19 00:00:00.013
1771473600003,5e-05,2026-02-19 04:00:00.003
1771488000000,5e-05,2026-02-19 08:00:00.000
1771502400011,5e-05,2026-02-19 12:00:00.011
1771516800003,5e-05,2026-02-19 16:00:00.003
1771531200000,5e-05,2026-02-19 20:00:00.000
1771545600000,5e-05,2026-02-20 00:00:00.000
1771560000003,5e-05,2026-02-20 04:00:00.003
1771574400000,5e-05,2026-02-20 08:00:00.000
1771588800000,5e-05,2026-02-20 12:00:00.000
1771603200000,5e-05,2026-02-20 16:00:00.000
1771617600000,5e-05,2026-02-20 20:00:00.000
1771632000004,5e-05,2026-02-21 00:00:00.004
1771646400000,5e-05,2026-02-21 04:00:00.000
1771660800000,5e-05,2026-02-21 08:00:00.000
1771675200013,5e-05,2026-02-21 12:00:00.013
1771689600005,5e-05,2026-02-21 16:00:00.005
1771704000000,5e-05,2026-02-21 20:00:00.000
1771718400001,5e-05,2026-02-22 00:00:00.001
1771732800008,5e-05,2026-02-22 04:00:00.008
1771747200004,5e-05,2026-02-22 08:00:00.004
1771761600008,5e-05,2026-02-22 12:00:00.008
1771776000000,5e-05,2026-02-22 16:00:00.000
1771790400000,5e-05,2026-02-22 20:00:00.000
1771804800001,5e-05,2026-02-23 00:00:00.001
1771819200000,5e-05,2026-02-23 04:00:00.000
1771833600000,5e-05,2026-02-23 08:00:00.000
1771848000003,5e-05,2026-02-23 12:00:00.003
1771862400000,5e-05,2026-02-23 16:00:00.000
1771876800000,5e-05,2026-02-23 20:00:00.000
1771891200007,5e-05,2026-02-24 00:00:00.007
1771905600000,5e-05,2026-02-24 04:00:00.000
1771920000000,5e-05,2026-02-24 08:00:00.000
1771934400000,5e-05,2026-02-24 12:00:00.000
1771948800001,5e-05,2026-02-24 16:00:00.001
1771963200002,5e-05,2026-02-24 20:00:00.002
1771977600001,5e-05,2026-02-25 00:00:00.001
1771992000000,5e-05,2026-02-25 04:00:00.000
1772006400007,5e-05,2026-02-25 08:00:00.007
1772020800000,5e-05,2026-02-25 12:00:00.000
1772035200000,5e-05,2026-02-25 16:00:00.000
1772049600006,5e-05,2026-02-25 20:00:00.006
1772064000000,5e-05,2026-02-26 00:00:00.000
1772078400000,5e-05,2026-02-26 04:00:00.000
1772092800006,5e-05,2026-02-26 08:00:00.006
1772107200004,5e-05,2026-02-26 12:00:00.004
1772121600002,5e-05,2026-02-26 16:00:00.002
1772136000001,5e-05,2026-02-26 20:00:00.001
1772150400007,5e-05,2026-02-27 00:00:00.007
1772164800000,5e-05,2026-02-27 04:00:00.000
1772179200000,5e-05,2026-02-27 08:00:00.000
1772193600000,5e-05,2026-02-27 12:00:00.000
1772208000001,5e-05,2026-02-27 16:00:00.001
1772222400007,5e-05,2026-02-27 20:00:00.007
1772236800000,5e-05,2026-02-28 00:00:00.000
1772251200002,5e-05,2026-02-28 04:00:00.002
1772265600000,5e-05,2026-02-28 08:00:00.000
1772280000001,5e-05,2026-02-28 12:00:00.001
1772294400004,5e-05,2026-02-28 16:00:00.004
1772308800000,5e-05,2026-02-28 20:00:00.000
1772323200005,5e-05,2026-03-01 00:00:00.005
1772337600000,5e-05,2026-03-01 04:00:00.000
1772352000000,5e-05,2026-03-01 08:00:00.000
1772366400000,5e-05,2026-03-01 12:00:00.000
1772380800002,5e-05,2026-03-01 16:00:00.002
1772395200001,5e-05,2026-03-01 20:00:00.001
1772409600001,5e-05,2026-03-02 00:00:00.001
1772424000001,5e-05,2026-03-02 04:00:00.001
1772438400007,5e-05,2026-03-02 08:00:00.007
1772452800002,5e-05,2026-03-02 12:00:00.002
1772467200000,5e-05,2026-03-02 16:00:00.000
1772481600000,5e-05,2026-03-02 20:00:00.000
1772496000000,5e-05,2026-03-03 00:00:00.000
1772510400009,5e-05,2026-03-03 04:00:00.009
1772524800000,5e-05,2026-03-03 08:00:00.000
1772539200017,5e-05,2026-03-03 12:00:00.017
1772553600007,5e-05,2026-03-03 16:00:00.007
1772568000000,5e-05,2026-03-03 20:00:00.000
1772582400001,5e-05,2026-03-04 00:00:00.001
1772596800000,5e-05,2026-03-04 04:00:00.000
1772611200005,5e-05,2026-03-04 08:00:00.005
1772625600008,5e-05,2026-03-04 12:00:00.008
1772640000000,5e-05,2026-03-04 16:00:00.000
1772654400000,5e-05,2026-03-04 20:00:00.000
1772668800000,5e-05,2026-03-05 00:00:00.000
1772683200000,5e-05,2026-03-05 04:00:00.000
1772697600000,5e-05,2026-03-05 08:00:00.000
1772712000000,5e-05,2026-03-05 12:00:00.000
1772726400004,5e-05,2026-03-05 16:00:00.004
1772740800000,5e-05,2026-03-05 20:00:00.000
1772755200001,5e-05,2026-03-06 00:00:00.001
1772769600003,5e-05,2026-03-06 04:00:00.003
1772784000001,5e-05,2026-03-06 08:00:00.001
1772798400005,5e-05,2026-03-06 12:00:00.005
1772812800004,5e-05,2026-03-06 16:00:00.004
1772827200010,5e-05,2026-03-06 20:00:00.010
1772841600001,5e-05,2026-03-07 00:00:00.001
1772856000006,5e-05,2026-03-07 04:00:00.006
1772870400012,5e-05,2026-03-07 08:00:00.012
1772884800000,5e-05,2026-03-07 12:00:00.000
1772899200001,5e-05,2026-03-07 16:00:00.001
1772913600000,5e-05,2026-03-07 20:00:00.000
1772928000001,5e-05,2026-03-08 00:00:00.001
1772942400010,5e-05,2026-03-08 04:00:00.010
1772956800000,5e-05,2026-03-08 08:00:00.000
1772971200002,5e-05,2026-03-08 12:00:00.002
1772985600002,5e-05,2026-03-08 16:00:00.002
1773000000000,5e-05,2026-03-08 20:00:00.000
1773014400000,5e-05,2026-03-09 00:00:00.000
1773028800006,5e-05,2026-03-09 04:00:00.006
1773043200004,5e-05,2026-03-09 08:00:00.004
1773057600001,5e-05,2026-03-09 12:00:00.001
1773072000003,5e-05,2026-03-09 16:00:00.003
1773086400000,5e-05,2026-03-09 20:00:00.000
1773100800012,5e-05,2026-03-10 00:00:00.012
1773115200000,5e-05,2026-03-10 04:00:00.000
1773129600002,5e-05,2026-03-10 08:00:00.002
1773144000004,5e-05,2026-03-10 12:00:00.004
1773158400001,5e-05,2026-03-10 16:00:00.001
1773172800004,5e-05,2026-03-10 20:00:00.004
1773187200000,5e-05,2026-03-11 00:00:00.000
1773201600000,5e-05,2026-03-11 04:00:00.000
1773216000007,5e-05,2026-03-11 08:00:00.007
1773230400003,5e-05,2026-03-11 12:00:00.003
1773244800010,5e-05,2026-03-11 16:00:00.010
1773259200004,5e-05,2026-03-11 20:00:00.004
1773273600000,5e-05,2026-03-12 00:00:00.000
1773288000001,5e-05,2026-03-12 04:00:00.001
1773302400000,5e-05,2026-03-12 08:00:00.000
1773316800006,5e-05,2026-03-12 12:00:00.006
1773331200000,5e-05,2026-03-12 16:00:00.000
1773345600006,5e-05,2026-03-12 20:00:00.006
1773360000006,5e-05,2026-03-13 00:00:00.006
1773374400005,5e-05,2026-03-13 04:00:00.005
1773388800001,5e-05,2026-03-13 08:00:00.001
1773403200003,5e-05,2026-03-13 12:00:00.003
1773417600000,5e-05,2026-03-13 16:00:00.000
1773432000000,5e-05,2026-03-13 20:00:00.000
1773446400001,5e-05,2026-03-14 00:00:00.001
1773460800002,5e-05,2026-03-14 04:00:00.002
1773475200000,5e-05,2026-03-14 08:00:00.000
1773489600000,5e-05,2026-03-14 12:00:00.000
1773504000007,5e-05,2026-03-14 16:00:00.007
1773518400000,5e-05,2026-03-14 20:00:00.000
1773532800000,5e-05,2026-03-15 00:00:00.000
1773547200000,5e-05,2026-03-15 04:00:00.000
1773561600000,5e-05,2026-03-15 08:00:00.000
1773576000002,5e-05,2026-03-15 12:00:00.002
1773590400000,5e-05,2026-03-15 16:00:00.000
1773604800000,5e-05,2026-03-15 20:00:00.000
1773619200000,5e-05,2026-03-16 00:00:00.000
1773633600006,5e-05,2026-03-16 04:00:00.006
1773648000010,5e-05,2026-03-16 08:00:00.010
1773662400002,5e-05,2026-03-16 12:00:00.002
1773676800000,5e-05,2026-03-16 16:00:00.000
1773691200001,5e-05,2026-03-16 20:00:00.001
1773705600000,5e-05,2026-03-17 00:00:00.000
1773720000008,5e-05,2026-03-17 04:00:00.008
1773734400002,5e-05,2026-03-17 08:00:00.002
1773748800012,5e-05,2026-03-17 12:00:00.012
1773763200011,5e-05,2026-03-17 16:00:00.011
1773777600000,5e-05,2026-03-17 20:00:00.000
1773792000002,5e-05,2026-03-18 00:00:00.002
1773806400000,5e-05,2026-03-18 04:00:00.000
1773820800002,5e-05,2026-03-18 08:00:00.002
1773835200001,5e-05,2026-03-18 12:00:00.001
1773849600005,5e-05,2026-03-18 16:00:00.005
1773864000008,5e-05,2026-03-18 20:00:00.008
1773878400000,5e-05,2026-03-19 00:00:00.000
1773892800000,5e-05,2026-03-19 04:00:00.000
1773907200003,5e-05,2026-03-19 08:00:00.003
1773921600002,5e-05,2026-03-19 12:00:00.002
1773936000003,5e-05,2026-03-19 16:00:00.003
1773950400000,5e-05,2026-03-19 20:00:00.000
1773964800002,5e-05,2026-03-20 00:00:00.002
1773979200008,5e-05,2026-03-20 04:00:00.008
1773993600000,5e-05,2026-03-20 08:00:00.000
1774008000000,5e-05,2026-03-20 12:00:00.000
1774022400000,5e-05,2026-03-20 16:00:00.000
1774036800007,5e-05,2026-03-20 20:00:00.007
1774051200000,5e-05,2026-03-21 00:00:00.000
1774065600002,5e-05,2026-03-21 04:00:00.002
1774080000000,5e-05,2026-03-21 08:00:00.000
1774094400003,5e-05,2026-03-21 12:00:00.003
1774108800014,5e-05,2026-03-21 16:00:00.014
1774123200000,5e-05,2026-03-21 20:00:00.000
1774137600012,5e-05,2026-03-22 00:00:00.012
1774152000003,5e-05,2026-03-22 04:00:00.003
1774166400007,5e-05,2026-03-22 08:00:00.007
1774180800000,5e-05,2026-03-22 12:00:00.000
1774195200002,5e-05,2026-03-22 16:00:00.002
1774209600000,5e-05,2026-03-22 20:00:00.000
1774224000000,5e-05,2026-03-23 00:00:00.000
1774238400000,5e-05,2026-03-23 04:00:00.000
1774252800003,5e-05,2026-03-23 08:00:00.003
1774267200000,9.144e-05,2026-03-23 12:00:00.000
1774281600002,7.436e-05,2026-03-23 16:00:00.002
1774296000000,5e-05,2026-03-23 20:00:00.000
1774310400000,5.019e-05,2026-03-24 00:00:00.000
1774324800001,9.725e-05,2026-03-24 04:00:00.001
1774339200000,7.44e-05,2026-03-24 08:00:00.000
1774353600000,5e-05,2026-03-24 12:00:00.000
1774368000003,5e-05,2026-03-24 16:00:00.003
1774382400000,5e-05,2026-03-24 20:00:00.000
1774396800000,5e-05,2026-03-25 00:00:00.000
1774411200000,5e-05,2026-03-25 04:00:00.000
1774425600000,5e-05,2026-03-25 08:00:00.000
1774440000005,5e-05,2026-03-25 12:00:00.005
1774454400013,5e-05,2026-03-25 16:00:00.013
1774468800001,5e-05,2026-03-25 20:00:00.001
1774483200001,5e-05,2026-03-26 00:00:00.001
1774497600002,5e-05,2026-03-26 04:00:00.002
1774512000001,5.837e-05,2026-03-26 08:00:00.001
1774526400000,5e-05,2026-03-26 12:00:00.000
1774540800000,0.00025692,2026-03-26 16:00:00.000
1774555200003,5.832e-05,2026-03-26 20:00:00.003
1774569600006,0.0001365,2026-03-27 00:00:00.006
1774584000001,5e-05,2026-03-27 04:00:00.001
1774598400000,5.681e-05,2026-03-27 08:00:00.000
1774612800002,5e-05,2026-03-27 12:00:00.002
1774627200000,6.726e-05,2026-03-27 16:00:00.000
1774641600000,5e-05,2026-03-27 20:00:00.000
1774656000005,8.621e-05,2026-03-28 00:00:00.005
1774670400003,5e-05,2026-03-28 04:00:00.003
1774684800005,8.068e-05,2026-03-28 08:00:00.005
1774699200006,5e-05,2026-03-28 12:00:00.006
1774713600000,5e-05,2026-03-28 16:00:00.000
1774728000003,5e-05,2026-03-28 20:00:00.003
1774742400003,5e-05,2026-03-29 00:00:00.003
1774756800000,5e-05,2026-03-29 04:00:00.000
1774771200001,5e-05,2026-03-29 08:00:00.001
1774785600000,5e-05,2026-03-29 12:00:00.000
1774800000000,5e-05,2026-03-29 16:00:00.000
1774814400000,5e-05,2026-03-29 20:00:00.000
1774828800000,5e-05,2026-03-30 00:00:00.000
1774843200012,5e-05,2026-03-30 04:00:00.012
1774857600005,5e-05,2026-03-30 08:00:00.005
1774872000005,5e-05,2026-03-30 12:00:00.005
1774886400000,5e-05,2026-03-30 16:00:00.000
1774900800000,5e-05,2026-03-30 20:00:00.000
1774915200000,5e-05,2026-03-31 00:00:00.000
1774929600000,5e-05,2026-03-31 04:00:00.000
1774944000000,5e-05,2026-03-31 08:00:00.000
1774958400001,5e-05,2026-03-31 12:00:00.001
1774972800000,5e-05,2026-03-31 16:00:00.000
1774987200002,5e-05,2026-03-31 20:00:00.002
1775001600000,5e-05,2026-04-01 00:00:00.000
1775016000004,5e-05,2026-04-01 04:00:00.004
1775030400000,5e-05,2026-04-01 08:00:00.000
1775044800000,5e-05,2026-04-01 12:00:00.000
1775059200000,5e-05,2026-04-01 16:00:00.000
1775073600000,5e-05,2026-04-01 20:00:00.000
1775088000003,5e-05,2026-04-02 00:00:00.003
1775102400003,5e-05,2026-04-02 04:00:00.003
1775116800001,5e-05,2026-04-02 08:00:00.001
1775131200003,5e-05,2026-04-02 12:00:00.003
1775145600001,5e-05,2026-04-02 16:00:00.001
1775160000003,5e-05,2026-04-02 20:00:00.003
1775174400000,5e-05,2026-04-03 00:00:00.000
1775188800000,5e-05,2026-04-03 04:00:00.000
1775203200008,5e-05,2026-04-03 08:00:00.008
1775217600006,5e-05,2026-04-03 12:00:00.006
1775232000008,5e-05,2026-04-03 16:00:00.008
1775246400001,5e-05,2026-04-03 20:00:00.001
1775260800000,5e-05,2026-04-04 00:00:00.000
1775275200001,5e-05,2026-04-04 04:00:00.001
1775289600003,5e-05,2026-04-04 08:00:00.003
1775304000000,5e-05,2026-04-04 12:00:00.000
1775318400000,5e-05,2026-04-04 16:00:00.000
1775332800000,5e-05,2026-04-04 20:00:00.000
1775347200008,5e-05,2026-04-05 00:00:00.008
1775361600002,5e-05,2026-04-05 04:00:00.002
1775376000000,5e-05,2026-04-05 08:00:00.000
1775390400003,5e-05,2026-04-05 12:00:00.003
1775404800001,5e-05,2026-04-05 16:00:00.001
1775419200003,5e-05,2026-04-05 20:00:00.003
1775433600004,5e-05,2026-04-06 00:00:00.004
1775448000005,5e-05,2026-04-06 04:00:00.005
1775462400001,5e-05,2026-04-06 08:00:00.001
1775476800002,5e-05,2026-04-06 12:00:00.002
1775491200003,5e-05,2026-04-06 16:00:00.003
1775505600000,5e-05,2026-04-06 20:00:00.000
1775520000000,5e-05,2026-04-07 00:00:00.000
1775534400003,5e-05,2026-04-07 04:00:00.003
1775548800000,5e-05,2026-04-07 08:00:00.000
1775563200008,5e-05,2026-04-07 12:00:00.008
1775577600000,5e-05,2026-04-07 16:00:00.000
1775592000000,5e-05,2026-04-07 20:00:00.000
1775606400000,5e-05,2026-04-08 00:00:00.000
1775620800002,5e-05,2026-04-08 04:00:00.002
1775635200000,5e-05,2026-04-08 08:00:00.000
1775649600013,5e-05,2026-04-08 12:00:00.013
1775664000006,5e-05,2026-04-08 16:00:00.006
1775678400005,5e-05,2026-04-08 20:00:00.005
1775692800000,5e-05,2026-04-09 00:00:00.000
1775707200005,5e-05,2026-04-09 04:00:00.005
1775721600010,5e-05,2026-04-09 08:00:00.010
1775736000001,5e-05,2026-04-09 12:00:00.001
1775750400001,5e-05,2026-04-09 16:00:00.001
1775764800001,5e-05,2026-04-09 20:00:00.001
1775779200000,-0.00013805,2026-04-10 00:00:00.000
1775793600000,-0.00012867,2026-04-10 04:00:00.000
1775808000005,-0.00025091,2026-04-10 08:00:00.005
1775822400000,-0.00064881,2026-04-10 12:00:00.000
1775836800000,-0.00156541,2026-04-10 16:00:00.000
1775851200002,-0.00270421,2026-04-10 20:00:00.002
1775865600000,-0.00234341,2026-04-11 00:00:00.000
1775880000009,-0.00162711,2026-04-11 04:00:00.009
1775894400000,-0.00025724,2026-04-11 08:00:00.000
1775908800002,-0.00105317,2026-04-11 12:00:00.002
1775923200003,-0.00114064,2026-04-11 16:00:00.003
1775937600001,3.657e-05,2026-04-11 20:00:00.001
1775952000000,-0.00022374,2026-04-12 00:00:00.000
1775966400000,-0.00026774,2026-04-12 04:00:00.000
1775980800000,-6.237e-05,2026-04-12 08:00:00.000
1775995200000,-0.00035634,2026-04-12 12:00:00.000
1776009600000,-0.00069704,2026-04-12 16:00:00.000
1776024000013,-0.0003651,2026-04-12 20:00:00.013
1776038400011,-0.00036987,2026-04-13 00:00:00.011
1776052800003,-0.00023197,2026-04-13 04:00:00.003
1776067200006,-0.00022527,2026-04-13 08:00:00.006
1776081600010,-0.00018214,2026-04-13 12:00:00.010
1776096000000,-9.106e-05,2026-04-13 16:00:00.000
1776110400000,-3.455e-05,2026-04-13 20:00:00.000
1776124800005,-4.289e-05,2026-04-14 00:00:00.005
1776139200000,2.61e-05,2026-04-14 04:00:00.000
1776153600003,-2.795e-05,2026-04-14 08:00:00.003
1776168000000,-2.662e-05,2026-04-14 12:00:00.000
1776182400001,5e-05,2026-04-14 16:00:00.001
1776196800009,5e-05,2026-04-14 20:00:00.009
1776211200000,5e-05,2026-04-15 00:00:00.000
1776225600000,1.348e-05,2026-04-15 04:00:00.000
1776240000000,5e-05,2026-04-15 08:00:00.000
1776254400000,5e-05,2026-04-15 12:00:00.000
1776268800000,-3.1e-07,2026-04-15 16:00:00.000
1776283200009,-0.0001355,2026-04-15 20:00:00.009
1776297600013,5e-05,2026-04-16 00:00:00.013
1776312000008,5e-05,2026-04-16 04:00:00.008
1776326400000,-5.107e-05,2026-04-16 08:00:00.000
1776340800004,5e-05,2026-04-16 12:00:00.004
1776355200000,2.826e-05,2026-04-16 16:00:00.000
1776369600000,5e-05,2026-04-16 20:00:00.000
1776384000001,5e-05,2026-04-17 00:00:00.001
1776398400003,5e-05,2026-04-17 04:00:00.003
1776412800011,5e-05,2026-04-17 08:00:00.011
1776427200003,5e-05,2026-04-17 12:00:00.003
1776441600001,5e-05,2026-04-17 16:00:00.001
1776456000005,5e-05,2026-04-17 20:00:00.005
1776470400001,5e-05,2026-04-18 00:00:00.001
1776484800003,3.667e-05,2026-04-18 04:00:00.003
1776499200006,5e-05,2026-04-18 08:00:00.006
1776513600000,5e-05,2026-04-18 12:00:00.000
1776528000000,1.343e-05,2026-04-18 16:00:00.000
1776542400002,8.66e-06,2026-04-18 20:00:00.002
1776556800002,5.95e-06,2026-04-19 00:00:00.002
1776571200000,8.16e-06,2026-04-19 04:00:00.000
1776585600010,1.652e-05,2026-04-19 08:00:00.010
1776600000003,5e-05,2026-04-19 12:00:00.003
1776614400001,1.747e-05,2026-04-19 16:00:00.001
1776628800005,2.439e-05,2026-04-19 20:00:00.005
1776643200000,-9.262e-05,2026-04-20 00:00:00.000
1776657600001,-2.906e-05,2026-04-20 04:00:00.001
1776672000000,3.392e-05,2026-04-20 08:00:00.000
1776686400009,5e-05,2026-04-20 12:00:00.009
1776700800001,5e-05,2026-04-20 16:00:00.001
1776715200000,-4.631e-05,2026-04-20 20:00:00.000
1776729600000,-1.8e-07,2026-04-21 00:00:00.000
1776744000000,5.61e-06,2026-04-21 04:00:00.000
1776758400004,-2.98e-06,2026-04-21 08:00:00.004
1776772800000,4.684e-05,2026-04-21 12:00:00.000
1776787200004,5e-05,2026-04-21 16:00:00.004
1776801600003,5e-05,2026-04-21 20:00:00.003
1776816000004,5e-05,2026-04-22 00:00:00.004
1776830400003,5e-05,2026-04-22 04:00:00.003
1776844800000,-4.036e-05,2026-04-22 08:00:00.000
1776859200000,3.71e-05,2026-04-22 12:00:00.000
1776873600000,5e-05,2026-04-22 16:00:00.000
1776888000003,5e-05,2026-04-22 20:00:00.003
1776902400000,5e-05,2026-04-23 00:00:00.000
1776916800000,5e-05,2026-04-23 04:00:00.000
1776931200000,5e-05,2026-04-23 08:00:00.000
1776945600000,5e-05,2026-04-23 12:00:00.000
1776960000004,5e-05,2026-04-23 16:00:00.004
1776974400006,5e-05,2026-04-23 20:00:00.006
1776988800006,5e-05,2026-04-24 00:00:00.006
1777003200000,5e-05,2026-04-24 04:00:00.000
1777017600000,6.71e-06,2026-04-24 08:00:00.000
1777032000002,5e-05,2026-04-24 12:00:00.002
1777046400000,5e-05,2026-04-24 16:00:00.000
1777060800003,5e-05,2026-04-24 20:00:00.003
1777075200000,5e-05,2026-04-25 00:00:00.000
1777089600005,5e-05,2026-04-25 04:00:00.005
1777104000002,5e-05,2026-04-25 08:00:00.002
1777118400001,5e-05,2026-04-25 12:00:00.001
1777132800002,5e-05,2026-04-25 16:00:00.002
1777147200001,5e-05,2026-04-25 20:00:00.001
1777161600003,5e-05,2026-04-26 00:00:00.003
1777176000001,5e-05,2026-04-26 04:00:00.001
1777190400007,5e-05,2026-04-26 08:00:00.007
1777204800001,5e-05,2026-04-26 12:00:00.001
1777219200004,5e-05,2026-04-26 16:00:00.004
1777233600014,5e-05,2026-04-26 20:00:00.014
1777248000004,5e-05,2026-04-27 00:00:00.004
1777262400000,5e-05,2026-04-27 04:00:00.000
1777276800000,5e-05,2026-04-27 08:00:00.000
1777291200004,5e-05,2026-04-27 12:00:00.004
1777305600002,5e-05,2026-04-27 16:00:00.002
1777320000000,5e-05,2026-04-27 20:00:00.000
1777334400001,5e-05,2026-04-28 00:00:00.001
1777348800006,5e-05,2026-04-28 04:00:00.006
1777363200000,5e-05,2026-04-28 08:00:00.000
1777377600000,5e-05,2026-04-28 12:00:00.000
1777392000004,5e-05,2026-04-28 16:00:00.004
1777406400001,5e-05,2026-04-28 20:00:00.001
1777420800006,5e-05,2026-04-29 00:00:00.006
1777435200003,5e-05,2026-04-29 04:00:00.003
1777449600011,5e-05,2026-04-29 08:00:00.011
1777464000000,5e-05,2026-04-29 12:00:00.000
1777478400003,2.877e-05,2026-04-29 16:00:00.003
1777492800004,5e-05,2026-04-29 20:00:00.004
1777507200002,5e-05,2026-04-30 00:00:00.002
1777521600000,4.615e-05,2026-04-30 04:00:00.000
1777536000000,5e-05,2026-04-30 08:00:00.000
1777550400000,5e-05,2026-04-30 12:00:00.000
1777564800000,5e-05,2026-04-30 16:00:00.000
1777579200002,5e-05,2026-04-30 20:00:00.002
1777593600000,5e-05,2026-05-01 00:00:00.000
1777608000003,5e-05,2026-05-01 04:00:00.003
1777622400005,5e-05,2026-05-01 08:00:00.005
1777636800000,5e-05,2026-05-01 12:00:00.000
1777651200000,5e-05,2026-05-01 16:00:00.000
1777665600009,5e-05,2026-05-01 20:00:00.009
1777680000006,5e-05,2026-05-02 00:00:00.006
1777694400000,5e-05,2026-05-02 04:00:00.000
1777708800000,5e-05,2026-05-02 08:00:00.000
1777723200009,5e-05,2026-05-02 12:00:00.009
1777737600010,5e-05,2026-05-02 16:00:00.010
1777752000000,5e-05,2026-05-02 20:00:00.000
1777766400005,5e-05,2026-05-03 00:00:00.005
1777780800014,5e-05,2026-05-03 04:00:00.014
1777795200003,5e-05,2026-05-03 08:00:00.003
1777809600004,-8.35e-06,2026-05-03 12:00:00.004
1777824000000,-0.00046037,2026-05-03 16:00:00.000
1777838400000,-7.409e-05,2026-05-03 20:00:00.000
1777852800000,-0.00033852,2026-05-04 00:00:00.000
1777867200003,-0.00066994,2026-05-04 04:00:00.003
1777881600000,-0.00034808,2026-05-04 08:00:00.000
1777896000000,-0.00033589,2026-05-04 12:00:00.000
1777910400003,1.31e-05,2026-05-04 16:00:00.003
1777924800007,-5.336e-05,2026-05-04 20:00:00.007
1777939200000,2.431e-05,2026-05-05 00:00:00.000
1777953600000,5e-05,2026-05-05 04:00:00.000
1777968000011,5e-05,2026-05-05 08:00:00.011
1777982400006,5e-05,2026-05-05 12:00:00.006
1777996800000,5e-05,2026-05-05 16:00:00.000
1778011200000,5e-05,2026-05-05 20:00:00.000
1778025600010,5e-05,2026-05-06 00:00:00.010
1778040000000,5e-05,2026-05-06 04:00:00.000
1778054400000,5e-05,2026-05-06 08:00:00.000
1778068800000,5e-05,2026-05-06 12:00:00.000
1778083200002,5e-05,2026-05-06 16:00:00.002
1778097600000,5e-05,2026-05-06 20:00:00.000
1778112000000,5e-05,2026-05-07 00:00:00.000
1778126400001,5e-05,2026-05-07 04:00:00.001
1778140800000,5e-05,2026-05-07 08:00:00.000
1778155200000,5e-05,2026-05-07 12:00:00.000
1778169600004,5e-05,2026-05-07 16:00:00.004
1778184000005,5e-05,2026-05-07 20:00:00.005
1778198400003,5e-05,2026-05-08 00:00:00.003
1778212800000,5e-05,2026-05-08 04:00:00.000
1778227200002,5e-05,2026-05-08 08:00:00.002
1778241600000,5e-05,2026-05-08 12:00:00.000
1778256000003,5e-05,2026-05-08 16:00:00.003
1778270400000,5e-05,2026-05-08 20:00:00.000
1778284800000,5e-05,2026-05-09 00:00:00.000
1778299200000,5e-05,2026-05-09 04:00:00.000
1778313600001,5e-05,2026-05-09 08:00:00.001
1778328000000,5e-05,2026-05-09 12:00:00.000
1778342400002,5e-05,2026-05-09 16:00:00.002
1778356800000,5e-05,2026-05-09 20:00:00.000
1778371200003,5e-05,2026-05-10 00:00:00.003
1778385600005,5e-05,2026-05-10 04:00:00.005
1778400000000,5e-05,2026-05-10 08:00:00.000
1778414400007,5e-05,2026-05-10 12:00:00.007
1778428800000,5e-05,2026-05-10 16:00:00.000
1778443200002,5e-05,2026-05-10 20:00:00.002
1778457600000,5e-05,2026-05-11 00:00:00.000
1778472000000,5e-05,2026-05-11 04:00:00.000
1778486400000,5e-05,2026-05-11 08:00:00.000
1778500800001,5e-05,2026-05-11 12:00:00.001
1778515200000,5e-05,2026-05-11 16:00:00.000
1778529600014,5e-05,2026-05-11 20:00:00.014
1778544000002,5e-05,2026-05-12 00:00:00.002
1778558400000,5e-05,2026-05-12 04:00:00.000
1778572800008,5e-05,2026-05-12 08:00:00.008
1778587200003,5e-05,2026-05-12 12:00:00.003
1778601600000,5e-05,2026-05-12 16:00:00.000
1778616000000,5e-05,2026-05-12 20:00:00.000
1778630400010,5e-05,2026-05-13 00:00:00.010
1778644800003,5e-05,2026-05-13 04:00:00.003
1778659200003,5e-05,2026-05-13 08:00:00.003
1778673600004,5e-05,2026-05-13 12:00:00.004
1778688000001,5e-05,2026-05-13 16:00:00.001
1778702400004,5e-05,2026-05-13 20:00:00.004
1778716800005,5e-05,2026-05-14 00:00:00.005
1778731200005,5e-05,2026-05-14 04:00:00.005
1778745600000,5e-05,2026-05-14 08:00:00.000
1778760000001,5e-05,2026-05-14 12:00:00.001
1778774400000,5e-05,2026-05-14 16:00:00.000
1778788800000,5e-05,2026-05-14 20:00:00.000
1778803200000,5e-05,2026-05-15 00:00:00.000
1778817600006,5e-05,2026-05-15 04:00:00.006
1778832000016,5e-05,2026-05-15 08:00:00.016
1778846400001,5e-05,2026-05-15 12:00:00.001
1778860800012,5e-05,2026-05-15 16:00:00.012
1778875200001,5e-05,2026-05-15 20:00:00.001
1778889600005,5e-05,2026-05-16 00:00:00.005
1778904000000,5e-05,2026-05-16 04:00:00.000
1778918400000,5e-05,2026-05-16 08:00:00.000
1778932800002,5e-05,2026-05-16 12:00:00.002
1778947200005,5e-05,2026-05-16 16:00:00.005
1778961600000,5e-05,2026-05-16 20:00:00.000
1778976000000,5e-05,2026-05-17 00:00:00.000
1778990400012,5e-05,2026-05-17 04:00:00.012
1779004800010,5e-05,2026-05-17 08:00:00.010
1779019200014,5e-05,2026-05-17 12:00:00.014
1779033600009,5e-05,2026-05-17 16:00:00.009
1779048000002,5e-05,2026-05-17 20:00:00.002
1779062400007,5e-05,2026-05-18 00:00:00.007
1779076800000,5e-05,2026-05-18 04:00:00.000
1779091200002,5e-05,2026-05-18 08:00:00.002
1779105600001,5e-05,2026-05-18 12:00:00.001
1779120000007,5e-05,2026-05-18 16:00:00.007
1779134400000,5e-05,2026-05-18 20:00:00.000
1779148800001,5e-05,2026-05-19 00:00:00.001
1779163200003,5e-05,2026-05-19 04:00:00.003
1779177600001,5e-05,2026-05-19 08:00:00.001
1779192000000,1.729e-05,2026-05-19 12:00:00.000
1779206400009,5e-05,2026-05-19 16:00:00.009
1779220800001,5e-05,2026-05-19 20:00:00.001
1779235200001,5e-05,2026-05-20 00:00:00.001
1779249600001,5e-05,2026-05-20 04:00:00.001
1779264000006,5e-05,2026-05-20 08:00:00.006
1779278400001,5e-05,2026-05-20 12:00:00.001
1779292800000,5e-05,2026-05-20 16:00:00.000
1779307200019,5e-05,2026-05-20 20:00:00.019
1779321600001,5e-05,2026-05-21 00:00:00.001
1779336000000,5e-05,2026-05-21 04:00:00.000
1779350400000,5e-05,2026-05-21 08:00:00.000
1779364800000,5e-05,2026-05-21 12:00:00.000
1779379200000,5e-05,2026-05-21 16:00:00.000
1779393600001,5e-05,2026-05-21 20:00:00.001
1779408000000,5e-05,2026-05-22 00:00:00.000
1779422400000,5e-05,2026-05-22 04:00:00.000
1779436800004,5e-05,2026-05-22 08:00:00.004
1779451200000,5e-05,2026-05-22 12:00:00.000
1779465600001,5e-05,2026-05-22 16:00:00.001
1779480000002,5e-05,2026-05-22 20:00:00.002
1779494400009,5e-05,2026-05-23 00:00:00.009
1779508800006,5e-05,2026-05-23 04:00:00.006
1779523200001,5e-05,2026-05-23 08:00:00.001
1779537600000,5e-05,2026-05-23 12:00:00.000
1779552000003,5e-05,2026-05-23 16:00:00.003
1779566400007,5e-05,2026-05-23 20:00:00.007
1779580800011,5e-05,2026-05-24 00:00:00.011
1779595200001,5e-05,2026-05-24 04:00:00.001
1779609600008,5e-05,2026-05-24 08:00:00.008
1779624000001,5e-05,2026-05-24 12:00:00.001
1779638400000,5e-05,2026-05-24 16:00:00.000
1779652800002,5e-05,2026-05-24 20:00:00.002
1779667200001,5e-05,2026-05-25 00:00:00.001
1779681600000,5e-05,2026-05-25 04:00:00.000
1779696000001,5e-05,2026-05-25 08:00:00.001
1779710400008,5e-05,2026-05-25 12:00:00.008
1779724800001,5e-05,2026-05-25 16:00:00.001
1779739200000,5e-05,2026-05-25 20:00:00.000
1779753600000,5e-05,2026-05-26 00:00:00.000
1779768000003,5e-05,2026-05-26 04:00:00.003
1779782400003,5e-05,2026-05-26 08:00:00.003
1779796800000,5e-05,2026-05-26 12:00:00.000
1779811200000,5e-05,2026-05-26 16:00:00.000
1779825600000,5e-05,2026-05-26 20:00:00.000
1779840000000,5e-05,2026-05-27 00:00:00.000
1779854400002,5e-05,2026-05-27 04:00:00.002
1779868800004,5e-05,2026-05-27 08:00:00.004
1779883200007,5e-05,2026-05-27 12:00:00.007
1779897600009,5e-05,2026-05-27 16:00:00.009
1779912000001,5e-05,2026-05-27 20:00:00.001
1779926400001,5e-05,2026-05-28 00:00:00.001
1779940800000,5e-05,2026-05-28 04:00:00.000
1779955200000,5e-05,2026-05-28 08:00:00.000
1779969600000,5e-05,2026-05-28 12:00:00.000
1779984000001,5e-05,2026-05-28 16:00:00.001
1779998400005,5e-05,2026-05-28 20:00:00.005
1780012800000,5e-05,2026-05-29 00:00:00.000
1780027200000,5e-05,2026-05-29 04:00:00.000
1780041600001,5e-05,2026-05-29 08:00:00.001
1780056000001,5e-05,2026-05-29 12:00:00.001
1780070400008,5e-05,2026-05-29 16:00:00.008
1780084800000,5e-05,2026-05-29 20:00:00.000
1780099200000,5e-05,2026-05-30 00:00:00.000
1780113600004,5e-05,2026-05-30 04:00:00.004
1780128000001,5e-05,2026-05-30 08:00:00.001
1780142400000,5e-05,2026-05-30 12:00:00.000
1780156800000,5e-05,2026-05-30 16:00:00.000
1780171200000,5e-05,2026-05-30 20:00:00.000
1780185600000,2.88e-05,2026-05-31 00:00:00.000
1780200000006,5e-05,2026-05-31 04:00:00.006
1780214400000,5e-05,2026-05-31 08:00:00.000
1780228800005,5e-05,2026-05-31 12:00:00.005
1780243200004,5e-05,2026-05-31 16:00:00.004
1780257600010,5e-05,2026-05-31 20:00:00.010
1780272000001,5e-05,2026-06-01 00:00:00.001
1780286400006,5e-05,2026-06-01 04:00:00.006
1780300800001,5e-05,2026-06-01 08:00:00.001
1780315200000,5e-05,2026-06-01 12:00:00.000
1780329600000,5e-05,2026-06-01 16:00:00.000
1780344000000,5e-05,2026-06-01 20:00:00.000
1780358400000,5e-05,2026-06-02 00:00:00.000
1780372800008,5e-05,2026-06-02 04:00:00.008
1780387200000,5e-05,2026-06-02 08:00:00.000
1780401600002,5e-05,2026-06-02 12:00:00.002
1780416000000,5e-05,2026-06-02 16:00:00.000
1780430400000,5e-05,2026-06-02 20:00:00.000
1780444800013,5e-05,2026-06-03 00:00:00.013
1780459200000,5e-05,2026-06-03 04:00:00.000
1780473600000,5e-05,2026-06-03 08:00:00.000
1780488000000,5e-05,2026-06-03 12:00:00.000
1780502400001,5e-05,2026-06-03 16:00:00.001
1780516800002,5e-05,2026-06-03 20:00:00.002
1780531200009,5e-05,2026-06-04 00:00:00.009
1780545600000,5e-05,2026-06-04 04:00:00.000
1780560000000,5e-05,2026-06-04 08:00:00.000
1780574400002,5e-05,2026-06-04 12:00:00.002
1780588800003,5e-05,2026-06-04 16:00:00.003
1780603200001,5e-05,2026-06-04 20:00:00.001
1780617600000,5e-05,2026-06-05 00:00:00.000
1780632000001,5e-05,2026-06-05 04:00:00.001
1780646400004,5e-05,2026-06-05 08:00:00.004
1780660800000,5e-05,2026-06-05 12:00:00.000
1780675200009,5e-05,2026-06-05 16:00:00.009
1780689600000,5e-05,2026-06-05 20:00:00.000
1780704000000,5e-05,2026-06-06 00:00:00.000
1780718400000,5e-05,2026-06-06 04:00:00.000
1780732800000,5e-05,2026-06-06 08:00:00.000
1780747200002,5e-05,2026-06-06 12:00:00.002
1780761600000,5e-05,2026-06-06 16:00:00.000
1780776000003,5e-05,2026-06-06 20:00:00.003
1780790400001,5e-05,2026-06-07 00:00:00.001
1780804800000,5e-05,2026-06-07 04:00:00.000
1780819200000,5e-05,2026-06-07 08:00:00.000
