timestamp,funding_rate,datetime
1629360000014,0.0001,2021-08-19 08:00:00.014
1629388800000,0.0001,2021-08-19 16:00:00.000
1629417600000,0.0001,2021-08-20 00:00:00.000
1629446400001,0.00015009,2021-08-20 08:00:00.001
1629475200001,0.00034847,2021-08-20 16:00:00.001
1629504000005,0.00026315,2021-08-21 00:00:00.005
1629532800001,0.00051284,2021-08-21 08:00:00.001
1629561600000,0.00021618,2021-08-21 16:00:00.000
1629590400005,0.0001,2021-08-22 00:00:00.005
1629619200007,0.00022445,2021-08-22 08:00:00.007
1629648000002,0.0001,2021-08-22 16:00:00.002
1629676800003,0.0001,2021-08-23 00:00:00.003
1629705600005,0.00062253,2021-08-23 08:00:00.005
1629734400002,0.00052051,2021-08-23 16:00:00.002
1629763200006,0.0001,2021-08-24 00:00:00.006
1629792000004,0.00021185,2021-08-24 08:00:00.004
1629820800000,0.0001,2021-08-24 16:00:00.000
1629849600015,-0.00056018,2021-08-25 00:00:00.015
1629878400000,-0.00151292,2021-08-25 08:00:00.000
1629907200000,-0.00123329,2021-08-25 16:00:00.000
1629936000001,-0.00140907,2021-08-26 00:00:00.001
1629964800016,-0.0005519,2021-08-26 08:00:00.016
1629993600004,-0.00099335,2021-08-26 16:00:00.004
1630022400013,-0.00048478,2021-08-27 00:00:00.013
1630051200001,-0.0075,2021-08-27 08:00:00.001
1630080000004,-0.0075,2021-08-27 16:00:00.004
1630108800000,-0.0075,2021-08-28 00:00:00.000
1630137600000,-0.0075,2021-08-28 08:00:00.000
1630166400000,-0.0075,2021-08-28 16:00:00.000
1630195200000,0.00385523,2021-08-29 00:00:00.000
1630224000002,0.0001,2021-08-29 08:00:00.002
1630252800005,0.00040843,2021-08-29 16:00:00.005
1630281600013,0.00049599,2021-08-30 00:00:00.013
1630310400008,0.00067584,2021-08-30 08:00:00.008
1630339200000,0.00014878,2021-08-30 16:00:00.000
1630368000000,0.000333,2021-08-31 00:00:00.000
1630396800007,0.00042404,2021-08-31 08:00:00.007
1630425600003,0.00046827,2021-08-31 16:00:00.003
1630454400000,0.00010915,2021-09-01 00:00:00.000
1630483200006,0.00058731,2021-09-01 08:00:00.006
1630512000000,0.00067674,2021-09-01 16:00:00.000
1630540800009,0.00079478,2021-09-02 00:00:00.009
1630569600006,0.00094924,2021-09-02 08:00:00.006
1630598400007,0.00096284,2021-09-02 16:00:00.007
1630627200011,0.00074751,2021-09-03 00:00:00.011
1630656000000,0.00078433,2021-09-03 08:00:00.000
1630684800002,0.00078561,2021-09-03 16:00:00.002
1630713600003,0.00063435,2021-09-04 00:00:00.003
1630742400008,0.00093517,2021-09-04 08:00:00.008
1630771200009,0.00128737,2021-09-04 16:00:00.009
1630800000002,0.00103537,2021-09-05 00:00:00.002
1630828800002,0.00091214,2021-09-05 08:00:00.002
1630857600000,0.00113471,2021-09-05 16:00:00.000
1630886400003,0.00117922,2021-09-06 00:00:00.003
1630915200008,0.00080499,2021-09-06 08:00:00.008
1630944000009,0.0001,2021-09-06 16:00:00.009
1630972800004,0.0001,2021-09-07 00:00:00.004
1631001600002,0.00067034,2021-09-07 08:00:00.002
1631030400001,-0.0058155,2021-09-07 16:00:00.001
1631059200005,0.00061465,2021-09-08 00:00:00.005
1631088000000,0.0001,2021-09-08 08:00:00.000
1631116800000,0.0001,2021-09-08 16:00:00.000
1631145600006,0.0001,2021-09-09 00:00:00.006
1631174400014,0.0001,2021-09-09 08:00:00.014
1631203200002,0.0001,2021-09-09 16:00:00.002
1631232000001,0.0001,2021-09-10 00:00:00.001
1631260800018,0.0001,2021-09-10 08:00:00.018
1631289600006,0.0001,2021-09-10 16:00:00.006
1631318400000,0.0001,2021-09-11 00:00:00.000
1631347200001,0.0001,2021-09-11 08:00:00.001
1631376000000,0.0001,2021-09-11 16:00:00.000
1631404800000,0.0001,2021-09-12 00:00:00.000
1631433600002,0.0001,2021-09-12 08:00:00.002
1631462400000,0.00024038,2021-09-12 16:00:00.000
1631491200000,0.00015835,2021-09-13 00:00:00.000
1631520000007,0.0001,2021-09-13 08:00:00.007
1631548800005,0.0001,2021-09-13 16:00:00.005
1631577600002,0.0001,2021-09-14 00:00:00.002
1631606400000,0.0001,2021-09-14 08:00:00.000
1631635200007,0.0001,2021-09-14 16:00:00.007
1631664000012,0.0001,2021-09-15 00:00:00.012
1631692800003,0.0001,2021-09-15 08:00:00.003
1631721600006,0.0001,2021-09-15 16:00:00.006
1631750400008,0.0001,2021-09-16 00:00:00.008
1631779200005,0.00012963,2021-09-16 08:00:00.005
1631808000002,0.00017992,2021-09-16 16:00:00.002
1631836800000,0.0001,2021-09-17 00:00:00.000
1631865600047,0.0001,2021-09-17 08:00:00.047
1631894400013,0.0001,2021-09-17 16:00:00.013
1631923200000,0.0001,2021-09-18 00:00:00.000
1631952000010,0.0001,2021-09-18 08:00:00.010
1631980800005,0.0001,2021-09-18 16:00:00.005
1632009600006,0.0001,2021-09-19 00:00:00.006
1632038400015,0.0001,2021-09-19 08:00:00.015
1632067200007,0.0001,2021-09-19 16:00:00.007
1632096000018,0.0001,2021-09-20 00:00:00.018
1632124800000,0.0001,2021-09-20 08:00:00.000
1632153600005,-0.00062945,2021-09-20 16:00:00.005
1632182400005,-1.323e-05,2021-09-21 00:00:00.005
1632211200007,-3.269e-05,2021-09-21 08:00:00.007
1632240000000,0.0001,2021-09-21 16:00:00.000
1632268800005,-0.0002848,2021-09-22 00:00:00.005
1632297600006,3.168e-05,2021-09-22 08:00:00.006
1632326400000,-0.00063344,2021-09-22 16:00:00.000
1632355200003,-0.00084009,2021-09-23 00:00:00.003
1632384000000,-0.00084939,2021-09-23 08:00:00.000
1632412800007,-9.574e-05,2021-09-23 16:00:00.007
1632441600000,0.0001,2021-09-24 00:00:00.000
1632470400017,0.0001,2021-09-24 08:00:00.017
1632499200000,-0.00015338,2021-09-24 16:00:00.000
1632528000007,-0.00022475,2021-09-25 00:00:00.007
1632556800002,-5.21e-05,2021-09-25 08:00:00.002
1632585600004,7.52e-05,2021-09-25 16:00:00.004
1632614400013,6.257e-05,2021-09-26 00:00:00.013
1632643200000,-5.504e-05,2021-09-26 08:00:00.000
1632672000005,-3.755e-05,2021-09-26 16:00:00.005
1632700800000,4.201e-05,2021-09-27 00:00:00.000
1632729600001,7.251e-05,2021-09-27 08:00:00.001
1632758400000,0.0001,2021-09-27 16:00:00.000
1632787200000,0.0001,2021-09-28 00:00:00.000
1632816000014,0.0001,2021-09-28 08:00:00.014
1632844800000,-1.734e-05,2021-09-28 16:00:00.000
1632873600000,-0.00085154,2021-09-29 00:00:00.000
1632902400002,-0.00052882,2021-09-29 08:00:00.002
1632931200000,-0.00070595,2021-09-29 16:00:00.000
1632960000000,-0.00050393,2021-09-30 00:00:00.000
1632988800004,-0.00046164,2021-09-30 08:00:00.004
1633017600005,-0.00071752,2021-09-30 16:00:00.005
1633046400012,-0.00049059,2021-10-01 00:00:00.012
1633075200008,-0.00016163,2021-10-01 08:00:00.008
1633104000000,0.0001,2021-10-01 16:00:00.000
1633132800000,0.0001,2021-10-02 00:00:00.000
1633161600002,0.0001,2021-10-02 08:00:00.002
1633190400011,0.0001,2021-10-02 16:00:00.011
1633219200019,0.0001,2021-10-03 00:00:00.019
1633248000011,0.0001,2021-10-03 08:00:00.011
1633276800004,0.0001,2021-10-03 16:00:00.004
1633305600004,0.0001,2021-10-04 00:00:00.004
1633334400000,0.0001,2021-10-04 08:00:00.000
1633363200000,0.0001,2021-10-04 16:00:00.000
1633392000007,0.0001,2021-10-05 00:00:00.007
1633420800007,0.0001,2021-10-05 08:00:00.007
1633449600004,0.0001,2021-10-05 16:00:00.004
1633478400002,0.0001,2021-10-06 00:00:00.002
1633507200000,4.81e-06,2021-10-06 08:00:00.000
1633536000003,-0.00031572,2021-10-06 16:00:00.003
1633564800007,-0.0003985,2021-10-07 00:00:00.007
1633593600002,-9.009e-05,2021-10-07 08:00:00.002
1633622400000,0.0001,2021-10-07 16:00:00.000
1633651200011,-8.851e-05,2021-10-08 00:00:00.011
1633680000003,0.0001,2021-10-08 08:00:00.003
1633708800002,0.0001,2021-10-08 16:00:00.002
1633737600006,0.0001,2021-10-09 00:00:00.006
1633766400003,0.0001,2021-10-09 08:00:00.003
1633795200000,0.0001,2021-10-09 16:00:00.000
1633824000000,0.0001,2021-10-10 00:00:00.000
1633852800008,0.0001,2021-10-10 08:00:00.008
1633881600000,0.0001,2021-10-10 16:00:00.000
1633910400002,-0.00095675,2021-10-11 00:00:00.002
1633939200001,0.0001,2021-10-11 08:00:00.001
1633968000006,-9.6e-05,2021-10-11 16:00:00.006
1633996800008,-0.00019888,2021-10-12 00:00:00.008
1634025600013,-0.00053839,2021-10-12 08:00:00.013
1634054400003,7.561e-05,2021-10-12 16:00:00.003
1634083200003,0.0001,2021-10-13 00:00:00.003
1634112000015,-0.00031179,2021-10-13 08:00:00.015
1634140800000,0.0001,2021-10-13 16:00:00.000
1634169600011,0.0001,2021-10-14 00:00:00.011
1634198400017,0.0001,2021-10-14 08:00:00.017
1634227200000,0.0001,2021-10-14 16:00:00.000
1634256000005,0.0001,2021-10-15 00:00:00.005
1634284800002,0.0001,2021-10-15 08:00:00.002
1634313600005,0.0001,2021-10-15 16:00:00.005
1634342400009,0.00024138,2021-10-16 00:00:00.009
1634371200000,0.00023239,2021-10-16 08:00:00.000
1634400000003,0.0001,2021-10-16 16:00:00.003
1634428800001,0.00012554,2021-10-17 00:00:00.001
1634457600002,0.00015728,2021-10-17 08:00:00.002
1634486400002,0.0002779,2021-10-17 16:00:00.002
1634515200006,0.0001,2021-10-18 00:00:00.006
1634544000004,0.0001,2021-10-18 08:00:00.004
1634572800001,0.0001,2021-10-18 16:00:00.001
1634601600002,0.0001,2021-10-19 00:00:00.002
1634630400000,0.0001,2021-10-19 08:00:00.000
1634659200000,0.0001,2021-10-19 16:00:00.000
1634688000017,0.0001,2021-10-20 00:00:00.017
1634716800004,0.0001,2021-10-20 08:00:00.004
1634745600020,0.0001,2021-10-20 16:00:00.020
1634774400000,0.00028146,2021-10-21 00:00:00.000
1634803200000,0.00057292,2021-10-21 08:00:00.000
1634832000008,0.00037415,2021-10-21 16:00:00.008
1634860800005,0.00024613,2021-10-22 00:00:00.005
1634889600005,0.0003791,2021-10-22 08:00:00.005
1634918400018,0.00016692,2021-10-22 16:00:00.018
1634947200005,0.00037325,2021-10-23 00:00:00.005
1634976000001,0.00018346,2021-10-23 08:00:00.001
1635004800004,0.00029541,2021-10-23 16:00:00.004
1635033600006,0.00038549,2021-10-24 00:00:00.006
1635062400012,0.00038165,2021-10-24 08:00:00.012
1635091200001,0.00021884,2021-10-24 16:00:00.001
1635120000012,0.0001,2021-10-25 00:00:00.012
1635148800002,0.00010398,2021-10-25 08:00:00.002
1635177600022,0.00021218,2021-10-25 16:00:00.022
1635206400005,0.00034584,2021-10-26 00:00:00.005
1635235200016,0.00038543,2021-10-26 08:00:00.016
1635264000000,0.0005294,2021-10-26 16:00:00.000
1635292800004,0.0001,2021-10-27 00:00:00.004
1635321600000,0.0001,2021-10-27 08:00:00.000
1635350400002,-0.00015724,2021-10-27 16:00:00.002
1635379200002,-0.00023524,2021-10-28 00:00:00.002
1635408000000,-0.00025085,2021-10-28 08:00:00.000
1635436800005,-0.00046427,2021-10-28 16:00:00.005
1635465600000,-0.00025774,2021-10-29 00:00:00.000
1635494400007,-0.00022259,2021-10-29 08:00:00.007
1635523200001,-0.00010949,2021-10-29 16:00:00.001
1635552000000,0.0001,2021-10-30 00:00:00.000
1635580800001,-0.00013186,2021-10-30 08:00:00.001
1635609600013,-0.00105257,2021-10-30 16:00:00.013
1635638400008,0.0001,2021-10-31 00:00:00.008
1635667200010,0.0001,2021-10-31 08:00:00.010
1635696000001,0.0001,2021-10-31 16:00:00.001
1635724800009,0.0001,2021-11-01 00:00:00.009
1635753600014,0.0001,2021-11-01 08:00:00.014
1635782400001,0.0001,2021-11-01 16:00:00.001
1635811200000,0.0001,2021-11-02 00:00:00.000
1635840000007,-3.64e-05,2021-11-02 08:00:00.007
1635868800010,0.0001,2021-11-02 16:00:00.010
1635897600019,0.0001,2021-11-03 00:00:00.019
1635926400000,0.0001,2021-11-03 08:00:00.000
1635955200005,0.0001,2021-11-03 16:00:00.005
1635984000006,-0.00018183,2021-11-04 00:00:00.006
1636012800004,0.0001,2021-11-04 08:00:00.004
1636041600004,0.0001,2021-11-04 16:00:00.004
1636070400000,0.0001,2021-11-05 00:00:00.000
1636099200013,0.0001,2021-11-05 08:00:00.013
1636128000016,0.0001,2021-11-05 16:00:00.016
1636156800010,0.0001,2021-11-06 00:00:00.010
1636185600000,0.0001,2021-11-06 08:00:00.000
1636214400007,0.0001,2021-11-06 16:00:00.007
1636243200013,0.0001,2021-11-07 00:00:00.013
1636272000005,0.0001,2021-11-07 08:00:00.005
1636300800004,0.0001,2021-11-07 16:00:00.004
1636329600001,0.0001,2021-11-08 00:00:00.001
1636358400000,7.842e-05,2021-11-08 08:00:00.000
1636387200000,0.0001,2021-11-08 16:00:00.000
1636416000000,0.0001,2021-11-09 00:00:00.000
1636444800014,0.0001,2021-11-09 08:00:00.014
1636473600001,-0.00058595,2021-11-09 16:00:00.001
1636502400000,-0.00048084,2021-11-10 00:00:00.000
1636531200003,-0.00077845,2021-11-10 08:00:00.003
1636560000001,-0.00034945,2021-11-10 16:00:00.001
1636588800008,-0.00205268,2021-11-11 00:00:00.008
1636617600012,2.995e-05,2021-11-11 08:00:00.012
1636646400007,-0.00114238,2021-11-11 16:00:00.007
1636675200000,-0.00011742,2021-11-12 00:00:00.000
1636704000000,-0.00060165,2021-11-12 08:00:00.000
1636732800004,-0.00045426,2021-11-12 16:00:00.004
1636761600000,-0.0006976,2021-11-13 00:00:00.000
1636790400004,-0.00026024,2021-11-13 08:00:00.004
1636819200006,-0.00068738,2021-11-13 16:00:00.006
1636848000010,-0.00054442,2021-11-14 00:00:00.010
1636876800001,-0.00060918,2021-11-14 08:00:00.001
1636905600000,-0.00048702,2021-11-14 16:00:00.000
1636934400008,-0.00034493,2021-11-15 00:00:00.008
1636963200000,-0.0009128,2021-11-15 08:00:00.000
1636992000000,-0.00020486,2021-11-15 16:00:00.000
1637020800000,-0.00056651,2021-11-16 00:00:00.000
1637049600001,-0.00074304,2021-11-16 08:00:00.001
1637078400018,-0.0012985,2021-11-16 16:00:00.018
1637107200005,-0.00095262,2021-11-17 00:00:00.005
1637136000007,-0.00126167,2021-11-17 08:00:00.007
1637164800003,-0.00085646,2021-11-17 16:00:00.003
1637193600017,-0.00118381,2021-11-18 00:00:00.017
1637222400007,-0.00080161,2021-11-18 08:00:00.007
1637251200011,-0.00074237,2021-11-18 16:00:00.011
1637280000000,-0.00116006,2021-11-19 00:00:00.000
1637308800000,-0.0009806,2021-11-19 08:00:00.000
1637337600005,-0.00083595,2021-11-19 16:00:00.005
1637366400012,-0.00089304,2021-11-20 00:00:00.012
1637395200000,-0.00091629,2021-11-20 08:00:00.000
1637424000007,-0.00105333,2021-11-20 16:00:00.007
1637452800000,-0.00080116,2021-11-21 00:00:00.000
1637481600006,-0.00076775,2021-11-21 08:00:00.006
1637510400000,-0.00079164,2021-11-21 16:00:00.000
1637539200004,-0.00072795,2021-11-22 00:00:00.004
1637568000000,-0.00044972,2021-11-22 08:00:00.000
1637596800000,-0.00046022,2021-11-22 16:00:00.000
1637625600004,-0.0003612,2021-11-23 00:00:00.004
1637654400010,-0.00038223,2021-11-23 08:00:00.010
1637683200005,-0.00047594,2021-11-23 16:00:00.005
1637712000001,-0.00016175,2021-11-24 00:00:00.001
1637740800003,-0.00071254,2021-11-24 08:00:00.003
1637769600010,-0.00089164,2021-11-24 16:00:00.010
1637798400000,4.762e-05,2021-11-25 00:00:00.000
1637827200010,-0.00014766,2021-11-25 08:00:00.010
1637856000000,-0.00017375,2021-11-25 16:00:00.000
1637884800000,-0.00012726,2021-11-26 00:00:00.000
1637913600000,-0.00014055,2021-11-26 08:00:00.000
1637942400016,-0.00021481,2021-11-26 16:00:00.016
1637971200005,-0.00053148,2021-11-27 00:00:00.005
1638000000008,-0.00074666,2021-11-27 08:00:00.008
1638028800007,-0.00035495,2021-11-27 16:00:00.007
1638057600018,-0.0003721,2021-11-28 00:00:00.018
1638086400000,-0.00043168,2021-11-28 08:00:00.000
1638115200004,-0.00079719,2021-11-28 16:00:00.004
1638144000002,-7.301e-05,2021-11-29 00:00:00.002
1638172800004,-0.00042589,2021-11-29 08:00:00.004
1638201600000,4.038e-05,2021-11-29 16:00:00.000
1638230400000,-0.00018933,2021-11-30 00:00:00.000
1638259200006,-2.191e-05,2021-11-30 08:00:00.006
1638288000000,-0.00019023,2021-11-30 16:00:00.000
1638316800000,-3.668e-05,2021-12-01 00:00:00.000
1638345600000,-0.00088723,2021-12-01 08:00:00.000
1638374400001,-0.00036253,2021-12-01 16:00:00.001
1638403200000,-2.065e-05,2021-12-02 00:00:00.000
1638432000007,-0.00010751,2021-12-02 08:00:00.007
1638460800008,-0.00029871,2021-12-02 16:00:00.008
1638489600004,-6.921e-05,2021-12-03 00:00:00.004
1638518400002,-0.00050016,2021-12-03 08:00:00.002
1638547200006,-0.00091333,2021-12-03 16:00:00.006
1638576000006,-0.00146723,2021-12-04 00:00:00.006
1638604800004,-0.00195454,2021-12-04 08:00:00.004
1638633600000,-0.00082948,2021-12-04 16:00:00.000
1638662400003,-0.00088586,2021-12-05 00:00:00.003
1638691200008,-0.00095362,2021-12-05 08:00:00.008
1638720000007,-0.00166338,2021-12-05 16:00:00.007
1638748800009,-0.00121893,2021-12-06 00:00:00.009
1638777600001,-0.00074038,2021-12-06 08:00:00.001
1638806400000,-0.00138023,2021-12-06 16:00:00.000
1638835200018,-0.00115807,2021-12-07 00:00:00.018
1638864000000,-0.00060873,2021-12-07 08:00:00.000
1638892800000,-0.00128434,2021-12-07 16:00:00.000
1638921600000,-0.00200582,2021-12-08 00:00:00.000
1638950400018,-0.00098517,2021-12-08 08:00:00.018
1638979200010,-0.0006602,2021-12-08 16:00:00.010
1639008000010,-0.00064594,2021-12-09 00:00:00.010
1639036800000,-0.00125255,2021-12-09 08:00:00.000
1639065600000,-0.00061902,2021-12-09 16:00:00.000
1639094400000,-0.00086605,2021-12-10 00:00:00.000
1639123200008,-0.00053073,2021-12-10 08:00:00.008
1639152000012,-0.00039146,2021-12-10 16:00:00.012
1639180800009,-0.00032172,2021-12-11 00:00:00.009
1639209600008,-0.00057579,2021-12-11 08:00:00.008
1639238400000,-0.00022093,2021-12-11 16:00:00.000
1639267200001,-0.00042925,2021-12-12 00:00:00.001
1639296000015,-0.00052305,2021-12-12 08:00:00.015
1639324800011,-0.0004209,2021-12-12 16:00:00.011
1639353600006,-0.00055615,2021-12-13 00:00:00.006
1639382400019,-0.00043062,2021-12-13 08:00:00.019
1639411200000,-0.00076061,2021-12-13 16:00:00.000
1639440000004,-0.00067491,2021-12-14 00:00:00.004
1639468800000,-0.00028367,2021-12-14 08:00:00.000
1639497600015,-0.00055468,2021-12-14 16:00:00.015
1639526400000,-0.000285,2021-12-15 00:00:00.000
1639555200008,-0.00026342,2021-12-15 08:00:00.008
1639584000005,-0.00093927,2021-12-15 16:00:00.005
1639612800006,-0.00059061,2021-12-16 00:00:00.006
1639641600009,-0.00034233,2021-12-16 08:00:00.009
1639670400000,-0.00040381,2021-12-16 16:00:00.000
1639699200000,-0.0008632,2021-12-17 00:00:00.000
1639728000005,-0.00044795,2021-12-17 08:00:00.005
1639756800006,-0.00041842,2021-12-17 16:00:00.006
1639785600014,-0.00070454,2021-12-18 00:00:00.014
1639814400012,-0.0002497,2021-12-18 08:00:00.012
1639843200000,-0.00059904,2021-12-18 16:00:00.000
1639872000031,-0.0002973,2021-12-19 00:00:00.031
1639900800000,-0.00084868,2021-12-19 08:00:00.000
1639929600003,-0.00051316,2021-12-19 16:00:00.003
1639958400015,-0.00020843,2021-12-20 00:00:00.015
1639987200007,-0.00063689,2021-12-20 08:00:00.007
1640016000005,-0.00033649,2021-12-20 16:00:00.005
1640044800003,-0.00033529,2021-12-21 00:00:00.003
1640073600012,-0.00011997,2021-12-21 08:00:00.012
1640102400005,-3.881e-05,2021-12-21 16:00:00.005
1640131200000,-0.00022252,2021-12-22 00:00:00.000
1640160000001,-5.199e-05,2021-12-22 08:00:00.001
1640188800006,5.13e-06,2021-12-22 16:00:00.006
1640217600011,-5.933e-05,2021-12-23 00:00:00.011
1640246400000,-0.00014938,2021-12-23 08:00:00.000
1640275200000,0.0001,2021-12-23 16:00:00.000
1640304000005,3.54e-06,2021-12-24 00:00:00.005
1640332800000,0.0001,2021-12-24 08:00:00.000
1640361600011,0.0001,2021-12-24 16:00:00.011
1640390400000,0.0001,2021-12-25 00:00:00.000
1640419200001,0.0001,2021-12-25 08:00:00.001
1640448000005,-3.697e-05,2021-12-25 16:00:00.005
1640476800004,-0.00019988,2021-12-26 00:00:00.004
1640505600002,0.0001,2021-12-26 08:00:00.002
1640534400000,0.0001,2021-12-26 16:00:00.000
1640563200002,1.436e-05,2021-12-27 00:00:00.002
1640592000005,0.0001,2021-12-27 08:00:00.005
1640620800000,-0.00059887,2021-12-27 16:00:00.000
1640649600000,-6.613e-05,2021-12-28 00:00:00.000
1640678400012,-0.00039367,2021-12-28 08:00:00.012
1640707200000,1.786e-05,2021-12-28 16:00:00.000
1640736000006,-0.00042645,2021-12-29 00:00:00.006
1640764800003,-0.00018801,2021-12-29 08:00:00.003
1640793600004,-3.331e-05,2021-12-29 16:00:00.004
1640822400003,-0.0001378,2021-12-30 00:00:00.003
1640851200001,-9.609e-05,2021-12-30 08:00:00.001
1640880000017,-0.00042645,2021-12-30 16:00:00.017
1640908800006,-0.00078596,2021-12-31 00:00:00.006
1640937600009,-0.00052036,2021-12-31 08:00:00.009
1640966400000,-0.00066759,2021-12-31 16:00:00.000
1640995200006,-0.00059204,2022-01-01 00:00:00.006
1641024000009,-0.00096978,2022-01-01 08:00:00.009
1641052800000,-0.00061474,2022-01-01 16:00:00.000
1641081600028,-0.00092198,2022-01-02 00:00:00.028
1641110400000,-0.00062389,2022-01-02 08:00:00.000
1641139200000,-0.00040804,2022-01-02 16:00:00.000
1641168000010,-0.00028233,2022-01-03 00:00:00.010
1641196800013,-0.00036137,2022-01-03 08:00:00.013
1641225600018,-0.00045895,2022-01-03 16:00:00.018
1641254400000,-0.00014358,2022-01-04 00:00:00.000
1641283200010,-0.00090193,2022-01-04 08:00:00.010
1641312000002,-0.00049761,2022-01-04 16:00:00.002
1641340800001,-0.00066938,2022-01-05 00:00:00.001
1641369600017,4.52e-05,2022-01-05 08:00:00.017
1641398400000,-0.00021604,2022-01-05 16:00:00.000
1641427200002,-0.0011327,2022-01-06 00:00:00.002
1641456000021,-0.00062044,2022-01-06 08:00:00.021
1641484800006,-0.00030683,2022-01-06 16:00:00.006
1641513600005,-0.00044529,2022-01-07 00:00:00.005
1641542400000,-0.00063373,2022-01-07 08:00:00.000
1641571200001,-0.00051955,2022-01-07 16:00:00.001
1641600000014,-0.00090249,2022-01-08 00:00:00.014
1641628800013,-0.00027255,2022-01-08 08:00:00.013
1641657600000,-0.00073382,2022-01-08 16:00:00.000
1641686400003,-0.00059345,2022-01-09 00:00:00.003
1641715200000,-0.00073477,2022-01-09 08:00:00.000
1641744000000,-0.00048403,2022-01-09 16:00:00.000
1641772800000,-0.00069725,2022-01-10 00:00:00.000
1641801600010,-0.00049782,2022-01-10 08:00:00.010
1641830400007,-0.00108511,2022-01-10 16:00:00.007
1641859200013,-0.00058166,2022-01-11 00:00:00.013
1641888000004,-0.00066407,2022-01-11 08:00:00.004
1641916800000,-0.0005366,2022-01-11 16:00:00.000
1641945600012,-0.00056136,2022-01-12 00:00:00.012
1641974400015,-0.00040676,2022-01-12 08:00:00.015
1642003200000,-0.00047203,2022-01-12 16:00:00.000
1642032000007,-0.00027445,2022-01-13 00:00:00.007
1642060800000,-0.00023364,2022-01-13 08:00:00.000
1642089600014,-0.00033283,2022-01-13 16:00:00.014
1642118400000,-0.00033044,2022-01-14 00:00:00.000
1642147200006,-0.00047484,2022-01-14 08:00:00.006
1642176000014,-0.00054546,2022-01-14 16:00:00.014
1642204800000,-0.00020509,2022-01-15 00:00:00.000
1642233600002,-0.0006455,2022-01-15 08:00:00.002
1642262400000,-0.00014859,2022-01-15 16:00:00.000
1642291200000,-0.00051784,2022-01-16 00:00:00.000
1642320000017,-0.00026162,2022-01-16 08:00:00.017
1642348800011,-0.00058715,2022-01-16 16:00:00.011
1642377600005,-0.00030136,2022-01-17 00:00:00.005
1642406400006,-9.174e-05,2022-01-17 08:00:00.006
1642435200012,-0.0009687,2022-01-17 16:00:00.012
1642464000020,-0.00030626,2022-01-18 00:00:00.020
1642492800000,-0.00040806,2022-01-18 08:00:00.000
1642521600013,-0.00041671,2022-01-18 16:00:00.013
1642550400001,-0.00029584,2022-01-19 00:00:00.001
1642579200000,-0.00065322,2022-01-19 08:00:00.000
1642608000000,-0.00020052,2022-01-19 16:00:00.000
1642636800015,-0.00055805,2022-01-20 00:00:00.015
1642665600000,-0.00041341,2022-01-20 08:00:00.000
1642694400000,-0.00012679,2022-01-20 16:00:00.000
1642723200007,-0.00089108,2022-01-21 00:00:00.007
1642752000015,-0.00067256,2022-01-21 08:00:00.015
1642780800000,-0.00079728,2022-01-21 16:00:00.000
1642809600017,-0.00100831,2022-01-22 00:00:00.017
1642838400003,-0.00094026,2022-01-22 08:00:00.003
1642867200021,-0.00100901,2022-01-22 16:00:00.021
1642896000026,-0.00069941,2022-01-23 00:00:00.026
1642924800010,-0.00059828,2022-01-23 08:00:00.010
1642953600009,-0.00073095,2022-01-23 16:00:00.009
1642982400010,-0.00046796,2022-01-24 00:00:00.010
1643011200000,-0.001261,2022-01-24 08:00:00.000
1643040000021,-0.00040282,2022-01-24 16:00:00.021
1643068800000,-0.00061111,2022-01-25 00:00:00.000
1643097600000,-0.00049666,2022-01-25 08:00:00.000
1643126400012,-0.00047592,2022-01-25 16:00:00.012
1643155200000,-0.00079299,2022-01-26 00:00:00.000
1643184000001,-0.00053887,2022-01-26 08:00:00.001
1643212800005,-0.00043034,2022-01-26 16:00:00.005
1643241600004,-0.00055509,2022-01-27 00:00:00.004
1643270400004,-0.00048951,2022-01-27 08:00:00.004
1643299200019,-0.00017712,2022-01-27 16:00:00.019
1643328000000,-0.00054459,2022-01-28 00:00:00.000
1643356800000,-0.00032267,2022-01-28 08:00:00.000
1643385600025,-0.00041753,2022-01-28 16:00:00.025
1643414400017,-0.00053417,2022-01-29 00:00:00.017
1643443200000,-0.00019305,2022-01-29 08:00:00.000
1643472000013,6.927e-05,2022-01-29 16:00:00.013
1643500800025,-9.576e-05,2022-01-30 00:00:00.025
1643529600009,-0.00022036,2022-01-30 08:00:00.009
1643558400000,-0.00013932,2022-01-30 16:00:00.000
1643587200000,-0.00024478,2022-01-31 00:00:00.000
1643616000000,-0.00014598,2022-01-31 08:00:00.000
1643644800000,-0.00025648,2022-01-31 16:00:00.000
1643673600010,6.35e-06,2022-02-01 00:00:00.010
1643702400000,-7.94e-06,2022-02-01 08:00:00.000
1643731200004,0.0001,2022-02-01 16:00:00.004
1643760000004,9.649e-05,2022-02-02 00:00:00.004
1643788800000,-1.753e-05,2022-02-02 08:00:00.000
1643817600002,-0.00070348,2022-02-02 16:00:00.002
1643846400002,-0.00042526,2022-02-03 00:00:00.002
1643875200000,-0.0001337,2022-02-03 08:00:00.000
1643904000000,-3.943e-05,2022-02-03 16:00:00.000
1643932800018,-0.00026035,2022-02-04 00:00:00.018
1643961600005,-0.00010932,2022-02-04 08:00:00.005
1643990400010,-0.00010957,2022-02-04 16:00:00.010
1644019200014,-0.00018927,2022-02-05 00:00:00.014
1644048000000,0.0001,2022-02-05 08:00:00.000
1644076800000,0.0001,2022-02-05 16:00:00.000
1644105600000,0.0001,2022-02-06 00:00:00.000
1644134400000,4.459e-05,2022-02-06 08:00:00.000
1644163200000,-0.00025339,2022-02-06 16:00:00.000
1644192000003,-0.00026685,2022-02-07 00:00:00.003
1644220800014,0.0001,2022-02-07 08:00:00.014
1644249600003,0.0001,2022-02-07 16:00:00.003
1644278400001,0.0001,2022-02-08 00:00:00.001
1644307200003,-2.082e-05,2022-02-08 08:00:00.003
1644336000002,-0.0001157,2022-02-08 16:00:00.002
1644364800000,-0.00025458,2022-02-09 00:00:00.000
1644393600005,-0.0006244,2022-02-09 08:00:00.005
1644422400001,-0.0004081,2022-02-09 16:00:00.001
1644451200012,-2.34e-05,2022-02-10 00:00:00.012
1644480000000,-0.00019402,2022-02-10 08:00:00.000
1644508800006,-0.00060385,2022-02-10 16:00:00.006
1644537600000,-0.00083355,2022-02-11 00:00:00.000
1644566400009,-0.00026531,2022-02-11 08:00:00.009
1644595200015,-0.00053351,2022-02-11 16:00:00.015
1644624000020,-0.00091105,2022-02-12 00:00:00.020
1644652800001,-0.00100695,2022-02-12 08:00:00.001
1644681600007,-0.00085094,2022-02-12 16:00:00.007
1644710400022,-0.00068024,2022-02-13 00:00:00.022
1644739200001,-0.00061378,2022-02-13 08:00:00.001
1644768000007,-0.0009565,2022-02-13 16:00:00.007
1644796800005,-0.00059906,2022-02-14 00:00:00.005
1644825600013,-0.00090669,2022-02-14 08:00:00.013
1644854400019,-0.00081686,2022-02-14 16:00:00.019
1644883200012,-0.00085331,2022-02-15 00:00:00.012
1644912000005,-0.0010328,2022-02-15 08:00:00.005
1644940800011,-0.00108688,2022-02-15 16:00:00.011
1644969600009,-0.00059395,2022-02-16 00:00:00.009
1644998400001,-0.00033762,2022-02-16 08:00:00.001
1645027200014,-0.00043506,2022-02-16 16:00:00.014
1645056000018,-0.00061562,2022-02-17 00:00:00.018
1645084800000,-0.00053335,2022-02-17 08:00:00.000
1645113600010,-0.00104092,2022-02-17 16:00:00.010
1645142400000,-0.00091957,2022-02-18 00:00:00.000
1645171200002,-0.00071587,2022-02-18 08:00:00.002
1645200000000,-0.00075534,2022-02-18 16:00:00.000
1645228800007,-0.00052191,2022-02-19 00:00:00.007
1645257600000,0.0001,2022-02-19 08:00:00.000
1645286400023,-3.13e-06,2022-02-19 16:00:00.023
1645315200001,-0.00013285,2022-02-20 00:00:00.001
1645344000003,-0.00034754,2022-02-20 08:00:00.003
1645372800001,-0.00016428,2022-02-20 16:00:00.001
1645401600000,-9.47e-05,2022-02-21 00:00:00.000
1645430400001,-6.951e-05,2022-02-21 08:00:00.001
1645459200005,-0.00028793,2022-02-21 16:00:00.005
1645488000005,-0.00070165,2022-02-22 00:00:00.005
1645516800000,-0.00031091,2022-02-22 08:00:00.000
1645545600000,-0.00011291,2022-02-22 16:00:00.000
1645574400002,-4.565e-05,2022-02-23 00:00:00.002
1645603200005,-3.972e-05,2022-02-23 08:00:00.005
1645632000010,0.0001,2022-02-23 16:00:00.010
1645660800008,-0.00017298,2022-02-24 00:00:00.008
1645689600003,-0.00124651,2022-02-24 08:00:00.003
1645718400001,-0.00014672,2022-02-24 16:00:00.001
1645747200000,-5.486e-05,2022-02-25 00:00:00.000
1645776000006,-1.197e-05,2022-02-25 08:00:00.006
1645804800001,8.66e-05,2022-02-25 16:00:00.001
1645833600004,0.0001,2022-02-26 00:00:00.004
1645862400004,0.0001,2022-02-26 08:00:00.004
1645891200007,2.725e-05,2022-02-26 16:00:00.007
1645920000012,-0.00056314,2022-02-27 00:00:00.012
1645948800000,-0.00033561,2022-02-27 08:00:00.000
1645977600000,-5.032e-05,2022-02-27 16:00:00.000
1646006400000,-0.00068405,2022-02-28 00:00:00.000
1646035200001,-6.436e-05,2022-02-28 08:00:00.001
1646064000002,-0.00011232,2022-02-28 16:00:00.002
1646092800002,0.0001,2022-03-01 00:00:00.002
1646121600001,0.0001,2022-03-01 08:00:00.001
1646150400000,0.0001,2022-03-01 16:00:00.000
1646179200000,-5.325e-05,2022-03-02 00:00:00.000
1646208000000,-1.707e-05,2022-03-02 08:00:00.000
1646236800002,1.396e-05,2022-03-02 16:00:00.002
1646265600000,-1.215e-05,2022-03-03 00:00:00.000
1646294400000,-6.626e-05,2022-03-03 08:00:00.000
1646323200005,-0.00017899,2022-03-03 16:00:00.005
1646352000018,-0.00015583,2022-03-04 00:00:00.018
1646380800000,-0.00010697,2022-03-04 08:00:00.000
1646409600000,-0.00010232,2022-03-04 16:00:00.000
1646438400006,-0.00037392,2022-03-05 00:00:00.006
1646467200004,-6.4e-06,2022-03-05 08:00:00.004
1646496000000,-0.00030853,2022-03-05 16:00:00.000
1646524800004,-0.00034522,2022-03-06 00:00:00.004
1646553600000,-7.893e-05,2022-03-06 08:00:00.000
1646582400013,-0.00018783,2022-03-06 16:00:00.013
1646611200008,-0.00054499,2022-03-07 00:00:00.008
1646640000006,-0.00030102,2022-03-07 08:00:00.006
1646668800000,4.123e-05,2022-03-07 16:00:00.000
1646697600008,-0.00070597,2022-03-08 00:00:00.008
1646726400002,-0.00054918,2022-03-08 08:00:00.002
1646755200000,-0.00046261,2022-03-08 16:00:00.000
1646784000008,-0.00013672,2022-03-09 00:00:00.008
1646812800000,-2.837e-05,2022-03-09 08:00:00.000
1646841600004,-0.0001589,2022-03-09 16:00:00.004
1646870400000,-5.141e-05,2022-03-10 00:00:00.000
1646899200017,-0.00054666,2022-03-10 08:00:00.017
1646928000000,-7.558e-05,2022-03-10 16:00:00.000
1646956800008,-0.00012543,2022-03-11 00:00:00.008
1646985600000,-7.875e-05,2022-03-11 08:00:00.000
1647014400001,-0.00018207,2022-03-11 16:00:00.001
1647043200010,-0.00021437,2022-03-12 00:00:00.010
1647072000001,-0.00014053,2022-03-12 08:00:00.001
1647100800002,-6.95e-06,2022-03-12 16:00:00.002
1647129600008,-0.00024084,2022-03-13 00:00:00.008
1647158400000,-2.415e-05,2022-03-13 08:00:00.000
1647187200002,-8.326e-05,2022-03-13 16:00:00.002
1647216000014,-0.00071943,2022-03-14 00:00:00.014
1647244800005,-0.00010488,2022-03-14 08:00:00.005
1647273600002,-0.00026357,2022-03-14 16:00:00.002
1647302400008,-9.075e-05,2022-03-15 00:00:00.008
1647331200000,-0.00042787,2022-03-15 08:00:00.000
1647360000006,6.636e-05,2022-03-15 16:00:00.006
1647388800013,4.977e-05,2022-03-16 00:00:00.013
1647417600000,0.0001,2022-03-16 08:00:00.000
1647446400008,0.0001,2022-03-16 16:00:00.008
1647475200004,0.0001,2022-03-17 00:00:00.004
1647504000000,5.461e-05,2022-03-17 08:00:00.000
1647532800004,-1.895e-05,2022-03-17 16:00:00.004
1647561600000,-7.271e-05,2022-03-18 00:00:00.000
1647590400000,1.291e-05,2022-03-18 08:00:00.000
1647619200017,5.442e-05,2022-03-18 16:00:00.017
1647648000008,-8.096e-05,2022-03-19 00:00:00.008
1647676800015,-4.48e-06,2022-03-19 08:00:00.015
1647705600000,0.0001,2022-03-19 16:00:00.000
1647734400000,2.674e-05,2022-03-20 00:00:00.000
1647763200001,0.0001,2022-03-20 08:00:00.001
1647792000002,0.0001,2022-03-20 16:00:00.002
1647820800013,-5.414e-05,2022-03-21 00:00:00.013
1647849600004,0.0001,2022-03-21 08:00:00.004
1647878400010,0.0001,2022-03-21 16:00:00.010
1647907200012,-4.811e-05,2022-03-22 00:00:00.012
1647936000001,-5.296e-05,2022-03-22 08:00:00.001
1647964800022,6.283e-05,2022-03-22 16:00:00.022
1647993600007,2.162e-05,2022-03-23 00:00:00.007
1648022400000,0.0001,2022-03-23 08:00:00.000
1648051200006,0.0001,2022-03-23 16:00:00.006
1648080000013,0.0001,2022-03-24 00:00:00.013
1648108800006,0.0001,2022-03-24 08:00:00.006
1648137600020,0.0001,2022-03-24 16:00:00.020
1648166400010,0.0001,2022-03-25 00:00:00.010
1648195200001,0.0001,2022-03-25 08:00:00.001
1648224000014,0.0001,2022-03-25 16:00:00.014
1648252800020,0.0001,2022-03-26 00:00:00.020
1648281600006,0.0001,2022-03-26 08:00:00.006
1648310400000,0.0001,2022-03-26 16:00:00.000
1648339200004,0.0001,2022-03-27 00:00:00.004
1648368000001,0.0001,2022-03-27 08:00:00.001
1648396800006,0.0001,2022-03-27 16:00:00.006
1648425600012,0.0001,2022-03-28 00:00:00.012
1648454400007,-2.23e-05,2022-03-28 08:00:00.007
1648483200000,0.0001,2022-03-28 16:00:00.000
1648512000000,0.0001,2022-03-29 00:00:00.000
1648540800015,0.0001,2022-03-29 08:00:00.015
1648569600000,0.0001,2022-03-29 16:00:00.000
1648598400000,0.0001,2022-03-30 00:00:00.000
1648627200002,0.0001,2022-03-30 08:00:00.002
1648656000028,0.0001,2022-03-30 16:00:00.028
1648684800017,0.0001,2022-03-31 00:00:00.017
1648713600000,0.0001,2022-03-31 08:00:00.000
1648742400015,0.0001,2022-03-31 16:00:00.015
1648771200000,0.0001,2022-04-01 00:00:00.000
1648800000000,0.0001,2022-04-01 08:00:00.000
1648828800018,0.0001,2022-04-01 16:00:00.018
1648857600000,0.0001,2022-04-02 00:00:00.000
1648886400002,0.0001,2022-04-02 08:00:00.002
1648915200006,0.0001,2022-04-02 16:00:00.006
1648944000018,0.0001,2022-04-03 00:00:00.018
1648972800018,0.0001,2022-04-03 08:00:00.018
1649001600015,0.0001,2022-04-03 16:00:00.015
1649030400006,0.0001,2022-04-04 00:00:00.006
1649059200000,0.0001,2022-04-04 08:00:00.000
1649088000016,4.782e-05,2022-04-04 16:00:00.016
1649116800000,-0.00011295,2022-04-05 00:00:00.000
1649145600010,0.0001,2022-04-05 08:00:00.010
1649174400008,0.0001,2022-04-05 16:00:00.008
1649203200001,-0.00020829,2022-04-06 00:00:00.001
1649232000021,-0.000242,2022-04-06 08:00:00.021
1649260800000,-0.0004097,2022-04-06 16:00:00.000
1649289600009,-0.00035925,2022-04-07 00:00:00.009
1649318400000,-2.093e-05,2022-04-07 08:00:00.000
1649347200000,-0.00042781,2022-04-07 16:00:00.000
1649376000000,-2.397e-05,2022-04-08 00:00:00.000
1649404800004,-0.00024244,2022-04-08 08:00:00.004
1649433600008,-0.0002453,2022-04-08 16:00:00.008
1649462400008,-0.00018465,2022-04-09 00:00:00.008
1649491200000,-0.00010405,2022-04-09 08:00:00.000
1649520000001,4.039e-05,2022-04-09 16:00:00.001
1649548800004,-2.794e-05,2022-04-10 00:00:00.004
1649577600007,-0.000227,2022-04-10 08:00:00.007
1649606400016,-0.00011757,2022-04-10 16:00:00.016
1649635200000,-0.00052411,2022-04-11 00:00:00.000
1649664000000,-5.52e-05,2022-04-11 08:00:00.000
1649692800009,-2.33e-05,2022-04-11 16:00:00.009
1649721600000,-0.0001785,2022-04-12 00:00:00.000
1649750400006,0.0001,2022-04-12 08:00:00.006
1649779200013,9.718e-05,2022-04-12 16:00:00.013
1649808000005,-0.00015525,2022-04-13 00:00:00.005
1649836800008,6.077e-05,2022-04-13 08:00:00.008
1649865600013,0.0001,2022-04-13 16:00:00.013
1649894400007,0.0001,2022-04-14 00:00:00.007
1649923200000,0.0001,2022-04-14 08:00:00.000
1649952000006,-0.00026079,2022-04-14 16:00:00.006
1649980800008,0.0001,2022-04-15 00:00:00.008
1650009600002,-1.89e-05,2022-04-15 08:00:00.002
1650038400000,-9.385e-05,2022-04-15 16:00:00.000
1650067200011,9.679e-05,2022-04-16 00:00:00.011
1650096000007,-8.285e-05,2022-04-16 08:00:00.007
1650124800007,-0.00018136,2022-04-16 16:00:00.007
1650153600000,-1.28e-06,2022-04-17 00:00:00.000
1650182400004,5.368e-05,2022-04-17 08:00:00.004
1650211200000,3.955e-05,2022-04-17 16:00:00.000
1650240000008,-0.00023967,2022-04-18 00:00:00.008
1650268800012,-0.00013499,2022-04-18 08:00:00.012
1650297600000,4.997e-05,2022-04-18 16:00:00.000
1650326400021,4.475e-05,2022-04-19 00:00:00.021
1650355200031,5.623e-05,2022-04-19 08:00:00.031
1650384000000,8.459e-05,2022-04-19 16:00:00.000
1650412800025,0.0001,2022-04-20 00:00:00.025
1650441600003,0.0001,2022-04-20 08:00:00.003
1650470400000,-6.48e-06,2022-04-20 16:00:00.000
1650499200000,1.652e-05,2022-04-21 00:00:00.000
1650528000000,0.0001,2022-04-21 08:00:00.000
1650556800024,0.0001,2022-04-21 16:00:00.024
1650585600008,-0.00036591,2022-04-22 00:00:00.008
1650614400008,0.0001,2022-04-22 08:00:00.008
1650643200008,8.369e-05,2022-04-22 16:00:00.008
1650672000000,6.287e-05,2022-04-23 00:00:00.000
1650700800000,-9.006e-05,2022-04-23 08:00:00.000
1650729600012,0.0001,2022-04-23 16:00:00.012
1650758400004,0.0001,2022-04-24 00:00:00.004
1650787200003,-0.0001907,2022-04-24 08:00:00.003
1650816000000,0.0001,2022-04-24 16:00:00.000
1650844800008,0.0001,2022-04-25 00:00:00.008
1650873600018,-8.655e-05,2022-04-25 08:00:00.018
1650902400000,0.0001,2022-04-25 16:00:00.000
1650931200014,0.0001,2022-04-26 00:00:00.014
1650960000000,0.0001,2022-04-26 08:00:00.000
1650988800017,9.37e-06,2022-04-26 16:00:00.017
1651017600012,0.0001,2022-04-27 00:00:00.012
1651046400000,0.0001,2022-04-27 08:00:00.000
1651075200002,0.0001,2022-04-27 16:00:00.002
1651104000000,0.0001,2022-04-28 00:00:00.000
1651132800004,0.0001,2022-04-28 08:00:00.004
1651161600030,-0.00012795,2022-04-28 16:00:00.030
1651190400000,-0.00023857,2022-04-29 00:00:00.000
1651219200016,0.0001,2022-04-29 08:00:00.016
1651248000010,-0.00016836,2022-04-29 16:00:00.010
1651276800000,-3.228e-05,2022-04-30 00:00:00.000
1651305600005,-5.137e-05,2022-04-30 08:00:00.005
1651334400015,-6.362e-05,2022-04-30 16:00:00.015
1651363200000,-0.00047051,2022-05-01 00:00:00.000
1651392000000,-0.00022256,2022-05-01 08:00:00.000
1651420800010,-0.00014297,2022-05-01 16:00:00.010
1651449600018,-2.259e-05,2022-05-02 00:00:00.018
1651478400007,-0.00010245,2022-05-02 08:00:00.007
1651507200000,-0.00036979,2022-05-02 16:00:00.000
1651536000006,-0.00027683,2022-05-03 00:00:00.006
1651564800000,7.075e-05,2022-05-03 08:00:00.000
1651593600021,-0.00023502,2022-05-03 16:00:00.021
1651622400007,-0.00024659,2022-05-04 00:00:00.007
1651651200011,-8.697e-05,2022-05-04 08:00:00.011
1651680000000,-0.00015676,2022-05-04 16:00:00.000
1651708800005,-8.347e-05,2022-05-05 00:00:00.005
1651737600019,0.0001,2022-05-05 08:00:00.019
1651766400005,-0.00035664,2022-05-05 16:00:00.005
1651795200005,0.0001,2022-05-06 00:00:00.005
1651824000001,-8.08e-06,2022-05-06 08:00:00.001
1651852800010,-0.00010266,2022-05-06 16:00:00.010
1651881600004,6.027e-05,2022-05-07 00:00:00.004
1651910400016,-0.00014657,2022-05-07 08:00:00.016
1651939200011,-1.392e-05,2022-05-07 16:00:00.011
1651968000000,-0.00023254,2022-05-08 00:00:00.000
1651996800007,0.0001,2022-05-08 08:00:00.007
1652025600015,-5.48e-05,2022-05-08 16:00:00.015
1652054400000,7.95e-06,2022-05-09 00:00:00.000
1652083200001,-0.00029351,2022-05-09 08:00:00.001
1652112000000,-0.00020994,2022-05-09 16:00:00.000
1652140800000,-0.00019051,2022-05-10 00:00:00.000
1652169600007,0.0001,2022-05-10 08:00:00.007
1652198400008,0.0001,2022-05-10 16:00:00.008
1652227200004,-0.00021296,2022-05-11 00:00:00.004
1652256000007,-0.00048318,2022-05-11 08:00:00.007
1652284800008,-0.00037981,2022-05-11 16:00:00.008
1652313600014,0.0001,2022-05-12 00:00:00.014
1652342400000,-0.0002848,2022-05-12 08:00:00.000
1652371200007,0.0001,2022-05-12 16:00:00.007
1652400000014,0.0001,2022-05-13 00:00:00.014
1652428800001,0.0001,2022-05-13 08:00:00.001
1652457600000,0.0001,2022-05-13 16:00:00.000
1652486400000,8.219e-05,2022-05-14 00:00:00.000
1652515200000,0.0001,2022-05-14 08:00:00.000
1652544000001,-3.265e-05,2022-05-14 16:00:00.001
1652572800000,0.0001,2022-05-15 00:00:00.000
1652601600000,0.0001,2022-05-15 08:00:00.000
1652630400000,0.0001,2022-05-15 16:00:00.000
1652659200021,0.0001,2022-05-16 00:00:00.021
1652688000013,-2.088e-05,2022-05-16 08:00:00.013
1652716800006,4.458e-05,2022-05-16 16:00:00.006
1652745600000,-8.572e-05,2022-05-17 00:00:00.000
1652774400010,0.0001,2022-05-17 08:00:00.010
1652803200023,-0.00010477,2022-05-17 16:00:00.023
1652832000003,-5.06e-06,2022-05-18 00:00:00.003
1652860800024,-0.00039334,2022-05-18 08:00:00.024
1652889600014,-0.00062112,2022-05-18 16:00:00.014
1652918400000,-0.00012046,2022-05-19 00:00:00.000
1652947200008,-0.00031492,2022-05-19 08:00:00.008
1652976000015,0.0001,2022-05-19 16:00:00.015
1653004800001,-0.00046887,2022-05-20 00:00:00.001
1653033600003,-0.00031809,2022-05-20 08:00:00.003
1653062400012,-7.346e-05,2022-05-20 16:00:00.012
1653091200008,-0.00015226,2022-05-21 00:00:00.008
1653120000001,0.0001,2022-05-21 08:00:00.001
1653148800007,-8.558e-05,2022-05-21 16:00:00.007
1653177600003,-0.0001372,2022-05-22 00:00:00.003
1653206400016,-7.356e-05,2022-05-22 08:00:00.016
1653235200000,-5.953e-05,2022-05-22 16:00:00.000
1653264000011,-7.963e-05,2022-05-23 00:00:00.011
1653292800000,4.495e-05,2022-05-23 08:00:00.000
1653321600023,0.0001,2022-05-23 16:00:00.023
1653350400011,-0.00061568,2022-05-24 00:00:00.011
1653379200000,-5.002e-05,2022-05-24 08:00:00.000
1653408000009,-0.00070935,2022-05-24 16:00:00.009
1653436800001,-8.123e-05,2022-05-25 00:00:00.001
1653465600000,-0.00028502,2022-05-25 08:00:00.000
1653494400015,-0.00041871,2022-05-25 16:00:00.015
1653523200005,-0.00013812,2022-05-26 00:00:00.005
1653552000001,-0.00042601,2022-05-26 08:00:00.001
1653580800000,-0.00032446,2022-05-26 16:00:00.000
1653609600007,-0.00031726,2022-05-27 00:00:00.007
1653638400008,-0.00030652,2022-05-27 08:00:00.008
1653667200000,-0.0004425,2022-05-27 16:00:00.000
1653696000018,-0.00019542,2022-05-28 00:00:00.018
1653724800016,-0.00027993,2022-05-28 08:00:00.016
1653753600013,2.946e-05,2022-05-28 16:00:00.013
1653782400000,-0.00062293,2022-05-29 00:00:00.000
1653811200025,-0.00022233,2022-05-29 08:00:00.025
1653840000002,-3.001e-05,2022-05-29 16:00:00.002
1653868800000,-0.00030893,2022-05-30 00:00:00.000
1653897600013,0.0001,2022-05-30 08:00:00.013
1653926400005,0.0001,2022-05-30 16:00:00.005
1653955200016,0.0001,2022-05-31 00:00:00.016
1653984000000,0.0001,2022-05-31 08:00:00.000
1654012800000,0.0001,2022-05-31 16:00:00.000
1654041600000,9.8e-06,2022-06-01 00:00:00.000
1654070400011,0.0001,2022-06-01 08:00:00.011
1654099200000,0.0001,2022-06-01 16:00:00.000
1654128000000,-0.00012572,2022-06-02 00:00:00.000
1654156800006,1.098e-05,2022-06-02 08:00:00.006
1654185600021,-5.57e-05,2022-06-02 16:00:00.021
1654214400016,0.0001,2022-06-03 00:00:00.016
1654243200016,-1.085e-05,2022-06-03 08:00:00.016
1654272000012,-0.00019599,2022-06-03 16:00:00.012
1654300800005,-0.00022631,2022-06-04 00:00:00.005
1654329600000,-0.000159,2022-06-04 08:00:00.000
1654358400007,-0.00051699,2022-06-04 16:00:00.007
1654387200005,-0.00025901,2022-06-05 00:00:00.005
1654416000015,-8.739e-05,2022-06-05 08:00:00.015
1654444800000,-0.00030219,2022-06-05 16:00:00.000
1654473600000,-0.00036573,2022-06-06 00:00:00.000
1654502400017,-6.073e-05,2022-06-06 08:00:00.017
1654531200000,0.0001,2022-06-06 16:00:00.000
1654560000000,8.162e-05,2022-06-07 00:00:00.000
1654588800011,6.469e-05,2022-06-07 08:00:00.011
1654617600000,-0.00041026,2022-06-07 16:00:00.000
1654646400008,-0.00026652,2022-06-08 00:00:00.008
1654675200020,0.0001,2022-06-08 08:00:00.020
1654704000012,0.0001,2022-06-08 16:00:00.012
1654732800000,0.0001,2022-06-09 00:00:00.000
1654761600000,3.835e-05,2022-06-09 08:00:00.000
1654790400000,0.0001,2022-06-09 16:00:00.000
1654819200009,0.0001,2022-06-10 00:00:00.009
1654848000000,4.818e-05,2022-06-10 08:00:00.000
1654876800006,0.0001,2022-06-10 16:00:00.006
1654905600018,5.36e-05,2022-06-11 00:00:00.018
1654934400014,0.0001,2022-06-11 08:00:00.014
1654963200000,-0.00030398,2022-06-11 16:00:00.000
1654992000015,-0.00031932,2022-06-12 00:00:00.015
1655020800019,-0.00046172,2022-06-12 08:00:00.019
1655049600010,-0.00039589,2022-06-12 16:00:00.010
1655078400009,-0.00045368,2022-06-13 00:00:00.009
1655107200000,-0.00044697,2022-06-13 08:00:00.000
1655136000007,-2.727e-05,2022-06-13 16:00:00.007
1655164800013,-0.00014501,2022-06-14 00:00:00.013
1655193600008,0.0001,2022-06-14 08:00:00.008
1655222400006,0.0001,2022-06-14 16:00:00.006
1655251200000,0.0001,2022-06-15 00:00:00.000
1655280000016,-0.00033039,2022-06-15 08:00:00.016
1655308800008,0.0001,2022-06-15 16:00:00.008
1655337600009,0.0001,2022-06-16 00:00:00.009
1655366400016,-4.626e-05,2022-06-16 08:00:00.016
1655395200000,-0.00022227,2022-06-16 16:00:00.000
1655424000008,-0.00016232,2022-06-17 00:00:00.008
1655452800003,2.35e-06,2022-06-17 08:00:00.003
1655481600000,5.563e-05,2022-06-17 16:00:00.000
1655510400020,-8.42e-05,2022-06-18 00:00:00.020
1655539200025,-0.00056228,2022-06-18 08:00:00.025
1655568000014,-9.804e-05,2022-06-18 16:00:00.014
1655596800012,-0.0002411,2022-06-19 00:00:00.012
1655625600012,-0.00051551,2022-06-19 08:00:00.012
1655654400008,0.0001,2022-06-19 16:00:00.008
1655683200016,0.0001,2022-06-20 00:00:00.016
1655712000000,1.083e-05,2022-06-20 08:00:00.000
1655740800013,0.0001,2022-06-20 16:00:00.013
1655769600012,3.142e-05,2022-06-21 00:00:00.012
1655798400018,0.0001,2022-06-21 08:00:00.018
1655827200010,0.0001,2022-06-21 16:00:00.010
1655856000000,0.0001,2022-06-22 00:00:00.000
1655884800001,6.498e-05,2022-06-22 08:00:00.001
1655913600012,9.246e-05,2022-06-22 16:00:00.012
1655942400000,-8.862e-05,2022-06-23 00:00:00.000
1655971200000,0.0001,2022-06-23 08:00:00.000
1656000000016,0.0001,2022-06-23 16:00:00.016
1656028800005,0.0001,2022-06-24 00:00:00.005
1656057600004,0.0001,2022-06-24 08:00:00.004
1656086400018,0.0001,2022-06-24 16:00:00.018
1656115200001,0.0001,2022-06-25 00:00:00.001
1656144000010,0.0001,2022-06-25 08:00:00.010
1656172800000,0.0001,2022-06-25 16:00:00.000
1656201600002,0.0001,2022-06-26 00:00:00.002
1656230400016,0.0001,2022-06-26 08:00:00.016
1656259200006,0.0001,2022-06-26 16:00:00.006
1656288000008,4.729e-05,2022-06-27 00:00:00.008
1656316800000,0.0001,2022-06-27 08:00:00.000
1656345600016,1.309e-05,2022-06-27 16:00:00.016
1656374400016,7.066e-05,2022-06-28 00:00:00.016
1656403200001,-0.00017045,2022-06-28 08:00:00.001
1656432000005,-0.00013767,2022-06-28 16:00:00.005
1656460800000,2.877e-05,2022-06-29 00:00:00.000
1656489600013,3.15e-05,2022-06-29 08:00:00.013
1656518400000,3.084e-05,2022-06-29 16:00:00.000
1656547200000,-6.832e-05,2022-06-30 00:00:00.000
1656576000000,-0.00022129,2022-06-30 08:00:00.000
1656604800000,6.8e-07,2022-06-30 16:00:00.000
1656633600001,-0.00011553,2022-07-01 00:00:00.001
1656662400017,-6.098e-05,2022-07-01 08:00:00.017
1656691200005,2.889e-05,2022-07-01 16:00:00.005
1656720000000,1.497e-05,2022-07-02 00:00:00.000
1656748800000,0.0001,2022-07-02 08:00:00.000
1656777600008,0.0001,2022-07-02 16:00:00.008
1656806400015,0.0001,2022-07-03 00:00:00.015
1656835200004,0.0001,2022-07-03 08:00:00.004
1656864000005,8.844e-05,2022-07-03 16:00:00.005
1656892800021,4.038e-05,2022-07-04 00:00:00.021
1656921600001,0.0001,2022-07-04 08:00:00.001
1656950400000,0.0001,2022-07-04 16:00:00.000
1656979200000,0.0001,2022-07-05 00:00:00.000
1657008000000,0.0001,2022-07-05 08:00:00.000
1657036800015,0.0001,2022-07-05 16:00:00.015
1657065600006,0.0001,2022-07-06 00:00:00.006
1657094400000,0.0001,2022-07-06 08:00:00.000
1657123200000,0.0001,2022-07-06 16:00:00.000
1657152000010,0.0001,2022-07-07 00:00:00.010
1657180800010,0.0001,2022-07-07 08:00:00.010
1657209600011,0.0001,2022-07-07 16:00:00.011
1657238400008,0.0001,2022-07-08 00:00:00.008
1657267200009,0.0001,2022-07-08 08:00:00.009
1657296000000,0.0001,2022-07-08 16:00:00.000
1657324800000,0.0001,2022-07-09 00:00:00.000
1657353600000,0.0001,2022-07-09 08:00:00.000
1657382400009,0.0001,2022-07-09 16:00:00.009
1657411200001,0.0001,2022-07-10 00:00:00.001
1657440000002,0.0001,2022-07-10 08:00:00.002
1657468800001,0.0001,2022-07-10 16:00:00.001
1657497600000,0.0001,2022-07-11 00:00:00.000
1657526400003,0.0001,2022-07-11 08:00:00.003
1657555200001,0.0001,2022-07-11 16:00:00.001
1657584000000,0.0001,2022-07-12 00:00:00.000
1657612800021,0.0001,2022-07-12 08:00:00.021
1657641600000,0.0001,2022-07-12 16:00:00.000
1657670400012,0.0001,2022-07-13 00:00:00.012
1657699200022,0.0001,2022-07-13 08:00:00.022
1657728000005,0.0001,2022-07-13 16:00:00.005
1657756800017,0.0001,2022-07-14 00:00:00.017
1657785600001,-0.00020159,2022-07-14 08:00:00.001
1657814400000,-0.0004354,2022-07-14 16:00:00.000
1657843200004,-0.00022285,2022-07-15 00:00:00.004
1657872000019,0.0001,2022-07-15 08:00:00.019
1657900800017,0.0001,2022-07-15 16:00:00.017
1657929600021,-7.032e-05,2022-07-16 00:00:00.021
1657958400014,2.088e-05,2022-07-16 08:00:00.014
1657987200005,-0.00012498,2022-07-16 16:00:00.005
1658016000000,0.0001,2022-07-17 00:00:00.000
1658044800003,0.0001,2022-07-17 08:00:00.003
1658073600007,0.0001,2022-07-17 16:00:00.007
1658102400001,0.0001,2022-07-18 00:00:00.001
1658131200004,0.0001,2022-07-18 08:00:00.004
1658160000019,0.0001,2022-07-18 16:00:00.019
1658188800000,0.0001,2022-07-19 00:00:00.000
1658217600000,0.0001,2022-07-19 08:00:00.000
1658246400001,0.0001,2022-07-19 16:00:00.001
1658275200004,0.0001,2022-07-20 00:00:00.004
1658304000000,0.0001,2022-07-20 08:00:00.000
1658332800003,0.0001,2022-07-20 16:00:00.003
1658361600000,-0.00020185,2022-07-21 00:00:00.000
1658390400018,0.0001,2022-07-21 08:00:00.018
1658419200011,0.0001,2022-07-21 16:00:00.011
1658448000014,0.0001,2022-07-22 00:00:00.014
1658476800000,8.832e-05,2022-07-22 08:00:00.000
1658505600000,0.0001,2022-07-22 16:00:00.000
1658534400004,6.793e-05,2022-07-23 00:00:00.004
1658563200002,0.0001,2022-07-23 08:00:00.002
1658592000001,0.0001,2022-07-23 16:00:00.001
1658620800000,0.0001,2022-07-24 00:00:00.000
1658649600011,0.0001,2022-07-24 08:00:00.011
1658678400000,3.259e-05,2022-07-24 16:00:00.000
1658707200000,8.988e-05,2022-07-25 00:00:00.000
1658736000014,0.0001,2022-07-25 08:00:00.014
1658764800006,-3.916e-05,2022-07-25 16:00:00.006
1658793600010,-0.00012977,2022-07-26 00:00:00.010
1658822400000,0.0001,2022-07-26 08:00:00.000
1658851200000,-0.00016055,2022-07-26 16:00:00.000
1658880000008,0.0001,2022-07-27 00:00:00.008
1658908800000,0.0001,2022-07-27 08:00:00.000
1658937600003,-2.991e-05,2022-07-27 16:00:00.003
1658966400009,0.0001,2022-07-28 00:00:00.009
1658995200008,0.0001,2022-07-28 08:00:00.008
1659024000013,0.0001,2022-07-28 16:00:00.013
1659052800000,0.0001,2022-07-29 00:00:00.000
1659081600000,0.0001,2022-07-29 08:00:00.000
1659110400000,0.0001,2022-07-29 16:00:00.000
1659139200005,0.0001,2022-07-30 00:00:00.005
1659168000009,0.0001,2022-07-30 08:00:00.009
1659196800000,0.0001,2022-07-30 16:00:00.000
1659225600022,0.0001,2022-07-31 00:00:00.022
1659254400011,0.0001,2022-07-31 08:00:00.011
1659283200019,0.0001,2022-07-31 16:00:00.019
1659312000010,0.0001,2022-08-01 00:00:00.010
1659340800019,0.0001,2022-08-01 08:00:00.019
1659369600017,0.0001,2022-08-01 16:00:00.017
1659398400000,0.0001,2022-08-02 00:00:00.000
1659427200007,0.0001,2022-08-02 08:00:00.007
1659456000014,4.79e-05,2022-08-02 16:00:00.014
1659484800001,0.0001,2022-08-03 00:00:00.001
1659513600020,0.0001,2022-08-03 08:00:00.020
1659542400008,0.0001,2022-08-03 16:00:00.008
1659571200001,-0.0001764,2022-08-04 00:00:00.001
1659600000009,0.0001,2022-08-04 08:00:00.009
1659628800015,0.0001,2022-08-04 16:00:00.015
1659657600005,0.0001,2022-08-05 00:00:00.005
1659686400000,0.0001,2022-08-05 08:00:00.000
1659715200000,0.0001,2022-08-05 16:00:00.000
1659744000021,0.0001,2022-08-06 00:00:00.021
1659772800000,0.0001,2022-08-06 08:00:00.000
1659801600015,0.0001,2022-08-06 16:00:00.015
1659830400013,0.0001,2022-08-07 00:00:00.013
1659859200000,0.0001,2022-08-07 08:00:00.000
1659888000014,0.0001,2022-08-07 16:00:00.014
1659916800009,0.0001,2022-08-08 00:00:00.009
1659945600006,0.0001,2022-08-08 08:00:00.006
1659974400000,0.0001,2022-08-08 16:00:00.000
1660003200020,0.0001,2022-08-09 00:00:00.020
1660032000000,0.0001,2022-08-09 08:00:00.000
1660060800000,0.0001,2022-08-09 16:00:00.000
1660089600000,6.534e-05,2022-08-10 00:00:00.000
1660118400016,0.0001,2022-08-10 08:00:00.016
1660147200018,0.0001,2022-08-10 16:00:00.018
1660176000012,0.0001,2022-08-11 00:00:00.012
1660204800000,0.0001,2022-08-11 08:00:00.000
1660233600000,0.0001,2022-08-11 16:00:00.000
1660262400006,0.0001,2022-08-12 00:00:00.006
1660291200000,0.0001,2022-08-12 08:00:00.000
1660320000005,0.0001,2022-08-12 16:00:00.005
1660348800012,0.0001,2022-08-13 00:00:00.012
1660377600006,0.0001,2022-08-13 08:00:00.006
1660406400018,0.0001,2022-08-13 16:00:00.018
1660435200000,0.0001,2022-08-14 00:00:00.000
1660464000000,0.0001,2022-08-14 08:00:00.000
1660492800000,0.0001,2022-08-14 16:00:00.000
1660521600010,0.0001,2022-08-15 00:00:00.010
1660550400002,0.0001,2022-08-15 08:00:00.002
1660579200010,0.0001,2022-08-15 16:00:00.010
1660608000010,0.0001,2022-08-16 00:00:00.010
1660636800002,0.0001,2022-08-16 08:00:00.002
1660665600000,0.0001,2022-08-16 16:00:00.000
1660694400020,0.0001,2022-08-17 00:00:00.020
1660723200016,0.0001,2022-08-17 08:00:00.016
1660752000001,0.0001,2022-08-17 16:00:00.001
1660780800005,-7.68e-05,2022-08-18 00:00:00.005
1660809600012,0.0001,2022-08-18 08:00:00.012
1660838400013,-2.801e-05,2022-08-18 16:00:00.013
1660867200000,-0.00012648,2022-08-19 00:00:00.000
1660896000000,-0.00060599,2022-08-19 08:00:00.000
1660924800009,-3.198e-05,2022-08-19 16:00:00.009
1660953600000,-0.00048532,2022-08-20 00:00:00.000
1660982400005,-0.00222056,2022-08-20 08:00:00.005
1661011200000,-0.00066432,2022-08-20 16:00:00.000
1661040000010,-0.00044386,2022-08-21 00:00:00.010
1661068800013,-0.00030205,2022-08-21 08:00:00.013
1661097600000,0.0001,2022-08-21 16:00:00.000
1661126400011,3.756e-05,2022-08-22 00:00:00.011
1661155200005,-8.865e-05,2022-08-22 08:00:00.005
1661184000005,7.85e-06,2022-08-22 16:00:00.005
1661212800000,-1.674e-05,2022-08-23 00:00:00.000
1661241600021,3.14e-06,2022-08-23 08:00:00.021
1661270400005,-1.462e-05,2022-08-23 16:00:00.005
1661299200017,0.0001,2022-08-24 00:00:00.017
1661328000021,4.364e-05,2022-08-24 08:00:00.021
1661356800000,-0.00026385,2022-08-24 16:00:00.000
1661385600003,0.0001,2022-08-25 00:00:00.003
1661414400000,0.0001,2022-08-25 08:00:00.000
1661443200004,7.085e-05,2022-08-25 16:00:00.004
1661472000001,0.0001,2022-08-26 00:00:00.001
1661500800004,0.0001,2022-08-26 08:00:00.004
1661529600000,-0.00013878,2022-08-26 16:00:00.000
1661558400010,-0.00076913,2022-08-27 00:00:00.010
1661587200007,-0.00036306,2022-08-27 08:00:00.007
1661616000008,-0.00052111,2022-08-27 16:00:00.008
1661644800019,-0.00029973,2022-08-28 00:00:00.019
1661673600000,-0.00034239,2022-08-28 08:00:00.000
1661702400000,-0.0003818,2022-08-28 16:00:00.000
1661731200000,-0.00066186,2022-08-29 00:00:00.000
1661760000000,-0.00055167,2022-08-29 08:00:00.000
1661788800001,0.0001,2022-08-29 16:00:00.001
1661817600001,0.0001,2022-08-30 00:00:00.001
1661846400005,0.0001,2022-08-30 08:00:00.005
1661875200010,0.0001,2022-08-30 16:00:00.010
1661904000000,0.0001,2022-08-31 00:00:00.000
1661932800005,0.0001,2022-08-31 08:00:00.005
1661961600013,0.0001,2022-08-31 16:00:00.013
1661990400012,-0.00023459,2022-09-01 00:00:00.012
1662019200000,-0.00025573,2022-09-01 08:00:00.000
1662048000013,-2.759e-05,2022-09-01 16:00:00.013
1662076800002,-0.00014442,2022-09-02 00:00:00.002
1662105600013,-7.825e-05,2022-09-02 08:00:00.013
1662134400000,-0.00022907,2022-09-02 16:00:00.000
1662163200000,-0.00015357,2022-09-03 00:00:00.000
1662192000002,1.114e-05,2022-09-03 08:00:00.002
1662220800007,4.544e-05,2022-09-03 16:00:00.007
1662249600008,-0.00026734,2022-09-04 00:00:00.008
1662278400009,-3.572e-05,2022-09-04 08:00:00.009
1662307200000,0.0001,2022-09-04 16:00:00.000
1662336000015,0.0001,2022-09-05 00:00:00.015
1662364800013,0.0001,2022-09-05 08:00:00.013
1662393600007,0.0001,2022-09-05 16:00:00.007
1662422400018,0.0001,2022-09-06 00:00:00.018
1662451200020,0.0001,2022-09-06 08:00:00.020
1662480000028,0.0001,2022-09-06 16:00:00.028
1662508800013,-0.00064448,2022-09-07 00:00:00.013
1662537600022,1.056e-05,2022-09-07 08:00:00.022
1662566400021,0.0001,2022-09-07 16:00:00.021
1662595200010,0.0001,2022-09-08 00:00:00.010
1662624000000,7.803e-05,2022-09-08 08:00:00.000
1662652800003,-2.12e-05,2022-09-08 16:00:00.003
1662681600011,8.743e-05,2022-09-09 00:00:00.011
1662710400000,0.0001,2022-09-09 08:00:00.000
1662739200000,0.0001,2022-09-09 16:00:00.000
1662768000003,0.0001,2022-09-10 00:00:00.003
1662796800000,0.0001,2022-09-10 08:00:00.000
1662825600012,0.0001,2022-09-10 16:00:00.012
1662854400009,0.0001,2022-09-11 00:00:00.009
1662883200012,0.0001,2022-09-11 08:00:00.012
1662912000005,0.0001,2022-09-11 16:00:00.005
1662940800007,0.0001,2022-09-12 00:00:00.007
1662969600013,0.0001,2022-09-12 08:00:00.013
1662998400000,0.0001,2022-09-12 16:00:00.000
1663027200004,0.0001,2022-09-13 00:00:00.004
1663056000000,0.0001,2022-09-13 08:00:00.000
1663084800000,0.0001,2022-09-13 16:00:00.000
1663113600000,1.88e-06,2022-09-14 00:00:00.000
1663142400000,-0.00019628,2022-09-14 08:00:00.000
1663171200000,-0.00019711,2022-09-14 16:00:00.000
1663200000019,0.0001,2022-09-15 00:00:00.019
1663228800012,-0.00010673,2022-09-15 08:00:00.012
1663257600007,-0.00014045,2022-09-15 16:00:00.007
1663286400000,-9.862e-05,2022-09-16 00:00:00.000
1663315200000,0.0001,2022-09-16 08:00:00.000
1663344000000,4.926e-05,2022-09-16 16:00:00.000
1663372800000,0.0001,2022-09-17 00:00:00.000
1663401600012,-8.24e-05,2022-09-17 08:00:00.012
1663430400017,0.0001,2022-09-17 16:00:00.017
1663459200000,0.0001,2022-09-18 00:00:00.000
1663488000004,0.0001,2022-09-18 08:00:00.004
1663516800000,-4.118e-05,2022-09-18 16:00:00.000
1663545600018,-0.00044737,2022-09-19 00:00:00.018
1663574400006,-0.00019656,2022-09-19 08:00:00.006
1663603200010,-0.00031327,2022-09-19 16:00:00.010
1663632000007,8.999e-05,2022-09-20 00:00:00.007
1663660800001,-9.236e-05,2022-09-20 08:00:00.001
1663689600000,-2.23e-05,2022-09-20 16:00:00.000
1663718400001,-3.125e-05,2022-09-21 00:00:00.001
1663747200005,-0.00024364,2022-09-21 08:00:00.005
1663776000000,-0.00015649,2022-09-21 16:00:00.000
1663804800000,-0.00033896,2022-09-22 00:00:00.000
1663833600000,0.0001,2022-09-22 08:00:00.000
1663862400011,3.935e-05,2022-09-22 16:00:00.011
1663891200023,0.0001,2022-09-23 00:00:00.023
1663920000004,0.0001,2022-09-23 08:00:00.004
1663948800005,0.0001,2022-09-23 16:00:00.005
1663977600000,0.0001,2022-09-24 00:00:00.000
1664006400005,0.0001,2022-09-24 08:00:00.005
1664035200000,0.0001,2022-09-24 16:00:00.000
1664064000010,0.0001,2022-09-25 00:00:00.010
1664092800000,0.0001,2022-09-25 08:00:00.000
1664121600003,-2.855e-05,2022-09-25 16:00:00.003
1664150400001,-0.00018672,2022-09-26 00:00:00.001
1664179200006,-0.00026008,2022-09-26 08:00:00.006
1664208000000,-1.506e-05,2022-09-26 16:00:00.000
1664236800026,3e-08,2022-09-27 00:00:00.026
1664265600004,0.0001,2022-09-27 08:00:00.004
1664294400006,9.55e-05,2022-09-27 16:00:00.006
1664323200011,6.884e-05,2022-09-28 00:00:00.011
1664352000000,-0.0003973,2022-09-28 08:00:00.000
1664380800000,-0.00017267,2022-09-28 16:00:00.000
1664409600010,0.0001,2022-09-29 00:00:00.010
1664438400000,0.0001,2022-09-29 08:00:00.000
1664467200000,7.57e-05,2022-09-29 16:00:00.000
1664496000006,0.0001,2022-09-30 00:00:00.006
1664524800002,0.0001,2022-09-30 08:00:00.002
1664553600007,-3.287e-05,2022-09-30 16:00:00.007
1664582400008,0.0001,2022-10-01 00:00:00.008
1664611200011,0.0001,2022-10-01 08:00:00.011
1664640000000,0.0001,2022-10-01 16:00:00.000
1664668800000,-5.387e-05,2022-10-02 00:00:00.000
1664697600000,0.0001,2022-10-02 08:00:00.000
1664726400006,-8.481e-05,2022-10-02 16:00:00.006
1664755200000,3.864e-05,2022-10-03 00:00:00.000
1664784000014,0.0001,2022-10-03 08:00:00.014
1664812800010,0.0001,2022-10-03 16:00:00.010
1664841600006,0.0001,2022-10-04 00:00:00.006
1664870400004,0.0001,2022-10-04 08:00:00.004
1664899200013,0.0001,2022-10-04 16:00:00.013
1664928000000,3.74e-05,2022-10-05 00:00:00.000
1664956800000,0.0001,2022-10-05 08:00:00.000
1664985600012,0.0001,2022-10-05 16:00:00.012
1665014400008,0.0001,2022-10-06 00:00:00.008
1665043200002,0.0001,2022-10-06 08:00:00.002
1665072000006,0.0001,2022-10-06 16:00:00.006
1665100800000,0.0001,2022-10-07 00:00:00.000
1665129600000,0.0001,2022-10-07 08:00:00.000
1665158400007,-0.00021913,2022-10-07 16:00:00.007
1665187200010,0.0001,2022-10-08 00:00:00.010
1665216000004,0.0001,2022-10-08 08:00:00.004
1665244800018,0.0001,2022-10-08 16:00:00.018
1665273600000,4.152e-05,2022-10-09 00:00:00.000
1665302400007,0.0001,2022-10-09 08:00:00.007
1665331200011,0.0001,2022-10-09 16:00:00.011
1665360000018,-7.125e-05,2022-10-10 00:00:00.018
1665388800000,0.0001,2022-10-10 08:00:00.000
1665417600026,6.548e-05,2022-10-10 16:00:00.026
1665446400020,-4.905e-05,2022-10-11 00:00:00.020
1665475200027,7.717e-05,2022-10-11 08:00:00.027
1665504000000,0.0001,2022-10-11 16:00:00.000
1665532800014,-5.872e-05,2022-10-12 00:00:00.014
1665561600000,0.0001,2022-10-12 08:00:00.000
1665590400000,0.0001,2022-10-12 16:00:00.000
1665619200013,1.266e-05,2022-10-13 00:00:00.013
1665648000016,-0.00019812,2022-10-13 08:00:00.016
1665676800009,-1.04e-06,2022-10-13 16:00:00.009
1665705600020,7.952e-05,2022-10-14 00:00:00.020
1665734400000,-6.9e-06,2022-10-14 08:00:00.000
1665763200009,-8.188e-05,2022-10-14 16:00:00.009
1665792000001,-8.836e-05,2022-10-15 00:00:00.001
1665820800005,6.321e-05,2022-10-15 08:00:00.005
1665849600004,-7.28e-05,2022-10-15 16:00:00.004
1665878400012,-0.00033896,2022-10-16 00:00:00.012
1665907200000,-0.00031087,2022-10-16 08:00:00.000
1665936000010,0.0001,2022-10-16 16:00:00.010
1665964800012,-4.936e-05,2022-10-17 00:00:00.012
1665993600010,0.0001,2022-10-17 08:00:00.010
1666022400017,0.0001,2022-10-17 16:00:00.017
1666051200010,0.0001,2022-10-18 00:00:00.010
1666080000008,0.0001,2022-10-18 08:00:00.008
1666108800000,-1.608e-05,2022-10-18 16:00:00.000
1666137600007,0.0001,2022-10-19 00:00:00.007
1666166400022,-2.658e-05,2022-10-19 08:00:00.022
1666195200016,8.657e-05,2022-10-19 16:00:00.016
1666224000000,-4.192e-05,2022-10-20 00:00:00.000
1666252800013,6.434e-05,2022-10-20 08:00:00.013
1666281600000,0.0001,2022-10-20 16:00:00.000
1666310400005,-1.962e-05,2022-10-21 00:00:00.005
1666339200018,-6.947e-05,2022-10-21 08:00:00.018
1666368000000,0.0001,2022-10-21 16:00:00.000
1666396800000,1.519e-05,2022-10-22 00:00:00.000
1666425600015,4.379e-05,2022-10-22 08:00:00.015
1666454400000,0.0001,2022-10-22 16:00:00.000
1666483200025,0.0001,2022-10-23 00:00:00.025
1666512000000,0.0001,2022-10-23 08:00:00.000
1666540800004,0.0001,2022-10-23 16:00:00.004
1666569600009,0.0001,2022-10-24 00:00:00.009
1666598400012,0.0001,2022-10-24 08:00:00.012
1666627200002,0.0001,2022-10-24 16:00:00.002
1666656000013,0.0001,2022-10-25 00:00:00.013
1666684800013,-3.22e-06,2022-10-25 08:00:00.013
1666713600000,0.0001,2022-10-25 16:00:00.000
1666742400006,0.0001,2022-10-26 00:00:00.006
1666771200013,0.0001,2022-10-26 08:00:00.013
1666800000000,0.0001,2022-10-26 16:00:00.000
1666828800009,0.0001,2022-10-27 00:00:00.009
1666857600006,0.0001,2022-10-27 08:00:00.006
1666886400009,0.0001,2022-10-27 16:00:00.009
1666915200000,0.0001,2022-10-28 00:00:00.000
1666944000000,0.0001,2022-10-28 08:00:00.000
1666972800007,0.0001,2022-10-28 16:00:00.007
1667001600000,0.0001,2022-10-29 00:00:00.000
1667030400003,0.0001,2022-10-29 08:00:00.003
1667059200010,0.0001,2022-10-29 16:00:00.010
1667088000000,0.0001,2022-10-30 00:00:00.000
1667116800013,0.0001,2022-10-30 08:00:00.013
1667145600009,0.0001,2022-10-30 16:00:00.009
1667174400012,0.0001,2022-10-31 00:00:00.012
1667203200000,0.0001,2022-10-31 08:00:00.000
1667232000010,0.0001,2022-10-31 16:00:00.010
1667260800000,0.0001,2022-11-01 00:00:00.000
1667289600000,0.0001,2022-11-01 08:00:00.000
1667318400000,0.0001,2022-11-01 16:00:00.000
1667347200000,0.0001,2022-11-02 00:00:00.000
1667376000000,5.958e-05,2022-11-02 08:00:00.000
1667404800019,0.0001,2022-11-02 16:00:00.019
1667433600011,-5.033e-05,2022-11-03 00:00:00.011
1667462400016,0.0001,2022-11-03 08:00:00.016
1667491200005,0.0001,2022-11-03 16:00:00.005
1667520000000,0.0001,2022-11-04 00:00:00.000
1667548800004,0.0001,2022-11-04 08:00:00.004
1667577600020,0.0001,2022-11-04 16:00:00.020
1667606400009,0.0001,2022-11-05 00:00:00.009
1667635200007,0.0001,2022-11-05 08:00:00.007
1667664000018,0.0001,2022-11-05 16:00:00.018
1667692800009,0.0001,2022-11-06 00:00:00.009
1667721600000,0.0001,2022-11-06 08:00:00.000
1667750400010,0.0001,2022-11-06 16:00:00.010
1667779200012,0.0001,2022-11-07 00:00:00.012
1667808000014,0.0001,2022-11-07 08:00:00.014
1667836800006,0.0001,2022-11-07 16:00:00.006
1667865600000,0.0001,2022-11-08 00:00:00.000
1667894400001,3.993e-05,2022-11-08 08:00:00.001
1667923200005,0.0001,2022-11-08 16:00:00.005
1667952000000,-0.00064051,2022-11-09 00:00:00.000
1667980800013,0.0001,2022-11-09 08:00:00.013
1668009600004,-0.0002814,2022-11-09 16:00:00.004
1668038400006,-0.00476865,2022-11-10 00:00:00.006
1668067200000,0.0001,2022-11-10 08:00:00.000
1668096000015,0.0001,2022-11-10 16:00:00.015
1668124800000,0.0001,2022-11-11 00:00:00.000
1668153600015,0.0001,2022-11-11 08:00:00.015
1668182400027,0.0001,2022-11-11 16:00:00.027
1668211200007,0.0001,2022-11-12 00:00:00.007
1668240000016,0.0001,2022-11-12 08:00:00.016
1668268800000,0.0001,2022-11-12 16:00:00.000
1668297600004,0.0001,2022-11-13 00:00:00.004
1668326400000,0.0001,2022-11-13 08:00:00.000
1668355200017,0.0001,2022-11-13 16:00:00.017
1668384000000,0.0001,2022-11-14 00:00:00.000
1668412800000,0.0001,2022-11-14 08:00:00.000
1668441600000,0.0001247,2022-11-14 16:00:00.000
1668470400014,0.0001,2022-11-15 00:00:00.014
1668499200009,0.00353938,2022-11-15 08:00:00.009
1668528000010,0.0001,2022-11-15 16:00:00.010
1668556800011,0.0001,2022-11-16 00:00:00.011
1668585600004,0.0001,2022-11-16 08:00:00.004
1668614400008,0.0001,2022-11-16 16:00:00.008
1668643200000,0.0001,2022-11-17 00:00:00.000
1668672000000,0.0001,2022-11-17 08:00:00.000
1668700800006,0.0001,2022-11-17 16:00:00.006
1668729600004,0.0001,2022-11-18 00:00:00.004
1668758400016,0.0001,2022-11-18 08:00:00.016
1668787200000,0.0001,2022-11-18 16:00:00.000
1668816000000,0.0001,2022-11-19 00:00:00.000
1668844800004,0.0001,2022-11-19 08:00:00.004
1668873600024,0.0001,2022-11-19 16:00:00.024
1668902400015,0.0001,2022-11-20 00:00:00.015
1668931200004,0.0001,2022-11-20 08:00:00.004
1668960000000,0.0001,2022-11-20 16:00:00.000
1668988800006,0.0001,2022-11-21 00:00:00.006
1669017600015,0.0001,2022-11-21 08:00:00.015
1669046400000,0.0001,2022-11-21 16:00:00.000
1669075200000,0.0001,2022-11-22 00:00:00.000
1669104000000,0.0001,2022-11-22 08:00:00.000
1669132800000,0.0001,2022-11-22 16:00:00.000
1669161600000,0.0001,2022-11-23 00:00:00.000
1669190400011,0.0001,2022-11-23 08:00:00.011
1669219200014,0.0001,2022-11-23 16:00:00.014
1669248000007,0.0001,2022-11-24 00:00:00.007
1669276800014,0.0001,2022-11-24 08:00:00.014
1669305600013,0.0001,2022-11-24 16:00:00.013
1669334400004,0.0001,2022-11-25 00:00:00.004
1669363200015,0.0001,2022-11-25 08:00:00.015
1669392000000,0.0001,2022-11-25 16:00:00.000
1669420800011,0.0001,2022-11-26 00:00:00.011
1669449600000,0.0001,2022-11-26 08:00:00.000
1669478400000,0.0001,2022-11-26 16:00:00.000
1669507200012,0.0001,2022-11-27 00:00:00.012
1669536000000,0.0001,2022-11-27 08:00:00.000
1669564800003,0.0001,2022-11-27 16:00:00.003
1669593600015,0.0001,2022-11-28 00:00:00.015
1669622400004,0.0001,2022-11-28 08:00:00.004
1669651200011,0.0001,2022-11-28 16:00:00.011
1669680000000,0.0001,2022-11-29 00:00:00.000
1669708800015,0.0001,2022-11-29 08:00:00.015
1669737600000,0.0001,2022-11-29 16:00:00.000
1669766400007,0.0001,2022-11-30 00:00:00.007
1669795200000,0.0001,2022-11-30 08:00:00.000
1669824000015,0.0001,2022-11-30 16:00:00.015
1669852800001,0.0001,2022-12-01 00:00:00.001
1669881600006,0.0001,2022-12-01 08:00:00.006
1669910400000,0.0001,2022-12-01 16:00:00.000
1669939200001,0.0001,2022-12-02 00:00:00.001
1669968000016,0.0001,2022-12-02 08:00:00.016
1669996800017,0.0001,2022-12-02 16:00:00.017
1670025600006,0.0001,2022-12-03 00:00:00.006
1670054400000,0.0001,2022-12-03 08:00:00.000
1670083200011,0.0001,2022-12-03 16:00:00.011
1670112000006,0.0001,2022-12-04 00:00:00.006
1670140800000,0.0001,2022-12-04 08:00:00.000
1670169600006,0.0001,2022-12-04 16:00:00.006
1670198400002,0.0001,2022-12-05 00:00:00.002
1670227200011,0.0001,2022-12-05 08:00:00.011
1670256000008,0.0001,2022-12-05 16:00:00.008
1670284800014,0.0001,2022-12-06 00:00:00.014
1670313600027,0.0001,2022-12-06 08:00:00.027
1670342400009,0.0001,2022-12-06 16:00:00.009
1670371200000,0.0001,2022-12-07 00:00:00.000
1670400000000,0.0001,2022-12-07 08:00:00.000
1670428800000,0.0001,2022-12-07 16:00:00.000
1670457600006,0.0001,2022-12-08 00:00:00.006
1670486400000,0.0001,2022-12-08 08:00:00.000
1670515200014,0.0001,2022-12-08 16:00:00.014
1670544000017,0.0001,2022-12-09 00:00:00.017
1670572800005,0.0001,2022-12-09 08:00:00.005
1670601600000,0.0001,2022-12-09 16:00:00.000
1670630400009,0.0001,2022-12-10 00:00:00.009
1670659200010,0.0001,2022-12-10 08:00:00.010
1670688000001,0.0001,2022-12-10 16:00:00.001
1670716800011,0.0001,2022-12-11 00:00:00.011
1670745600007,0.0001,2022-12-11 08:00:00.007
1670774400011,0.0001,2022-12-11 16:00:00.011
1670803200000,0.0001,2022-12-12 00:00:00.000
1670832000004,0.0001,2022-12-12 08:00:00.004
1670860800000,0.0001,2022-12-12 16:00:00.000
1670889600000,0.0001,2022-12-13 00:00:00.000
1670918400018,0.0001,2022-12-13 08:00:00.018
1670947200011,0.0001,2022-12-13 16:00:00.011
1670976000010,0.0001,2022-12-14 00:00:00.010
1671004800015,0.0001,2022-12-14 08:00:00.015
1671033600004,0.0001,2022-12-14 16:00:00.004
1671062400000,0.0001,2022-12-15 00:00:00.000
1671091200023,0.0001,2022-12-15 08:00:00.023
1671120000010,0.0001,2022-12-15 16:00:00.010
1671148800016,0.0001,2022-12-16 00:00:00.016
1671177600011,0.0001,2022-12-16 08:00:00.011
1671206400001,0.0001,2022-12-16 16:00:00.001
1671235200001,0.0001,2022-12-17 00:00:00.001
1671264000011,0.0001,2022-12-17 08:00:00.011
1671292800011,0.0001,2022-12-17 16:00:00.011
1671321600008,0.0001,2022-12-18 00:00:00.008
1671350400001,0.0001,2022-12-18 08:00:00.001
1671379200012,0.0001,2022-12-18 16:00:00.012
1671408000000,0.0001,2022-12-19 00:00:00.000
1671436800000,0.0001,2022-12-19 08:00:00.000
1671465600000,0.0001,2022-12-19 16:00:00.000
1671494400005,0.0001,2022-12-20 00:00:00.005
1671523200016,0.0001,2022-12-20 08:00:00.016
1671552000000,0.0001,2022-12-20 16:00:00.000
1671580800007,0.0001,2022-12-21 00:00:00.007
1671609600012,0.0001,2022-12-21 08:00:00.012
1671638400017,0.0001,2022-12-21 16:00:00.017
1671667200004,0.0001,2022-12-22 00:00:00.004
1671696000000,0.0001,2022-12-22 08:00:00.000
1671724800001,0.0001,2022-12-22 16:00:00.001
1671753600018,0.0001,2022-12-23 00:00:00.018
1671782400000,0.0001,2022-12-23 08:00:00.000
1671811200000,0.0001,2022-12-23 16:00:00.000
1671840000001,0.0001,2022-12-24 00:00:00.001
1671868800007,0.0001,2022-12-24 08:00:00.007
1671897600008,0.0001,2022-12-24 16:00:00.008
1671926400000,0.0001,2022-12-25 00:00:00.000
1671955200013,0.0001,2022-12-25 08:00:00.013
1671984000000,0.0001,2022-12-25 16:00:00.000
1672012800001,0.0001,2022-12-26 00:00:00.001
1672041600000,0.0001,2022-12-26 08:00:00.000
1672070400005,0.0001,2022-12-26 16:00:00.005
1672099200005,0.0001,2022-12-27 00:00:00.005
1672128000010,0.0001,2022-12-27 08:00:00.010
1672156800006,0.0001,2022-12-27 16:00:00.006
1672185600010,0.0001,2022-12-28 00:00:00.010
1672214400010,0.0001,2022-12-28 08:00:00.010
1672243200010,0.0001,2022-12-28 16:00:00.010
1672272000011,0.0001,2022-12-29 00:00:00.011
1672300800000,0.0001,2022-12-29 08:00:00.000
1672329600008,0.0001,2022-12-29 16:00:00.008
1672358400000,0.0001,2022-12-30 00:00:00.000
1672387200000,0.0001,2022-12-30 08:00:00.000
1672416000000,0.0001,2022-12-30 16:00:00.000
1672444800014,0.0001,2022-12-31 00:00:00.014
1672473600000,0.0001,2022-12-31 08:00:00.000
1672502400000,0.0001,2022-12-31 16:00:00.000
1672531200000,0.0001,2023-01-01 00:00:00.000
1672560000008,0.0001,2023-01-01 08:00:00.008
1672588800000,0.0001,2023-01-01 16:00:00.000
1672617600000,0.0001,2023-01-02 00:00:00.000
1672646400008,0.0001,2023-01-02 08:00:00.008
1672675200015,0.0001,2023-01-02 16:00:00.015
1672704000003,0.0001,2023-01-03 00:00:00.003
1672732800018,0.0001,2023-01-03 08:00:00.018
1672761600000,0.0001,2023-01-03 16:00:00.000
1672790400000,0.0001,2023-01-04 00:00:00.000
1672819200016,0.0001,2023-01-04 08:00:00.016
1672848000011,0.0001,2023-01-04 16:00:00.011
1672876800009,0.0001,2023-01-05 00:00:00.009
1672905600011,0.0001,2023-01-05 08:00:00.011
1672934400000,0.0001,2023-01-05 16:00:00.000
1672963200005,0.0001,2023-01-06 00:00:00.005
1672992000001,0.0001,2023-01-06 08:00:00.001
1673020800000,0.0001,2023-01-06 16:00:00.000
1673049600006,0.0001,2023-01-07 00:00:00.006
1673078400017,0.0001,2023-01-07 08:00:00.017
1673107200000,0.0001,2023-01-07 16:00:00.000
1673136000015,0.0001,2023-01-08 00:00:00.015
1673164800000,0.0001,2023-01-08 08:00:00.000
1673193600010,0.0001,2023-01-08 16:00:00.010
1673222400003,0.0001,2023-01-09 00:00:00.003
1673251200000,0.0001,2023-01-09 08:00:00.000
1673280000006,0.0001,2023-01-09 16:00:00.006
1673308800003,0.0001,2023-01-10 00:00:00.003
1673337600021,0.0001,2023-01-10 08:00:00.021
1673366400000,0.0001,2023-01-10 16:00:00.000
1673395200011,0.0001,2023-01-11 00:00:00.011
1673424000006,0.0001,2023-01-11 08:00:00.006
1673452800004,0.0001,2023-01-11 16:00:00.004
1673481600000,0.0001,2023-01-12 00:00:00.000
1673510400000,0.0001,2023-01-12 08:00:00.000
1673539200000,0.0001,2023-01-12 16:00:00.000
1673568000004,0.0001,2023-01-13 00:00:00.004
1673596800000,0.0001,2023-01-13 08:00:00.000
1673625600018,0.0001,2023-01-13 16:00:00.018
1673654400000,0.0001,2023-01-14 00:00:00.000
1673683200001,0.0001,2023-01-14 08:00:00.001
1673712000000,0.0001,2023-01-14 16:00:00.000
1673740800010,0.0001,2023-01-15 00:00:00.010
1673769600002,0.0001,2023-01-15 08:00:00.002
1673798400000,0.0001,2023-01-15 16:00:00.000
1673827200010,0.0001,2023-01-16 00:00:00.010
1673856000007,0.0001,2023-01-16 08:00:00.007
1673884800000,0.0001,2023-01-16 16:00:00.000
1673913600004,0.0001,2023-01-17 00:00:00.004
1673942400005,0.0001,2023-01-17 08:00:00.005
1673971200001,0.0001,2023-01-17 16:00:00.001
1674000000008,0.0001,2023-01-18 00:00:00.008
1674028800009,0.0001,2023-01-18 08:00:00.009
1674057600017,0.0001,2023-01-18 16:00:00.017
1674086400000,0.0001,2023-01-19 00:00:00.000
1674115200015,0.0001,2023-01-19 08:00:00.015
1674144000012,0.0001,2023-01-19 16:00:00.012
1674172800000,0.0001,2023-01-20 00:00:00.000
1674201600000,0.0001,2023-01-20 08:00:00.000
1674230400000,0.0001,2023-01-20 16:00:00.000
1674259200013,0.0001,2023-01-21 00:00:00.013
1674288000001,0.0001,2023-01-21 08:00:00.001
1674316800016,0.0001,2023-01-21 16:00:00.016
1674345600000,0.0001,2023-01-22 00:00:00.000
1674374400000,0.0001,2023-01-22 08:00:00.000
1674403200023,0.0001,2023-01-22 16:00:00.023
1674432000014,0.0001,2023-01-23 00:00:00.014
1674460800014,0.0001,2023-01-23 08:00:00.014
1674489600016,0.0001,2023-01-23 16:00:00.016
1674518400008,0.0001,2023-01-24 00:00:00.008
1674547200008,0.0001,2023-01-24 08:00:00.008
1674576000000,0.0001,2023-01-24 16:00:00.000
1674604800012,0.0001,2023-01-25 00:00:00.012
1674633600000,0.0001,2023-01-25 08:00:00.000
1674662400010,0.0001,2023-01-25 16:00:00.010
1674691200010,0.0001,2023-01-26 00:00:00.010
1674720000003,0.0001,2023-01-26 08:00:00.003
1674748800020,0.0001,2023-01-26 16:00:00.020
1674777600008,0.0001,2023-01-27 00:00:00.008
1674806400000,0.0001,2023-01-27 08:00:00.000
1674835200000,0.0001,2023-01-27 16:00:00.000
1674864000009,0.0001,2023-01-28 00:00:00.009
1674892800018,0.0001,2023-01-28 08:00:00.018
1674921600005,0.0001,2023-01-28 16:00:00.005
1674950400011,0.0001,2023-01-29 00:00:00.011
1674979200000,0.0001,2023-01-29 08:00:00.000
1675008000008,0.0001,2023-01-29 16:00:00.008
1675036800001,0.0001,2023-01-30 00:00:00.001
1675065600000,0.0001,2023-01-30 08:00:00.000
1675094400000,0.0001,2023-01-30 16:00:00.000
1675123200005,0.0001,2023-01-31 00:00:00.005
1675152000000,0.0001,2023-01-31 08:00:00.000
1675180800007,0.0001,2023-01-31 16:00:00.007
1675209600013,0.0001,2023-02-01 00:00:00.013
1675238400000,0.0001,2023-02-01 08:00:00.000
1675267200012,0.0001,2023-02-01 16:00:00.012
1675296000004,0.0001,2023-02-02 00:00:00.004
1675324800023,0.0001,2023-02-02 08:00:00.023
1675353600003,0.0001,2023-02-02 16:00:00.003
1675382400010,0.0001,2023-02-03 00:00:00.010
1675411200000,0.0001,2023-02-03 08:00:00.000
1675440000000,0.0001,2023-02-03 16:00:00.000
1675468800010,0.0001,2023-02-04 00:00:00.010
1675497600000,0.0001,2023-02-04 08:00:00.000
1675526400000,0.0001,2023-02-04 16:00:00.000
1675555200016,0.0001,2023-02-05 00:00:00.016
1675584000009,0.0001,2023-02-05 08:00:00.009
1675612800018,0.0001,2023-02-05 16:00:00.018
1675641600001,0.0001,2023-02-06 00:00:00.001
1675670400000,0.0001,2023-02-06 08:00:00.000
1675699200012,0.0001,2023-02-06 16:00:00.012
1675728000004,0.0001,2023-02-07 00:00:00.004
1675756800011,0.0001,2023-02-07 08:00:00.011
1675785600018,0.0001,2023-02-07 16:00:00.018
1675814400009,0.0001,2023-02-08 00:00:00.009
1675843200010,0.0001,2023-02-08 08:00:00.010
1675872000000,0.0001,2023-02-08 16:00:00.000
1675900800014,0.0001,2023-02-09 00:00:00.014
1675929600006,0.0001,2023-02-09 08:00:00.006
1675958400001,0.0001,2023-02-09 16:00:00.001
1675987200012,0.0001,2023-02-10 00:00:00.012
1676016000005,0.0001,2023-02-10 08:00:00.005
1676044800020,0.0001,2023-02-10 16:00:00.020
1676073600007,0.0001,2023-02-11 00:00:00.007
1676102400002,0.0001,2023-02-11 08:00:00.002
1676131200021,0.0001,2023-02-11 16:00:00.021
1676160000004,0.0001,2023-02-12 00:00:00.004
1676188800000,0.0001,2023-02-12 08:00:00.000
1676217600002,0.0001,2023-02-12 16:00:00.002
1676246400006,0.0001,2023-02-13 00:00:00.006
1676275200008,0.0001,2023-02-13 08:00:00.008
1676304000002,0.0001,2023-02-13 16:00:00.002
1676332800013,0.0001,2023-02-14 00:00:00.013
1676361600014,0.0001,2023-02-14 08:00:00.014
1676390400016,0.0001,2023-02-14 16:00:00.016
1676419200011,0.0001,2023-02-15 00:00:00.011
1676448000000,0.0001,2023-02-15 08:00:00.000
1676476800005,0.0001,2023-02-15 16:00:00.005
1676505600019,0.0001,2023-02-16 00:00:00.019
1676534400000,0.0001,2023-02-16 08:00:00.000
1676563200001,0.0001,2023-02-16 16:00:00.001
1676592000003,0.0001,2023-02-17 00:00:00.003
1676620800016,0.0001,2023-02-17 08:00:00.016
1676649600000,0.0001,2023-02-17 16:00:00.000
1676678400011,0.0001,2023-02-18 00:00:00.011
1676707200000,0.0001,2023-02-18 08:00:00.000
1676736000007,0.0001,2023-02-18 16:00:00.007
1676764800019,0.0001,2023-02-19 00:00:00.019
1676793600005,0.0001,2023-02-19 08:00:00.005
1676822400003,0.0001,2023-02-19 16:00:00.003
1676851200006,0.0001,2023-02-20 00:00:00.006
1676880000008,0.0001,2023-02-20 08:00:00.008
1676908800006,0.0001,2023-02-20 16:00:00.006
1676937600001,0.0001,2023-02-21 00:00:00.001
1676966400004,0.0001,2023-02-21 08:00:00.004
1676995200011,0.0001,2023-02-21 16:00:00.011
1677024000009,0.0001,2023-02-22 00:00:00.009
1677052800010,0.0001,2023-02-22 08:00:00.010
1677081600000,0.0001,2023-02-22 16:00:00.000
1677110400006,0.0001,2023-02-23 00:00:00.006
1677139200005,0.0001,2023-02-23 08:00:00.005
1677168000002,0.0001,2023-02-23 16:00:00.002
1677196800015,0.0001,2023-02-24 00:00:00.015
1677225600011,0.0001,2023-02-24 08:00:00.011
1677254400014,0.0001,2023-02-24 16:00:00.014
1677283200015,0.0001,2023-02-25 00:00:00.015
1677312000015,0.0001,2023-02-25 08:00:00.015
1677340800015,0.0001,2023-02-25 16:00:00.015
1677369600007,0.0001,2023-02-26 00:00:00.007
1677398400012,0.0001,2023-02-26 08:00:00.012
1677427200000,0.0001,2023-02-26 16:00:00.000
1677456000011,0.0001,2023-02-27 00:00:00.011
1677484800003,0.0001,2023-02-27 08:00:00.003
1677513600000,0.0001,2023-02-27 16:00:00.000
1677542400011,0.0001,2023-02-28 00:00:00.011
1677571200018,0.0001,2023-02-28 08:00:00.018
1677600000005,0.0001,2023-02-28 16:00:00.005
1677628800016,0.0001,2023-03-01 00:00:00.016
1677657600000,0.0001,2023-03-01 08:00:00.000
1677686400008,0.0001,2023-03-01 16:00:00.008
1677715200009,0.0001,2023-03-02 00:00:00.009
1677744000013,0.0001,2023-03-02 08:00:00.013
1677772800000,0.0001,2023-03-02 16:00:00.000
1677801600000,0.0001,2023-03-03 00:00:00.000
1677830400013,0.0001,2023-03-03 08:00:00.013
1677859200000,0.0001,2023-03-03 16:00:00.000
1677888000001,0.0001,2023-03-04 00:00:00.001
1677916800008,0.0001,2023-03-04 08:00:00.008
1677945600012,0.0001,2023-03-04 16:00:00.012
1677974400000,0.0001,2023-03-05 00:00:00.000
1678003200000,0.0001,2023-03-05 08:00:00.000
1678032000015,0.0001,2023-03-05 16:00:00.015
1678060800007,0.0001,2023-03-06 00:00:00.007
1678089600017,0.0001,2023-03-06 08:00:00.017
1678118400000,0.0001,2023-03-06 16:00:00.000
1678147200009,0.0001,2023-03-07 00:00:00.009
1678176000016,0.0001,2023-03-07 08:00:00.016
1678204800017,0.0001,2023-03-07 16:00:00.017
1678233600000,0.0001,2023-03-08 00:00:00.000
1678262400014,0.0001,2023-03-08 08:00:00.014
1678291200021,0.0001,2023-03-08 16:00:00.021
1678320000010,0.0001,2023-03-09 00:00:00.010
1678348800013,0.0001,2023-03-09 08:00:00.013
1678377600002,0.0001,2023-03-09 16:00:00.002
1678406400000,0.0001,2023-03-10 00:00:00.000
1678435200000,0.0001,2023-03-10 08:00:00.000
1678464000005,0.0001,2023-03-10 16:00:00.005
1678492800011,0.0001,2023-03-11 00:00:00.011
1678521600003,0.0001,2023-03-11 08:00:00.003
1678550400011,0.0001,2023-03-11 16:00:00.011
1678579200001,0.0001,2023-03-12 00:00:00.001
1678608000000,0.0001,2023-03-12 08:00:00.000
1678636800005,0.0001,2023-03-12 16:00:00.005
1678665600010,0.0001,2023-03-13 00:00:00.010
1678694400018,0.0001,2023-03-13 08:00:00.018
1678723200003,0.0001,2023-03-13 16:00:00.003
1678752000010,0.0001,2023-03-14 00:00:00.010
1678780800009,0.0001,2023-03-14 08:00:00.009
1678809600010,0.0001,2023-03-14 16:00:00.010
1678838400011,0.0001,2023-03-15 00:00:00.011
1678867200000,0.0001,2023-03-15 08:00:00.000
1678896000012,0.0001,2023-03-15 16:00:00.012
1678924800004,0.0001,2023-03-16 00:00:00.004
1678953600018,0.0001,2023-03-16 08:00:00.018
1678982400005,0.0001,2023-03-16 16:00:00.005
1679011200017,0.0001,2023-03-17 00:00:00.017
1679040000010,0.0001,2023-03-17 08:00:00.010
1679068800003,0.0001,2023-03-17 16:00:00.003
1679097600012,0.0001,2023-03-18 00:00:00.012
1679126400000,0.0001,2023-03-18 08:00:00.000
1679155200016,0.0001,2023-03-18 16:00:00.016
1679184000013,0.0001,2023-03-19 00:00:00.013
1679212800024,0.0001,2023-03-19 08:00:00.024
1679241600000,0.0001,2023-03-19 16:00:00.000
1679270400005,0.0001,2023-03-20 00:00:00.005
1679299200012,0.0001,2023-03-20 08:00:00.012
1679328000015,0.0001,2023-03-20 16:00:00.015
1679356800006,0.0001,2023-03-21 00:00:00.006
1679385600004,0.0001,2023-03-21 08:00:00.004
1679414400003,0.0001,2023-03-21 16:00:00.003
1679443200000,0.0001,2023-03-22 00:00:00.000
1679472000003,0.0001,2023-03-22 08:00:00.003
1679500800000,0.0001,2023-03-22 16:00:00.000
1679529600016,0.0001,2023-03-23 00:00:00.016
1679558400001,0.0001,2023-03-23 08:00:00.001
1679587200013,0.0001,2023-03-23 16:00:00.013
1679616000013,0.0001,2023-03-24 00:00:00.013
1679644800012,0.0001,2023-03-24 08:00:00.012
1679673600027,0.0001,2023-03-24 16:00:00.027
1679702400015,0.0001,2023-03-25 00:00:00.015
1679731200011,0.0001,2023-03-25 08:00:00.011
1679760000011,0.0001,2023-03-25 16:00:00.011
1679788800000,0.0001,2023-03-26 00:00:00.000
1679817600015,0.0001,2023-03-26 08:00:00.015
1679846400000,0.0001,2023-03-26 16:00:00.000
1679875200019,0.0001,2023-03-27 00:00:00.019
1679904000009,0.0001,2023-03-27 08:00:00.009
1679932800000,0.0001,2023-03-27 16:00:00.000
1679961600007,0.0001,2023-03-28 00:00:00.007
1679990400000,0.0001,2023-03-28 08:00:00.000
1680019200013,0.0001,2023-03-28 16:00:00.013
1680048000010,0.0001,2023-03-29 00:00:00.010
1680076800006,0.0001,2023-03-29 08:00:00.006
1680105600014,0.0001,2023-03-29 16:00:00.014
1680134400000,0.0001,2023-03-30 00:00:00.000
1680163200000,0.0001,2023-03-30 08:00:00.000
1680192000006,0.0001,2023-03-30 16:00:00.006
1680220800003,0.0001,2023-03-31 00:00:00.003
1680249600006,0.0001,2023-03-31 08:00:00.006
1680278400011,0.0001,2023-03-31 16:00:00.011
1680307200000,0.0001,2023-04-01 00:00:00.000
1680336000000,0.0001,2023-04-01 08:00:00.000
1680364800018,0.0001,2023-04-01 16:00:00.018
1680393600013,0.0001,2023-04-02 00:00:00.013
1680422400014,0.0001,2023-04-02 08:00:00.014
1680451200001,0.0001,2023-04-02 16:00:00.001
1680480000000,0.0001,2023-04-03 00:00:00.000
1680508800013,0.0001,2023-04-03 08:00:00.013
1680537600011,0.0001,2023-04-03 16:00:00.011
1680566400002,0.0001,2023-04-04 00:00:00.002
1680595200017,0.0001,2023-04-04 08:00:00.017
1680624000008,0.0001,2023-04-04 16:00:00.008
1680652800000,0.0001,2023-04-05 00:00:00.000
1680681600016,0.0001,2023-04-05 08:00:00.016
1680710400004,0.0001,2023-04-05 16:00:00.004
1680739200000,0.0001,2023-04-06 00:00:00.000
1680768000011,0.0001,2023-04-06 08:00:00.011
1680796800000,0.0001,2023-04-06 16:00:00.000
1680825600006,0.0001,2023-04-07 00:00:00.006
1680854400005,0.0001,2023-04-07 08:00:00.005
1680883200000,0.0001,2023-04-07 16:00:00.000
1680912000000,0.0001,2023-04-08 00:00:00.000
1680940800014,0.0001,2023-04-08 08:00:00.014
1680969600018,0.0001,2023-04-08 16:00:00.018
1680998400013,0.0001,2023-04-09 00:00:00.013
1681027200024,0.0001,2023-04-09 08:00:00.024
1681056000010,0.0001,2023-04-09 16:00:00.010
1681084800000,0.0001,2023-04-10 00:00:00.000
1681113600010,0.0001,2023-04-10 08:00:00.010
1681142400006,0.0001,2023-04-10 16:00:00.006
1681171200008,0.0001,2023-04-11 00:00:00.008
1681200000007,0.0001,2023-04-11 08:00:00.007
1681228800016,0.0001,2023-04-11 16:00:00.016
1681257600006,0.0001,2023-04-12 00:00:00.006
1681286400008,0.0001,2023-04-12 08:00:00.008
1681315200014,0.0001,2023-04-12 16:00:00.014
1681344000027,0.0001,2023-04-13 00:00:00.027
1681372800010,0.0001,2023-04-13 08:00:00.010
1681401600000,0.0001,2023-04-13 16:00:00.000
1681430400001,0.0001,2023-04-14 00:00:00.001
1681459200008,0.0001,2023-04-14 08:00:00.008
1681488000007,0.0001,2023-04-14 16:00:00.007
1681516800007,0.0001,2023-04-15 00:00:00.007
1681545600007,0.0001,2023-04-15 08:00:00.007
1681574400011,0.0001,2023-04-15 16:00:00.011
1681603200014,0.0001,2023-04-16 00:00:00.014
1681632000007,0.0001,2023-04-16 08:00:00.007
1681660800002,0.0001,2023-04-16 16:00:00.002
1681689600017,0.0001,2023-04-17 00:00:00.017
1681718400006,0.0001,2023-04-17 08:00:00.006
1681747200000,0.0001,2023-04-17 16:00:00.000
1681776000013,0.0001,2023-04-18 00:00:00.013
1681804800017,0.0001,2023-04-18 08:00:00.017
1681833600000,0.0001,2023-04-18 16:00:00.000
1681862400022,0.0001,2023-04-19 00:00:00.022
1681891200014,0.0001,2023-04-19 08:00:00.014
1681920000000,0.0001,2023-04-19 16:00:00.000
1681948800010,0.0001,2023-04-20 00:00:00.010
1681977600012,0.0001,2023-04-20 08:00:00.012
1682006400012,0.0001,2023-04-20 16:00:00.012
1682035200009,0.0001,2023-04-21 00:00:00.009
1682064000009,0.0001,2023-04-21 08:00:00.009
1682092800003,0.0001,2023-04-21 16:00:00.003
1682121600000,0.0001,2023-04-22 00:00:00.000
1682150400000,0.0001,2023-04-22 08:00:00.000
1682179200016,0.0001,2023-04-22 16:00:00.016
1682208000009,0.0001,2023-04-23 00:00:00.009
1682236800020,0.0001,2023-04-23 08:00:00.020
1682265600007,0.0001,2023-04-23 16:00:00.007
1682294400000,0.0001,2023-04-24 00:00:00.000
1682323200008,0.0001,2023-04-24 08:00:00.008
1682352000006,0.0001,2023-04-24 16:00:00.006
1682380800014,0.0001,2023-04-25 00:00:00.014
1682409600009,0.0001,2023-04-25 08:00:00.009
1682438400015,0.0001,2023-04-25 16:00:00.015
1682467200015,0.0001,2023-04-26 00:00:00.015
1682496000013,0.0001,2023-04-26 08:00:00.013
1682524800001,0.0001,2023-04-26 16:00:00.001
1682553600014,0.0001,2023-04-27 00:00:00.014
1682582400008,0.0001,2023-04-27 08:00:00.008
1682611200005,0.0001,2023-04-27 16:00:00.005
1682640000011,0.0001,2023-04-28 00:00:00.011
1682668800007,0.0001,2023-04-28 08:00:00.007
1682697600006,0.0001,2023-04-28 16:00:00.006
1682726400004,0.0001,2023-04-29 00:00:00.004
1682755200016,0.0001,2023-04-29 08:00:00.016
1682784000001,0.0001,2023-04-29 16:00:00.001
1682812800008,0.0001,2023-04-30 00:00:00.008
1682841600000,0.0001,2023-04-30 08:00:00.000
1682870400010,0.0001,2023-04-30 16:00:00.010
1682899200004,0.0001,2023-05-01 00:00:00.004
1682928000008,0.0001,2023-05-01 08:00:00.008
1682956800014,0.0001,2023-05-01 16:00:00.014
1682985600015,0.0001,2023-05-02 00:00:00.015
1683014400018,0.0001,2023-05-02 08:00:00.018
1683043200000,0.0001,2023-05-02 16:00:00.000
1683072000009,0.0001,2023-05-03 00:00:00.009
1683100800003,0.0001,2023-05-03 08:00:00.003
1683129600011,0.0001,2023-05-03 16:00:00.011
1683158400000,0.0001,2023-05-04 00:00:00.000
1683187200000,0.0001,2023-05-04 08:00:00.000
1683216000011,0.0001,2023-05-04 16:00:00.011
1683244800002,0.0001,2023-05-05 00:00:00.002
1683273600000,0.0001,2023-05-05 08:00:00.000
1683302400000,0.0001,2023-05-05 16:00:00.000
1683331200009,0.0001,2023-05-06 00:00:00.009
1683360000000,0.0001,2023-05-06 08:00:00.000
1683388800000,0.0001,2023-05-06 16:00:00.000
1683417600000,0.0001,2023-05-07 00:00:00.000
1683446400000,0.0001,2023-05-07 08:00:00.000
1683475200006,0.0001,2023-05-07 16:00:00.006
1683504000000,0.0001,2023-05-08 00:00:00.000
1683532800007,0.0001,2023-05-08 08:00:00.007
1683561600015,0.0001,2023-05-08 16:00:00.015
1683590400015,0.0001,2023-05-09 00:00:00.015
1683619200000,0.0001,2023-05-09 08:00:00.000
1683648000000,0.0001,2023-05-09 16:00:00.000
1683676800007,0.0001,2023-05-10 00:00:00.007
1683705600003,0.0001,2023-05-10 08:00:00.003
1683734400000,0.0001,2023-05-10 16:00:00.000
1683763200011,0.0001,2023-05-11 00:00:00.011
1683792000000,0.0001,2023-05-11 08:00:00.000
1683820800005,0.0001,2023-05-11 16:00:00.005
1683849600020,0.0001,2023-05-12 00:00:00.020
1683878400001,0.0001,2023-05-12 08:00:00.001
1683907200010,0.0001,2023-05-12 16:00:00.010
1683936000000,0.0001,2023-05-13 00:00:00.000
1683964800000,0.0001,2023-05-13 08:00:00.000
1683993600026,0.0001,2023-05-13 16:00:00.026
1684022400029,0.0001,2023-05-14 00:00:00.029
1684051200010,0.0001,2023-05-14 08:00:00.010
1684080000008,0.0001,2023-05-14 16:00:00.008
1684108800006,0.0001,2023-05-15 00:00:00.006
1684137600005,0.0001,2023-05-15 08:00:00.005
1684166400008,0.0001,2023-05-15 16:00:00.008
1684195200021,0.0001,2023-05-16 00:00:00.021
1684224000000,0.0001,2023-05-16 08:00:00.000
1684252800000,0.0001,2023-05-16 16:00:00.000
1684281600010,0.0001,2023-05-17 00:00:00.010
1684310400000,0.0001,2023-05-17 08:00:00.000
1684339200001,0.0001,2023-05-17 16:00:00.001
1684368000000,0.0001,2023-05-18 00:00:00.000
1684396800026,0.0001,2023-05-18 08:00:00.026
1684425600019,0.0001,2023-05-18 16:00:00.019
1684454400000,0.0001,2023-05-19 00:00:00.000
1684483200002,0.0001,2023-05-19 08:00:00.002
1684512000000,0.0001,2023-05-19 16:00:00.000
1684540800005,0.0001,2023-05-20 00:00:00.005
1684569600014,0.0001,2023-05-20 08:00:00.014
1684598400020,0.0001,2023-05-20 16:00:00.020
1684627200014,0.0001,2023-05-21 00:00:00.014
1684656000001,0.0001,2023-05-21 08:00:00.001
1684684800015,0.0001,2023-05-21 16:00:00.015
1684713600028,0.0001,2023-05-22 00:00:00.028
1684742400000,0.0001,2023-05-22 08:00:00.000
1684771200012,0.0001,2023-05-22 16:00:00.012
1684800000006,0.0001,2023-05-23 00:00:00.006
1684828800014,0.0001,2023-05-23 08:00:00.014
1684857600008,0.0001,2023-05-23 16:00:00.008
1684886400000,0.0001,2023-05-24 00:00:00.000
1684915200025,0.0001,2023-05-24 08:00:00.025
1684944000008,0.0001,2023-05-24 16:00:00.008
1684972800000,0.0001,2023-05-25 00:00:00.000
1685001600025,0.0001,2023-05-25 08:00:00.025
1685030400016,0.0001,2023-05-25 16:00:00.016
1685059200000,0.0001,2023-05-26 00:00:00.000
1685088000024,0.0001,2023-05-26 08:00:00.024
1685116800012,0.0001,2023-05-26 16:00:00.012
1685145600012,0.0001,2023-05-27 00:00:00.012
1685174400018,0.0001,2023-05-27 08:00:00.018
1685203200008,0.0001,2023-05-27 16:00:00.008
1685232000017,0.0001,2023-05-28 00:00:00.017
1685260800015,0.0001,2023-05-28 08:00:00.015
1685289600000,0.0001,2023-05-28 16:00:00.000
1685318400000,0.0001,2023-05-29 00:00:00.000
1685347200020,0.0001,2023-05-29 08:00:00.020
1685376000011,0.0001,2023-05-29 16:00:00.011
1685404800003,0.0001,2023-05-30 00:00:00.003
1685433600000,0.0001,2023-05-30 08:00:00.000
1685462400003,0.0001,2023-05-30 16:00:00.003
1685491200013,0.0001,2023-05-31 00:00:00.013
1685520000000,0.0001,2023-05-31 08:00:00.000
1685548800000,0.0001,2023-05-31 16:00:00.000
1685577600008,0.0001,2023-06-01 00:00:00.008
1685606400012,0.0001,2023-06-01 08:00:00.012
1685635200000,0.0001,2023-06-01 16:00:00.000
1685664000000,0.0001,2023-06-02 00:00:00.000
1685692800006,0.0001,2023-06-02 08:00:00.006
1685721600012,0.0001,2023-06-02 16:00:00.012
1685750400000,0.0001,2023-06-03 00:00:00.000
1685779200011,0.0001,2023-06-03 08:00:00.011
1685808000003,0.0001,2023-06-03 16:00:00.003
1685836800000,0.0001,2023-06-04 00:00:00.000
1685865600000,0.0001,2023-06-04 08:00:00.000
1685894400000,0.0001,2023-06-04 16:00:00.000
1685923200005,0.0001,2023-06-05 00:00:00.005
1685952000000,0.0001,2023-06-05 08:00:00.000
1685980800000,0.0001,2023-06-05 16:00:00.000
1686009600000,0.0001,2023-06-06 00:00:00.000
1686038400009,0.0001,2023-06-06 08:00:00.009
1686067200013,0.0001,2023-06-06 16:00:00.013
1686096000000,0.0001,2023-06-07 00:00:00.000
1686124800016,0.0001,2023-06-07 08:00:00.016
1686153600000,0.0001,2023-06-07 16:00:00.000
1686182400006,0.0001,2023-06-08 00:00:00.006
1686211200000,0.0001,2023-06-08 08:00:00.000
1686240000000,0.0001,2023-06-08 16:00:00.000
1686268800000,0.0001,2023-06-09 00:00:00.000
1686297600000,0.0001,2023-06-09 08:00:00.000
1686326400000,0.0001,2023-06-09 16:00:00.000
1686355200000,0.0001,2023-06-10 00:00:00.000
1686384000000,0.0001,2023-06-10 08:00:00.000
1686412800000,0.0001,2023-06-10 16:00:00.000
1686441600001,0.0001,2023-06-11 00:00:00.001
1686470400000,0.0001,2023-06-11 08:00:00.000
1686499200000,0.0001,2023-06-11 16:00:00.000
1686528000000,0.0001,2023-06-12 00:00:00.000
1686556800000,0.0001,2023-06-12 08:00:00.000
1686585600001,0.0001,2023-06-12 16:00:00.001
1686614400000,0.0001,2023-06-13 00:00:00.000
1686643200000,0.0001,2023-06-13 08:00:00.000
1686672000000,0.0001,2023-06-13 16:00:00.000
1686700800000,0.0001,2023-06-14 00:00:00.000
1686729600000,0.0001,2023-06-14 08:00:00.000
1686758400000,0.0001,2023-06-14 16:00:00.000
1686787200000,0.0001,2023-06-15 00:00:00.000
1686816000000,0.0001,2023-06-15 08:00:00.000
1686844800000,0.0001,2023-06-15 16:00:00.000
1686873600000,0.0001,2023-06-16 00:00:00.000
1686902400000,0.0001,2023-06-16 08:00:00.000
1686931200000,0.0001,2023-06-16 16:00:00.000
1686960000000,0.0001,2023-06-17 00:00:00.000
1686988800000,0.0001,2023-06-17 08:00:00.000
1687017600000,0.0001,2023-06-17 16:00:00.000
1687046400000,0.0001,2023-06-18 00:00:00.000
1687075200000,0.0001,2023-06-18 08:00:00.000
1687104000000,0.0001,2023-06-18 16:00:00.000
1687132800000,0.0001,2023-06-19 00:00:00.000
1687161600000,0.0001,2023-06-19 08:00:00.000
1687190400000,0.0001,2023-06-19 16:00:00.000
1687219200001,0.0001,2023-06-20 00:00:00.001
1687248000000,0.0001,2023-06-20 08:00:00.000
1687276800000,0.0001,2023-06-20 16:00:00.000
1687305600000,0.0001,2023-06-21 00:00:00.000
1687334400000,0.0001,2023-06-21 08:00:00.000
1687363200000,0.0001,2023-06-21 16:00:00.000
1687392000000,0.0001,2023-06-22 00:00:00.000
1687420800001,0.0001,2023-06-22 08:00:00.001
1687449600000,0.0001,2023-06-22 16:00:00.000
1687478400000,0.0001,2023-06-23 00:00:00.000
1687507200000,0.0001,2023-06-23 08:00:00.000
1687536000000,0.0001,2023-06-23 16:00:00.000
1687564800000,0.0001,2023-06-24 00:00:00.000
1687593600000,0.0001,2023-06-24 08:00:00.000
1687622400000,0.0001,2023-06-24 16:00:00.000
1687651200000,0.0001,2023-06-25 00:00:00.000
1687680000000,0.0001,2023-06-25 08:00:00.000
1687708800000,0.0001,2023-06-25 16:00:00.000
1687737600000,0.0001,2023-06-26 00:00:00.000
1687766400000,0.0001,2023-06-26 08:00:00.000
1687795200000,0.0001,2023-06-26 16:00:00.000
1687824000000,0.0001,2023-06-27 00:00:00.000
1687852800000,0.0001,2023-06-27 08:00:00.000
1687881600000,0.0001,2023-06-27 16:00:00.000
1687910400000,0.0001,2023-06-28 00:00:00.000
1687939200000,0.0001,2023-06-28 08:00:00.000
1687968000000,0.0001,2023-06-28 16:00:00.000
1687996800000,0.0001,2023-06-29 00:00:00.000
1688025600000,0.0001,2023-06-29 08:00:00.000
1688054400000,0.0001,2023-06-29 16:00:00.000
1688083200000,0.0001,2023-06-30 00:00:00.000
1688112000000,0.0001,2023-06-30 08:00:00.000
1688140800001,0.0001,2023-06-30 16:00:00.001
1688169600000,0.0001,2023-07-01 00:00:00.000
1688198400000,0.0001,2023-07-01 08:00:00.000
1688227200000,0.0001,2023-07-01 16:00:00.000
1688256000000,0.0001,2023-07-02 00:00:00.000
1688284800000,0.0001,2023-07-02 08:00:00.000
1688313600001,0.0001,2023-07-02 16:00:00.001
1688342400000,0.0001,2023-07-03 00:00:00.000
1688371200000,0.0001,2023-07-03 08:00:00.000
1688400000000,0.0001,2023-07-03 16:00:00.000
1688428800001,0.0001,2023-07-04 00:00:00.001
1688457600000,0.0001,2023-07-04 08:00:00.000
1688486400000,0.0001,2023-07-04 16:00:00.000
1688515200000,0.0001,2023-07-05 00:00:00.000
1688544000000,0.0001,2023-07-05 08:00:00.000
1688572800000,0.0001,2023-07-05 16:00:00.000
1688601600000,0.0001,2023-07-06 00:00:00.000
1688630400000,0.0001,2023-07-06 08:00:00.000
1688659200000,0.0001,2023-07-06 16:00:00.000
1688688000000,0.0001,2023-07-07 00:00:00.000
1688716800000,0.0001,2023-07-07 08:00:00.000
1688745600000,0.0001,2023-07-07 16:00:00.000
1688774400000,0.0001,2023-07-08 00:00:00.000
1688803200000,0.0001,2023-07-08 08:00:00.000
1688832000000,0.0001,2023-07-08 16:00:00.000
1688860800000,0.0001,2023-07-09 00:00:00.000
1688889600000,0.0001,2023-07-09 08:00:00.000
1688918400000,0.0001,2023-07-09 16:00:00.000
1688947200000,0.0001,2023-07-10 00:00:00.000
1688976000000,0.0001,2023-07-10 08:00:00.000
1689004800000,0.0001,2023-07-10 16:00:00.000
1689033600000,0.0001,2023-07-11 00:00:00.000
1689062400000,0.0001,2023-07-11 08:00:00.000
1689091200000,0.0001,2023-07-11 16:00:00.000
1689120000000,0.0001,2023-07-12 00:00:00.000
1689148800000,0.0001,2023-07-12 08:00:00.000
1689177600000,0.0001,2023-07-12 16:00:00.000
1689206400000,0.0001,2023-07-13 00:00:00.000
1689235200000,0.0001,2023-07-13 08:00:00.000
1689264000000,0.0001,2023-07-13 16:00:00.000
1689292800000,0.0001,2023-07-14 00:00:00.000
1689321600000,0.0001,2023-07-14 08:00:00.000
1689350400000,0.0001,2023-07-14 16:00:00.000
1689379200000,0.0001,2023-07-15 00:00:00.000
1689408000000,0.0001,2023-07-15 08:00:00.000
1689436800000,0.0001,2023-07-15 16:00:00.000
1689465600001,0.0001,2023-07-16 00:00:00.001
1689494400000,0.0001,2023-07-16 08:00:00.000
1689523200000,0.0001,2023-07-16 16:00:00.000
1689552000000,0.0001,2023-07-17 00:00:00.000
1689580800000,0.0001,2023-07-17 08:00:00.000
1689609600000,0.0001,2023-07-17 16:00:00.000
1689638400000,0.0001,2023-07-18 00:00:00.000
1689667200000,0.0001,2023-07-18 08:00:00.000
1689696000000,0.0001,2023-07-18 16:00:00.000
1689724800000,0.0001,2023-07-19 00:00:00.000
1689753600000,0.0001,2023-07-19 08:00:00.000
1689782400001,0.0001,2023-07-19 16:00:00.001
1689811200000,0.0001,2023-07-20 00:00:00.000
1689840000000,0.0001,2023-07-20 08:00:00.000
1689868800000,0.0001,2023-07-20 16:00:00.000
1689897600001,0.0001,2023-07-21 00:00:00.001
1689926400000,0.0001,2023-07-21 08:00:00.000
1689955200000,0.0001,2023-07-21 16:00:00.000
1689984000000,0.0001,2023-07-22 00:00:00.000
1690012800000,0.0001,2023-07-22 08:00:00.000
1690041600000,0.0001,2023-07-22 16:00:00.000
1690070400000,0.0001,2023-07-23 00:00:00.000
1690099200000,0.0001,2023-07-23 08:00:00.000
1690128000000,0.0001,2023-07-23 16:00:00.000
1690156800000,0.0001,2023-07-24 00:00:00.000
1690185600000,0.0001,2023-07-24 08:00:00.000
1690214400000,0.0001,2023-07-24 16:00:00.000
1690243200000,0.0001,2023-07-25 00:00:00.000
1690272000000,0.0001,2023-07-25 08:00:00.000
1690300800000,0.0001,2023-07-25 16:00:00.000
1690329600000,0.0001,2023-07-26 00:00:00.000
1690358400001,0.0001,2023-07-26 08:00:00.001
1690387200000,0.0001,2023-07-26 16:00:00.000
1690416000000,0.0001,2023-07-27 00:00:00.000
1690444800000,0.0001,2023-07-27 08:00:00.000
1690473600001,0.0001,2023-07-27 16:00:00.001
1690502400000,0.0001,2023-07-28 00:00:00.000
1690531200000,0.0001,2023-07-28 08:00:00.000
1690560000000,0.0001,2023-07-28 16:00:00.000
1690588800000,0.0001,2023-07-29 00:00:00.000
1690617600000,0.0001,2023-07-29 08:00:00.000
1690646400001,0.0001,2023-07-29 16:00:00.001
1690675200000,0.0001,2023-07-30 00:00:00.000
1690704000000,0.0001,2023-07-30 08:00:00.000
1690732800000,0.0001,2023-07-30 16:00:00.000
1690761600000,0.0001,2023-07-31 00:00:00.000
1690790400000,0.0001,2023-07-31 08:00:00.000
1690819200001,0.0001,2023-07-31 16:00:00.001
1690848000000,0.0001,2023-08-01 00:00:00.000
1690876800000,0.0001,2023-08-01 08:00:00.000
1690905600000,0.0001,2023-08-01 16:00:00.000
1690934400000,0.0001,2023-08-02 00:00:00.000
1690963200000,0.0001,2023-08-02 08:00:00.000
1690992000000,0.0001,2023-08-02 16:00:00.000
1691020800000,0.0001,2023-08-03 00:00:00.000
1691049600000,0.0001,2023-08-03 08:00:00.000
1691078400001,0.0001,2023-08-03 16:00:00.001
1691107200000,0.0001,2023-08-04 00:00:00.000
1691136000000,0.0001,2023-08-04 08:00:00.000
1691164800000,0.0001,2023-08-04 16:00:00.000
1691193600000,0.0001,2023-08-05 00:00:00.000
1691222400000,0.0001,2023-08-05 08:00:00.000
1691251200001,0.0001,2023-08-05 16:00:00.001
1691280000000,0.0001,2023-08-06 00:00:00.000
1691308800001,0.0001,2023-08-06 08:00:00.001
1691337600005,0.0001,2023-08-06 16:00:00.005
1691366400000,0.0001,2023-08-07 00:00:00.000
1691395200000,0.0001,2023-08-07 08:00:00.000
1691424000000,0.0001,2023-08-07 16:00:00.000
1691452800000,0.0001,2023-08-08 00:00:00.000
1691481600000,0.0001,2023-08-08 08:00:00.000
1691510400000,0.0001,2023-08-08 16:00:00.000
1691539200000,0.0001,2023-08-09 00:00:00.000
1691568000000,0.0001,2023-08-09 08:00:00.000
1691596800000,0.0001,2023-08-09 16:00:00.000
1691625600001,0.0001,2023-08-10 00:00:00.001
1691654400000,0.0001,2023-08-10 08:00:00.000
1691683200000,0.0001,2023-08-10 16:00:00.000
1691712000000,0.0001,2023-08-11 00:00:00.000
1691740800000,0.0001,2023-08-11 08:00:00.000
1691769600000,0.0001,2023-08-11 16:00:00.000
1691798400000,0.0001,2023-08-12 00:00:00.000
1691827200000,0.0001,2023-08-12 08:00:00.000
1691856000000,0.0001,2023-08-12 16:00:00.000
1691884800000,0.0001,2023-08-13 00:00:00.000
1691913600000,0.0001,2023-08-13 08:00:00.000
1691942400000,0.0001,2023-08-13 16:00:00.000
1691971200001,0.0001,2023-08-14 00:00:00.001
1692000000000,0.0001,2023-08-14 08:00:00.000
1692028800000,0.0001,2023-08-14 16:00:00.000
1692057600001,0.0001,2023-08-15 00:00:00.001
1692086400000,0.0001,2023-08-15 08:00:00.000
1692115200000,0.0001,2023-08-15 16:00:00.000
1692144000000,0.0001,2023-08-16 00:00:00.000
1692172800001,0.0001,2023-08-16 08:00:00.001
1692201600000,0.0001,2023-08-16 16:00:00.000
1692230400000,0.0001,2023-08-17 00:00:00.000
1692259200000,0.0001,2023-08-17 08:00:00.000
1692288000000,0.0001,2023-08-17 16:00:00.000
1692316800000,0.0001,2023-08-18 00:00:00.000
1692345600000,0.0001,2023-08-18 08:00:00.000
1692374400000,0.0001,2023-08-18 16:00:00.000
1692403200000,0.0001,2023-08-19 00:00:00.000
1692432000000,0.0001,2023-08-19 08:00:00.000
1692460800000,0.0001,2023-08-19 16:00:00.000
1692489600000,0.0001,2023-08-20 00:00:00.000
1692518400000,0.0001,2023-08-20 08:00:00.000
1692547200000,0.0001,2023-08-20 16:00:00.000
1692576000000,0.0001,2023-08-21 00:00:00.000
1692604800000,0.0001,2023-08-21 08:00:00.000
1692633600000,0.0001,2023-08-21 16:00:00.000
1692662400000,0.0001,2023-08-22 00:00:00.000
1692691200000,0.0001,2023-08-22 08:00:00.000
1692720000000,0.0001,2023-08-22 16:00:00.000
1692748800000,0.0001,2023-08-23 00:00:00.000
1692777600000,0.0001,2023-08-23 08:00:00.000
1692806400000,0.0001,2023-08-23 16:00:00.000
1692835200000,0.0001,2023-08-24 00:00:00.000
1692864000000,0.0001,2023-08-24 08:00:00.000
1692892800000,0.0001,2023-08-24 16:00:00.000
1692921600000,0.0001,2023-08-25 00:00:00.000
1692950400000,0.0001,2023-08-25 08:00:00.000
1692979200000,0.0001,2023-08-25 16:00:00.000
1693008000000,0.0001,2023-08-26 00:00:00.000
1693036800000,0.0001,2023-08-26 08:00:00.000
1693065600000,0.0001,2023-08-26 16:00:00.000
1693094400000,0.0001,2023-08-27 00:00:00.000
1693123200000,0.0001,2023-08-27 08:00:00.000
1693152000000,0.0001,2023-08-27 16:00:00.000
1693180800000,0.0001,2023-08-28 00:00:00.000
1693209600001,0.0001,2023-08-28 08:00:00.001
1693238400001,0.0001,2023-08-28 16:00:00.001
1693267200000,0.0001,2023-08-29 00:00:00.000
1693296000000,0.0001,2023-08-29 08:00:00.000
1693324800000,0.0001,2023-08-29 16:00:00.000
1693353600000,0.0001,2023-08-30 00:00:00.000
1693382400000,0.0001,2023-08-30 08:00:00.000
1693411200000,0.0001,2023-08-30 16:00:00.000
1693440000000,0.0001,2023-08-31 00:00:00.000
1693468800000,0.0001,2023-08-31 08:00:00.000
1693497600000,0.0001,2023-08-31 16:00:00.000
1693526400000,0.0001,2023-09-01 00:00:00.000
1693555200000,0.0001,2023-09-01 08:00:00.000
1693584000001,0.0001,2023-09-01 16:00:00.001
1693612800000,0.0001,2023-09-02 00:00:00.000
1693641600000,0.0001,2023-09-02 08:00:00.000
1693670400000,0.0001,2023-09-02 16:00:00.000
1693699200000,0.0001,2023-09-03 00:00:00.000
1693728000000,0.0001,2023-09-03 08:00:00.000
1693756800000,0.0001,2023-09-03 16:00:00.000
1693785600000,0.0001,2023-09-04 00:00:00.000
1693814400000,0.0001,2023-09-04 08:00:00.000
1693843200000,0.0001,2023-09-04 16:00:00.000
1693872000000,0.0001,2023-09-05 00:00:00.000
1693900800000,0.0001,2023-09-05 08:00:00.000
1693929600000,0.0001,2023-09-05 16:00:00.000
1693958400000,0.0001,2023-09-06 00:00:00.000
1693987200000,0.0001,2023-09-06 08:00:00.000
1694016000001,0.0001,2023-09-06 16:00:00.001
1694044800000,0.0001,2023-09-07 00:00:00.000
1694073600000,0.0001,2023-09-07 08:00:00.000
1694102400000,0.0001,2023-09-07 16:00:00.000
1694131200000,0.0001,2023-09-08 00:00:00.000
1694160000000,0.0001,2023-09-08 08:00:00.000
1694188800000,0.0001,2023-09-08 16:00:00.000
1694217600000,0.0001,2023-09-09 00:00:00.000
1694246400000,0.0001,2023-09-09 08:00:00.000
1694275200000,0.0001,2023-09-09 16:00:00.000
1694304000000,0.0001,2023-09-10 00:00:00.000
1694332800000,0.0001,2023-09-10 08:00:00.000
1694361600000,0.0001,2023-09-10 16:00:00.000
1694390400000,0.0001,2023-09-11 00:00:00.000
1694419200000,0.0001,2023-09-11 08:00:00.000
1694448000001,0.0001,2023-09-11 16:00:00.001
1694476800000,0.0001,2023-09-12 00:00:00.000
1694505600000,0.0001,2023-09-12 08:00:00.000
1694534400000,0.0001,2023-09-12 16:00:00.000
1694563200000,0.0001,2023-09-13 00:00:00.000
1694592000000,0.0001,2023-09-13 08:00:00.000
1694620800000,0.0001,2023-09-13 16:00:00.000
1694649600000,0.0001,2023-09-14 00:00:00.000
1694678400001,0.0001,2023-09-14 08:00:00.001
1694707200000,0.0001,2023-09-14 16:00:00.000
1694736000000,0.0001,2023-09-15 00:00:00.000
1694764800000,0.0001,2023-09-15 08:00:00.000
1694793600000,0.0001,2023-09-15 16:00:00.000
1694822400000,0.0001,2023-09-16 00:00:00.000
1694851200000,0.0001,2023-09-16 08:00:00.000
1694880000000,0.0001,2023-09-16 16:00:00.000
1694908800000,0.0001,2023-09-17 00:00:00.000
1694937600000,0.0001,2023-09-17 08:00:00.000
1694966400000,0.0001,2023-09-17 16:00:00.000
1694995200000,0.0001,2023-09-18 00:00:00.000
1695024000000,0.0001,2023-09-18 08:00:00.000
1695052800000,0.0001,2023-09-18 16:00:00.000
1695081600000,0.0001,2023-09-19 00:00:00.000
1695110400001,0.0001,2023-09-19 08:00:00.001
1695139200000,0.0001,2023-09-19 16:00:00.000
1695168000000,0.0001,2023-09-20 00:00:00.000
1695196800000,0.0001,2023-09-20 08:00:00.000
1695225600000,0.0001,2023-09-20 16:00:00.000
1695254400001,0.0001,2023-09-21 00:00:00.001
1695283200000,0.0001,2023-09-21 08:00:00.000
1695312000000,0.0001,2023-09-21 16:00:00.000
1695340800000,0.0001,2023-09-22 00:00:00.000
1695369600000,0.0001,2023-09-22 08:00:00.000
1695398400000,0.0001,2023-09-22 16:00:00.000
1695427200000,0.0001,2023-09-23 00:00:00.000
1695456000000,0.0001,2023-09-23 08:00:00.000
1695484800000,0.0001,2023-09-23 16:00:00.000
1695513600000,0.0001,2023-09-24 00:00:00.000
1695542400000,0.0001,2023-09-24 08:00:00.000
1695571200000,0.0001,2023-09-24 16:00:00.000
1695600000000,0.0001,2023-09-25 00:00:00.000
1695628800000,0.0001,2023-09-25 08:00:00.000
1695657600000,0.0001,2023-09-25 16:00:00.000
1695686400000,0.0001,2023-09-26 00:00:00.000
1695715200000,0.0001,2023-09-26 08:00:00.000
1695744000000,0.0001,2023-09-26 16:00:00.000
1695772800000,0.0001,2023-09-27 00:00:00.000
1695801600001,0.0001,2023-09-27 08:00:00.001
1695830400000,0.0001,2023-09-27 16:00:00.000
1695859200000,0.0001,2023-09-28 00:00:00.000
1695888000000,0.0001,2023-09-28 08:00:00.000
1695916800000,0.0001,2023-09-28 16:00:00.000
1695945600000,0.0001,2023-09-29 00:00:00.000
1695974400000,0.0001,2023-09-29 08:00:00.000
1696003200000,0.0001,2023-09-29 16:00:00.000
1696032000000,0.0001,2023-09-30 00:00:00.000
1696060800000,0.0001,2023-09-30 08:00:00.000
1696089600000,0.0001,2023-09-30 16:00:00.000
1696118400000,0.0001,2023-10-01 00:00:00.000
1696147200000,0.0001,2023-10-01 08:00:00.000
1696176000000,0.0001,2023-10-01 16:00:00.000
1696204800000,0.0001,2023-10-02 00:00:00.000
1696233600000,0.0001,2023-10-02 08:00:00.000
1696262400000,0.0001,2023-10-02 16:00:00.000
1696291200000,0.0001,2023-10-03 00:00:00.000
1696320000000,0.0001,2023-10-03 08:00:00.000
1696348800000,0.0001,2023-10-03 16:00:00.000
1696377600000,0.0001,2023-10-04 00:00:00.000
1696406400000,0.0001,2023-10-04 08:00:00.000
1696435200000,0.0001,2023-10-04 16:00:00.000
1696464000000,0.0001,2023-10-05 00:00:00.000
1696492800000,0.0001,2023-10-05 08:00:00.000
1696521600001,0.0001,2023-10-05 16:00:00.001
1696550400000,0.0001,2023-10-06 00:00:00.000
1696579200000,0.0001,2023-10-06 08:00:00.000
1696608000000,0.0001,2023-10-06 16:00:00.000
1696636800000,0.0001,2023-10-07 00:00:00.000
1696665600000,0.0001,2023-10-07 08:00:00.000
1696694400000,0.0001,2023-10-07 16:00:00.000
1696723200000,0.0001,2023-10-08 00:00:00.000
1696752000001,0.0001,2023-10-08 08:00:00.001
1696780800000,0.0001,2023-10-08 16:00:00.000
1696809600000,0.0001,2023-10-09 00:00:00.000
1696838400000,0.0001,2023-10-09 08:00:00.000
1696867200000,0.0001,2023-10-09 16:00:00.000
1696896000000,0.0001,2023-10-10 00:00:00.000
1696924800000,0.0001,2023-10-10 08:00:00.000
1696953600000,0.0001,2023-10-10 16:00:00.000
1696982400000,0.0001,2023-10-11 00:00:00.000
1697011200000,0.0001,2023-10-11 08:00:00.000
1697040000000,0.0001,2023-10-11 16:00:00.000
1697068800000,0.0001,2023-10-12 00:00:00.000
1697097600000,0.0001,2023-10-12 08:00:00.000
1697126400000,0.0001,2023-10-12 16:00:00.000
1697155200000,0.0001,2023-10-13 00:00:00.000
1697184000000,0.0001,2023-10-13 08:00:00.000
1697212800000,0.0001,2023-10-13 16:00:00.000
1697241600000,0.0001,2023-10-14 00:00:00.000
1697270400000,0.0001,2023-10-14 08:00:00.000
1697299200000,0.0001,2023-10-14 16:00:00.000
1697328000000,0.0001,2023-10-15 00:00:00.000
1697356800000,0.0001,2023-10-15 08:00:00.000
1697385600000,0.0001,2023-10-15 16:00:00.000
1697414400000,0.0001,2023-10-16 00:00:00.000
1697443200000,0.0001,2023-10-16 08:00:00.000
1697472000000,0.0001,2023-10-16 16:00:00.000
1697500800000,0.0001,2023-10-17 00:00:00.000
1697529600000,0.0001,2023-10-17 08:00:00.000
1697558400000,0.0001,2023-10-17 16:00:00.000
1697587200000,0.0001,2023-10-18 00:00:00.000
1697616000000,0.0001,2023-10-18 08:00:00.000
1697644800000,0.0001,2023-10-18 16:00:00.000
1697673600000,0.0001,2023-10-19 00:00:00.000
1697702400001,0.0001,2023-10-19 08:00:00.001
1697731200000,0.0001,2023-10-19 16:00:00.000
1697760000000,0.0001,2023-10-20 00:00:00.000
1697788800005,0.0001,2023-10-20 08:00:00.005
1697817600000,0.0001,2023-10-20 16:00:00.000
1697846400000,0.0001,2023-10-21 00:00:00.000
1697875200000,0.0001,2023-10-21 08:00:00.000
1697904000000,0.0001,2023-10-21 16:00:00.000
1697932800000,0.0001,2023-10-22 00:00:00.000
1697961600000,0.0001,2023-10-22 08:00:00.000
1697990400000,0.0001,2023-10-22 16:00:00.000
1698019200000,0.0001,2023-10-23 00:00:00.000
1698048000001,0.0001,2023-10-23 08:00:00.001
1698076800001,0.0001,2023-10-23 16:00:00.001
1698105600000,0.0001,2023-10-24 00:00:00.000
1698134400000,0.0001,2023-10-24 08:00:00.000
1698163200000,0.0001,2023-10-24 16:00:00.000
1698192000000,0.0001,2023-10-25 00:00:00.000
1698220800000,0.0001,2023-10-25 08:00:00.000
1698249600001,0.0001,2023-10-25 16:00:00.001
1698278400001,0.0001,2023-10-26 00:00:00.001
1698307200000,0.0001,2023-10-26 08:00:00.000
1698336000000,0.0001,2023-10-26 16:00:00.000
1698364800000,0.0001,2023-10-27 00:00:00.000
1698393600000,0.0001,2023-10-27 08:00:00.000
1698422400000,0.0001,2023-10-27 16:00:00.000
1698451200000,0.0001,2023-10-28 00:00:00.000
1698480000001,0.0001,2023-10-28 08:00:00.001
1698508800000,0.0001,2023-10-28 16:00:00.000
1698537600000,0.0001,2023-10-29 00:00:00.000
1698566400000,0.0001,2023-10-29 08:00:00.000
1698595200000,0.0001,2023-10-29 16:00:00.000
1698624000000,0.0001,2023-10-30 00:00:00.000
1698652800000,0.0001,2023-10-30 08:00:00.000
1698681600000,0.0001,2023-10-30 16:00:00.000
1698710400001,0.0001,2023-10-31 00:00:00.001
1698739200000,0.0001,2023-10-31 08:00:00.000
1698768000000,0.0001,2023-10-31 16:00:00.000
1698796800000,0.0001,2023-11-01 00:00:00.000
1698825600000,0.0001,2023-11-01 08:00:00.000
1698854400000,0.0001,2023-11-01 16:00:00.000
1698883200001,0.0001,2023-11-02 00:00:00.001
1698912000000,0.0001,2023-11-02 08:00:00.000
1698940800000,0.0001,2023-11-02 16:00:00.000
1698969600000,0.0001,2023-11-03 00:00:00.000
1698998400000,0.0001,2023-11-03 08:00:00.000
1699027200000,0.0001,2023-11-03 16:00:00.000
1699056000000,0.0001,2023-11-04 00:00:00.000
1699084800000,0.0001,2023-11-04 08:00:00.000
1699113600000,0.0001,2023-11-04 16:00:00.000
1699142400000,0.0001,2023-11-05 00:00:00.000
1699171200000,0.0001,2023-11-05 08:00:00.000
1699200000000,0.0001,2023-11-05 16:00:00.000
1699228800000,0.0001,2023-11-06 00:00:00.000
1699257600001,0.0001,2023-11-06 08:00:00.001
1699286400000,0.0001,2023-11-06 16:00:00.000
1699315200001,0.0001,2023-11-07 00:00:00.001
1699344000000,0.0001,2023-11-07 08:00:00.000
1699372800000,0.0001,2023-11-07 16:00:00.000
1699401600000,0.0001,2023-11-08 00:00:00.000
1699430400000,0.0001,2023-11-08 08:00:00.000
1699459200000,0.0001,2023-11-08 16:00:00.000
1699488000000,0.0001,2023-11-09 00:00:00.000
1699516800000,0.0001,2023-11-09 08:00:00.000
1699545600000,0.0001,2023-11-09 16:00:00.000
1699574400000,0.0001,2023-11-10 00:00:00.000
1699603200000,0.0001,2023-11-10 08:00:00.000
1699632000000,0.0001,2023-11-10 16:00:00.000
1699660800000,0.0001,2023-11-11 00:00:00.000
1699689600000,0.0001,2023-11-11 08:00:00.000
1699718400000,0.0001,2023-11-11 16:00:00.000
1699747200000,0.0001,2023-11-12 00:00:00.000
1699776000000,0.0001,2023-11-12 08:00:00.000
1699804800001,0.0001,2023-11-12 16:00:00.001
1699833600000,0.0001,2023-11-13 00:00:00.000
1699862400000,0.0001,2023-11-13 08:00:00.000
1699891200000,0.0001,2023-11-13 16:00:00.000
1699920000000,0.0001,2023-11-14 00:00:00.000
1699948800000,0.0001,2023-11-14 08:00:00.000
1699977600001,0.0001,2023-11-14 16:00:00.001
1700006400000,0.0001,2023-11-15 00:00:00.000
1700035200000,0.0001,2023-11-15 08:00:00.000
1700064000000,0.0001,2023-11-15 16:00:00.000
1700092800000,0.0001,2023-11-16 00:00:00.000
1700121600000,0.0001,2023-11-16 08:00:00.000
1700150400001,0.0001,2023-11-16 16:00:00.001
1700179200000,0.0001,2023-11-17 00:00:00.000
1700208000001,0.0001,2023-11-17 08:00:00.001
1700236800001,0.0001,2023-11-17 16:00:00.001
1700265600000,0.0001,2023-11-18 00:00:00.000
1700294400000,0.0001,2023-11-18 08:00:00.000
1700323200000,0.0001,2023-11-18 16:00:00.000
1700352000000,0.0001,2023-11-19 00:00:00.000
1700380800000,0.0001,2023-11-19 08:00:00.000
1700409600000,0.0001,2023-11-19 16:00:00.000
1700438400000,0.0001,2023-11-20 00:00:00.000
1700467200000,0.0001,2023-11-20 08:00:00.000
1700496000000,0.0001,2023-11-20 16:00:00.000
1700524800000,0.0001,2023-11-21 00:00:00.000
1700553600000,0.0001,2023-11-21 08:00:00.000
1700582400000,0.0001,2023-11-21 16:00:00.000
1700611200000,0.0001,2023-11-22 00:00:00.000
1700640000000,0.0001,2023-11-22 08:00:00.000
1700668800000,0.0001,2023-11-22 16:00:00.000
1700697600000,0.0001,2023-11-23 00:00:00.000
1700726400000,0.0001,2023-11-23 08:00:00.000
1700755200001,0.0001,2023-11-23 16:00:00.001
1700784000000,0.0001,2023-11-24 00:00:00.000
1700812800000,0.0001,2023-11-24 08:00:00.000
1700841600000,0.0001,2023-11-24 16:00:00.000
1700870400000,0.0001,2023-11-25 00:00:00.000
1700899200000,0.0001,2023-11-25 08:00:00.000
1700928000000,0.0001,2023-11-25 16:00:00.000
1700956800000,0.0001,2023-11-26 00:00:00.000
1700985600000,0.0001,2023-11-26 08:00:00.000
1701014400000,0.0001,2023-11-26 16:00:00.000
1701043200000,0.0001,2023-11-27 00:00:00.000
1701072000001,0.0001,2023-11-27 08:00:00.001
1701100800000,0.0001,2023-11-27 16:00:00.000
1701129600000,0.0001,2023-11-28 00:00:00.000
1701158400000,0.0001,2023-11-28 08:00:00.000
1701187200000,0.0001,2023-11-28 16:00:00.000
1701216000001,0.0001,2023-11-29 00:00:00.001
1701244800000,0.0001,2023-11-29 08:00:00.000
1701273600000,0.0001,2023-11-29 16:00:00.000
1701302400000,0.0001,2023-11-30 00:00:00.000
1701331200000,0.0001,2023-11-30 08:00:00.000
1701360000000,0.0001,2023-11-30 16:00:00.000
1701388800000,0.0001,2023-12-01 00:00:00.000
1701417600000,0.0001,2023-12-01 08:00:00.000
1701446400000,0.0001,2023-12-01 16:00:00.000
1701475200000,0.0001,2023-12-02 00:00:00.000
1701504000000,0.0001,2023-12-02 08:00:00.000
1701532800000,0.0001,2023-12-02 16:00:00.000
1701561600000,0.0001,2023-12-03 00:00:00.000
1701590400000,0.0001,2023-12-03 08:00:00.000
1701619200000,0.0001,2023-12-03 16:00:00.000
1701648000000,0.0001,2023-12-04 00:00:00.000
1701676800000,0.0001,2023-12-04 08:00:00.000
1701705600000,0.0001,2023-12-04 16:00:00.000
1701734400000,0.0001,2023-12-05 00:00:00.000
1701763200000,0.0001,2023-12-05 08:00:00.000
1701792000000,0.0001,2023-12-05 16:00:00.000
1701820800000,0.0001,2023-12-06 00:00:00.000
1701849600000,0.0001,2023-12-06 08:00:00.000
1701878400000,0.0001,2023-12-06 16:00:00.000
1701907200000,0.0001,2023-12-07 00:00:00.000
1701936000000,0.0001,2023-12-07 08:00:00.000
1701964800000,0.0001,2023-12-07 16:00:00.000
1701993600000,0.0001,2023-12-08 00:00:00.000
1702022400000,0.0001,2023-12-08 08:00:00.000
1702051200000,0.0001,2023-12-08 16:00:00.000
1702080000000,0.0001,2023-12-09 00:00:00.000
1702108800000,0.0001,2023-12-09 08:00:00.000
1702137600000,0.0001,2023-12-09 16:00:00.000
1702166400000,0.0001,2023-12-10 00:00:00.000
1702195200000,0.0001,2023-12-10 08:00:00.000
1702224000000,0.0001,2023-12-10 16:00:00.000
1702252800000,0.0001,2023-12-11 00:00:00.000
1702281600000,0.0001,2023-12-11 08:00:00.000
1702310400000,0.0001,2023-12-11 16:00:00.000
1702339200000,0.0001,2023-12-12 00:00:00.000
1702368000000,0.0001,2023-12-12 08:00:00.000
1702396800000,0.0001,2023-12-12 16:00:00.000
1702425600000,0.0001,2023-12-13 00:00:00.000
1702454400000,0.0001,2023-12-13 08:00:00.000
1702483200001,0.0001,2023-12-13 16:00:00.001
1702512000000,0.0001,2023-12-14 00:00:00.000
1702540800000,0.0001,2023-12-14 08:00:00.000
1702569600000,0.0001,2023-12-14 16:00:00.000
1702598400000,0.0001,2023-12-15 00:00:00.000
1702627200000,0.0001,2023-12-15 08:00:00.000
1702656000000,0.0001,2023-12-15 16:00:00.000
1702684800000,0.0001,2023-12-16 00:00:00.000
1702713600000,0.0001,2023-12-16 08:00:00.000
1702742400001,0.0001,2023-12-16 16:00:00.001
1702771200000,0.0001,2023-12-17 00:00:00.000
1702800000000,0.0001,2023-12-17 08:00:00.000
1702828800000,0.0001,2023-12-17 16:00:00.000
1702857600000,0.0001,2023-12-18 00:00:00.000
1702886400001,0.0001,2023-12-18 08:00:00.001
1702915200000,0.0001,2023-12-18 16:00:00.000
1702944000000,0.0001,2023-12-19 00:00:00.000
1702972800000,0.0001,2023-12-19 08:00:00.000
1703001600000,0.0001,2023-12-19 16:00:00.000
1703030400000,0.0001,2023-12-20 00:00:00.000
1703059200000,0.0001,2023-12-20 08:00:00.000
1703088000000,0.0001,2023-12-20 16:00:00.000
1703116800000,0.0001,2023-12-21 00:00:00.000
1703145600000,0.0001,2023-12-21 08:00:00.000
1703174400000,0.0001,2023-12-21 16:00:00.000
1703203200000,0.0001,2023-12-22 00:00:00.000
1703232000000,0.0001,2023-12-22 08:00:00.000
1703260800000,0.0001,2023-12-22 16:00:00.000
1703289600000,0.0001,2023-12-23 00:00:00.000
1703318400001,0.0001,2023-12-23 08:00:00.001
1703347200000,0.0001,2023-12-23 16:00:00.000
1703376000000,0.0001,2023-12-24 00:00:00.000
1703404800000,0.0001,2023-12-24 08:00:00.000
1703433600000,0.0001,2023-12-24 16:00:00.000
1703462400000,0.0001,2023-12-25 00:00:00.000
1703491200000,0.0001,2023-12-25 08:00:00.000
1703520000000,0.0001,2023-12-25 16:00:00.000
1703548800000,0.0001,2023-12-26 00:00:00.000
1703577600000,0.0001,2023-12-26 08:00:00.000
1703606400000,0.0001,2023-12-26 16:00:00.000
1703635200000,0.0001,2023-12-27 00:00:00.000
1703664000000,0.0001,2023-12-27 08:00:00.000
1703692800000,0.0001,2023-12-27 16:00:00.000
1703721600000,0.0001,2023-12-28 00:00:00.000
1703750400000,0.0001,2023-12-28 08:00:00.000
1703779200000,0.0001,2023-12-28 16:00:00.000
1703808000001,0.0001,2023-12-29 00:00:00.001
1703836800000,0.0001,2023-12-29 08:00:00.000
1703865600000,0.0001,2023-12-29 16:00:00.000
1703894400001,0.0001,2023-12-30 00:00:00.001
1703923200000,0.0001,2023-12-30 08:00:00.000
1703952000000,0.0001,2023-12-30 16:00:00.000
1703980800000,0.0001,2023-12-31 00:00:00.000
1704009600001,0.0001,2023-12-31 08:00:00.001
1704038400000,0.0001,2023-12-31 16:00:00.000
1704067200000,0.0001,2024-01-01 00:00:00.000
1704096000000,0.0001,2024-01-01 08:00:00.000
1704124800000,0.0001,2024-01-01 16:00:00.000
1704153600000,0.0001,2024-01-02 00:00:00.000
1704182400000,0.0001,2024-01-02 08:00:00.000
1704211200000,0.0001,2024-01-02 16:00:00.000
1704240000000,0.0001,2024-01-03 00:00:00.000
1704268800000,0.0001,2024-01-03 08:00:00.000
1704297600000,0.0001,2024-01-03 16:00:00.000
1704326400000,0.0001,2024-01-04 00:00:00.000
1704355200000,0.0001,2024-01-04 08:00:00.000
1704384000000,0.0001,2024-01-04 16:00:00.000
1704412800001,0.0001,2024-01-05 00:00:00.001
1704441600000,0.0001,2024-01-05 08:00:00.000
1704470400000,0.0001,2024-01-05 16:00:00.000
1704499200000,0.0001,2024-01-06 00:00:00.000
1704528000000,0.0001,2024-01-06 08:00:00.000
1704556800000,0.0001,2024-01-06 16:00:00.000
1704585600000,0.0001,2024-01-07 00:00:00.000
1704614400001,0.0001,2024-01-07 08:00:00.001
1704643200001,0.0001,2024-01-07 16:00:00.001
1704672000000,0.0001,2024-01-08 00:00:00.000
1704700800000,0.0001,2024-01-08 08:00:00.000
1704729600000,0.0001,2024-01-08 16:00:00.000
1704758400001,0.0001,2024-01-09 00:00:00.001
1704787200000,0.0001,2024-01-09 08:00:00.000
1704816000000,0.0001,2024-01-09 16:00:00.000
1704844800000,0.0001,2024-01-10 00:00:00.000
1704873600000,0.0001,2024-01-10 08:00:00.000
1704902400000,0.0001,2024-01-10 16:00:00.000
1704931200000,0.0001,2024-01-11 00:00:00.000
1704960000000,0.0001,2024-01-11 08:00:00.000
1704988800000,0.0001,2024-01-11 16:00:00.000
1705017600001,0.0001,2024-01-12 00:00:00.001
1705046400000,0.0001,2024-01-12 08:00:00.000
1705075200000,0.0001,2024-01-12 16:00:00.000
1705104000000,0.0001,2024-01-13 00:00:00.000
1705132800000,0.0001,2024-01-13 08:00:00.000
1705161600001,0.0001,2024-01-13 16:00:00.001
1705190400000,0.0001,2024-01-14 00:00:00.000
1705219200000,0.0001,2024-01-14 08:00:00.000
1705248000001,0.0001,2024-01-14 16:00:00.001
1705276800000,0.0001,2024-01-15 00:00:00.000
1705305600000,0.0001,2024-01-15 08:00:00.000
1705334400000,0.0001,2024-01-15 16:00:00.000
1705363200000,0.0001,2024-01-16 00:00:00.000
1705392000000,0.0001,2024-01-16 08:00:00.000
1705420800001,0.0001,2024-01-16 16:00:00.001
1705449600000,0.0001,2024-01-17 00:00:00.000
1705478400000,0.0001,2024-01-17 08:00:00.000
1705507200000,0.0001,2024-01-17 16:00:00.000
1705536000001,0.0001,2024-01-18 00:00:00.001
1705564800000,0.0001,2024-01-18 08:00:00.000
1705593600000,0.0001,2024-01-18 16:00:00.000
1705622400000,0.0001,2024-01-19 00:00:00.000
1705651200000,0.0001,2024-01-19 08:00:00.000
1705680000002,0.0001,2024-01-19 16:00:00.002
1705708800000,0.0001,2024-01-20 00:00:00.000
1705737600003,0.0001,2024-01-20 08:00:00.003
1705766400000,0.0001,2024-01-20 16:00:00.000
1705795200000,0.0001,2024-01-21 00:00:00.000
1705824000000,0.0001,2024-01-21 08:00:00.000
1705852800000,0.0001,2024-01-21 16:00:00.000
1705881600000,0.0001,2024-01-22 00:00:00.000
1705910400000,0.0001,2024-01-22 08:00:00.000
1705939200000,0.0001,2024-01-22 16:00:00.000
1705968000000,0.0001,2024-01-23 00:00:00.000
1705996800000,0.0001,2024-01-23 08:00:00.000
1706025600000,0.0001,2024-01-23 16:00:00.000
1706054400000,0.0001,2024-01-24 00:00:00.000
1706083200000,0.0001,2024-01-24 08:00:00.000
1706112000000,0.0001,2024-01-24 16:00:00.000
1706140800000,0.0001,2024-01-25 00:00:00.000
1706169600001,0.0001,2024-01-25 08:00:00.001
1706198400000,0.0001,2024-01-25 16:00:00.000
1706227200001,0.0001,2024-01-26 00:00:00.001
1706256000000,0.0001,2024-01-26 08:00:00.000
1706284800000,0.0001,2024-01-26 16:00:00.000
1706313600000,0.0001,2024-01-27 00:00:00.000
1706342400000,0.0001,2024-01-27 08:00:00.000
1706371200000,0.0001,2024-01-27 16:00:00.000
1706400000000,0.0001,2024-01-28 00:00:00.000
1706428800000,0.0001,2024-01-28 08:00:00.000
1706457600000,0.0001,2024-01-28 16:00:00.000
1706486400000,0.0001,2024-01-29 00:00:00.000
1706515200001,0.0001,2024-01-29 08:00:00.001
1706544000000,0.0001,2024-01-29 16:00:00.000
1706572800000,0.0001,2024-01-30 00:00:00.000
1706601600000,0.0001,2024-01-30 08:00:00.000
1706630400001,0.0001,2024-01-30 16:00:00.001
1706659200000,0.0001,2024-01-31 00:00:00.000
1706688000000,0.0001,2024-01-31 08:00:00.000
1706716800000,0.0001,2024-01-31 16:00:00.000
1706745600000,0.0001,2024-02-01 00:00:00.000
1706774400000,0.0001,2024-02-01 08:00:00.000
1706803200002,0.0001,2024-02-01 16:00:00.002
1706832000000,0.0001,2024-02-02 00:00:00.000
1706860800000,0.0001,2024-02-02 08:00:00.000
1706889600000,0.0001,2024-02-02 16:00:00.000
1706918400000,0.0001,2024-02-03 00:00:00.000
1706947200000,0.0001,2024-02-03 08:00:00.000
1706976000001,0.0001,2024-02-03 16:00:00.001
1707004800000,0.0001,2024-02-04 00:00:00.000
1707033600004,0.0001,2024-02-04 08:00:00.004
1707062400000,0.0001,2024-02-04 16:00:00.000
1707091200000,0.0001,2024-02-05 00:00:00.000
1707120000000,0.0001,2024-02-05 08:00:00.000
1707148800000,0.0001,2024-02-05 16:00:00.000
1707177600000,0.0001,2024-02-06 00:00:00.000
1707206400001,0.0001,2024-02-06 08:00:00.001
1707235200000,0.0001,2024-02-06 16:00:00.000
1707264000000,0.0001,2024-02-07 00:00:00.000
1707292800000,0.0001,2024-02-07 08:00:00.000
1707321600000,0.0001,2024-02-07 16:00:00.000
1707350400000,0.0001,2024-02-08 00:00:00.000
1707379200000,0.0001,2024-02-08 08:00:00.000
1707408000000,0.0001,2024-02-08 16:00:00.000
1707436800000,0.0001,2024-02-09 00:00:00.000
1707465600000,0.0001,2024-02-09 08:00:00.000
1707494400001,0.0001,2024-02-09 16:00:00.001
1707523200001,0.0001,2024-02-10 00:00:00.001
1707552000000,0.0001,2024-02-10 08:00:00.000
1707580800000,0.0001,2024-02-10 16:00:00.000
1707609600000,0.0001,2024-02-11 00:00:00.000
1707638400001,0.0001,2024-02-11 08:00:00.001
1707667200000,0.0001,2024-02-11 16:00:00.000
1707696000000,0.0001,2024-02-12 00:00:00.000
1707724800000,0.0001,2024-02-12 08:00:00.000
1707753600000,0.0001,2024-02-12 16:00:00.000
1707782400000,0.0001,2024-02-13 00:00:00.000
1707811200000,0.0001,2024-02-13 08:00:00.000
1707840000000,0.0001,2024-02-13 16:00:00.000
1707868800000,0.0001,2024-02-14 00:00:00.000
1707897600000,0.0001,2024-02-14 08:00:00.000
1707926400000,0.0001,2024-02-14 16:00:00.000
1707955200000,0.0001,2024-02-15 00:00:00.000
1707984000000,0.0001,2024-02-15 08:00:00.000
1708012800000,0.0001,2024-02-15 16:00:00.000
1708041600000,0.0001,2024-02-16 00:00:00.000
1708070400000,0.0001,2024-02-16 08:00:00.000
1708099200000,0.0001,2024-02-16 16:00:00.000
1708128000000,0.0001,2024-02-17 00:00:00.000
1708156800000,0.0001,2024-02-17 08:00:00.000
1708185600000,0.0001,2024-02-17 16:00:00.000
1708214400000,0.0001,2024-02-18 00:00:00.000
1708243200000,0.0001,2024-02-18 08:00:00.000
1708272000000,0.0001,2024-02-18 16:00:00.000
1708300800000,0.0001,2024-02-19 00:00:00.000
1708329600000,0.0001,2024-02-19 08:00:00.000
1708358400000,0.0001,2024-02-19 16:00:00.000
1708387200000,0.0001,2024-02-20 00:00:00.000
1708416000000,0.0001,2024-02-20 08:00:00.000
1708444800000,0.0001,2024-02-20 16:00:00.000
1708473600000,0.0001,2024-02-21 00:00:00.000
1708502400000,0.0001,2024-02-21 08:00:00.000
1708531200000,0.0001,2024-02-21 16:00:00.000
1708560000001,0.0001,2024-02-22 00:00:00.001
1708588800001,0.0001,2024-02-22 08:00:00.001
1708617600000,0.0001,2024-02-22 16:00:00.000
1708646400000,0.0001,2024-02-23 00:00:00.000
1708675200000,0.0001,2024-02-23 08:00:00.000
1708704000000,0.0001,2024-02-23 16:00:00.000
1708732800000,0.0001,2024-02-24 00:00:00.000
1708761600001,0.0001,2024-02-24 08:00:00.001
1708790400000,0.0001,2024-02-24 16:00:00.000
1708819200001,0.0001,2024-02-25 00:00:00.001
1708848000000,0.0001,2024-02-25 08:00:00.000
1708876800000,0.0001,2024-02-25 16:00:00.000
1708905600000,0.0001,2024-02-26 00:00:00.000
1708934400000,0.0001,2024-02-26 08:00:00.000
1708963200000,0.0001,2024-02-26 16:00:00.000
1708992000000,0.0001,2024-02-27 00:00:00.000
1709020800000,0.0001,2024-02-27 08:00:00.000
1709049600000,0.0001,2024-02-27 16:00:00.000
1709078400000,0.0001,2024-02-28 00:00:00.000
1709107200000,0.0001,2024-02-28 08:00:00.000
1709136000000,0.0001,2024-02-28 16:00:00.000
1709164800000,0.0001,2024-02-29 00:00:00.000
1709193600000,0.0001,2024-02-29 08:00:00.000
1709222400000,0.0001,2024-02-29 16:00:00.000
1709251200000,0.0001,2024-03-01 00:00:00.000
1709280000000,0.0001,2024-03-01 08:00:00.000
1709308800000,0.0001,2024-03-01 16:00:00.000
1709337600000,0.0001,2024-03-02 00:00:00.000
1709366400001,0.0001,2024-03-02 08:00:00.001
1709395200000,0.0001,2024-03-02 16:00:00.000
1709424000000,0.0001,2024-03-03 00:00:00.000
1709452800000,0.0001,2024-03-03 08:00:00.000
1709481600000,0.0001,2024-03-03 16:00:00.000
1709510400000,0.0001,2024-03-04 00:00:00.000
1709539200000,0.0001,2024-03-04 08:00:00.000
1709568000000,0.0001,2024-03-04 16:00:00.000
1709596800000,0.0001,2024-03-05 00:00:00.000
1709625600000,0.0001,2024-03-05 08:00:00.000
1709654400000,0.0001,2024-03-05 16:00:00.000
1709683200000,0.0001,2024-03-06 00:00:00.000
1709712000001,0.0001,2024-03-06 08:00:00.001
1709740800000,0.0001,2024-03-06 16:00:00.000
1709769600000,0.0001,2024-03-07 00:00:00.000
1709798400000,0.0001,2024-03-07 08:00:00.000
1709827200000,0.0001,2024-03-07 16:00:00.000
1709856000000,0.0001,2024-03-08 00:00:00.000
1709884800000,0.0001,2024-03-08 08:00:00.000
1709913600000,0.0001,2024-03-08 16:00:00.000
1709942400000,0.0001,2024-03-09 00:00:00.000
1709971200001,0.0001,2024-03-09 08:00:00.001
1710000000000,0.0001,2024-03-09 16:00:00.000
1710028800000,0.0001,2024-03-10 00:00:00.000
1710057600000,0.0001,2024-03-10 08:00:00.000
1710086400000,0.0001,2024-03-10 16:00:00.000
1710115200000,0.0001,2024-03-11 00:00:00.000
1710144000000,0.0001,2024-03-11 08:00:00.000
1710172800000,0.0001,2024-03-11 16:00:00.000
1710201600000,0.0001,2024-03-12 00:00:00.000
1710230400000,0.0001,2024-03-12 08:00:00.000
1710259200000,0.0001,2024-03-12 16:00:00.000
1710288000000,0.0001,2024-03-13 00:00:00.000
1710316800001,0.0001,2024-03-13 08:00:00.001
1710345600000,0.0001,2024-03-13 16:00:00.000
1710374400001,0.0001,2024-03-14 00:00:00.001
1710403200000,0.0001,2024-03-14 08:00:00.000
1710432000000,0.0001,2024-03-14 16:00:00.000
1710460800000,0.0001,2024-03-15 00:00:00.000
1710489600000,0.0001,2024-03-15 08:00:00.000
1710518400000,0.0001,2024-03-15 16:00:00.000
1710547200000,0.0001,2024-03-16 00:00:00.000
1710576000000,0.0001,2024-03-16 08:00:00.000
1710604800000,0.0001,2024-03-16 16:00:00.000
1710633600000,0.0001,2024-03-17 00:00:00.000
1710662400000,0.0001,2024-03-17 08:00:00.000
1710691200000,0.0001,2024-03-17 16:00:00.000
1710720000000,0.0001,2024-03-18 00:00:00.000
1710748800000,0.0001,2024-03-18 08:00:00.000
1710777600001,0.0001,2024-03-18 16:00:00.001
1710806400000,0.0001,2024-03-19 00:00:00.000
1710835200000,0.0001,2024-03-19 08:00:00.000
1710864000001,0.0001,2024-03-19 16:00:00.001
1710892800000,0.0001,2024-03-20 00:00:00.000
1710921600004,0.0001,2024-03-20 08:00:00.004
1710950400000,0.0001,2024-03-20 16:00:00.000
1710979200000,0.0001,2024-03-21 00:00:00.000
1711008000000,0.0001,2024-03-21 08:00:00.000
1711036800000,0.0001,2024-03-21 16:00:00.000
1711065600000,0.0001,2024-03-22 00:00:00.000
1711094400000,0.0001,2024-03-22 08:00:00.000
1711123200000,0.0001,2024-03-22 16:00:00.000
1711152000000,0.0001,2024-03-23 00:00:00.000
1711180800000,0.0001,2024-03-23 08:00:00.000
1711209600000,0.0001,2024-03-23 16:00:00.000
1711238400000,0.0001,2024-03-24 00:00:00.000
1711267200000,0.0001,2024-03-24 08:00:00.000
1711296000000,0.0001,2024-03-24 16:00:00.000
1711324800000,0.0001,2024-03-25 00:00:00.000
1711353600001,0.0001,2024-03-25 08:00:00.001
1711382400000,0.0001,2024-03-25 16:00:00.000
1711411200000,0.0001,2024-03-26 00:00:00.000
1711440000000,0.0001,2024-03-26 08:00:00.000
1711468800000,0.0001,2024-03-26 16:00:00.000
1711497600000,0.0001,2024-03-27 00:00:00.000
1711526400001,0.0001,2024-03-27 08:00:00.001
1711555200000,0.0001,2024-03-27 16:00:00.000
1711584000000,0.0001,2024-03-28 00:00:00.000
1711612800000,0.0001,2024-03-28 08:00:00.000
1711641600000,0.0001,2024-03-28 16:00:00.000
1711670400000,0.0001,2024-03-29 00:00:00.000
1711699200000,0.0001,2024-03-29 08:00:00.000
1711728000000,0.0001,2024-03-29 16:00:00.000
1711756800000,0.0001,2024-03-30 00:00:00.000
1711785600000,0.0001,2024-03-30 08:00:00.000
1711814400000,0.0001,2024-03-30 16:00:00.000
1711843200000,0.0001,2024-03-31 00:00:00.000
1711872000000,0.0001,2024-03-31 08:00:00.000
1711900800001,0.0001,2024-03-31 16:00:00.001
1711929600000,0.0001,2024-04-01 00:00:00.000
1711958400000,0.0001,2024-04-01 08:00:00.000
1711987200000,0.0001,2024-04-01 16:00:00.000
1712016000007,0.0001,2024-04-02 00:00:00.007
1712044800015,0.0001,2024-04-02 08:00:00.015
1712073600000,0.0001,2024-04-02 16:00:00.000
1712102400000,0.0001,2024-04-03 00:00:00.000
1712131200000,0.0001,2024-04-03 08:00:00.000
1712160000000,0.0001,2024-04-03 16:00:00.000
1712188800000,0.0001,2024-04-04 00:00:00.000
1712217600000,0.0001,2024-04-04 08:00:00.000
1712246400000,0.0001,2024-04-04 16:00:00.000
1712275200000,0.0001,2024-04-05 00:00:00.000
1712304000000,0.0001,2024-04-05 08:00:00.000
1712332800000,0.0001,2024-04-05 16:00:00.000
1712361600000,0.0001,2024-04-06 00:00:00.000
1712390400000,0.0001,2024-04-06 08:00:00.000
1712419200000,0.0001,2024-04-06 16:00:00.000
1712448000000,0.0001,2024-04-07 00:00:00.000
1712476800000,0.0001,2024-04-07 08:00:00.000
1712505600000,0.0001,2024-04-07 16:00:00.000
1712534400001,0.0001,2024-04-08 00:00:00.001
1712563200000,0.0001,2024-04-08 08:00:00.000
1712592000006,0.0001,2024-04-08 16:00:00.006
1712620800000,0.0001,2024-04-09 00:00:00.000
1712649600001,0.0001,2024-04-09 08:00:00.001
1712678400001,0.0001,2024-04-09 16:00:00.001
1712707200000,0.0001,2024-04-10 00:00:00.000
1712736000001,0.0001,2024-04-10 08:00:00.001
1712764800000,0.0001,2024-04-10 16:00:00.000
1712793600000,0.0001,2024-04-11 00:00:00.000
1712822400000,0.0001,2024-04-11 08:00:00.000
1712851200000,0.0001,2024-04-11 16:00:00.000
1712880000000,0.0001,2024-04-12 00:00:00.000
1712908800001,0.0001,2024-04-12 08:00:00.001
1712937600000,0.0001,2024-04-12 16:00:00.000
1712966400000,0.0001,2024-04-13 00:00:00.000
1712995200000,0.0001,2024-04-13 08:00:00.000
1713024000001,0.0001,2024-04-13 16:00:00.001
1713052800000,0.0001,2024-04-14 00:00:00.000
1713081600000,0.0001,2024-04-14 08:00:00.000
1713110400000,0.0001,2024-04-14 16:00:00.000
1713139200000,0.0001,2024-04-15 00:00:00.000
1713168000001,0.0001,2024-04-15 08:00:00.001
1713196800000,0.0001,2024-04-15 16:00:00.000
1713225600001,0.0001,2024-04-16 00:00:00.001
1713254400000,0.0001,2024-04-16 08:00:00.000
1713283200000,0.0001,2024-04-16 16:00:00.000
1713312000000,0.0001,2024-04-17 00:00:00.000
1713340800000,0.0001,2024-04-17 08:00:00.000
1713369600000,0.0001,2024-04-17 16:00:00.000
1713398400000,0.0001,2024-04-18 00:00:00.000
1713427200000,0.0001,2024-04-18 08:00:00.000
1713456000000,0.0001,2024-04-18 16:00:00.000
1713484800001,0.0001,2024-04-19 00:00:00.001
1713513600000,0.0001,2024-04-19 08:00:00.000
1713542400000,0.0001,2024-04-19 16:00:00.000
1713571200000,0.0001,2024-04-20 00:00:00.000
1713600000000,0.0001,2024-04-20 08:00:00.000
1713628800000,0.0001,2024-04-20 16:00:00.000
1713657600000,0.0001,2024-04-21 00:00:00.000
1713686400000,0.0001,2024-04-21 08:00:00.000
1713715200000,0.0001,2024-04-21 16:00:00.000
1713744000000,0.0001,2024-04-22 00:00:00.000
1713772800000,0.0001,2024-04-22 08:00:00.000
1713801600000,0.0001,2024-04-22 16:00:00.000
1713830400000,0.0001,2024-04-23 00:00:00.000
1713859200000,0.0001,2024-04-23 08:00:00.000
1713888000001,0.0001,2024-04-23 16:00:00.001
1713916800000,0.0001,2024-04-24 00:00:00.000
1713945600000,0.0001,2024-04-24 08:00:00.000
1713974400000,0.0001,2024-04-24 16:00:00.000
1714003200000,0.0001,2024-04-25 00:00:00.000
1714032000000,0.0001,2024-04-25 08:00:00.000
1714060800010,0.0001,2024-04-25 16:00:00.010
1714089600001,0.0001,2024-04-26 00:00:00.001
1714118400000,0.0001,2024-04-26 08:00:00.000
1714147200000,0.0001,2024-04-26 16:00:00.000
1714176000000,0.0001,2024-04-27 00:00:00.000
1714204800001,0.0001,2024-04-27 08:00:00.001
1714233600000,0.0001,2024-04-27 16:00:00.000
1714262400000,0.0001,2024-04-28 00:00:00.000
1714291200000,0.0001,2024-04-28 08:00:00.000
1714320000000,0.0001,2024-04-28 16:00:00.000
1714348800000,0.0001,2024-04-29 00:00:00.000
1714377600000,0.0001,2024-04-29 08:00:00.000
1714406400000,0.0001,2024-04-29 16:00:00.000
1714435200000,0.0001,2024-04-30 00:00:00.000
1714464000000,0.0001,2024-04-30 08:00:00.000
1714492800000,0.0001,2024-04-30 16:00:00.000
1714521600000,0.0001,2024-05-01 00:00:00.000
1714550400000,0.0001,2024-05-01 08:00:00.000
1714579200000,0.0001,2024-05-01 16:00:00.000
1714608000000,0.0001,2024-05-02 00:00:00.000
1714636800000,0.0001,2024-05-02 08:00:00.000
1714665600002,0.0001,2024-05-02 16:00:00.002
1714694400000,0.0001,2024-05-03 00:00:00.000
1714723200000,0.0001,2024-05-03 08:00:00.000
1714752000000,0.0001,2024-05-03 16:00:00.000
1714780800000,0.0001,2024-05-04 00:00:00.000
1714809600000,0.0001,2024-05-04 08:00:00.000
1714838400000,0.0001,2024-05-04 16:00:00.000
1714867200000,0.0001,2024-05-05 00:00:00.000
1714896000000,0.0001,2024-05-05 08:00:00.000
1714924800000,0.0001,2024-05-05 16:00:00.000
1714953600000,0.0001,2024-05-06 00:00:00.000
1714982400000,0.0001,2024-05-06 08:00:00.000
1715011200000,0.0001,2024-05-06 16:00:00.000
1715040000000,0.0001,2024-05-07 00:00:00.000
1715068800000,0.0001,2024-05-07 08:00:00.000
1715097600000,0.0001,2024-05-07 16:00:00.000
1715126400000,0.0001,2024-05-08 00:00:00.000
1715155200000,0.0001,2024-05-08 08:00:00.000
1715184000000,0.0001,2024-05-08 16:00:00.000
1715212800000,0.0001,2024-05-09 00:00:00.000
1715241600000,0.0001,2024-05-09 08:00:00.000
1715270400000,0.0001,2024-05-09 16:00:00.000
1715299200000,0.0001,2024-05-10 00:00:00.000
1715328000000,0.0001,2024-05-10 08:00:00.000
1715356800000,0.0001,2024-05-10 16:00:00.000
1715385600000,0.0001,2024-05-11 00:00:00.000
1715414400000,0.0001,2024-05-11 08:00:00.000
1715443200000,0.0001,2024-05-11 16:00:00.000
1715472000000,0.0001,2024-05-12 00:00:00.000
1715500800000,0.0001,2024-05-12 08:00:00.000
1715529600000,0.0001,2024-05-12 16:00:00.000
1715558400001,0.0001,2024-05-13 00:00:00.001
1715587200001,0.0001,2024-05-13 08:00:00.001
1715616000000,0.0001,2024-05-13 16:00:00.000
1715644800000,0.0001,2024-05-14 00:00:00.000
1715673600000,0.0001,2024-05-14 08:00:00.000
1715702400000,0.0001,2024-05-14 16:00:00.000
1715731200000,0.0001,2024-05-15 00:00:00.000
1715760000000,0.0001,2024-05-15 08:00:00.000
1715788800000,0.0001,2024-05-15 16:00:00.000
1715817600004,0.0001,2024-05-16 00:00:00.004
1715846400000,0.0001,2024-05-16 08:00:00.000
1715875200000,0.0001,2024-05-16 16:00:00.000
1715904000000,0.0001,2024-05-17 00:00:00.000
1715932800000,0.0001,2024-05-17 08:00:00.000
1715961600000,0.0001,2024-05-17 16:00:00.000
1715990400000,0.0001,2024-05-18 00:00:00.000
1716019200000,0.0001,2024-05-18 08:00:00.000
1716048000000,0.0001,2024-05-18 16:00:00.000
1716076800000,0.0001,2024-05-19 00:00:00.000
1716105600000,0.0001,2024-05-19 08:00:00.000
1716134400000,0.0001,2024-05-19 16:00:00.000
1716163200000,0.0001,2024-05-20 00:00:00.000
1716192000000,0.0001,2024-05-20 08:00:00.000
1716220800003,0.0001,2024-05-20 16:00:00.003
1716249600000,0.0001,2024-05-21 00:00:00.000
1716278400001,0.0001,2024-05-21 08:00:00.001
1716307200000,0.0001,2024-05-21 16:00:00.000
1716336000000,0.0001,2024-05-22 00:00:00.000
1716364800000,0.0001,2024-05-22 08:00:00.000
1716393600000,0.0001,2024-05-22 16:00:00.000
1716422400000,0.0001,2024-05-23 00:00:00.000
1716451200000,0.0001,2024-05-23 08:00:00.000
1716480000000,0.0001,2024-05-23 16:00:00.000
1716508800000,0.0001,2024-05-24 00:00:00.000
1716537600000,0.0001,2024-05-24 08:00:00.000
1716566400000,0.0001,2024-05-24 16:00:00.000
1716595200000,0.0001,2024-05-25 00:00:00.000
1716624000000,0.0001,2024-05-25 08:00:00.000
1716652800000,0.0001,2024-05-25 16:00:00.000
1716681600000,0.0001,2024-05-26 00:00:00.000
1716710400000,0.0001,2024-05-26 08:00:00.000
1716739200000,0.0001,2024-05-26 16:00:00.000
1716768000000,0.0001,2024-05-27 00:00:00.000
1716796800000,0.0001,2024-05-27 08:00:00.000
1716825600000,0.0001,2024-05-27 16:00:00.000
1716854400000,0.0001,2024-05-28 00:00:00.000
1716883200000,0.0001,2024-05-28 08:00:00.000
1716912000000,0.0001,2024-05-28 16:00:00.000
1716940800001,0.0001,2024-05-29 00:00:00.001
1716969600000,0.0001,2024-05-29 08:00:00.000
1716998400000,0.0001,2024-05-29 16:00:00.000
1717027200000,0.0001,2024-05-30 00:00:00.000
1717056000000,0.0001,2024-05-30 08:00:00.000
1717084800000,0.0001,2024-05-30 16:00:00.000
1717113600000,0.0001,2024-05-31 00:00:00.000
1717142400000,0.0001,2024-05-31 08:00:00.000
1717171200000,0.0001,2024-05-31 16:00:00.000
1717200000000,0.0001,2024-06-01 00:00:00.000
1717228800000,0.0001,2024-06-01 08:00:00.000
1717257600001,0.0001,2024-06-01 16:00:00.001
1717286400000,0.0001,2024-06-02 00:00:00.000
1717315200000,0.0001,2024-06-02 08:00:00.000
1717344000000,0.0001,2024-06-02 16:00:00.000
1717372800000,0.0001,2024-06-03 00:00:00.000
1717401600000,0.0001,2024-06-03 08:00:00.000
1717430400000,0.0001,2024-06-03 16:00:00.000
1717459200000,0.0001,2024-06-04 00:00:00.000
1717488000000,0.0001,2024-06-04 08:00:00.000
1717516800000,0.0001,2024-06-04 16:00:00.000
1717545600000,0.0001,2024-06-05 00:00:00.000
1717574400000,0.0001,2024-06-05 08:00:00.000
1717603200000,0.0001,2024-06-05 16:00:00.000
1717632000000,0.0001,2024-06-06 00:00:00.000
1717660800008,0.0001,2024-06-06 08:00:00.008
1717689600000,0.0001,2024-06-06 16:00:00.000
1717718400000,0.0001,2024-06-07 00:00:00.000
1717747200000,0.0001,2024-06-07 08:00:00.000
1717776000000,0.0001,2024-06-07 16:00:00.000
1717804800000,0.0001,2024-06-08 00:00:00.000
1717833600000,0.0001,2024-06-08 08:00:00.000
1717862400000,0.0001,2024-06-08 16:00:00.000
1717891200000,0.0001,2024-06-09 00:00:00.000
1717920000000,0.0001,2024-06-09 08:00:00.000
1717948800001,0.0001,2024-06-09 16:00:00.001
1717977600000,0.0001,2024-06-10 00:00:00.000
1718006400000,0.0001,2024-06-10 08:00:00.000
1718035200001,0.0001,2024-06-10 16:00:00.001
1718064000001,0.0001,2024-06-11 00:00:00.001
1718092800000,0.0001,2024-06-11 08:00:00.000
1718121600000,0.0001,2024-06-11 16:00:00.000
1718150400000,0.0001,2024-06-12 00:00:00.000
1718179200000,0.0001,2024-06-12 08:00:00.000
1718208000000,0.0001,2024-06-12 16:00:00.000
1718236800000,0.0001,2024-06-13 00:00:00.000
1718265600001,0.0001,2024-06-13 08:00:00.001
1718294400000,0.0001,2024-06-13 16:00:00.000
1718323200000,0.0001,2024-06-14 00:00:00.000
1718352000000,0.0001,2024-06-14 08:00:00.000
1718380800000,0.0001,2024-06-14 16:00:00.000
1718409600000,0.0001,2024-06-15 00:00:00.000
1718438400000,0.0001,2024-06-15 08:00:00.000
1718467200000,0.0001,2024-06-15 16:00:00.000
1718496000001,0.0001,2024-06-16 00:00:00.001
1718524800000,0.0001,2024-06-16 08:00:00.000
1718553600000,0.0001,2024-06-16 16:00:00.000
1718582400000,0.0001,2024-06-17 00:00:00.000
1718611200000,0.0001,2024-06-17 08:00:00.000
1718640000000,0.0001,2024-06-17 16:00:00.000
1718668800000,0.0001,2024-06-18 00:00:00.000
1718697600000,0.0001,2024-06-18 08:00:00.000
1718726400000,0.0001,2024-06-18 16:00:00.000
1718755200001,0.0001,2024-06-19 00:00:00.001
1718784000001,0.0001,2024-06-19 08:00:00.001
1718812800000,0.0001,2024-06-19 16:00:00.000
1718841600000,0.0001,2024-06-20 00:00:00.000
1718870400000,0.0001,2024-06-20 08:00:00.000
1718899200000,0.0001,2024-06-20 16:00:00.000
1718928000000,0.0001,2024-06-21 00:00:00.000
1718956800000,0.0001,2024-06-21 08:00:00.000
1718985600000,0.0001,2024-06-21 16:00:00.000
1719014400000,0.0001,2024-06-22 00:00:00.000
1719043200000,0.0001,2024-06-22 08:00:00.000
1719072000000,0.0001,2024-06-22 16:00:00.000
1719100800000,0.0001,2024-06-23 00:00:00.000
1719129600000,0.0001,2024-06-23 08:00:00.000
1719158400000,0.0001,2024-06-23 16:00:00.000
1719187200002,0.0001,2024-06-24 00:00:00.002
1719216000000,0.0001,2024-06-24 08:00:00.000
1719244800000,0.0001,2024-06-24 16:00:00.000
1719273600000,0.0001,2024-06-25 00:00:00.000
1719302400000,0.0001,2024-06-25 08:00:00.000
1719331200000,0.0001,2024-06-25 16:00:00.000
1719360000002,0.0001,2024-06-26 00:00:00.002
1719388800000,0.0001,2024-06-26 08:00:00.000
1719417600000,0.0001,2024-06-26 16:00:00.000
1719446400000,0.0001,2024-06-27 00:00:00.000
1719475200001,0.0001,2024-06-27 08:00:00.001
1719504000000,0.0001,2024-06-27 16:00:00.000
1719532800000,0.0001,2024-06-28 00:00:00.000
1719561600000,0.0001,2024-06-28 08:00:00.000
1719590400000,0.0001,2024-06-28 16:00:00.000
1719619200001,0.0001,2024-06-29 00:00:00.001
1719648000000,0.0001,2024-06-29 08:00:00.000
1719676800000,0.0001,2024-06-29 16:00:00.000
1719705600000,0.0001,2024-06-30 00:00:00.000
1719734400000,0.0001,2024-06-30 08:00:00.000
1719763200000,0.0001,2024-06-30 16:00:00.000
1719792000000,0.0001,2024-07-01 00:00:00.000
1719820800000,0.0001,2024-07-01 08:00:00.000
1719849600001,0.0001,2024-07-01 16:00:00.001
1719878400000,0.0001,2024-07-02 00:00:00.000
1719907200000,0.0001,2024-07-02 08:00:00.000
1719936000000,0.0001,2024-07-02 16:00:00.000
1719964800000,0.0001,2024-07-03 00:00:00.000
1719993600001,0.0001,2024-07-03 08:00:00.001
1720022400000,0.0001,2024-07-03 16:00:00.000
1720051200000,0.0001,2024-07-04 00:00:00.000
1720080000000,0.0001,2024-07-04 08:00:00.000
1720108800000,0.0001,2024-07-04 16:00:00.000
1720137600000,0.0001,2024-07-05 00:00:00.000
1720166400000,0.0001,2024-07-05 08:00:00.000
1720195200000,0.0001,2024-07-05 16:00:00.000
1720224000000,0.0001,2024-07-06 00:00:00.000
1720252800000,0.0001,2024-07-06 08:00:00.000
1720281600000,0.0001,2024-07-06 16:00:00.000
1720310400001,0.0001,2024-07-07 00:00:00.001
1720339200000,0.0001,2024-07-07 08:00:00.000
1720368000000,0.0001,2024-07-07 16:00:00.000
1720396800000,0.0001,2024-07-08 00:00:00.000
1720425600000,0.0001,2024-07-08 08:00:00.000
1720454400000,0.0001,2024-07-08 16:00:00.000
1720483200000,0.0001,2024-07-09 00:00:00.000
1720512000001,0.0001,2024-07-09 08:00:00.001
1720540800000,0.0001,2024-07-09 16:00:00.000
1720569600000,0.0001,2024-07-10 00:00:00.000
1720598400000,0.0001,2024-07-10 08:00:00.000
1720627200000,0.0001,2024-07-10 16:00:00.000
1720656000002,0.0001,2024-07-11 00:00:00.002
1720684800002,0.0001,2024-07-11 08:00:00.002
1720713600004,0.0001,2024-07-11 16:00:00.004
1720742400000,0.0001,2024-07-12 00:00:00.000
1720771200000,0.0001,2024-07-12 08:00:00.000
1720800000000,0.0001,2024-07-12 16:00:00.000
1720828800000,0.0001,2024-07-13 00:00:00.000
1720857600000,0.0001,2024-07-13 08:00:00.000
1720886400000,0.0001,2024-07-13 16:00:00.000
1720915200000,0.0001,2024-07-14 00:00:00.000
1720944000000,0.0001,2024-07-14 08:00:00.000
1720972800000,0.0001,2024-07-14 16:00:00.000
1721001600000,0.0001,2024-07-15 00:00:00.000
1721030400000,0.0001,2024-07-15 08:00:00.000
1721059200000,0.0001,2024-07-15 16:00:00.000
1721088000000,0.0001,2024-07-16 00:00:00.000
1721116800000,0.0001,2024-07-16 08:00:00.000
1721145600000,0.0001,2024-07-16 16:00:00.000
1721174400000,0.0001,2024-07-17 00:00:00.000
1721203200001,0.0001,2024-07-17 08:00:00.001
1721232000000,0.0001,2024-07-17 16:00:00.000
1721260800000,0.0001,2024-07-18 00:00:00.000
1721289600000,0.0001,2024-07-18 08:00:00.000
1721318400000,0.0001,2024-07-18 16:00:00.000
1721347200000,0.0001,2024-07-19 00:00:00.000
1721376000000,0.0001,2024-07-19 08:00:00.000
1721404800000,0.0001,2024-07-19 16:00:00.000
1721433600001,0.0001,2024-07-20 00:00:00.001
1721462400000,0.0001,2024-07-20 08:00:00.000
1721491200000,0.0001,2024-07-20 16:00:00.000
1721520000000,0.0001,2024-07-21 00:00:00.000
1721548800000,0.0001,2024-07-21 08:00:00.000
1721577600000,0.0001,2024-07-21 16:00:00.000
1721606400000,0.0001,2024-07-22 00:00:00.000
1721635200000,0.0001,2024-07-22 08:00:00.000
1721664000000,0.0001,2024-07-22 16:00:00.000
1721692800000,0.0001,2024-07-23 00:00:00.000
1721721600000,0.0001,2024-07-23 08:00:00.000
1721750400000,0.0001,2024-07-23 16:00:00.000
1721779200000,0.0001,2024-07-24 00:00:00.000
1721808000000,0.0001,2024-07-24 08:00:00.000
1721836800000,0.0001,2024-07-24 16:00:00.000
1721865600000,0.0001,2024-07-25 00:00:00.000
1721894400000,0.0001,2024-07-25 08:00:00.000
1721923200000,0.0001,2024-07-25 16:00:00.000
1721952000000,0.0001,2024-07-26 00:00:00.000
1721980800000,0.0001,2024-07-26 08:00:00.000
1722009600000,0.0001,2024-07-26 16:00:00.000
1722038400000,0.0001,2024-07-27 00:00:00.000
1722067200000,0.0001,2024-07-27 08:00:00.000
1722096000000,0.0001,2024-07-27 16:00:00.000
1722124800000,0.0001,2024-07-28 00:00:00.000
1722153600000,0.0001,2024-07-28 08:00:00.000
1722182400001,0.0001,2024-07-28 16:00:00.001
1722211200001,0.0001,2024-07-29 00:00:00.001
1722240000000,0.0001,2024-07-29 08:00:00.000
1722268800001,0.0001,2024-07-29 16:00:00.001
1722297600000,0.0001,2024-07-30 00:00:00.000
1722326400001,0.0001,2024-07-30 08:00:00.001
1722355200000,0.0001,2024-07-30 16:00:00.000
1722384000000,0.0001,2024-07-31 00:00:00.000
1722412800000,0.0001,2024-07-31 08:00:00.000
1722441600000,0.0001,2024-07-31 16:00:00.000
1722470400000,0.0001,2024-08-01 00:00:00.000
1722499200000,0.0001,2024-08-01 08:00:00.000
1722528000000,0.0001,2024-08-01 16:00:00.000
1722556800000,0.0001,2024-08-02 00:00:00.000
1722585600001,0.0001,2024-08-02 08:00:00.001
1722614400000,0.0001,2024-08-02 16:00:00.000
1722643200000,0.0001,2024-08-03 00:00:00.000
1722672000000,0.0001,2024-08-03 08:00:00.000
1722700800001,0.0001,2024-08-03 16:00:00.001
1722729600000,0.0001,2024-08-04 00:00:00.000
1722758400000,0.0001,2024-08-04 08:00:00.000
1722787200000,0.0001,2024-08-04 16:00:00.000
1722816000000,0.0001,2024-08-05 00:00:00.000
1722844800000,0.0001,2024-08-05 08:00:00.000
1722873600000,0.0001,2024-08-05 16:00:00.000
1722902400000,0.0001,2024-08-06 00:00:00.000
1722931200000,0.0001,2024-08-06 08:00:00.000
1722960000000,0.0001,2024-08-06 16:00:00.000
1722988800000,0.0001,2024-08-07 00:00:00.000
1723017600001,0.0001,2024-08-07 08:00:00.001
1723046400000,0.0001,2024-08-07 16:00:00.000
1723075200001,0.0001,2024-08-08 00:00:00.001
1723104000000,0.0001,2024-08-08 08:00:00.000
1723132800000,0.0001,2024-08-08 16:00:00.000
1723161600000,0.0001,2024-08-09 00:00:00.000
1723190400000,0.0001,2024-08-09 08:00:00.000
1723219200000,0.0001,2024-08-09 16:00:00.000
1723248000000,0.0001,2024-08-10 00:00:00.000
1723276800000,0.0001,2024-08-10 08:00:00.000
1723305600000,0.0001,2024-08-10 16:00:00.000
1723334400000,0.0001,2024-08-11 00:00:00.000
1723363200000,0.0001,2024-08-11 08:00:00.000
1723392000001,0.0001,2024-08-11 16:00:00.001
1723420800000,0.0001,2024-08-12 00:00:00.000
1723449600000,0.0001,2024-08-12 08:00:00.000
1723478400000,0.0001,2024-08-12 16:00:00.000
1723507200000,0.0001,2024-08-13 00:00:00.000
1723536000000,0.0001,2024-08-13 08:00:00.000
1723564800000,0.0001,2024-08-13 16:00:00.000
1723593600000,0.0001,2024-08-14 00:00:00.000
1723622400000,0.0001,2024-08-14 08:00:00.000
1723651200000,0.0001,2024-08-14 16:00:00.000
1723680000000,0.0001,2024-08-15 00:00:00.000
1723708800000,0.0001,2024-08-15 08:00:00.000
1723737600000,0.0001,2024-08-15 16:00:00.000
1723766400000,0.0001,2024-08-16 00:00:00.000
1723795200000,0.0001,2024-08-16 08:00:00.000
1723824000000,0.0001,2024-08-16 16:00:00.000
1723852800000,0.0001,2024-08-17 00:00:00.000
1723881600000,0.0001,2024-08-17 08:00:00.000
1723910400000,0.0001,2024-08-17 16:00:00.000
1723939200000,0.0001,2024-08-18 00:00:00.000
1723968000000,0.0001,2024-08-18 08:00:00.000
1723996800000,0.0001,2024-08-18 16:00:00.000
1724025600000,0.0001,2024-08-19 00:00:00.000
1724054400000,0.0001,2024-08-19 08:00:00.000
1724083200002,0.0001,2024-08-19 16:00:00.002
1724112000000,0.0001,2024-08-20 00:00:00.000
1724140800000,0.0001,2024-08-20 08:00:00.000
1724169600001,0.0001,2024-08-20 16:00:00.001
1724198400001,0.0001,2024-08-21 00:00:00.001
1724227200000,0.0001,2024-08-21 08:00:00.000
1724256000001,0.0001,2024-08-21 16:00:00.001
1724284800000,0.0001,2024-08-22 00:00:00.000
1724313600000,0.0001,2024-08-22 08:00:00.000
1724342400008,0.0001,2024-08-22 16:00:00.008
1724371200000,0.0001,2024-08-23 00:00:00.000
1724400000000,0.0001,2024-08-23 08:00:00.000
1724428800000,0.0001,2024-08-23 16:00:00.000
1724457600000,0.0001,2024-08-24 00:00:00.000
1724486400005,0.0001,2024-08-24 08:00:00.005
1724515200000,0.0001,2024-08-24 16:00:00.000
1724544000000,0.0001,2024-08-25 00:00:00.000
1724572800000,0.0001,2024-08-25 08:00:00.000
1724601600000,0.0001,2024-08-25 16:00:00.000
1724630400000,0.0001,2024-08-26 00:00:00.000
1724659200001,0.0001,2024-08-26 08:00:00.001
1724688000000,0.0001,2024-08-26 16:00:00.000
1724716800001,0.0001,2024-08-27 00:00:00.001
1724745600000,0.0001,2024-08-27 08:00:00.000
1724774400000,0.0001,2024-08-27 16:00:00.000
1724803200000,0.0001,2024-08-28 00:00:00.000
1724832000000,0.0001,2024-08-28 08:00:00.000
1724860800001,0.0001,2024-08-28 16:00:00.001
1724889600000,0.0001,2024-08-29 00:00:00.000
1724918400001,0.0001,2024-08-29 08:00:00.001
1724947200000,0.0001,2024-08-29 16:00:00.000
1724976000000,0.0001,2024-08-30 00:00:00.000
1725004800000,0.0001,2024-08-30 08:00:00.000
1725033600000,0.0001,2024-08-30 16:00:00.000
1725062400000,0.0001,2024-08-31 00:00:00.000
1725091200000,0.0001,2024-08-31 08:00:00.000
1725120000000,0.0001,2024-08-31 16:00:00.000
1725148800000,0.0001,2024-09-01 00:00:00.000
1725177600001,0.0001,2024-09-01 08:00:00.001
1725206400000,0.0001,2024-09-01 16:00:00.000
1725235200001,0.0001,2024-09-02 00:00:00.001
1725264000001,0.0001,2024-09-02 08:00:00.001
1725292800000,0.0001,2024-09-02 16:00:00.000
1725321600000,0.0001,2024-09-03 00:00:00.000
1725350400001,0.0001,2024-09-03 08:00:00.001
1725379200000,0.0001,2024-09-03 16:00:00.000
1725408000000,0.0001,2024-09-04 00:00:00.000
1725436800000,0.0001,2024-09-04 08:00:00.000
1725465600000,0.0001,2024-09-04 16:00:00.000
1725494400000,0.0001,2024-09-05 00:00:00.000
1725523200000,0.0001,2024-09-05 08:00:00.000
1725552000005,0.0001,2024-09-05 16:00:00.005
1725580800000,0.0001,2024-09-06 00:00:00.000
1725609600001,0.0001,2024-09-06 08:00:00.001
1725638400000,0.0001,2024-09-06 16:00:00.000
1725667200000,0.0001,2024-09-07 00:00:00.000
1725696000000,0.0001,2024-09-07 08:00:00.000
1725724800000,0.0001,2024-09-07 16:00:00.000
1725753600000,0.0001,2024-09-08 00:00:00.000
1725782400000,0.0001,2024-09-08 08:00:00.000
1725811200000,0.0001,2024-09-08 16:00:00.000
1725840000000,0.0001,2024-09-09 00:00:00.000
1725868800000,0.0001,2024-09-09 08:00:00.000
1725897600001,0.0001,2024-09-09 16:00:00.001
1725926400000,0.0001,2024-09-10 00:00:00.000
1725955200000,0.0001,2024-09-10 08:00:00.000
1725984000000,0.0001,2024-09-10 16:00:00.000
1726012800000,0.0001,2024-09-11 00:00:00.000
1726041600000,0.0001,2024-09-11 08:00:00.000
1726070400000,0.0001,2024-09-11 16:00:00.000
1726099200000,0.0001,2024-09-12 00:00:00.000
1726128000000,0.0001,2024-09-12 08:00:00.000
1726156800000,0.0001,2024-09-12 16:00:00.000
1726185600000,0.0001,2024-09-13 00:00:00.000
1726214400001,0.0001,2024-09-13 08:00:00.001
1726243200001,0.0001,2024-09-13 16:00:00.001
1726272000000,0.0001,2024-09-14 00:00:00.000
1726300800000,0.0001,2024-09-14 08:00:00.000
1726329600001,0.0001,2024-09-14 16:00:00.001
1726358400000,0.0001,2024-09-15 00:00:00.000
1726387200000,0.0001,2024-09-15 08:00:00.000
1726416000000,0.0001,2024-09-15 16:00:00.000
1726444800000,0.0001,2024-09-16 00:00:00.000
1726473600001,0.0001,2024-09-16 08:00:00.001
1726502400000,0.0001,2024-09-16 16:00:00.000
1726531200001,0.0001,2024-09-17 00:00:00.001
1726560000000,0.0001,2024-09-17 08:00:00.000
1726588800000,0.0001,2024-09-17 16:00:00.000
1726617600000,0.0001,2024-09-18 00:00:00.000
1726646400000,0.0001,2024-09-18 08:00:00.000
1726675200004,0.0001,2024-09-18 16:00:00.004
1726704000000,0.0001,2024-09-19 00:00:00.000
1726732800000,0.0001,2024-09-19 08:00:00.000
1726761600001,0.0001,2024-09-19 16:00:00.001
1726790400000,0.0001,2024-09-20 00:00:00.000
1726819200001,0.0001,2024-09-20 08:00:00.001
1726848000000,0.0001,2024-09-20 16:00:00.000
1726876800001,0.0001,2024-09-21 00:00:00.001
1726905600000,0.0001,2024-09-21 08:00:00.000
1726934400000,0.0001,2024-09-21 16:00:00.000
1726963200000,0.0001,2024-09-22 00:00:00.000
1726992000000,0.0001,2024-09-22 08:00:00.000
1727020800000,0.0001,2024-09-22 16:00:00.000
1727049600000,0.0001,2024-09-23 00:00:00.000
1727078400000,0.0001,2024-09-23 08:00:00.000
1727107200000,0.0001,2024-09-23 16:00:00.000
1727136000000,0.0001,2024-09-24 00:00:00.000
1727164800000,0.0001,2024-09-24 08:00:00.000
1727193600001,0.0001,2024-09-24 16:00:00.001
1727222400000,0.0001,2024-09-25 00:00:00.000
1727251200003,0.0001,2024-09-25 08:00:00.003
1727280000000,0.0001,2024-09-25 16:00:00.000
1727308800005,0.0001,2024-09-26 00:00:00.005
1727337600000,0.0001,2024-09-26 08:00:00.000
1727366400000,0.0001,2024-09-26 16:00:00.000
1727395200000,0.0001,2024-09-27 00:00:00.000
1727424000000,0.0001,2024-09-27 08:00:00.000
1727452800000,0.0001,2024-09-27 16:00:00.000
1727481600000,0.0001,2024-09-28 00:00:00.000
1727510400001,0.0001,2024-09-28 08:00:00.001
1727539200000,0.0001,2024-09-28 16:00:00.000
1727568000001,0.0001,2024-09-29 00:00:00.001
1727596800000,0.0001,2024-09-29 08:00:00.000
1727625600000,0.0001,2024-09-29 16:00:00.000
1727654400000,0.0001,2024-09-30 00:00:00.000
1727683200001,0.0001,2024-09-30 08:00:00.001
1727712000000,0.0001,2024-09-30 16:00:00.000
1727740800000,0.0001,2024-10-01 00:00:00.000
1727769600000,0.0001,2024-10-01 08:00:00.000
1727798400001,0.0001,2024-10-01 16:00:00.001
1727827200000,0.0001,2024-10-02 00:00:00.000
1727856000000,0.0001,2024-10-02 08:00:00.000
1727884800000,0.0001,2024-10-02 16:00:00.000
1727913600000,0.0001,2024-10-03 00:00:00.000
1727942400000,0.0001,2024-10-03 08:00:00.000
1727971200000,0.0001,2024-10-03 16:00:00.000
1728000000000,0.0001,2024-10-04 00:00:00.000
1728028800000,0.0001,2024-10-04 08:00:00.000
1728057600001,0.0001,2024-10-04 16:00:00.001
1728086400000,0.0001,2024-10-05 00:00:00.000
1728115200000,0.0001,2024-10-05 08:00:00.000
1728144000000,0.0001,2024-10-05 16:00:00.000
1728172800000,0.0001,2024-10-06 00:00:00.000
1728201600001,0.0001,2024-10-06 08:00:00.001
1728230400000,0.0001,2024-10-06 16:00:00.000
1728259200000,0.0001,2024-10-07 00:00:00.000
1728288000000,0.0001,2024-10-07 08:00:00.000
1728316800001,0.0001,2024-10-07 16:00:00.001
1728345600000,0.0001,2024-10-08 00:00:00.000
1728374400000,0.0001,2024-10-08 08:00:00.000
1728403200000,0.0001,2024-10-08 16:00:00.000
1728432000000,0.0001,2024-10-09 00:00:00.000
1728460800000,0.0001,2024-10-09 08:00:00.000
1728489600000,0.0001,2024-10-09 16:00:00.000
1728518400000,0.0001,2024-10-10 00:00:00.000
1728547200000,0.0001,2024-10-10 08:00:00.000
1728576000000,0.0001,2024-10-10 16:00:00.000
1728604800000,0.0001,2024-10-11 00:00:00.000
1728633600000,0.0001,2024-10-11 08:00:00.000
1728662400001,0.0001,2024-10-11 16:00:00.001
1728691200000,0.0001,2024-10-12 00:00:00.000
1728720000001,0.0001,2024-10-12 08:00:00.001
1728748800000,0.0001,2024-10-12 16:00:00.000
1728777600000,0.0001,2024-10-13 00:00:00.000
1728806400000,0.0001,2024-10-13 08:00:00.000
1728835200000,0.0001,2024-10-13 16:00:00.000
1728864000000,0.0001,2024-10-14 00:00:00.000
1728892800000,0.0001,2024-10-14 08:00:00.000
1728921600000,0.0001,2024-10-14 16:00:00.000
1728950400000,0.0001,2024-10-15 00:00:00.000
1728979200000,0.0001,2024-10-15 08:00:00.000
1729008000000,0.0001,2024-10-15 16:00:00.000
1729036800000,0.0001,2024-10-16 00:00:00.000
1729065600001,0.0001,2024-10-16 08:00:00.001
1729094400000,0.0001,2024-10-16 16:00:00.000
1729123200000,0.0001,2024-10-17 00:00:00.000
1729152000000,0.0001,2024-10-17 08:00:00.000
1729180800001,0.0001,2024-10-17 16:00:00.001
1729209600010,0.0001,2024-10-18 00:00:00.010
1729238400001,0.0001,2024-10-18 08:00:00.001
1729267200000,0.0001,2024-10-18 16:00:00.000
1729296000000,0.0001,2024-10-19 00:00:00.000
1729324800000,0.0001,2024-10-19 08:00:00.000
1729353600000,0.0001,2024-10-19 16:00:00.000
1729382400000,0.0001,2024-10-20 00:00:00.000
1729411200000,0.0001,2024-10-20 08:00:00.000
1729440000000,0.0001,2024-10-20 16:00:00.000
1729468800000,0.0001,2024-10-21 00:00:00.000
1729497600000,0.0001,2024-10-21 08:00:00.000
1729526400000,0.0001,2024-10-21 16:00:00.000
1729555200000,0.0001,2024-10-22 00:00:00.000
1729584000000,0.0001,2024-10-22 08:00:00.000
1729612800000,0.0001,2024-10-22 16:00:00.000
1729641600000,0.0001,2024-10-23 00:00:00.000
1729670400000,0.0001,2024-10-23 08:00:00.000
1729699200000,0.0001,2024-10-23 16:00:00.000
1729728000000,0.0001,2024-10-24 00:00:00.000
1729756800000,0.0001,2024-10-24 08:00:00.000
1729785600000,0.0001,2024-10-24 16:00:00.000
1729814400000,0.0001,2024-10-25 00:00:00.000
1729843200000,0.0001,2024-10-25 08:00:00.000
1729872000000,0.0001,2024-10-25 16:00:00.000
1729900800000,0.0001,2024-10-26 00:00:00.000
1729929600001,0.0001,2024-10-26 08:00:00.001
1729958400000,0.0001,2024-10-26 16:00:00.000
1729987200000,0.0001,2024-10-27 00:00:00.000
1730016000000,0.0001,2024-10-27 08:00:00.000
1730044800000,0.0001,2024-10-27 16:00:00.000
1730073600000,0.0001,2024-10-28 00:00:00.000
1730102400001,0.0001,2024-10-28 08:00:00.001
1730131200000,0.0001,2024-10-28 16:00:00.000
1730160000000,0.0001,2024-10-29 00:00:00.000
1730188800000,0.0001,2024-10-29 08:00:00.000
1730217600004,0.0001,2024-10-29 16:00:00.004
1730246400000,0.0001,2024-10-30 00:00:00.000
1730275200000,0.0001,2024-10-30 08:00:00.000
1730304000013,0.0001,2024-10-30 16:00:00.013
1730332800000,0.0001,2024-10-31 00:00:00.000
1730361600000,0.0001,2024-10-31 08:00:00.000
1730390400000,0.0001,2024-10-31 16:00:00.000
1730419200000,0.0001,2024-11-01 00:00:00.000
1730448000000,0.0001,2024-11-01 08:00:00.000
1730476800000,0.0001,2024-11-01 16:00:00.000
1730505600000,0.0001,2024-11-02 00:00:00.000
1730534400000,0.0001,2024-11-02 08:00:00.000
1730563200000,0.0001,2024-11-02 16:00:00.000
1730592000000,0.0001,2024-11-03 00:00:00.000
1730620800000,0.0001,2024-11-03 08:00:00.000
1730649600000,0.0001,2024-11-03 16:00:00.000
1730678400000,0.0001,2024-11-04 00:00:00.000
1730707200000,0.0001,2024-11-04 08:00:00.000
1730736000000,0.0001,2024-11-04 16:00:00.000
1730764800000,0.0001,2024-11-05 00:00:00.000
1730793600003,0.0001,2024-11-05 08:00:00.003
1730822400001,0.0001,2024-11-05 16:00:00.001
1730851200000,0.0001,2024-11-06 00:00:00.000
1730880000000,0.0001,2024-11-06 08:00:00.000
1730908800000,0.0001,2024-11-06 16:00:00.000
1730937600000,0.0001,2024-11-07 00:00:00.000
1730966400000,0.0001,2024-11-07 08:00:00.000
1730995200000,0.0001,2024-11-07 16:00:00.000
1731024000000,0.0001,2024-11-08 00:00:00.000
1731052800000,0.0001,2024-11-08 08:00:00.000
1731081600000,0.0001,2024-11-08 16:00:00.000
1731110400000,0.0001,2024-11-09 00:00:00.000
1731139200000,0.0001,2024-11-09 08:00:00.000
1731168000000,0.0001,2024-11-09 16:00:00.000
1731196800000,0.0001,2024-11-10 00:00:00.000
1731225600000,0.0001,2024-11-10 08:00:00.000
1731254400000,0.0001,2024-11-10 16:00:00.000
1731283200001,0.0001,2024-11-11 00:00:00.001
1731312000000,0.0001,2024-11-11 08:00:00.000
1731340800000,0.0001,2024-11-11 16:00:00.000
1731369600002,0.0001,2024-11-12 00:00:00.002
1731398400000,0.0001,2024-11-12 08:00:00.000
1731427200000,0.0001,2024-11-12 16:00:00.000
1731456000000,0.0001,2024-11-13 00:00:00.000
1731484800010,0.0001,2024-11-13 08:00:00.010
1731513600000,0.0001,2024-11-13 16:00:00.000
1731542400001,0.0001,2024-11-14 00:00:00.001
1731571200000,0.0001,2024-11-14 08:00:00.000
1731600000000,0.0001,2024-11-14 16:00:00.000
1731628800000,0.0001,2024-11-15 00:00:00.000
1731657600000,0.0001,2024-11-15 08:00:00.000
1731686400000,0.0001,2024-11-15 16:00:00.000
1731715200001,0.0001,2024-11-16 00:00:00.001
1731744000001,0.0001,2024-11-16 08:00:00.001
1731772800000,0.0001,2024-11-16 16:00:00.000
1731801600000,0.0001,2024-11-17 00:00:00.000
1731830400000,0.0001,2024-11-17 08:00:00.000
1731859200001,0.0001,2024-11-17 16:00:00.001
1731888000000,0.0001,2024-11-18 00:00:00.000
1731916800000,0.0001,2024-11-18 08:00:00.000
1731945600000,0.0001,2024-11-18 16:00:00.000
1731974400000,0.0001,2024-11-19 00:00:00.000
1732003200000,0.0001,2024-11-19 08:00:00.000
1732032000000,0.0001,2024-11-19 16:00:00.000
1732060800003,0.0001,2024-11-20 00:00:00.003
1732089600000,0.0001,2024-11-20 08:00:00.000
1732118400000,0.0001,2024-11-20 16:00:00.000
1732147200001,0.0001,2024-11-21 00:00:00.001
1732176000000,0.0001,2024-11-21 08:00:00.000
1732204800001,0.0001,2024-11-21 16:00:00.001
1732233600000,0.0001,2024-11-22 00:00:00.000
1732262400000,0.0001,2024-11-22 08:00:00.000
1732291200001,0.0001,2024-11-22 16:00:00.001
1732320000000,0.0001,2024-11-23 00:00:00.000
1732348800000,0.0001,2024-11-23 08:00:00.000
1732377600000,0.0001,2024-11-23 16:00:00.000
1732406400001,0.0001,2024-11-24 00:00:00.001
1732435200000,0.0001,2024-11-24 08:00:00.000
1732464000000,0.0001,2024-11-24 16:00:00.000
1732492800000,0.0001,2024-11-25 00:00:00.000
1732521600000,0.0001,2024-11-25 08:00:00.000
1732550400000,0.0001,2024-11-25 16:00:00.000
1732579200000,0.0001,2024-11-26 00:00:00.000
1732608000000,0.0001,2024-11-26 08:00:00.000
1732636800000,0.0001,2024-11-26 16:00:00.000
1732665600000,0.0001,2024-11-27 00:00:00.000
1732694400000,0.0001,2024-11-27 08:00:00.000
1732723200001,0.0001,2024-11-27 16:00:00.001
1732752000000,0.0001,2024-11-28 00:00:00.000
1732780800000,0.0001,2024-11-28 08:00:00.000
1732809600000,0.0001,2024-11-28 16:00:00.000
1732838400000,0.0001,2024-11-29 00:00:00.000
1732867200000,0.0001,2024-11-29 08:00:00.000
1732896000000,0.0001,2024-11-29 16:00:00.000
1732924800000,0.0001,2024-11-30 00:00:00.000
1732953600000,0.0001,2024-11-30 08:00:00.000
1732982400000,0.0001,2024-11-30 16:00:00.000
1733011200000,0.0001,2024-12-01 00:00:00.000
1733040000000,0.0001,2024-12-01 08:00:00.000
1733068800000,0.0001,2024-12-01 16:00:00.000
1733097600001,0.0001,2024-12-02 00:00:00.001
1733126400001,0.0001,2024-12-02 08:00:00.001
1733155200000,0.0001,2024-12-02 16:00:00.000
1733184000000,0.0001,2024-12-03 00:00:00.000
1733212800000,0.0001,2024-12-03 08:00:00.000
1733241600000,0.0001,2024-12-03 16:00:00.000
1733270400000,0.0001,2024-12-04 00:00:00.000
1733299200000,0.0001,2024-12-04 08:00:00.000
1733328000000,0.0001,2024-12-04 16:00:00.000
1733356800001,0.0001,2024-12-05 00:00:00.001
1733385600000,0.0001,2024-12-05 08:00:00.000
1733414400000,0.0001,2024-12-05 16:00:00.000
1733443200000,0.0001,2024-12-06 00:00:00.000
1733472000000,0.0001,2024-12-06 08:00:00.000
1733500800000,0.0001,2024-12-06 16:00:00.000
1733529600000,0.0001,2024-12-07 00:00:00.000
1733558400000,0.0001,2024-12-07 08:00:00.000
1733587200000,0.0001,2024-12-07 16:00:00.000
1733616000000,0.0001,2024-12-08 00:00:00.000
1733644800000,0.0001,2024-12-08 08:00:00.000
1733673600000,0.0001,2024-12-08 16:00:00.000
1733702400000,0.0001,2024-12-09 00:00:00.000
1733731200000,0.0001,2024-12-09 08:00:00.000
1733760000001,0.0001,2024-12-09 16:00:00.001
1733788800007,0.0001,2024-12-10 00:00:00.007
1733817600000,0.0001,2024-12-10 08:00:00.000
1733846400000,5e-05,2024-12-10 16:00:00.000
1733860800001,5e-05,2024-12-10 20:00:00.001
1733875200000,5e-05,2024-12-11 00:00:00.000
1733889600000,5e-05,2024-12-11 04:00:00.000
1733904000000,5e-05,2024-12-11 08:00:00.000
1733918400000,5e-05,2024-12-11 12:00:00.000
1733932800001,5e-05,2024-12-11 16:00:00.001
1733947200000,5e-05,2024-12-11 20:00:00.000
1733961600001,5e-05,2024-12-12 00:00:00.001
1733976000000,5e-05,2024-12-12 04:00:00.000
1733990400000,5e-05,2024-12-12 08:00:00.000
1734004800000,5e-05,2024-12-12 12:00:00.000
1734019200001,5e-05,2024-12-12 16:00:00.001
1734033600000,5e-05,2024-12-12 20:00:00.000
1734048000000,5e-05,2024-12-13 00:00:00.000
1734062400000,5e-05,2024-12-13 04:00:00.000
1734076800000,5e-05,2024-12-13 08:00:00.000
1734091200000,5e-05,2024-12-13 12:00:00.000
1734105600001,5e-05,2024-12-13 16:00:00.001
1734120000001,5e-05,2024-12-13 20:00:00.001
1734134400000,5e-05,2024-12-14 00:00:00.000
1734148800000,5e-05,2024-12-14 04:00:00.000
1734163200000,5e-05,2024-12-14 08:00:00.000
1734177600000,5e-05,2024-12-14 12:00:00.000
1734192000000,5e-05,2024-12-14 16:00:00.000
1734206400000,5e-05,2024-12-14 20:00:00.000
1734220800000,5e-05,2024-12-15 00:00:00.000
1734235200000,5e-05,2024-12-15 04:00:00.000
1734249600000,5e-05,2024-12-15 08:00:00.000
1734264000000,5e-05,2024-12-15 12:00:00.000
1734278400000,5e-05,2024-12-15 16:00:00.000
1734292800001,5e-05,2024-12-15 20:00:00.001
1734307200000,5e-05,2024-12-16 00:00:00.000
1734321600000,5e-05,2024-12-16 04:00:00.000
1734336000001,5e-05,2024-12-16 08:00:00.001
1734350400000,5e-05,2024-12-16 12:00:00.000
1734364800000,5e-05,2024-12-16 16:00:00.000
1734379200000,5e-05,2024-12-16 20:00:00.000
1734393600000,5e-05,2024-12-17 00:00:00.000
1734408000000,5e-05,2024-12-17 04:00:00.000
1734422400000,5e-05,2024-12-17 08:00:00.000
1734436800000,5e-05,2024-12-17 12:00:00.000
1734451200000,5e-05,2024-12-17 16:00:00.000
1734465600000,5e-05,2024-12-17 20:00:00.000
1734480000000,5e-05,2024-12-18 00:00:00.000
1734494400000,5e-05,2024-12-18 04:00:00.000
1734508800000,5e-05,2024-12-18 08:00:00.000
1734523200000,5e-05,2024-12-18 12:00:00.000
1734537600000,5e-05,2024-12-18 16:00:00.000
1734552000000,5e-05,2024-12-18 20:00:00.000
1734566400000,5e-05,2024-12-19 00:00:00.000
1734580800000,5e-05,2024-12-19 04:00:00.000
1734595200000,5e-05,2024-12-19 08:00:00.000
1734609600000,5e-05,2024-12-19 12:00:00.000
1734624000000,5e-05,2024-12-19 16:00:00.000
1734638400000,5e-05,2024-12-19 20:00:00.000
1734652800000,5e-05,2024-12-20 00:00:00.000
1734667200001,5e-05,2024-12-20 04:00:00.001
1734681600001,5e-05,2024-12-20 08:00:00.001
1734696000000,5e-05,2024-12-20 12:00:00.000
1734710400014,5e-05,2024-12-20 16:00:00.014
1734724800000,5e-05,2024-12-20 20:00:00.000
1734739200000,5e-05,2024-12-21 00:00:00.000
1734753600000,5e-05,2024-12-21 04:00:00.000
1734768000000,5e-05,2024-12-21 08:00:00.000
1734782400000,5e-05,2024-12-21 12:00:00.000
1734796800001,5e-05,2024-12-21 16:00:00.001
1734811200000,5e-05,2024-12-21 20:00:00.000
1734825600000,5e-05,2024-12-22 00:00:00.000
1734840000000,5e-05,2024-12-22 04:00:00.000
1734854400000,5e-05,2024-12-22 08:00:00.000
1734868800000,5e-05,2024-12-22 12:00:00.000
1734883200000,5e-05,2024-12-22 16:00:00.000
1734897600000,5e-05,2024-12-22 20:00:00.000
1734912000000,5e-05,2024-12-23 00:00:00.000
1734926400000,5e-05,2024-12-23 04:00:00.000
1734940800000,5e-05,2024-12-23 08:00:00.000
1734955200000,5e-05,2024-12-23 12:00:00.000
1734969600001,5e-05,2024-12-23 16:00:00.001
1734984000000,5e-05,2024-12-23 20:00:00.000
1734998400000,5e-05,2024-12-24 00:00:00.000
1735012800000,5e-05,2024-12-24 04:00:00.000
1735027200000,5e-05,2024-12-24 08:00:00.000
1735041600000,5e-05,2024-12-24 12:00:00.000
1735056000001,5e-05,2024-12-24 16:00:00.001
1735070400000,5e-05,2024-12-24 20:00:00.000
1735084800001,5e-05,2024-12-25 00:00:00.001
1735099200001,5e-05,2024-12-25 04:00:00.001
1735113600000,5e-05,2024-12-25 08:00:00.000
1735128000000,5e-05,2024-12-25 12:00:00.000
1735142400000,5e-05,2024-12-25 16:00:00.000
1735156800000,5e-05,2024-12-25 20:00:00.000
1735171200000,5e-05,2024-12-26 00:00:00.000
1735185600001,5e-05,2024-12-26 04:00:00.001
1735200000000,5e-05,2024-12-26 08:00:00.000
1735214400000,5e-05,2024-12-26 12:00:00.000
1735228800000,5e-05,2024-12-26 16:00:00.000
1735243200001,5e-05,2024-12-26 20:00:00.001
1735257600000,5e-05,2024-12-27 00:00:00.000
1735272000000,5e-05,2024-12-27 04:00:00.000
1735286400000,5e-05,2024-12-27 08:00:00.000
1735300800000,5e-05,2024-12-27 12:00:00.000
1735315200000,5e-05,2024-12-27 16:00:00.000
1735329600001,5e-05,2024-12-27 20:00:00.001
1735344000001,5e-05,2024-12-28 00:00:00.001
1735358400000,5e-05,2024-12-28 04:00:00.000
1735372800000,5e-05,2024-12-28 08:00:00.000
1735387200000,5e-05,2024-12-28 12:00:00.000
1735401600000,5e-05,2024-12-28 16:00:00.000
1735416000000,5e-05,2024-12-28 20:00:00.000
1735430400000,5e-05,2024-12-29 00:00:00.000
1735444800000,5e-05,2024-12-29 04:00:00.000
1735459200000,5e-05,2024-12-29 08:00:00.000
1735473600000,5e-05,2024-12-29 12:00:00.000
1735488000000,5e-05,2024-12-29 16:00:00.000
1735502400000,5e-05,2024-12-29 20:00:00.000
1735516800000,5e-05,2024-12-30 00:00:00.000
1735531200001,5e-05,2024-12-30 04:00:00.001
1735545600001,5e-05,2024-12-30 08:00:00.001
1735560000000,5e-05,2024-12-30 12:00:00.000
1735574400000,5e-05,2024-12-30 16:00:00.000
1735588800000,5e-05,2024-12-30 20:00:00.000
1735603200000,5e-05,2024-12-31 00:00:00.000
1735617600000,5e-05,2024-12-31 04:00:00.000
1735632000000,5e-05,2024-12-31 08:00:00.000
1735646400001,5e-05,2024-12-31 12:00:00.001
1735660800000,5e-05,2024-12-31 16:00:00.000
1735675200000,5e-05,2024-12-31 20:00:00.000
1735689600015,5e-05,2025-01-01 00:00:00.015
1735704000004,5e-05,2025-01-01 04:00:00.004
1735718400000,5e-05,2025-01-01 08:00:00.000
1735732800002,5e-05,2025-01-01 12:00:00.002
1735747200001,5e-05,2025-01-01 16:00:00.001
1735761600000,5e-05,2025-01-01 20:00:00.000
1735776000000,5e-05,2025-01-02 00:00:00.000
1735790400000,5e-05,2025-01-02 04:00:00.000
1735804800006,5e-05,2025-01-02 08:00:00.006
1735819200007,5e-05,2025-01-02 12:00:00.007
1735833600000,5e-05,2025-01-02 16:00:00.000
1735848000001,5e-05,2025-01-02 20:00:00.001
1735862400000,5e-05,2025-01-03 00:00:00.000
1735876800001,5e-05,2025-01-03 04:00:00.001
1735891200000,5e-05,2025-01-03 08:00:00.000
1735905600000,5e-05,2025-01-03 12:00:00.000
1735920000000,5e-05,2025-01-03 16:00:00.000
1735934400001,5e-05,2025-01-03 20:00:00.001
1735948800000,5e-05,2025-01-04 00:00:00.000
1735963200000,5e-05,2025-01-04 04:00:00.000
1735977600000,5e-05,2025-01-04 08:00:00.000
1735992000000,5e-05,2025-01-04 12:00:00.000
1736006400000,5e-05,2025-01-04 16:00:00.000
1736020800001,5e-05,2025-01-04 20:00:00.001
1736035200000,5e-05,2025-01-05 00:00:00.000
1736049600000,5e-05,2025-01-05 04:00:00.000
1736064000000,5e-05,2025-01-05 08:00:00.000
1736078400000,5e-05,2025-01-05 12:00:00.000
1736092800000,5e-05,2025-01-05 16:00:00.000
1736107200000,5e-05,2025-01-05 20:00:00.000
1736121600000,5e-05,2025-01-06 00:00:00.000
1736136000000,5e-05,2025-01-06 04:00:00.000
1736150400001,5e-05,2025-01-06 08:00:00.001
1736164800000,5e-05,2025-01-06 12:00:00.000
1736179200000,5e-05,2025-01-06 16:00:00.000
1736193600000,5e-05,2025-01-06 20:00:00.000
1736208000000,5e-05,2025-01-07 00:00:00.000
1736222400000,5e-05,2025-01-07 04:00:00.000
1736236800000,5e-05,2025-01-07 08:00:00.000
1736251200001,5e-05,2025-01-07 12:00:00.001
1736265600008,5e-05,2025-01-07 16:00:00.008
1736280000000,5e-05,2025-01-07 20:00:00.000
1736294400001,5e-05,2025-01-08 00:00:00.001
1736308800006,5e-05,2025-01-08 04:00:00.006
1736323200000,5e-05,2025-01-08 08:00:00.000
1736337600000,5e-05,2025-01-08 12:00:00.000
1736352000000,5e-05,2025-01-08 16:00:00.000
1736366400000,5e-05,2025-01-08 20:00:00.000
1736380800000,5e-05,2025-01-09 00:00:00.000
1736395200001,5e-05,2025-01-09 04:00:00.001
1736409600000,5e-05,2025-01-09 08:00:00.000
1736424000000,5e-05,2025-01-09 12:00:00.000
1736438400000,5e-05,2025-01-09 16:00:00.000
1736452800000,5e-05,2025-01-09 20:00:00.000
1736467200000,5e-05,2025-01-10 00:00:00.000
1736481600000,5e-05,2025-01-10 04:00:00.000
1736496000000,5e-05,2025-01-10 08:00:00.000
1736510400000,5e-05,2025-01-10 12:00:00.000
1736524800000,5e-05,2025-01-10 16:00:00.000
1736539200001,5e-05,2025-01-10 20:00:00.001
1736553600000,5e-05,2025-01-11 00:00:00.000
1736568000000,5e-05,2025-01-11 04:00:00.000
1736582400000,5e-05,2025-01-11 08:00:00.000
1736596800000,5e-05,2025-01-11 12:00:00.000
1736611200000,5e-05,2025-01-11 16:00:00.000
1736625600000,5e-05,2025-01-11 20:00:00.000
1736640000000,5e-05,2025-01-12 00:00:00.000
1736654400000,5e-05,2025-01-12 04:00:00.000
1736668800000,5e-05,2025-01-12 08:00:00.000
1736683200000,5e-05,2025-01-12 12:00:00.000
1736697600000,5e-05,2025-01-12 16:00:00.000
1736712000000,5e-05,2025-01-12 20:00:00.000
1736726400000,5e-05,2025-01-13 00:00:00.000
1736740800000,5e-05,2025-01-13 04:00:00.000
1736755200000,5e-05,2025-01-13 08:00:00.000
1736769600000,5e-05,2025-01-13 12:00:00.000
1736784000000,5e-05,2025-01-13 16:00:00.000
1736798400000,5e-05,2025-01-13 20:00:00.000
1736812800000,5e-05,2025-01-14 00:00:00.000
1736827200000,5e-05,2025-01-14 04:00:00.000
1736841600000,5e-05,2025-01-14 08:00:00.000
1736856000000,5e-05,2025-01-14 12:00:00.000
1736870400000,5e-05,2025-01-14 16:00:00.000
1736884800000,5e-05,2025-01-14 20:00:00.000
1736899200000,5e-05,2025-01-15 00:00:00.000
1736913600000,5e-05,2025-01-15 04:00:00.000
1736928000000,5e-05,2025-01-15 08:00:00.000
1736942400000,5e-05,2025-01-15 12:00:00.000
1736956800000,5e-05,2025-01-15 16:00:00.000
1736971200000,5e-05,2025-01-15 20:00:00.000
1736985600000,5e-05,2025-01-16 00:00:00.000
1737000000000,5e-05,2025-01-16 04:00:00.000
1737014400000,5e-05,2025-01-16 08:00:00.000
1737028800000,5e-05,2025-01-16 12:00:00.000
1737043200000,5e-05,2025-01-16 16:00:00.000
1737057600000,5e-05,2025-01-16 20:00:00.000
1737072000004,5e-05,2025-01-17 00:00:00.004
1737086400000,5e-05,2025-01-17 04:00:00.000
1737100800000,5e-05,2025-01-17 08:00:00.000
1737115200013,5e-05,2025-01-17 12:00:00.013
1737129600008,5e-05,2025-01-17 16:00:00.008
1737144000005,5e-05,2025-01-17 20:00:00.005
1737158400000,5e-05,2025-01-18 00:00:00.000
1737172800003,5e-05,2025-01-18 04:00:00.003
1737187200007,5e-05,2025-01-18 08:00:00.007
1737201600000,5e-05,2025-01-18 12:00:00.000
1737216000000,5e-05,2025-01-18 16:00:00.000
1737230400000,5e-05,2025-01-18 20:00:00.000
1737244800000,5e-05,2025-01-19 00:00:00.000
1737259200000,5e-05,2025-01-19 04:00:00.000
1737273600000,5e-05,2025-01-19 08:00:00.000
1737288000000,5e-05,2025-01-19 12:00:00.000
1737302400000,5e-05,2025-01-19 16:00:00.000
1737316800000,5e-05,2025-01-19 20:00:00.000
1737331200000,5e-05,2025-01-20 00:00:00.000
1737345600000,5e-05,2025-01-20 04:00:00.000
1737360000009,5e-05,2025-01-20 08:00:00.009
1737374400002,5e-05,2025-01-20 12:00:00.002
1737388800000,5e-05,2025-01-20 16:00:00.000
1737403200001,5e-05,2025-01-20 20:00:00.001
1737417600000,5e-05,2025-01-21 00:00:00.000
1737432000000,5e-05,2025-01-21 04:00:00.000
1737446400000,5e-05,2025-01-21 08:00:00.000
1737460800000,5e-05,2025-01-21 12:00:00.000
1737475200000,5e-05,2025-01-21 16:00:00.000
1737489600000,5e-05,2025-01-21 20:00:00.000
1737504000000,5e-05,2025-01-22 00:00:00.000
1737518400000,5e-05,2025-01-22 04:00:00.000
1737532800000,5e-05,2025-01-22 08:00:00.000
1737547200000,5e-05,2025-01-22 12:00:00.000
1737561600000,5e-05,2025-01-22 16:00:00.000
1737576000000,5e-05,2025-01-22 20:00:00.000
1737590400001,5e-05,2025-01-23 00:00:00.001
1737604800001,5e-05,2025-01-23 04:00:00.001
1737619200000,5e-05,2025-01-23 08:00:00.000
1737633600000,5e-05,2025-01-23 12:00:00.000
1737648000000,5e-05,2025-01-23 16:00:00.000
1737662400000,5e-05,2025-01-23 20:00:00.000
1737676800000,5e-05,2025-01-24 00:00:00.000
1737691200000,5e-05,2025-01-24 04:00:00.000
1737705600000,5e-05,2025-01-24 08:00:00.000
1737720000001,5e-05,2025-01-24 12:00:00.001
1737734400000,5e-05,2025-01-24 16:00:00.000
1737748800000,5e-05,2025-01-24 20:00:00.000
1737763200000,5e-05,2025-01-25 00:00:00.000
1737777600000,5e-05,2025-01-25 04:00:00.000
1737792000000,5e-05,2025-01-25 08:00:00.000
1737806400000,5e-05,2025-01-25 12:00:00.000
1737820800001,5e-05,2025-01-25 16:00:00.001
1737835200001,5e-05,2025-01-25 20:00:00.001
1737849600000,5e-05,2025-01-26 00:00:00.000
1737864000000,5e-05,2025-01-26 04:00:00.000
1737878400000,5e-05,2025-01-26 08:00:00.000
1737892800000,5e-05,2025-01-26 12:00:00.000
1737907200000,5e-05,2025-01-26 16:00:00.000
1737921600000,5e-05,2025-01-26 20:00:00.000
1737936000000,5e-05,2025-01-27 00:00:00.000
1737950400000,5e-05,2025-01-27 04:00:00.000
1737964800000,5e-05,2025-01-27 08:00:00.000
1737979200001,5e-05,2025-01-27 12:00:00.001
1737993600000,5e-05,2025-01-27 16:00:00.000
1738008000000,5e-05,2025-01-27 20:00:00.000
1738022400000,5e-05,2025-01-28 00:00:00.000
1738036800000,5e-05,2025-01-28 04:00:00.000
1738051200000,5e-05,2025-01-28 08:00:00.000
1738065600000,5e-05,2025-01-28 12:00:00.000
1738080000000,5e-05,2025-01-28 16:00:00.000
1738094400000,5e-05,2025-01-28 20:00:00.000
1738108800000,5e-05,2025-01-29 00:00:00.000
1738123200001,5e-05,2025-01-29 04:00:00.001
1738137600000,5e-05,2025-01-29 08:00:00.000
1738152000000,5e-05,2025-01-29 12:00:00.000
1738166400000,5e-05,2025-01-29 16:00:00.000
1738180800000,5e-05,2025-01-29 20:00:00.000
1738195200000,5e-05,2025-01-30 00:00:00.000
1738209600000,5e-05,2025-01-30 04:00:00.000
1738224000000,5e-05,2025-01-30 08:00:00.000
1738238400000,5e-05,2025-01-30 12:00:00.000
1738252800000,5e-05,2025-01-30 16:00:00.000
1738267200000,5e-05,2025-01-30 20:00:00.000
1738281600000,5e-05,2025-01-31 00:00:00.000
1738296000000,5e-05,2025-01-31 04:00:00.000
1738310400000,5e-05,2025-01-31 08:00:00.000
1738324800001,5e-05,2025-01-31 12:00:00.001
1738339200000,5e-05,2025-01-31 16:00:00.000
1738353600000,5e-05,2025-01-31 20:00:00.000
1738368000000,5e-05,2025-02-01 00:00:00.000
1738382400000,5e-05,2025-02-01 04:00:00.000
1738396800000,5e-05,2025-02-01 08:00:00.000
1738411200000,5e-05,2025-02-01 12:00:00.000
1738425600000,5e-05,2025-02-01 16:00:00.000
1738440000000,5e-05,2025-02-01 20:00:00.000
1738454400001,5e-05,2025-02-02 00:00:00.001
1738468800000,5e-05,2025-02-02 04:00:00.000
1738483200000,5e-05,2025-02-02 08:00:00.000
1738497600000,5e-05,2025-02-02 12:00:00.000
1738512000000,5e-05,2025-02-02 16:00:00.000
1738526400000,5e-05,2025-02-02 20:00:00.000
1738540800000,5e-05,2025-02-03 00:00:00.000
1738555200000,5e-05,2025-02-03 04:00:00.000
1738569600000,5e-05,2025-02-03 08:00:00.000
1738584000000,5e-05,2025-02-03 12:00:00.000
1738598400000,5e-05,2025-02-03 16:00:00.000
1738612800000,5e-05,2025-02-03 20:00:00.000
1738627200000,5e-05,2025-02-04 00:00:00.000
1738641600001,5e-05,2025-02-04 04:00:00.001
1738656000001,5e-05,2025-02-04 08:00:00.001
1738670400001,5e-05,2025-02-04 12:00:00.001
1738684800000,5e-05,2025-02-04 16:00:00.000
1738699200000,5e-05,2025-02-04 20:00:00.000
1738713600001,5e-05,2025-02-05 00:00:00.001
1738728000000,5e-05,2025-02-05 04:00:00.000
1738742400001,5e-05,2025-02-05 08:00:00.001
1738756800000,5e-05,2025-02-05 12:00:00.000
1738771200000,5e-05,2025-02-05 16:00:00.000
1738785600000,5e-05,2025-02-05 20:00:00.000
1738800000001,5e-05,2025-02-06 00:00:00.001
1738814400001,5e-05,2025-02-06 04:00:00.001
1738828800001,5e-05,2025-02-06 08:00:00.001
1738843200000,5e-05,2025-02-06 12:00:00.000
1738857600000,5e-05,2025-02-06 16:00:00.000
1738872000000,5e-05,2025-02-06 20:00:00.000
1738886400000,5e-05,2025-02-07 00:00:00.000
1738900800000,5e-05,2025-02-07 04:00:00.000
1738915200000,5e-05,2025-02-07 08:00:00.000
1738929600000,5e-05,2025-02-07 12:00:00.000
1738944000000,5e-05,2025-02-07 16:00:00.000
1738958400000,5e-05,2025-02-07 20:00:00.000
1738972800000,5e-05,2025-02-08 00:00:00.000
1738987200000,5e-05,2025-02-08 04:00:00.000
1739001600000,5e-05,2025-02-08 08:00:00.000
1739016000000,5e-05,2025-02-08 12:00:00.000
1739030400000,5e-05,2025-02-08 16:00:00.000
1739044800000,5e-05,2025-02-08 20:00:00.000
1739059200000,5e-05,2025-02-09 00:00:00.000
1739073600000,5e-05,2025-02-09 04:00:00.000
1739088000000,5e-05,2025-02-09 08:00:00.000
1739102400000,5e-05,2025-02-09 12:00:00.000
1739116800000,5e-05,2025-02-09 16:00:00.000
1739131200007,5e-05,2025-02-09 20:00:00.007
1739145600000,5e-05,2025-02-10 00:00:00.000
1739160000000,5e-05,2025-02-10 04:00:00.000
1739174400000,5e-05,2025-02-10 08:00:00.000
1739188800000,5e-05,2025-02-10 12:00:00.000
1739203200000,5e-05,2025-02-10 16:00:00.000
1739217600001,5e-05,2025-02-10 20:00:00.001
1739232000000,5e-05,2025-02-11 00:00:00.000
1739246400000,5e-05,2025-02-11 04:00:00.000
1739260800000,5e-05,2025-02-11 08:00:00.000
1739275200000,5e-05,2025-02-11 12:00:00.000
1739289600000,5e-05,2025-02-11 16:00:00.000
1739304000000,5e-05,2025-02-11 20:00:00.000
1739318400000,5e-05,2025-02-12 00:00:00.000
1739332800000,5e-05,2025-02-12 04:00:00.000
1739347200000,5e-05,2025-02-12 08:00:00.000
1739361600001,5e-05,2025-02-12 12:00:00.001
1739376000001,5e-05,2025-02-12 16:00:00.001
1739390400000,5e-05,2025-02-12 20:00:00.000
1739404800001,5e-05,2025-02-13 00:00:00.001
1739419200000,5e-05,2025-02-13 04:00:00.000
1739433600000,5e-05,2025-02-13 08:00:00.000
1739448000000,5e-05,2025-02-13 12:00:00.000
1739462400001,5e-05,2025-02-13 16:00:00.001
1739476800000,5e-05,2025-02-13 20:00:00.000
1739491200000,5e-05,2025-02-14 00:00:00.000
1739505600000,5e-05,2025-02-14 04:00:00.000
1739520000001,5e-05,2025-02-14 08:00:00.001
1739534400000,5e-05,2025-02-14 12:00:00.000
1739548800000,5e-05,2025-02-14 16:00:00.000
1739563200000,5e-05,2025-02-14 20:00:00.000
1739577600000,5e-05,2025-02-15 00:00:00.000
1739592000000,5e-05,2025-02-15 04:00:00.000
1739606400000,5e-05,2025-02-15 08:00:00.000
1739620800000,5e-05,2025-02-15 12:00:00.000
1739635200000,5e-05,2025-02-15 16:00:00.000
1739649600001,5e-05,2025-02-15 20:00:00.001
1739664000000,5e-05,2025-02-16 00:00:00.000
1739678400000,5e-05,2025-02-16 04:00:00.000
1739692800000,5e-05,2025-02-16 08:00:00.000
1739707200000,5e-05,2025-02-16 12:00:00.000
1739721600000,5e-05,2025-02-16 16:00:00.000
1739736000000,5e-05,2025-02-16 20:00:00.000
1739750400000,5e-05,2025-02-17 00:00:00.000
1739764800001,5e-05,2025-02-17 04:00:00.001
1739779200000,5e-05,2025-02-17 08:00:00.000
1739793600004,5e-05,2025-02-17 12:00:00.004
1739808000000,5e-05,2025-02-17 16:00:00.000
1739822400001,5e-05,2025-02-17 20:00:00.001
1739836800000,5e-05,2025-02-18 00:00:00.000
1739851200000,5e-05,2025-02-18 04:00:00.000
1739865600000,5e-05,2025-02-18 08:00:00.000
1739880000000,5e-05,2025-02-18 12:00:00.000
1739894400000,5e-05,2025-02-18 16:00:00.000
1739908800000,5e-05,2025-02-18 20:00:00.000
1739923200000,5e-05,2025-02-19 00:00:00.000
1739937600000,5e-05,2025-02-19 04:00:00.000
1739952000000,5e-05,2025-02-19 08:00:00.000
1739966400000,5e-05,2025-02-19 12:00:00.000
1739980800000,5e-05,2025-02-19 16:00:00.000
1739995200000,5e-05,2025-02-19 20:00:00.000
1740009600000,5e-05,2025-02-20 00:00:00.000
1740024000000,5e-05,2025-02-20 04:00:00.000
1740038400000,5e-05,2025-02-20 08:00:00.000
1740052800000,5e-05,2025-02-20 12:00:00.000
1740067200000,5e-05,2025-02-20 16:00:00.000
1740081600000,5e-05,2025-02-20 20:00:00.000
1740096000001,5e-05,2025-02-21 00:00:00.001
1740110400000,5e-05,2025-02-21 04:00:00.000
1740124800000,5e-05,2025-02-21 08:00:00.000
1740139200000,5e-05,2025-02-21 12:00:00.000
1740153600000,5e-05,2025-02-21 16:00:00.000
1740168000000,5e-05,2025-02-21 20:00:00.000
1740182400000,5e-05,2025-02-22 00:00:00.000
1740196800000,5e-05,2025-02-22 04:00:00.000
1740211200000,5e-05,2025-02-22 08:00:00.000
1740225600000,5e-05,2025-02-22 12:00:00.000
1740240000000,5e-05,2025-02-22 16:00:00.000
1740254400000,5e-05,2025-02-22 20:00:00.000
1740268800000,5e-05,2025-02-23 00:00:00.000
1740283200000,5e-05,2025-02-23 04:00:00.000
1740297600000,5e-05,2025-02-23 08:00:00.000
1740312000000,5e-05,2025-02-23 12:00:00.000
1740326400000,5e-05,2025-02-23 16:00:00.000
1740340800000,5e-05,2025-02-23 20:00:00.000
1740355200000,5e-05,2025-02-24 00:00:00.000
1740369600000,5e-05,2025-02-24 04:00:00.000
1740384000000,5e-05,2025-02-24 08:00:00.000
1740398400001,5e-05,2025-02-24 12:00:00.001
1740412800000,5e-05,2025-02-24 16:00:00.000
1740427200000,5e-05,2025-02-24 20:00:00.000
1740441600000,5e-05,2025-02-25 00:00:00.000
1740456000000,5e-05,2025-02-25 04:00:00.000
1740470400000,5e-05,2025-02-25 08:00:00.000
1740484800000,5e-05,2025-02-25 12:00:00.000
1740499200000,5e-05,2025-02-25 16:00:00.000
1740513600000,5e-05,2025-02-25 20:00:00.000
1740528000000,5e-05,2025-02-26 00:00:00.000
1740542400000,5e-05,2025-02-26 04:00:00.000
1740556800000,5e-05,2025-02-26 08:00:00.000
1740571200001,5e-05,2025-02-26 12:00:00.001
1740585600000,5e-05,2025-02-26 16:00:00.000
1740600000000,5e-05,2025-02-26 20:00:00.000
1740614400001,5e-05,2025-02-27 00:00:00.001
1740628800001,5e-05,2025-02-27 04:00:00.001
1740643200000,5e-05,2025-02-27 08:00:00.000
1740657600006,5e-05,2025-02-27 12:00:00.006
1740672000000,5e-05,2025-02-27 16:00:00.000
1740686400001,5e-05,2025-02-27 20:00:00.001
1740700800001,5e-05,2025-02-28 00:00:00.001
1740715200000,5e-05,2025-02-28 04:00:00.000
1740729600000,5e-05,2025-02-28 08:00:00.000
1740744000000,5e-05,2025-02-28 12:00:00.000
1740758400000,5e-05,2025-02-28 16:00:00.000
1740772800000,5e-05,2025-02-28 20:00:00.000
1740787200000,5e-05,2025-03-01 00:00:00.000
1740801600000,5e-05,2025-03-01 04:00:00.000
1740816000000,5e-05,2025-03-01 08:00:00.000
1740830400001,5e-05,2025-03-01 12:00:00.001
1740844800001,5e-05,2025-03-01 16:00:00.001
1740859200000,5e-05,2025-03-01 20:00:00.000
1740873600000,5e-05,2025-03-02 00:00:00.000
1740888000000,5e-05,2025-03-02 04:00:00.000
1740902400000,5e-05,2025-03-02 08:00:00.000
1740916800000,5e-05,2025-03-02 12:00:00.000
1740931200000,5e-05,2025-03-02 16:00:00.000
1740945600000,5e-05,2025-03-02 20:00:00.000
1740960000001,5e-05,2025-03-03 00:00:00.001
1740974400000,5e-05,2025-03-03 04:00:00.000
1740988800000,5e-05,2025-03-03 08:00:00.000
1741003200001,5e-05,2025-03-03 12:00:00.001
1741017600000,5e-05,2025-03-03 16:00:00.000
1741032000000,5e-05,2025-03-03 20:00:00.000
1741046400001,5e-05,2025-03-04 00:00:00.001
1741060800000,5e-05,2025-03-04 04:00:00.000
1741075200005,5e-05,2025-03-04 08:00:00.005
1741089600000,5e-05,2025-03-04 12:00:00.000
1741104000000,5e-05,2025-03-04 16:00:00.000
1741118400000,5e-05,2025-03-04 20:00:00.000
1741132800000,5e-05,2025-03-05 00:00:00.000
1741147200000,5e-05,2025-03-05 04:00:00.000
1741161600000,5e-05,2025-03-05 08:00:00.000
1741176000000,5e-05,2025-03-05 12:00:00.000
1741190400000,5e-05,2025-03-05 16:00:00.000
1741204800000,5e-05,2025-03-05 20:00:00.000
1741219200000,5e-05,2025-03-06 00:00:00.000
1741233600000,5e-05,2025-03-06 04:00:00.000
1741248000001,5e-05,2025-03-06 08:00:00.001
1741262400001,5e-05,2025-03-06 12:00:00.001
1741276800000,5e-05,2025-03-06 16:00:00.000
1741291200000,5e-05,2025-03-06 20:00:00.000
1741305600000,5e-05,2025-03-07 00:00:00.000
1741320000000,5e-05,2025-03-07 04:00:00.000
1741334400001,5e-05,2025-03-07 08:00:00.001
1741348800000,5e-05,2025-03-07 12:00:00.000
1741363200000,5e-05,2025-03-07 16:00:00.000
1741377600000,5e-05,2025-03-07 20:00:00.000
1741392000000,5e-05,2025-03-08 00:00:00.000
1741406400000,5e-05,2025-03-08 04:00:00.000
1741420800001,5e-05,2025-03-08 08:00:00.001
1741435200001,5e-05,2025-03-08 12:00:00.001
1741449600001,5e-05,2025-03-08 16:00:00.001
1741464000001,5e-05,2025-03-08 20:00:00.001
1741478400001,5e-05,2025-03-09 00:00:00.001
1741492800000,5e-05,2025-03-09 04:00:00.000
1741507200000,5e-05,2025-03-09 08:00:00.000
1741521600000,5e-05,2025-03-09 12:00:00.000
1741536000000,5e-05,2025-03-09 16:00:00.000
1741550400000,5e-05,2025-03-09 20:00:00.000
1741564800000,5e-05,2025-03-10 00:00:00.000
1741579200000,5e-05,2025-03-10 04:00:00.000
1741593600000,5e-05,2025-03-10 08:00:00.000
1741608000000,5e-05,2025-03-10 12:00:00.000
1741622400000,5e-05,2025-03-10 16:00:00.000
1741636800000,5e-05,2025-03-10 20:00:00.000
1741651200000,5e-05,2025-03-11 00:00:00.000
1741665600000,5e-05,2025-03-11 04:00:00.000
1741680000000,5e-05,2025-03-11 08:00:00.000
1741694400000,5e-05,2025-03-11 12:00:00.000
1741708800001,5e-05,2025-03-11 16:00:00.001
1741723200001,5e-05,2025-03-11 20:00:00.001
1741737600000,5e-05,2025-03-12 00:00:00.000
1741752000001,5e-05,2025-03-12 04:00:00.001
1741766400000,5e-05,2025-03-12 08:00:00.000
1741780800000,5e-05,2025-03-12 12:00:00.000
1741795200001,5e-05,2025-03-12 16:00:00.001
1741809600000,5e-05,2025-03-12 20:00:00.000
1741824000000,5e-05,2025-03-13 00:00:00.000
1741838400000,5e-05,2025-03-13 04:00:00.000
1741852800000,5e-05,2025-03-13 08:00:00.000
1741867200000,5e-05,2025-03-13 12:00:00.000
1741881600000,5e-05,2025-03-13 16:00:00.000
1741896000000,5e-05,2025-03-13 20:00:00.000
1741910400000,5e-05,2025-03-14 00:00:00.000
1741924800000,5e-05,2025-03-14 04:00:00.000
1741939200000,5e-05,2025-03-14 08:00:00.000
1741953600000,5e-05,2025-03-14 12:00:00.000
1741968000000,5e-05,2025-03-14 16:00:00.000
1741982400000,5e-05,2025-03-14 20:00:00.000
1741996800000,5e-05,2025-03-15 00:00:00.000
1742011200000,5e-05,2025-03-15 04:00:00.000
1742025600000,5e-05,2025-03-15 08:00:00.000
1742040000000,5e-05,2025-03-15 12:00:00.000
1742054400000,5e-05,2025-03-15 16:00:00.000
1742068800000,5e-05,2025-03-15 20:00:00.000
1742083200000,5e-05,2025-03-16 00:00:00.000
1742097600000,5e-05,2025-03-16 04:00:00.000
1742112000000,5e-05,2025-03-16 08:00:00.000
1742126400000,5e-05,2025-03-16 12:00:00.000
1742140800000,5e-05,2025-03-16 16:00:00.000
1742155200000,5e-05,2025-03-16 20:00:00.000
1742169600000,5e-05,2025-03-17 00:00:00.000
1742184000000,5e-05,2025-03-17 04:00:00.000
1742198400000,5e-05,2025-03-17 08:00:00.000
1742212800000,5e-05,2025-03-17 12:00:00.000
1742227200000,5e-05,2025-03-17 16:00:00.000
1742241600000,5e-05,2025-03-17 20:00:00.000
1742256000000,5e-05,2025-03-18 00:00:00.000
1742270400000,5e-05,2025-03-18 04:00:00.000
1742284800000,5e-05,2025-03-18 08:00:00.000
1742299200001,5e-05,2025-03-18 12:00:00.001
1742313600000,5e-05,2025-03-18 16:00:00.000
1742328000000,5e-05,2025-03-18 20:00:00.000
1742342400000,5e-05,2025-03-19 00:00:00.000
1742356800000,5e-05,2025-03-19 04:00:00.000
1742371200000,5e-05,2025-03-19 08:00:00.000
1742385600000,5e-05,2025-03-19 12:00:00.000
1742400000000,5e-05,2025-03-19 16:00:00.000
1742414400000,5e-05,2025-03-19 20:00:00.000
1742428800000,5e-05,2025-03-20 00:00:00.000
1742443200000,5e-05,2025-03-20 04:00:00.000
1742457600000,5e-05,2025-03-20 08:00:00.000
1742472000000,5e-05,2025-03-20 12:00:00.000
1742486400000,5e-05,2025-03-20 16:00:00.000
1742500800000,5e-05,2025-03-20 20:00:00.000
1742515200000,5e-05,2025-03-21 00:00:00.000
1742529600000,5e-05,2025-03-21 04:00:00.000
1742544000000,5e-05,2025-03-21 08:00:00.000
1742558400000,5e-05,2025-03-21 12:00:00.000
1742572800000,5e-05,2025-03-21 16:00:00.000
1742587200000,5e-05,2025-03-21 20:00:00.000
1742601600000,5e-05,2025-03-22 00:00:00.000
1742616000001,5e-05,2025-03-22 04:00:00.001
1742630400004,5e-05,2025-03-22 08:00:00.004
1742644800013,5e-05,2025-03-22 12:00:00.013
1742659200000,5e-05,2025-03-22 16:00:00.000
1742673600001,5e-05,2025-03-22 20:00:00.001
1742688000000,5e-05,2025-03-23 00:00:00.000
1742702400000,5e-05,2025-03-23 04:00:00.000
1742716800000,5e-05,2025-03-23 08:00:00.000
1742731200000,5e-05,2025-03-23 12:00:00.000
1742745600000,5e-05,2025-03-23 16:00:00.000
1742760000000,5e-05,2025-03-23 20:00:00.000
1742774400000,5e-05,2025-03-24 00:00:00.000
1742788800000,5e-05,2025-03-24 04:00:00.000
1742803200000,5e-05,2025-03-24 08:00:00.000
1742817600000,5e-05,2025-03-24 12:00:00.000
1742832000000,5e-05,2025-03-24 16:00:00.000
1742846400004,5e-05,2025-03-24 20:00:00.004
1742860800001,5e-05,2025-03-25 00:00:00.001
1742875200000,5e-05,2025-03-25 04:00:00.000
1742889600000,5e-05,2025-03-25 08:00:00.000
1742904000000,5e-05,2025-03-25 12:00:00.000
1742918400000,5e-05,2025-03-25 16:00:00.000
1742932800000,5e-05,2025-03-25 20:00:00.000
1742947200000,5e-05,2025-03-26 00:00:00.000
1742961600001,5e-05,2025-03-26 04:00:00.001
1742976000000,5e-05,2025-03-26 08:00:00.000
1742990400000,5e-05,2025-03-26 12:00:00.000
1743004800001,5e-05,2025-03-26 16:00:00.001
1743019200000,5e-05,2025-03-26 20:00:00.000
1743033600001,5e-05,2025-03-27 00:00:00.001
1743048000000,5e-05,2025-03-27 04:00:00.000
1743062400001,5e-05,2025-03-27 08:00:00.001
1743076800000,5e-05,2025-03-27 12:00:00.000
1743091200002,5e-05,2025-03-27 16:00:00.002
1743105600000,5e-05,2025-03-27 20:00:00.000
1743120000001,5e-05,2025-03-28 00:00:00.001
1743134400000,5e-05,2025-03-28 04:00:00.000
1743148800001,5e-05,2025-03-28 08:00:00.001
1743163200000,5e-05,2025-03-28 12:00:00.000
1743177600000,5e-05,2025-03-28 16:00:00.000
1743192000000,5e-05,2025-03-28 20:00:00.000
1743206400000,5e-05,2025-03-29 00:00:00.000
1743220800001,5e-05,2025-03-29 04:00:00.001
1743235200000,5e-05,2025-03-29 08:00:00.000
1743249600000,5e-05,2025-03-29 12:00:00.000
1743264000000,5e-05,2025-03-29 16:00:00.000
1743278400000,5e-05,2025-03-29 20:00:00.000
1743292800000,5e-05,2025-03-30 00:00:00.000
1743307200000,5e-05,2025-03-30 04:00:00.000
1743321600000,5e-05,2025-03-30 08:00:00.000
1743336000000,5e-05,2025-03-30 12:00:00.000
1743350400000,5e-05,2025-03-30 16:00:00.000
1743364800000,5e-05,2025-03-30 20:00:00.000
1743379200000,5e-05,2025-03-31 00:00:00.000
1743393600000,5e-05,2025-03-31 04:00:00.000
1743408000000,5e-05,2025-03-31 08:00:00.000
1743422400000,5e-05,2025-03-31 12:00:00.000
1743436800000,5e-05,2025-03-31 16:00:00.000
1743451200000,5e-05,2025-03-31 20:00:00.000
1743465600000,5e-05,2025-04-01 00:00:00.000
1743480000001,5e-05,2025-04-01 04:00:00.001
1743494400001,5e-05,2025-04-01 08:00:00.001
1743508800000,5e-05,2025-04-01 12:00:00.000
1743523200000,5e-05,2025-04-01 16:00:00.000
1743537600003,5e-05,2025-04-01 20:00:00.003
1743552000001,5e-05,2025-04-02 00:00:00.001
1743566400001,5e-05,2025-04-02 04:00:00.001
1743580800000,5e-05,2025-04-02 08:00:00.000
1743595200002,5e-05,2025-04-02 12:00:00.002
1743609600000,5e-05,2025-04-02 16:00:00.000
1743624000000,5e-05,2025-04-02 20:00:00.000
1743638400000,5e-05,2025-04-03 00:00:00.000
1743652800000,5e-05,2025-04-03 04:00:00.000
1743667200000,5e-05,2025-04-03 08:00:00.000
1743681600000,5e-05,2025-04-03 12:00:00.000
1743696000000,5e-05,2025-04-03 16:00:00.000
1743710400000,5e-05,2025-04-03 20:00:00.000
1743724800000,5e-05,2025-04-04 00:00:00.000
1743739200000,5e-05,2025-04-04 04:00:00.000
1743753600000,5e-05,2025-04-04 08:00:00.000
1743768000000,5e-05,2025-04-04 12:00:00.000
1743782400000,5e-05,2025-04-04 16:00:00.000
1743796800001,5e-05,2025-04-04 20:00:00.001
1743811200000,5e-05,2025-04-05 00:00:00.000
1743825600000,5e-05,2025-04-05 04:00:00.000
1743840000000,5e-05,2025-04-05 08:00:00.000
1743854400000,5e-05,2025-04-05 12:00:00.000
1743868800000,5e-05,2025-04-05 16:00:00.000
1743883200000,5e-05,2025-04-05 20:00:00.000
1743897600000,5e-05,2025-04-06 00:00:00.000
1743912000000,5e-05,2025-04-06 04:00:00.000
1743926400000,5e-05,2025-04-06 08:00:00.000
1743940800001,5e-05,2025-04-06 12:00:00.001
1743955200002,5e-05,2025-04-06 16:00:00.002
1743969600001,5e-05,2025-04-06 20:00:00.001
1743984000000,5e-05,2025-04-07 00:00:00.000
1743998400000,5e-05,2025-04-07 04:00:00.000
1744012800000,5e-05,2025-04-07 08:00:00.000
1744027200000,5e-05,2025-04-07 12:00:00.000
1744041600000,5e-05,2025-04-07 16:00:00.000
1744056000000,5e-05,2025-04-07 20:00:00.000
1744070400000,5e-05,2025-04-08 00:00:00.000
1744084800000,5e-05,2025-04-08 04:00:00.000
1744099200000,5e-05,2025-04-08 08:00:00.000
1744113600000,5e-05,2025-04-08 12:00:00.000
1744128000000,5e-05,2025-04-08 16:00:00.000
1744142400000,5e-05,2025-04-08 20:00:00.000
1744156800000,5e-05,2025-04-09 00:00:00.000
1744171200000,5e-05,2025-04-09 04:00:00.000
1744185600001,5e-05,2025-04-09 08:00:00.001
1744200000000,5e-05,2025-04-09 12:00:00.000
1744214400000,5e-05,2025-04-09 16:00:00.000
1744228800000,5e-05,2025-04-09 20:00:00.000
1744243200000,5e-05,2025-04-10 00:00:00.000
1744257600000,5e-05,2025-04-10 04:00:00.000
1744272000000,5e-05,2025-04-10 08:00:00.000
1744286400000,5e-05,2025-04-10 12:00:00.000
1744300800000,5e-05,2025-04-10 16:00:00.000
1744315200000,5e-05,2025-04-10 20:00:00.000
1744329600001,5e-05,2025-04-11 00:00:00.001
1744344000001,5e-05,2025-04-11 04:00:00.001
1744358400000,5e-05,2025-04-11 08:00:00.000
1744372800000,5e-05,2025-04-11 12:00:00.000
1744387200000,5e-05,2025-04-11 16:00:00.000
1744401600001,5e-05,2025-04-11 20:00:00.001
1744416000000,5e-05,2025-04-12 00:00:00.000
1744430400000,5e-05,2025-04-12 04:00:00.000
1744444800001,5e-05,2025-04-12 08:00:00.001
1744459200001,5e-05,2025-04-12 12:00:00.001
1744473600000,5e-05,2025-04-12 16:00:00.000
1744488000000,5e-05,2025-04-12 20:00:00.000
1744502400000,5e-05,2025-04-13 00:00:00.000
1744516800000,5e-05,2025-04-13 04:00:00.000
1744531200000,5e-05,2025-04-13 08:00:00.000
1744545600000,5e-05,2025-04-13 12:00:00.000
1744560000000,5e-05,2025-04-13 16:00:00.000
1744574400000,5e-05,2025-04-13 20:00:00.000
1744588800000,5e-05,2025-04-14 00:00:00.000
1744603200000,5e-05,2025-04-14 04:00:00.000
1744617600000,5e-05,2025-04-14 08:00:00.000
1744632000002,5e-05,2025-04-14 12:00:00.002
1744646400000,5e-05,2025-04-14 16:00:00.000
1744660800000,5e-05,2025-04-14 20:00:00.000
1744675200000,5e-05,2025-04-15 00:00:00.000
1744689600001,5e-05,2025-04-15 04:00:00.001
1744704000000,5e-05,2025-04-15 08:00:00.000
1744718400000,5e-05,2025-04-15 12:00:00.000
1744732800001,5e-05,2025-04-15 16:00:00.001
1744747200000,5e-05,2025-04-15 20:00:00.000
1744761600000,5e-05,2025-04-16 00:00:00.000
1744776000000,5e-05,2025-04-16 04:00:00.000
1744790400000,5e-05,2025-04-16 08:00:00.000
1744804800000,5e-05,2025-04-16 12:00:00.000
1744819200000,5e-05,2025-04-16 16:00:00.000
1744833600000,5e-05,2025-04-16 20:00:00.000
1744848000001,5e-05,2025-04-17 00:00:00.001
1744862400000,5e-05,2025-04-17 04:00:00.000
1744876800000,5e-05,2025-04-17 08:00:00.000
1744891200000,5e-05,2025-04-17 12:00:00.000
1744905600001,5e-05,2025-04-17 16:00:00.001
1744920000001,5e-05,2025-04-17 20:00:00.001
1744934400000,5e-05,2025-04-18 00:00:00.000
1744948800000,5e-05,2025-04-18 04:00:00.000
1744963200000,5e-05,2025-04-18 08:00:00.000
1744977600000,5e-05,2025-04-18 12:00:00.000
1744992000000,5e-05,2025-04-18 16:00:00.000
1745006400000,5e-05,2025-04-18 20:00:00.000
1745020800000,5e-05,2025-04-19 00:00:00.000
1745035200000,5e-05,2025-04-19 04:00:00.000
1745049600000,5e-05,2025-04-19 08:00:00.000
1745064000000,5e-05,2025-04-19 12:00:00.000
1745078400000,5e-05,2025-04-19 16:00:00.000
1745092800000,5e-05,2025-04-19 20:00:00.000
1745107200000,5e-05,2025-04-20 00:00:00.000
1745121600000,5e-05,2025-04-20 04:00:00.000
1745136000000,5e-05,2025-04-20 08:00:00.000
1745150400001,5e-05,2025-04-20 12:00:00.001
1745164800000,5e-05,2025-04-20 16:00:00.000
1745179200000,5e-05,2025-04-20 20:00:00.000
1745193600000,5e-05,2025-04-21 00:00:00.000
1745208000000,5e-05,2025-04-21 04:00:00.000
1745222400005,5e-05,2025-04-21 08:00:00.005
1745236800002,5e-05,2025-04-21 12:00:00.002
1745251200003,5e-05,2025-04-21 16:00:00.003
1745265600006,5e-05,2025-04-21 20:00:00.006
1745280000008,5e-05,2025-04-22 00:00:00.008
1745294400000,5e-05,2025-04-22 04:00:00.000
1745308800000,5e-05,2025-04-22 08:00:00.000
1745323200001,5e-05,2025-04-22 12:00:00.001
1745337600000,5e-05,2025-04-22 16:00:00.000
1745352000004,5e-05,2025-04-22 20:00:00.004
1745366400000,5e-05,2025-04-23 00:00:00.000
1745380800000,5e-05,2025-04-23 04:00:00.000
1745395200002,5e-05,2025-04-23 08:00:00.002
1745409600005,5e-05,2025-04-23 12:00:00.005
1745424000000,5e-05,2025-04-23 16:00:00.000
1745438400001,5e-05,2025-04-23 20:00:00.001
1745452800000,5e-05,2025-04-24 00:00:00.000
1745467200003,5e-05,2025-04-24 04:00:00.003
1745481600001,5e-05,2025-04-24 08:00:00.001
1745496000001,5e-05,2025-04-24 12:00:00.001
1745510400001,5e-05,2025-04-24 16:00:00.001
1745524800006,5e-05,2025-04-24 20:00:00.006
1745539200007,5e-05,2025-04-25 00:00:00.007
1745553600001,5e-05,2025-04-25 04:00:00.001
1745568000002,5e-05,2025-04-25 08:00:00.002
1745582400000,5e-05,2025-04-25 12:00:00.000
1745596800003,5e-05,2025-04-25 16:00:00.003
1745611200001,5e-05,2025-04-25 20:00:00.001
1745625600002,5e-05,2025-04-26 00:00:00.002
1745640000001,5e-05,2025-04-26 04:00:00.001
1745654400000,5e-05,2025-04-26 08:00:00.000
1745668800000,5e-05,2025-04-26 12:00:00.000
1745683200002,5e-05,2025-04-26 16:00:00.002
1745697600000,5e-05,2025-04-26 20:00:00.000
1745712000001,5e-05,2025-04-27 00:00:00.001
1745726400001,5e-05,2025-04-27 04:00:00.001
1745740800000,5e-05,2025-04-27 08:00:00.000
1745755200000,5e-05,2025-04-27 12:00:00.000
1745769600000,5e-05,2025-04-27 16:00:00.000
1745784000003,5e-05,2025-04-27 20:00:00.003
1745798400001,5e-05,2025-04-28 00:00:00.001
1745812800001,5e-05,2025-04-28 04:00:00.001
1745827200003,5e-05,2025-04-28 08:00:00.003
1745841600000,5e-05,2025-04-28 12:00:00.000
1745856000005,5e-05,2025-04-28 16:00:00.005
1745870400002,5e-05,2025-04-28 20:00:00.002
1745884800000,5e-05,2025-04-29 00:00:00.000
1745899200000,5e-05,2025-04-29 04:00:00.000
1745913600000,5e-05,2025-04-29 08:00:00.000
1745928000001,5e-05,2025-04-29 12:00:00.001
1745942400010,5e-05,2025-04-29 16:00:00.010
1745956800002,5e-05,2025-04-29 20:00:00.002
1745971200001,5e-05,2025-04-30 00:00:00.001
1745985600001,5e-05,2025-04-30 04:00:00.001
1746000000000,5e-05,2025-04-30 08:00:00.000
1746014400001,5e-05,2025-04-30 12:00:00.001
1746028800003,5e-05,2025-04-30 16:00:00.003
1746043200002,5e-05,2025-04-30 20:00:00.002
1746057600000,5e-05,2025-05-01 00:00:00.000
1746072000008,5e-05,2025-05-01 04:00:00.008
1746086400000,5e-05,2025-05-01 08:00:00.000
1746100800001,5e-05,2025-05-01 12:00:00.001
1746115200001,5e-05,2025-05-01 16:00:00.001
1746129600000,5e-05,2025-05-01 20:00:00.000
1746144000000,5e-05,2025-05-02 00:00:00.000
1746158400000,5e-05,2025-05-02 04:00:00.000
1746172800000,5e-05,2025-05-02 08:00:00.000
1746187200005,5e-05,2025-05-02 12:00:00.005
1746201600003,5e-05,2025-05-02 16:00:00.003
1746216000003,5e-05,2025-05-02 20:00:00.003
1746230400000,5e-05,2025-05-03 00:00:00.000
1746244800001,5e-05,2025-05-03 04:00:00.001
1746259200000,5e-05,2025-05-03 08:00:00.000
1746273600006,5e-05,2025-05-03 12:00:00.006
1746288000000,5e-05,2025-05-03 16:00:00.000
1746302400000,5e-05,2025-05-03 20:00:00.000
1746316800001,5e-05,2025-05-04 00:00:00.001
1746331200004,5e-05,2025-05-04 04:00:00.004
1746345600001,5e-05,2025-05-04 08:00:00.001
1746360000006,5e-05,2025-05-04 12:00:00.006
1746374400002,5e-05,2025-05-04 16:00:00.002
1746388800000,5e-05,2025-05-04 20:00:00.000
1746403200000,5e-05,2025-05-05 00:00:00.000
1746417600000,5e-05,2025-05-05 04:00:00.000
1746432000000,5e-05,2025-05-05 08:00:00.000
1746446400000,5e-05,2025-05-05 12:00:00.000
1746460800006,5e-05,2025-05-05 16:00:00.006
1746475200000,5e-05,2025-05-05 20:00:00.000
1746489600002,5e-05,2025-05-06 00:00:00.002
1746504000000,5e-05,2025-05-06 04:00:00.000
1746518400005,5e-05,2025-05-06 08:00:00.005
1746532800000,5e-05,2025-05-06 12:00:00.000
1746547200000,5e-05,2025-05-06 16:00:00.000
1746561600000,5e-05,2025-05-06 20:00:00.000
1746576000002,5e-05,2025-05-07 00:00:00.002
1746590400004,5e-05,2025-05-07 04:00:00.004
1746604800000,5e-05,2025-05-07 08:00:00.000
1746619200000,5e-05,2025-05-07 12:00:00.000
1746633600006,5e-05,2025-05-07 16:00:00.006
1746648000000,5e-05,2025-05-07 20:00:00.000
1746662400000,5e-05,2025-05-08 00:00:00.000
1746676800005,5e-05,2025-05-08 04:00:00.005
1746691200001,5e-05,2025-05-08 08:00:00.001
1746705600000,5e-05,2025-05-08 12:00:00.000
1746720000002,5e-05,2025-05-08 16:00:00.002
1746734400006,5e-05,2025-05-08 20:00:00.006
1746748800001,5e-05,2025-05-09 00:00:00.001
1746763200000,5e-05,2025-05-09 04:00:00.000
1746777600006,5e-05,2025-05-09 08:00:00.006
1746792000000,5e-05,2025-05-09 12:00:00.000
1746806400000,5e-05,2025-05-09 16:00:00.000
1746820800000,5e-05,2025-05-09 20:00:00.000
1746835200001,5e-05,2025-05-10 00:00:00.001
1746849600003,5e-05,2025-05-10 04:00:00.003
1746864000000,5e-05,2025-05-10 08:00:00.000
1746878400000,5e-05,2025-05-10 12:00:00.000
1746892800001,5e-05,2025-05-10 16:00:00.001
1746907200000,5e-05,2025-05-10 20:00:00.000
1746921600000,5e-05,2025-05-11 00:00:00.000
1746936000000,5e-05,2025-05-11 04:00:00.000
1746950400001,5e-05,2025-05-11 08:00:00.001
1746964800001,5e-05,2025-05-11 12:00:00.001
1746979200001,5e-05,2025-05-11 16:00:00.001
1746993600000,5e-05,2025-05-11 20:00:00.000
1747008000004,5e-05,2025-05-12 00:00:00.004
1747022400003,5e-05,2025-05-12 04:00:00.003
1747036800000,5e-05,2025-05-12 08:00:00.000
1747051200000,5e-05,2025-05-12 12:00:00.000
1747065600000,5e-05,2025-05-12 16:00:00.000
1747080000004,5e-05,2025-05-12 20:00:00.004
1747094400000,5e-05,2025-05-13 00:00:00.000
1747108800000,5e-05,2025-05-13 04:00:00.000
1747123200008,5e-05,2025-05-13 08:00:00.008
1747137600000,5e-05,2025-05-13 12:00:00.000
1747152000001,5e-05,2025-05-13 16:00:00.001
1747166400006,5e-05,2025-05-13 20:00:00.006
1747180800007,5e-05,2025-05-14 00:00:00.007
1747195200000,5e-05,2025-05-14 04:00:00.000
1747209600000,5e-05,2025-05-14 08:00:00.000
1747224000000,5e-05,2025-05-14 12:00:00.000
1747238400002,5e-05,2025-05-14 16:00:00.002
1747252800007,5e-05,2025-05-14 20:00:00.007
1747267200000,5e-05,2025-05-15 00:00:00.000
1747281600000,5e-05,2025-05-15 04:00:00.000
1747296000003,5e-05,2025-05-15 08:00:00.003
1747310400000,5e-05,2025-05-15 12:00:00.000
1747324800000,5e-05,2025-05-15 16:00:00.000
1747339200001,5e-05,2025-05-15 20:00:00.001
1747353600001,5e-05,2025-05-16 00:00:00.001
1747368000001,5e-05,2025-05-16 04:00:00.001
1747382400000,5e-05,2025-05-16 08:00:00.000
1747396800006,5e-05,2025-05-16 12:00:00.006
1747411200000,5e-05,2025-05-16 16:00:00.000
1747425600002,5e-05,2025-05-16 20:00:00.002
1747440000000,5e-05,2025-05-17 00:00:00.000
1747454400000,5e-05,2025-05-17 04:00:00.000
1747468800001,5e-05,2025-05-17 08:00:00.001
1747483200002,5e-05,2025-05-17 12:00:00.002
1747497600004,5e-05,2025-05-17 16:00:00.004
1747512000003,5e-05,2025-05-17 20:00:00.003
1747526400000,5e-05,2025-05-18 00:00:00.000
1747540800003,5e-05,2025-05-18 04:00:00.003
1747555200000,5e-05,2025-05-18 08:00:00.000
1747569600010,5e-05,2025-05-18 12:00:00.010
1747584000000,5e-05,2025-05-18 16:00:00.000
1747598400001,5e-05,2025-05-18 20:00:00.001
1747612800000,5e-05,2025-05-19 00:00:00.000
1747627200004,5e-05,2025-05-19 04:00:00.004
1747641600006,5e-05,2025-05-19 08:00:00.006
1747656000000,5e-05,2025-05-19 12:00:00.000
1747670400010,5e-05,2025-05-19 16:00:00.010
1747684800000,5e-05,2025-05-19 20:00:00.000
1747699200000,5e-05,2025-05-20 00:00:00.000
1747713600000,5e-05,2025-05-20 04:00:00.000
1747728000002,5e-05,2025-05-20 08:00:00.002
1747742400003,5e-05,2025-05-20 12:00:00.003
1747756800000,5e-05,2025-05-20 16:00:00.000
1747771200000,5e-05,2025-05-20 20:00:00.000
1747785600000,5e-05,2025-05-21 00:00:00.000
1747800000000,5e-05,2025-05-21 04:00:00.000
1747814400001,5e-05,2025-05-21 08:00:00.001
1747828800007,5e-05,2025-05-21 12:00:00.007
1747843200004,5e-05,2025-05-21 16:00:00.004
1747857600001,5e-05,2025-05-21 20:00:00.001
1747872000001,5e-05,2025-05-22 00:00:00.001
1747886400000,5e-05,2025-05-22 04:00:00.000
1747900800000,5e-05,2025-05-22 08:00:00.000
1747915200000,5e-05,2025-05-22 12:00:00.000
1747929600002,5e-05,2025-05-22 16:00:00.002
1747944000001,5e-05,2025-05-22 20:00:00.001
1747958400006,5e-05,2025-05-23 00:00:00.006
1747972800000,5e-05,2025-05-23 04:00:00.000
1747987200000,5e-05,2025-05-23 08:00:00.000
1748001600003,5e-05,2025-05-23 12:00:00.003
1748016000007,5e-05,2025-05-23 16:00:00.007
1748030400006,5e-05,2025-05-23 20:00:00.006
1748044800010,5e-05,2025-05-24 00:00:00.010
1748059200000,5e-05,2025-05-24 04:00:00.000
1748073600000,5e-05,2025-05-24 08:00:00.000
1748088000007,5e-05,2025-05-24 12:00:00.007
1748102400003,5e-05,2025-05-24 16:00:00.003
1748116800000,5e-05,2025-05-24 20:00:00.000
1748131200004,5e-05,2025-05-25 00:00:00.004
1748145600001,5e-05,2025-05-25 04:00:00.001
1748160000000,5e-05,2025-05-25 08:00:00.000
1748174400000,5e-05,2025-05-25 12:00:00.000
1748188800000,5e-05,2025-05-25 16:00:00.000
1748203200010,5e-05,2025-05-25 20:00:00.010
1748217600000,5e-05,2025-05-26 00:00:00.000
1748232000000,5e-05,2025-05-26 04:00:00.000
1748246400000,5e-05,2025-05-26 08:00:00.000
1748260800000,5e-05,2025-05-26 12:00:00.000
1748275200002,5e-05,2025-05-26 16:00:00.002
1748289600000,5e-05,2025-05-26 20:00:00.000
1748304000003,5e-05,2025-05-27 00:00:00.003
1748318400000,5e-05,2025-05-27 04:00:00.000
1748332800001,5e-05,2025-05-27 08:00:00.001
1748347200005,5e-05,2025-05-27 12:00:00.005
1748361600005,5e-05,2025-05-27 16:00:00.005
1748376000005,5e-05,2025-05-27 20:00:00.005
1748390400002,5e-05,2025-05-28 00:00:00.002
1748404800010,5e-05,2025-05-28 04:00:00.010
1748419200003,5e-05,2025-05-28 08:00:00.003
1748433600000,5e-05,2025-05-28 12:00:00.000
1748448000002,5e-05,2025-05-28 16:00:00.002
1748462400000,5e-05,2025-05-28 20:00:00.000
1748476800000,5e-05,2025-05-29 00:00:00.000
1748491200000,5e-05,2025-05-29 04:00:00.000
1748505600006,5e-05,2025-05-29 08:00:00.006
1748520000001,5e-05,2025-05-29 12:00:00.001
1748534400000,5e-05,2025-05-29 16:00:00.000
1748548800010,5e-05,2025-05-29 20:00:00.010
1748563200003,5e-05,2025-05-30 00:00:00.003
1748577600000,5e-05,2025-05-30 04:00:00.000
1748592000003,5e-05,2025-05-30 08:00:00.003
1748606400006,5e-05,2025-05-30 12:00:00.006
1748620800000,5e-05,2025-05-30 16:00:00.000
1748635200005,5e-05,2025-05-30 20:00:00.005
1748649600000,5e-05,2025-05-31 00:00:00.000
1748664000004,5e-05,2025-05-31 04:00:00.004
1748678400000,5e-05,2025-05-31 08:00:00.000
1748692800000,5e-05,2025-05-31 12:00:00.000
1748707200000,5e-05,2025-05-31 16:00:00.000
1748721600004,5e-05,2025-05-31 20:00:00.004
1748736000001,5e-05,2025-06-01 00:00:00.001
1748750400001,5e-05,2025-06-01 04:00:00.001
1748764800002,5e-05,2025-06-01 08:00:00.002
1748779200008,5e-05,2025-06-01 12:00:00.008
1748793600000,5e-05,2025-06-01 16:00:00.000
1748808000003,5e-05,2025-06-01 20:00:00.003
1748822400001,5e-05,2025-06-02 00:00:00.001
1748836800004,5e-05,2025-06-02 04:00:00.004
1748851200000,5e-05,2025-06-02 08:00:00.000
1748865600002,5e-05,2025-06-02 12:00:00.002
1748880000000,5e-05,2025-06-02 16:00:00.000
1748894400002,5e-05,2025-06-02 20:00:00.002
1748908800000,5e-05,2025-06-03 00:00:00.000
1748923200001,5e-05,2025-06-03 04:00:00.001
1748937600000,5e-05,2025-06-03 08:00:00.000
1748952000000,5e-05,2025-06-03 12:00:00.000
1748966400001,5e-05,2025-06-03 16:00:00.001
1748980800000,5e-05,2025-06-03 20:00:00.000
1748995200000,5e-05,2025-06-04 00:00:00.000
1749009600001,5e-05,2025-06-04 04:00:00.001
1749024000000,5e-05,2025-06-04 08:00:00.000
1749038400000,5e-05,2025-06-04 12:00:00.000
1749052800000,5e-05,2025-06-04 16:00:00.000
1749067200001,5e-05,2025-06-04 20:00:00.001
1749081600016,5e-05,2025-06-05 00:00:00.016
1749096000001,5e-05,2025-06-05 04:00:00.001
1749110400000,5e-05,2025-06-05 08:00:00.000
1749124800003,5e-05,2025-06-05 12:00:00.003
1749139200000,5e-05,2025-06-05 16:00:00.000
1749153600002,5e-05,2025-06-05 20:00:00.002
1749168000002,5e-05,2025-06-06 00:00:00.002
1749182400000,5e-05,2025-06-06 04:00:00.000
1749196800000,5e-05,2025-06-06 08:00:00.000
1749211200002,5e-05,2025-06-06 12:00:00.002
1749225600006,5e-05,2025-06-06 16:00:00.006
1749240000000,5e-05,2025-06-06 20:00:00.000
1749254400000,5e-05,2025-06-07 00:00:00.000
1749268800000,5e-05,2025-06-07 04:00:00.000
1749283200000,5e-05,2025-06-07 08:00:00.000
1749297600000,5e-05,2025-06-07 12:00:00.000
1749312000002,5e-05,2025-06-07 16:00:00.002
1749326400002,5e-05,2025-06-07 20:00:00.002
1749340800000,5e-05,2025-06-08 00:00:00.000
1749355200000,5e-05,2025-06-08 04:00:00.000
1749369600000,5e-05,2025-06-08 08:00:00.000
1749384000020,5e-05,2025-06-08 12:00:00.020
1749398400000,5e-05,2025-06-08 16:00:00.000
1749412800001,5e-05,2025-06-08 20:00:00.001
1749427200000,5e-05,2025-06-09 00:00:00.000
1749441600003,5e-05,2025-06-09 04:00:00.003
1749456000001,5e-05,2025-06-09 08:00:00.001
1749470400000,5e-05,2025-06-09 12:00:00.000
1749484800001,5e-05,2025-06-09 16:00:00.001
1749499200012,5e-05,2025-06-09 20:00:00.012
1749513600000,5e-05,2025-06-10 00:00:00.000
1749528000000,5e-05,2025-06-10 04:00:00.000
1749542400001,5e-05,2025-06-10 08:00:00.001
1749556800005,5e-05,2025-06-10 12:00:00.005
1749571200003,5e-05,2025-06-10 16:00:00.003
1749585600010,5e-05,2025-06-10 20:00:00.010
1749600000000,5e-05,2025-06-11 00:00:00.000
1749614400006,5e-05,2025-06-11 04:00:00.006
1749628800000,5e-05,2025-06-11 08:00:00.000
1749643200007,5e-05,2025-06-11 12:00:00.007
1749657600010,5e-05,2025-06-11 16:00:00.010
1749672000012,5e-05,2025-06-11 20:00:00.012
1749686400002,5e-05,2025-06-12 00:00:00.002
1749700800000,5e-05,2025-06-12 04:00:00.000
1749715200003,5e-05,2025-06-12 08:00:00.003
1749729600001,5e-05,2025-06-12 12:00:00.001
1749744000001,5e-05,2025-06-12 16:00:00.001
1749758400003,5e-05,2025-06-12 20:00:00.003
1749772800000,5e-05,2025-06-13 00:00:00.000
1749787200002,5e-05,2025-06-13 04:00:00.002
1749801600001,5e-05,2025-06-13 08:00:00.001
1749816000000,5e-05,2025-06-13 12:00:00.000
1749830400004,5e-05,2025-06-13 16:00:00.004
1749844800001,5e-05,2025-06-13 20:00:00.001
1749859200000,5e-05,2025-06-14 00:00:00.000
1749873600000,5e-05,2025-06-14 04:00:00.000
1749888000000,5e-05,2025-06-14 08:00:00.000
1749902400007,5e-05,2025-06-14 12:00:00.007
1749916800000,5e-05,2025-06-14 16:00:00.000
1749931200005,5e-05,2025-06-14 20:00:00.005
1749945600005,5e-05,2025-06-15 00:00:00.005
1749960000004,5e-05,2025-06-15 04:00:00.004
1749974400009,5e-05,2025-06-15 08:00:00.009
1749988800000,5e-05,2025-06-15 12:00:00.000
1750003200000,5e-05,2025-06-15 16:00:00.000
1750017600000,5e-05,2025-06-15 20:00:00.000
1750032000000,5e-05,2025-06-16 00:00:00.000
1750046400009,5e-05,2025-06-16 04:00:00.009
1750060800000,5e-05,2025-06-16 08:00:00.000
1750075200000,5e-05,2025-06-16 12:00:00.000
1750089600003,5e-05,2025-06-16 16:00:00.003
1750104000000,5e-05,2025-06-16 20:00:00.000
1750118400000,5e-05,2025-06-17 00:00:00.000
1750132800000,5e-05,2025-06-17 04:00:00.000
1750147200006,5e-05,2025-06-17 08:00:00.006
1750161600001,5e-05,2025-06-17 12:00:00.001
1750176000001,5e-05,2025-06-17 16:00:00.001
1750190400000,5e-05,2025-06-17 20:00:00.000
1750204800001,5e-05,2025-06-18 00:00:00.001
1750219200001,5e-05,2025-06-18 04:00:00.001
1750233600001,5e-05,2025-06-18 08:00:00.001
1750248000003,5e-05,2025-06-18 12:00:00.003
1750262400001,5e-05,2025-06-18 16:00:00.001
1750276800000,5e-05,2025-06-18 20:00:00.000
1750291200005,5e-05,2025-06-19 00:00:00.005
1750305600005,5e-05,2025-06-19 04:00:00.005
1750320000003,5e-05,2025-06-19 08:00:00.003
