timestamp,funding_rate,datetime
1750939200005,5e-05,2025-06-26 12:00:00.005
1750953600007,-0.02,2025-06-26 16:00:00.007
1750957200000,-0.01513301,2025-06-26 17:00:00.000
1750960800007,-0.00598948,2025-06-26 18:00:00.007
1750964400001,-0.01158679,2025-06-26 19:00:00.001
1750968000000,-0.00333176,2025-06-26 20:00:00.000
1750971600004,-0.00013502,2025-06-26 21:00:00.004
1750975200001,-0.00410812,2025-06-26 22:00:00.001
1750978800000,-0.00487167,2025-06-26 23:00:00.000
1750982400000,-0.00646718,2025-06-27 00:00:00.000
1750986000000,-0.00121419,2025-06-27 01:00:00.000
1750989600000,-0.00461803,2025-06-27 02:00:00.000
1750993200000,-0.00085986,2025-06-27 03:00:00.000
1750996800001,-0.00343232,2025-06-27 04:00:00.001
1751000400005,-0.00114046,2025-06-27 05:00:00.005
1751004000010,-0.00084012,2025-06-27 06:00:00.010
1751007600002,-0.00126048,2025-06-27 07:00:00.002
1751011200000,-0.0024394,2025-06-27 08:00:00.000
1751014800006,-0.00487703,2025-06-27 09:00:00.006
1751018400000,-0.00334107,2025-06-27 10:00:00.000
1751022000001,-0.00439964,2025-06-27 11:00:00.001
1751025600003,-0.00478042,2025-06-27 12:00:00.003
1751029200000,-0.00095822,2025-06-27 13:00:00.000
1751032800000,-0.00113337,2025-06-27 14:00:00.000
1751036400003,-0.00059363,2025-06-27 15:00:00.003
1751040000009,-0.00086617,2025-06-27 16:00:00.009
1751043600000,-0.00128733,2025-06-27 17:00:00.000
1751047200003,-0.00121045,2025-06-27 18:00:00.003
1751050800000,-0.00019196,2025-06-27 19:00:00.000
1751054400002,-0.00152438,2025-06-27 20:00:00.002
1751058000001,-0.0014978,2025-06-27 21:00:00.001
1751061600000,-0.00015034,2025-06-27 22:00:00.000
1751065200003,-0.00015044,2025-06-27 23:00:00.003
1751068800001,-0.00085775,2025-06-28 00:00:00.001
1751072400000,-0.00506118,2025-06-28 01:00:00.000
1751076000000,-0.00240063,2025-06-28 02:00:00.000
1751079600000,-0.00150881,2025-06-28 03:00:00.000
1751083200000,-0.00403603,2025-06-28 04:00:00.000
1751086800006,-0.00145771,2025-06-28 05:00:00.006
1751090400000,-0.00075936,2025-06-28 06:00:00.000
1751094000000,-0.00038848,2025-06-28 07:00:00.000
1751097600002,-0.00061043,2025-06-28 08:00:00.002
1751101200000,-0.00212228,2025-06-28 09:00:00.000
1751104800001,-0.00139563,2025-06-28 10:00:00.001
1751108400000,-0.00072724,2025-06-28 11:00:00.000
1751112000000,-0.00092154,2025-06-28 12:00:00.000
1751115600004,-0.00163504,2025-06-28 13:00:00.004
1751119200002,-0.00147729,2025-06-28 14:00:00.002
1751122800004,-0.0010852,2025-06-28 15:00:00.004
1751126400000,-0.00032514,2025-06-28 16:00:00.000
1751130000007,-0.00038609,2025-06-28 17:00:00.007
1751133600000,-0.00036099,2025-06-28 18:00:00.000
1751137200000,-0.00061546,2025-06-28 19:00:00.000
1751140800007,-0.00045933,2025-06-28 20:00:00.007
1751144400001,-0.0001003,2025-06-28 21:00:00.001
1751148000000,-8.836e-05,2025-06-28 22:00:00.000
1751151600008,-0.00029073,2025-06-28 23:00:00.008
1751155200004,-0.00057493,2025-06-29 00:00:00.004
1751158800000,-0.00129593,2025-06-29 01:00:00.000
1751162400000,-0.00102284,2025-06-29 02:00:00.000
1751166000000,-0.00254333,2025-06-29 03:00:00.000
1751169600003,-0.00208794,2025-06-29 04:00:00.003
1751173200001,-0.00217529,2025-06-29 05:00:00.001
1751176800002,1.25e-05,2025-06-29 06:00:00.002
1751180400000,-0.0021734,2025-06-29 07:00:00.000
1751184000001,-0.00112673,2025-06-29 08:00:00.001
1751187600000,-0.00028746,2025-06-29 09:00:00.000
1751191200006,-0.00092086,2025-06-29 10:00:00.006
1751194800007,-0.00066676,2025-06-29 11:00:00.007
1751198400003,-0.00146712,2025-06-29 12:00:00.003
1751202000000,-0.00190171,2025-06-29 13:00:00.000
1751205600000,-0.00180274,2025-06-29 14:00:00.000
1751209200000,-0.00253083,2025-06-29 15:00:00.000
1751212800001,1.25e-05,2025-06-29 16:00:00.001
1751216400001,1.25e-05,2025-06-29 17:00:00.001
1751220000000,-3.696e-05,2025-06-29 18:00:00.000
1751223600003,2.7e-07,2025-06-29 19:00:00.003
1751227200003,1.25e-05,2025-06-29 20:00:00.003
1751230800000,1.25e-05,2025-06-29 21:00:00.000
1751234400000,-0.00013547,2025-06-29 22:00:00.000
1751238000000,-6.624e-05,2025-06-29 23:00:00.000
1751241600000,-8.468e-05,2025-06-30 00:00:00.000
1751245200000,1.25e-05,2025-06-30 01:00:00.000
1751248800006,-0.00038209,2025-06-30 02:00:00.006
1751252400000,-0.00030759,2025-06-30 03:00:00.000
1751256000003,-0.00034307,2025-06-30 04:00:00.003
1751259600000,-0.00051224,2025-06-30 05:00:00.000
1751263200000,-6.363e-05,2025-06-30 06:00:00.000
1751266800000,1.25e-05,2025-06-30 07:00:00.000
1751270400005,-4.737e-05,2025-06-30 08:00:00.005
1751274000003,-0.00010413,2025-06-30 09:00:00.003
1751277600000,1.25e-05,2025-06-30 10:00:00.000
1751281200002,-0.0002915,2025-06-30 11:00:00.002
1751284800000,-0.00019503,2025-06-30 12:00:00.000
1751288400000,-5.019e-05,2025-06-30 13:00:00.000
1751292000000,-0.00017541,2025-06-30 14:00:00.000
1751295600000,-7.504e-05,2025-06-30 15:00:00.000
1751299200002,-0.00013825,2025-06-30 16:00:00.002
1751302800003,-0.00017277,2025-06-30 17:00:00.003
1751306400009,-0.00022028,2025-06-30 18:00:00.009
1751310000007,-2.31e-06,2025-06-30 19:00:00.007
1751313600000,-0.0001608,2025-06-30 20:00:00.000
1751317200002,-0.00020027,2025-06-30 21:00:00.002
1751320800000,-0.00011479,2025-06-30 22:00:00.000
1751324400001,-5.284e-05,2025-06-30 23:00:00.001
1751328000007,-0.00044121,2025-07-01 00:00:00.007
1751331600000,-0.00127973,2025-07-01 01:00:00.000
1751335200009,-0.00116893,2025-07-01 02:00:00.009
1751338800005,-0.00133082,2025-07-01 03:00:00.005
1751342400000,-0.00163573,2025-07-01 04:00:00.000
1751346000000,-0.0014464,2025-07-01 05:00:00.000
1751349600000,-0.00092824,2025-07-01 06:00:00.000
1751353200000,-0.00090636,2025-07-01 07:00:00.000
1751356800002,-0.00066043,2025-07-01 08:00:00.002
1751360400000,-0.00044439,2025-07-01 09:00:00.000
1751364000000,-0.00016746,2025-07-01 10:00:00.000
1751367600000,-0.00055244,2025-07-01 11:00:00.000
1751371200000,-0.00053474,2025-07-01 12:00:00.000
1751374800000,-0.00050378,2025-07-01 13:00:00.000
1751378400000,-0.00058677,2025-07-01 14:00:00.000
1751382000000,-0.00041609,2025-07-01 15:00:00.000
1751385600000,-0.00039356,2025-07-01 16:00:00.000
1751389200007,1.25e-05,2025-07-01 17:00:00.007
1751392800000,-9.712e-05,2025-07-01 18:00:00.000
1751396400000,-0.00019429,2025-07-01 19:00:00.000
1751400000000,-0.00014584,2025-07-01 20:00:00.000
1751403600000,1.25e-05,2025-07-01 21:00:00.000
1751407200002,1.25e-05,2025-07-01 22:00:00.002
1751410800002,-4.342e-05,2025-07-01 23:00:00.002
1751414400001,4.99e-06,2025-07-02 00:00:00.001
1751418000002,-4.628e-05,2025-07-02 01:00:00.002
1751421600004,-2.312e-05,2025-07-02 02:00:00.004
1751425200001,1.25e-05,2025-07-02 03:00:00.001
1751428800001,1.25e-05,2025-07-02 04:00:00.001
1751432400000,-7.01e-06,2025-07-02 05:00:00.000
1751436000005,-9.972e-05,2025-07-02 06:00:00.005
1751439600000,-0.00014253,2025-07-02 07:00:00.000
1751443200000,-0.00014761,2025-07-02 08:00:00.000
1751446800000,-0.00018115,2025-07-02 09:00:00.000
1751450400000,-0.00027684,2025-07-02 10:00:00.000
1751454000000,-0.00012609,2025-07-02 11:00:00.000
1751457600001,-0.00034458,2025-07-02 12:00:00.001
1751461200001,-0.00034398,2025-07-02 13:00:00.001
1751464800000,-0.0006508,2025-07-02 14:00:00.000
1751468400003,-0.00052112,2025-07-02 15:00:00.003
1751472000003,-0.00056212,2025-07-02 16:00:00.003
1751475600000,-0.00016806,2025-07-02 17:00:00.000
1751479200000,-4.846e-05,2025-07-02 18:00:00.000
1751482800000,-0.00012388,2025-07-02 19:00:00.000
1751486400000,-0.00031154,2025-07-02 20:00:00.000
1751490000000,-0.00030602,2025-07-02 21:00:00.000
1751493600004,1.25e-05,2025-07-02 22:00:00.004
1751497200000,-9.824e-05,2025-07-02 23:00:00.000
1751500800006,-0.00022715,2025-07-03 00:00:00.006
1751504400000,1.25e-05,2025-07-03 01:00:00.000
1751508000000,-6.612e-05,2025-07-03 02:00:00.000
1751511600000,-0.00011874,2025-07-03 03:00:00.000
1751515200002,-0.00027762,2025-07-03 04:00:00.002
1751518800001,-0.00011921,2025-07-03 05:00:00.001
1751522400000,-3.604e-05,2025-07-03 06:00:00.000
1751526000002,-0.00013691,2025-07-03 07:00:00.002
1751529600003,1.25e-05,2025-07-03 08:00:00.003
1751533200003,1.25e-05,2025-07-03 09:00:00.003
1751536800000,1.25e-05,2025-07-03 10:00:00.000
1751540400011,-6.11e-06,2025-07-03 11:00:00.011
1751544000001,1.25e-05,2025-07-03 12:00:00.001
1751547600002,-4.566e-05,2025-07-03 13:00:00.002
1751551200000,1.25e-05,2025-07-03 14:00:00.000
1751554800002,-9.457e-05,2025-07-03 15:00:00.002
1751558400003,-0.0001653,2025-07-03 16:00:00.003
1751562000005,-4.575e-05,2025-07-03 17:00:00.005
1751565600002,1.25e-05,2025-07-03 18:00:00.002
1751569200001,1.25e-05,2025-07-03 19:00:00.001
1751572800000,1.25e-05,2025-07-03 20:00:00.000
1751576400001,1.25e-05,2025-07-03 21:00:00.001
1751580000003,1.25e-05,2025-07-03 22:00:00.003
1751583600001,1.25e-05,2025-07-03 23:00:00.001
1751587200005,1.25e-05,2025-07-04 00:00:00.005
1751590800000,1.25e-05,2025-07-04 01:00:00.000
1751594400001,-0.00018887,2025-07-04 02:00:00.001
1751598000006,-0.0001095,2025-07-04 03:00:00.006
1751601600002,1.25e-05,2025-07-04 04:00:00.002
1751605200002,1.25e-05,2025-07-04 05:00:00.002
1751608800002,1.25e-05,2025-07-04 06:00:00.002
1751612400004,1.25e-05,2025-07-04 07:00:00.004
1751616000003,1.25e-05,2025-07-04 08:00:00.003
1751619600007,1.25e-05,2025-07-04 09:00:00.007
1751623200002,-0.0001864,2025-07-04 10:00:00.002
1751626800000,-0.00019589,2025-07-04 11:00:00.000
1751630400000,-0.00020935,2025-07-04 12:00:00.000
1751634000003,-0.00032069,2025-07-04 13:00:00.003
1751637600004,-0.00032057,2025-07-04 14:00:00.004
1751641200003,-9.273e-05,2025-07-04 15:00:00.003
1751644800001,-3.441e-05,2025-07-04 16:00:00.001
1751648400000,-0.00010748,2025-07-04 17:00:00.000
1751652000000,1.25e-05,2025-07-04 18:00:00.000
1751655600000,1.25e-05,2025-07-04 19:00:00.000
1751659200000,1.25e-05,2025-07-04 20:00:00.000
1751662800002,1.25e-05,2025-07-04 21:00:00.002
1751666400002,1.25e-05,2025-07-04 22:00:00.002
1751670000002,-6.237e-05,2025-07-04 23:00:00.002
1751673600004,-9.858e-05,2025-07-05 00:00:00.004
1751677200002,1.25e-05,2025-07-05 01:00:00.002
1751680800003,-6.26e-05,2025-07-05 02:00:00.003
1751684400001,-5.403e-05,2025-07-05 03:00:00.001
1751688000005,-0.00012793,2025-07-05 04:00:00.005
1751691600009,-0.00026461,2025-07-05 05:00:00.009
1751695200001,-0.00012957,2025-07-05 06:00:00.001
1751698800001,-0.00016337,2025-07-05 07:00:00.001
1751702400009,-0.00012913,2025-07-05 08:00:00.009
1751706000009,-2.069e-05,2025-07-05 09:00:00.009
1751709600004,1.25e-05,2025-07-05 10:00:00.004
1751713200002,-9.569e-05,2025-07-05 11:00:00.002
1751716800000,-0.00010671,2025-07-05 12:00:00.000
1751720400004,1.25e-05,2025-07-05 13:00:00.004
1751724000002,1.25e-05,2025-07-05 14:00:00.002
1751727600007,1.25e-05,2025-07-05 15:00:00.007
1751731200006,1.25e-05,2025-07-05 16:00:00.006
1751734800000,1.25e-05,2025-07-05 17:00:00.000
1751738400005,1.25e-05,2025-07-05 18:00:00.005
1751742000002,1.25e-05,2025-07-05 19:00:00.002
1751745600000,1.25e-05,2025-07-05 20:00:00.000
1751749200007,1.25e-05,2025-07-05 21:00:00.007
1751752800000,1.25e-05,2025-07-05 22:00:00.000
1751756400003,1.25e-05,2025-07-05 23:00:00.003
1751760000001,1.25e-05,2025-07-06 00:00:00.001
1751763600006,1.25e-05,2025-07-06 01:00:00.006
1751767200009,1.25e-05,2025-07-06 02:00:00.009
1751770800006,1.25e-05,2025-07-06 03:00:00.006
1751774400000,1.25e-05,2025-07-06 04:00:00.000
1751778000000,1.25e-05,2025-07-06 05:00:00.000
1751781600010,1.25e-05,2025-07-06 06:00:00.010
1751785200001,1.25e-05,2025-07-06 07:00:00.001
1751788800002,1.25e-05,2025-07-06 08:00:00.002
1751792400000,1.25e-05,2025-07-06 09:00:00.000
1751796000002,1.25e-05,2025-07-06 10:00:00.002
1751799600002,1.25e-05,2025-07-06 11:00:00.002
1751803200001,1.25e-05,2025-07-06 12:00:00.001
1751806800000,1.25e-05,2025-07-06 13:00:00.000
1751810400000,1.25e-05,2025-07-06 14:00:00.000
1751814000000,1.25e-05,2025-07-06 15:00:00.000
1751817600004,1.25e-05,2025-07-06 16:00:00.004
1751821200006,1.25e-05,2025-07-06 17:00:00.006
1751824800000,1.25e-05,2025-07-06 18:00:00.000
1751828400003,1.25e-05,2025-07-06 19:00:00.003
1751832000006,1.25e-05,2025-07-06 20:00:00.006
1751835600000,1.25e-05,2025-07-06 21:00:00.000
1751839200002,1.25e-05,2025-07-06 22:00:00.002
1751842800009,3.09e-06,2025-07-06 23:00:00.009
1751846400000,-6.39e-05,2025-07-07 00:00:00.000
1751850000004,1.25e-05,2025-07-07 01:00:00.004
1751853600000,-9.655e-05,2025-07-07 02:00:00.000
1751857200004,-1.168e-05,2025-07-07 03:00:00.004
1751860800000,9.05e-06,2025-07-07 04:00:00.000
1751864400000,1.25e-05,2025-07-07 05:00:00.000
1751868000001,1.115e-05,2025-07-07 06:00:00.001
1751871600002,-7.732e-05,2025-07-07 07:00:00.002
1751875200007,1.25e-05,2025-07-07 08:00:00.007
1751878800002,1.25e-05,2025-07-07 09:00:00.002
1751882400000,1.25e-05,2025-07-07 10:00:00.000
1751886000000,1.25e-05,2025-07-07 11:00:00.000
1751889600000,1.25e-05,2025-07-07 12:00:00.000
1751893200000,-0.00011758,2025-07-07 13:00:00.000
1751896800000,-0.0002195,2025-07-07 14:00:00.000
1751900400007,-0.00020841,2025-07-07 15:00:00.007
1751904000000,-0.00039198,2025-07-07 16:00:00.000
1751907600003,-0.00049456,2025-07-07 17:00:00.003
1751911200000,-2.96e-05,2025-07-07 18:00:00.000
1751914800000,1.25e-05,2025-07-07 19:00:00.000
1751918400013,1.25e-05,2025-07-07 20:00:00.013
1751922000002,1.25e-05,2025-07-07 21:00:00.002
1751925600000,1.25e-05,2025-07-07 22:00:00.000
1751929200001,1.25e-05,2025-07-07 23:00:00.001
1751932800010,1.25e-05,2025-07-08 00:00:00.010
1751936400003,1.25e-05,2025-07-08 01:00:00.003
1751940000001,1.25e-05,2025-07-08 02:00:00.001
1751943600000,1.25e-05,2025-07-08 03:00:00.000
1751947200000,1.25e-05,2025-07-08 04:00:00.000
1751950800001,1.25e-05,2025-07-08 05:00:00.001
1751954400000,1.25e-05,2025-07-08 06:00:00.000
1751958000004,1.25e-05,2025-07-08 07:00:00.004
1751961600003,1.25e-05,2025-07-08 08:00:00.003
1751965200006,1.25e-05,2025-07-08 09:00:00.006
1751968800005,1.25e-05,2025-07-08 10:00:00.005
1751972400005,1.25e-05,2025-07-08 11:00:00.005
1751976000004,1.25e-05,2025-07-08 12:00:00.004
1751979600000,1.25e-05,2025-07-08 13:00:00.000
1751983200000,1.25e-05,2025-07-08 14:00:00.000
1751986800000,-1.993e-05,2025-07-08 15:00:00.000
1751990400000,1.25e-05,2025-07-08 16:00:00.000
1751994000005,-8.76e-06,2025-07-08 17:00:00.005
1751997600000,1.25e-05,2025-07-08 18:00:00.000
1752001200006,1.25e-05,2025-07-08 19:00:00.006
1752004800002,1.25e-05,2025-07-08 20:00:00.002
1752008400001,1.25e-05,2025-07-08 21:00:00.001
1752012000004,1.25e-05,2025-07-08 22:00:00.004
1752015600004,1.25e-05,2025-07-08 23:00:00.004
1752019200002,1.25e-05,2025-07-09 00:00:00.002
1752022800000,1.25e-05,2025-07-09 01:00:00.000
1752026400002,1.25e-05,2025-07-09 02:00:00.002
1752030000003,1.25e-05,2025-07-09 03:00:00.003
1752033600010,1.25e-05,2025-07-09 04:00:00.010
1752037200001,1.25e-05,2025-07-09 05:00:00.001
1752040800000,1.25e-05,2025-07-09 06:00:00.000
1752044400002,1.25e-05,2025-07-09 07:00:00.002
1752048000006,1.25e-05,2025-07-09 08:00:00.006
1752051600005,1.25e-05,2025-07-09 09:00:00.005
1752055200006,1.25e-05,2025-07-09 10:00:00.006
1752058800001,1.25e-05,2025-07-09 11:00:00.001
1752062400000,1.25e-05,2025-07-09 12:00:00.000
1752066000000,1.25e-05,2025-07-09 13:00:00.000
1752069600011,1.25e-05,2025-07-09 14:00:00.011
1752073200014,1.25e-05,2025-07-09 15:00:00.014
1752076800001,1.25e-05,2025-07-09 16:00:00.001
1752080400002,1.25e-05,2025-07-09 17:00:00.002
1752084000000,1.25e-05,2025-07-09 18:00:00.000
1752087600007,1.25e-05,2025-07-09 19:00:00.007
1752091200007,1.25e-05,2025-07-09 20:00:00.007
1752094800000,1.25e-05,2025-07-09 21:00:00.000
1752098400005,1.25e-05,2025-07-09 22:00:00.005
1752102000000,1.25e-05,2025-07-09 23:00:00.000
1752105600003,1.25e-05,2025-07-10 00:00:00.003
1752109200002,1.25e-05,2025-07-10 01:00:00.002
1752112800001,1.25e-05,2025-07-10 02:00:00.001
1752116400004,1.25e-05,2025-07-10 03:00:00.004
1752120000001,1.25e-05,2025-07-10 04:00:00.001
1752123600006,1.25e-05,2025-07-10 05:00:00.006
1752127200000,1.25e-05,2025-07-10 06:00:00.000
1752130800004,1.25e-05,2025-07-10 07:00:00.004
1752134400000,1.25e-05,2025-07-10 08:00:00.000
1752138000003,1.25e-05,2025-07-10 09:00:00.003
1752141600002,1.25e-05,2025-07-10 10:00:00.002
1752145200000,1.25e-05,2025-07-10 11:00:00.000
1752148800001,1.25e-05,2025-07-10 12:00:00.001
1752152400001,1.25e-05,2025-07-10 13:00:00.001
1752156000002,1.25e-05,2025-07-10 14:00:00.002
1752159600000,1.25e-05,2025-07-10 15:00:00.000
1752163200004,1.25e-05,2025-07-10 16:00:00.004
1752166800007,1.25e-05,2025-07-10 17:00:00.007
1752170400000,1.25e-05,2025-07-10 18:00:00.000
1752174000001,1.25e-05,2025-07-10 19:00:00.001
1752177600000,1.25e-05,2025-07-10 20:00:00.000
1752181200006,1.25e-05,2025-07-10 21:00:00.006
1752184800000,1.25e-05,2025-07-10 22:00:00.000
1752188400004,1.25e-05,2025-07-10 23:00:00.004
1752192000004,1.25e-05,2025-07-11 00:00:00.004
1752195600000,1.25e-05,2025-07-11 01:00:00.000
1752199200007,1.25e-05,2025-07-11 02:00:00.007
1752202800006,1.25e-05,2025-07-11 03:00:00.006
1752206400001,1.25e-05,2025-07-11 04:00:00.001
1752210000007,1.25e-05,2025-07-11 05:00:00.007
1752213600001,1.25e-05,2025-07-11 06:00:00.001
1752217200001,1.25e-05,2025-07-11 07:00:00.001
1752220800007,1.25e-05,2025-07-11 08:00:00.007
1752224400000,1.25e-05,2025-07-11 09:00:00.000
1752228000000,1.25e-05,2025-07-11 10:00:00.000
1752231600004,1.25e-05,2025-07-11 11:00:00.004
1752235200000,1.25e-05,2025-07-11 12:00:00.000
1752238800006,1.25e-05,2025-07-11 13:00:00.006
1752242400000,1.25e-05,2025-07-11 14:00:00.000
1752246000001,1.25e-05,2025-07-11 15:00:00.001
1752249600001,1.25e-05,2025-07-11 16:00:00.001
1752253200000,1.25e-05,2025-07-11 17:00:00.000
1752256800006,1.25e-05,2025-07-11 18:00:00.006
1752260400005,1.25e-05,2025-07-11 19:00:00.005
1752264000006,1.25e-05,2025-07-11 20:00:00.006
1752267600003,1.25e-05,2025-07-11 21:00:00.003
1752271200002,1.25e-05,2025-07-11 22:00:00.002
1752274800000,1.25e-05,2025-07-11 23:00:00.000
1752278400000,1.25e-05,2025-07-12 00:00:00.000
1752282000000,1.25e-05,2025-07-12 01:00:00.000
1752285600002,1.25e-05,2025-07-12 02:00:00.002
1752289200003,1.25e-05,2025-07-12 03:00:00.003
1752292800005,1.25e-05,2025-07-12 04:00:00.005
1752296400006,1.25e-05,2025-07-12 05:00:00.006
1752300000005,1.25e-05,2025-07-12 06:00:00.005
1752303600005,1.25e-05,2025-07-12 07:00:00.005
1752307200001,1.25e-05,2025-07-12 08:00:00.001
1752310800005,1.25e-05,2025-07-12 09:00:00.005
1752314400004,1.25e-05,2025-07-12 10:00:00.004
1752318000000,1.25e-05,2025-07-12 11:00:00.000
1752321600007,1.25e-05,2025-07-12 12:00:00.007
1752325200006,1.25e-05,2025-07-12 13:00:00.006
1752328800001,1.25e-05,2025-07-12 14:00:00.001
1752332400001,1.25e-05,2025-07-12 15:00:00.001
1752336000002,1.25e-05,2025-07-12 16:00:00.002
1752339600001,-7.718e-05,2025-07-12 17:00:00.001
1752343200000,2.83e-06,2025-07-12 18:00:00.000
1752346800000,1.25e-05,2025-07-12 19:00:00.000
1752350400003,1.25e-05,2025-07-12 20:00:00.003
1752354000002,1.25e-05,2025-07-12 21:00:00.002
1752357600003,1.25e-05,2025-07-12 22:00:00.003
1752361200000,1.25e-05,2025-07-12 23:00:00.000
1752364800006,1.25e-05,2025-07-13 00:00:00.006
1752368400000,1.25e-05,2025-07-13 01:00:00.000
1752372000003,1.25e-05,2025-07-13 02:00:00.003
1752375600001,1.25e-05,2025-07-13 03:00:00.001
1752379200001,1.25e-05,2025-07-13 04:00:00.001
1752382800001,1.25e-05,2025-07-13 05:00:00.001
1752386400008,1.25e-05,2025-07-13 06:00:00.008
1752390000005,1.25e-05,2025-07-13 07:00:00.005
1752393600001,1.25e-05,2025-07-13 08:00:00.001
1752397200002,1.25e-05,2025-07-13 09:00:00.002
1752400800001,1.25e-05,2025-07-13 10:00:00.001
1752404400000,1.25e-05,2025-07-13 11:00:00.000
1752408000003,1.25e-05,2025-07-13 12:00:00.003
1752411600000,1.25e-05,2025-07-13 13:00:00.000
1752415200003,1.25e-05,2025-07-13 14:00:00.003
1752418800001,1.25e-05,2025-07-13 15:00:00.001
1752422400003,1.25e-05,2025-07-13 16:00:00.003
1752426000001,1.25e-05,2025-07-13 17:00:00.001
1752429600003,1.25e-05,2025-07-13 18:00:00.003
1752433200008,1.25e-05,2025-07-13 19:00:00.008
1752436800008,1.25e-05,2025-07-13 20:00:00.008
1752440400001,1.25e-05,2025-07-13 21:00:00.001
1752444000002,1.25e-05,2025-07-13 22:00:00.002
1752447600000,1.25e-05,2025-07-13 23:00:00.000
1752451200000,1.25e-05,2025-07-14 00:00:00.000
1752454800007,1.25e-05,2025-07-14 01:00:00.007
1752458400003,1.25e-05,2025-07-14 02:00:00.003
1752462000002,1.25e-05,2025-07-14 03:00:00.002
1752465600000,1.25e-05,2025-07-14 04:00:00.000
1752469200004,1.25e-05,2025-07-14 05:00:00.004
1752472800000,1.25e-05,2025-07-14 06:00:00.000
1752476400002,1.25e-05,2025-07-14 07:00:00.002
1752480000000,1.25e-05,2025-07-14 08:00:00.000
1752483600002,1.25e-05,2025-07-14 09:00:00.002
1752487200001,1.25e-05,2025-07-14 10:00:00.001
1752490800000,1.25e-05,2025-07-14 11:00:00.000
1752494400001,1.25e-05,2025-07-14 12:00:00.001
1752498000001,1.25e-05,2025-07-14 13:00:00.001
1752501600000,1.25e-05,2025-07-14 14:00:00.000
1752505200005,1.25e-05,2025-07-14 15:00:00.005
1752508800000,1.25e-05,2025-07-14 16:00:00.000
1752512400006,1.25e-05,2025-07-14 17:00:00.006
1752516000005,1.25e-05,2025-07-14 18:00:00.005
1752519600004,1.25e-05,2025-07-14 19:00:00.004
1752523200003,1.25e-05,2025-07-14 20:00:00.003
1752526800005,1.25e-05,2025-07-14 21:00:00.005
1752530400000,1.25e-05,2025-07-14 22:00:00.000
1752534000003,1.25e-05,2025-07-14 23:00:00.003
1752537600002,1.25e-05,2025-07-15 00:00:00.002
1752541200002,1.25e-05,2025-07-15 01:00:00.002
1752544800009,1.25e-05,2025-07-15 02:00:00.009
1752548400002,1.25e-05,2025-07-15 03:00:00.002
1752552000008,1.25e-05,2025-07-15 04:00:00.008
1752555600000,1.25e-05,2025-07-15 05:00:00.000
1752559200000,1.25e-05,2025-07-15 06:00:00.000
1752562800007,1.25e-05,2025-07-15 07:00:00.007
1752566400000,1.25e-05,2025-07-15 08:00:00.000
1752570000005,1.25e-05,2025-07-15 09:00:00.005
1752573600000,1.25e-05,2025-07-15 10:00:00.000
1752577200004,1.25e-05,2025-07-15 11:00:00.004
1752580800000,1.25e-05,2025-07-15 12:00:00.000
1752584400004,1.25e-05,2025-07-15 13:00:00.004
1752588000002,1.25e-05,2025-07-15 14:00:00.002
1752591600000,1.25e-05,2025-07-15 15:00:00.000
1752595200000,1.25e-05,2025-07-15 16:00:00.000
1752598800004,1.25e-05,2025-07-15 17:00:00.004
1752602400000,1.25e-05,2025-07-15 18:00:00.000
1752606000007,1.25e-05,2025-07-15 19:00:00.007
1752609600005,1.25e-05,2025-07-15 20:00:00.005
1752613200003,1.25e-05,2025-07-15 21:00:00.003
1752616800000,1.25e-05,2025-07-15 22:00:00.000
1752620400002,1.25e-05,2025-07-15 23:00:00.002
1752624000000,1.25e-05,2025-07-16 00:00:00.000
1752627600001,1.25e-05,2025-07-16 01:00:00.001
1752631200000,1.25e-05,2025-07-16 02:00:00.000
1752634800003,1.25e-05,2025-07-16 03:00:00.003
1752638400000,1.25e-05,2025-07-16 04:00:00.000
1752642000010,1.25e-05,2025-07-16 05:00:00.010
1752645600003,1.25e-05,2025-07-16 06:00:00.003
1752649200000,1.25e-05,2025-07-16 07:00:00.000
1752652800000,1.25e-05,2025-07-16 08:00:00.000
1752656400008,1.25e-05,2025-07-16 09:00:00.008
1752660000001,1.25e-05,2025-07-16 10:00:00.001
1752663600005,1.25e-05,2025-07-16 11:00:00.005
1752667200005,1.25e-05,2025-07-16 12:00:00.005
1752670800011,1.25e-05,2025-07-16 13:00:00.011
1752674400000,1.25e-05,2025-07-16 14:00:00.000
1752678000002,1.25e-05,2025-07-16 15:00:00.002
1752681600008,1.25e-05,2025-07-16 16:00:00.008
1752685200000,1.25e-05,2025-07-16 17:00:00.000
1752688800000,1.25e-05,2025-07-16 18:00:00.000
1752692400003,2.538e-05,2025-07-16 19:00:00.003
1752696000000,1.25e-05,2025-07-16 20:00:00.000
1752699600002,1.467e-05,2025-07-16 21:00:00.002
1752703200000,1.615e-05,2025-07-16 22:00:00.000
1752706800008,1.25e-05,2025-07-16 23:00:00.008
1752710400003,1.25e-05,2025-07-17 00:00:00.003
1752714000009,1.379e-05,2025-07-17 01:00:00.009
1752717600001,1.25e-05,2025-07-17 02:00:00.001
1752721200001,1.25e-05,2025-07-17 03:00:00.001
1752724800000,1.25e-05,2025-07-17 04:00:00.000
1752728400003,1.25e-05,2025-07-17 05:00:00.003
1752732000004,1.25e-05,2025-07-17 06:00:00.004
1752735600001,2.886e-05,2025-07-17 07:00:00.001
1752739200000,1.25e-05,2025-07-17 08:00:00.000
1752742800000,6.028e-05,2025-07-17 09:00:00.000
1752746400003,2.237e-05,2025-07-17 10:00:00.003
1752750000000,1.25e-05,2025-07-17 11:00:00.000
1752753600000,1.25e-05,2025-07-17 12:00:00.000
1752757200003,1.25e-05,2025-07-17 13:00:00.003
1752760800007,1.631e-05,2025-07-17 14:00:00.007
1752764400005,1.25e-05,2025-07-17 15:00:00.005
1752768000000,3.003e-05,2025-07-17 16:00:00.000
1752771600000,1.25e-05,2025-07-17 17:00:00.000
1752775200000,1.647e-05,2025-07-17 18:00:00.000
1752778800004,1.25e-05,2025-07-17 19:00:00.004
1752782400000,1.25e-05,2025-07-17 20:00:00.000
1752786000003,1.25e-05,2025-07-17 21:00:00.003
1752789600000,1.25e-05,2025-07-17 22:00:00.000
1752793200012,1.534e-05,2025-07-17 23:00:00.012
1752796800004,1.25e-05,2025-07-18 00:00:00.004
1752800400004,1.25e-05,2025-07-18 01:00:00.004
1752804000000,6.014e-05,2025-07-18 02:00:00.000
1752807600000,1.25e-05,2025-07-18 03:00:00.000
1752811200000,3.066e-05,2025-07-18 04:00:00.000
1752814800000,8.563e-05,2025-07-18 05:00:00.000
1752818400001,0.00010869,2025-07-18 06:00:00.001
1752822000000,0.00010114,2025-07-18 07:00:00.000
1752825600000,8.562e-05,2025-07-18 08:00:00.000
1752829200006,1.25e-05,2025-07-18 09:00:00.006
1752832800006,1.25e-05,2025-07-18 10:00:00.006
1752836400005,1.25e-05,2025-07-18 11:00:00.005
1752840000000,3.967e-05,2025-07-18 12:00:00.000
1752843600001,1.25e-05,2025-07-18 13:00:00.001
1752847200006,2.437e-05,2025-07-18 14:00:00.006
1752850800007,1.25e-05,2025-07-18 15:00:00.007
1752854400000,1.25e-05,2025-07-18 16:00:00.000
1752868800010,5e-05,2025-07-18 20:00:00.010
1752883200009,5e-05,2025-07-19 00:00:00.009
1752897600000,5e-05,2025-07-19 04:00:00.000
1752912000000,5e-05,2025-07-19 08:00:00.000
1752926400000,5e-05,2025-07-19 12:00:00.000
1752940800002,5e-05,2025-07-19 16:00:00.002
1752955200002,5e-05,2025-07-19 20:00:00.002
1752969600000,5e-05,2025-07-20 00:00:00.000
1752984000007,5e-05,2025-07-20 04:00:00.007
1752998400000,5e-05,2025-07-20 08:00:00.000
1753012800003,5e-05,2025-07-20 12:00:00.003
1753027200000,5e-05,2025-07-20 16:00:00.000
1753041600013,5e-05,2025-07-20 20:00:00.013
1753056000001,5.547e-05,2025-07-21 00:00:00.001
1753070400001,5.002e-05,2025-07-21 04:00:00.001
1753084800000,5.958e-05,2025-07-21 08:00:00.000
1753099200001,0.00015017,2025-07-21 12:00:00.001
1753113600001,9.204e-05,2025-07-21 16:00:00.001
1753128000003,5e-05,2025-07-21 20:00:00.003
1753142400000,6.368e-05,2025-07-22 00:00:00.000
1753156800001,5e-05,2025-07-22 04:00:00.001
1753171200010,5e-05,2025-07-22 08:00:00.010
1753185600001,5e-05,2025-07-22 12:00:00.001
1753200000007,5e-05,2025-07-22 16:00:00.007
1753214400001,5e-05,2025-07-22 20:00:00.001
1753228800000,5e-05,2025-07-23 00:00:00.000
1753243200010,5e-05,2025-07-23 04:00:00.010
1753257600004,5e-05,2025-07-23 08:00:00.004
1753272000002,5e-05,2025-07-23 12:00:00.002
1753286400002,-3.682e-05,2025-07-23 16:00:00.002
1753300800005,-0.00067513,2025-07-23 20:00:00.005
1753315200000,-0.00062498,2025-07-24 00:00:00.000
1753329600001,-0.00159293,2025-07-24 04:00:00.001
1753344000001,-0.0083212,2025-07-24 08:00:00.001
1753358400000,-0.00035919,2025-07-24 12:00:00.000
1753372800000,-0.00088959,2025-07-24 16:00:00.000
1753387200001,-0.00037057,2025-07-24 20:00:00.001
1753401600000,-0.00117162,2025-07-25 00:00:00.000
1753416000001,5e-05,2025-07-25 04:00:00.001
1753430400000,2.181e-05,2025-07-25 08:00:00.000
1753444800000,-0.00011318,2025-07-25 12:00:00.000
1753459200000,-0.00043911,2025-07-25 16:00:00.000
1753473600000,-0.00011313,2025-07-25 20:00:00.000
1753488000001,1.85e-05,2025-07-26 00:00:00.001
1753502400001,-0.00094184,2025-07-26 04:00:00.001
1753516800005,-0.00042887,2025-07-26 08:00:00.005
1753531200004,-0.00027868,2025-07-26 12:00:00.004
1753545600001,-0.00062252,2025-07-26 16:00:00.001
1753560000000,-0.00052814,2025-07-26 20:00:00.000
1753574400001,-0.00065212,2025-07-27 00:00:00.001
1753588800000,-8.044e-05,2025-07-27 04:00:00.000
1753603200000,-4.319e-05,2025-07-27 08:00:00.000
1753617600000,-0.00042693,2025-07-27 12:00:00.000
1753632000008,-0.00024376,2025-07-27 16:00:00.008
1753646400002,5.3e-07,2025-07-27 20:00:00.002
1753660800005,-2.978e-05,2025-07-28 00:00:00.005
1753675200001,-5.565e-05,2025-07-28 04:00:00.001
1753689600000,5e-05,2025-07-28 08:00:00.000
1753704000000,5e-05,2025-07-28 12:00:00.000
1753718400000,-0.00014348,2025-07-28 16:00:00.000
1753732800005,-0.00024202,2025-07-28 20:00:00.005
1753747200001,-0.00046781,2025-07-29 00:00:00.001
1753761600001,-0.00233834,2025-07-29 04:00:00.001
1753776000000,-0.00101927,2025-07-29 08:00:00.000
1753790400001,-0.00047233,2025-07-29 12:00:00.001
1753804800000,-0.00065047,2025-07-29 16:00:00.000
1753819200000,-0.00071723,2025-07-29 20:00:00.000
1753833600011,-0.00088799,2025-07-30 00:00:00.011
1753848000000,-0.00041324,2025-07-30 04:00:00.000
1753862400000,-0.00024809,2025-07-30 08:00:00.000
1753876800003,-0.00029263,2025-07-30 12:00:00.003
1753891200008,-0.00028691,2025-07-30 16:00:00.008
1753905600000,-0.00017476,2025-07-30 20:00:00.000
1753920000000,-0.00030145,2025-07-31 00:00:00.000
1753934400010,-0.00010267,2025-07-31 04:00:00.010
1753948800009,-2.974e-05,2025-07-31 08:00:00.009
1753963200003,-0.00012484,2025-07-31 12:00:00.003
1753977600000,-0.00017485,2025-07-31 16:00:00.000
1753992000000,-5.752e-05,2025-07-31 20:00:00.000
1754006400001,5e-05,2025-08-01 00:00:00.001
1754020800000,5e-05,2025-08-01 04:00:00.000
1754035200003,5e-05,2025-08-01 08:00:00.003
1754049600001,-2.949e-05,2025-08-01 12:00:00.001
1754064000000,-2.45e-06,2025-08-01 16:00:00.000
1754078400004,5e-05,2025-08-01 20:00:00.004
1754092800004,5e-05,2025-08-02 00:00:00.004
1754107200000,5e-05,2025-08-02 04:00:00.000
1754121600000,-7.65e-05,2025-08-02 08:00:00.000
1754136000005,-3.354e-05,2025-08-02 12:00:00.005
1754150400000,5e-05,2025-08-02 16:00:00.000
1754164800001,5e-05,2025-08-02 20:00:00.001
1754179200000,5e-05,2025-08-03 00:00:00.000
1754193600000,4.546e-05,2025-08-03 04:00:00.000
1754208000000,2.588e-05,2025-08-03 08:00:00.000
1754222400001,5e-05,2025-08-03 12:00:00.001
1754236800003,5e-05,2025-08-03 16:00:00.003
1754251200002,5e-05,2025-08-03 20:00:00.002
1754265600004,5e-05,2025-08-04 00:00:00.004
1754280000000,5e-05,2025-08-04 04:00:00.000
1754294400000,5e-05,2025-08-04 08:00:00.000
1754308800006,3.083e-05,2025-08-04 12:00:00.006
1754323200002,5e-05,2025-08-04 16:00:00.002
1754337600007,5e-05,2025-08-04 20:00:00.007
1754352000000,5e-05,2025-08-05 00:00:00.000
1754366400000,5e-05,2025-08-05 04:00:00.000
1754380800000,5e-05,2025-08-05 08:00:00.000
1754395200004,5e-05,2025-08-05 12:00:00.004
1754409600000,5e-05,2025-08-05 16:00:00.000
1754424000003,5e-05,2025-08-05 20:00:00.003
1754438400005,5e-05,2025-08-06 00:00:00.005
1754452800000,5e-05,2025-08-06 04:00:00.000
1754467200000,5e-05,2025-08-06 08:00:00.000
1754481600000,5e-05,2025-08-06 12:00:00.000
1754496000000,5e-05,2025-08-06 16:00:00.000
1754510400000,5e-05,2025-08-06 20:00:00.000
1754524800003,5e-05,2025-08-07 00:00:00.003
1754539200004,5e-05,2025-08-07 04:00:00.004
1754553600002,5e-05,2025-08-07 08:00:00.002
1754568000001,5e-05,2025-08-07 12:00:00.001
1754582400002,5e-05,2025-08-07 16:00:00.002
1754596800001,5e-05,2025-08-07 20:00:00.001
1754611200002,5e-05,2025-08-08 00:00:00.002
1754625600010,5e-05,2025-08-08 04:00:00.010
1754640000004,5e-05,2025-08-08 08:00:00.004
1754654400003,5e-05,2025-08-08 12:00:00.003
1754668800000,5e-05,2025-08-08 16:00:00.000
1754683200004,5e-05,2025-08-08 20:00:00.004
1754697600005,5e-05,2025-08-09 00:00:00.005
1754712000015,5e-05,2025-08-09 04:00:00.015
1754726400000,5e-05,2025-08-09 08:00:00.000
1754740800003,5e-05,2025-08-09 12:00:00.003
1754755200007,5e-05,2025-08-09 16:00:00.007
1754769600000,5e-05,2025-08-09 20:00:00.000
1754784000003,5e-05,2025-08-10 00:00:00.003
1754798400006,5e-05,2025-08-10 04:00:00.006
1754812800005,5e-05,2025-08-10 08:00:00.005
1754827200006,5e-05,2025-08-10 12:00:00.006
1754841600002,5e-05,2025-08-10 16:00:00.002
1754856000000,5e-05,2025-08-10 20:00:00.000
1754870400000,5e-05,2025-08-11 00:00:00.000
1754884800000,5e-05,2025-08-11 04:00:00.000
1754899200000,5e-05,2025-08-11 08:00:00.000
1754913600000,5e-05,2025-08-11 12:00:00.000
1754928000000,5e-05,2025-08-11 16:00:00.000
1754942400000,5e-05,2025-08-11 20:00:00.000
1754956800000,5e-05,2025-08-12 00:00:00.000
1754971200001,5e-05,2025-08-12 04:00:00.001
1754985600001,5e-05,2025-08-12 08:00:00.001
1755000000000,5e-05,2025-08-12 12:00:00.000
1755014400005,5e-05,2025-08-12 16:00:00.005
1755028800000,5e-05,2025-08-12 20:00:00.000
1755043200000,5e-05,2025-08-13 00:00:00.000
1755057600000,5e-05,2025-08-13 04:00:00.000
1755072000002,5e-05,2025-08-13 08:00:00.002
1755086400000,5e-05,2025-08-13 12:00:00.000
1755100800006,5.51e-05,2025-08-13 16:00:00.006
1755115200001,5e-05,2025-08-13 20:00:00.001
1755129600002,0.00013005,2025-08-14 00:00:00.002
1755144000009,0.00013579,2025-08-14 04:00:00.009
1755158400003,0.00011483,2025-08-14 08:00:00.003
1755172800001,5e-05,2025-08-14 12:00:00.001
1755187200000,5e-05,2025-08-14 16:00:00.000
1755201600002,5e-05,2025-08-14 20:00:00.002
1755216000000,5e-05,2025-08-15 00:00:00.000
1755230400000,5e-05,2025-08-15 04:00:00.000
1755244800000,5e-05,2025-08-15 08:00:00.000
1755259200001,5e-05,2025-08-15 12:00:00.001
1755273600000,5e-05,2025-08-15 16:00:00.000
1755288000007,5e-05,2025-08-15 20:00:00.007
1755302400004,5e-05,2025-08-16 00:00:00.004
1755316800000,5e-05,2025-08-16 04:00:00.000
1755331200000,5e-05,2025-08-16 08:00:00.000
1755345600004,5e-05,2025-08-16 12:00:00.004
1755360000002,5e-05,2025-08-16 16:00:00.002
1755374400006,5e-05,2025-08-16 20:00:00.006
1755388800000,5e-05,2025-08-17 00:00:00.000
1755403200000,5e-05,2025-08-17 04:00:00.000
1755417600001,5e-05,2025-08-17 08:00:00.001
1755432000002,5e-05,2025-08-17 12:00:00.002
1755446400007,5e-05,2025-08-17 16:00:00.007
1755460800001,5e-05,2025-08-17 20:00:00.001
1755475200000,5e-05,2025-08-18 00:00:00.000
1755489600010,5e-05,2025-08-18 04:00:00.010
1755504000001,5e-05,2025-08-18 08:00:00.001
1755518400002,5e-05,2025-08-18 12:00:00.002
1755532800002,5e-05,2025-08-18 16:00:00.002
1755547200007,5e-05,2025-08-18 20:00:00.007
1755561600000,5e-05,2025-08-19 00:00:00.000
1755576000000,5e-05,2025-08-19 04:00:00.000
1755590400001,5e-05,2025-08-19 08:00:00.001
1755604800001,5e-05,2025-08-19 12:00:00.001
1755619200000,5e-05,2025-08-19 16:00:00.000
1755633600000,5e-05,2025-08-19 20:00:00.000
1755648000000,5e-05,2025-08-20 00:00:00.000
1755662400000,5e-05,2025-08-20 04:00:00.000
1755676800000,5e-05,2025-08-20 08:00:00.000
1755691200002,5e-05,2025-08-20 12:00:00.002
1755705600000,5e-05,2025-08-20 16:00:00.000
1755720000001,5e-05,2025-08-20 20:00:00.001
1755734400006,5e-05,2025-08-21 00:00:00.006
1755748800003,5e-05,2025-08-21 04:00:00.003
1755763200000,5e-05,2025-08-21 08:00:00.000
1755777600009,5e-05,2025-08-21 12:00:00.009
1755792000003,5e-05,2025-08-21 16:00:00.003
1755806400000,5e-05,2025-08-21 20:00:00.000
1755820800010,5e-05,2025-08-22 00:00:00.010
1755835200003,5e-05,2025-08-22 04:00:00.003
1755849600007,5e-05,2025-08-22 08:00:00.007
1755864000001,5e-05,2025-08-22 12:00:00.001
1755878400001,5e-05,2025-08-22 16:00:00.001
1755892800004,5.225e-05,2025-08-22 20:00:00.004
1755907200004,0.00019867,2025-08-23 00:00:00.004
1755921600000,0.00012484,2025-08-23 04:00:00.000
1755936000006,6.743e-05,2025-08-23 08:00:00.006
1755950400000,9.974e-05,2025-08-23 12:00:00.000
1755964800000,5e-05,2025-08-23 16:00:00.000
1755979200005,5e-05,2025-08-23 20:00:00.005
1755993600001,5e-05,2025-08-24 00:00:00.001
1756008000000,5e-05,2025-08-24 04:00:00.000
1756022400002,5e-05,2025-08-24 08:00:00.002
1756036800003,5e-05,2025-08-24 12:00:00.003
1756051200001,5e-05,2025-08-24 16:00:00.001
1756065600008,5e-05,2025-08-24 20:00:00.008
1756080000000,5e-05,2025-08-25 00:00:00.000
1756094400001,5e-05,2025-08-25 04:00:00.001
1756108800002,5e-05,2025-08-25 08:00:00.002
1756123200000,5e-05,2025-08-25 12:00:00.000
1756137600002,5e-05,2025-08-25 16:00:00.002
1756152000003,5e-05,2025-08-25 20:00:00.003
1756166400000,5e-05,2025-08-26 00:00:00.000
1756180800007,5e-05,2025-08-26 04:00:00.007
1756195200000,5e-05,2025-08-26 08:00:00.000
1756209600001,5e-05,2025-08-26 12:00:00.001
1756224000000,5e-05,2025-08-26 16:00:00.000
1756238400000,5e-05,2025-08-26 20:00:00.000
1756252800003,5e-05,2025-08-27 00:00:00.003
1756267200000,5e-05,2025-08-27 04:00:00.000
1756281600000,5e-05,2025-08-27 08:00:00.000
1756296000003,5e-05,2025-08-27 12:00:00.003
1756310400009,5e-05,2025-08-27 16:00:00.009
1756324800001,5e-05,2025-08-27 20:00:00.001
1756339200000,5e-05,2025-08-28 00:00:00.000
1756353600000,5e-05,2025-08-28 04:00:00.000
1756368000005,5e-05,2025-08-28 08:00:00.005
1756382400000,5e-05,2025-08-28 12:00:00.000
1756396800004,5e-05,2025-08-28 16:00:00.004
1756411200003,5e-05,2025-08-28 20:00:00.003
1756425600000,5e-05,2025-08-29 00:00:00.000
1756440000008,5e-05,2025-08-29 04:00:00.008
1756454400000,5e-05,2025-08-29 08:00:00.000
1756468800010,5e-05,2025-08-29 12:00:00.010
1756483200005,5e-05,2025-08-29 16:00:00.005
1756497600000,5e-05,2025-08-29 20:00:00.000
1756512000000,5e-05,2025-08-30 00:00:00.000
1756526400000,5e-05,2025-08-30 04:00:00.000
1756540800002,5e-05,2025-08-30 08:00:00.002
1756555200006,5e-05,2025-08-30 12:00:00.006
1756569600003,5e-05,2025-08-30 16:00:00.003
1756584000000,5e-05,2025-08-30 20:00:00.000
1756598400016,5e-05,2025-08-31 00:00:00.016
1756612800000,5e-05,2025-08-31 04:00:00.000
1756627200000,5e-05,2025-08-31 08:00:00.000
1756641600003,5e-05,2025-08-31 12:00:00.003
1756656000001,5e-05,2025-08-31 16:00:00.001
1756670400000,5e-05,2025-08-31 20:00:00.000
1756684800000,5e-05,2025-09-01 00:00:00.000
1756699200005,5e-05,2025-09-01 04:00:00.005
1756713600000,5e-05,2025-09-01 08:00:00.000
1756728000014,5e-05,2025-09-01 12:00:00.014
1756742400001,5e-05,2025-09-01 16:00:00.001
1756756800008,5e-05,2025-09-01 20:00:00.008
1756771200000,5e-05,2025-09-02 00:00:00.000
1756785600009,5e-05,2025-09-02 04:00:00.009
1756800000005,5e-05,2025-09-02 08:00:00.005
1756814400003,5e-05,2025-09-02 12:00:00.003
1756828800007,5e-05,2025-09-02 16:00:00.007
1756843200001,5e-05,2025-09-02 20:00:00.001
1756857600006,5e-05,2025-09-03 00:00:00.006
1756872000003,5e-05,2025-09-03 04:00:00.003
1756886400002,5e-05,2025-09-03 08:00:00.002
1756900800000,5e-05,2025-09-03 12:00:00.000
1756915200002,5e-05,2025-09-03 16:00:00.002
1756929600006,5e-05,2025-09-03 20:00:00.006
1756944000002,5e-05,2025-09-04 00:00:00.002
1756958400000,5e-05,2025-09-04 04:00:00.000
1756972800000,5e-05,2025-09-04 08:00:00.000
1756987200002,5e-05,2025-09-04 12:00:00.002
1757001600000,5e-05,2025-09-04 16:00:00.000
1757016000000,5e-05,2025-09-04 20:00:00.000
1757030400001,5e-05,2025-09-05 00:00:00.001
1757044800000,5e-05,2025-09-05 04:00:00.000
1757059200006,5e-05,2025-09-05 08:00:00.006
1757073600001,5e-05,2025-09-05 12:00:00.001
1757088000000,5e-05,2025-09-05 16:00:00.000
1757102400000,5e-05,2025-09-05 20:00:00.000
1757116800000,5e-05,2025-09-06 00:00:00.000
1757131200000,5e-05,2025-09-06 04:00:00.000
1757145600005,5e-05,2025-09-06 08:00:00.005
1757160000000,5e-05,2025-09-06 12:00:00.000
1757174400000,5e-05,2025-09-06 16:00:00.000
1757188800001,5e-05,2025-09-06 20:00:00.001
1757203200000,5e-05,2025-09-07 00:00:00.000
1757217600008,5e-05,2025-09-07 04:00:00.008
1757232000000,5e-05,2025-09-07 08:00:00.000
1757246400000,5e-05,2025-09-07 12:00:00.000
1757260800000,5e-05,2025-09-07 16:00:00.000
1757275200003,5e-05,2025-09-07 20:00:00.003
1757289600007,5e-05,2025-09-08 00:00:00.007
1757304000008,5e-05,2025-09-08 04:00:00.008
1757318400000,5e-05,2025-09-08 08:00:00.000
1757332800005,5e-05,2025-09-08 12:00:00.005
1757347200000,5e-05,2025-09-08 16:00:00.000
1757361600001,5e-05,2025-09-08 20:00:00.001
1757376000000,5e-05,2025-09-09 00:00:00.000
1757390400000,5e-05,2025-09-09 04:00:00.000
1757404800000,5e-05,2025-09-09 08:00:00.000
1757419200004,5e-05,2025-09-09 12:00:00.004
1757433600000,5e-05,2025-09-09 16:00:00.000
1757448000000,5e-05,2025-09-09 20:00:00.000
1757462400000,5e-05,2025-09-10 00:00:00.000
1757476800001,5e-05,2025-09-10 04:00:00.001
1757491200002,5e-05,2025-09-10 08:00:00.002
1757505600004,5e-05,2025-09-10 12:00:00.004
1757520000000,5e-05,2025-09-10 16:00:00.000
1757534400007,5e-05,2025-09-10 20:00:00.007
1757548800000,5e-05,2025-09-11 00:00:00.000
1757563200003,5e-05,2025-09-11 04:00:00.003
1757577600000,5e-05,2025-09-11 08:00:00.000
1757592000005,5e-05,2025-09-11 12:00:00.005
1757606400001,5e-05,2025-09-11 16:00:00.001
1757620800001,5e-05,2025-09-11 20:00:00.001
1757635200002,5e-05,2025-09-12 00:00:00.002
1757649600004,5e-05,2025-09-12 04:00:00.004
1757664000001,5e-05,2025-09-12 08:00:00.001
1757678400001,5e-05,2025-09-12 12:00:00.001
1757692800005,5e-05,2025-09-12 16:00:00.005
1757707200000,5e-05,2025-09-12 20:00:00.000
1757721600005,5e-05,2025-09-13 00:00:00.005
1757736000002,5e-05,2025-09-13 04:00:00.002
1757750400002,5e-05,2025-09-13 08:00:00.002
1757764800005,5e-05,2025-09-13 12:00:00.005
1757779200000,5e-05,2025-09-13 16:00:00.000
1757793600001,5e-05,2025-09-13 20:00:00.001
1757808000006,5e-05,2025-09-14 00:00:00.006
1757822400001,5e-05,2025-09-14 04:00:00.001
1757836800000,5e-05,2025-09-14 08:00:00.000
1757851200004,5e-05,2025-09-14 12:00:00.004
1757865600001,5e-05,2025-09-14 16:00:00.001
1757880000000,5e-05,2025-09-14 20:00:00.000
1757894400006,5e-05,2025-09-15 00:00:00.006
1757908800000,5e-05,2025-09-15 04:00:00.000
1757923200002,5e-05,2025-09-15 08:00:00.002
1757937600003,5e-05,2025-09-15 12:00:00.003
1757952000001,5e-05,2025-09-15 16:00:00.001
1757966400001,5e-05,2025-09-15 20:00:00.001
1757980800001,5e-05,2025-09-16 00:00:00.001
1757995200000,5e-05,2025-09-16 04:00:00.000
1758009600000,5e-05,2025-09-16 08:00:00.000
1758024000002,5e-05,2025-09-16 12:00:00.002
1758038400000,5e-05,2025-09-16 16:00:00.000
1758052800004,5e-05,2025-09-16 20:00:00.004
1758067200001,5e-05,2025-09-17 00:00:00.001
1758081600004,5e-05,2025-09-17 04:00:00.004
1758096000000,5e-05,2025-09-17 08:00:00.000
1758110400000,5e-05,2025-09-17 12:00:00.000
1758124800003,5e-05,2025-09-17 16:00:00.003
1758139200000,5e-05,2025-09-17 20:00:00.000
1758153600006,5e-05,2025-09-18 00:00:00.006
1758168000001,5e-05,2025-09-18 04:00:00.001
1758182400002,5e-05,2025-09-18 08:00:00.002
1758196800000,5e-05,2025-09-18 12:00:00.000
1758211200000,5e-05,2025-09-18 16:00:00.000
1758225600008,5e-05,2025-09-18 20:00:00.008
1758240000000,5e-05,2025-09-19 00:00:00.000
1758254400003,5e-05,2025-09-19 04:00:00.003
1758268800005,5e-05,2025-09-19 08:00:00.005
1758283200000,5e-05,2025-09-19 12:00:00.000
1758297600000,5e-05,2025-09-19 16:00:00.000
1758312000004,5e-05,2025-09-19 20:00:00.004
1758326400000,5e-05,2025-09-20 00:00:00.000
1758340800000,5e-05,2025-09-20 04:00:00.000
1758355200000,5e-05,2025-09-20 08:00:00.000
1758369600008,5e-05,2025-09-20 12:00:00.008
1758384000002,5e-05,2025-09-20 16:00:00.002
1758398400000,5e-05,2025-09-20 20:00:00.000
1758412800000,5e-05,2025-09-21 00:00:00.000
1758427200002,5e-05,2025-09-21 04:00:00.002
1758441600000,5e-05,2025-09-21 08:00:00.000
1758456000002,5e-05,2025-09-21 12:00:00.002
1758470400000,5e-05,2025-09-21 16:00:00.000
1758484800000,5e-05,2025-09-21 20:00:00.000
1758499200005,5e-05,2025-09-22 00:00:00.005
1758513600000,5e-05,2025-09-22 04:00:00.000
1758528000003,5e-05,2025-09-22 08:00:00.003
1758542400005,5e-05,2025-09-22 12:00:00.005
1758556800000,5e-05,2025-09-22 16:00:00.000
1758571200001,5e-05,2025-09-22 20:00:00.001
1758585600000,5e-05,2025-09-23 00:00:00.000
1758600000012,5e-05,2025-09-23 04:00:00.012
1758614400001,5e-05,2025-09-23 08:00:00.001
1758628800000,5e-05,2025-09-23 12:00:00.000
1758643200000,5e-05,2025-09-23 16:00:00.000
1758657600001,5e-05,2025-09-23 20:00:00.001
1758672000003,5e-05,2025-09-24 00:00:00.003
1758686400000,5e-05,2025-09-24 04:00:00.000
1758700800001,5e-05,2025-09-24 08:00:00.001
1758715200001,5e-05,2025-09-24 12:00:00.001
1758729600002,5e-05,2025-09-24 16:00:00.002
1758744000001,5e-05,2025-09-24 20:00:00.001
1758758400000,5e-05,2025-09-25 00:00:00.000
1758772800000,5e-05,2025-09-25 04:00:00.000
1758787200001,5e-05,2025-09-25 08:00:00.001
1758801600000,5e-05,2025-09-25 12:00:00.000
1758816000000,5e-05,2025-09-25 16:00:00.000
1758830400000,5e-05,2025-09-25 20:00:00.000
1758844800000,5e-05,2025-09-26 00:00:00.000
1758859200002,5e-05,2025-09-26 04:00:00.002
1758873600000,5e-05,2025-09-26 08:00:00.000
1758888000000,5e-05,2025-09-26 12:00:00.000
1758902400008,5e-05,2025-09-26 16:00:00.008
1758916800005,5e-05,2025-09-26 20:00:00.005
1758931200000,5e-05,2025-09-27 00:00:00.000
1758945600000,5e-05,2025-09-27 04:00:00.000
1758960000010,5e-05,2025-09-27 08:00:00.010
1758974400003,5e-05,2025-09-27 12:00:00.003
1758988800003,5e-05,2025-09-27 16:00:00.003
1759003200002,5e-05,2025-09-27 20:00:00.002
1759017600000,5e-05,2025-09-28 00:00:00.000
1759032000002,5e-05,2025-09-28 04:00:00.002
1759046400000,5e-05,2025-09-28 08:00:00.000
1759060800000,5e-05,2025-09-28 12:00:00.000
1759075200000,5e-05,2025-09-28 16:00:00.000
1759089600004,5e-05,2025-09-28 20:00:00.004
1759104000000,5e-05,2025-09-29 00:00:00.000
1759118400000,5e-05,2025-09-29 04:00:00.000
1759132800002,5e-05,2025-09-29 08:00:00.002
1759147200000,5e-05,2025-09-29 12:00:00.000
1759161600001,5e-05,2025-09-29 16:00:00.001
1759176000000,5e-05,2025-09-29 20:00:00.000
1759190400002,5e-05,2025-09-30 00:00:00.002
1759204800000,5e-05,2025-09-30 04:00:00.000
1759219200005,5e-05,2025-09-30 08:00:00.005
1759233600000,5e-05,2025-09-30 12:00:00.000
1759248000000,5e-05,2025-09-30 16:00:00.000
1759262400000,5e-05,2025-09-30 20:00:00.000
1759276800000,5e-05,2025-10-01 00:00:00.000
1759291200008,5e-05,2025-10-01 04:00:00.008
1759305600000,5e-05,2025-10-01 08:00:00.000
1759320000007,5e-05,2025-10-01 12:00:00.007
1759334400000,5e-05,2025-10-01 16:00:00.000
1759348800001,5e-05,2025-10-01 20:00:00.001
1759363200000,5e-05,2025-10-02 00:00:00.000
1759377600001,5e-05,2025-10-02 04:00:00.001
1759392000013,5e-05,2025-10-02 08:00:00.013
1759406400000,5e-05,2025-10-02 12:00:00.000
1759420800000,5e-05,2025-10-02 16:00:00.000
1759435200000,5e-05,2025-10-02 20:00:00.000
1759449600006,5e-05,2025-10-03 00:00:00.006
1759464000000,5e-05,2025-10-03 04:00:00.000
1759478400006,5e-05,2025-10-03 08:00:00.006
1759492800000,5e-05,2025-10-03 12:00:00.000
1759507200000,5e-05,2025-10-03 16:00:00.000
1759521600002,5e-05,2025-10-03 20:00:00.002
1759536000001,5e-05,2025-10-04 00:00:00.001
1759550400006,5e-05,2025-10-04 04:00:00.006
1759564800000,5e-05,2025-10-04 08:00:00.000
1759579200000,5e-05,2025-10-04 12:00:00.000
1759593600000,5e-05,2025-10-04 16:00:00.000
1759608000003,5e-05,2025-10-04 20:00:00.003
1759622400000,5e-05,2025-10-05 00:00:00.000
1759636800000,5e-05,2025-10-05 04:00:00.000
1759651200003,5e-05,2025-10-05 08:00:00.003
1759665600000,5e-05,2025-10-05 12:00:00.000
1759680000009,5e-05,2025-10-05 16:00:00.009
1759694400004,5e-05,2025-10-05 20:00:00.004
1759708800004,5e-05,2025-10-06 00:00:00.004
1759723200003,5e-05,2025-10-06 04:00:00.003
1759737600002,5e-05,2025-10-06 08:00:00.002
1759752000000,5e-05,2025-10-06 12:00:00.000
1759766400004,5e-05,2025-10-06 16:00:00.004
1759780800002,5e-05,2025-10-06 20:00:00.002
1759795200000,5e-05,2025-10-07 00:00:00.000
1759809600001,5e-05,2025-10-07 04:00:00.001
1759824000003,5e-05,2025-10-07 08:00:00.003
1759838400005,5e-05,2025-10-07 12:00:00.005
1759852800000,5e-05,2025-10-07 16:00:00.000
1759867200002,5e-05,2025-10-07 20:00:00.002
1759881600000,5e-05,2025-10-08 00:00:00.000
1759896000002,5e-05,2025-10-08 04:00:00.002
1759910400006,5e-05,2025-10-08 08:00:00.006
1759924800003,5e-05,2025-10-08 12:00:00.003
1759939200002,5e-05,2025-10-08 16:00:00.002
1759953600000,5e-05,2025-10-08 20:00:00.000
1759968000001,5e-05,2025-10-09 00:00:00.001
1759982400003,5e-05,2025-10-09 04:00:00.003
1759996800000,5e-05,2025-10-09 08:00:00.000
1760011200002,5e-05,2025-10-09 12:00:00.002
1760025600000,5e-05,2025-10-09 16:00:00.000
1760040000010,5e-05,2025-10-09 20:00:00.010
1760054400005,7.008e-05,2025-10-10 00:00:00.005
1760068800001,5e-05,2025-10-10 04:00:00.001
1760083200002,5e-05,2025-10-10 08:00:00.002
1760097600004,5e-05,2025-10-10 12:00:00.004
1760112000014,5e-05,2025-10-10 16:00:00.014
1760126400003,5e-05,2025-10-10 20:00:00.003
1760140800000,7.902e-05,2025-10-11 00:00:00.000
1760155200000,5e-05,2025-10-11 04:00:00.000
1760169600003,5e-05,2025-10-11 08:00:00.003
1760184000003,5e-05,2025-10-11 12:00:00.003
1760198400000,7.219e-05,2025-10-11 16:00:00.000
1760212800001,5.955e-05,2025-10-11 20:00:00.001
1760227200004,8.489e-05,2025-10-12 00:00:00.004
1760241600001,8.066e-05,2025-10-12 04:00:00.001
1760256000002,9.076e-05,2025-10-12 08:00:00.002
1760270400001,8.371e-05,2025-10-12 12:00:00.001
1760284800000,5.612e-05,2025-10-12 16:00:00.000
1760299200000,0.00011708,2025-10-12 20:00:00.000
1760313600003,9.848e-05,2025-10-13 00:00:00.003
1760328000000,7.398e-05,2025-10-13 04:00:00.000
1760342400002,5e-05,2025-10-13 08:00:00.002
1760356800001,5e-05,2025-10-13 12:00:00.001
1760371200003,7.119e-05,2025-10-13 16:00:00.003
1760385600002,9.28e-05,2025-10-13 20:00:00.002
1760400000000,5e-05,2025-10-14 00:00:00.000
1760414400000,5e-05,2025-10-14 04:00:00.000
1760428800000,5e-05,2025-10-14 08:00:00.000
1760443200000,8.406e-05,2025-10-14 12:00:00.000
1760457600000,5e-05,2025-10-14 16:00:00.000
1760472000000,5e-05,2025-10-14 20:00:00.000
1760486400006,5e-05,2025-10-15 00:00:00.006
1760500800001,5e-05,2025-10-15 04:00:00.001
1760515200002,5e-05,2025-10-15 08:00:00.002
1760529600005,5e-05,2025-10-15 12:00:00.005
1760544000000,5e-05,2025-10-15 16:00:00.000
1760558400004,5e-05,2025-10-15 20:00:00.004
1760572800000,5e-05,2025-10-16 00:00:00.000
1760587200000,5e-05,2025-10-16 04:00:00.000
1760601600003,5e-05,2025-10-16 08:00:00.003
1760616000000,5e-05,2025-10-16 12:00:00.000
1760630400002,5e-05,2025-10-16 16:00:00.002
1760644800003,5e-05,2025-10-16 20:00:00.003
1760659200001,5e-05,2025-10-17 00:00:00.001
1760673600001,5e-05,2025-10-17 04:00:00.001
1760688000005,5e-05,2025-10-17 08:00:00.005
1760702400000,5e-05,2025-10-17 12:00:00.000
1760716800003,5e-05,2025-10-17 16:00:00.003
1760731200004,5e-05,2025-10-17 20:00:00.004
1760745600000,5e-05,2025-10-18 00:00:00.000
1760760000000,5e-05,2025-10-18 04:00:00.000
1760774400002,5e-05,2025-10-18 08:00:00.002
1760788800007,5e-05,2025-10-18 12:00:00.007
1760803200001,5e-05,2025-10-18 16:00:00.001
1760817600000,5e-05,2025-10-18 20:00:00.000
1760832000001,5e-05,2025-10-19 00:00:00.001
1760846400000,5e-05,2025-10-19 04:00:00.000
1760860800001,5e-05,2025-10-19 08:00:00.001
1760875200000,5e-05,2025-10-19 12:00:00.000
1760889600001,5e-05,2025-10-19 16:00:00.001
1760904000000,5e-05,2025-10-19 20:00:00.000
1760918400004,5e-05,2025-10-20 00:00:00.004
1760932800000,5e-05,2025-10-20 04:00:00.000
1760947200001,5e-05,2025-10-20 08:00:00.001
1760961600000,5e-05,2025-10-20 12:00:00.000
1760976000000,5e-05,2025-10-20 16:00:00.000
1760990400000,5e-05,2025-10-20 20:00:00.000
1761004800009,5e-05,2025-10-21 00:00:00.009
1761019200003,5e-05,2025-10-21 04:00:00.003
1761033600000,5e-05,2025-10-21 08:00:00.000
1761048000000,5e-05,2025-10-21 12:00:00.000
1761062400000,5e-05,2025-10-21 16:00:00.000
1761076800001,5e-05,2025-10-21 20:00:00.001
1761091200004,5e-05,2025-10-22 00:00:00.004
1761105600000,5.121e-05,2025-10-22 04:00:00.000
1761120000000,5e-05,2025-10-22 08:00:00.000
1761134400000,5e-05,2025-10-22 12:00:00.000
1761148800000,5e-05,2025-10-22 16:00:00.000
1761163200004,5e-05,2025-10-22 20:00:00.004
1761177600000,8.623e-05,2025-10-23 00:00:00.000
1761192000000,5e-05,2025-10-23 04:00:00.000
1761206400001,7.296e-05,2025-10-23 08:00:00.001
1761220800000,5e-05,2025-10-23 12:00:00.000
1761235200004,7.927e-05,2025-10-23 16:00:00.004
1761249600000,5.332e-05,2025-10-23 20:00:00.000
1761264000000,8.92e-05,2025-10-24 00:00:00.000
1761278400002,5.43e-05,2025-10-24 04:00:00.002
1761292800000,5e-05,2025-10-24 08:00:00.000
1761307200002,5e-05,2025-10-24 12:00:00.002
1761321600009,5e-05,2025-10-24 16:00:00.009
1761336000000,5e-05,2025-10-24 20:00:00.000
1761350400000,5e-05,2025-10-25 00:00:00.000
1761364800000,5e-05,2025-10-25 04:00:00.000
1761379200001,5e-05,2025-10-25 08:00:00.001
1761393600000,5e-05,2025-10-25 12:00:00.000
1761408000001,5e-05,2025-10-25 16:00:00.001
1761422400002,5e-05,2025-10-25 20:00:00.002
1761436800001,5e-05,2025-10-26 00:00:00.001
1761451200000,5e-05,2025-10-26 04:00:00.000
1761465600001,5e-05,2025-10-26 08:00:00.001
1761480000002,5e-05,2025-10-26 12:00:00.002
1761494400000,5e-05,2025-10-26 16:00:00.000
1761508800000,5e-05,2025-10-26 20:00:00.000
1761523200000,5e-05,2025-10-27 00:00:00.000
1761537600000,5e-05,2025-10-27 04:00:00.000
1761552000005,5e-05,2025-10-27 08:00:00.005
1761566400003,5e-05,2025-10-27 12:00:00.003
1761580800000,5e-05,2025-10-27 16:00:00.000
1761595200001,5e-05,2025-10-27 20:00:00.001
1761609600000,5e-05,2025-10-28 00:00:00.000
1761624000004,5e-05,2025-10-28 04:00:00.004
1761638400000,5e-05,2025-10-28 08:00:00.000
1761652800000,5e-05,2025-10-28 12:00:00.000
1761667200004,5e-05,2025-10-28 16:00:00.004
1761681600004,5e-05,2025-10-28 20:00:00.004
1761696000004,5e-05,2025-10-29 00:00:00.004
1761710400005,5e-05,2025-10-29 04:00:00.005
1761724800005,5e-05,2025-10-29 08:00:00.005
1761739200011,5e-05,2025-10-29 12:00:00.011
1761753600000,5e-05,2025-10-29 16:00:00.000
1761768000008,5e-05,2025-10-29 20:00:00.008
1761782400004,5e-05,2025-10-30 00:00:00.004
1761796800001,5e-05,2025-10-30 04:00:00.001
1761811200008,5e-05,2025-10-30 08:00:00.008
1761825600006,5e-05,2025-10-30 12:00:00.006
1761840000001,5e-05,2025-10-30 16:00:00.001
1761854400000,5e-05,2025-10-30 20:00:00.000
1761868800000,5e-05,2025-10-31 00:00:00.000
1761883200000,5e-05,2025-10-31 04:00:00.000
1761897600008,5e-05,2025-10-31 08:00:00.008
1761912000008,5e-05,2025-10-31 12:00:00.008
1761926400007,5e-05,2025-10-31 16:00:00.007
1761940800001,5e-05,2025-10-31 20:00:00.001
1761955200001,5e-05,2025-11-01 00:00:00.001
1761969600000,5e-05,2025-11-01 04:00:00.000
1761984000000,5e-05,2025-11-01 08:00:00.000
1761998400000,5e-05,2025-11-01 12:00:00.000
1762012800000,5e-05,2025-11-01 16:00:00.000
1762027200003,5e-05,2025-11-01 20:00:00.003
1762041600007,5e-05,2025-11-02 00:00:00.007
1762056000002,5e-05,2025-11-02 04:00:00.002
1762070400000,5e-05,2025-11-02 08:00:00.000
1762084800001,5e-05,2025-11-02 12:00:00.001
1762099200001,5e-05,2025-11-02 16:00:00.001
1762113600001,5e-05,2025-11-02 20:00:00.001
1762128000000,5e-05,2025-11-03 00:00:00.000
1762142400003,5e-05,2025-11-03 04:00:00.003
1762156800010,5e-05,2025-11-03 08:00:00.010
1762171200002,5e-05,2025-11-03 12:00:00.002
1762185600000,5e-05,2025-11-03 16:00:00.000
1762200000008,5e-05,2025-11-03 20:00:00.008
1762214400002,5e-05,2025-11-04 00:00:00.002
1762228800000,5e-05,2025-11-04 04:00:00.000
1762243200004,5e-05,2025-11-04 08:00:00.004
1762257600000,5e-05,2025-11-04 12:00:00.000
1762272000000,5e-05,2025-11-04 16:00:00.000
1762286400001,5e-05,2025-11-04 20:00:00.001
1762300800000,5e-05,2025-11-05 00:00:00.000
1762315200005,5e-05,2025-11-05 04:00:00.005
1762329600000,5e-05,2025-11-05 08:00:00.000
1762344000000,5e-05,2025-11-05 12:00:00.000
1762358400004,5e-05,2025-11-05 16:00:00.004
1762372800001,5e-05,2025-11-05 20:00:00.001
1762387200001,5e-05,2025-11-06 00:00:00.001
1762401600009,5e-05,2025-11-06 04:00:00.009
1762416000000,5e-05,2025-11-06 08:00:00.000
1762430400001,5e-05,2025-11-06 12:00:00.001
1762444800001,5e-05,2025-11-06 16:00:00.001
1762459200006,5e-05,2025-11-06 20:00:00.006
1762473600005,5e-05,2025-11-07 00:00:00.005
1762488000000,5.812e-05,2025-11-07 04:00:00.000
1762502400003,5e-05,2025-11-07 08:00:00.003
1762516800005,5e-05,2025-11-07 12:00:00.005
1762531200005,5e-05,2025-11-07 16:00:00.005
1762545600000,5e-05,2025-11-07 20:00:00.000
1762560000011,5e-05,2025-11-08 00:00:00.011
1762574400001,5e-05,2025-11-08 04:00:00.001
1762588800015,5e-05,2025-11-08 08:00:00.015
1762603200000,5e-05,2025-11-08 12:00:00.000
1762617600001,5e-05,2025-11-08 16:00:00.001
1762632000006,5e-05,2025-11-08 20:00:00.006
1762646400004,5e-05,2025-11-09 00:00:00.004
1762660800000,5e-05,2025-11-09 04:00:00.000
1762675200000,5e-05,2025-11-09 08:00:00.000
1762689600000,5e-05,2025-11-09 12:00:00.000
1762704000005,5e-05,2025-11-09 16:00:00.005
1762718400010,5e-05,2025-11-09 20:00:00.010
1762732800000,5e-05,2025-11-10 00:00:00.000
1762747200005,5e-05,2025-11-10 04:00:00.005
1762761600000,5e-05,2025-11-10 08:00:00.000
1762776000003,5e-05,2025-11-10 12:00:00.003
1762790400003,5e-05,2025-11-10 16:00:00.003
1762804800000,5e-05,2025-11-10 20:00:00.000
1762819200007,5e-05,2025-11-11 00:00:00.007
1762833600003,5e-05,2025-11-11 04:00:00.003
1762848000000,5e-05,2025-11-11 08:00:00.000
1762862400002,5e-05,2025-11-11 12:00:00.002
1762876800009,5e-05,2025-11-11 16:00:00.009
1762891200000,5e-05,2025-11-11 20:00:00.000
1762905600000,5e-05,2025-11-12 00:00:00.000
1762920000000,5e-05,2025-11-12 04:00:00.000
1762934400002,5e-05,2025-11-12 08:00:00.002
1762948800000,5e-05,2025-11-12 12:00:00.000
1762963200000,5e-05,2025-11-12 16:00:00.000
1762977600001,5e-05,2025-11-12 20:00:00.001
1762992000002,5e-05,2025-11-13 00:00:00.002
1763006400000,5e-05,2025-11-13 04:00:00.000
1763020800000,5e-05,2025-11-13 08:00:00.000
1763035200001,5e-05,2025-11-13 12:00:00.001
1763049600001,5e-05,2025-11-13 16:00:00.001
1763064000004,5e-05,2025-11-13 20:00:00.004
1763078400000,5e-05,2025-11-14 00:00:00.000
1763092800000,5e-05,2025-11-14 04:00:00.000
1763107200000,5e-05,2025-11-14 08:00:00.000
1763121600001,5e-05,2025-11-14 12:00:00.001
1763136000001,5e-05,2025-11-14 16:00:00.001
1763150400000,5e-05,2025-11-14 20:00:00.000
1763164800005,5e-05,2025-11-15 00:00:00.005
1763179200015,7.883e-05,2025-11-15 04:00:00.015
1763193600000,5e-05,2025-11-15 08:00:00.000
1763208000008,5e-05,2025-11-15 12:00:00.008
1763222400001,5e-05,2025-11-15 16:00:00.001
1763236800003,5e-05,2025-11-15 20:00:00.003
1763251200001,5e-05,2025-11-16 00:00:00.001
1763265600003,5e-05,2025-11-16 04:00:00.003
1763280000000,5e-05,2025-11-16 08:00:00.000
1763294400003,5e-05,2025-11-16 12:00:00.003
1763308800000,5e-05,2025-11-16 16:00:00.000
1763323200000,5e-05,2025-11-16 20:00:00.000
1763337600003,5e-05,2025-11-17 00:00:00.003
1763352000001,5e-05,2025-11-17 04:00:00.001
1763366400003,5e-05,2025-11-17 08:00:00.003
1763380800000,5.608e-05,2025-11-17 12:00:00.000
1763395200000,5e-05,2025-11-17 16:00:00.000
1763409600003,5e-05,2025-11-17 20:00:00.003
1763424000002,5e-05,2025-11-18 00:00:00.002
1763438400000,5e-05,2025-11-18 04:00:00.000
1763452800004,5e-05,2025-11-18 08:00:00.004
1763467200000,6.625e-05,2025-11-18 12:00:00.000
1763481600000,5e-05,2025-11-18 16:00:00.000
1763496000002,9.456e-05,2025-11-18 20:00:00.002
1763510400000,5.63e-05,2025-11-19 00:00:00.000
1763524800000,5e-05,2025-11-19 04:00:00.000
1763539200000,5e-05,2025-11-19 08:00:00.000
1763553600000,5e-05,2025-11-19 12:00:00.000
1763568000008,5e-05,2025-11-19 16:00:00.008
1763582400000,5e-05,2025-11-19 20:00:00.000
1763596800000,5e-05,2025-11-20 00:00:00.000
1763611200006,5e-05,2025-11-20 04:00:00.006
1763625600000,5e-05,2025-11-20 08:00:00.000
1763640000003,5e-05,2025-11-20 12:00:00.003
1763654400000,5e-05,2025-11-20 16:00:00.000
1763668800002,5e-05,2025-11-20 20:00:00.002
1763683200001,5e-05,2025-11-21 00:00:00.001
1763697600000,5e-05,2025-11-21 04:00:00.000
1763712000000,5e-05,2025-11-21 08:00:00.000
1763726400001,0.00011395,2025-11-21 12:00:00.001
1763740800001,8.132e-05,2025-11-21 16:00:00.001
1763755200000,0.00011223,2025-11-21 20:00:00.000
1763769600004,7.881e-05,2025-11-22 00:00:00.004
1763784000000,0.00011102,2025-11-22 04:00:00.000
1763798400000,5e-05,2025-11-22 08:00:00.000
1763812800000,9.97e-05,2025-11-22 12:00:00.000
1763827200000,0.00010329,2025-11-22 16:00:00.000
1763841600001,0.00014656,2025-11-22 20:00:00.001
1763856000000,7.261e-05,2025-11-23 00:00:00.000
1763870400000,0.00014826,2025-11-23 04:00:00.000
1763884800008,9.248e-05,2025-11-23 08:00:00.008
1763899200000,0.00022165,2025-11-23 12:00:00.000
1763913600003,0.00022695,2025-11-23 16:00:00.003
1763928000003,0.00033103,2025-11-23 20:00:00.003
1763942400004,0.00028204,2025-11-24 00:00:00.004
1763956800000,9.915e-05,2025-11-24 04:00:00.000
1763971200000,0.00010902,2025-11-24 08:00:00.000
1763985600000,0.00023887,2025-11-24 12:00:00.000
1764000000006,0.00029549,2025-11-24 16:00:00.006
1764014400003,5e-05,2025-11-24 20:00:00.003
1764028800000,6.579e-05,2025-11-25 00:00:00.000
1764043200000,0.00011844,2025-11-25 04:00:00.000
1764057600009,0.00019836,2025-11-25 08:00:00.009
1764072000002,0.00022293,2025-11-25 12:00:00.002
1764086400007,0.00020222,2025-11-25 16:00:00.007
1764100800009,0.00023686,2025-11-25 20:00:00.009
1764115200001,0.00033932,2025-11-26 00:00:00.001
1764129600006,0.00020422,2025-11-26 04:00:00.006
1764144000001,5e-05,2025-11-26 08:00:00.001
1764158400001,5e-05,2025-11-26 12:00:00.001
1764172800000,7.979e-05,2025-11-26 16:00:00.000
1764187200001,5e-05,2025-11-26 20:00:00.001
1764201600013,5e-05,2025-11-27 00:00:00.013
1764216000007,0.00016215,2025-11-27 04:00:00.007
1764230400000,0.0002009,2025-11-27 08:00:00.000
1764244800002,0.00024362,2025-11-27 12:00:00.002
1764259200004,5e-05,2025-11-27 16:00:00.004
1764273600004,5e-05,2025-11-27 20:00:00.004
1764288000008,0.00010811,2025-11-28 00:00:00.008
1764302400000,0.00022363,2025-11-28 04:00:00.000
1764316800000,6.027e-05,2025-11-28 08:00:00.000
1764331200004,5e-05,2025-11-28 12:00:00.004
1764345600008,5e-05,2025-11-28 16:00:00.008
1764360000010,5e-05,2025-11-28 20:00:00.010
1764374400000,5e-05,2025-11-29 00:00:00.000
1764388800002,5e-05,2025-11-29 04:00:00.002
1764403200005,5e-05,2025-11-29 08:00:00.005
1764417600003,5e-05,2025-11-29 12:00:00.003
1764432000001,-2.13e-06,2025-11-29 16:00:00.001
1764446400000,-0.00203885,2025-11-29 20:00:00.000
1764460800003,-0.00146515,2025-11-30 00:00:00.003
1764475200004,-0.00170789,2025-11-30 04:00:00.004
1764489600000,-0.00023899,2025-11-30 08:00:00.000
1764504000000,-0.00117581,2025-11-30 12:00:00.000
1764518400004,-0.00216696,2025-11-30 16:00:00.004
1764532800006,-0.00084054,2025-11-30 20:00:00.006
1764547200000,-0.00144769,2025-12-01 00:00:00.000
1764561600000,-0.00359913,2025-12-01 04:00:00.000
1764576000004,-0.00014792,2025-12-01 08:00:00.004
1764590400000,-0.00134935,2025-12-01 12:00:00.000
1764604800000,-0.0015242,2025-12-01 16:00:00.000
1764619200000,-0.00152446,2025-12-01 20:00:00.000
1764633600004,-0.00240592,2025-12-02 00:00:00.004
1764648000000,-0.00170879,2025-12-02 04:00:00.000
1764662400000,-0.00126393,2025-12-02 08:00:00.000
1764676800004,-0.00141492,2025-12-02 12:00:00.004
1764691200000,-0.00170851,2025-12-02 16:00:00.000
1764705600000,-0.0018354,2025-12-02 20:00:00.000
1764720000000,-0.00180065,2025-12-03 00:00:00.000
1764734400004,-0.00103379,2025-12-03 04:00:00.004
1764748800000,-0.00091176,2025-12-03 08:00:00.000
1764763200001,-0.0012963,2025-12-03 12:00:00.001
1764777600005,-0.00045744,2025-12-03 16:00:00.005
1764792000002,-0.00039296,2025-12-03 20:00:00.002
1764806400012,-0.00032128,2025-12-04 00:00:00.012
1764820800000,-0.00020608,2025-12-04 04:00:00.000
1764835200000,-0.00030219,2025-12-04 08:00:00.000
1764849600005,-0.00132075,2025-12-04 12:00:00.005
1764864000011,-0.00022561,2025-12-04 16:00:00.011
1764878400000,-2.754e-05,2025-12-04 20:00:00.000
1764892800000,-0.00030634,2025-12-05 00:00:00.000
1764907200000,-0.00038033,2025-12-05 04:00:00.000
1764921600000,-0.00040744,2025-12-05 08:00:00.000
1764936000001,-0.00048791,2025-12-05 12:00:00.001
1764950400010,-0.0002674,2025-12-05 16:00:00.010
1764964800001,-0.00056125,2025-12-05 20:00:00.001
1764979200001,-0.00018438,2025-12-06 00:00:00.001
1764993600000,-0.00054331,2025-12-06 04:00:00.000
1765008000001,-0.00043879,2025-12-06 08:00:00.001
1765022400000,-0.00074201,2025-12-06 12:00:00.000
1765036800008,-0.00052264,2025-12-06 16:00:00.008
1765051200000,-0.00058718,2025-12-06 20:00:00.000
1765065600000,-0.00051685,2025-12-07 00:00:00.000
1765080000000,-0.00134835,2025-12-07 04:00:00.000
1765094400004,-0.00024614,2025-12-07 08:00:00.004
1765108800004,-0.00028878,2025-12-07 12:00:00.004
1765123200000,-0.0002966,2025-12-07 16:00:00.000
1765137600000,-0.00059504,2025-12-07 20:00:00.000
1765152000000,-0.00095184,2025-12-08 00:00:00.000
1765166400000,-0.00158212,2025-12-08 04:00:00.000
1765180800000,-0.00065994,2025-12-08 08:00:00.000
1765195200001,-0.00111756,2025-12-08 12:00:00.001
1765209600001,-0.00120657,2025-12-08 16:00:00.001
1765224000000,-0.00103509,2025-12-08 20:00:00.000
1765238400001,-0.00070118,2025-12-09 00:00:00.001
1765252800004,-0.00097374,2025-12-09 04:00:00.004
1765267200001,-0.0005334,2025-12-09 08:00:00.001
1765281600000,-0.00041352,2025-12-09 12:00:00.000
1765296000007,-0.00025965,2025-12-09 16:00:00.007
1765310400001,-0.00056736,2025-12-09 20:00:00.001
1765324800007,-0.000664,2025-12-10 00:00:00.007
1765339200012,-8.384e-05,2025-12-10 04:00:00.012
1765353600002,2.86e-06,2025-12-10 08:00:00.002
1765368000000,-0.0001257,2025-12-10 12:00:00.000
1765382400012,-3.502e-05,2025-12-10 16:00:00.012
1765396800000,5e-05,2025-12-10 20:00:00.000
1765411200001,-8.086e-05,2025-12-11 00:00:00.001
1765425600000,-3.205e-05,2025-12-11 04:00:00.000
1765440000000,5e-05,2025-12-11 08:00:00.000
1765454400000,-9.981e-05,2025-12-11 12:00:00.000
1765468800000,-0.00017616,2025-12-11 16:00:00.000
1765483200001,4.39e-05,2025-12-11 20:00:00.001
1765497600005,-0.00011944,2025-12-12 00:00:00.005
1765512000000,-0.00020226,2025-12-12 04:00:00.000
1765526400007,6.59e-06,2025-12-12 08:00:00.007
1765540800000,2.82e-05,2025-12-12 12:00:00.000
1765555200002,-0.00019605,2025-12-12 16:00:00.002
1765569600004,-7.62e-05,2025-12-12 20:00:00.004
1765584000001,-7.705e-05,2025-12-13 00:00:00.001
1765598400006,5e-05,2025-12-13 04:00:00.006
1765612800006,5e-05,2025-12-13 08:00:00.006
1765627200002,3.399e-05,2025-12-13 12:00:00.002
1765641600000,3.707e-05,2025-12-13 16:00:00.000
1765656000000,5e-05,2025-12-13 20:00:00.000
1765670400000,5e-05,2025-12-14 00:00:00.000
1765684800001,-2.225e-05,2025-12-14 04:00:00.001
1765699200003,-0.00053765,2025-12-14 08:00:00.003
1765713600000,-0.00038893,2025-12-14 12:00:00.000
1765728000005,-5.037e-05,2025-12-14 16:00:00.005
1765742400000,4.5e-05,2025-12-14 20:00:00.000
1765756800000,-3.915e-05,2025-12-15 00:00:00.000
1765771200001,5e-05,2025-12-15 04:00:00.001
1765785600000,5e-05,2025-12-15 08:00:00.000
1765800000000,5e-05,2025-12-15 12:00:00.000
1765814400000,5e-05,2025-12-15 16:00:00.000
1765828800000,-2.181e-05,2025-12-15 20:00:00.000
1765843200002,-5.089e-05,2025-12-16 00:00:00.002
1765857600000,5e-05,2025-12-16 04:00:00.000
1765872000000,5e-05,2025-12-16 08:00:00.000
1765886400008,5e-05,2025-12-16 12:00:00.008
1765900800002,5e-05,2025-12-16 16:00:00.002
1765915200000,5e-05,2025-12-16 20:00:00.000
1765929600004,5e-05,2025-12-17 00:00:00.004
1765944000002,5e-05,2025-12-17 04:00:00.002
1765958400000,5e-05,2025-12-17 08:00:00.000
1765972800000,-0.00102598,2025-12-17 12:00:00.000
1765987200000,-0.00045072,2025-12-17 16:00:00.000
1766001600001,-0.00045739,2025-12-17 20:00:00.001
1766016000005,-0.0002854,2025-12-18 00:00:00.005
1766030400000,-0.00309428,2025-12-18 04:00:00.000
1766044800007,-0.00241107,2025-12-18 08:00:00.007
1766059200000,-0.00211108,2025-12-18 12:00:00.000
1766073600001,-0.00060231,2025-12-18 16:00:00.001
1766088000000,-0.00040996,2025-12-18 20:00:00.000
1766102400000,-0.00091625,2025-12-19 00:00:00.000
1766116800000,-0.0007928,2025-12-19 04:00:00.000
1766131200001,-0.00063587,2025-12-19 08:00:00.001
1766145600000,-0.00020268,2025-12-19 12:00:00.000
1766160000000,-4.06e-06,2025-12-19 16:00:00.000
1766174400000,-0.00010671,2025-12-19 20:00:00.000
1766188800005,5e-05,2025-12-20 00:00:00.005
1766203200001,-0.00075847,2025-12-20 04:00:00.001
1766217600000,-0.00105551,2025-12-20 08:00:00.000
1766232000000,-0.00135673,2025-12-20 12:00:00.000
1766246400002,-0.0005108,2025-12-20 16:00:00.002
1766260800009,-0.0008048,2025-12-20 20:00:00.009
1766275200000,-0.00053448,2025-12-21 00:00:00.000
1766289600003,-0.00039461,2025-12-21 04:00:00.003
1766304000009,-0.00033747,2025-12-21 08:00:00.009
1766318400000,-0.00039602,2025-12-21 12:00:00.000
1766332800000,-0.00048868,2025-12-21 16:00:00.000
1766347200009,-0.00014342,2025-12-21 20:00:00.009
1766361600000,-0.00044012,2025-12-22 00:00:00.000
1766376000000,-5.466e-05,2025-12-22 04:00:00.000
1766390400005,1.55e-05,2025-12-22 08:00:00.005
1766404800002,5e-05,2025-12-22 12:00:00.002
1766419200009,5e-05,2025-12-22 16:00:00.009
1766433600001,3.488e-05,2025-12-22 20:00:00.001
1766448000000,5e-05,2025-12-23 00:00:00.000
1766462400000,5e-05,2025-12-23 04:00:00.000
1766476800000,5e-05,2025-12-23 08:00:00.000
1766491200000,4.789e-05,2025-12-23 12:00:00.000
1766505600001,5e-05,2025-12-23 16:00:00.001
1766520000005,5e-05,2025-12-23 20:00:00.005
1766534400001,5e-05,2025-12-24 00:00:00.001
1766548800000,5e-05,2025-12-24 04:00:00.000
1766563200001,5e-05,2025-12-24 08:00:00.001
1766577600002,5e-05,2025-12-24 12:00:00.002
1766592000000,5e-05,2025-12-24 16:00:00.000
1766606400003,5e-05,2025-12-24 20:00:00.003
1766620800000,5e-05,2025-12-25 00:00:00.000
1766635200000,5e-05,2025-12-25 04:00:00.000
1766649600001,5e-05,2025-12-25 08:00:00.001
1766664000008,5e-05,2025-12-25 12:00:00.008
1766678400005,5e-05,2025-12-25 16:00:00.005
1766692800001,5e-05,2025-12-25 20:00:00.001
1766707200004,3.567e-05,2025-12-26 00:00:00.004
1766721600005,-0.00024012,2025-12-26 04:00:00.005
1766736000001,4.333e-05,2025-12-26 08:00:00.001
1766750400000,5e-05,2025-12-26 12:00:00.000
1766764800007,-1.107e-05,2025-12-26 16:00:00.007
1766779200000,5e-05,2025-12-26 20:00:00.000
1766793600000,-0.00014288,2025-12-27 00:00:00.000
1766808000000,7.99e-06,2025-12-27 04:00:00.000
1766822400000,5e-05,2025-12-27 08:00:00.000
1766836800000,5e-05,2025-12-27 12:00:00.000
1766851200011,5e-05,2025-12-27 16:00:00.011
1766865600003,4.04e-05,2025-12-27 20:00:00.003
1766880000008,-9.63e-05,2025-12-28 00:00:00.008
1766894400000,5e-05,2025-12-28 04:00:00.000
1766908800000,-3.604e-05,2025-12-28 08:00:00.000
1766923200010,-1.598e-05,2025-12-28 12:00:00.010
1766937600000,5e-05,2025-12-28 16:00:00.000
1766952000002,-0.00020425,2025-12-28 20:00:00.002
1766966400016,-0.00018956,2025-12-29 00:00:00.016
1766980800000,5e-05,2025-12-29 04:00:00.000
1766995200001,5e-05,2025-12-29 08:00:00.001
1767009600001,-0.00010754,2025-12-29 12:00:00.001
1767024000000,-0.00038777,2025-12-29 16:00:00.000
1767038400000,-0.00030353,2025-12-29 20:00:00.000
1767052800005,-1.515e-05,2025-12-30 00:00:00.005
1767067200012,-0.00012056,2025-12-30 04:00:00.012
1767081600001,-5.62e-05,2025-12-30 08:00:00.001
1767096000000,5e-05,2025-12-30 12:00:00.000
1767110400003,5e-05,2025-12-30 16:00:00.003
1767124800001,5e-05,2025-12-30 20:00:00.001
1767139200004,5e-05,2025-12-31 00:00:00.004
1767153600008,1.474e-05,2025-12-31 04:00:00.008
1767168000001,5e-05,2025-12-31 08:00:00.001
1767182400007,5e-05,2025-12-31 12:00:00.007
1767196800001,5e-05,2025-12-31 16:00:00.001
1767211200009,3.902e-05,2025-12-31 20:00:00.009
1767225600008,5e-05,2026-01-01 00:00:00.008
1767240000000,5e-05,2026-01-01 04:00:00.000
1767254400002,5e-05,2026-01-01 08:00:00.002
1767268800007,5e-05,2026-01-01 12:00:00.007
1767283200001,5e-05,2026-01-01 16:00:00.001
1767297600005,5e-05,2026-01-01 20:00:00.005
1767312000006,5e-05,2026-01-02 00:00:00.006
1767326400000,5e-05,2026-01-02 04:00:00.000
1767340800007,5e-05,2026-01-02 08:00:00.007
1767355200000,5e-05,2026-01-02 12:00:00.000
1767369600000,5e-05,2026-01-02 16:00:00.000
1767384000000,5e-05,2026-01-02 20:00:00.000
1767398400001,5e-05,2026-01-03 00:00:00.001
1767412800000,5e-05,2026-01-03 04:00:00.000
1767427200000,5e-05,2026-01-03 08:00:00.000
1767441600008,5e-05,2026-01-03 12:00:00.008
1767456000000,5e-05,2026-01-03 16:00:00.000
1767470400001,5e-05,2026-01-03 20:00:00.001
1767484800000,5e-05,2026-01-04 00:00:00.000
1767499200000,5e-05,2026-01-04 04:00:00.000
1767513600000,5e-05,2026-01-04 08:00:00.000
1767528000001,5e-05,2026-01-04 12:00:00.001
1767542400001,5e-05,2026-01-04 16:00:00.001
1767556800002,5e-05,2026-01-04 20:00:00.002
1767571200000,5e-05,2026-01-05 00:00:00.000
1767585600001,5e-05,2026-01-05 04:00:00.001
1767600000000,5e-05,2026-01-05 08:00:00.000
1767614400000,5e-05,2026-01-05 12:00:00.000
1767628800000,5e-05,2026-01-05 16:00:00.000
1767643200000,5e-05,2026-01-05 20:00:00.000
1767657600010,5e-05,2026-01-06 00:00:00.010
1767672000000,5e-05,2026-01-06 04:00:00.000
1767686400000,5e-05,2026-01-06 08:00:00.000
1767700800000,5e-05,2026-01-06 12:00:00.000
1767715200000,5e-05,2026-01-06 16:00:00.000
1767729600002,5e-05,2026-01-06 20:00:00.002
1767744000001,5e-05,2026-01-07 00:00:00.001
1767758400003,5e-05,2026-01-07 04:00:00.003
1767772800001,5e-05,2026-01-07 08:00:00.001
1767787200000,5e-05,2026-01-07 12:00:00.000
1767801600001,5e-05,2026-01-07 16:00:00.001
1767816000001,5e-05,2026-01-07 20:00:00.001
1767830400001,5e-05,2026-01-08 00:00:00.001
1767844800000,5e-05,2026-01-08 04:00:00.000
1767859200000,5e-05,2026-01-08 08:00:00.000
1767873600002,5e-05,2026-01-08 12:00:00.002
1767888000000,5e-05,2026-01-08 16:00:00.000
1767902400000,5e-05,2026-01-08 20:00:00.000
1767916800003,5e-05,2026-01-09 00:00:00.003
1767931200000,5e-05,2026-01-09 04:00:00.000
1767945600000,5e-05,2026-01-09 08:00:00.000
1767960000000,5e-05,2026-01-09 12:00:00.000
1767974400001,5e-05,2026-01-09 16:00:00.001
1767988800005,5e-05,2026-01-09 20:00:00.005
1768003200000,5e-05,2026-01-10 00:00:00.000
1768017600000,5e-05,2026-01-10 04:00:00.000
1768032000002,5e-05,2026-01-10 08:00:00.002
1768046400000,5e-05,2026-01-10 12:00:00.000
1768060800001,5e-05,2026-01-10 16:00:00.001
1768075200014,5e-05,2026-01-10 20:00:00.014
1768089600003,5e-05,2026-01-11 00:00:00.003
1768104000000,-0.00059035,2026-01-11 04:00:00.000
1768118400006,5e-05,2026-01-11 08:00:00.006
1768132800000,-1.106e-05,2026-01-11 12:00:00.000
1768147200000,1.94e-06,2026-01-11 16:00:00.000
1768161600002,5e-05,2026-01-11 20:00:00.002
1768176000005,-0.00010466,2026-01-12 00:00:00.005
1768190400008,5e-05,2026-01-12 04:00:00.008
1768204800000,5e-05,2026-01-12 08:00:00.000
1768219200000,1.986e-05,2026-01-12 12:00:00.000
1768233600000,5e-05,2026-01-12 16:00:00.000
1768248000000,2.648e-05,2026-01-12 20:00:00.000
1768262400007,-5.01e-05,2026-01-13 00:00:00.007
1768276800000,5e-05,2026-01-13 04:00:00.000
1768291200009,5e-05,2026-01-13 08:00:00.009
1768305600000,5e-05,2026-01-13 12:00:00.000
1768320000002,5e-05,2026-01-13 16:00:00.002
1768334400003,5e-05,2026-01-13 20:00:00.003
1768348800000,5e-05,2026-01-14 00:00:00.000
1768363200001,5e-05,2026-01-14 04:00:00.001
1768377600001,5e-05,2026-01-14 08:00:00.001
1768392000000,5e-05,2026-01-14 12:00:00.000
1768406400004,5e-05,2026-01-14 16:00:00.004
1768420800007,5e-05,2026-01-14 20:00:00.007
1768435200000,5e-05,2026-01-15 00:00:00.000
1768449600008,5e-05,2026-01-15 04:00:00.008
1768464000004,5e-05,2026-01-15 08:00:00.004
1768478400000,5e-05,2026-01-15 12:00:00.000
1768492800002,5e-05,2026-01-15 16:00:00.002
1768507200000,5e-05,2026-01-15 20:00:00.000
1768521600000,5e-05,2026-01-16 00:00:00.000
1768536000000,5e-05,2026-01-16 04:00:00.000
1768550400000,5e-05,2026-01-16 08:00:00.000
1768564800001,5e-05,2026-01-16 12:00:00.001
1768579200001,5e-05,2026-01-16 16:00:00.001
1768593600003,5e-05,2026-01-16 20:00:00.003
1768608000000,5e-05,2026-01-17 00:00:00.000
1768622400000,5e-05,2026-01-17 04:00:00.000
1768636800000,5e-05,2026-01-17 08:00:00.000
1768651200000,5e-05,2026-01-17 12:00:00.000
1768665600002,5e-05,2026-01-17 16:00:00.002
1768680000002,5e-05,2026-01-17 20:00:00.002
1768694400001,5e-05,2026-01-18 00:00:00.001
1768708800002,5e-05,2026-01-18 04:00:00.002
1768723200000,5e-05,2026-01-18 08:00:00.000
1768737600000,5e-05,2026-01-18 12:00:00.000
1768752000000,5e-05,2026-01-18 16:00:00.000
1768766400011,5e-05,2026-01-18 20:00:00.011
1768780800007,5e-05,2026-01-19 00:00:00.007
1768795200002,5e-05,2026-01-19 04:00:00.002
1768809600007,5e-05,2026-01-19 08:00:00.007
1768824000000,5e-05,2026-01-19 12:00:00.000
1768838400007,5e-05,2026-01-19 16:00:00.007
1768852800000,5e-05,2026-01-19 20:00:00.000
1768867200005,5e-05,2026-01-20 00:00:00.005
1768881600008,5e-05,2026-01-20 04:00:00.008
1768896000001,5e-05,2026-01-20 08:00:00.001
1768910400007,3.883e-05,2026-01-20 12:00:00.007
1768924800009,5e-05,2026-01-20 16:00:00.009
1768939200002,5e-05,2026-01-20 20:00:00.002
1768953600001,5e-05,2026-01-21 00:00:00.001
1768968000009,5e-05,2026-01-21 04:00:00.009
1768982400011,5e-05,2026-01-21 08:00:00.011
1768996800000,5e-05,2026-01-21 12:00:00.000
1769011200011,5e-05,2026-01-21 16:00:00.011
1769025600000,5e-05,2026-01-21 20:00:00.000
1769040000010,5e-05,2026-01-22 00:00:00.010
1769054400011,5e-05,2026-01-22 04:00:00.011
1769068800003,5e-05,2026-01-22 08:00:00.003
1769083200000,5e-05,2026-01-22 12:00:00.000
1769097600005,5e-05,2026-01-22 16:00:00.005
1769112000000,5e-05,2026-01-22 20:00:00.000
1769126400005,5e-05,2026-01-23 00:00:00.005
1769140800000,5e-05,2026-01-23 04:00:00.000
1769155200000,5e-05,2026-01-23 08:00:00.000
1769169600002,5e-05,2026-01-23 12:00:00.002
1769184000011,5e-05,2026-01-23 16:00:00.011
1769198400000,5e-05,2026-01-23 20:00:00.000
1769212800011,5e-05,2026-01-24 00:00:00.011
1769227200008,5e-05,2026-01-24 04:00:00.008
1769241600002,5e-05,2026-01-24 08:00:00.002
1769256000000,5e-05,2026-01-24 12:00:00.000
1769270400001,5e-05,2026-01-24 16:00:00.001
1769284800008,5e-05,2026-01-24 20:00:00.008
1769299200002,5e-05,2026-01-25 00:00:00.002
1769313600000,5e-05,2026-01-25 04:00:00.000
1769328000011,-2.488e-05,2026-01-25 08:00:00.011
1769342400000,5e-05,2026-01-25 12:00:00.000
1769356800005,2.85e-05,2026-01-25 16:00:00.005
1769371200001,5e-05,2026-01-25 20:00:00.001
1769385600000,5e-05,2026-01-26 00:00:00.000
1769400000000,5e-05,2026-01-26 04:00:00.000
1769414400003,5e-05,2026-01-26 08:00:00.003
1769428800000,5e-05,2026-01-26 12:00:00.000
1769443200000,5e-05,2026-01-26 16:00:00.000
1769457600000,5e-05,2026-01-26 20:00:00.000
1769472000002,5e-05,2026-01-27 00:00:00.002
1769486400002,5e-05,2026-01-27 04:00:00.002
1769500800000,5e-05,2026-01-27 08:00:00.000
1769515200006,5e-05,2026-01-27 12:00:00.006
1769529600000,5e-05,2026-01-27 16:00:00.000
1769544000000,5e-05,2026-01-27 20:00:00.000
1769558400000,5e-05,2026-01-28 00:00:00.000
1769572800008,5e-05,2026-01-28 04:00:00.008
1769587200000,5e-05,2026-01-28 08:00:00.000
1769601600005,5e-05,2026-01-28 12:00:00.005
1769616000000,5e-05,2026-01-28 16:00:00.000
1769630400004,5e-05,2026-01-28 20:00:00.004
1769644800000,5e-05,2026-01-29 00:00:00.000
1769659200000,-0.0030356,2026-01-29 04:00:00.000
1769673600009,-0.00101412,2026-01-29 08:00:00.009
1769688000000,-5.333e-05,2026-01-29 12:00:00.000
1769702400000,-8.713e-05,2026-01-29 16:00:00.000
1769716800004,-3.289e-05,2026-01-29 20:00:00.004
1769731200008,-2.774e-05,2026-01-30 00:00:00.008
1769745600005,5e-05,2026-01-30 04:00:00.005
1769760000000,5e-05,2026-01-30 08:00:00.000
1769774400005,5e-05,2026-01-30 12:00:00.005
1769788800001,5e-05,2026-01-30 16:00:00.001
1769803200004,5e-05,2026-01-30 20:00:00.004
1769817600000,5e-05,2026-01-31 00:00:00.000
1769832000002,5e-05,2026-01-31 04:00:00.002
1769846400001,5e-05,2026-01-31 08:00:00.001
1769860800010,5e-05,2026-01-31 12:00:00.010
1769875200009,5e-05,2026-01-31 16:00:00.009
1769889600012,5e-05,2026-01-31 20:00:00.012
1769904000001,5e-05,2026-02-01 00:00:00.001
1769918400000,5e-05,2026-02-01 04:00:00.000
1769932800004,5e-05,2026-02-01 08:00:00.004
1769947200004,5e-05,2026-02-01 12:00:00.004
1769961600000,5e-05,2026-02-01 16:00:00.000
1769976000004,5e-05,2026-02-01 20:00:00.004
1769990400000,5e-05,2026-02-02 00:00:00.000
1770004800000,5e-05,2026-02-02 04:00:00.000
1770019200014,5e-05,2026-02-02 08:00:00.014
1770033600009,5e-05,2026-02-02 12:00:00.009
1770048000000,5e-05,2026-02-02 16:00:00.000
1770062400000,5e-05,2026-02-02 20:00:00.000
1770076800000,5e-05,2026-02-03 00:00:00.000
1770091200001,5e-05,2026-02-03 04:00:00.001
1770105600007,5e-05,2026-02-03 08:00:00.007
1770120000006,5e-05,2026-02-03 12:00:00.006
1770134400000,5e-05,2026-02-03 16:00:00.000
1770148800009,5e-05,2026-02-03 20:00:00.009
1770163200002,5e-05,2026-02-04 00:00:00.002
1770177600004,5e-05,2026-02-04 04:00:00.004
1770192000007,5e-05,2026-02-04 08:00:00.007
1770206400010,5e-05,2026-02-04 12:00:00.010
1770220800000,5e-05,2026-02-04 16:00:00.000
1770235200001,5e-05,2026-02-04 20:00:00.001
1770249600011,5e-05,2026-02-05 00:00:00.011
1770264000001,5e-05,2026-02-05 04:00:00.001
1770278400000,5e-05,2026-02-05 08:00:00.000
1770292800006,5e-05,2026-02-05 12:00:00.006
1770307200007,5e-05,2026-02-05 16:00:00.007
1770321600000,5e-05,2026-02-05 20:00:00.000
1770336000000,5e-05,2026-02-06 00:00:00.000
1770350400001,5e-05,2026-02-06 04:00:00.001
1770364800001,5e-05,2026-02-06 08:00:00.001
1770379200003,5e-05,2026-02-06 12:00:00.003
1770393600000,5e-05,2026-02-06 16:00:00.000
1770408000005,5e-05,2026-02-06 20:00:00.005
1770422400003,5e-05,2026-02-07 00:00:00.003
1770436800024,5e-05,2026-02-07 04:00:00.024
1770451200000,5e-05,2026-02-07 08:00:00.000
1770465600007,5e-05,2026-02-07 12:00:00.007
1770480000010,5e-05,2026-02-07 16:00:00.010
1770494400000,5e-05,2026-02-07 20:00:00.000
1770508800003,5e-05,2026-02-08 00:00:00.003
1770523200002,5e-05,2026-02-08 04:00:00.002
1770537600000,5e-05,2026-02-08 08:00:00.000
1770552000005,5e-05,2026-02-08 12:00:00.005
1770566400000,5e-05,2026-02-08 16:00:00.000
1770580800000,5e-05,2026-02-08 20:00:00.000
1770595200002,5e-05,2026-02-09 00:00:00.002
1770609600012,5e-05,2026-02-09 04:00:00.012
1770624000001,5e-05,2026-02-09 08:00:00.001
1770638400003,5e-05,2026-02-09 12:00:00.003
1770652800007,5e-05,2026-02-09 16:00:00.007
1770667200006,5e-05,2026-02-09 20:00:00.006
1770681600000,5e-05,2026-02-10 00:00:00.000
1770696000000,5e-05,2026-02-10 04:00:00.000
1770710400007,5e-05,2026-02-10 08:00:00.007
1770724800000,5e-05,2026-02-10 12:00:00.000
1770739200000,5e-05,2026-02-10 16:00:00.000
1770753600007,5e-05,2026-02-10 20:00:00.007
1770768000000,5e-05,2026-02-11 00:00:00.000
1770782400000,5e-05,2026-02-11 04:00:00.000
1770796800006,5e-05,2026-02-11 08:00:00.006
1770811200000,5e-05,2026-02-11 12:00:00.000
1770825600000,5e-05,2026-02-11 16:00:00.000
1770840000003,5e-05,2026-02-11 20:00:00.003
1770854400000,5e-05,2026-02-12 00:00:00.000
1770868800000,5e-05,2026-02-12 04:00:00.000
1770883200001,5e-05,2026-02-12 08:00:00.001
1770897600002,5e-05,2026-02-12 12:00:00.002
1770912000001,5e-05,2026-02-12 16:00:00.001
1770926400006,5e-05,2026-02-12 20:00:00.006
1770940800007,5e-05,2026-02-13 00:00:00.007
1770955200000,5e-05,2026-02-13 04:00:00.000
1770969600003,5e-05,2026-02-13 08:00:00.003
1770984000000,2.377e-05,2026-02-13 12:00:00.000
1770998400005,5e-05,2026-02-13 16:00:00.005
1771012800006,5e-05,2026-02-13 20:00:00.006
1771027200002,5e-05,2026-02-14 00:00:00.002
1771041600007,5e-05,2026-02-14 04:00:00.007
1771056000004,5e-05,2026-02-14 08:00:00.004
1771070400000,5e-05,2026-02-14 12:00:00.000
1771084800002,5e-05,2026-02-14 16:00:00.002
1771099200000,5e-05,2026-02-14 20:00:00.000
1771113600000,5e-05,2026-02-15 00:00:00.000
1771128000000,5e-05,2026-02-15 04:00:00.000
1771142400002,5e-05,2026-02-15 08:00:00.002
1771156800005,5e-05,2026-02-15 12:00:00.005
1771171200000,5e-05,2026-02-15 16:00:00.000
1771185600009,4.6e-05,2026-02-15 20:00:00.009
1771200000001,5e-05,2026-02-16 00:00:00.001
1771214400004,5e-05,2026-02-16 04:00:00.004
1771228800003,5e-05,2026-02-16 08:00:00.003
1771243200000,5e-05,2026-02-16 12:00:00.000
1771257600000,4.415e-05,2026-02-16 16:00:00.000
1771272000009,5e-05,2026-02-16 20:00:00.009
1771286400008,4.785e-05,2026-02-17 00:00:00.008
1771300800003,-1.862e-05,2026-02-17 04:00:00.003
1771315200001,5e-05,2026-02-17 08:00:00.001
1771329600000,4.513e-05,2026-02-17 12:00:00.000
1771344000002,5e-05,2026-02-17 16:00:00.002
1771358400002,4.601e-05,2026-02-17 20:00:00.002
1771372800000,4.108e-05,2026-02-18 00:00:00.000
1771387200000,5e-05,2026-02-18 04:00:00.000
1771401600000,5e-05,2026-02-18 08:00:00.000
1771416000007,2.65e-05,2026-02-18 12:00:00.007
1771430400011,-2.057e-05,2026-02-18 16:00:00.011
1771444800004,3.3e-06,2026-02-18 20:00:00.004
1771459200013,4.186e-05,2026-02-19 00:00:00.013
1771473600003,5e-05,2026-02-19 04:00:00.003
1771488000000,5e-05,2026-02-19 08:00:00.000
1771502400011,5e-05,2026-02-19 12:00:00.011
1771516800003,6.59e-06,2026-02-19 16:00:00.003
1771531200000,9.12e-06,2026-02-19 20:00:00.000
1771545600000,5e-05,2026-02-20 00:00:00.000
1771560000003,4.412e-05,2026-02-20 04:00:00.003
1771574400000,5e-05,2026-02-20 08:00:00.000
1771588800000,5e-05,2026-02-20 12:00:00.000
1771603200000,5e-05,2026-02-20 16:00:00.000
1771617600000,5e-05,2026-02-20 20:00:00.000
1771632000004,5e-05,2026-02-21 00:00:00.004
1771646400000,5e-05,2026-02-21 04:00:00.000
1771660800000,5e-05,2026-02-21 08:00:00.000
1771675200013,5e-05,2026-02-21 12:00:00.013
1771689600005,5e-05,2026-02-21 16:00:00.005
1771704000000,5e-05,2026-02-21 20:00:00.000
1771718400001,5e-05,2026-02-22 00:00:00.001
1771732800008,5e-05,2026-02-22 04:00:00.008
1771747200004,5e-05,2026-02-22 08:00:00.004
1771761600008,5e-05,2026-02-22 12:00:00.008
1771776000000,5e-05,2026-02-22 16:00:00.000
1771790400000,5e-05,2026-02-22 20:00:00.000
1771804800001,5e-05,2026-02-23 00:00:00.001
1771819200000,5e-05,2026-02-23 04:00:00.000
1771833600000,5e-05,2026-02-23 08:00:00.000
1771848000003,5e-05,2026-02-23 12:00:00.003
1771862400000,-8.2e-06,2026-02-23 16:00:00.000
1771876800000,-2.438e-05,2026-02-23 20:00:00.000
1771891200007,5e-05,2026-02-24 00:00:00.007
1771905600000,5e-05,2026-02-24 04:00:00.000
1771920000000,5e-05,2026-02-24 08:00:00.000
1771934400000,5e-05,2026-02-24 12:00:00.000
1771948800001,5e-05,2026-02-24 16:00:00.001
1771963200002,5e-05,2026-02-24 20:00:00.002
1771977600001,5e-05,2026-02-25 00:00:00.001
1771992000000,-0.00011944,2026-02-25 04:00:00.000
1772006400007,-0.00017898,2026-02-25 08:00:00.007
1772020800000,3.169e-05,2026-02-25 12:00:00.000
1772035200000,5e-05,2026-02-25 16:00:00.000
1772049600006,-1.291e-05,2026-02-25 20:00:00.006
1772064000000,-3.558e-05,2026-02-26 00:00:00.000
1772078400000,-4.005e-05,2026-02-26 04:00:00.000
1772092800006,-6.018e-05,2026-02-26 08:00:00.006
1772107200004,-3.453e-05,2026-02-26 12:00:00.004
1772121600002,-5.076e-05,2026-02-26 16:00:00.002
1772136000001,-0.00015292,2026-02-26 20:00:00.001
1772150400007,-7.227e-05,2026-02-27 00:00:00.007
1772164800000,-0.00126531,2026-02-27 04:00:00.000
1772179200000,-0.00615654,2026-02-27 08:00:00.000
1772193600000,-0.02,2026-02-27 12:00:00.000
1772197200000,-0.00428363,2026-02-27 13:00:00.000
1772200800001,-0.00350831,2026-02-27 14:00:00.001
1772204400002,-0.00281444,2026-02-27 15:00:00.002
1772208000001,-0.00226279,2026-02-27 16:00:00.001
1772211600001,-0.00240867,2026-02-27 17:00:00.001
1772215200000,-0.0024791,2026-02-27 18:00:00.000
1772218800008,-0.00246971,2026-02-27 19:00:00.008
1772222400007,-0.00247537,2026-02-27 20:00:00.007
1772226000010,-0.00271466,2026-02-27 21:00:00.010
1772229600007,-0.0027481,2026-02-27 22:00:00.007
1772233200000,-0.00292818,2026-02-27 23:00:00.000
1772236800000,-0.00232256,2026-02-28 00:00:00.000
1772240400001,-0.00310144,2026-02-28 01:00:00.001
1772244000000,-0.00222476,2026-02-28 02:00:00.000
1772247600003,-0.00369944,2026-02-28 03:00:00.003
1772251200002,-0.00415451,2026-02-28 04:00:00.002
1772254800000,-0.0040389,2026-02-28 05:00:00.000
1772258400000,-0.00411735,2026-02-28 06:00:00.000
1772262000000,-0.00278613,2026-02-28 07:00:00.000
1772265600000,-0.00242683,2026-02-28 08:00:00.000
1772269200008,-0.00156478,2026-02-28 09:00:00.008
1772272800008,-0.00060204,2026-02-28 10:00:00.008
1772276400000,-0.00123918,2026-02-28 11:00:00.000
1772280000001,-0.00153375,2026-02-28 12:00:00.001
1772283600003,-0.00112573,2026-02-28 13:00:00.003
1772287200001,-0.00121206,2026-02-28 14:00:00.001
1772290800003,-0.00160605,2026-02-28 15:00:00.003
1772294400004,-0.002356,2026-02-28 16:00:00.004
1772298000004,-0.00238141,2026-02-28 17:00:00.004
1772301600000,-0.00177012,2026-02-28 18:00:00.000
1772305200008,-0.00155229,2026-02-28 19:00:00.008
1772308800000,-0.00156995,2026-02-28 20:00:00.000
1772312400002,-0.00132733,2026-02-28 21:00:00.002
1772316000000,-0.00130516,2026-02-28 22:00:00.000
1772319600000,-0.00110674,2026-02-28 23:00:00.000
1772323200005,-0.00127309,2026-03-01 00:00:00.005
1772326800000,-0.00266184,2026-03-01 01:00:00.000
1772330400000,-0.0029233,2026-03-01 02:00:00.000
1772334000000,-0.0025852,2026-03-01 03:00:00.000
1772337600000,-0.0019193,2026-03-01 04:00:00.000
1772341200000,-0.00181713,2026-03-01 05:00:00.000
1772344800003,-0.00194739,2026-03-01 06:00:00.003
1772348400002,-0.002065,2026-03-01 07:00:00.002
1772352000000,-0.00171557,2026-03-01 08:00:00.000
1772355600000,-0.00174206,2026-03-01 09:00:00.000
1772359200002,-0.00187592,2026-03-01 10:00:00.002
1772362800001,-0.00375787,2026-03-01 11:00:00.001
1772366400000,-0.0026173,2026-03-01 12:00:00.000
1772370000005,-0.00170932,2026-03-01 13:00:00.005
1772373600001,-0.00159789,2026-03-01 14:00:00.001
1772377200000,-0.00134713,2026-03-01 15:00:00.000
1772380800002,-0.00172993,2026-03-01 16:00:00.002
1772384400004,-0.00129908,2026-03-01 17:00:00.004
1772388000000,-0.00122797,2026-03-01 18:00:00.000
1772391600000,-0.00098764,2026-03-01 19:00:00.000
1772395200001,-0.00103553,2026-03-01 20:00:00.001
1772398800005,-0.00130413,2026-03-01 21:00:00.005
1772402400002,-0.00098073,2026-03-01 22:00:00.002
1772406000000,-0.00120902,2026-03-01 23:00:00.000
1772409600001,-0.00150931,2026-03-02 00:00:00.001
1772413200000,-0.00176857,2026-03-02 01:00:00.000
1772416800003,-0.0015621,2026-03-02 02:00:00.003
1772420400000,-0.00174443,2026-03-02 03:00:00.000
1772424000001,-0.00149661,2026-03-02 04:00:00.001
1772427600013,-0.00166728,2026-03-02 05:00:00.013
1772431200002,-0.00172778,2026-03-02 06:00:00.002
1772434800011,-0.00152065,2026-03-02 07:00:00.011
1772438400007,-0.00176486,2026-03-02 08:00:00.007
1772442000006,-0.00181498,2026-03-02 09:00:00.006
1772445600006,-0.00192028,2026-03-02 10:00:00.006
1772449200002,-0.0024902,2026-03-02 11:00:00.002
1772452800002,-0.0013552,2026-03-02 12:00:00.002
1772456400000,-0.00043642,2026-03-02 13:00:00.000
1772460000000,-0.00101539,2026-03-02 14:00:00.000
1772463600001,-0.00088763,2026-03-02 15:00:00.001
1772467200000,-0.00074362,2026-03-02 16:00:00.000
1772470800000,-0.00071308,2026-03-02 17:00:00.000
1772474400000,-0.00067233,2026-03-02 18:00:00.000
1772478000008,-0.00068774,2026-03-02 19:00:00.008
1772481600000,-0.00068142,2026-03-02 20:00:00.000
1772485200009,-0.00054208,2026-03-02 21:00:00.009
1772488800001,-0.00282654,2026-03-02 22:00:00.001
1772492400000,-0.00115436,2026-03-02 23:00:00.000
1772496000000,-0.0011187,2026-03-03 00:00:00.000
1772499600000,-0.00161128,2026-03-03 01:00:00.000
1772503200001,-0.00128177,2026-03-03 02:00:00.001
1772506800000,-0.00094326,2026-03-03 03:00:00.000
1772510400009,-0.00090104,2026-03-03 04:00:00.009
1772514000001,-0.00094131,2026-03-03 05:00:00.001
1772517600000,-0.00101768,2026-03-03 06:00:00.000
1772521200006,-0.00053829,2026-03-03 07:00:00.006
1772524800000,-0.00071135,2026-03-03 08:00:00.000
1772528400000,-0.00077452,2026-03-03 09:00:00.000
1772532000001,-0.00092081,2026-03-03 10:00:00.001
1772535600000,-0.00072301,2026-03-03 11:00:00.000
1772539200017,-0.00053782,2026-03-03 12:00:00.017
1772542800008,-0.00060754,2026-03-03 13:00:00.008
1772546400004,-0.00042533,2026-03-03 14:00:00.004
1772550000002,-0.00058919,2026-03-03 15:00:00.002
1772553600007,-0.00058248,2026-03-03 16:00:00.007
1772557200000,-0.00032962,2026-03-03 17:00:00.000
1772560800001,-0.00035414,2026-03-03 18:00:00.001
1772564400000,-0.00034206,2026-03-03 19:00:00.000
1772568000000,-0.00040067,2026-03-03 20:00:00.000
1772571600000,-0.00041685,2026-03-03 21:00:00.000
1772575200005,-0.00022756,2026-03-03 22:00:00.005
1772578800001,-0.00035866,2026-03-03 23:00:00.001
1772582400001,-0.0005112,2026-03-04 00:00:00.001
1772586000000,-0.00125693,2026-03-04 01:00:00.000
1772589600008,-0.00122857,2026-03-04 02:00:00.008
1772593200001,-0.00116844,2026-03-04 03:00:00.001
1772596800000,-0.00098094,2026-03-04 04:00:00.000
1772600400001,-0.00119758,2026-03-04 05:00:00.001
1772604000000,-0.00121254,2026-03-04 06:00:00.000
1772607600000,-0.00132684,2026-03-04 07:00:00.000
1772611200005,-0.00099225,2026-03-04 08:00:00.005
1772614800000,-0.00074786,2026-03-04 09:00:00.000
1772618400000,-0.00079392,2026-03-04 10:00:00.000
1772622000000,-0.00103619,2026-03-04 11:00:00.000
1772625600008,-0.00104603,2026-03-04 12:00:00.008
1772629200000,-0.00081388,2026-03-04 13:00:00.000
1772632800000,-0.00080523,2026-03-04 14:00:00.000
1772636400001,-0.00087334,2026-03-04 15:00:00.001
1772640000000,-0.00083228,2026-03-04 16:00:00.000
1772643600000,-0.00075756,2026-03-04 17:00:00.000
1772647200000,-0.00072414,2026-03-04 18:00:00.000
1772650800000,-0.00086708,2026-03-04 19:00:00.000
1772654400000,-0.00084922,2026-03-04 20:00:00.000
1772658000006,-0.0007851,2026-03-04 21:00:00.006
1772661600000,-0.00091336,2026-03-04 22:00:00.000
1772665200004,-0.00099988,2026-03-04 23:00:00.004
1772668800000,-0.00116409,2026-03-05 00:00:00.000
1772672400004,-0.00162806,2026-03-05 01:00:00.004
1772676000000,-0.00113055,2026-03-05 02:00:00.000
1772679600006,-0.00138494,2026-03-05 03:00:00.006
1772683200000,-0.00107478,2026-03-05 04:00:00.000
1772686800001,-0.00101958,2026-03-05 05:00:00.001
1772690400000,-0.00096902,2026-03-05 06:00:00.000
1772694000003,-0.00095869,2026-03-05 07:00:00.003
1772697600000,-0.00086649,2026-03-05 08:00:00.000
1772701200000,-0.00071104,2026-03-05 09:00:00.000
1772704800007,-0.00071481,2026-03-05 10:00:00.007
1772708400003,-0.00062987,2026-03-05 11:00:00.003
1772712000000,-0.00059546,2026-03-05 12:00:00.000
1772715600000,-0.00066043,2026-03-05 13:00:00.000
1772719200000,-0.00047202,2026-03-05 14:00:00.000
1772722800000,-0.00038134,2026-03-05 15:00:00.000
1772726400004,-0.00067665,2026-03-05 16:00:00.004
1772730000001,-0.00063048,2026-03-05 17:00:00.001
1772733600000,-0.00059614,2026-03-05 18:00:00.000
1772737200000,-0.00044029,2026-03-05 19:00:00.000
1772740800000,-0.00038404,2026-03-05 20:00:00.000
1772744400002,-0.00041673,2026-03-05 21:00:00.002
1772748000000,-0.00047727,2026-03-05 22:00:00.000
1772751600000,-0.00047297,2026-03-05 23:00:00.000
1772755200001,-0.00059866,2026-03-06 00:00:00.001
1772758800000,-0.00164897,2026-03-06 01:00:00.000
1772762400005,-0.0018044,2026-03-06 02:00:00.005
1772766000010,-0.00134423,2026-03-06 03:00:00.010
1772769600003,-0.00128898,2026-03-06 04:00:00.003
1772773200006,-0.00081479,2026-03-06 05:00:00.006
1772776800014,-0.00084655,2026-03-06 06:00:00.014
1772780400001,-0.00089725,2026-03-06 07:00:00.001
1772784000001,-0.00089748,2026-03-06 08:00:00.001
1772787600003,-0.00099791,2026-03-06 09:00:00.003
1772791200006,-0.00114986,2026-03-06 10:00:00.006
1772794800004,-0.00095283,2026-03-06 11:00:00.004
1772798400005,-0.00063656,2026-03-06 12:00:00.005
1772802000000,-0.00042018,2026-03-06 13:00:00.000
1772805600002,-0.00047506,2026-03-06 14:00:00.002
1772809200007,-0.00038237,2026-03-06 15:00:00.007
1772812800004,-0.00036959,2026-03-06 16:00:00.004
1772816400004,-0.0005409,2026-03-06 17:00:00.004
1772820000002,-0.00045707,2026-03-06 18:00:00.002
1772823600006,-0.00043682,2026-03-06 19:00:00.006
1772827200010,-0.0005055,2026-03-06 20:00:00.010
1772830800002,-0.00050242,2026-03-06 21:00:00.002
1772834400007,-0.00081241,2026-03-06 22:00:00.007
1772838000003,-0.000745,2026-03-06 23:00:00.003
1772841600001,-0.00097513,2026-03-07 00:00:00.001
1772845200004,-0.00113602,2026-03-07 01:00:00.004
1772848800000,-0.00087196,2026-03-07 02:00:00.000
1772852400000,-0.00067902,2026-03-07 03:00:00.000
1772856000006,-0.00071434,2026-03-07 04:00:00.006
1772859600009,-0.00052968,2026-03-07 05:00:00.009
1772863200000,-0.00040961,2026-03-07 06:00:00.000
1772866800004,-0.00041772,2026-03-07 07:00:00.004
1772870400012,-0.00029213,2026-03-07 08:00:00.012
1772874000000,-0.00039109,2026-03-07 09:00:00.000
1772877600000,-0.00035576,2026-03-07 10:00:00.000
1772881200005,-0.00055707,2026-03-07 11:00:00.005
1772884800000,-0.00061685,2026-03-07 12:00:00.000
1772888400009,-0.00056444,2026-03-07 13:00:00.009
1772892000000,-0.00039948,2026-03-07 14:00:00.000
1772895600000,-0.00055486,2026-03-07 15:00:00.000
1772899200001,-0.00058503,2026-03-07 16:00:00.001
1772902800005,-0.000589,2026-03-07 17:00:00.005
1772906400006,-0.00055153,2026-03-07 18:00:00.006
1772910000004,-0.00064973,2026-03-07 19:00:00.004
1772913600000,-0.00084564,2026-03-07 20:00:00.000
1772917200013,-0.00131039,2026-03-07 21:00:00.013
1772920800002,-0.00092607,2026-03-07 22:00:00.002
1772924400000,-0.000818,2026-03-07 23:00:00.000
1772928000001,-0.00078836,2026-03-08 00:00:00.001
1772931600000,-0.00080776,2026-03-08 01:00:00.000
1772935200004,-0.00047011,2026-03-08 02:00:00.004
1772938800002,-0.00042952,2026-03-08 03:00:00.002
1772942400010,-0.0002326,2026-03-08 04:00:00.010
1772946000004,-0.00030364,2026-03-08 05:00:00.004
1772949600000,-0.00026065,2026-03-08 06:00:00.000
1772953200001,-0.00028787,2026-03-08 07:00:00.001
1772956800000,-0.00030637,2026-03-08 08:00:00.000
1772960400000,-0.00034705,2026-03-08 09:00:00.000
1772964000007,-0.00018498,2026-03-08 10:00:00.007
1772967600000,-0.00029161,2026-03-08 11:00:00.000
1772971200002,-0.00017717,2026-03-08 12:00:00.002
1772974800008,-0.00028016,2026-03-08 13:00:00.008
1772978400000,-0.00034485,2026-03-08 14:00:00.000
1772982000005,-0.00037991,2026-03-08 15:00:00.005
1772985600002,-0.00037108,2026-03-08 16:00:00.002
1772989200000,-0.00034501,2026-03-08 17:00:00.000
1772992800000,-0.00031444,2026-03-08 18:00:00.000
1772996400006,-0.00022646,2026-03-08 19:00:00.006
1773000000000,-0.00034416,2026-03-08 20:00:00.000
1773003600000,-0.00030265,2026-03-08 21:00:00.000
1773007200003,-0.00035101,2026-03-08 22:00:00.003
1773010800000,-0.00052474,2026-03-08 23:00:00.000
1773014400000,-0.00071112,2026-03-09 00:00:00.000
1773018000001,-0.00285671,2026-03-09 01:00:00.001
1773021600001,-0.00400748,2026-03-09 02:00:00.001
1773025200001,-0.00379264,2026-03-09 03:00:00.001
1773028800006,-0.00394124,2026-03-09 04:00:00.006
1773032400017,-0.00471833,2026-03-09 05:00:00.017
1773036000001,-0.00619271,2026-03-09 06:00:00.001
1773039600000,-0.00569448,2026-03-09 07:00:00.000
1773043200004,-0.00500042,2026-03-09 08:00:00.004
1773046800000,-0.00381972,2026-03-09 09:00:00.000
1773050400001,-0.00311691,2026-03-09 10:00:00.001
1773054000005,-0.00264634,2026-03-09 11:00:00.005
1773057600001,-0.00261416,2026-03-09 12:00:00.001
1773061200000,-0.0022114,2026-03-09 13:00:00.000
1773064800000,-0.00241261,2026-03-09 14:00:00.000
1773068400001,-0.00276091,2026-03-09 15:00:00.001
1773072000003,-0.00217265,2026-03-09 16:00:00.003
1773075600000,-0.00204282,2026-03-09 17:00:00.000
1773079200000,-0.00195124,2026-03-09 18:00:00.000
1773082800000,-0.00180536,2026-03-09 19:00:00.000
1773086400000,-0.00162478,2026-03-09 20:00:00.000
1773090000000,-0.00180629,2026-03-09 21:00:00.000
1773093600000,-0.00164093,2026-03-09 22:00:00.000
1773097200001,-0.00169814,2026-03-09 23:00:00.001
1773100800012,-0.00221136,2026-03-10 00:00:00.012
1773104400000,-0.00263044,2026-03-10 01:00:00.000
1773108000000,-0.00242496,2026-03-10 02:00:00.000
1773111600000,-0.00232119,2026-03-10 03:00:00.000
1773115200000,-0.00196228,2026-03-10 04:00:00.000
1773118800000,-0.00174313,2026-03-10 05:00:00.000
1773122400005,-0.0014471,2026-03-10 06:00:00.005
1773126000006,-0.0018481,2026-03-10 07:00:00.006
1773129600002,-0.00190262,2026-03-10 08:00:00.002
1773133200005,-0.00184571,2026-03-10 09:00:00.005
1773136800003,-0.00135133,2026-03-10 10:00:00.003
1773140400000,-0.001305,2026-03-10 11:00:00.000
1773144000004,-0.0016004,2026-03-10 12:00:00.004
1773147600008,-0.001909,2026-03-10 13:00:00.008
1773151200005,-0.0018456,2026-03-10 14:00:00.005
1773154800003,-0.00149805,2026-03-10 15:00:00.003
1773158400001,-0.00144724,2026-03-10 16:00:00.001
1773162000002,-0.00103164,2026-03-10 17:00:00.002
1773165600001,-0.00088837,2026-03-10 18:00:00.001
1773169200001,-0.00078192,2026-03-10 19:00:00.001
1773172800004,-0.00062339,2026-03-10 20:00:00.004
1773176400000,-0.0006662,2026-03-10 21:00:00.000
1773180000000,-0.0007679,2026-03-10 22:00:00.000
1773183600002,-0.00090954,2026-03-10 23:00:00.002
1773187200000,-0.00094375,2026-03-11 00:00:00.000
1773190800000,-0.00097409,2026-03-11 01:00:00.000
1773194400004,-0.00080211,2026-03-11 02:00:00.004
1773198000002,-0.00084101,2026-03-11 03:00:00.002
1773201600000,-0.00072052,2026-03-11 04:00:00.000
1773205200010,-0.00069552,2026-03-11 05:00:00.010
1773208800003,-0.0006135,2026-03-11 06:00:00.003
1773212400000,-0.00059632,2026-03-11 07:00:00.000
1773216000007,-0.00057613,2026-03-11 08:00:00.007
1773219600000,-0.00046029,2026-03-11 09:00:00.000
1773223200009,-0.00052408,2026-03-11 10:00:00.009
1773226800002,-0.00032285,2026-03-11 11:00:00.002
1773230400003,-0.00042119,2026-03-11 12:00:00.003
1773234000000,-0.00031572,2026-03-11 13:00:00.000
1773237600000,-0.00042601,2026-03-11 14:00:00.000
1773241200011,-0.00036621,2026-03-11 15:00:00.011
1773244800010,-0.00051361,2026-03-11 16:00:00.010
1773248400010,-0.00049601,2026-03-11 17:00:00.010
1773252000000,-0.0004919,2026-03-11 18:00:00.000
1773255600000,-0.00036292,2026-03-11 19:00:00.000
1773259200004,-0.00030897,2026-03-11 20:00:00.004
1773262800000,-0.00036384,2026-03-11 21:00:00.000
1773266400003,-0.00045352,2026-03-11 22:00:00.003
1773270000003,-0.0005502,2026-03-11 23:00:00.003
1773273600000,-0.00084126,2026-03-12 00:00:00.000
1773277200000,-0.00070541,2026-03-12 01:00:00.000
1773280800000,-0.00031311,2026-03-12 02:00:00.000
1773284400002,-0.0001743,2026-03-12 03:00:00.002
1773288000001,-0.00025207,2026-03-12 04:00:00.001
1773291600001,-0.00028824,2026-03-12 05:00:00.001
1773295200000,-0.00027389,2026-03-12 06:00:00.000
1773298800004,-0.00023187,2026-03-12 07:00:00.004
1773302400000,-0.00020003,2026-03-12 08:00:00.000
1773306000001,-0.00024785,2026-03-12 09:00:00.001
1773309600000,-0.0004683,2026-03-12 10:00:00.000
1773313200000,-0.00034454,2026-03-12 11:00:00.000
1773316800006,-0.00052012,2026-03-12 12:00:00.006
1773320400000,-0.00034122,2026-03-12 13:00:00.000
1773324000005,-0.00035215,2026-03-12 14:00:00.005
1773327600000,-0.00044066,2026-03-12 15:00:00.000
1773331200000,-0.00038935,2026-03-12 16:00:00.000
1773334800000,-0.00034714,2026-03-12 17:00:00.000
1773338400009,-0.00034335,2026-03-12 18:00:00.009
1773342000001,-0.00022809,2026-03-12 19:00:00.001
1773345600006,-0.00014972,2026-03-12 20:00:00.006
1773349200000,-0.000342,2026-03-12 21:00:00.000
1773352800000,-0.00028654,2026-03-12 22:00:00.000
1773356400000,-0.00024589,2026-03-12 23:00:00.000
1773360000006,-0.00038188,2026-03-13 00:00:00.006
1773363600003,-0.00041091,2026-03-13 01:00:00.003
1773367200005,-0.00035669,2026-03-13 02:00:00.005
1773370800000,-0.00027286,2026-03-13 03:00:00.000
1773374400005,-0.00023204,2026-03-13 04:00:00.005
1773378000003,-0.00028033,2026-03-13 05:00:00.003
1773381600000,-0.00024137,2026-03-13 06:00:00.000
1773385200000,-0.0003171,2026-03-13 07:00:00.000
1773388800001,-0.00022498,2026-03-13 08:00:00.001
1773392400004,-0.00015863,2026-03-13 09:00:00.004
1773396000000,-0.00024983,2026-03-13 10:00:00.000
1773399600010,-0.00027439,2026-03-13 11:00:00.010
1773403200003,-7.04e-05,2026-03-13 12:00:00.003
1773406800001,-7.478e-05,2026-03-13 13:00:00.001
1773410400000,-0.00011575,2026-03-13 14:00:00.000
1773414000013,-0.00029373,2026-03-13 15:00:00.013
1773417600000,-0.00033468,2026-03-13 16:00:00.000
1773421200002,-0.00034666,2026-03-13 17:00:00.002
1773424800000,-0.00037469,2026-03-13 18:00:00.000
1773428400000,-0.00042881,2026-03-13 19:00:00.000
1773432000000,-0.00049773,2026-03-13 20:00:00.000
1773435600000,-0.00028686,2026-03-13 21:00:00.000
1773439200011,-0.00029621,2026-03-13 22:00:00.011
1773442800000,-0.00036715,2026-03-13 23:00:00.000
1773446400001,-0.00038867,2026-03-14 00:00:00.001
1773450000000,-0.00055431,2026-03-14 01:00:00.000
1773453600000,-0.00044083,2026-03-14 02:00:00.000
1773457200001,-0.00165549,2026-03-14 03:00:00.001
1773460800002,-0.00245457,2026-03-14 04:00:00.002
1773464400000,-0.00192597,2026-03-14 05:00:00.000
1773468000000,-0.00261896,2026-03-14 06:00:00.000
1773471600000,-0.00313351,2026-03-14 07:00:00.000
1773475200000,-0.00252165,2026-03-14 08:00:00.000
1773478800002,-0.00083866,2026-03-14 09:00:00.002
1773482400000,-0.0008367,2026-03-14 10:00:00.000
1773486000010,-0.00065751,2026-03-14 11:00:00.010
1773489600000,-0.00117503,2026-03-14 12:00:00.000
1773493200008,-0.00046267,2026-03-14 13:00:00.008
1773496800001,-0.00041913,2026-03-14 14:00:00.001
1773500400000,-0.00027189,2026-03-14 15:00:00.000
1773504000007,-0.00041604,2026-03-14 16:00:00.007
1773507600001,-0.00050453,2026-03-14 17:00:00.001
1773511200006,-0.0004161,2026-03-14 18:00:00.006
1773514800001,-0.00038816,2026-03-14 19:00:00.001
1773518400000,-0.00025708,2026-03-14 20:00:00.000
1773522000001,-0.00027097,2026-03-14 21:00:00.001
1773525600001,-0.00031268,2026-03-14 22:00:00.001
1773529200002,-0.00184514,2026-03-14 23:00:00.002
1773532800000,-0.00160944,2026-03-15 00:00:00.000
1773536400000,-0.0017793,2026-03-15 01:00:00.000
1773540000002,-0.00131353,2026-03-15 02:00:00.002
1773543600002,-0.00102725,2026-03-15 03:00:00.002
1773547200000,-0.00089531,2026-03-15 04:00:00.000
1773550800001,-0.00067391,2026-03-15 05:00:00.001
1773554400000,-0.00064414,2026-03-15 06:00:00.000
1773558000006,-0.00045602,2026-03-15 07:00:00.006
1773561600000,-0.00043451,2026-03-15 08:00:00.000
1773565200000,-0.00050883,2026-03-15 09:00:00.000
1773568800000,-0.00056463,2026-03-15 10:00:00.000
1773572400000,-0.00044515,2026-03-15 11:00:00.000
1773576000002,-0.00036454,2026-03-15 12:00:00.002
1773579600001,-0.00043991,2026-03-15 13:00:00.001
1773583200001,-0.00044024,2026-03-15 14:00:00.001
1773586800000,-0.0003857,2026-03-15 15:00:00.000
1773590400000,-0.00054915,2026-03-15 16:00:00.000
1773594000009,-0.00043999,2026-03-15 17:00:00.009
1773597600009,-0.00042085,2026-03-15 18:00:00.009
1773601200000,-0.00044487,2026-03-15 19:00:00.000
1773604800000,-0.00044319,2026-03-15 20:00:00.000
1773608400008,-0.00064078,2026-03-15 21:00:00.008
1773612000000,-0.00065211,2026-03-15 22:00:00.000
1773615600006,-0.00062149,2026-03-15 23:00:00.006
1773619200000,-0.00065231,2026-03-16 00:00:00.000
1773622800001,-0.00094813,2026-03-16 01:00:00.001
1773626400004,-0.0008179,2026-03-16 02:00:00.004
1773630000002,-0.00076675,2026-03-16 03:00:00.002
1773633600006,-0.00085527,2026-03-16 04:00:00.006
1773637200009,-0.00062069,2026-03-16 05:00:00.009
1773640800000,-0.00042018,2026-03-16 06:00:00.000
1773644400006,-0.00028377,2026-03-16 07:00:00.006
1773648000010,-0.00016323,2026-03-16 08:00:00.010
1773651600000,-0.00017105,2026-03-16 09:00:00.000
1773655200009,-0.00016977,2026-03-16 10:00:00.009
1773658800006,-0.00016065,2026-03-16 11:00:00.006
1773662400002,-0.00016407,2026-03-16 12:00:00.002
1773666000003,-0.00019486,2026-03-16 13:00:00.003
1773669600000,-0.00018095,2026-03-16 14:00:00.000
1773673200001,-0.00019808,2026-03-16 15:00:00.001
1773676800000,-0.00030839,2026-03-16 16:00:00.000
1773680400000,-0.00028567,2026-03-16 17:00:00.000
1773684000002,-0.00027342,2026-03-16 18:00:00.002
1773687600002,-9.739e-05,2026-03-16 19:00:00.002
1773691200001,-0.00013271,2026-03-16 20:00:00.001
1773694800000,-0.00022672,2026-03-16 21:00:00.000
1773698400002,-0.00020024,2026-03-16 22:00:00.002
1773702000006,-0.00030494,2026-03-16 23:00:00.006
1773705600000,-0.00047496,2026-03-17 00:00:00.000
1773709200000,-0.00057426,2026-03-17 01:00:00.000
1773712800000,-0.00044004,2026-03-17 02:00:00.000
1773716400001,-0.0003816,2026-03-17 03:00:00.001
1773720000008,-0.00033742,2026-03-17 04:00:00.008
1773723600000,-0.00043017,2026-03-17 05:00:00.000
1773727200004,-0.00046779,2026-03-17 06:00:00.004
1773730800004,-0.00036507,2026-03-17 07:00:00.004
1773734400002,-0.00031279,2026-03-17 08:00:00.002
1773738000005,-0.00030477,2026-03-17 09:00:00.005
1773741600000,-0.00040931,2026-03-17 10:00:00.000
1773745200000,-0.00029942,2026-03-17 11:00:00.000
1773748800012,-0.0001382,2026-03-17 12:00:00.012
1773752400006,-0.00019082,2026-03-17 13:00:00.006
1773756000000,-0.00019446,2026-03-17 14:00:00.000
1773759600000,-0.00019961,2026-03-17 15:00:00.000
1773763200011,-0.00011953,2026-03-17 16:00:00.011
1773766800004,-4.7e-05,2026-03-17 17:00:00.004
1773770400000,-0.00019238,2026-03-17 18:00:00.000
1773774000014,-0.00026545,2026-03-17 19:00:00.014
1773777600000,-0.00027067,2026-03-17 20:00:00.000
1773781200000,-0.00040309,2026-03-17 21:00:00.000
1773784800001,-0.00032039,2026-03-17 22:00:00.001
1773788400000,-0.0002554,2026-03-17 23:00:00.000
1773792000002,-0.00027412,2026-03-18 00:00:00.002
1773795600000,-0.00028725,2026-03-18 01:00:00.000
1773799200000,-0.0001771,2026-03-18 02:00:00.000
1773802800000,-0.0002253,2026-03-18 03:00:00.000
1773806400000,-0.00021666,2026-03-18 04:00:00.000
1773810000001,-0.00020092,2026-03-18 05:00:00.001
1773813600003,-0.00025901,2026-03-18 06:00:00.003
1773817200000,-0.00014266,2026-03-18 07:00:00.000
1773820800002,-0.00012899,2026-03-18 08:00:00.002
1773824400001,-8.741e-05,2026-03-18 09:00:00.001
1773828000001,-5.992e-05,2026-03-18 10:00:00.001
1773831600003,-0.00012704,2026-03-18 11:00:00.003
1773835200001,-0.00017154,2026-03-18 12:00:00.001
1773838800000,-0.00273972,2026-03-18 13:00:00.000
1773842400000,-0.00612427,2026-03-18 14:00:00.000
1773846000000,-0.00572696,2026-03-18 15:00:00.000
1773849600005,-0.00062401,2026-03-18 16:00:00.005
1773853200000,-0.00036942,2026-03-18 17:00:00.000
1773856800000,-0.00074832,2026-03-18 18:00:00.000
1773860400000,-0.00036014,2026-03-18 19:00:00.000
1773864000008,-0.00020161,2026-03-18 20:00:00.008
1773867600000,-0.00037186,2026-03-18 21:00:00.000
1773871200006,-0.00078441,2026-03-18 22:00:00.006
1773874800000,-0.00090259,2026-03-18 23:00:00.000
1773878400000,-0.00120329,2026-03-19 00:00:00.000
1773882000000,-0.00182096,2026-03-19 01:00:00.000
1773885600006,-0.00514231,2026-03-19 02:00:00.006
1773889200000,-0.00438612,2026-03-19 03:00:00.000
1773892800000,-0.00197148,2026-03-19 04:00:00.000
1773896400000,-0.00193451,2026-03-19 05:00:00.000
1773900000001,-0.00173075,2026-03-19 06:00:00.001
1773903600003,-0.00195088,2026-03-19 07:00:00.003
1773907200003,-0.00351874,2026-03-19 08:00:00.003
1773910800005,-0.00411537,2026-03-19 09:00:00.005
1773914400000,-0.00142618,2026-03-19 10:00:00.000
1773918000004,-0.000884,2026-03-19 11:00:00.004
1773921600002,-0.00187083,2026-03-19 12:00:00.002
1773925200000,-0.00155494,2026-03-19 13:00:00.000
1773928800000,-0.00112364,2026-03-19 14:00:00.000
1773932400006,-0.00048973,2026-03-19 15:00:00.006
1773936000003,-0.00055782,2026-03-19 16:00:00.003
1773939600000,-0.00094124,2026-03-19 17:00:00.000
1773943200001,-0.00094974,2026-03-19 18:00:00.001
1773946800000,-0.00097012,2026-03-19 19:00:00.000
1773950400000,-0.00080445,2026-03-19 20:00:00.000
1773954000002,-0.00061558,2026-03-19 21:00:00.002
1773957600002,-0.00045367,2026-03-19 22:00:00.002
1773961200000,-0.00050194,2026-03-19 23:00:00.000
1773964800002,-0.00076096,2026-03-20 00:00:00.002
1773968400003,-0.00174425,2026-03-20 01:00:00.003
1773972000000,-0.0015334,2026-03-20 02:00:00.000
1773975600003,-0.00155868,2026-03-20 03:00:00.003
1773979200008,-0.00128976,2026-03-20 04:00:00.008
1773982800002,-0.00135995,2026-03-20 05:00:00.002
1773986400000,-0.00085492,2026-03-20 06:00:00.000
1773990000000,-0.00097453,2026-03-20 07:00:00.000
1773993600000,-0.00083759,2026-03-20 08:00:00.000
1773997200000,-0.00084811,2026-03-20 09:00:00.000
1774000800001,-0.00137483,2026-03-20 10:00:00.001
1774004400000,-0.00093163,2026-03-20 11:00:00.000
1774008000000,-0.00060311,2026-03-20 12:00:00.000
1774011600000,-0.00054871,2026-03-20 13:00:00.000
1774015200000,-0.00044157,2026-03-20 14:00:00.000
1774018800006,-0.00054104,2026-03-20 15:00:00.006
1774022400000,-0.00030236,2026-03-20 16:00:00.000
1774026000001,-0.00028316,2026-03-20 17:00:00.001
1774029600000,-0.00015088,2026-03-20 18:00:00.000
1774033200015,-0.00022528,2026-03-20 19:00:00.015
1774036800007,-0.00016326,2026-03-20 20:00:00.007
1774040400010,-7.032e-05,2026-03-20 21:00:00.010
1774044000001,-9.036e-05,2026-03-20 22:00:00.001
1774047600000,-0.00020329,2026-03-20 23:00:00.000
1774051200000,-0.00022651,2026-03-21 00:00:00.000
1774054800008,-0.00034587,2026-03-21 01:00:00.008
1774058400002,-0.00029091,2026-03-21 02:00:00.002
1774062000000,-0.0002728,2026-03-21 03:00:00.000
1774065600002,-0.00030899,2026-03-21 04:00:00.002
1774069200001,-0.00027838,2026-03-21 05:00:00.001
1774072800001,-0.00031967,2026-03-21 06:00:00.001
1774076400000,-0.00044375,2026-03-21 07:00:00.000
1774080000000,-0.00043099,2026-03-21 08:00:00.000
1774083600001,-0.00044416,2026-03-21 09:00:00.001
1774087200002,-0.00034804,2026-03-21 10:00:00.002
1774090800003,-0.00045988,2026-03-21 11:00:00.003
1774094400003,-0.000689,2026-03-21 12:00:00.003
1774098000000,-0.000501,2026-03-21 13:00:00.000
1774101600007,-0.00037078,2026-03-21 14:00:00.007
1774105200000,-0.00045982,2026-03-21 15:00:00.000
1774108800014,-0.00052669,2026-03-21 16:00:00.014
1774112400001,-0.00065371,2026-03-21 17:00:00.001
1774116000000,-0.00061433,2026-03-21 18:00:00.000
1774119600003,-0.00028715,2026-03-21 19:00:00.003
1774123200000,-0.00016887,2026-03-21 20:00:00.000
1774126800003,-0.00023931,2026-03-21 21:00:00.003
1774130400000,-0.00029477,2026-03-21 22:00:00.000
1774134000000,-0.00031532,2026-03-21 23:00:00.000
1774137600012,-0.00031538,2026-03-22 00:00:00.012
1774141200007,-0.00091779,2026-03-22 01:00:00.007
1774144800009,-0.0015975,2026-03-22 02:00:00.009
1774148400000,-0.00103811,2026-03-22 03:00:00.000
1774152000003,-0.00047225,2026-03-22 04:00:00.003
1774155600002,-0.00041835,2026-03-22 05:00:00.002
1774159200000,-0.00037092,2026-03-22 06:00:00.000
1774162800000,-0.00040356,2026-03-22 07:00:00.000
1774166400007,-0.00026182,2026-03-22 08:00:00.007
1774170000001,-0.00030379,2026-03-22 09:00:00.001
1774173600000,-0.00056105,2026-03-22 10:00:00.000
1774177200000,-0.00077463,2026-03-22 11:00:00.000
1774180800000,-0.00069062,2026-03-22 12:00:00.000
1774184400015,-0.0007062,2026-03-22 13:00:00.015
1774188000000,-0.00075493,2026-03-22 14:00:00.000
1774191600000,-0.00089859,2026-03-22 15:00:00.000
1774195200002,-0.00083924,2026-03-22 16:00:00.002
1774198800005,-0.00055189,2026-03-22 17:00:00.005
1774202400008,-0.00049552,2026-03-22 18:00:00.008
1774206000002,-0.00041905,2026-03-22 19:00:00.002
1774209600000,-0.00047152,2026-03-22 20:00:00.000
1774213200000,-0.0005873,2026-03-22 21:00:00.000
1774216800010,-0.00048273,2026-03-22 22:00:00.010
1774220400000,-0.00075509,2026-03-22 23:00:00.000
1774224000000,-0.00094339,2026-03-23 00:00:00.000
1774227600001,-0.0009274,2026-03-23 01:00:00.001
1774231200000,-0.00046793,2026-03-23 02:00:00.000
1774234800000,-0.00019399,2026-03-23 03:00:00.000
1774238400000,-0.00023028,2026-03-23 04:00:00.000
1774242000000,-0.00027697,2026-03-23 05:00:00.000
1774245600012,-0.00022053,2026-03-23 06:00:00.012
1774249200000,-0.00019489,2026-03-23 07:00:00.000
1774252800003,-0.00016611,2026-03-23 08:00:00.003
1774256400002,-0.00010622,2026-03-23 09:00:00.002
1774260000003,-5.058e-05,2026-03-23 10:00:00.003
1774263600007,-8.522e-05,2026-03-23 11:00:00.007
1774267200000,-0.00021366,2026-03-23 12:00:00.000
1774270800002,-0.00022121,2026-03-23 13:00:00.002
1774274400004,-0.00024183,2026-03-23 14:00:00.004
1774278000002,-0.00017546,2026-03-23 15:00:00.002
1774281600002,-0.00012435,2026-03-23 16:00:00.002
1774285200000,-0.00021577,2026-03-23 17:00:00.000
1774288800000,-0.00016083,2026-03-23 18:00:00.000
1774292400010,-0.00012246,2026-03-23 19:00:00.010
1774296000000,-0.00021723,2026-03-23 20:00:00.000
1774299600001,-0.00015964,2026-03-23 21:00:00.001
1774310400000,-0.00082521,2026-03-24 00:00:00.000
1774324800001,-0.00035558,2026-03-24 04:00:00.001
1774339200000,-0.00040077,2026-03-24 08:00:00.000
1774353600000,-0.00042457,2026-03-24 12:00:00.000
1774368000003,-0.00044574,2026-03-24 16:00:00.003
1774382400000,-0.00045202,2026-03-24 20:00:00.000
1774396800000,-0.000581,2026-03-25 00:00:00.000
1774411200000,-0.00067043,2026-03-25 04:00:00.000
1774425600000,-0.00112299,2026-03-25 08:00:00.000
1774440000005,-0.0004704,2026-03-25 12:00:00.005
1774454400013,-0.00122622,2026-03-25 16:00:00.013
1774468800001,-0.00042178,2026-03-25 20:00:00.001
1774483200001,-0.00017591,2026-03-26 00:00:00.001
1774497600002,-0.00265688,2026-03-26 04:00:00.002
1774512000001,-0.00214648,2026-03-26 08:00:00.001
1774526400000,-0.00096121,2026-03-26 12:00:00.000
1774540800000,-0.00056721,2026-03-26 16:00:00.000
1774555200003,-0.00024132,2026-03-26 20:00:00.003
1774569600006,-0.00043457,2026-03-27 00:00:00.006
1774584000001,-0.00045004,2026-03-27 04:00:00.001
1774598400000,-0.00030399,2026-03-27 08:00:00.000
1774612800002,-8.095e-05,2026-03-27 12:00:00.002
1774627200000,-0.00021704,2026-03-27 16:00:00.000
1774641600000,-0.00054709,2026-03-27 20:00:00.000
1774656000005,-0.00078139,2026-03-28 00:00:00.005
1774670400003,-0.00028458,2026-03-28 04:00:00.003
1774684800005,-0.00030372,2026-03-28 08:00:00.005
1774699200006,-0.00015599,2026-03-28 12:00:00.006
1774713600000,3.43e-05,2026-03-28 16:00:00.000
1774728000003,4.94e-05,2026-03-28 20:00:00.003
1774742400003,-1.212e-05,2026-03-29 00:00:00.003
1774756800000,-0.0002721,2026-03-29 04:00:00.000
1774771200001,-0.00032775,2026-03-29 08:00:00.001
1774785600000,-0.00041689,2026-03-29 12:00:00.000
1774800000000,-0.00061866,2026-03-29 16:00:00.000
1774814400000,-0.00068468,2026-03-29 20:00:00.000
1774828800000,-0.0006059,2026-03-30 00:00:00.000
1774843200012,-0.00023908,2026-03-30 04:00:00.012
1774857600005,-0.00064867,2026-03-30 08:00:00.005
1774872000005,-0.0010124,2026-03-30 12:00:00.005
1774886400000,-0.0014431,2026-03-30 16:00:00.000
1774900800000,-0.0013146,2026-03-30 20:00:00.000
1774915200000,-0.00139226,2026-03-31 00:00:00.000
1774929600000,-0.00137671,2026-03-31 04:00:00.000
1774944000000,-0.00021256,2026-03-31 08:00:00.000
1774958400001,-0.00068008,2026-03-31 12:00:00.001
1774972800000,-0.00099608,2026-03-31 16:00:00.000
1774987200002,-0.00105283,2026-03-31 20:00:00.002
1775001600000,-0.00152128,2026-04-01 00:00:00.000
1775016000004,-0.00136178,2026-04-01 04:00:00.004
1775030400000,-0.00243258,2026-04-01 08:00:00.000
1775044800000,-0.00183671,2026-04-01 12:00:00.000
1775059200000,-0.00040792,2026-04-01 16:00:00.000
1775073600000,-0.00058024,2026-04-01 20:00:00.000
1775088000003,-0.00146106,2026-04-02 00:00:00.003
1775102400003,-0.00057029,2026-04-02 04:00:00.003
1775116800001,-0.00065569,2026-04-02 08:00:00.001
1775131200003,-0.00149463,2026-04-02 12:00:00.003
1775145600001,-0.00166485,2026-04-02 16:00:00.001
1775160000003,-0.00126685,2026-04-02 20:00:00.003
1775174400000,-0.00152673,2026-04-03 00:00:00.000
1775188800000,-0.001799,2026-04-03 04:00:00.000
1775203200008,-0.00219082,2026-04-03 08:00:00.008
1775217600006,-0.00208548,2026-04-03 12:00:00.006
1775232000008,-0.00281677,2026-04-03 16:00:00.008
1775246400001,-0.00275106,2026-04-03 20:00:00.001
1775260800000,-0.00247259,2026-04-04 00:00:00.000
1775275200001,-0.00275057,2026-04-04 04:00:00.001
1775289600003,-0.01228458,2026-04-04 08:00:00.003
1775304000000,-0.00485977,2026-04-04 12:00:00.000
1775318400000,-0.01302616,2026-04-04 16:00:00.000
1775332800000,-0.00257656,2026-04-04 20:00:00.000
1775347200008,-0.00219073,2026-04-05 00:00:00.008
1775361600002,-0.00335062,2026-04-05 04:00:00.002
1775376000000,-0.00221611,2026-04-05 08:00:00.000
1775390400003,-0.00195989,2026-04-05 12:00:00.003
1775404800001,-0.0011165,2026-04-05 16:00:00.001
1775419200003,-0.00085444,2026-04-05 20:00:00.003
1775433600004,-0.00070415,2026-04-06 00:00:00.004
1775448000005,-0.00055223,2026-04-06 04:00:00.005
1775462400001,-0.00036827,2026-04-06 08:00:00.001
1775476800002,-0.00141194,2026-04-06 12:00:00.002
1775491200003,-0.00171003,2026-04-06 16:00:00.003
1775505600000,-0.00228996,2026-04-06 20:00:00.000
1775520000000,-0.00302421,2026-04-07 00:00:00.000
1775534400003,-0.00501481,2026-04-07 04:00:00.003
1775548800000,-0.00246588,2026-04-07 08:00:00.000
1775563200008,-0.00088357,2026-04-07 12:00:00.008
1775577600000,-0.00037321,2026-04-07 16:00:00.000
1775592000000,-0.00017298,2026-04-07 20:00:00.000
1775606400000,-0.00021516,2026-04-08 00:00:00.000
1775620800002,-0.00087762,2026-04-08 04:00:00.002
1775635200000,-0.00077131,2026-04-08 08:00:00.000
1775649600013,-0.00122553,2026-04-08 12:00:00.013
1775664000006,-0.00077003,2026-04-08 16:00:00.006
1775678400005,-2.419e-05,2026-04-08 20:00:00.005
1775692800000,-0.00062186,2026-04-09 00:00:00.000
1775707200005,-0.00024367,2026-04-09 04:00:00.005
1775721600010,-0.00040654,2026-04-09 08:00:00.010
1775736000001,-0.00015157,2026-04-09 12:00:00.001
1775750400001,-0.00016468,2026-04-09 16:00:00.001
1775764800001,-0.00019061,2026-04-09 20:00:00.001
1775779200000,-0.00030025,2026-04-10 00:00:00.000
1775793600000,3.734e-05,2026-04-10 04:00:00.000
1775808000005,-1.868e-05,2026-04-10 08:00:00.005
1775822400000,-4.934e-05,2026-04-10 12:00:00.000
1775836800000,9.43e-06,2026-04-10 16:00:00.000
1775851200002,5e-05,2026-04-10 20:00:00.002
1775865600000,-8.316e-05,2026-04-11 00:00:00.000
1775880000009,-0.00030824,2026-04-11 04:00:00.009
1775894400000,-0.00048283,2026-04-11 08:00:00.000
1775908800002,-0.00043796,2026-04-11 12:00:00.002
1775923200003,-0.00093394,2026-04-11 16:00:00.003
1775937600001,-0.00115717,2026-04-11 20:00:00.001
1775952000000,-0.00064374,2026-04-12 00:00:00.000
1775966400000,-0.00024195,2026-04-12 04:00:00.000
1775980800000,-0.00017208,2026-04-12 08:00:00.000
1775995200000,-0.00039064,2026-04-12 12:00:00.000
1776009600000,-3.374e-05,2026-04-12 16:00:00.000
1776024000013,-0.00011045,2026-04-12 20:00:00.013
1776038400011,-0.00026806,2026-04-13 00:00:00.011
1776052800003,5e-05,2026-04-13 04:00:00.003
1776067200006,-9.393e-05,2026-04-13 08:00:00.006
1776081600010,-3.5e-07,2026-04-13 12:00:00.010
1776096000000,5e-05,2026-04-13 16:00:00.000
1776110400000,5e-05,2026-04-13 20:00:00.000
1776124800005,5e-05,2026-04-14 00:00:00.005
1776139200000,-3.322e-05,2026-04-14 04:00:00.000
1776153600003,-0.00014908,2026-04-14 08:00:00.003
1776168000000,6.34e-06,2026-04-14 12:00:00.000
1776182400001,-1.274e-05,2026-04-14 16:00:00.001
1776196800009,5e-05,2026-04-14 20:00:00.009
1776211200000,2.95e-06,2026-04-15 00:00:00.000
1776225600000,3.12e-06,2026-04-15 04:00:00.000
1776240000000,5e-05,2026-04-15 08:00:00.000
1776254400000,5e-05,2026-04-15 12:00:00.000
1776268800000,-4.12e-05,2026-04-15 16:00:00.000
1776283200009,4.662e-05,2026-04-15 20:00:00.009
1776297600013,5e-05,2026-04-16 00:00:00.013
1776312000008,5e-05,2026-04-16 04:00:00.008
1776326400000,5e-05,2026-04-16 08:00:00.000
1776340800004,5e-05,2026-04-16 12:00:00.004
1776355200000,5e-05,2026-04-16 16:00:00.000
1776369600000,5e-05,2026-04-16 20:00:00.000
1776384000001,5e-05,2026-04-17 00:00:00.001
1776398400003,5e-05,2026-04-17 04:00:00.003
1776412800011,5e-05,2026-04-17 08:00:00.011
1776427200003,5e-05,2026-04-17 12:00:00.003
1776441600001,5e-05,2026-04-17 16:00:00.001
1776456000005,5e-05,2026-04-17 20:00:00.005
1776470400001,5e-05,2026-04-18 00:00:00.001
1776484800003,5e-05,2026-04-18 04:00:00.003
1776499200006,5e-05,2026-04-18 08:00:00.006
1776513600000,5e-05,2026-04-18 12:00:00.000
1776528000000,5e-05,2026-04-18 16:00:00.000
1776542400002,5e-05,2026-04-18 20:00:00.002
1776556800002,5e-05,2026-04-19 00:00:00.002
1776571200000,5e-05,2026-04-19 04:00:00.000
1776585600010,5e-05,2026-04-19 08:00:00.010
1776600000003,4.518e-05,2026-04-19 12:00:00.003
1776614400001,3.072e-05,2026-04-19 16:00:00.001
1776628800005,2.976e-05,2026-04-19 20:00:00.005
1776643200000,-8.749e-05,2026-04-20 00:00:00.000
1776657600001,5e-05,2026-04-20 04:00:00.001
1776672000000,-6.1e-07,2026-04-20 08:00:00.000
1776686400009,5e-05,2026-04-20 12:00:00.009
1776700800001,5e-05,2026-04-20 16:00:00.001
1776715200000,5e-05,2026-04-20 20:00:00.000
1776729600000,5e-05,2026-04-21 00:00:00.000
1776744000000,5e-05,2026-04-21 04:00:00.000
1776758400004,5e-05,2026-04-21 08:00:00.004
1776772800000,5e-05,2026-04-21 12:00:00.000
1776787200004,5e-05,2026-04-21 16:00:00.004
1776801600003,5e-05,2026-04-21 20:00:00.003
1776816000004,5e-05,2026-04-22 00:00:00.004
1776830400003,5e-05,2026-04-22 04:00:00.003
1776844800000,5e-05,2026-04-22 08:00:00.000
1776859200000,5e-05,2026-04-22 12:00:00.000
1776873600000,5e-05,2026-04-22 16:00:00.000
1776888000003,5e-05,2026-04-22 20:00:00.003
1776902400000,5e-05,2026-04-23 00:00:00.000
1776916800000,-2.26e-06,2026-04-23 04:00:00.000
1776931200000,5e-05,2026-04-23 08:00:00.000
1776945600000,5e-05,2026-04-23 12:00:00.000
1776960000004,5e-05,2026-04-23 16:00:00.004
1776974400006,3.57e-05,2026-04-23 20:00:00.006
1776988800006,5e-05,2026-04-24 00:00:00.006
1777003200000,5e-05,2026-04-24 04:00:00.000
1777017600000,5e-05,2026-04-24 08:00:00.000
1777032000002,5e-05,2026-04-24 12:00:00.002
1777046400000,5e-05,2026-04-24 16:00:00.000
1777060800003,5e-05,2026-04-24 20:00:00.003
1777075200000,5e-05,2026-04-25 00:00:00.000
1777089600005,5e-05,2026-04-25 04:00:00.005
1777104000002,5e-05,2026-04-25 08:00:00.002
1777118400001,-0.00014959,2026-04-25 12:00:00.001
1777132800002,-0.00169043,2026-04-25 16:00:00.002
1777147200001,-6.771e-05,2026-04-25 20:00:00.001
1777161600003,1.599e-05,2026-04-26 00:00:00.003
1777176000001,1.298e-05,2026-04-26 04:00:00.001
1777190400007,-0.00208704,2026-04-26 08:00:00.007
1777204800001,-0.00354182,2026-04-26 12:00:00.001
1777219200004,-0.00026991,2026-04-26 16:00:00.004
1777233600014,8.01e-06,2026-04-26 20:00:00.014
1777248000004,-0.00013058,2026-04-27 00:00:00.004
1777262400000,-0.00022946,2026-04-27 04:00:00.000
1777276800000,-3.292e-05,2026-04-27 08:00:00.000
1777291200004,-0.00015272,2026-04-27 12:00:00.004
1777305600002,5e-05,2026-04-27 16:00:00.002
1777320000000,-1.399e-05,2026-04-27 20:00:00.000
1777334400001,-0.00011408,2026-04-28 00:00:00.001
1777348800006,3.883e-05,2026-04-28 04:00:00.006
1777363200000,5e-05,2026-04-28 08:00:00.000
1777377600000,5e-05,2026-04-28 12:00:00.000
1777392000004,5e-05,2026-04-28 16:00:00.004
1777406400001,5e-05,2026-04-28 20:00:00.001
1777420800006,5e-05,2026-04-29 00:00:00.006
1777435200003,5e-05,2026-04-29 04:00:00.003
1777449600011,5e-05,2026-04-29 08:00:00.011
1777464000000,5e-05,2026-04-29 12:00:00.000
1777478400003,5e-05,2026-04-29 16:00:00.003
1777492800004,5e-05,2026-04-29 20:00:00.004
1777507200002,5e-05,2026-04-30 00:00:00.002
1777521600000,5e-05,2026-04-30 04:00:00.000
1777536000000,5e-05,2026-04-30 08:00:00.000
1777550400000,5e-05,2026-04-30 12:00:00.000
1777564800000,5e-05,2026-04-30 16:00:00.000
1777579200002,5e-05,2026-04-30 20:00:00.002
1777593600000,5e-05,2026-05-01 00:00:00.000
1777608000003,5e-05,2026-05-01 04:00:00.003
1777622400005,5e-05,2026-05-01 08:00:00.005
1777636800000,5e-05,2026-05-01 12:00:00.000
1777651200000,5e-05,2026-05-01 16:00:00.000
1777665600009,5e-05,2026-05-01 20:00:00.009
1777680000006,5e-05,2026-05-02 00:00:00.006
1777694400000,5e-05,2026-05-02 04:00:00.000
1777708800000,5e-05,2026-05-02 08:00:00.000
1777723200009,5e-05,2026-05-02 12:00:00.009
1777737600010,5e-05,2026-05-02 16:00:00.010
1777752000000,5e-05,2026-05-02 20:00:00.000
1777766400005,5e-05,2026-05-03 00:00:00.005
1777780800014,5e-05,2026-05-03 04:00:00.014
1777795200003,-3.729e-05,2026-05-03 08:00:00.003
1777809600004,5e-05,2026-05-03 12:00:00.004
1777824000000,5e-05,2026-05-03 16:00:00.000
1777838400000,5e-05,2026-05-03 20:00:00.000
1777852800000,5e-05,2026-05-04 00:00:00.000
1777867200003,5e-05,2026-05-04 04:00:00.003
1777881600000,5e-05,2026-05-04 08:00:00.000
1777896000000,5e-05,2026-05-04 12:00:00.000
1777910400003,5e-05,2026-05-04 16:00:00.003
1777924800007,5e-05,2026-05-04 20:00:00.007
1777939200000,5e-05,2026-05-05 00:00:00.000
1777953600000,5e-05,2026-05-05 04:00:00.000
1777968000011,5e-05,2026-05-05 08:00:00.011
1777982400006,5e-05,2026-05-05 12:00:00.006
1777996800000,5e-05,2026-05-05 16:00:00.000
1778011200000,5e-05,2026-05-05 20:00:00.000
1778025600010,5e-05,2026-05-06 00:00:00.010
1778040000000,5e-05,2026-05-06 04:00:00.000
1778054400000,5e-05,2026-05-06 08:00:00.000
1778068800000,5e-05,2026-05-06 12:00:00.000
1778083200002,5e-05,2026-05-06 16:00:00.002
1778097600000,5e-05,2026-05-06 20:00:00.000
1778112000000,5e-05,2026-05-07 00:00:00.000
1778126400001,5e-05,2026-05-07 04:00:00.001
1778140800000,5e-05,2026-05-07 08:00:00.000
1778155200000,5e-05,2026-05-07 12:00:00.000
1778169600004,5e-05,2026-05-07 16:00:00.004
1778184000005,5e-05,2026-05-07 20:00:00.005
1778198400003,5e-05,2026-05-08 00:00:00.003
1778212800000,5e-05,2026-05-08 04:00:00.000
1778227200002,5e-05,2026-05-08 08:00:00.002
1778241600000,5e-05,2026-05-08 12:00:00.000
1778256000003,5e-05,2026-05-08 16:00:00.003
1778270400000,5e-05,2026-05-08 20:00:00.000
1778284800000,5e-05,2026-05-09 00:00:00.000
1778299200000,5e-05,2026-05-09 04:00:00.000
1778313600001,5e-05,2026-05-09 08:00:00.001
1778328000000,2.135e-05,2026-05-09 12:00:00.000
1778342400002,-6.94e-06,2026-05-09 16:00:00.002
1778356800000,-1.71e-06,2026-05-09 20:00:00.000
1778371200003,5e-05,2026-05-10 00:00:00.003
1778385600005,5e-05,2026-05-10 04:00:00.005
1778400000000,5e-05,2026-05-10 08:00:00.000
1778414400007,5e-05,2026-05-10 12:00:00.007
1778428800000,5e-05,2026-05-10 16:00:00.000
1778443200002,5e-05,2026-05-10 20:00:00.002
1778457600000,5e-05,2026-05-11 00:00:00.000
1778472000000,5e-05,2026-05-11 04:00:00.000
1778486400000,5e-05,2026-05-11 08:00:00.000
1778500800001,5e-05,2026-05-11 12:00:00.001
1778515200000,5e-05,2026-05-11 16:00:00.000
1778529600014,5e-05,2026-05-11 20:00:00.014
1778544000002,5e-05,2026-05-12 00:00:00.002
1778558400000,5e-05,2026-05-12 04:00:00.000
1778572800008,5e-05,2026-05-12 08:00:00.008
1778587200003,5e-05,2026-05-12 12:00:00.003
1778601600000,5e-05,2026-05-12 16:00:00.000
1778616000000,5e-05,2026-05-12 20:00:00.000
1778630400010,5e-05,2026-05-13 00:00:00.010
1778644800003,5e-05,2026-05-13 04:00:00.003
1778659200003,5e-05,2026-05-13 08:00:00.003
1778673600004,5e-05,2026-05-13 12:00:00.004
1778688000001,5e-05,2026-05-13 16:00:00.001
1778702400004,5e-05,2026-05-13 20:00:00.004
1778716800005,5e-05,2026-05-14 00:00:00.005
1778731200005,5e-05,2026-05-14 04:00:00.005
1778745600000,-2.155e-05,2026-05-14 08:00:00.000
1778760000001,-5.59e-05,2026-05-14 12:00:00.001
1778774400000,2.082e-05,2026-05-14 16:00:00.000
1778788800000,3.479e-05,2026-05-14 20:00:00.000
1778803200000,-1.903e-05,2026-05-15 00:00:00.000
1778817600006,-4.58e-06,2026-05-15 04:00:00.006
1778832000016,3.58e-06,2026-05-15 08:00:00.016
1778846400001,5e-05,2026-05-15 12:00:00.001
1778860800012,1.387e-05,2026-05-15 16:00:00.012
1778875200001,9.7e-07,2026-05-15 20:00:00.001
1778889600005,-3.306e-05,2026-05-16 00:00:00.005
1778904000000,3.932e-05,2026-05-16 04:00:00.000
1778918400000,2.314e-05,2026-05-16 08:00:00.000
1778932800002,5e-05,2026-05-16 12:00:00.002
1778947200005,5e-05,2026-05-16 16:00:00.005
1778961600000,5e-05,2026-05-16 20:00:00.000
1778976000000,5e-05,2026-05-17 00:00:00.000
1778990400012,5e-05,2026-05-17 04:00:00.012
1779004800010,4.191e-05,2026-05-17 08:00:00.010
1779019200014,5e-05,2026-05-17 12:00:00.014
1779033600009,5e-05,2026-05-17 16:00:00.009
1779048000002,5e-05,2026-05-17 20:00:00.002
1779062400007,5e-05,2026-05-18 00:00:00.007
1779076800000,5e-05,2026-05-18 04:00:00.000
1779091200002,5e-05,2026-05-18 08:00:00.002
1779105600001,5e-05,2026-05-18 12:00:00.001
1779120000007,5e-05,2026-05-18 16:00:00.007
1779134400000,5e-05,2026-05-18 20:00:00.000
1779148800001,5e-05,2026-05-19 00:00:00.001
1779163200003,5e-05,2026-05-19 04:00:00.003
1779177600001,5e-05,2026-05-19 08:00:00.001
1779192000000,-1.6e-06,2026-05-19 12:00:00.000
1779206400009,1.685e-05,2026-05-19 16:00:00.009
1779220800001,5e-05,2026-05-19 20:00:00.001
1779235200001,-5.98e-06,2026-05-20 00:00:00.001
1779249600001,5e-05,2026-05-20 04:00:00.001
1779264000006,5e-05,2026-05-20 08:00:00.006
1779278400001,5e-05,2026-05-20 12:00:00.001
1779292800000,5e-05,2026-05-20 16:00:00.000
1779307200019,5e-05,2026-05-20 20:00:00.019
1779321600001,5e-05,2026-05-21 00:00:00.001
1779336000000,5e-05,2026-05-21 04:00:00.000
1779350400000,5e-05,2026-05-21 08:00:00.000
1779364800000,5e-05,2026-05-21 12:00:00.000
1779379200000,5e-05,2026-05-21 16:00:00.000
1779393600001,-8.609e-05,2026-05-21 20:00:00.001
1779408000000,-0.00014223,2026-05-22 00:00:00.000
1779422400000,5e-05,2026-05-22 04:00:00.000
1779436800004,5e-05,2026-05-22 08:00:00.004
1779451200000,4.432e-05,2026-05-22 12:00:00.000
1779465600001,2.475e-05,2026-05-22 16:00:00.001
1779480000002,3.533e-05,2026-05-22 20:00:00.002
1779494400009,5e-05,2026-05-23 00:00:00.009
1779508800006,5e-05,2026-05-23 04:00:00.006
1779523200001,5e-05,2026-05-23 08:00:00.001
1779537600000,5e-05,2026-05-23 12:00:00.000
1779552000003,5e-05,2026-05-23 16:00:00.003
1779566400007,5e-05,2026-05-23 20:00:00.007
1779580800011,5e-05,2026-05-24 00:00:00.011
1779595200001,5e-05,2026-05-24 04:00:00.001
1779609600008,3.906e-05,2026-05-24 08:00:00.008
1779624000001,-2.533e-05,2026-05-24 12:00:00.001
1779638400000,5e-05,2026-05-24 16:00:00.000
1779652800002,5e-05,2026-05-24 20:00:00.002
1779667200001,5e-05,2026-05-25 00:00:00.001
1779681600000,5e-05,2026-05-25 04:00:00.000
1779696000001,5e-05,2026-05-25 08:00:00.001
1779710400008,5e-05,2026-05-25 12:00:00.008
1779724800001,5e-05,2026-05-25 16:00:00.001
1779739200000,5e-05,2026-05-25 20:00:00.000
1779753600000,5e-05,2026-05-26 00:00:00.000
1779768000003,5e-05,2026-05-26 04:00:00.003
1779782400003,5e-05,2026-05-26 08:00:00.003
1779796800000,5e-05,2026-05-26 12:00:00.000
1779811200000,5e-05,2026-05-26 16:00:00.000
1779825600000,5e-05,2026-05-26 20:00:00.000
1779840000000,5e-05,2026-05-27 00:00:00.000
1779854400002,5e-05,2026-05-27 04:00:00.002
1779868800004,5e-05,2026-05-27 08:00:00.004
1779883200007,5e-05,2026-05-27 12:00:00.007
1779897600009,5e-05,2026-05-27 16:00:00.009
1779912000001,5e-05,2026-05-27 20:00:00.001
1779926400001,5e-05,2026-05-28 00:00:00.001
1779940800000,5e-05,2026-05-28 04:00:00.000
1779955200000,5e-05,2026-05-28 08:00:00.000
1779969600000,5e-05,2026-05-28 12:00:00.000
1779984000001,5e-05,2026-05-28 16:00:00.001
1779998400005,5e-05,2026-05-28 20:00:00.005
1780012800000,5e-05,2026-05-29 00:00:00.000
1780027200000,5e-05,2026-05-29 04:00:00.000
1780041600001,5e-05,2026-05-29 08:00:00.001
1780056000001,5e-05,2026-05-29 12:00:00.001
1780070400008,5e-05,2026-05-29 16:00:00.008
1780084800000,5e-05,2026-05-29 20:00:00.000
1780099200000,5e-05,2026-05-30 00:00:00.000
1780113600004,5e-05,2026-05-30 04:00:00.004
1780128000001,5e-05,2026-05-30 08:00:00.001
1780142400000,5e-05,2026-05-30 12:00:00.000
1780156800000,5e-05,2026-05-30 16:00:00.000
1780171200000,5e-05,2026-05-30 20:00:00.000
1780185600000,5e-05,2026-05-31 00:00:00.000
1780200000006,5e-05,2026-05-31 04:00:00.006
1780214400000,5e-05,2026-05-31 08:00:00.000
1780228800005,5e-05,2026-05-31 12:00:00.005
1780243200004,5e-05,2026-05-31 16:00:00.004
1780257600010,5e-05,2026-05-31 20:00:00.010
1780272000001,5e-05,2026-06-01 00:00:00.001
1780286400006,5e-05,2026-06-01 04:00:00.006
1780300800001,5e-05,2026-06-01 08:00:00.001
1780315200000,5e-05,2026-06-01 12:00:00.000
1780329600000,5e-05,2026-06-01 16:00:00.000
1780344000000,5e-05,2026-06-01 20:00:00.000
1780358400000,5e-05,2026-06-02 00:00:00.000
1780372800008,5e-05,2026-06-02 04:00:00.008
1780387200000,5e-05,2026-06-02 08:00:00.000
1780401600002,5e-05,2026-06-02 12:00:00.002
1780416000000,5e-05,2026-06-02 16:00:00.000
1780430400000,5e-05,2026-06-02 20:00:00.000
1780444800013,5e-05,2026-06-03 00:00:00.013
1780459200000,5e-05,2026-06-03 04:00:00.000
1780473600000,5e-05,2026-06-03 08:00:00.000
1780488000000,5e-05,2026-06-03 12:00:00.000
1780502400001,5e-05,2026-06-03 16:00:00.001
1780516800002,0.00010738,2026-06-03 20:00:00.002
1780531200009,5e-05,2026-06-04 00:00:00.009
1780545600000,5e-05,2026-06-04 04:00:00.000
1780560000000,5e-05,2026-06-04 08:00:00.000
1780574400002,9.32e-05,2026-06-04 12:00:00.002
1780588800003,9.759e-05,2026-06-04 16:00:00.003
1780603200001,0.00010532,2026-06-04 20:00:00.001
1780617600000,6.063e-05,2026-06-05 00:00:00.000
1780632000001,8.624e-05,2026-06-05 04:00:00.001
1780646400004,5e-05,2026-06-05 08:00:00.004
1780660800000,5e-05,2026-06-05 12:00:00.000
1780675200009,5e-05,2026-06-05 16:00:00.009
1780689600000,5e-05,2026-06-05 20:00:00.000
1780704000000,5e-05,2026-06-06 00:00:00.000
1780718400000,5e-05,2026-06-06 04:00:00.000
1780732800000,9.626e-05,2026-06-06 08:00:00.000
1780747200002,0.00019448,2026-06-06 12:00:00.002
1780761600000,0.00017262,2026-06-06 16:00:00.000
1780776000003,0.00025879,2026-06-06 20:00:00.003
1780790400001,0.00046795,2026-06-07 00:00:00.001
1780804800000,0.00016586,2026-06-07 04:00:00.000
1780819200000,0.00015667,2026-06-07 08:00:00.000
