timestamp,funding_rate,datetime
1692201600000,0.0001,2023-08-16 16:00:00.000
1692230400000,0.0001,2023-08-17 00:00:00.000
1692259200000,-0.00357342,2023-08-17 08:00:00.000
1692288000000,-0.00716713,2023-08-17 16:00:00.000
1692316800000,-0.00269913,2023-08-18 00:00:00.000
1692345600000,-0.00601261,2023-08-18 08:00:00.000
1692374400000,-0.0030875,2023-08-18 16:00:00.000
1692403200000,-0.00282693,2023-08-19 00:00:00.000
1692432000000,-0.00288791,2023-08-19 08:00:00.000
1692460800000,-0.00097675,2023-08-19 16:00:00.000
1692489600000,-0.00064292,2023-08-20 00:00:00.000
1692518400000,-0.00189183,2023-08-20 08:00:00.000
1692547200000,-0.00253255,2023-08-20 16:00:00.000
1692576000000,-0.00250029,2023-08-21 00:00:00.000
1692604800000,-0.00102791,2023-08-21 08:00:00.000
1692633600000,-0.00073936,2023-08-21 16:00:00.000
1692662400000,-0.00040766,2023-08-22 00:00:00.000
1692691200000,-0.00021151,2023-08-22 08:00:00.000
1692720000000,-0.0001541,2023-08-22 16:00:00.000
1692748800000,0.0001,2023-08-23 00:00:00.000
1692777600000,0.0001,2023-08-23 08:00:00.000
1692806400000,0.0001,2023-08-23 16:00:00.000
1692835200000,0.0001,2023-08-24 00:00:00.000
1692864000000,0.0001,2023-08-24 08:00:00.000
1692892800000,0.0001,2023-08-24 16:00:00.000
1692921600000,0.0001,2023-08-25 00:00:00.000
1692950400000,0.0001,2023-08-25 08:00:00.000
1692979200000,0.0001,2023-08-25 16:00:00.000
1693008000000,0.0001,2023-08-26 00:00:00.000
1693036800000,0.0001,2023-08-26 08:00:00.000
1693065600000,4.234e-05,2023-08-26 16:00:00.000
1693094400000,1.311e-05,2023-08-27 00:00:00.000
1693123200000,-3.518e-05,2023-08-27 08:00:00.000
1693152000000,-0.00033689,2023-08-27 16:00:00.000
1693180800000,-4.308e-05,2023-08-28 00:00:00.000
1693209600001,4.165e-05,2023-08-28 08:00:00.001
1693238400001,2.775e-05,2023-08-28 16:00:00.001
1693267200000,0.0001,2023-08-29 00:00:00.000
1693296000000,-0.00016027,2023-08-29 08:00:00.000
1693324800000,-9.818e-05,2023-08-29 16:00:00.000
1693353600000,-0.00167834,2023-08-30 00:00:00.000
1693382400000,-0.00160783,2023-08-30 08:00:00.000
1693411200000,-0.00455532,2023-08-30 16:00:00.000
1693440000000,-0.00085154,2023-08-31 00:00:00.000
1693468800000,-0.00197076,2023-08-31 08:00:00.000
1693497600000,-0.00068205,2023-08-31 16:00:00.000
1693526400000,-0.0004851,2023-09-01 00:00:00.000
1693555200000,1.49e-06,2023-09-01 08:00:00.000
1693584000001,-0.00015676,2023-09-01 16:00:00.001
1693612800000,-0.00091071,2023-09-02 00:00:00.000
1693641600000,-4.648e-05,2023-09-02 08:00:00.000
1693670400000,-0.00030493,2023-09-02 16:00:00.000
1693699200000,-0.00013644,2023-09-03 00:00:00.000
1693728000000,-7.002e-05,2023-09-03 08:00:00.000
1693756800000,-0.00028049,2023-09-03 16:00:00.000
1693785600000,-9.381e-05,2023-09-04 00:00:00.000
1693814400000,-8.656e-05,2023-09-04 08:00:00.000
1693843200000,8.347e-05,2023-09-04 16:00:00.000
1693872000000,-2.518e-05,2023-09-05 00:00:00.000
1693900800000,0.0001,2023-09-05 08:00:00.000
1693929600000,-0.00020578,2023-09-05 16:00:00.000
1693958400000,-0.00059868,2023-09-06 00:00:00.000
1693987200000,-0.000752,2023-09-06 08:00:00.000
1694016000001,-0.00060959,2023-09-06 16:00:00.001
1694044800000,5.96e-06,2023-09-07 00:00:00.000
1694073600000,-0.00025762,2023-09-07 08:00:00.000
1694102400000,9.74e-06,2023-09-07 16:00:00.000
1694131200000,0.0001,2023-09-08 00:00:00.000
1694160000000,0.0001,2023-09-08 08:00:00.000
1694188800000,0.0001,2023-09-08 16:00:00.000
1694217600000,0.0001,2023-09-09 00:00:00.000
1694246400000,0.0001,2023-09-09 08:00:00.000
1694275200000,7.492e-05,2023-09-09 16:00:00.000
1694304000000,0.0001,2023-09-10 00:00:00.000
1694332800000,-0.00089272,2023-09-10 08:00:00.000
1694361600000,-0.00091892,2023-09-10 16:00:00.000
1694390400000,-0.00045152,2023-09-11 00:00:00.000
1694419200000,-0.00036731,2023-09-11 08:00:00.000
1694448000001,-0.00043526,2023-09-11 16:00:00.001
1694476800000,8.045e-05,2023-09-12 00:00:00.000
1694505600000,0.0001,2023-09-12 08:00:00.000
1694534400000,-9.59e-06,2023-09-12 16:00:00.000
1694563200000,9.941e-05,2023-09-13 00:00:00.000
1694592000000,-8.929e-05,2023-09-13 08:00:00.000
1694620800000,0.0001,2023-09-13 16:00:00.000
1694649600000,0.0001,2023-09-14 00:00:00.000
1694678400001,-3.956e-05,2023-09-14 08:00:00.001
1694707200000,-1.356e-05,2023-09-14 16:00:00.000
1694736000000,-2.236e-05,2023-09-15 00:00:00.000
1694764800000,-0.00020829,2023-09-15 08:00:00.000
1694793600000,-0.00015168,2023-09-15 16:00:00.000
1694822400000,2.7e-05,2023-09-16 00:00:00.000
1694851200000,0.0001,2023-09-16 08:00:00.000
1694880000000,0.0001,2023-09-16 16:00:00.000
1694908800000,0.0001,2023-09-17 00:00:00.000
1694937600000,0.0001,2023-09-17 08:00:00.000
1694966400000,0.0001,2023-09-17 16:00:00.000
1694995200000,0.0001,2023-09-18 00:00:00.000
1695024000000,0.0001,2023-09-18 08:00:00.000
1695052800000,3.516e-05,2023-09-18 16:00:00.000
1695081600000,0.0001,2023-09-19 00:00:00.000
1695110400001,0.0001,2023-09-19 08:00:00.001
1695139200000,0.0001,2023-09-19 16:00:00.000
1695168000000,0.0001,2023-09-20 00:00:00.000
1695196800000,0.0001,2023-09-20 08:00:00.000
1695225600000,0.0001,2023-09-20 16:00:00.000
1695254400001,0.0001,2023-09-21 00:00:00.001
1695283200000,0.0001,2023-09-21 08:00:00.000
1695312000000,0.0001,2023-09-21 16:00:00.000
1695340800000,0.0001,2023-09-22 00:00:00.000
1695369600000,0.0001,2023-09-22 08:00:00.000
1695398400000,0.0001,2023-09-22 16:00:00.000
1695427200000,0.0001,2023-09-23 00:00:00.000
1695456000000,0.0001,2023-09-23 08:00:00.000
1695484800000,0.0001,2023-09-23 16:00:00.000
1695513600000,0.0001,2023-09-24 00:00:00.000
1695542400000,0.0001,2023-09-24 08:00:00.000
1695571200000,0.0001,2023-09-24 16:00:00.000
1695600000000,0.0001,2023-09-25 00:00:00.000
1695628800000,0.0001,2023-09-25 08:00:00.000
1695657600000,0.0001,2023-09-25 16:00:00.000
1695686400000,4.174e-05,2023-09-26 00:00:00.000
1695715200000,2.888e-05,2023-09-26 08:00:00.000
1695744000000,0.0001,2023-09-26 16:00:00.000
1695772800000,0.0001,2023-09-27 00:00:00.000
1695801600001,0.0001,2023-09-27 08:00:00.001
1695830400000,0.0001,2023-09-27 16:00:00.000
1695859200000,0.0001,2023-09-28 00:00:00.000
1695888000000,0.0001,2023-09-28 08:00:00.000
1695916800000,0.0001,2023-09-28 16:00:00.000
1695945600000,0.0001,2023-09-29 00:00:00.000
1695974400000,0.0001,2023-09-29 08:00:00.000
1696003200000,0.0001,2023-09-29 16:00:00.000
1696032000000,0.0001,2023-09-30 00:00:00.000
1696060800000,0.0001,2023-09-30 08:00:00.000
1696089600000,0.0001,2023-09-30 16:00:00.000
1696118400000,0.0001,2023-10-01 00:00:00.000
1696147200000,0.0001,2023-10-01 08:00:00.000
1696176000000,0.0001,2023-10-01 16:00:00.000
1696204800000,0.0001,2023-10-02 00:00:00.000
1696233600000,0.0001,2023-10-02 08:00:00.000
1696262400000,0.0001,2023-10-02 16:00:00.000
1696291200000,0.0001,2023-10-03 00:00:00.000
1696320000000,0.0001,2023-10-03 08:00:00.000
1696348800000,0.0001,2023-10-03 16:00:00.000
1696377600000,0.0001,2023-10-04 00:00:00.000
1696406400000,6.983e-05,2023-10-04 08:00:00.000
1696435200000,0.0001,2023-10-04 16:00:00.000
1696464000000,0.0001,2023-10-05 00:00:00.000
1696492800000,0.0001,2023-10-05 08:00:00.000
1696521600001,0.0001,2023-10-05 16:00:00.001
1696550400000,3.52e-05,2023-10-06 00:00:00.000
1696579200000,0.0001,2023-10-06 08:00:00.000
1696608000000,0.0001,2023-10-06 16:00:00.000
1696636800000,0.0001,2023-10-07 00:00:00.000
1696665600000,0.0001,2023-10-07 08:00:00.000
1696694400000,0.0001,2023-10-07 16:00:00.000
1696723200000,0.0001,2023-10-08 00:00:00.000
1696752000001,0.0001,2023-10-08 08:00:00.001
1696780800000,0.0001,2023-10-08 16:00:00.000
1696809600000,6.214e-05,2023-10-09 00:00:00.000
1696838400000,0.0001,2023-10-09 08:00:00.000
1696867200000,-7.311e-05,2023-10-09 16:00:00.000
1696896000000,-0.00019125,2023-10-10 00:00:00.000
1696924800000,-2.9e-05,2023-10-10 08:00:00.000
1696953600000,7.171e-05,2023-10-10 16:00:00.000
1696982400000,-1.365e-05,2023-10-11 00:00:00.000
1697011200000,0.0001,2023-10-11 08:00:00.000
1697040000000,-2.714e-05,2023-10-11 16:00:00.000
1697068800000,6.877e-05,2023-10-12 00:00:00.000
1697097600000,1.631e-05,2023-10-12 08:00:00.000
1697126400000,0.0001,2023-10-12 16:00:00.000
1697155200000,0.0001,2023-10-13 00:00:00.000
1697184000000,0.0001,2023-10-13 08:00:00.000
1697212800000,5.879e-05,2023-10-13 16:00:00.000
1697241600000,-1.335e-05,2023-10-14 00:00:00.000
1697270400000,0.0001,2023-10-14 08:00:00.000
1697299200000,0.0001,2023-10-14 16:00:00.000
1697328000000,-0.00010636,2023-10-15 00:00:00.000
1697356800000,9.036e-05,2023-10-15 08:00:00.000
1697385600000,0.0001,2023-10-15 16:00:00.000
1697414400000,0.0001,2023-10-16 00:00:00.000
1697443200000,0.0001,2023-10-16 08:00:00.000
1697472000000,6.417e-05,2023-10-16 16:00:00.000
1697500800000,8.719e-05,2023-10-17 00:00:00.000
1697529600000,-9.373e-05,2023-10-17 08:00:00.000
1697558400000,6.978e-05,2023-10-17 16:00:00.000
1697587200000,-0.00028599,2023-10-18 00:00:00.000
1697616000000,8.077e-05,2023-10-18 08:00:00.000
1697644800000,-7.785e-05,2023-10-18 16:00:00.000
1697673600000,0.0001,2023-10-19 00:00:00.000
1697702400001,-7.303e-05,2023-10-19 08:00:00.001
1697731200000,-0.0007051,2023-10-19 16:00:00.000
1697760000000,-0.0001426,2023-10-20 00:00:00.000
1697788800005,-8.868e-05,2023-10-20 08:00:00.005
1697817600000,0.0001,2023-10-20 16:00:00.000
1697846400000,0.0001,2023-10-21 00:00:00.000
1697875200000,0.0001,2023-10-21 08:00:00.000
1697904000000,0.0001,2023-10-21 16:00:00.000
1697932800000,0.0001,2023-10-22 00:00:00.000
1697961600000,3.067e-05,2023-10-22 08:00:00.000
1697990400000,0.0001,2023-10-22 16:00:00.000
1698019200000,0.0001,2023-10-23 00:00:00.000
1698048000001,9.35e-05,2023-10-23 08:00:00.001
1698076800001,1.199e-05,2023-10-23 16:00:00.001
1698105600000,0.0001,2023-10-24 00:00:00.000
1698134400000,0.0001,2023-10-24 08:00:00.000
1698163200000,0.0001,2023-10-24 16:00:00.000
1698192000000,0.0001,2023-10-25 00:00:00.000
1698220800000,0.0001,2023-10-25 08:00:00.000
1698249600001,0.0001,2023-10-25 16:00:00.001
1698278400001,0.0001,2023-10-26 00:00:00.001
1698307200000,0.0001,2023-10-26 08:00:00.000
1698336000000,0.00012176,2023-10-26 16:00:00.000
1698364800000,0.0001,2023-10-27 00:00:00.000
1698393600000,0.0001,2023-10-27 08:00:00.000
1698422400000,0.0001,2023-10-27 16:00:00.000
1698451200000,0.0001,2023-10-28 00:00:00.000
1698480000001,0.0001,2023-10-28 08:00:00.001
1698508800000,0.0001,2023-10-28 16:00:00.000
1698537600000,0.0001,2023-10-29 00:00:00.000
1698566400000,0.00015202,2023-10-29 08:00:00.000
1698595200000,0.00014601,2023-10-29 16:00:00.000
1698624000000,0.00029678,2023-10-30 00:00:00.000
1698652800000,0.00020004,2023-10-30 08:00:00.000
1698681600000,0.00029947,2023-10-30 16:00:00.000
1698710400001,0.00049282,2023-10-31 00:00:00.001
1698739200000,0.00017103,2023-10-31 08:00:00.000
1698768000000,0.0001,2023-10-31 16:00:00.000
1698796800000,0.000135,2023-11-01 00:00:00.000
1698825600000,0.00016037,2023-11-01 08:00:00.000
1698854400000,0.0001,2023-11-01 16:00:00.000
1698883200001,0.00062848,2023-11-02 00:00:00.001
1698912000000,0.00088846,2023-11-02 08:00:00.000
1698940800000,0.00020623,2023-11-02 16:00:00.000
1698969600000,0.0001,2023-11-03 00:00:00.000
1698998400000,0.0001,2023-11-03 08:00:00.000
1699027200000,0.0001,2023-11-03 16:00:00.000
1699056000000,0.00024086,2023-11-04 00:00:00.000
1699084800000,0.00030046,2023-11-04 08:00:00.000
1699113600000,0.00019654,2023-11-04 16:00:00.000
1699142400000,0.0002185,2023-11-05 00:00:00.000
1699171200000,0.00049468,2023-11-05 08:00:00.000
1699200000000,0.00028537,2023-11-05 16:00:00.000
1699228800000,0.0001,2023-11-06 00:00:00.000
1699257600001,0.00017719,2023-11-06 08:00:00.001
1699286400000,0.0001,2023-11-06 16:00:00.000
1699315200001,0.0001,2023-11-07 00:00:00.001
1699344000000,0.00010608,2023-11-07 08:00:00.000
1699372800000,0.00015235,2023-11-07 16:00:00.000
1699401600000,0.00016529,2023-11-08 00:00:00.000
1699430400000,0.00023082,2023-11-08 08:00:00.000
1699459200000,0.0001,2023-11-08 16:00:00.000
1699488000000,0.0001,2023-11-09 00:00:00.000
1699516800000,0.00012969,2023-11-09 08:00:00.000
1699545600000,0.00041676,2023-11-09 16:00:00.000
1699574400000,0.0001,2023-11-10 00:00:00.000
1699603200000,0.0001932,2023-11-10 08:00:00.000
1699632000000,0.0001,2023-11-10 16:00:00.000
1699660800000,0.00018507,2023-11-11 00:00:00.000
1699689600000,0.00023877,2023-11-11 08:00:00.000
1699718400000,0.00063249,2023-11-11 16:00:00.000
1699747200000,0.00049025,2023-11-12 00:00:00.000
1699776000000,0.00054433,2023-11-12 08:00:00.000
1699804800001,0.00051447,2023-11-12 16:00:00.001
1699833600000,0.0007448,2023-11-13 00:00:00.000
1699862400000,0.00035912,2023-11-13 08:00:00.000
1699891200000,0.00016857,2023-11-13 16:00:00.000
1699920000000,0.00031325,2023-11-14 00:00:00.000
1699948800000,0.0001,2023-11-14 08:00:00.000
1699977600001,0.0001,2023-11-14 16:00:00.001
1700006400000,0.0001,2023-11-15 00:00:00.000
1700035200000,0.0001,2023-11-15 08:00:00.000
1700064000000,0.00017301,2023-11-15 16:00:00.000
1700092800000,0.00010385,2023-11-16 00:00:00.000
1700121600000,0.00011296,2023-11-16 08:00:00.000
1700150400001,0.00047846,2023-11-16 16:00:00.001
1700179200000,0.00025081,2023-11-17 00:00:00.000
1700208000001,0.0001,2023-11-17 08:00:00.001
1700236800001,0.0001,2023-11-17 16:00:00.001
1700265600000,0.0001,2023-11-18 00:00:00.000
1700294400000,0.0001,2023-11-18 08:00:00.000
1700323200000,0.0001,2023-11-18 16:00:00.000
1700352000000,0.0001,2023-11-19 00:00:00.000
1700380800000,0.0001,2023-11-19 08:00:00.000
1700409600000,0.0001,2023-11-19 16:00:00.000
1700438400000,0.0001,2023-11-20 00:00:00.000
1700467200000,0.0001,2023-11-20 08:00:00.000
1700496000000,0.0001,2023-11-20 16:00:00.000
1700524800000,0.0001,2023-11-21 00:00:00.000
1700553600000,0.0001,2023-11-21 08:00:00.000
1700582400000,0.0001,2023-11-21 16:00:00.000
1700611200000,0.0001064,2023-11-22 00:00:00.000
1700640000000,0.0001,2023-11-22 08:00:00.000
1700668800000,0.0001,2023-11-22 16:00:00.000
1700697600000,0.0001,2023-11-23 00:00:00.000
1700726400000,-0.00022106,2023-11-23 08:00:00.000
1700755200001,0.0001,2023-11-23 16:00:00.001
1700784000000,0.0001,2023-11-24 00:00:00.000
1700812800000,0.0001,2023-11-24 08:00:00.000
1700841600000,0.00014344,2023-11-24 16:00:00.000
1700870400000,0.0001,2023-11-25 00:00:00.000
1700899200000,0.0001,2023-11-25 08:00:00.000
1700928000000,0.0001,2023-11-25 16:00:00.000
1700956800000,0.0001,2023-11-26 00:00:00.000
1700985600000,0.0001,2023-11-26 08:00:00.000
1701014400000,0.00020943,2023-11-26 16:00:00.000
1701043200000,0.0001,2023-11-27 00:00:00.000
1701072000001,0.0003312,2023-11-27 08:00:00.001
1701100800000,0.00033901,2023-11-27 16:00:00.000
1701129600000,0.00019542,2023-11-28 00:00:00.000
1701158400000,0.0001,2023-11-28 08:00:00.000
1701187200000,0.0001,2023-11-28 16:00:00.000
1701216000001,0.00011899,2023-11-29 00:00:00.001
1701244800000,-0.00010422,2023-11-29 08:00:00.000
1701273600000,0.0001,2023-11-29 16:00:00.000
1701302400000,0.0001,2023-11-30 00:00:00.000
1701331200000,0.0001,2023-11-30 08:00:00.000
1701360000000,0.0001,2023-11-30 16:00:00.000
1701388800000,0.0001,2023-12-01 00:00:00.000
1701417600000,0.0001,2023-12-01 08:00:00.000
1701446400000,0.0001,2023-12-01 16:00:00.000
1701475200000,0.0001,2023-12-02 00:00:00.000
1701504000000,0.0001,2023-12-02 08:00:00.000
1701532800000,0.0001,2023-12-02 16:00:00.000
1701561600000,0.00014396,2023-12-03 00:00:00.000
1701590400000,0.0003402,2023-12-03 08:00:00.000
1701619200000,0.00013857,2023-12-03 16:00:00.000
1701648000000,0.00021362,2023-12-04 00:00:00.000
1701676800000,0.00063573,2023-12-04 08:00:00.000
1701705600000,0.00013679,2023-12-04 16:00:00.000
1701734400000,0.00022227,2023-12-05 00:00:00.000
1701763200000,0.00041846,2023-12-05 08:00:00.000
1701792000000,0.00019082,2023-12-05 16:00:00.000
1701820800000,0.00044869,2023-12-06 00:00:00.000
1701849600000,0.00030056,2023-12-06 08:00:00.000
1701878400000,0.0001,2023-12-06 16:00:00.000
1701907200000,0.0001,2023-12-07 00:00:00.000
1701936000000,0.0001,2023-12-07 08:00:00.000
1701964800000,0.0001,2023-12-07 16:00:00.000
1701993600000,0.00027002,2023-12-08 00:00:00.000
1702022400000,0.00026608,2023-12-08 08:00:00.000
1702051200000,0.0003006,2023-12-08 16:00:00.000
1702080000000,0.00045484,2023-12-09 00:00:00.000
1702108800000,0.00063692,2023-12-09 08:00:00.000
1702137600000,0.00012267,2023-12-09 16:00:00.000
1702166400000,0.00034941,2023-12-10 00:00:00.000
1702195200000,0.00023666,2023-12-10 08:00:00.000
1702224000000,0.0001,2023-12-10 16:00:00.000
1702252800000,0.0001,2023-12-11 00:00:00.000
1702281600000,0.0001,2023-12-11 08:00:00.000
1702310400000,0.0001,2023-12-11 16:00:00.000
1702339200000,0.0001,2023-12-12 00:00:00.000
1702368000000,0.0001,2023-12-12 08:00:00.000
1702396800000,0.00028805,2023-12-12 16:00:00.000
1702425600000,0.00026948,2023-12-13 00:00:00.000
1702454400000,0.0002221,2023-12-13 08:00:00.000
1702483200001,0.00022745,2023-12-13 16:00:00.001
1702512000000,0.00020169,2023-12-14 00:00:00.000
1702540800000,0.00022378,2023-12-14 08:00:00.000
1702569600000,0.00032029,2023-12-14 16:00:00.000
1702598400000,0.00039929,2023-12-15 00:00:00.000
1702627200000,0.00044155,2023-12-15 08:00:00.000
1702656000000,0.00035891,2023-12-15 16:00:00.000
1702684800000,0.00011912,2023-12-16 00:00:00.000
1702713600000,0.00022504,2023-12-16 08:00:00.000
1702742400001,0.0001,2023-12-16 16:00:00.001
1702771200000,0.00041134,2023-12-17 00:00:00.000
1702800000000,0.00027915,2023-12-17 08:00:00.000
1702828800000,0.00031603,2023-12-17 16:00:00.000
1702857600000,0.00026369,2023-12-18 00:00:00.000
1702886400001,0.0001,2023-12-18 08:00:00.001
1702915200000,0.0001,2023-12-18 16:00:00.000
1702944000000,-0.00042982,2023-12-19 00:00:00.000
1702972800000,0.0001,2023-12-19 08:00:00.000
1703001600000,0.0001,2023-12-19 16:00:00.000
1703030400000,0.000367,2023-12-20 00:00:00.000
1703059200000,0.00054325,2023-12-20 08:00:00.000
1703088000000,0.00039954,2023-12-20 16:00:00.000
1703116800000,0.00046703,2023-12-21 00:00:00.000
1703145600000,0.00064631,2023-12-21 08:00:00.000
1703174400000,0.00075939,2023-12-21 16:00:00.000
1703203200000,0.00084677,2023-12-22 00:00:00.000
1703232000000,0.00073217,2023-12-22 08:00:00.000
1703260800000,0.00029904,2023-12-22 16:00:00.000
1703289600000,0.00028311,2023-12-23 00:00:00.000
1703318400001,0.00027946,2023-12-23 08:00:00.001
1703347200000,0.00024604,2023-12-23 16:00:00.000
1703376000000,0.00037935,2023-12-24 00:00:00.000
1703404800000,0.00025477,2023-12-24 08:00:00.000
1703433600000,0.00035354,2023-12-24 16:00:00.000
1703462400000,0.00044014,2023-12-25 00:00:00.000
1703491200000,0.00037826,2023-12-25 08:00:00.000
1703520000000,0.00071506,2023-12-25 16:00:00.000
1703548800000,0.00057284,2023-12-26 00:00:00.000
1703577600000,0.0004846,2023-12-26 08:00:00.000
1703606400000,0.00094946,2023-12-26 16:00:00.000
1703635200000,0.00054454,2023-12-27 00:00:00.000
1703664000000,0.00038897,2023-12-27 08:00:00.000
1703692800000,0.00066173,2023-12-27 16:00:00.000
1703721600000,0.00057461,2023-12-28 00:00:00.000
1703750400000,0.00030462,2023-12-28 08:00:00.000
1703779200000,0.00077928,2023-12-28 16:00:00.000
1703808000001,0.00052099,2023-12-29 00:00:00.001
1703836800000,0.00022926,2023-12-29 08:00:00.000
1703865600000,0.00096311,2023-12-29 16:00:00.000
1703894400001,0.00081419,2023-12-30 00:00:00.001
1703923200000,0.00034234,2023-12-30 08:00:00.000
1703952000000,0.0004567,2023-12-30 16:00:00.000
1703980800000,0.0001,2023-12-31 00:00:00.000
1704009600001,0.0003821,2023-12-31 08:00:00.001
1704038400000,0.00046807,2023-12-31 16:00:00.000
1704067200000,0.00046169,2024-01-01 00:00:00.000
1704096000000,0.00058886,2024-01-01 08:00:00.000
1704124800000,0.00063064,2024-01-01 16:00:00.000
1704153600000,0.00085949,2024-01-02 00:00:00.000
1704182400000,0.00056666,2024-01-02 08:00:00.000
1704211200000,0.000828,2024-01-02 16:00:00.000
1704240000000,0.00060395,2024-01-03 00:00:00.000
1704268800000,0.00029471,2024-01-03 08:00:00.000
1704297600000,0.0001,2024-01-03 16:00:00.000
1704326400000,0.0001,2024-01-04 00:00:00.000
1704355200000,0.0001,2024-01-04 08:00:00.000
1704384000000,0.0001,2024-01-04 16:00:00.000
1704412800001,0.0001,2024-01-05 00:00:00.001
1704441600000,0.0001,2024-01-05 08:00:00.000
1704470400000,0.0001,2024-01-05 16:00:00.000
1704499200000,0.0001,2024-01-06 00:00:00.000
1704528000000,0.0001,2024-01-06 08:00:00.000
1704556800000,0.0001,2024-01-06 16:00:00.000
1704585600000,0.0001,2024-01-07 00:00:00.000
1704614400001,0.0001,2024-01-07 08:00:00.001
1704643200001,0.0001,2024-01-07 16:00:00.001
1704672000000,0.0001,2024-01-08 00:00:00.000
1704700800000,0.0001,2024-01-08 08:00:00.000
1704729600000,0.0001,2024-01-08 16:00:00.000
1704758400001,0.0001,2024-01-09 00:00:00.001
1704787200000,0.0001,2024-01-09 08:00:00.000
1704816000000,0.0001,2024-01-09 16:00:00.000
1704844800000,0.0001,2024-01-10 00:00:00.000
1704873600000,0.0001,2024-01-10 08:00:00.000
1704902400000,0.0001,2024-01-10 16:00:00.000
1704931200000,0.0001,2024-01-11 00:00:00.000
1704960000000,0.0001,2024-01-11 08:00:00.000
1704988800000,0.0001,2024-01-11 16:00:00.000
1705017600001,0.0001,2024-01-12 00:00:00.001
1705046400000,0.0001,2024-01-12 08:00:00.000
1705075200000,0.0001,2024-01-12 16:00:00.000
1705104000000,0.0001,2024-01-13 00:00:00.000
1705132800000,0.0001,2024-01-13 08:00:00.000
1705161600001,0.0001,2024-01-13 16:00:00.001
1705190400000,0.0001,2024-01-14 00:00:00.000
1705219200000,0.0001,2024-01-14 08:00:00.000
1705248000001,0.0001,2024-01-14 16:00:00.001
1705276800000,0.0001,2024-01-15 00:00:00.000
1705305600000,0.0001,2024-01-15 08:00:00.000
1705334400000,0.0001,2024-01-15 16:00:00.000
1705363200000,0.0001,2024-01-16 00:00:00.000
1705392000000,0.00017768,2024-01-16 08:00:00.000
1705420800001,0.0001,2024-01-16 16:00:00.001
1705449600000,0.0001,2024-01-17 00:00:00.000
1705478400000,0.0001,2024-01-17 08:00:00.000
1705507200000,0.0001,2024-01-17 16:00:00.000
1705536000001,0.00024395,2024-01-18 00:00:00.001
1705564800000,0.0001,2024-01-18 08:00:00.000
1705593600000,0.0001,2024-01-18 16:00:00.000
1705622400000,0.0001,2024-01-19 00:00:00.000
1705651200000,0.0001,2024-01-19 08:00:00.000
1705680000002,0.0001,2024-01-19 16:00:00.002
1705708800000,1.97e-06,2024-01-20 00:00:00.000
1705737600003,0.0001,2024-01-20 08:00:00.003
1705766400000,0.0001,2024-01-20 16:00:00.000
1705795200000,0.0001,2024-01-21 00:00:00.000
1705824000000,0.0001,2024-01-21 08:00:00.000
1705852800000,0.0001,2024-01-21 16:00:00.000
1705881600000,0.0001,2024-01-22 00:00:00.000
1705910400000,-5.787e-05,2024-01-22 08:00:00.000
1705939200000,0.0001,2024-01-22 16:00:00.000
1705968000000,0.0001,2024-01-23 00:00:00.000
1705996800000,-9.179e-05,2024-01-23 08:00:00.000
1706025600000,-0.00030542,2024-01-23 16:00:00.000
1706054400000,-7.387e-05,2024-01-24 00:00:00.000
1706083200000,-0.00031748,2024-01-24 08:00:00.000
1706112000000,4.678e-05,2024-01-24 16:00:00.000
1706140800000,2.663e-05,2024-01-25 00:00:00.000
1706169600001,1.002e-05,2024-01-25 08:00:00.001
1706198400000,0.0001,2024-01-25 16:00:00.000
1706227200001,0.0001,2024-01-26 00:00:00.001
1706256000000,0.0001,2024-01-26 08:00:00.000
1706284800000,5.637e-05,2024-01-26 16:00:00.000
1706313600000,0.0001,2024-01-27 00:00:00.000
1706342400000,0.0001,2024-01-27 08:00:00.000
1706371200000,0.0001,2024-01-27 16:00:00.000
1706400000000,-2.368e-05,2024-01-28 00:00:00.000
1706428800000,0.0001,2024-01-28 08:00:00.000
1706457600000,6.493e-05,2024-01-28 16:00:00.000
1706486400000,-4.388e-05,2024-01-29 00:00:00.000
1706515200001,4.967e-05,2024-01-29 08:00:00.001
1706544000000,-0.00012924,2024-01-29 16:00:00.000
1706572800000,0.0001,2024-01-30 00:00:00.000
1706601600000,0.0001,2024-01-30 08:00:00.000
1706630400001,0.0001,2024-01-30 16:00:00.001
1706659200000,0.0001,2024-01-31 00:00:00.000
1706688000000,0.0001,2024-01-31 08:00:00.000
1706716800000,0.0001,2024-01-31 16:00:00.000
1706745600000,0.0001,2024-02-01 00:00:00.000
1706774400000,1.961e-05,2024-02-01 08:00:00.000
1706803200002,-6.82e-06,2024-02-01 16:00:00.002
1706832000000,-5.62e-06,2024-02-02 00:00:00.000
1706860800000,0.0001,2024-02-02 08:00:00.000
1706889600000,0.0001,2024-02-02 16:00:00.000
1706918400000,6.213e-05,2024-02-03 00:00:00.000
1706947200000,-8.136e-05,2024-02-03 08:00:00.000
1706976000001,2.501e-05,2024-02-03 16:00:00.001
1707004800000,0.0001,2024-02-04 00:00:00.000
1707033600004,0.0001,2024-02-04 08:00:00.004
1707062400000,0.0001,2024-02-04 16:00:00.000
1707091200000,0.0001,2024-02-05 00:00:00.000
1707120000000,0.0001,2024-02-05 08:00:00.000
1707148800000,0.0001,2024-02-05 16:00:00.000
1707177600000,0.0001,2024-02-06 00:00:00.000
1707206400001,4.419e-05,2024-02-06 08:00:00.001
1707235200000,2.59e-05,2024-02-06 16:00:00.000
1707264000000,5.21e-06,2024-02-07 00:00:00.000
1707292800000,8.717e-05,2024-02-07 08:00:00.000
1707321600000,0.0001,2024-02-07 16:00:00.000
1707350400000,0.0001,2024-02-08 00:00:00.000
1707379200000,0.0001,2024-02-08 08:00:00.000
1707408000000,0.0001,2024-02-08 16:00:00.000
1707436800000,0.0001,2024-02-09 00:00:00.000
1707465600000,0.0001,2024-02-09 08:00:00.000
1707494400001,0.0001,2024-02-09 16:00:00.001
1707523200001,0.0001,2024-02-10 00:00:00.001
1707552000000,0.0001,2024-02-10 08:00:00.000
1707580800000,0.0001,2024-02-10 16:00:00.000
1707609600000,0.0001,2024-02-11 00:00:00.000
1707638400001,0.0001,2024-02-11 08:00:00.001
1707667200000,0.0001,2024-02-11 16:00:00.000
1707696000000,0.0001,2024-02-12 00:00:00.000
1707724800000,0.0001,2024-02-12 08:00:00.000
1707753600000,0.0001,2024-02-12 16:00:00.000
1707782400000,0.00022845,2024-02-13 00:00:00.000
1707811200000,0.00023313,2024-02-13 08:00:00.000
1707840000000,0.00022485,2024-02-13 16:00:00.000
1707868800000,0.00014972,2024-02-14 00:00:00.000
1707897600000,0.00024324,2024-02-14 08:00:00.000
1707926400000,0.00050744,2024-02-14 16:00:00.000
1707955200000,0.00035945,2024-02-15 00:00:00.000
1707984000000,0.00032346,2024-02-15 08:00:00.000
1708012800000,0.00063149,2024-02-15 16:00:00.000
1708041600000,0.0005266,2024-02-16 00:00:00.000
1708070400000,0.00037856,2024-02-16 08:00:00.000
1708099200000,0.0003396,2024-02-16 16:00:00.000
1708128000000,0.0001,2024-02-17 00:00:00.000
1708156800000,0.00027863,2024-02-17 08:00:00.000
1708185600000,0.00033332,2024-02-17 16:00:00.000
1708214400000,0.00019858,2024-02-18 00:00:00.000
1708243200000,0.00031952,2024-02-18 08:00:00.000
1708272000000,0.00046547,2024-02-18 16:00:00.000
1708300800000,0.00036931,2024-02-19 00:00:00.000
1708329600000,0.0001,2024-02-19 08:00:00.000
1708358400000,0.0001,2024-02-19 16:00:00.000
1708387200000,0.00030092,2024-02-20 00:00:00.000
1708416000000,0.0001,2024-02-20 08:00:00.000
1708444800000,0.00032675,2024-02-20 16:00:00.000
1708473600000,0.00026558,2024-02-21 00:00:00.000
1708502400000,0.00015257,2024-02-21 08:00:00.000
1708531200000,0.0001,2024-02-21 16:00:00.000
1708560000001,0.0001,2024-02-22 00:00:00.001
1708588800001,0.0001189,2024-02-22 08:00:00.001
1708617600000,0.0001477,2024-02-22 16:00:00.000
1708646400000,0.00018622,2024-02-23 00:00:00.000
1708675200000,0.00015756,2024-02-23 08:00:00.000
1708704000000,0.00031592,2024-02-23 16:00:00.000
1708732800000,0.00029426,2024-02-24 00:00:00.000
1708761600001,0.00022444,2024-02-24 08:00:00.001
1708790400000,0.0001,2024-02-24 16:00:00.000
1708819200001,0.00011551,2024-02-25 00:00:00.001
1708848000000,0.00016571,2024-02-25 08:00:00.000
1708876800000,0.0001676,2024-02-25 16:00:00.000
1708905600000,0.00041182,2024-02-26 00:00:00.000
1708934400000,0.00065058,2024-02-26 08:00:00.000
1708963200000,0.00045618,2024-02-26 16:00:00.000
1708992000000,0.00066036,2024-02-27 00:00:00.000
1709020800000,0.0006093,2024-02-27 08:00:00.000
1709049600000,0.00037896,2024-02-27 16:00:00.000
1709078400000,0.00060361,2024-02-28 00:00:00.000
1709107200000,0.00053422,2024-02-28 08:00:00.000
1709136000000,0.00071167,2024-02-28 16:00:00.000
1709164800000,0.00047483,2024-02-29 00:00:00.000
1709193600000,0.0008909,2024-02-29 08:00:00.000
1709222400000,0.00107394,2024-02-29 16:00:00.000
1709251200000,0.00044997,2024-03-01 00:00:00.000
1709280000000,0.00061157,2024-03-01 08:00:00.000
1709308800000,0.00042266,2024-03-01 16:00:00.000
1709337600000,0.00083159,2024-03-02 00:00:00.000
1709366400001,0.00110965,2024-03-02 08:00:00.001
1709395200000,0.00082821,2024-03-02 16:00:00.000
1709424000000,0.00105722,2024-03-03 00:00:00.000
1709452800000,0.00073239,2024-03-03 08:00:00.000
1709481600000,0.00074963,2024-03-03 16:00:00.000
1709510400000,0.00072341,2024-03-04 00:00:00.000
1709539200000,0.00114537,2024-03-04 08:00:00.000
1709568000000,0.00085579,2024-03-04 16:00:00.000
1709596800000,0.00089198,2024-03-05 00:00:00.000
1709625600000,0.00174247,2024-03-05 08:00:00.000
1709654400000,0.00137836,2024-03-05 16:00:00.000
1709683200000,0.0001,2024-03-06 00:00:00.000
1709712000001,0.00021738,2024-03-06 08:00:00.001
1709740800000,0.00022147,2024-03-06 16:00:00.000
1709769600000,0.0001,2024-03-07 00:00:00.000
1709798400000,0.00040435,2024-03-07 08:00:00.000
1709827200000,0.00021011,2024-03-07 16:00:00.000
1709856000000,0.00036787,2024-03-08 00:00:00.000
1709884800000,0.00067566,2024-03-08 08:00:00.000
1709913600000,0.00067265,2024-03-08 16:00:00.000
1709942400000,0.00055684,2024-03-09 00:00:00.000
1709971200001,0.00071371,2024-03-09 08:00:00.001
1710000000000,0.00112456,2024-03-09 16:00:00.000
1710028800000,0.00099197,2024-03-10 00:00:00.000
1710057600000,0.00096007,2024-03-10 08:00:00.000
1710086400000,0.00065729,2024-03-10 16:00:00.000
1710115200000,0.00065926,2024-03-11 00:00:00.000
1710144000000,0.00065563,2024-03-11 08:00:00.000
1710172800000,0.00063299,2024-03-11 16:00:00.000
1710201600000,0.00065803,2024-03-12 00:00:00.000
1710230400000,0.00073734,2024-03-12 08:00:00.000
1710259200000,0.00054915,2024-03-12 16:00:00.000
1710288000000,0.00070212,2024-03-13 00:00:00.000
1710316800001,0.00075195,2024-03-13 08:00:00.001
1710345600000,0.00055922,2024-03-13 16:00:00.000
1710374400001,0.00058187,2024-03-14 00:00:00.001
1710403200000,0.00068438,2024-03-14 08:00:00.000
1710432000000,0.00061299,2024-03-14 16:00:00.000
1710460800000,0.00075814,2024-03-15 00:00:00.000
1710489600000,0.00080136,2024-03-15 08:00:00.000
1710518400000,0.00046259,2024-03-15 16:00:00.000
1710547200000,0.00040075,2024-03-16 00:00:00.000
1710576000000,0.00050336,2024-03-16 08:00:00.000
1710604800000,0.00048666,2024-03-16 16:00:00.000
1710633600000,0.0001,2024-03-17 00:00:00.000
1710662400000,0.00022869,2024-03-17 08:00:00.000
1710691200000,0.00016629,2024-03-17 16:00:00.000
1710720000000,0.0001,2024-03-18 00:00:00.000
1710748800000,0.00011056,2024-03-18 08:00:00.000
1710777600001,0.0001,2024-03-18 16:00:00.001
1710806400000,0.0001,2024-03-19 00:00:00.000
1710835200000,0.0001,2024-03-19 08:00:00.000
1710864000001,0.0001,2024-03-19 16:00:00.001
1710892800000,0.00012257,2024-03-20 00:00:00.000
1710921600004,0.0001,2024-03-20 08:00:00.004
1710950400000,0.0001,2024-03-20 16:00:00.000
1710979200000,0.0001,2024-03-21 00:00:00.000
1711008000000,0.00010314,2024-03-21 08:00:00.000
1711036800000,0.0001,2024-03-21 16:00:00.000
1711065600000,0.0001,2024-03-22 00:00:00.000
1711094400000,0.0001,2024-03-22 08:00:00.000
1711123200000,0.0001,2024-03-22 16:00:00.000
1711152000000,0.0001,2024-03-23 00:00:00.000
1711180800000,0.0001,2024-03-23 08:00:00.000
1711209600000,0.00011296,2024-03-23 16:00:00.000
1711238400000,0.0001,2024-03-24 00:00:00.000
1711267200000,0.000163,2024-03-24 08:00:00.000
1711296000000,0.00019978,2024-03-24 16:00:00.000
1711324800000,0.00019308,2024-03-25 00:00:00.000
1711353600001,0.00024471,2024-03-25 08:00:00.001
1711382400000,0.00017011,2024-03-25 16:00:00.000
1711411200000,0.00019112,2024-03-26 00:00:00.000
1711440000000,0.00032577,2024-03-26 08:00:00.000
1711468800000,0.0004853,2024-03-26 16:00:00.000
1711497600000,0.00037389,2024-03-27 00:00:00.000
1711526400001,0.00047844,2024-03-27 08:00:00.001
1711555200000,0.00036084,2024-03-27 16:00:00.000
1711584000000,0.000339,2024-03-28 00:00:00.000
1711612800000,0.00056517,2024-03-28 08:00:00.000
1711641600000,0.00045219,2024-03-28 16:00:00.000
1711670400000,0.00049345,2024-03-29 00:00:00.000
1711699200000,0.00052014,2024-03-29 08:00:00.000
1711728000000,0.00041215,2024-03-29 16:00:00.000
1711756800000,0.00040072,2024-03-30 00:00:00.000
1711785600000,0.00059022,2024-03-30 08:00:00.000
1711814400000,0.0005833,2024-03-30 16:00:00.000
1711843200000,0.00038306,2024-03-31 00:00:00.000
1711872000000,0.00067757,2024-03-31 08:00:00.000
1711900800001,0.00056843,2024-03-31 16:00:00.001
1711929600000,0.00058368,2024-04-01 00:00:00.000
1711958400000,0.00042602,2024-04-01 08:00:00.000
1711987200000,0.00022494,2024-04-01 16:00:00.000
1712016000007,0.00018178,2024-04-02 00:00:00.007
1712044800015,0.00014813,2024-04-02 08:00:00.015
1712073600000,0.00020881,2024-04-02 16:00:00.000
1712102400000,0.00019312,2024-04-03 00:00:00.000
1712131200000,0.00011921,2024-04-03 08:00:00.000
1712160000000,0.00015416,2024-04-03 16:00:00.000
1712188800000,0.0001,2024-04-04 00:00:00.000
1712217600000,0.00017309,2024-04-04 08:00:00.000
1712246400000,0.00015012,2024-04-04 16:00:00.000
1712275200000,0.0001,2024-04-05 00:00:00.000
1712304000000,0.0001,2024-04-05 08:00:00.000
1712332800000,0.0001,2024-04-05 16:00:00.000
1712361600000,0.0001,2024-04-06 00:00:00.000
1712390400000,0.00010903,2024-04-06 08:00:00.000
1712419200000,0.00016607,2024-04-06 16:00:00.000
1712448000000,0.00014264,2024-04-07 00:00:00.000
1712476800000,0.00016486,2024-04-07 08:00:00.000
1712505600000,0.00014975,2024-04-07 16:00:00.000
1712534400001,0.00022383,2024-04-08 00:00:00.001
1712563200000,0.00020806,2024-04-08 08:00:00.000
1712592000006,0.00022286,2024-04-08 16:00:00.006
1712620800000,0.00016139,2024-04-09 00:00:00.000
1712649600001,0.00010569,2024-04-09 08:00:00.001
1712678400001,0.00013392,2024-04-09 16:00:00.001
1712707200000,0.0001,2024-04-10 00:00:00.000
1712736000001,0.00014068,2024-04-10 08:00:00.001
1712764800000,0.00019869,2024-04-10 16:00:00.000
1712793600000,0.00019975,2024-04-11 00:00:00.000
1712822400000,0.00029432,2024-04-11 08:00:00.000
1712851200000,0.00029174,2024-04-11 16:00:00.000
1712880000000,0.00029897,2024-04-12 00:00:00.000
1712908800001,0.00018366,2024-04-12 08:00:00.001
1712937600000,0.00020027,2024-04-12 16:00:00.000
1712966400000,-0.00077233,2024-04-13 00:00:00.000
1712995200000,-5.392e-05,2024-04-13 08:00:00.000
1713024000001,2.715e-05,2024-04-13 16:00:00.001
1713052800000,-0.0013318,2024-04-14 00:00:00.000
1713081600000,-0.00048543,2024-04-14 08:00:00.000
1713110400000,-5.544e-05,2024-04-14 16:00:00.000
1713139200000,-0.00057355,2024-04-15 00:00:00.000
1713168000001,-0.00053698,2024-04-15 08:00:00.001
1713196800000,-0.00058878,2024-04-15 16:00:00.000
1713225600001,-4.737e-05,2024-04-16 00:00:00.001
1713254400000,-0.00029901,2024-04-16 08:00:00.000
1713283200000,-0.00037846,2024-04-16 16:00:00.000
1713312000000,-0.00020644,2024-04-17 00:00:00.000
1713340800000,-0.00045631,2024-04-17 08:00:00.000
1713369600000,-0.00021417,2024-04-17 16:00:00.000
1713398400000,-0.00011628,2024-04-18 00:00:00.000
1713427200000,-0.00022023,2024-04-18 08:00:00.000
1713456000000,-8.392e-05,2024-04-18 16:00:00.000
1713484800001,-5.061e-05,2024-04-19 00:00:00.001
1713513600000,5.73e-05,2024-04-19 08:00:00.000
1713542400000,-0.00016666,2024-04-19 16:00:00.000
1713571200000,-3.31e-06,2024-04-20 00:00:00.000
1713600000000,-0.0003791,2024-04-20 08:00:00.000
1713628800000,-0.00013246,2024-04-20 16:00:00.000
1713657600000,-0.00013887,2024-04-21 00:00:00.000
1713686400000,-0.00023205,2024-04-21 08:00:00.000
1713715200000,-0.00012455,2024-04-21 16:00:00.000
1713744000000,-0.00021022,2024-04-22 00:00:00.000
1713772800000,-0.00047767,2024-04-22 08:00:00.000
1713801600000,-0.00042642,2024-04-22 16:00:00.000
1713830400000,-0.00037042,2024-04-23 00:00:00.000
1713859200000,-0.00220451,2024-04-23 08:00:00.000
1713888000001,-0.00089545,2024-04-23 16:00:00.001
1713916800000,-0.00047967,2024-04-24 00:00:00.000
1713945600000,-0.00037464,2024-04-24 08:00:00.000
1713974400000,6.61e-06,2024-04-24 16:00:00.000
1714003200000,-0.00014482,2024-04-25 00:00:00.000
1714032000000,-1.067e-05,2024-04-25 08:00:00.000
1714060800010,-0.00017695,2024-04-25 16:00:00.010
1714089600001,-0.00017699,2024-04-26 00:00:00.001
1714118400000,-0.00026112,2024-04-26 08:00:00.000
1714147200000,-0.00011651,2024-04-26 16:00:00.000
1714176000000,-0.00039729,2024-04-27 00:00:00.000
1714204800001,-9.154e-05,2024-04-27 08:00:00.001
1714233600000,-3.486e-05,2024-04-27 16:00:00.000
1714262400000,-0.00014499,2024-04-28 00:00:00.000
1714291200000,2.106e-05,2024-04-28 08:00:00.000
1714320000000,-5.437e-05,2024-04-28 16:00:00.000
1714348800000,-1.14e-05,2024-04-29 00:00:00.000
1714377600000,-8.039e-05,2024-04-29 08:00:00.000
1714406400000,-6.187e-05,2024-04-29 16:00:00.000
1714435200000,3.344e-05,2024-04-30 00:00:00.000
1714464000000,-4.08e-05,2024-04-30 08:00:00.000
1714492800000,7.445e-05,2024-04-30 16:00:00.000
1714521600000,-0.00043617,2024-05-01 00:00:00.000
1714550400000,-7.104e-05,2024-05-01 08:00:00.000
1714579200000,-0.00021878,2024-05-01 16:00:00.000
1714608000000,-0.00012672,2024-05-02 00:00:00.000
1714636800000,-0.00019683,2024-05-02 08:00:00.000
1714665600002,-0.00018858,2024-05-02 16:00:00.002
1714694400000,-7.26e-06,2024-05-03 00:00:00.000
1714723200000,4.494e-05,2024-05-03 08:00:00.000
1714752000000,5.406e-05,2024-05-03 16:00:00.000
1714780800000,-1.173e-05,2024-05-04 00:00:00.000
1714809600000,-0.00014823,2024-05-04 08:00:00.000
1714838400000,-0.00011914,2024-05-04 16:00:00.000
1714867200000,-0.00014136,2024-05-05 00:00:00.000
1714896000000,-0.000384,2024-05-05 08:00:00.000
1714924800000,-6.479e-05,2024-05-05 16:00:00.000
1714953600000,-1.876e-05,2024-05-06 00:00:00.000
1714982400000,7.475e-05,2024-05-06 08:00:00.000
1715011200000,-4.479e-05,2024-05-06 16:00:00.000
1715040000000,0.0001,2024-05-07 00:00:00.000
1715068800000,0.0001,2024-05-07 08:00:00.000
1715097600000,-7.796e-05,2024-05-07 16:00:00.000
1715126400000,-9.681e-05,2024-05-08 00:00:00.000
1715155200000,-0.00015674,2024-05-08 08:00:00.000
1715184000000,3.717e-05,2024-05-08 16:00:00.000
1715212800000,3.052e-05,2024-05-09 00:00:00.000
1715241600000,9.12e-06,2024-05-09 08:00:00.000
1715270400000,-0.00012529,2024-05-09 16:00:00.000
1715299200000,7.244e-05,2024-05-10 00:00:00.000
1715328000000,0.0001,2024-05-10 08:00:00.000
1715356800000,0.0001,2024-05-10 16:00:00.000
1715385600000,-4.065e-05,2024-05-11 00:00:00.000
1715414400000,-2.213e-05,2024-05-11 08:00:00.000
1715443200000,-1.205e-05,2024-05-11 16:00:00.000
1715472000000,6.412e-05,2024-05-12 00:00:00.000
1715500800000,-8.432e-05,2024-05-12 08:00:00.000
1715529600000,0.0001,2024-05-12 16:00:00.000
1715558400001,-0.00027053,2024-05-13 00:00:00.001
1715587200001,-3.026e-05,2024-05-13 08:00:00.001
1715616000000,-0.00016031,2024-05-13 16:00:00.000
1715644800000,-0.00029812,2024-05-14 00:00:00.000
1715673600000,6.16e-06,2024-05-14 08:00:00.000
1715702400000,-0.00018047,2024-05-14 16:00:00.000
1715731200000,-0.00030055,2024-05-15 00:00:00.000
1715760000000,5.735e-05,2024-05-15 08:00:00.000
1715788800000,-0.00020093,2024-05-15 16:00:00.000
1715817600004,-0.00015167,2024-05-16 00:00:00.004
1715846400000,-0.00013236,2024-05-16 08:00:00.000
1715875200000,-0.00070112,2024-05-16 16:00:00.000
1715904000000,3.404e-05,2024-05-17 00:00:00.000
1715932800000,-0.00113181,2024-05-17 08:00:00.000
1715961600000,-0.00023625,2024-05-17 16:00:00.000
1715990400000,-5.561e-05,2024-05-18 00:00:00.000
1716019200000,-9.732e-05,2024-05-18 08:00:00.000
1716048000000,8.915e-05,2024-05-18 16:00:00.000
1716076800000,8.144e-05,2024-05-19 00:00:00.000
1716105600000,-6.348e-05,2024-05-19 08:00:00.000
1716134400000,0.0001,2024-05-19 16:00:00.000
1716163200000,-4.082e-05,2024-05-20 00:00:00.000
1716192000000,-7.295e-05,2024-05-20 08:00:00.000
1716220800003,-6.837e-05,2024-05-20 16:00:00.003
1716249600000,0.0001,2024-05-21 00:00:00.000
1716278400001,0.0001,2024-05-21 08:00:00.001
1716307200000,0.0001,2024-05-21 16:00:00.000
1716336000000,0.0001,2024-05-22 00:00:00.000
1716364800000,0.0001,2024-05-22 08:00:00.000
1716393600000,0.0001,2024-05-22 16:00:00.000
1716422400000,0.0001,2024-05-23 00:00:00.000
1716451200000,0.0001,2024-05-23 08:00:00.000
1716480000000,0.0001,2024-05-23 16:00:00.000
1716508800000,-9.258e-05,2024-05-24 00:00:00.000
1716537600000,-0.0001304,2024-05-24 08:00:00.000
1716566400000,-0.00012524,2024-05-24 16:00:00.000
1716595200000,0.0001,2024-05-25 00:00:00.000
1716624000000,0.0001,2024-05-25 08:00:00.000
1716652800000,0.0001,2024-05-25 16:00:00.000
1716681600000,0.0001,2024-05-26 00:00:00.000
1716710400000,-0.00032199,2024-05-26 08:00:00.000
1716739200000,5.918e-05,2024-05-26 16:00:00.000
1716768000000,0.0001,2024-05-27 00:00:00.000
1716796800000,0.0001,2024-05-27 08:00:00.000
1716825600000,0.0001,2024-05-27 16:00:00.000
1716854400000,0.0001,2024-05-28 00:00:00.000
1716883200000,0.0001,2024-05-28 08:00:00.000
1716912000000,0.0001,2024-05-28 16:00:00.000
1716940800001,0.0001,2024-05-29 00:00:00.001
1716969600000,0.0001,2024-05-29 08:00:00.000
1716998400000,0.0001,2024-05-29 16:00:00.000
1717027200000,0.0001,2024-05-30 00:00:00.000
1717056000000,0.0001,2024-05-30 08:00:00.000
1717084800000,0.0001,2024-05-30 16:00:00.000
1717113600000,0.0001,2024-05-31 00:00:00.000
1717142400000,0.0001,2024-05-31 08:00:00.000
1717171200000,0.0001,2024-05-31 16:00:00.000
1717200000000,0.0001,2024-06-01 00:00:00.000
1717228800000,0.0001,2024-06-01 08:00:00.000
1717257600001,0.0001,2024-06-01 16:00:00.001
1717286400000,0.0001,2024-06-02 00:00:00.000
1717315200000,0.0001,2024-06-02 08:00:00.000
1717344000000,0.0001,2024-06-02 16:00:00.000
1717372800000,0.0001,2024-06-03 00:00:00.000
1717401600000,0.0001,2024-06-03 08:00:00.000
1717430400000,0.0001,2024-06-03 16:00:00.000
1717459200000,0.0001,2024-06-04 00:00:00.000
1717488000000,0.0001,2024-06-04 08:00:00.000
1717516800000,0.0001,2024-06-04 16:00:00.000
1717545600000,0.0001,2024-06-05 00:00:00.000
1717574400000,0.0001,2024-06-05 08:00:00.000
1717603200000,0.0001,2024-06-05 16:00:00.000
1717632000000,0.0001,2024-06-06 00:00:00.000
1717660800008,0.0001,2024-06-06 08:00:00.008
1717689600000,0.00015751,2024-06-06 16:00:00.000
1717718400000,0.00011902,2024-06-07 00:00:00.000
1717747200000,0.00012926,2024-06-07 08:00:00.000
1717776000000,0.0001,2024-06-07 16:00:00.000
1717804800000,0.0001,2024-06-08 00:00:00.000
1717833600000,0.0001,2024-06-08 08:00:00.000
1717862400000,0.0001,2024-06-08 16:00:00.000
1717891200000,-0.00037969,2024-06-09 00:00:00.000
1717920000000,5.238e-05,2024-06-09 08:00:00.000
1717948800001,7.333e-05,2024-06-09 16:00:00.001
1717977600000,3.671e-05,2024-06-10 00:00:00.000
1718006400000,2.149e-05,2024-06-10 08:00:00.000
1718035200001,0.0001,2024-06-10 16:00:00.001
1718064000001,1.545e-05,2024-06-11 00:00:00.001
1718092800000,-4.724e-05,2024-06-11 08:00:00.000
1718121600000,3.507e-05,2024-06-11 16:00:00.000
1718150400000,8.75e-06,2024-06-12 00:00:00.000
1718179200000,-0.00011413,2024-06-12 08:00:00.000
1718208000000,2.964e-05,2024-06-12 16:00:00.000
1718236800000,3.899e-05,2024-06-13 00:00:00.000
1718265600001,0.0001,2024-06-13 08:00:00.001
1718294400000,-7.94e-06,2024-06-13 16:00:00.000
1718323200000,-6.494e-05,2024-06-14 00:00:00.000
1718352000000,-0.00031517,2024-06-14 08:00:00.000
1718380800000,-0.00020122,2024-06-14 16:00:00.000
1718409600000,-0.00018719,2024-06-15 00:00:00.000
1718438400000,-0.00011599,2024-06-15 08:00:00.000
1718467200000,-4.498e-05,2024-06-15 16:00:00.000
1718496000001,-0.00016931,2024-06-16 00:00:00.001
1718524800000,0.0001,2024-06-16 08:00:00.000
1718553600000,3.205e-05,2024-06-16 16:00:00.000
1718582400000,-2.266e-05,2024-06-17 00:00:00.000
1718611200000,0.0001,2024-06-17 08:00:00.000
1718640000000,-0.00018256,2024-06-17 16:00:00.000
1718668800000,-0.00015777,2024-06-18 00:00:00.000
1718697600000,-0.00023211,2024-06-18 08:00:00.000
1718726400000,-0.00013727,2024-06-18 16:00:00.000
1718755200001,-1.442e-05,2024-06-19 00:00:00.001
1718784000001,-0.0002083,2024-06-19 08:00:00.001
1718812800000,-5.582e-05,2024-06-19 16:00:00.000
1718841600000,-0.00041914,2024-06-20 00:00:00.000
1718870400000,-0.00046925,2024-06-20 08:00:00.000
1718899200000,-0.00060454,2024-06-20 16:00:00.000
1718928000000,-0.00019572,2024-06-21 00:00:00.000
1718956800000,-0.00030659,2024-06-21 08:00:00.000
1718985600000,2.091e-05,2024-06-21 16:00:00.000
1719014400000,2.126e-05,2024-06-22 00:00:00.000
1719043200000,-5.186e-05,2024-06-22 08:00:00.000
1719072000000,-3.675e-05,2024-06-22 16:00:00.000
1719100800000,-0.00028892,2024-06-23 00:00:00.000
1719129600000,-1.351e-05,2024-06-23 08:00:00.000
1719158400000,-0.00011845,2024-06-23 16:00:00.000
1719187200002,-5.839e-05,2024-06-24 00:00:00.002
1719216000000,-2.324e-05,2024-06-24 08:00:00.000
1719244800000,-2.318e-05,2024-06-24 16:00:00.000
1719273600000,-5.217e-05,2024-06-25 00:00:00.000
1719302400000,-0.00011262,2024-06-25 08:00:00.000
1719331200000,-1.476e-05,2024-06-25 16:00:00.000
1719360000002,2.571e-05,2024-06-26 00:00:00.002
1719388800000,5.435e-05,2024-06-26 08:00:00.000
1719417600000,5.424e-05,2024-06-26 16:00:00.000
1719446400000,3.551e-05,2024-06-27 00:00:00.000
1719475200001,5.909e-05,2024-06-27 08:00:00.001
1719504000000,-0.0001271,2024-06-27 16:00:00.000
1719532800000,-0.00024454,2024-06-28 00:00:00.000
1719561600000,6.295e-05,2024-06-28 08:00:00.000
1719590400000,2.396e-05,2024-06-28 16:00:00.000
1719619200001,-0.00013056,2024-06-29 00:00:00.001
1719648000000,-0.00013493,2024-06-29 08:00:00.000
1719676800000,-0.00015801,2024-06-29 16:00:00.000
1719705600000,-0.00033355,2024-06-30 00:00:00.000
1719734400000,-3.286e-05,2024-06-30 08:00:00.000
1719763200000,-0.00015509,2024-06-30 16:00:00.000
1719792000000,-7.702e-05,2024-07-01 00:00:00.000
1719820800000,-0.00016764,2024-07-01 08:00:00.000
1719849600001,-0.0001137,2024-07-01 16:00:00.001
1719878400000,-0.00019167,2024-07-02 00:00:00.000
1719907200000,-2.86e-05,2024-07-02 08:00:00.000
1719936000000,4.462e-05,2024-07-02 16:00:00.000
1719964800000,4.295e-05,2024-07-03 00:00:00.000
1719993600001,-4.532e-05,2024-07-03 08:00:00.001
1720022400000,-0.0001953,2024-07-03 16:00:00.000
1720051200000,-0.0003614,2024-07-04 00:00:00.000
1720080000000,-0.00033034,2024-07-04 08:00:00.000
1720108800000,-0.00037556,2024-07-04 16:00:00.000
1720137600000,-0.00101127,2024-07-05 00:00:00.000
1720166400000,-0.00070093,2024-07-05 08:00:00.000
1720195200000,-0.00062401,2024-07-05 16:00:00.000
1720224000000,-0.0005116,2024-07-06 00:00:00.000
1720252800000,-0.00058739,2024-07-06 08:00:00.000
1720281600000,-0.00033217,2024-07-06 16:00:00.000
1720310400001,-0.00052039,2024-07-07 00:00:00.001
1720339200000,-0.00079848,2024-07-07 08:00:00.000
1720368000000,-0.00041029,2024-07-07 16:00:00.000
1720396800000,-0.0003044,2024-07-08 00:00:00.000
1720425600000,-0.00086154,2024-07-08 08:00:00.000
1720454400000,-0.00018437,2024-07-08 16:00:00.000
1720483200000,5.124e-05,2024-07-09 00:00:00.000
1720512000001,-0.00047964,2024-07-09 08:00:00.001
1720540800000,-0.00064381,2024-07-09 16:00:00.000
1720569600000,1.477e-05,2024-07-10 00:00:00.000
1720598400000,-7.492e-05,2024-07-10 08:00:00.000
1720627200000,-3.477e-05,2024-07-10 16:00:00.000
1720656000002,0.0001,2024-07-11 00:00:00.002
1720684800002,6.54e-05,2024-07-11 08:00:00.002
1720713600004,-0.00012719,2024-07-11 16:00:00.004
1720742400000,0.0001,2024-07-12 00:00:00.000
1720771200000,2.346e-05,2024-07-12 08:00:00.000
1720800000000,6.673e-05,2024-07-12 16:00:00.000
1720828800000,-0.00010739,2024-07-13 00:00:00.000
1720857600000,7.796e-05,2024-07-13 08:00:00.000
1720886400000,-0.00026188,2024-07-13 16:00:00.000
1720915200000,-0.00019536,2024-07-14 00:00:00.000
1720944000000,-8.422e-05,2024-07-14 08:00:00.000
1720972800000,-7.213e-05,2024-07-14 16:00:00.000
1721001600000,-7.682e-05,2024-07-15 00:00:00.000
1721030400000,-5.711e-05,2024-07-15 08:00:00.000
1721059200000,-0.00011041,2024-07-15 16:00:00.000
1721088000000,0.0001,2024-07-16 00:00:00.000
1721116800000,3.974e-05,2024-07-16 08:00:00.000
1721145600000,-0.00014044,2024-07-16 16:00:00.000
1721174400000,9.034e-05,2024-07-17 00:00:00.000
1721203200001,4.438e-05,2024-07-17 08:00:00.001
1721232000000,4.293e-05,2024-07-17 16:00:00.000
1721260800000,-5.92e-06,2024-07-18 00:00:00.000
1721289600000,9.886e-05,2024-07-18 08:00:00.000
1721318400000,4.661e-05,2024-07-18 16:00:00.000
1721347200000,6.805e-05,2024-07-19 00:00:00.000
1721376000000,5.98e-06,2024-07-19 08:00:00.000
1721404800000,0.0001,2024-07-19 16:00:00.000
1721433600001,0.0001,2024-07-20 00:00:00.001
1721462400000,3.078e-05,2024-07-20 08:00:00.000
1721491200000,8.466e-05,2024-07-20 16:00:00.000
1721520000000,3.847e-05,2024-07-21 00:00:00.000
1721548800000,0.0001,2024-07-21 08:00:00.000
1721577600000,0.0001,2024-07-21 16:00:00.000
1721606400000,6.95e-06,2024-07-22 00:00:00.000
1721635200000,0.0001,2024-07-22 08:00:00.000
1721664000000,2.61e-06,2024-07-22 16:00:00.000
1721692800000,4.285e-05,2024-07-23 00:00:00.000
1721721600000,5.325e-05,2024-07-23 08:00:00.000
1721750400000,8.248e-05,2024-07-23 16:00:00.000
1721779200000,5.457e-05,2024-07-24 00:00:00.000
1721808000000,2.083e-05,2024-07-24 08:00:00.000
1721836800000,0.0001,2024-07-24 16:00:00.000
1721865600000,-0.0001873,2024-07-25 00:00:00.000
1721894400000,-2.244e-05,2024-07-25 08:00:00.000
1721923200000,4.51e-06,2024-07-25 16:00:00.000
1721952000000,-0.00011329,2024-07-26 00:00:00.000
1721980800000,-3.567e-05,2024-07-26 08:00:00.000
1722009600000,-9.941e-05,2024-07-26 16:00:00.000
1722038400000,8.632e-05,2024-07-27 00:00:00.000
1722067200000,0.0001,2024-07-27 08:00:00.000
1722096000000,-5.687e-05,2024-07-27 16:00:00.000
1722124800000,4.307e-05,2024-07-28 00:00:00.000
1722153600000,-8.513e-05,2024-07-28 08:00:00.000
1722182400001,0.0001,2024-07-28 16:00:00.001
1722211200001,-1.048e-05,2024-07-29 00:00:00.001
1722240000000,0.0001,2024-07-29 08:00:00.000
1722268800001,-0.00041123,2024-07-29 16:00:00.001
1722297600000,-0.00029559,2024-07-30 00:00:00.000
1722326400001,-1.786e-05,2024-07-30 08:00:00.001
1722355200000,-0.0001091,2024-07-30 16:00:00.000
1722384000000,-0.00041676,2024-07-31 00:00:00.000
1722412800000,3.812e-05,2024-07-31 08:00:00.000
1722441600000,-0.00014315,2024-07-31 16:00:00.000
1722470400000,-7.434e-05,2024-08-01 00:00:00.000
1722499200000,3.297e-05,2024-08-01 08:00:00.000
1722528000000,-0.00012128,2024-08-01 16:00:00.000
1722556800000,-4.632e-05,2024-08-02 00:00:00.000
1722585600001,-6.479e-05,2024-08-02 08:00:00.001
1722614400000,-0.00016052,2024-08-02 16:00:00.000
1722643200000,-0.00016268,2024-08-03 00:00:00.000
1722672000000,-0.00023591,2024-08-03 08:00:00.000
1722700800001,-0.00015369,2024-08-03 16:00:00.001
1722729600000,-4.059e-05,2024-08-04 00:00:00.000
1722758400000,-1.317e-05,2024-08-04 08:00:00.000
1722787200000,3.6e-05,2024-08-04 16:00:00.000
1722816000000,-7.484e-05,2024-08-05 00:00:00.000
1722844800000,-0.0003494,2024-08-05 08:00:00.000
1722873600000,-8.936e-05,2024-08-05 16:00:00.000
1722902400000,-0.00018405,2024-08-06 00:00:00.000
1722931200000,-0.00032534,2024-08-06 08:00:00.000
1722960000000,-0.00015825,2024-08-06 16:00:00.000
1722988800000,-0.00022488,2024-08-07 00:00:00.000
1723017600001,-0.00017031,2024-08-07 08:00:00.001
1723046400000,-0.00039071,2024-08-07 16:00:00.000
1723075200001,3.967e-05,2024-08-08 00:00:00.001
1723104000000,-5.455e-05,2024-08-08 08:00:00.000
1723132800000,3.025e-05,2024-08-08 16:00:00.000
1723161600000,-0.00023348,2024-08-09 00:00:00.000
1723190400000,9.811e-05,2024-08-09 08:00:00.000
1723219200000,9.635e-05,2024-08-09 16:00:00.000
1723248000000,6.37e-06,2024-08-10 00:00:00.000
1723276800000,-0.00023242,2024-08-10 08:00:00.000
1723305600000,-0.00041638,2024-08-10 16:00:00.000
1723334400000,-0.00021224,2024-08-11 00:00:00.000
1723363200000,-0.00019364,2024-08-11 08:00:00.000
1723392000001,-0.00046531,2024-08-11 16:00:00.001
1723420800000,-0.00050464,2024-08-12 00:00:00.000
1723449600000,-4.37e-05,2024-08-12 08:00:00.000
1723478400000,-0.00010447,2024-08-12 16:00:00.000
1723507200000,0.0001,2024-08-13 00:00:00.000
1723536000000,-8.046e-05,2024-08-13 08:00:00.000
1723564800000,-0.00025948,2024-08-13 16:00:00.000
1723593600000,-0.00030423,2024-08-14 00:00:00.000
1723622400000,-0.00045663,2024-08-14 08:00:00.000
1723651200000,-0.00076766,2024-08-14 16:00:00.000
1723680000000,-0.00033382,2024-08-15 00:00:00.000
1723708800000,-0.00011454,2024-08-15 08:00:00.000
1723737600000,-0.00017101,2024-08-15 16:00:00.000
1723766400000,8.363e-05,2024-08-16 00:00:00.000
1723795200000,-8.74e-06,2024-08-16 08:00:00.000
1723824000000,4.518e-05,2024-08-16 16:00:00.000
1723852800000,-2.867e-05,2024-08-17 00:00:00.000
1723881600000,-0.00016897,2024-08-17 08:00:00.000
1723910400000,-0.00010181,2024-08-17 16:00:00.000
1723939200000,-4.356e-05,2024-08-18 00:00:00.000
1723968000000,-6.367e-05,2024-08-18 08:00:00.000
1723996800000,-0.00015021,2024-08-18 16:00:00.000
1724025600000,1.343e-05,2024-08-19 00:00:00.000
1724054400000,-6.78e-05,2024-08-19 08:00:00.000
1724083200002,-0.00028366,2024-08-19 16:00:00.002
1724112000000,-0.00023556,2024-08-20 00:00:00.000
1724140800000,-4.524e-05,2024-08-20 08:00:00.000
1724169600001,-0.00017885,2024-08-20 16:00:00.001
1724198400001,-0.00012631,2024-08-21 00:00:00.001
1724227200000,-0.000127,2024-08-21 08:00:00.000
1724256000001,-0.00013724,2024-08-21 16:00:00.001
1724284800000,-6.857e-05,2024-08-22 00:00:00.000
1724313600000,-0.00021855,2024-08-22 08:00:00.000
1724342400008,-0.00017665,2024-08-22 16:00:00.008
1724371200000,5.94e-05,2024-08-23 00:00:00.000
1724400000000,-3.077e-05,2024-08-23 08:00:00.000
1724428800000,-5.498e-05,2024-08-23 16:00:00.000
1724457600000,-0.00018865,2024-08-24 00:00:00.000
1724486400005,-0.00037019,2024-08-24 08:00:00.005
1724515200000,3.426e-05,2024-08-24 16:00:00.000
1724544000000,0.0001,2024-08-25 00:00:00.000
1724572800000,2.954e-05,2024-08-25 08:00:00.000
1724601600000,-1.31e-05,2024-08-25 16:00:00.000
1724630400000,-0.0001938,2024-08-26 00:00:00.000
1724659200001,-0.00024136,2024-08-26 08:00:00.001
1724688000000,-0.00018135,2024-08-26 16:00:00.000
1724716800001,0.0001,2024-08-27 00:00:00.001
1724745600000,3.257e-05,2024-08-27 08:00:00.000
1724774400000,-1.182e-05,2024-08-27 16:00:00.000
1724803200000,-0.00031345,2024-08-28 00:00:00.000
1724832000000,-0.00025222,2024-08-28 08:00:00.000
1724860800001,8.88e-06,2024-08-28 16:00:00.001
1724889600000,-6.046e-05,2024-08-29 00:00:00.000
1724918400001,-3.507e-05,2024-08-29 08:00:00.001
1724947200000,-0.00015752,2024-08-29 16:00:00.000
1724976000000,-0.00029415,2024-08-30 00:00:00.000
1725004800000,-0.00020346,2024-08-30 08:00:00.000
1725033600000,-0.00039721,2024-08-30 16:00:00.000
1725062400000,-0.00042193,2024-08-31 00:00:00.000
1725091200000,-0.00031684,2024-08-31 08:00:00.000
1725120000000,-0.00039948,2024-08-31 16:00:00.000
1725148800000,-0.00045092,2024-09-01 00:00:00.000
1725177600001,3.686e-05,2024-09-01 08:00:00.001
1725206400000,-3.115e-05,2024-09-01 16:00:00.000
1725235200001,-9.898e-05,2024-09-02 00:00:00.001
1725264000001,-2.665e-05,2024-09-02 08:00:00.001
1725292800000,-0.00010306,2024-09-02 16:00:00.000
1725321600000,-0.0002751,2024-09-03 00:00:00.000
1725350400001,-0.00029664,2024-09-03 08:00:00.001
1725379200000,-0.00017176,2024-09-03 16:00:00.000
1725408000000,-0.00034438,2024-09-04 00:00:00.000
1725436800000,-6.393e-05,2024-09-04 08:00:00.000
1725465600000,8.55e-06,2024-09-04 16:00:00.000
1725494400000,-0.00010355,2024-09-05 00:00:00.000
1725523200000,2.955e-05,2024-09-05 08:00:00.000
1725552000005,-9e-05,2024-09-05 16:00:00.005
1725580800000,0.0001,2024-09-06 00:00:00.000
1725609600001,-4.295e-05,2024-09-06 08:00:00.001
1725638400000,-5.606e-05,2024-09-06 16:00:00.000
1725667200000,-5.692e-05,2024-09-07 00:00:00.000
1725696000000,4.143e-05,2024-09-07 08:00:00.000
1725724800000,-0.00010243,2024-09-07 16:00:00.000
1725753600000,-0.00019588,2024-09-08 00:00:00.000
1725782400000,1.3e-05,2024-09-08 08:00:00.000
1725811200000,-0.00011392,2024-09-08 16:00:00.000
1725840000000,-0.00011104,2024-09-09 00:00:00.000
1725868800000,-5.146e-05,2024-09-09 08:00:00.000
1725897600001,7.446e-05,2024-09-09 16:00:00.001
1725926400000,6.615e-05,2024-09-10 00:00:00.000
1725955200000,0.0001,2024-09-10 08:00:00.000
1725984000000,0.0001,2024-09-10 16:00:00.000
1726012800000,5.688e-05,2024-09-11 00:00:00.000
1726041600000,-0.00016155,2024-09-11 08:00:00.000
1726070400000,-0.00012576,2024-09-11 16:00:00.000
1726099200000,-0.00035305,2024-09-12 00:00:00.000
1726128000000,-9.435e-05,2024-09-12 08:00:00.000
1726156800000,-0.00013851,2024-09-12 16:00:00.000
1726185600000,-0.00018793,2024-09-13 00:00:00.000
1726214400001,-2.142e-05,2024-09-13 08:00:00.001
1726243200001,8.19e-06,2024-09-13 16:00:00.001
1726272000000,6.606e-05,2024-09-14 00:00:00.000
1726300800000,-9.272e-05,2024-09-14 08:00:00.000
1726329600001,-0.00020492,2024-09-14 16:00:00.001
1726358400000,-0.00041895,2024-09-15 00:00:00.000
1726387200000,-4.827e-05,2024-09-15 08:00:00.000
1726416000000,-0.00041276,2024-09-15 16:00:00.000
1726444800000,-0.00039005,2024-09-16 00:00:00.000
1726473600001,-0.00020771,2024-09-16 08:00:00.001
1726502400000,3.078e-05,2024-09-16 16:00:00.000
1726531200001,-0.00035565,2024-09-17 00:00:00.001
1726560000000,-0.00043249,2024-09-17 08:00:00.000
1726588800000,-0.00040433,2024-09-17 16:00:00.000
1726617600000,0.0001,2024-09-18 00:00:00.000
1726646400000,-0.00010879,2024-09-18 08:00:00.000
1726675200004,-6.267e-05,2024-09-18 16:00:00.004
1726704000000,-0.000192,2024-09-19 00:00:00.000
1726732800000,0.0001,2024-09-19 08:00:00.000
1726761600001,0.0001,2024-09-19 16:00:00.001
1726790400000,4.934e-05,2024-09-20 00:00:00.000
1726819200001,-7.082e-05,2024-09-20 08:00:00.001
1726848000000,0.0001,2024-09-20 16:00:00.000
1726876800001,0.0001,2024-09-21 00:00:00.001
1726905600000,0.0001,2024-09-21 08:00:00.000
1726934400000,1.736e-05,2024-09-21 16:00:00.000
1726963200000,9.35e-06,2024-09-22 00:00:00.000
1726992000000,0.0001,2024-09-22 08:00:00.000
1727020800000,0.0001,2024-09-22 16:00:00.000
1727049600000,-7.528e-05,2024-09-23 00:00:00.000
1727078400000,-6.777e-05,2024-09-23 08:00:00.000
1727107200000,2.534e-05,2024-09-23 16:00:00.000
1727136000000,-0.00021826,2024-09-24 00:00:00.000
1727164800000,-5.13e-05,2024-09-24 08:00:00.000
1727193600001,4.747e-05,2024-09-24 16:00:00.001
1727222400000,-0.00033863,2024-09-25 00:00:00.000
1727251200003,-5.032e-05,2024-09-25 08:00:00.003
1727280000000,0.0001,2024-09-25 16:00:00.000
1727308800005,-0.00012843,2024-09-26 00:00:00.005
1727337600000,9.92e-05,2024-09-26 08:00:00.000
1727366400000,0.0001,2024-09-26 16:00:00.000
1727395200000,0.0001,2024-09-27 00:00:00.000
1727424000000,0.0001,2024-09-27 08:00:00.000
1727452800000,0.0001,2024-09-27 16:00:00.000
1727481600000,0.0001,2024-09-28 00:00:00.000
1727510400001,0.0001,2024-09-28 08:00:00.001
1727539200000,0.0001,2024-09-28 16:00:00.000
1727568000001,0.0001,2024-09-29 00:00:00.001
1727596800000,7.821e-05,2024-09-29 08:00:00.000
1727625600000,7.161e-05,2024-09-29 16:00:00.000
1727654400000,0.0001,2024-09-30 00:00:00.000
1727683200001,0.0001,2024-09-30 08:00:00.001
1727712000000,0.0001,2024-09-30 16:00:00.000
1727740800000,4.534e-05,2024-10-01 00:00:00.000
1727769600000,0.0001,2024-10-01 08:00:00.000
1727798400001,-4.468e-05,2024-10-01 16:00:00.001
1727827200000,-0.00011981,2024-10-02 00:00:00.000
1727856000000,-8.668e-05,2024-10-02 08:00:00.000
1727884800000,0.0001,2024-10-02 16:00:00.000
1727913600000,9.295e-05,2024-10-03 00:00:00.000
1727942400000,-5.634e-05,2024-10-03 08:00:00.000
1727971200000,-0.00027661,2024-10-03 16:00:00.000
1728000000000,-0.00054871,2024-10-04 00:00:00.000
1728028800000,-0.00035993,2024-10-04 08:00:00.000
1728057600001,-0.00053754,2024-10-04 16:00:00.001
1728086400000,-0.00034459,2024-10-05 00:00:00.000
1728115200000,-0.0001379,2024-10-05 08:00:00.000
1728144000000,-0.00023054,2024-10-05 16:00:00.000
1728172800000,-7.341e-05,2024-10-06 00:00:00.000
1728201600001,-0.00019266,2024-10-06 08:00:00.001
1728230400000,-0.00014908,2024-10-06 16:00:00.000
1728259200000,-0.0002715,2024-10-07 00:00:00.000
1728288000000,-0.00042844,2024-10-07 08:00:00.000
1728316800001,-7.956e-05,2024-10-07 16:00:00.001
1728345600000,-4.253e-05,2024-10-08 00:00:00.000
1728374400000,9.42e-06,2024-10-08 08:00:00.000
1728403200000,4.908e-05,2024-10-08 16:00:00.000
1728432000000,-6.124e-05,2024-10-09 00:00:00.000
1728460800000,-0.00015047,2024-10-09 08:00:00.000
1728489600000,-0.00012715,2024-10-09 16:00:00.000
1728518400000,-0.00038436,2024-10-10 00:00:00.000
1728547200000,-0.00033735,2024-10-10 08:00:00.000
1728576000000,5.138e-05,2024-10-10 16:00:00.000
1728604800000,-6.42e-05,2024-10-11 00:00:00.000
1728633600000,-0.00017959,2024-10-11 08:00:00.000
1728662400001,-2.286e-05,2024-10-11 16:00:00.001
1728691200000,0.0001,2024-10-12 00:00:00.000
1728720000001,8.866e-05,2024-10-12 08:00:00.001
1728748800000,9.998e-05,2024-10-12 16:00:00.000
1728777600000,7.098e-05,2024-10-13 00:00:00.000
1728806400000,0.0001,2024-10-13 08:00:00.000
1728835200000,0.0001,2024-10-13 16:00:00.000
1728864000000,0.0001,2024-10-14 00:00:00.000
1728892800000,-2.63e-05,2024-10-14 08:00:00.000
1728921600000,5.154e-05,2024-10-14 16:00:00.000
1728950400000,5.732e-05,2024-10-15 00:00:00.000
1728979200000,0.0001,2024-10-15 08:00:00.000
1729008000000,0.0001,2024-10-15 16:00:00.000
1729036800000,0.0001,2024-10-16 00:00:00.000
1729065600001,0.0001,2024-10-16 08:00:00.001
1729094400000,0.0001,2024-10-16 16:00:00.000
1729123200000,0.0001,2024-10-17 00:00:00.000
1729152000000,0.0001,2024-10-17 08:00:00.000
1729180800001,0.0001,2024-10-17 16:00:00.001
1729209600010,0.0001,2024-10-18 00:00:00.010
1729238400001,0.0001,2024-10-18 08:00:00.001
1729267200000,0.0001,2024-10-18 16:00:00.000
1729296000000,0.0001,2024-10-19 00:00:00.000
1729324800000,0.0001,2024-10-19 08:00:00.000
1729353600000,0.0001,2024-10-19 16:00:00.000
1729382400000,0.0001,2024-10-20 00:00:00.000
1729411200000,0.0001,2024-10-20 08:00:00.000
1729440000000,0.0001,2024-10-20 16:00:00.000
1729468800000,0.0001,2024-10-21 00:00:00.000
1729497600000,0.0001,2024-10-21 08:00:00.000
1729526400000,0.0001,2024-10-21 16:00:00.000
1729555200000,0.0001,2024-10-22 00:00:00.000
1729584000000,0.0001,2024-10-22 08:00:00.000
1729612800000,0.0001,2024-10-22 16:00:00.000
1729641600000,0.0001,2024-10-23 00:00:00.000
1729670400000,0.0001,2024-10-23 08:00:00.000
1729699200000,0.0001,2024-10-23 16:00:00.000
1729728000000,0.0001,2024-10-24 00:00:00.000
1729756800000,0.0001,2024-10-24 08:00:00.000
1729785600000,0.0001,2024-10-24 16:00:00.000
1729814400000,0.0001,2024-10-25 00:00:00.000
1729843200000,6.353e-05,2024-10-25 08:00:00.000
1729872000000,9.547e-05,2024-10-25 16:00:00.000
1729900800000,1.232e-05,2024-10-26 00:00:00.000
1729929600001,1.748e-05,2024-10-26 08:00:00.001
1729958400000,5.584e-05,2024-10-26 16:00:00.000
1729987200000,0.0001,2024-10-27 00:00:00.000
1730016000000,0.0001,2024-10-27 08:00:00.000
1730044800000,0.0001,2024-10-27 16:00:00.000
1730073600000,0.0001,2024-10-28 00:00:00.000
1730102400001,0.0001,2024-10-28 08:00:00.001
1730131200000,0.0001,2024-10-28 16:00:00.000
1730160000000,0.0001,2024-10-29 00:00:00.000
1730188800000,0.0001,2024-10-29 08:00:00.000
1730217600004,0.0001,2024-10-29 16:00:00.004
1730246400000,0.0001,2024-10-30 00:00:00.000
1730275200000,0.0001,2024-10-30 08:00:00.000
1730304000013,0.0001,2024-10-30 16:00:00.013
1730332800000,0.0001,2024-10-31 00:00:00.000
1730361600000,0.0001,2024-10-31 08:00:00.000
1730390400000,0.0001,2024-10-31 16:00:00.000
1730419200000,0.0001,2024-11-01 00:00:00.000
1730448000000,0.0001,2024-11-01 08:00:00.000
1730476800000,0.0001,2024-11-01 16:00:00.000
1730505600000,0.0001,2024-11-02 00:00:00.000
1730534400000,0.0001,2024-11-02 08:00:00.000
1730563200000,0.0001,2024-11-02 16:00:00.000
1730592000000,0.0001,2024-11-03 00:00:00.000
1730620800000,0.0001,2024-11-03 08:00:00.000
1730649600000,0.0001,2024-11-03 16:00:00.000
1730678400000,5.192e-05,2024-11-04 00:00:00.000
1730707200000,4.136e-05,2024-11-04 08:00:00.000
1730736000000,9.596e-05,2024-11-04 16:00:00.000
1730764800000,0.0001,2024-11-05 00:00:00.000
1730793600003,0.0001,2024-11-05 08:00:00.003
1730822400001,0.0001,2024-11-05 16:00:00.001
1730851200000,0.0001,2024-11-06 00:00:00.000
1730880000000,0.0001,2024-11-06 08:00:00.000
1730908800000,0.0001,2024-11-06 16:00:00.000
1730937600000,0.0001,2024-11-07 00:00:00.000
1730966400000,0.00015764,2024-11-07 08:00:00.000
1730995200000,0.0001,2024-11-07 16:00:00.000
1731024000000,0.0001,2024-11-08 00:00:00.000
1731052800000,0.0001,2024-11-08 08:00:00.000
1731081600000,0.0001,2024-11-08 16:00:00.000
1731110400000,0.0001,2024-11-09 00:00:00.000
1731139200000,0.0001,2024-11-09 08:00:00.000
1731168000000,0.0001,2024-11-09 16:00:00.000
1731196800000,0.0001,2024-11-10 00:00:00.000
1731225600000,0.00024876,2024-11-10 08:00:00.000
1731254400000,0.00029085,2024-11-10 16:00:00.000
1731283200001,0.00030884,2024-11-11 00:00:00.001
1731312000000,0.00025897,2024-11-11 08:00:00.000
1731340800000,0.00017388,2024-11-11 16:00:00.000
1731369600002,0.00013733,2024-11-12 00:00:00.002
1731398400000,0.0004935,2024-11-12 08:00:00.000
1731427200000,0.00031368,2024-11-12 16:00:00.000
1731456000000,0.00025331,2024-11-13 00:00:00.000
1731484800010,0.00013216,2024-11-13 08:00:00.010
1731513600000,0.00024793,2024-11-13 16:00:00.000
1731542400001,0.00024227,2024-11-14 00:00:00.001
1731571200000,0.00027287,2024-11-14 08:00:00.000
1731600000000,0.0001,2024-11-14 16:00:00.000
1731628800000,0.0001,2024-11-15 00:00:00.000
1731657600000,0.0001,2024-11-15 08:00:00.000
1731686400000,0.0001,2024-11-15 16:00:00.000
1731715200001,0.0001,2024-11-16 00:00:00.001
1731744000001,0.00010781,2024-11-16 08:00:00.001
1731772800000,0.00023306,2024-11-16 16:00:00.000
1731801600000,0.0001,2024-11-17 00:00:00.000
1731830400000,0.00038567,2024-11-17 08:00:00.000
1731859200001,0.00033281,2024-11-17 16:00:00.001
1731888000000,0.00022566,2024-11-18 00:00:00.000
1731916800000,0.00030407,2024-11-18 08:00:00.000
1731945600000,0.00031646,2024-11-18 16:00:00.000
1731974400000,0.00028017,2024-11-19 00:00:00.000
1732003200000,0.00032553,2024-11-19 08:00:00.000
1732032000000,0.00027369,2024-11-19 16:00:00.000
1732060800003,0.00011073,2024-11-20 00:00:00.003
1732089600000,0.0001,2024-11-20 08:00:00.000
1732118400000,0.00014576,2024-11-20 16:00:00.000
1732147200001,0.0001,2024-11-21 00:00:00.001
1732176000000,0.0001,2024-11-21 08:00:00.000
1732204800001,0.0001,2024-11-21 16:00:00.001
1732233600000,0.0001,2024-11-22 00:00:00.000
1732262400000,0.0001,2024-11-22 08:00:00.000
1732291200001,0.00022177,2024-11-22 16:00:00.001
1732320000000,0.00031425,2024-11-23 00:00:00.000
1732348800000,0.00044105,2024-11-23 08:00:00.000
1732377600000,0.0004517,2024-11-23 16:00:00.000
1732406400001,0.0002761,2024-11-24 00:00:00.001
1732435200000,0.00033773,2024-11-24 08:00:00.000
1732464000000,0.0001,2024-11-24 16:00:00.000
1732492800000,0.00017794,2024-11-25 00:00:00.000
1732521600000,0.0001,2024-11-25 08:00:00.000
1732550400000,0.00018904,2024-11-25 16:00:00.000
1732579200000,0.00014612,2024-11-26 00:00:00.000
1732608000000,0.00032316,2024-11-26 08:00:00.000
1732636800000,0.0001,2024-11-26 16:00:00.000
1732665600000,0.00010656,2024-11-27 00:00:00.000
1732694400000,0.00015931,2024-11-27 08:00:00.000
1732723200001,0.00018279,2024-11-27 16:00:00.001
1732752000000,0.00013971,2024-11-28 00:00:00.000
1732780800000,0.00026941,2024-11-28 08:00:00.000
1732809600000,0.00015026,2024-11-28 16:00:00.000
1732838400000,0.0001949,2024-11-29 00:00:00.000
1732867200000,0.0002466,2024-11-29 08:00:00.000
1732896000000,0.00032682,2024-11-29 16:00:00.000
1732924800000,0.0003266,2024-11-30 00:00:00.000
1732953600000,0.00022733,2024-11-30 08:00:00.000
1732982400000,0.00031493,2024-11-30 16:00:00.000
1733011200000,0.00034484,2024-12-01 00:00:00.000
1733040000000,0.0001,2024-12-01 08:00:00.000
1733068800000,0.00021451,2024-12-01 16:00:00.000
1733097600001,0.0002764,2024-12-02 00:00:00.001
1733126400001,0.00012829,2024-12-02 08:00:00.001
1733155200000,0.0002144,2024-12-02 16:00:00.000
1733184000000,0.00030369,2024-12-03 00:00:00.000
1733212800000,0.00053433,2024-12-03 08:00:00.000
1733241600000,0.00038545,2024-12-03 16:00:00.000
1733270400000,0.00045318,2024-12-04 00:00:00.000
1733299200000,0.00053618,2024-12-04 08:00:00.000
1733328000000,0.00049603,2024-12-04 16:00:00.000
1733356800001,0.00028631,2024-12-05 00:00:00.001
1733385600000,0.00071007,2024-12-05 08:00:00.000
1733414400000,0.00045976,2024-12-05 16:00:00.000
1733443200000,0.00041898,2024-12-06 00:00:00.000
1733472000000,0.00014024,2024-12-06 08:00:00.000
1733500800000,0.0001,2024-12-06 16:00:00.000
1733529600000,0.00042937,2024-12-07 00:00:00.000
1733558400000,0.00055061,2024-12-07 08:00:00.000
1733587200000,0.00047497,2024-12-07 16:00:00.000
1733616000000,0.00046531,2024-12-08 00:00:00.000
1733644800000,0.00026863,2024-12-08 08:00:00.000
1733673600000,0.00030408,2024-12-08 16:00:00.000
1733702400000,0.00027884,2024-12-09 00:00:00.000
1733731200000,0.0001,2024-12-09 08:00:00.000
1733760000001,0.0001,2024-12-09 16:00:00.001
1733788800007,0.0001,2024-12-10 00:00:00.007
1733817600000,0.0001,2024-12-10 08:00:00.000
1733846400000,3.311e-05,2024-12-10 16:00:00.000
1733875200000,8.967e-05,2024-12-11 00:00:00.000
1733904000000,4.513e-05,2024-12-11 08:00:00.000
1733932800001,0.0001,2024-12-11 16:00:00.001
1733961600001,0.0001,2024-12-12 00:00:00.001
1733990400000,0.0001,2024-12-12 08:00:00.000
1734019200001,0.0001,2024-12-12 16:00:00.001
1734048000000,0.0001,2024-12-13 00:00:00.000
1734076800000,0.0001,2024-12-13 08:00:00.000
1734105600001,0.0001,2024-12-13 16:00:00.001
1734134400000,2.401e-05,2024-12-14 00:00:00.000
1734163200000,-6.94e-05,2024-12-14 08:00:00.000
1734192000000,8.755e-05,2024-12-14 16:00:00.000
1734220800000,-1.873e-05,2024-12-15 00:00:00.000
1734249600000,2.598e-05,2024-12-15 08:00:00.000
1734278400000,0.0001,2024-12-15 16:00:00.000
1734307200000,0.0001,2024-12-16 00:00:00.000
1734336000001,0.0001,2024-12-16 08:00:00.001
1734364800000,0.0001,2024-12-16 16:00:00.000
1734393600000,0.0001,2024-12-17 00:00:00.000
1734422400000,0.0001,2024-12-17 08:00:00.000
1734451200000,0.0001,2024-12-17 16:00:00.000
1734480000000,0.0001,2024-12-18 00:00:00.000
1734508800000,0.0001,2024-12-18 08:00:00.000
1734537600000,0.0001,2024-12-18 16:00:00.000
1734566400000,5.615e-05,2024-12-19 00:00:00.000
1734595200000,-7.006e-05,2024-12-19 08:00:00.000
1734624000000,3.734e-05,2024-12-19 16:00:00.000
1734652800000,-8.213e-05,2024-12-20 00:00:00.000
1734681600001,-7.101e-05,2024-12-20 08:00:00.001
1734710400014,-0.00021522,2024-12-20 16:00:00.014
1734739200000,5.165e-05,2024-12-21 00:00:00.000
1734768000000,0.0001,2024-12-21 08:00:00.000
1734796800001,3.62e-06,2024-12-21 16:00:00.001
1734825600000,-0.00010728,2024-12-22 00:00:00.000
1734854400000,8.42e-06,2024-12-22 08:00:00.000
1734883200000,-0.00025642,2024-12-22 16:00:00.000
1734912000000,-0.00012115,2024-12-23 00:00:00.000
1734940800000,1.9e-05,2024-12-23 08:00:00.000
1734969600001,-9.429e-05,2024-12-23 16:00:00.001
1734998400000,0.0001,2024-12-24 00:00:00.000
1735027200000,0.0001,2024-12-24 08:00:00.000
1735056000001,-1.814e-05,2024-12-24 16:00:00.001
1735084800001,-5.73e-05,2024-12-25 00:00:00.001
1735113600000,0.0001,2024-12-25 08:00:00.000
1735142400000,-2.08e-06,2024-12-25 16:00:00.000
1735171200000,-7.252e-05,2024-12-26 00:00:00.000
1735200000000,0.0001,2024-12-26 08:00:00.000
1735228800000,8.788e-05,2024-12-26 16:00:00.000
1735257600000,2.274e-05,2024-12-27 00:00:00.000
1735286400000,-2.569e-05,2024-12-27 08:00:00.000
1735315200000,-2.346e-05,2024-12-27 16:00:00.000
1735344000001,-5.734e-05,2024-12-28 00:00:00.001
1735372800000,7.856e-05,2024-12-28 08:00:00.000
1735401600000,7.127e-05,2024-12-28 16:00:00.000
1735430400000,9.558e-05,2024-12-29 00:00:00.000
1735459200000,0.0001,2024-12-29 08:00:00.000
1735488000000,0.0001,2024-12-29 16:00:00.000
1735516800000,-0.0001417,2024-12-30 00:00:00.000
1735545600001,9.279e-05,2024-12-30 08:00:00.001
1735574400000,7.28e-05,2024-12-30 16:00:00.000
1735603200000,0.0001,2024-12-31 00:00:00.000
1735632000000,7.222e-05,2024-12-31 08:00:00.000
1735660800000,0.0001,2024-12-31 16:00:00.000
1735689600015,0.0001,2025-01-01 00:00:00.015
1735718400000,3.754e-05,2025-01-01 08:00:00.000
1735747200001,0.0001,2025-01-01 16:00:00.001
1735776000000,0.0001,2025-01-02 00:00:00.000
1735804800006,0.0001,2025-01-02 08:00:00.006
1735833600000,0.0001,2025-01-02 16:00:00.000
1735862400000,0.0001,2025-01-03 00:00:00.000
1735891200000,0.0001,2025-01-03 08:00:00.000
1735920000000,0.0001,2025-01-03 16:00:00.000
1735948800000,0.0001,2025-01-04 00:00:00.000
1735977600000,0.0001,2025-01-04 08:00:00.000
1736006400000,-0.00026218,2025-01-04 16:00:00.000
1736035200000,-7.299e-05,2025-01-05 00:00:00.000
1736064000000,2.826e-05,2025-01-05 08:00:00.000
1736092800000,-0.00031751,2025-01-05 16:00:00.000
1736121600000,-0.00012734,2025-01-06 00:00:00.000
1736150400001,-4.3e-06,2025-01-06 08:00:00.001
1736179200000,0.0001,2025-01-06 16:00:00.000
1736208000000,6.561e-05,2025-01-07 00:00:00.000
1736236800000,-4.432e-05,2025-01-07 08:00:00.000
1736265600008,-0.00027463,2025-01-07 16:00:00.008
1736294400001,-0.00031331,2025-01-08 00:00:00.001
1736323200000,-9.767e-05,2025-01-08 08:00:00.000
1736352000000,-9.847e-05,2025-01-08 16:00:00.000
1736380800000,-0.00030192,2025-01-09 00:00:00.000
1736409600000,-4.47e-05,2025-01-09 08:00:00.000
1736438400000,-7.905e-05,2025-01-09 16:00:00.000
1736467200000,4.718e-05,2025-01-10 00:00:00.000
1736496000000,1.205e-05,2025-01-10 08:00:00.000
1736524800000,-4.661e-05,2025-01-10 16:00:00.000
1736553600000,-4.55e-05,2025-01-11 00:00:00.000
1736582400000,-0.00010008,2025-01-11 08:00:00.000
1736611200000,-0.00018922,2025-01-11 16:00:00.000
1736640000000,-0.00013653,2025-01-12 00:00:00.000
1736668800000,-0.00026267,2025-01-12 08:00:00.000
1736697600000,5.856e-05,2025-01-12 16:00:00.000
1736726400000,-0.00015264,2025-01-13 00:00:00.000
1736755200000,-0.00052022,2025-01-13 08:00:00.000
1736784000000,-8.601e-05,2025-01-13 16:00:00.000
1736812800000,0.0001,2025-01-14 00:00:00.000
1736841600000,0.0001,2025-01-14 08:00:00.000
1736870400000,1.39e-05,2025-01-14 16:00:00.000
1736899200000,6.13e-05,2025-01-15 00:00:00.000
1736928000000,-8.281e-05,2025-01-15 08:00:00.000
1736956800000,4.978e-05,2025-01-15 16:00:00.000
1736985600000,0.0001,2025-01-16 00:00:00.000
1737014400000,4.535e-05,2025-01-16 08:00:00.000
1737043200000,-1.238e-05,2025-01-16 16:00:00.000
1737072000004,-0.0001444,2025-01-17 00:00:00.004
1737100800000,0.0001,2025-01-17 08:00:00.000
1737129600008,0.0001,2025-01-17 16:00:00.008
1737158400000,0.0001,2025-01-18 00:00:00.000
1737187200007,8.882e-05,2025-01-18 08:00:00.007
1737216000000,8.547e-05,2025-01-18 16:00:00.000
1737244800000,-0.00017619,2025-01-19 00:00:00.000
1737273600000,0.0001,2025-01-19 08:00:00.000
1737302400000,2.797e-05,2025-01-19 16:00:00.000
1737331200000,0.0001,2025-01-20 00:00:00.000
1737360000009,-6.766e-05,2025-01-20 08:00:00.009
1737388800000,0.0001,2025-01-20 16:00:00.000
1737417600000,0.0001,2025-01-21 00:00:00.000
1737446400000,7.622e-05,2025-01-21 08:00:00.000
1737475200000,0.0001,2025-01-21 16:00:00.000
1737504000000,0.0001,2025-01-22 00:00:00.000
1737532800000,0.0001,2025-01-22 08:00:00.000
1737561600000,0.0001,2025-01-22 16:00:00.000
1737590400001,0.0001,2025-01-23 00:00:00.001
1737619200000,0.0001,2025-01-23 08:00:00.000
1737648000000,0.0001,2025-01-23 16:00:00.000
1737676800000,0.0001,2025-01-24 00:00:00.000
1737705600000,7.086e-05,2025-01-24 08:00:00.000
1737734400000,0.0001,2025-01-24 16:00:00.000
1737763200000,-5.652e-05,2025-01-25 00:00:00.000
1737792000000,0.0001,2025-01-25 08:00:00.000
1737820800001,0.0001,2025-01-25 16:00:00.001
1737849600000,0.0001,2025-01-26 00:00:00.000
1737878400000,0.0001,2025-01-26 08:00:00.000
1737907200000,0.0001,2025-01-26 16:00:00.000
1737936000000,0.0001,2025-01-27 00:00:00.000
1737964800000,-3.453e-05,2025-01-27 08:00:00.000
1737993600000,-0.00013046,2025-01-27 16:00:00.000
1738022400000,7.739e-05,2025-01-28 00:00:00.000
1738051200000,5.555e-05,2025-01-28 08:00:00.000
1738080000000,-0.00023023,2025-01-28 16:00:00.000
1738108800000,-0.00028451,2025-01-29 00:00:00.000
1738137600000,3.045e-05,2025-01-29 08:00:00.000
1738166400000,-0.00013759,2025-01-29 16:00:00.000
1738195200000,8.308e-05,2025-01-30 00:00:00.000
1738224000000,0.0001,2025-01-30 08:00:00.000
1738252800000,0.0001,2025-01-30 16:00:00.000
1738281600000,0.0001,2025-01-31 00:00:00.000
1738310400000,0.0001,2025-01-31 08:00:00.000
1738339200000,0.0001,2025-01-31 16:00:00.000
1738368000000,0.0001,2025-02-01 00:00:00.000
1738396800000,0.0001,2025-02-01 08:00:00.000
1738425600000,-3.748e-05,2025-02-01 16:00:00.000
1738454400001,-0.000121,2025-02-02 00:00:00.001
1738483200000,-0.00018756,2025-02-02 08:00:00.000
1738512000000,-0.0001112,2025-02-02 16:00:00.000
1738540800000,-0.00034111,2025-02-03 00:00:00.000
1738569600000,-0.00059249,2025-02-03 08:00:00.000
1738598400000,-0.00027862,2025-02-03 16:00:00.000
1738627200000,-0.00010427,2025-02-04 00:00:00.000
1738656000001,-0.00047831,2025-02-04 08:00:00.001
1738684800000,-0.00012164,2025-02-04 16:00:00.000
1738713600001,-0.00020393,2025-02-05 00:00:00.001
1738742400001,-5.389e-05,2025-02-05 08:00:00.001
1738771200000,-5.052e-05,2025-02-05 16:00:00.000
1738800000001,-0.00021654,2025-02-06 00:00:00.001
1738828800001,-0.00035854,2025-02-06 08:00:00.001
1738857600000,-0.00041466,2025-02-06 16:00:00.000
1738886400000,-0.00026744,2025-02-07 00:00:00.000
1738915200000,-0.00035034,2025-02-07 08:00:00.000
1738944000000,-0.00010868,2025-02-07 16:00:00.000
1738972800000,-0.00037185,2025-02-08 00:00:00.000
1739001600000,-0.00015837,2025-02-08 08:00:00.000
1739030400000,-2.413e-05,2025-02-08 16:00:00.000
1739059200000,7.872e-05,2025-02-09 00:00:00.000
1739088000000,-9.647e-05,2025-02-09 08:00:00.000
1739116800000,-0.00018592,2025-02-09 16:00:00.000
1739145600000,-0.00022498,2025-02-10 00:00:00.000
1739174400000,-7.855e-05,2025-02-10 08:00:00.000
1739203200000,-0.00012171,2025-02-10 16:00:00.000
1739232000000,-1.781e-05,2025-02-11 00:00:00.000
1739260800000,-3.08e-06,2025-02-11 08:00:00.000
1739289600000,-0.0004021,2025-02-11 16:00:00.000
1739318400000,-0.00043063,2025-02-12 00:00:00.000
1739347200000,-0.00024114,2025-02-12 08:00:00.000
1739376000001,-0.0001575,2025-02-12 16:00:00.001
1739404800001,0.0001,2025-02-13 00:00:00.001
1739433600000,-6.222e-05,2025-02-13 08:00:00.000
1739462400001,-0.00011435,2025-02-13 16:00:00.001
1739491200000,-1.15e-06,2025-02-14 00:00:00.000
1739520000001,2.634e-05,2025-02-14 08:00:00.001
1739548800000,3.7e-07,2025-02-14 16:00:00.000
1739577600000,-2.49e-05,2025-02-15 00:00:00.000
1739606400000,-3.168e-05,2025-02-15 08:00:00.000
1739635200000,-0.0004285,2025-02-15 16:00:00.000
1739664000000,-0.00032662,2025-02-16 00:00:00.000
1739692800000,-0.00027708,2025-02-16 08:00:00.000
1739721600000,-0.00020539,2025-02-16 16:00:00.000
1739750400000,-0.00036579,2025-02-17 00:00:00.000
1739779200000,-0.0001548,2025-02-17 08:00:00.000
1739808000000,0.0001,2025-02-17 16:00:00.000
1739836800000,-8.205e-05,2025-02-18 00:00:00.000
1739865600000,-0.0006959,2025-02-18 08:00:00.000
1739894400000,-0.00031228,2025-02-18 16:00:00.000
1739923200000,7.065e-05,2025-02-19 00:00:00.000
1739952000000,4.49e-06,2025-02-19 08:00:00.000
1739980800000,-2.728e-05,2025-02-19 16:00:00.000
1740009600000,-6.148e-05,2025-02-20 00:00:00.000
1740038400000,-0.0002961,2025-02-20 08:00:00.000
1740067200000,-0.00023494,2025-02-20 16:00:00.000
1740096000001,-0.0004883,2025-02-21 00:00:00.001
1740124800000,-0.00021947,2025-02-21 08:00:00.000
1740153600000,-0.00034028,2025-02-21 16:00:00.000
1740182400000,-0.00059069,2025-02-22 00:00:00.000
1740211200000,-0.00089096,2025-02-22 08:00:00.000
1740240000000,-0.00044746,2025-02-22 16:00:00.000
1740268800000,-0.000438,2025-02-23 00:00:00.000
1740297600000,-0.00048527,2025-02-23 08:00:00.000
1740326400000,-0.00037388,2025-02-23 16:00:00.000
1740355200000,-0.0002567,2025-02-24 00:00:00.000
1740384000000,-0.00067178,2025-02-24 08:00:00.000
1740412800000,-0.00064419,2025-02-24 16:00:00.000
1740441600000,-0.00127386,2025-02-25 00:00:00.000
1740470400000,-0.00189588,2025-02-25 08:00:00.000
1740499200000,-0.00041035,2025-02-25 16:00:00.000
1740528000000,-9.171e-05,2025-02-26 00:00:00.000
1740556800000,-8.26e-05,2025-02-26 08:00:00.000
1740585600000,-4.85e-05,2025-02-26 16:00:00.000
1740614400001,-0.00014595,2025-02-27 00:00:00.001
1740643200000,-3.049e-05,2025-02-27 08:00:00.000
1740672000000,-0.00015043,2025-02-27 16:00:00.000
1740700800001,-0.00046708,2025-02-28 00:00:00.001
1740729600000,-0.00064997,2025-02-28 08:00:00.000
1740758400000,-0.00082516,2025-02-28 16:00:00.000
1740787200000,-4.603e-05,2025-03-01 00:00:00.000
1740816000000,-0.00012383,2025-03-01 08:00:00.000
1740844800001,-0.0002683,2025-03-01 16:00:00.001
1740873600000,-0.0003943,2025-03-02 00:00:00.000
1740902400000,-0.00014253,2025-03-02 08:00:00.000
1740931200000,-0.00030461,2025-03-02 16:00:00.000
1740960000001,0.0001,2025-03-03 00:00:00.001
1740988800000,-0.00023756,2025-03-03 08:00:00.000
1741017600000,-0.00033983,2025-03-03 16:00:00.000
1741046400001,-0.00070558,2025-03-04 00:00:00.001
1741075200005,-0.00060509,2025-03-04 08:00:00.005
1741104000000,-0.00071966,2025-03-04 16:00:00.000
1741132800000,-0.00020571,2025-03-05 00:00:00.000
1741161600000,-0.0002598,2025-03-05 08:00:00.000
1741190400000,-0.00012395,2025-03-05 16:00:00.000
1741219200000,4.272e-05,2025-03-06 00:00:00.000
1741248000001,8.13e-06,2025-03-06 08:00:00.001
1741276800000,-0.00042203,2025-03-06 16:00:00.000
1741305600000,-0.00049527,2025-03-07 00:00:00.000
1741334400001,-0.00018307,2025-03-07 08:00:00.001
1741363200000,-0.00018663,2025-03-07 16:00:00.000
1741392000000,-0.00020446,2025-03-08 00:00:00.000
1741420800001,-0.00021119,2025-03-08 08:00:00.001
1741449600001,-0.00024355,2025-03-08 16:00:00.001
1741478400001,-0.00041504,2025-03-09 00:00:00.001
1741507200000,-0.00066069,2025-03-09 08:00:00.000
1741536000000,-0.0011782,2025-03-09 16:00:00.000
1741564800000,-0.00111396,2025-03-10 00:00:00.000
1741593600000,-0.00091583,2025-03-10 08:00:00.000
1741622400000,-0.00098836,2025-03-10 16:00:00.000
1741651200000,-0.00094791,2025-03-11 00:00:00.000
1741680000000,-0.00029508,2025-03-11 08:00:00.000
1741708800001,-0.00046439,2025-03-11 16:00:00.001
1741737600000,-0.00021362,2025-03-12 00:00:00.000
1741766400000,-0.00076291,2025-03-12 08:00:00.000
1741795200001,-0.00034327,2025-03-12 16:00:00.001
1741824000000,-2.618e-05,2025-03-13 00:00:00.000
1741852800000,-0.00045559,2025-03-13 08:00:00.000
1741881600000,0.0001,2025-03-13 16:00:00.000
1741910400000,-0.00028373,2025-03-14 00:00:00.000
1741939200000,-0.00053493,2025-03-14 08:00:00.000
1741968000000,-0.0002228,2025-03-14 16:00:00.000
1741996800000,-0.0002977,2025-03-15 00:00:00.000
1742025600000,-0.00138053,2025-03-15 08:00:00.000
1742054400000,-0.00046416,2025-03-15 16:00:00.000
1742083200000,-0.00079171,2025-03-16 00:00:00.000
1742112000000,-0.00027389,2025-03-16 08:00:00.000
1742140800000,-0.00051875,2025-03-16 16:00:00.000
1742169600000,-0.00023126,2025-03-17 00:00:00.000
1742198400000,-0.00018635,2025-03-17 08:00:00.000
1742227200000,-0.00026095,2025-03-17 16:00:00.000
1742256000000,-2.949e-05,2025-03-18 00:00:00.000
1742284800000,-0.0005482,2025-03-18 08:00:00.000
1742313600000,-0.00016077,2025-03-18 16:00:00.000
1742342400000,-6.205e-05,2025-03-19 00:00:00.000
1742371200000,-0.00034264,2025-03-19 08:00:00.000
1742400000000,-0.00013758,2025-03-19 16:00:00.000
1742428800000,-0.00026342,2025-03-20 00:00:00.000
1742457600000,-0.00036993,2025-03-20 08:00:00.000
1742486400000,-0.00042628,2025-03-20 16:00:00.000
1742515200000,-0.00013021,2025-03-21 00:00:00.000
1742544000000,-0.00046596,2025-03-21 08:00:00.000
1742572800000,-0.00056448,2025-03-21 16:00:00.000
1742601600000,-0.0004538,2025-03-22 00:00:00.000
1742630400004,-8.936e-05,2025-03-22 08:00:00.004
1742659200000,-0.00025822,2025-03-22 16:00:00.000
1742688000000,-0.00022418,2025-03-23 00:00:00.000
1742716800000,-0.00019655,2025-03-23 08:00:00.000
1742745600000,-0.00030916,2025-03-23 16:00:00.000
1742774400000,-0.00041433,2025-03-24 00:00:00.000
1742803200000,-2.335e-05,2025-03-24 08:00:00.000
1742832000000,2.578e-05,2025-03-24 16:00:00.000
1742860800001,8.612e-05,2025-03-25 00:00:00.001
1742889600000,-0.00014781,2025-03-25 08:00:00.000
1742918400000,7.35e-06,2025-03-25 16:00:00.000
1742947200000,6.698e-05,2025-03-26 00:00:00.000
1742976000000,-4.932e-05,2025-03-26 08:00:00.000
1743004800001,1.874e-05,2025-03-26 16:00:00.001
1743033600001,-9.351e-05,2025-03-27 00:00:00.001
1743062400001,-0.00020446,2025-03-27 08:00:00.001
1743091200002,-0.0001734,2025-03-27 16:00:00.002
1743120000001,-0.00027858,2025-03-28 00:00:00.001
1743148800001,-0.00050235,2025-03-28 08:00:00.001
1743177600000,-0.00020625,2025-03-28 16:00:00.000
1743206400000,-0.00042827,2025-03-29 00:00:00.000
1743235200000,-0.00043243,2025-03-29 08:00:00.000
1743264000000,-0.00055997,2025-03-29 16:00:00.000
1743292800000,-0.00033175,2025-03-30 00:00:00.000
1743321600000,-0.00018428,2025-03-30 08:00:00.000
1743350400000,-0.00031102,2025-03-30 16:00:00.000
1743379200000,-0.00029478,2025-03-31 00:00:00.000
1743408000000,-0.00023718,2025-03-31 08:00:00.000
1743436800000,-0.00022588,2025-03-31 16:00:00.000
1743465600000,-2.86e-06,2025-04-01 00:00:00.000
1743494400001,-1.85e-06,2025-04-01 08:00:00.001
1743523200000,-0.00050725,2025-04-01 16:00:00.000
1743552000001,-5.777e-05,2025-04-02 00:00:00.001
1743580800000,-0.00041074,2025-04-02 08:00:00.000
1743609600000,-8.407e-05,2025-04-02 16:00:00.000
1743638400000,-0.00057332,2025-04-03 00:00:00.000
1743667200000,-0.00011094,2025-04-03 08:00:00.000
1743696000000,-0.00030623,2025-04-03 16:00:00.000
1743724800000,0.0001,2025-04-04 00:00:00.000
1743753600000,5.382e-05,2025-04-04 08:00:00.000
1743782400000,-0.00021398,2025-04-04 16:00:00.000
1743811200000,1.787e-05,2025-04-05 00:00:00.000
1743840000000,8.657e-05,2025-04-05 08:00:00.000
1743868800000,-0.0001783,2025-04-05 16:00:00.000
1743897600000,-8.804e-05,2025-04-06 00:00:00.000
1743926400000,-0.00021027,2025-04-06 08:00:00.000
1743955200002,-0.00060102,2025-04-06 16:00:00.002
1743984000000,-0.00060255,2025-04-07 00:00:00.000
1744012800000,-0.00041469,2025-04-07 08:00:00.000
1744041600000,-0.00019725,2025-04-07 16:00:00.000
1744070400000,-0.00049927,2025-04-08 00:00:00.000
1744099200000,-0.00021512,2025-04-08 08:00:00.000
1744128000000,-0.00010157,2025-04-08 16:00:00.000
1744156800000,0.0001,2025-04-09 00:00:00.000
1744185600001,-0.00028402,2025-04-09 08:00:00.001
1744214400000,-8.87e-06,2025-04-09 16:00:00.000
1744243200000,-4.141e-05,2025-04-10 00:00:00.000
1744272000000,3.376e-05,2025-04-10 08:00:00.000
1744300800000,-0.00012029,2025-04-10 16:00:00.000
1744329600001,-0.00015537,2025-04-11 00:00:00.001
1744358400000,-0.00013693,2025-04-11 08:00:00.000
1744387200000,-5.837e-05,2025-04-11 16:00:00.000
1744416000000,3.498e-05,2025-04-12 00:00:00.000
1744444800001,-0.00027029,2025-04-12 08:00:00.001
1744473600000,-0.00030349,2025-04-12 16:00:00.000
1744502400000,-0.00039145,2025-04-13 00:00:00.000
1744531200000,-8.004e-05,2025-04-13 08:00:00.000
1744560000000,-0.00022768,2025-04-13 16:00:00.000
1744588800000,-9.224e-05,2025-04-14 00:00:00.000
1744617600000,-0.00029764,2025-04-14 08:00:00.000
1744646400000,-0.00037948,2025-04-14 16:00:00.000
1744675200000,1.583e-05,2025-04-15 00:00:00.000
1744704000000,-0.00025358,2025-04-15 08:00:00.000
1744732800001,-0.00037839,2025-04-15 16:00:00.001
1744761600000,-0.00013134,2025-04-16 00:00:00.000
1744790400000,-0.00055121,2025-04-16 08:00:00.000
1744819200000,-0.00024088,2025-04-16 16:00:00.000
1744848000001,-0.00015803,2025-04-17 00:00:00.001
1744876800000,-0.00015465,2025-04-17 08:00:00.000
1744905600001,-8.732e-05,2025-04-17 16:00:00.001
1744934400000,-0.00014576,2025-04-18 00:00:00.000
1744963200000,0.0001,2025-04-18 08:00:00.000
1744992000000,-6.921e-05,2025-04-18 16:00:00.000
1745020800000,-2.226e-05,2025-04-19 00:00:00.000
1745049600000,-5.018e-05,2025-04-19 08:00:00.000
1745078400000,-0.00015899,2025-04-19 16:00:00.000
1745107200000,1.5e-05,2025-04-20 00:00:00.000
1745136000000,-0.00034357,2025-04-20 08:00:00.000
1745164800000,-0.00028546,2025-04-20 16:00:00.000
1745193600000,-0.00010379,2025-04-21 00:00:00.000
1745222400005,9.04e-05,2025-04-21 08:00:00.005
1745251200003,-0.00021217,2025-04-21 16:00:00.003
1745280000008,-0.00011126,2025-04-22 00:00:00.008
1745308800000,-0.00026546,2025-04-22 08:00:00.000
1745337600000,0.0001,2025-04-22 16:00:00.000
1745366400000,0.0001,2025-04-23 00:00:00.000
1745395200002,0.0001,2025-04-23 08:00:00.002
1745424000000,0.0001,2025-04-23 16:00:00.000
1745452800000,0.0001,2025-04-24 00:00:00.000
1745481600001,0.0001,2025-04-24 08:00:00.001
1745510400001,0.0001,2025-04-24 16:00:00.001
1745539200007,0.0001,2025-04-25 00:00:00.007
1745568000002,-4.159e-05,2025-04-25 08:00:00.002
1745596800003,-0.00010383,2025-04-25 16:00:00.003
1745625600002,1.781e-05,2025-04-26 00:00:00.002
1745654400000,0.0001,2025-04-26 08:00:00.000
1745683200002,0.0001,2025-04-26 16:00:00.002
1745712000001,0.0001,2025-04-27 00:00:00.001
1745740800000,0.0001,2025-04-27 08:00:00.000
1745769600000,6.526e-05,2025-04-27 16:00:00.000
1745798400001,5.92e-05,2025-04-28 00:00:00.001
1745827200003,8.637e-05,2025-04-28 08:00:00.003
1745856000005,-7.341e-05,2025-04-28 16:00:00.005
1745884800000,-6.702e-05,2025-04-29 00:00:00.000
1745913600000,-4.116e-05,2025-04-29 08:00:00.000
1745942400010,-0.00016094,2025-04-29 16:00:00.010
1745971200001,-0.00015927,2025-04-30 00:00:00.001
1746000000000,-0.00011956,2025-04-30 08:00:00.000
1746028800003,-0.00018747,2025-04-30 16:00:00.003
1746057600000,-1.074e-05,2025-05-01 00:00:00.000
1746086400000,-4.063e-05,2025-05-01 08:00:00.000
1746115200001,9.56e-05,2025-05-01 16:00:00.001
1746144000000,-1.526e-05,2025-05-02 00:00:00.000
1746172800000,-6.749e-05,2025-05-02 08:00:00.000
1746201600003,-0.00019852,2025-05-02 16:00:00.003
1746230400000,4.456e-05,2025-05-03 00:00:00.000
1746259200000,-3.823e-05,2025-05-03 08:00:00.000
1746288000000,-0.00110077,2025-05-03 16:00:00.000
1746316800001,-0.00044122,2025-05-04 00:00:00.001
1746345600001,-0.00034478,2025-05-04 08:00:00.001
1746374400002,-0.00027572,2025-05-04 16:00:00.002
1746403200000,-0.00020489,2025-05-05 00:00:00.000
1746432000000,-0.00011573,2025-05-05 08:00:00.000
1746460800006,-0.00041555,2025-05-05 16:00:00.006
1746489600002,-0.00037577,2025-05-06 00:00:00.002
1746518400005,-0.00025077,2025-05-06 08:00:00.005
1746547200000,-0.00059684,2025-05-06 16:00:00.000
1746576000002,-0.0001533,2025-05-07 00:00:00.002
1746604800000,-0.00023438,2025-05-07 08:00:00.000
1746633600006,-0.00067377,2025-05-07 16:00:00.006
1746662400000,-0.00016245,2025-05-08 00:00:00.000
1746691200001,-1.782e-05,2025-05-08 08:00:00.001
1746720000002,-8.972e-05,2025-05-08 16:00:00.002
1746748800001,0.0001,2025-05-09 00:00:00.001
1746777600006,0.0001,2025-05-09 08:00:00.006
1746806400000,0.0001,2025-05-09 16:00:00.000
1746835200001,0.0001,2025-05-10 00:00:00.001
1746864000000,0.0001,2025-05-10 08:00:00.000
1746892800001,0.0001,2025-05-10 16:00:00.001
1746921600000,0.0001,2025-05-11 00:00:00.000
1746950400001,0.0001,2025-05-11 08:00:00.001
1746979200001,2.708e-05,2025-05-11 16:00:00.001
1747008000004,0.0001,2025-05-12 00:00:00.004
1747036800000,0.0001,2025-05-12 08:00:00.000
1747065600000,0.0001,2025-05-12 16:00:00.000
1747094400000,0.0001,2025-05-13 00:00:00.000
1747123200008,0.0001,2025-05-13 08:00:00.008
1747152000001,0.0001,2025-05-13 16:00:00.001
1747180800007,0.0001,2025-05-14 00:00:00.007
1747209600000,0.0001,2025-05-14 08:00:00.000
1747238400002,-4.725e-05,2025-05-14 16:00:00.002
1747267200000,4.767e-05,2025-05-15 00:00:00.000
1747296000003,-0.00017246,2025-05-15 08:00:00.003
1747324800000,-0.00021777,2025-05-15 16:00:00.000
1747353600001,-0.00024199,2025-05-16 00:00:00.001
1747382400000,-9.66e-06,2025-05-16 08:00:00.000
1747411200000,6.819e-05,2025-05-16 16:00:00.000
1747440000000,-0.00012168,2025-05-17 00:00:00.000
1747468800001,-0.00015752,2025-05-17 08:00:00.001
1747497600004,-0.00017514,2025-05-17 16:00:00.004
1747526400000,-0.00016757,2025-05-18 00:00:00.000
1747555200000,0.0001,2025-05-18 08:00:00.000
1747584000000,0.0001,2025-05-18 16:00:00.000
1747612800000,7.772e-05,2025-05-19 00:00:00.000
1747641600006,-0.00015037,2025-05-19 08:00:00.006
1747670400010,-9.187e-05,2025-05-19 16:00:00.010
1747699200000,-1.66e-06,2025-05-20 00:00:00.000
1747728000002,-4.451e-05,2025-05-20 08:00:00.002
1747756800000,-7.299e-05,2025-05-20 16:00:00.000
1747785600000,3.514e-05,2025-05-21 00:00:00.000
1747814400001,0.0001,2025-05-21 08:00:00.001
1747843200004,-0.00010023,2025-05-21 16:00:00.004
1747872000001,4.441e-05,2025-05-22 00:00:00.001
1747900800000,0.0001,2025-05-22 08:00:00.000
1747929600002,0.0001,2025-05-22 16:00:00.002
1747958400006,0.0001,2025-05-23 00:00:00.006
1747987200000,0.0001,2025-05-23 08:00:00.000
1748016000007,0.0001,2025-05-23 16:00:00.007
1748044800010,-7.828e-05,2025-05-24 00:00:00.010
1748073600000,4.14e-05,2025-05-24 08:00:00.000
1748102400003,-0.00032497,2025-05-24 16:00:00.003
1748131200004,-0.00015354,2025-05-25 00:00:00.004
1748160000000,-0.00013324,2025-05-25 08:00:00.000
1748188800000,-0.00047142,2025-05-25 16:00:00.000
1748217600000,-0.00019485,2025-05-26 00:00:00.000
1748246400000,-6.963e-05,2025-05-26 08:00:00.000
1748275200002,-0.00022684,2025-05-26 16:00:00.002
1748304000003,-0.00035098,2025-05-27 00:00:00.003
1748332800001,2.626e-05,2025-05-27 08:00:00.001
1748361600005,0.0001,2025-05-27 16:00:00.005
1748390400002,0.0001,2025-05-28 00:00:00.002
1748419200003,-0.00013867,2025-05-28 08:00:00.003
1748448000002,-0.00010927,2025-05-28 16:00:00.002
1748476800000,-0.00023077,2025-05-29 00:00:00.000
1748505600006,-4.906e-05,2025-05-29 08:00:00.006
1748534400000,-0.00042421,2025-05-29 16:00:00.000
1748563200003,-0.00048699,2025-05-30 00:00:00.003
1748592000003,-0.00056038,2025-05-30 08:00:00.003
1748620800000,-0.00041145,2025-05-30 16:00:00.000
1748649600000,-0.00066468,2025-05-31 00:00:00.000
1748678400000,-0.00026541,2025-05-31 08:00:00.000
1748707200000,-0.00032638,2025-05-31 16:00:00.000
1748736000001,-0.00032595,2025-06-01 00:00:00.001
1748764800002,-0.00021076,2025-06-01 08:00:00.002
1748793600000,-0.00024294,2025-06-01 16:00:00.000
1748822400001,-0.00014414,2025-06-02 00:00:00.001
1748851200000,-0.00030617,2025-06-02 08:00:00.000
1748880000000,-0.00013689,2025-06-02 16:00:00.000
1748908800000,-4.945e-05,2025-06-03 00:00:00.000
1748937600000,3.84e-06,2025-06-03 08:00:00.000
1748966400001,-0.00022436,2025-06-03 16:00:00.001
1748995200000,-0.00016807,2025-06-04 00:00:00.000
1749024000000,-0.00017889,2025-06-04 08:00:00.000
1749052800000,-0.00026502,2025-06-04 16:00:00.000
1749081600016,-0.00074976,2025-06-05 00:00:00.016
1749110400000,-0.00041179,2025-06-05 08:00:00.000
1749139200000,-7.134e-05,2025-06-05 16:00:00.000
1749168000002,-0.00063684,2025-06-06 00:00:00.002
1749196800000,-0.0002167,2025-06-06 08:00:00.000
1749225600006,-3.826e-05,2025-06-06 16:00:00.006
1749254400000,-0.00029761,2025-06-07 00:00:00.000
1749283200000,0.0001,2025-06-07 08:00:00.000
1749312000002,-8.115e-05,2025-06-07 16:00:00.002
1749340800000,-0.00020504,2025-06-08 00:00:00.000
1749369600000,-0.00032618,2025-06-08 08:00:00.000
1749398400000,-8.415e-05,2025-06-08 16:00:00.000
1749427200000,-0.00026817,2025-06-09 00:00:00.000
1749456000001,-0.00048754,2025-06-09 08:00:00.001
1749484800001,0.0001,2025-06-09 16:00:00.001
1749513600000,8.297e-05,2025-06-10 00:00:00.000
1749542400001,-0.0001289,2025-06-10 08:00:00.001
1749571200003,1.203e-05,2025-06-10 16:00:00.003
1749600000000,2.29e-06,2025-06-11 00:00:00.000
1749628800000,-6.744e-05,2025-06-11 08:00:00.000
1749657600010,-8.647e-05,2025-06-11 16:00:00.010
1749686400002,-0.00051313,2025-06-12 00:00:00.002
1749715200003,-0.00049645,2025-06-12 08:00:00.003
1749744000001,-0.0002773,2025-06-12 16:00:00.001
1749772800000,-0.00043911,2025-06-13 00:00:00.000
1749801600001,-0.00039306,2025-06-13 08:00:00.001
1749830400004,-0.0003965,2025-06-13 16:00:00.004
1749859200000,-0.00014764,2025-06-14 00:00:00.000
1749888000000,-0.00011817,2025-06-14 08:00:00.000
1749916800000,-0.00026855,2025-06-14 16:00:00.000
1749945600005,-0.00042817,2025-06-15 00:00:00.005
1749974400009,-0.00026339,2025-06-15 08:00:00.009
1750003200000,-0.0001919,2025-06-15 16:00:00.000
1750032000000,5.219e-05,2025-06-16 00:00:00.000
1750060800000,1.368e-05,2025-06-16 08:00:00.000
1750089600003,-0.00018991,2025-06-16 16:00:00.003
1750118400000,-0.00027785,2025-06-17 00:00:00.000
1750147200006,-0.00010384,2025-06-17 08:00:00.006
1750176000001,-0.00017164,2025-06-17 16:00:00.001
1750204800001,-0.00065838,2025-06-18 00:00:00.001
1750233600001,-0.0003734,2025-06-18 08:00:00.001
1750262400001,-0.00038884,2025-06-18 16:00:00.001
1750291200005,-0.00066271,2025-06-19 00:00:00.005
1750320000003,-0.00032803,2025-06-19 08:00:00.003
1750348800000,-0.00064981,2025-06-19 16:00:00.000
1750377600000,-0.00068557,2025-06-20 00:00:00.000
1750406400002,-0.0010424,2025-06-20 08:00:00.002
1750435200001,-0.00029609,2025-06-20 16:00:00.001
1750464000002,-0.00023801,2025-06-21 00:00:00.002
1750492800005,-0.00058601,2025-06-21 08:00:00.005
1750521600000,-0.00065976,2025-06-21 16:00:00.000
1750550400005,-0.00032251,2025-06-22 00:00:00.005
1750579200000,-0.00025403,2025-06-22 08:00:00.000
1750608000003,-7.623e-05,2025-06-22 16:00:00.003
1750636800000,-8.918e-05,2025-06-23 00:00:00.000
1750665600004,-0.00032521,2025-06-23 08:00:00.004
1750694400013,-0.00040285,2025-06-23 16:00:00.013
1750723200003,-1.358e-05,2025-06-24 00:00:00.003
1750752000000,-0.00011317,2025-06-24 08:00:00.000
1750780800000,-3.833e-05,2025-06-24 16:00:00.000
1750809600005,-0.00044208,2025-06-25 00:00:00.005
1750838400000,-0.00068735,2025-06-25 08:00:00.000
1750867200005,-0.00067448,2025-06-25 16:00:00.005
1750896000000,5.809e-05,2025-06-26 00:00:00.000
1750924800006,-9.085e-05,2025-06-26 08:00:00.006
1750953600007,5.14e-06,2025-06-26 16:00:00.007
1750982400000,-0.00021324,2025-06-27 00:00:00.000
1751011200000,-0.00089424,2025-06-27 08:00:00.000
1751040000009,-0.00054041,2025-06-27 16:00:00.009
1751068800001,-0.00068334,2025-06-28 00:00:00.001
1751097600002,-0.00082976,2025-06-28 08:00:00.002
1751126400000,-0.00059576,2025-06-28 16:00:00.000
1751155200004,-0.00032388,2025-06-29 00:00:00.004
1751184000001,-0.00035563,2025-06-29 08:00:00.001
1751212800001,-0.00045033,2025-06-29 16:00:00.001
1751241600000,-0.00035093,2025-06-30 00:00:00.000
1751270400005,-0.00039213,2025-06-30 08:00:00.005
1751299200002,-0.00036732,2025-06-30 16:00:00.002
1751328000007,-0.00034821,2025-07-01 00:00:00.007
1751356800002,-0.00049168,2025-07-01 08:00:00.002
1751385600000,-6.14e-06,2025-07-01 16:00:00.000
1751414400001,-0.00024473,2025-07-02 00:00:00.001
1751443200000,-0.00023894,2025-07-02 08:00:00.000
1751472000003,-0.00019819,2025-07-02 16:00:00.003
1751500800006,-0.00026722,2025-07-03 00:00:00.006
1751529600003,-0.00016818,2025-07-03 08:00:00.003
1751558400003,-0.00021009,2025-07-03 16:00:00.003
1751587200005,-9.617e-05,2025-07-04 00:00:00.005
1751616000003,-0.00045637,2025-07-04 08:00:00.003
1751644800001,-0.00010915,2025-07-04 16:00:00.001
1751673600004,-0.00014065,2025-07-05 00:00:00.004
1751702400009,-0.0003707,2025-07-05 08:00:00.009
1751731200006,-0.00017649,2025-07-05 16:00:00.006
1751760000001,-0.00032226,2025-07-06 00:00:00.001
1751788800002,-0.0003809,2025-07-06 08:00:00.002
1751817600004,-4.716e-05,2025-07-06 16:00:00.004
1751846400000,4.743e-05,2025-07-07 00:00:00.000
1751875200007,-8.233e-05,2025-07-07 08:00:00.007
1751904000000,-4.24e-05,2025-07-07 16:00:00.000
1751932800010,7.067e-05,2025-07-08 00:00:00.010
1751961600003,-8.446e-05,2025-07-08 08:00:00.003
1751990400000,5.052e-05,2025-07-08 16:00:00.000
1752019200002,0.0001,2025-07-09 00:00:00.002
1752048000006,-1.704e-05,2025-07-09 08:00:00.006
1752076800001,-2.23e-06,2025-07-09 16:00:00.001
1752105600003,0.0001,2025-07-10 00:00:00.003
1752134400000,0.0001,2025-07-10 08:00:00.000
1752163200004,0.0001,2025-07-10 16:00:00.004
1752192000004,0.0001,2025-07-11 00:00:00.004
1752220800007,0.0001,2025-07-11 08:00:00.007
1752249600001,0.0001,2025-07-11 16:00:00.001
1752278400000,0.0001,2025-07-12 00:00:00.000
1752307200001,0.0001,2025-07-12 08:00:00.001
1752336000002,0.0001,2025-07-12 16:00:00.002
1752364800006,0.0001,2025-07-13 00:00:00.006
1752393600001,0.0001,2025-07-13 08:00:00.001
1752422400003,0.0001,2025-07-13 16:00:00.003
1752451200000,0.0001,2025-07-14 00:00:00.000
1752480000000,0.0001,2025-07-14 08:00:00.000
1752508800000,0.0001,2025-07-14 16:00:00.000
1752537600002,7.476e-05,2025-07-15 00:00:00.002
1752566400000,0.0001,2025-07-15 08:00:00.000
1752595200000,1.71e-06,2025-07-15 16:00:00.000
1752624000000,0.0001,2025-07-16 00:00:00.000
1752652800000,-0.00021803,2025-07-16 08:00:00.000
1752681600008,-9.7e-07,2025-07-16 16:00:00.008
1752710400003,0.0001,2025-07-17 00:00:00.003
1752739200000,-0.00028796,2025-07-17 08:00:00.000
1752768000000,0.0001,2025-07-17 16:00:00.000
1752796800004,0.0001,2025-07-18 00:00:00.004
1752825600000,0.0001,2025-07-18 08:00:00.000
1752854400000,0.0001,2025-07-18 16:00:00.000
1752883200009,0.0001,2025-07-19 00:00:00.009
1752912000000,3.322e-05,2025-07-19 08:00:00.000
1752940800002,0.0001,2025-07-19 16:00:00.002
1752969600000,0.0001,2025-07-20 00:00:00.000
1752998400000,0.0001,2025-07-20 08:00:00.000
1753027200000,0.0001,2025-07-20 16:00:00.000
1753056000001,0.0001,2025-07-21 00:00:00.001
1753084800000,0.0001,2025-07-21 08:00:00.000
1753113600001,0.0001,2025-07-21 16:00:00.001
1753142400000,0.0001,2025-07-22 00:00:00.000
1753171200010,0.0001,2025-07-22 08:00:00.010
1753200000007,0.0001,2025-07-22 16:00:00.007
1753228800000,0.0001,2025-07-23 00:00:00.000
1753257600004,0.0001,2025-07-23 08:00:00.004
1753286400002,-4.941e-05,2025-07-23 16:00:00.002
1753315200000,-0.00015301,2025-07-24 00:00:00.000
1753344000001,-0.00015297,2025-07-24 08:00:00.001
1753372800000,0.0001,2025-07-24 16:00:00.000
1753401600000,-0.00011212,2025-07-25 00:00:00.000
1753430400000,-8.42e-06,2025-07-25 08:00:00.000
1753459200000,-0.00029665,2025-07-25 16:00:00.000
1753488000001,-9.133e-05,2025-07-26 00:00:00.001
1753516800005,-3.634e-05,2025-07-26 08:00:00.005
1753545600001,-0.00033835,2025-07-26 16:00:00.001
1753574400001,-0.00015033,2025-07-27 00:00:00.001
1753603200000,-0.00034634,2025-07-27 08:00:00.000
1753632000008,-0.00045086,2025-07-27 16:00:00.008
1753660800005,-0.00020893,2025-07-28 00:00:00.005
1753689600000,0.0001,2025-07-28 08:00:00.000
1753718400000,8.131e-05,2025-07-28 16:00:00.000
1753747200001,-0.00057059,2025-07-29 00:00:00.001
1753776000000,-0.0004586,2025-07-29 08:00:00.000
1753804800000,-0.00024897,2025-07-29 16:00:00.000
1753833600011,-0.00027832,2025-07-30 00:00:00.011
1753862400000,-1.774e-05,2025-07-30 08:00:00.000
1753891200008,-0.00045931,2025-07-30 16:00:00.008
1753920000000,-0.00033898,2025-07-31 00:00:00.000
1753948800009,-0.00020647,2025-07-31 08:00:00.009
1753977600000,-0.00014994,2025-07-31 16:00:00.000
1754006400001,-0.00029854,2025-08-01 00:00:00.001
1754035200003,-0.0004032,2025-08-01 08:00:00.003
1754064000000,-0.00035627,2025-08-01 16:00:00.000
1754092800004,0.0001,2025-08-02 00:00:00.004
1754121600000,8.696e-05,2025-08-02 08:00:00.000
1754150400000,0.0001,2025-08-02 16:00:00.000
1754179200000,0.0001,2025-08-03 00:00:00.000
1754208000000,0.0001,2025-08-03 08:00:00.000
1754236800003,3.743e-05,2025-08-03 16:00:00.003
1754265600004,-0.00011134,2025-08-04 00:00:00.004
1754294400000,-0.00012594,2025-08-04 08:00:00.000
1754323200002,-5.831e-05,2025-08-04 16:00:00.002
1754352000000,-0.00043325,2025-08-05 00:00:00.000
1754380800000,-0.00053879,2025-08-05 08:00:00.000
1754409600000,-0.00065423,2025-08-05 16:00:00.000
1754438400005,-0.00059567,2025-08-06 00:00:00.005
1754467200000,-0.00011358,2025-08-06 08:00:00.000
1754496000000,-0.00036245,2025-08-06 16:00:00.000
1754524800003,-0.00029624,2025-08-07 00:00:00.003
1754553600002,-0.00021443,2025-08-07 08:00:00.002
1754582400002,0.0001,2025-08-07 16:00:00.002
1754611200002,0.0001,2025-08-08 00:00:00.002
1754640000004,0.0001,2025-08-08 08:00:00.004
1754668800000,-3.449e-05,2025-08-08 16:00:00.000
1754697600005,-0.00017532,2025-08-09 00:00:00.005
1754726400000,9.565e-05,2025-08-09 08:00:00.000
1754755200007,9.631e-05,2025-08-09 16:00:00.007
1754784000003,0.0001,2025-08-10 00:00:00.003
1754812800005,-8.051e-05,2025-08-10 08:00:00.005
1754841600002,3.34e-06,2025-08-10 16:00:00.002
1754870400000,0.0001,2025-08-11 00:00:00.000
1754899200000,-2.016e-05,2025-08-11 08:00:00.000
1754928000000,-0.00040806,2025-08-11 16:00:00.000
1754956800000,-3.876e-05,2025-08-12 00:00:00.000
1754985600001,0.0001,2025-08-12 08:00:00.001
1755014400005,9.462e-05,2025-08-12 16:00:00.005
1755043200000,0.0001,2025-08-13 00:00:00.000
1755072000002,0.0001,2025-08-13 08:00:00.002
1755100800006,0.0001,2025-08-13 16:00:00.006
1755129600002,0.0001,2025-08-14 00:00:00.002
1755158400003,0.0001,2025-08-14 08:00:00.003
1755187200000,0.0001,2025-08-14 16:00:00.000
1755216000000,-0.00023546,2025-08-15 00:00:00.000
1755244800000,-0.00018854,2025-08-15 08:00:00.000
1755273600000,-0.00018914,2025-08-15 16:00:00.000
1755302400004,-0.00025418,2025-08-16 00:00:00.004
1755331200000,-0.00014129,2025-08-16 08:00:00.000
1755360000002,6.922e-05,2025-08-16 16:00:00.002
1755388800000,-4.928e-05,2025-08-17 00:00:00.000
1755417600001,-4.884e-05,2025-08-17 08:00:00.001
1755446400007,0.0001,2025-08-17 16:00:00.007
1755475200000,0.0001,2025-08-18 00:00:00.000
1755504000001,-0.00019674,2025-08-18 08:00:00.001
1755532800002,-0.00021014,2025-08-18 16:00:00.002
1755561600000,-3.531e-05,2025-08-19 00:00:00.000
1755590400001,-0.00057248,2025-08-19 08:00:00.001
1755619200000,-0.00049347,2025-08-19 16:00:00.000
1755648000000,-0.00040585,2025-08-20 00:00:00.000
1755676800000,-0.00022604,2025-08-20 08:00:00.000
1755705600000,-0.00016303,2025-08-20 16:00:00.000
1755734400006,-0.00022277,2025-08-21 00:00:00.006
1755763200000,-0.0002108,2025-08-21 08:00:00.000
1755792000003,-0.00035266,2025-08-21 16:00:00.003
1755820800010,-0.00010692,2025-08-22 00:00:00.010
1755849600007,3.28e-05,2025-08-22 08:00:00.007
1755878400001,-0.00022345,2025-08-22 16:00:00.001
1755907200004,0.0001,2025-08-23 00:00:00.004
1755936000006,0.0001,2025-08-23 08:00:00.006
1755964800000,0.0001,2025-08-23 16:00:00.000
1755993600001,0.0001,2025-08-24 00:00:00.001
1756022400002,0.0001,2025-08-24 08:00:00.002
1756051200001,0.0001,2025-08-24 16:00:00.001
1756080000000,0.0001,2025-08-25 00:00:00.000
1756108800002,0.0001,2025-08-25 08:00:00.002
1756137600002,-0.00034897,2025-08-25 16:00:00.002
1756166400000,-0.00063364,2025-08-26 00:00:00.000
1756195200000,-0.00014018,2025-08-26 08:00:00.000
1756224000000,2.57e-05,2025-08-26 16:00:00.000
1756252800003,8.505e-05,2025-08-27 00:00:00.003
1756281600000,0.0001,2025-08-27 08:00:00.000
1756310400009,4.821e-05,2025-08-27 16:00:00.009
1756339200000,8.682e-05,2025-08-28 00:00:00.000
1756368000005,0.0001,2025-08-28 08:00:00.005
1756396800004,0.0001,2025-08-28 16:00:00.004
1756425600000,0.0001,2025-08-29 00:00:00.000
1756454400000,-0.00010954,2025-08-29 08:00:00.000
1756483200005,-0.00019006,2025-08-29 16:00:00.005
1756512000000,-0.0003417,2025-08-30 00:00:00.000
1756540800002,2.65e-06,2025-08-30 08:00:00.002
1756569600003,-2.137e-05,2025-08-30 16:00:00.003
1756598400016,-0.00010355,2025-08-31 00:00:00.016
1756627200000,3.208e-05,2025-08-31 08:00:00.000
1756656000001,6.636e-05,2025-08-31 16:00:00.001
1756684800000,0.0001,2025-09-01 00:00:00.000
1756713600000,-0.00013803,2025-09-01 08:00:00.000
1756742400001,0.0001,2025-09-01 16:00:00.001
1756771200000,0.0001,2025-09-02 00:00:00.000
1756800000005,0.0001,2025-09-02 08:00:00.005
1756828800007,4.353e-05,2025-09-02 16:00:00.007
1756857600006,0.0001,2025-09-03 00:00:00.006
1756886400002,0.0001,2025-09-03 08:00:00.002
1756915200002,0.0001,2025-09-03 16:00:00.002
1756944000002,0.0001,2025-09-04 00:00:00.002
1756972800000,3.909e-05,2025-09-04 08:00:00.000
1757001600000,4.67e-06,2025-09-04 16:00:00.000
1757030400001,3.446e-05,2025-09-05 00:00:00.001
1757059200006,7.366e-05,2025-09-05 08:00:00.006
1757088000000,0.0001,2025-09-05 16:00:00.000
1757116800000,0.0001,2025-09-06 00:00:00.000
1757145600005,5.386e-05,2025-09-06 08:00:00.005
1757174400000,0.0001,2025-09-06 16:00:00.000
1757203200000,7.776e-05,2025-09-07 00:00:00.000
1757232000000,0.0001,2025-09-07 08:00:00.000
1757260800000,0.0001,2025-09-07 16:00:00.000
1757289600007,0.0001,2025-09-08 00:00:00.007
1757318400000,0.0001,2025-09-08 08:00:00.000
1757347200000,0.0001,2025-09-08 16:00:00.000
1757376000000,0.0001,2025-09-09 00:00:00.000
1757404800000,0.0001,2025-09-09 08:00:00.000
1757433600000,0.0001,2025-09-09 16:00:00.000
1757462400000,0.0001,2025-09-10 00:00:00.000
1757491200002,0.0001,2025-09-10 08:00:00.002
1757520000000,0.0001,2025-09-10 16:00:00.000
1757548800000,0.0001,2025-09-11 00:00:00.000
1757577600000,0.0001,2025-09-11 08:00:00.000
1757606400001,0.0001,2025-09-11 16:00:00.001
1757635200002,0.0001,2025-09-12 00:00:00.002
1757664000001,0.0001,2025-09-12 08:00:00.001
1757692800005,0.0001,2025-09-12 16:00:00.005
1757721600005,0.0001,2025-09-13 00:00:00.005
1757750400002,0.0001,2025-09-13 08:00:00.002
1757779200000,0.0001,2025-09-13 16:00:00.000
1757808000006,0.0001,2025-09-14 00:00:00.006
1757836800000,0.0001,2025-09-14 08:00:00.000
1757865600001,0.0001,2025-09-14 16:00:00.001
1757894400006,0.0001,2025-09-15 00:00:00.006
1757923200002,0.0001,2025-09-15 08:00:00.002
1757952000001,3.37e-06,2025-09-15 16:00:00.001
1757980800001,0.0001,2025-09-16 00:00:00.001
1758009600000,-5.333e-05,2025-09-16 08:00:00.000
1758038400000,0.0001,2025-09-16 16:00:00.000
1758067200001,9.94e-05,2025-09-17 00:00:00.001
1758096000000,0.0001,2025-09-17 08:00:00.000
1758124800003,5.386e-05,2025-09-17 16:00:00.003
1758153600006,0.0001,2025-09-18 00:00:00.006
1758182400002,0.0001,2025-09-18 08:00:00.002
1758211200000,0.0001,2025-09-18 16:00:00.000
1758240000000,0.0001,2025-09-19 00:00:00.000
1758268800005,0.0001,2025-09-19 08:00:00.005
1758297600000,9.339e-05,2025-09-19 16:00:00.000
1758326400000,-1.865e-05,2025-09-20 00:00:00.000
1758355200000,0.0001,2025-09-20 08:00:00.000
1758384000002,0.0001,2025-09-20 16:00:00.002
1758412800000,8.582e-05,2025-09-21 00:00:00.000
1758441600000,0.0001,2025-09-21 08:00:00.000
1758470400000,-1.236e-05,2025-09-21 16:00:00.000
1758499200005,0.0001,2025-09-22 00:00:00.005
1758528000003,-0.00026346,2025-09-22 08:00:00.003
1758556800000,-0.00013535,2025-09-22 16:00:00.000
1758585600000,-4.018e-05,2025-09-23 00:00:00.000
1758614400001,-5.66e-06,2025-09-23 08:00:00.001
1758643200000,-0.00020559,2025-09-23 16:00:00.000
1758672000003,0.0001,2025-09-24 00:00:00.003
1758700800001,0.0001,2025-09-24 08:00:00.001
1758729600002,1.423e-05,2025-09-24 16:00:00.002
1758758400000,-0.00013026,2025-09-25 00:00:00.000
1758787200001,-0.00012786,2025-09-25 08:00:00.001
1758816000000,-8.107e-05,2025-09-25 16:00:00.000
1758844800000,-8.573e-05,2025-09-26 00:00:00.000
1758873600000,-0.0001626,2025-09-26 08:00:00.000
1758902400008,3.071e-05,2025-09-26 16:00:00.008
1758931200000,0.0001,2025-09-27 00:00:00.000
1758960000010,0.0001,2025-09-27 08:00:00.010
1758988800003,0.0001,2025-09-27 16:00:00.003
1759017600000,0.0001,2025-09-28 00:00:00.000
1759046400000,2.785e-05,2025-09-28 08:00:00.000
1759075200000,0.0001,2025-09-28 16:00:00.000
1759104000000,0.0001,2025-09-29 00:00:00.000
1759132800002,1.937e-05,2025-09-29 08:00:00.002
1759161600001,9.907e-05,2025-09-29 16:00:00.001
1759190400002,0.0001,2025-09-30 00:00:00.002
1759219200005,-1.592e-05,2025-09-30 08:00:00.005
1759248000000,-0.00013474,2025-09-30 16:00:00.000
1759276800000,-7.337e-05,2025-10-01 00:00:00.000
1759305600000,0.0001,2025-10-01 08:00:00.000
1759334400000,-6.722e-05,2025-10-01 16:00:00.000
1759363200000,0.0001,2025-10-02 00:00:00.000
1759392000013,0.0001,2025-10-02 08:00:00.013
1759420800000,0.0001,2025-10-02 16:00:00.000
1759449600006,0.0001,2025-10-03 00:00:00.006
1759478400006,0.0001,2025-10-03 08:00:00.006
1759507200000,3.933e-05,2025-10-03 16:00:00.000
1759536000001,7.133e-05,2025-10-04 00:00:00.001
1759564800000,1.739e-05,2025-10-04 08:00:00.000
1759593600000,-5.724e-05,2025-10-04 16:00:00.000
1759622400000,-2.685e-05,2025-10-05 00:00:00.000
1759651200003,0.0001,2025-10-05 08:00:00.003
1759680000009,0.0001,2025-10-05 16:00:00.009
1759708800004,-0.0001315,2025-10-06 00:00:00.004
1759737600002,8.353e-05,2025-10-06 08:00:00.002
1759766400004,0.0001,2025-10-06 16:00:00.004
1759795200000,0.0001,2025-10-07 00:00:00.000
1759824000003,0.0001,2025-10-07 08:00:00.003
1759852800000,0.0001,2025-10-07 16:00:00.000
1759881600000,-0.00021487,2025-10-08 00:00:00.000
1759910400006,-0.00018615,2025-10-08 08:00:00.006
1759939200002,-6.622e-05,2025-10-08 16:00:00.002
1759968000001,0.0001,2025-10-09 00:00:00.001
1759996800000,-7.396e-05,2025-10-09 08:00:00.000
1760025600000,-0.00023954,2025-10-09 16:00:00.000
1760054400005,-0.0001547,2025-10-10 00:00:00.005
1760083200002,0.0001,2025-10-10 08:00:00.002
1760112000014,0.0001,2025-10-10 16:00:00.014
1760140800000,-0.00401807,2025-10-11 00:00:00.000
1760169600003,-0.00042085,2025-10-11 08:00:00.003
1760198400000,-0.00066809,2025-10-11 16:00:00.000
1760227200004,-0.00017381,2025-10-12 00:00:00.004
1760256000002,-0.00029229,2025-10-12 08:00:00.002
1760284800000,-0.00063458,2025-10-12 16:00:00.000
1760313600003,-0.00021543,2025-10-13 00:00:00.003
1760342400002,-0.00028328,2025-10-13 08:00:00.002
1760371200003,-0.00023099,2025-10-13 16:00:00.003
1760400000000,-9.535e-05,2025-10-14 00:00:00.000
1760428800000,-0.0002976,2025-10-14 08:00:00.000
1760457600000,-9.368e-05,2025-10-14 16:00:00.000
1760486400006,-0.00020228,2025-10-15 00:00:00.006
1760515200002,-6.808e-05,2025-10-15 08:00:00.002
1760544000000,-0.00035268,2025-10-15 16:00:00.000
1760572800000,-0.00036644,2025-10-16 00:00:00.000
1760601600003,-0.00024335,2025-10-16 08:00:00.003
1760630400002,-0.00020428,2025-10-16 16:00:00.002
1760659200001,-0.00015021,2025-10-17 00:00:00.001
1760688000005,-0.00017332,2025-10-17 08:00:00.005
1760716800003,-2.273e-05,2025-10-17 16:00:00.003
1760745600000,-6.452e-05,2025-10-18 00:00:00.000
1760774400002,-0.00025106,2025-10-18 08:00:00.002
1760803200001,-0.00040108,2025-10-18 16:00:00.001
1760832000001,-0.00021989,2025-10-19 00:00:00.001
1760860800001,-7.76e-05,2025-10-19 08:00:00.001
1760889600001,-1.267e-05,2025-10-19 16:00:00.001
1760918400004,-0.0001644,2025-10-20 00:00:00.004
1760947200001,-0.00027499,2025-10-20 08:00:00.001
1760976000000,0.0001,2025-10-20 16:00:00.000
1761004800009,0.0001,2025-10-21 00:00:00.009
1761033600000,-0.00042288,2025-10-21 08:00:00.000
1761062400000,0.0001,2025-10-21 16:00:00.000
1761091200004,-0.00014655,2025-10-22 00:00:00.004
1761120000000,-0.00046682,2025-10-22 08:00:00.000
1761148800000,-0.0001781,2025-10-22 16:00:00.000
1761177600000,-0.00012519,2025-10-23 00:00:00.000
1761206400001,-0.0001119,2025-10-23 08:00:00.001
1761235200004,-0.00011094,2025-10-23 16:00:00.004
1761264000000,0.0001,2025-10-24 00:00:00.000
1761292800000,-0.00011992,2025-10-24 08:00:00.000
1761321600009,-0.00021107,2025-10-24 16:00:00.009
1761350400000,-5.508e-05,2025-10-25 00:00:00.000
1761379200001,-7.516e-05,2025-10-25 08:00:00.001
1761408000001,-0.00013955,2025-10-25 16:00:00.001
1761436800001,-0.00046617,2025-10-26 00:00:00.001
1761465600001,-8.834e-05,2025-10-26 08:00:00.001
1761494400000,2.515e-05,2025-10-26 16:00:00.000
1761523200000,-5.928e-05,2025-10-27 00:00:00.000
1761552000005,-7.6e-05,2025-10-27 08:00:00.005
1761580800000,-4.302e-05,2025-10-27 16:00:00.000
1761609600000,-0.00024113,2025-10-28 00:00:00.000
1761638400000,-0.0001315,2025-10-28 08:00:00.000
1761667200004,-0.00036383,2025-10-28 16:00:00.004
1761696000004,-0.00069846,2025-10-29 00:00:00.004
1761724800005,-0.00046713,2025-10-29 08:00:00.005
1761753600000,-9.466e-05,2025-10-29 16:00:00.000
1761782400004,-4.32e-05,2025-10-30 00:00:00.004
1761811200008,-0.00025647,2025-10-30 08:00:00.008
1761840000001,-0.00077585,2025-10-30 16:00:00.001
1761868800000,-0.00047813,2025-10-31 00:00:00.000
1761897600008,-0.00020068,2025-10-31 08:00:00.008
1761926400007,-5.867e-05,2025-10-31 16:00:00.007
1761955200001,-0.00012497,2025-11-01 00:00:00.001
1761984000000,-0.00026867,2025-11-01 08:00:00.000
1762012800000,-0.00014694,2025-11-01 16:00:00.000
1762041600007,-0.00023417,2025-11-02 00:00:00.007
1762070400000,-0.00021013,2025-11-02 08:00:00.000
1762099200001,-0.00043606,2025-11-02 16:00:00.001
1762128000000,-0.00037558,2025-11-03 00:00:00.000
1762156800010,-0.00084862,2025-11-03 08:00:00.010
1762185600000,-0.00057274,2025-11-03 16:00:00.000
1762214400002,0.0001,2025-11-04 00:00:00.002
1762243200004,4.149e-05,2025-11-04 08:00:00.004
1762272000000,4.019e-05,2025-11-04 16:00:00.000
1762300800000,-0.00013202,2025-11-05 00:00:00.000
1762329600000,-0.0001655,2025-11-05 08:00:00.000
1762358400004,-2.404e-05,2025-11-05 16:00:00.004
1762387200001,-7.497e-05,2025-11-06 00:00:00.001
1762416000000,-0.00038018,2025-11-06 08:00:00.000
1762444800001,-0.00041029,2025-11-06 16:00:00.001
1762473600005,-0.00055851,2025-11-07 00:00:00.005
1762502400003,0.0001,2025-11-07 08:00:00.003
1762531200005,-7.02e-06,2025-11-07 16:00:00.005
1762560000011,9.033e-05,2025-11-08 00:00:00.011
1762588800015,5.5e-07,2025-11-08 08:00:00.015
1762617600001,-0.00034759,2025-11-08 16:00:00.001
1762646400004,-0.00026617,2025-11-09 00:00:00.004
1762675200000,-0.00033188,2025-11-09 08:00:00.000
1762704000005,-0.00049598,2025-11-09 16:00:00.005
1762732800000,-0.00012827,2025-11-10 00:00:00.000
1762761600000,-0.0003166,2025-11-10 08:00:00.000
1762790400003,-0.00022997,2025-11-10 16:00:00.003
1762819200007,4.742e-05,2025-11-11 00:00:00.007
1762848000000,-0.00030836,2025-11-11 08:00:00.000
1762876800009,-0.00013347,2025-11-11 16:00:00.009
1762905600000,-0.00050733,2025-11-12 00:00:00.000
1762934400002,-0.00010133,2025-11-12 08:00:00.002
1762963200000,3.12e-06,2025-11-12 16:00:00.000
1762992000002,-0.00024057,2025-11-13 00:00:00.002
1763020800000,3.442e-05,2025-11-13 08:00:00.000
1763049600001,7.686e-05,2025-11-13 16:00:00.001
1763078400000,-0.00048186,2025-11-14 00:00:00.000
1763107200000,-3.977e-05,2025-11-14 08:00:00.000
1763136000001,-0.00016125,2025-11-14 16:00:00.001
1763164800005,-0.00022403,2025-11-15 00:00:00.005
1763193600000,-0.00013956,2025-11-15 08:00:00.000
1763222400001,-4.337e-05,2025-11-15 16:00:00.001
1763251200001,4.676e-05,2025-11-16 00:00:00.001
1763280000000,0.0001,2025-11-16 08:00:00.000
1763308800000,9.372e-05,2025-11-16 16:00:00.000
1763337600003,-0.00026425,2025-11-17 00:00:00.003
1763366400003,-2.458e-05,2025-11-17 08:00:00.003
1763395200000,-5.871e-05,2025-11-17 16:00:00.000
1763424000002,-9.991e-05,2025-11-18 00:00:00.002
1763452800004,0.0001,2025-11-18 08:00:00.004
1763481600000,0.0001,2025-11-18 16:00:00.000
1763510400000,0.0001,2025-11-19 00:00:00.000
1763539200000,-0.00019182,2025-11-19 08:00:00.000
1763568000008,0.0001,2025-11-19 16:00:00.008
1763596800000,7.427e-05,2025-11-20 00:00:00.000
1763625600000,0.0001,2025-11-20 08:00:00.000
1763654400000,4.517e-05,2025-11-20 16:00:00.000
1763683200001,-0.00015244,2025-11-21 00:00:00.001
1763712000000,-5.486e-05,2025-11-21 08:00:00.000
1763740800001,-0.0002378,2025-11-21 16:00:00.001
1763769600004,-0.00029982,2025-11-22 00:00:00.004
1763798400000,3.303e-05,2025-11-22 08:00:00.000
1763827200000,-0.00019499,2025-11-22 16:00:00.000
1763856000000,0.0001,2025-11-23 00:00:00.000
1763884800008,-0.00014413,2025-11-23 08:00:00.008
1763913600003,3.254e-05,2025-11-23 16:00:00.003
1763942400004,-0.00011628,2025-11-24 00:00:00.004
1763971200000,-6.038e-05,2025-11-24 08:00:00.000
1764000000006,-0.00011248,2025-11-24 16:00:00.006
1764028800000,-1.596e-05,2025-11-25 00:00:00.000
1764057600009,-0.00016536,2025-11-25 08:00:00.009
1764086400007,-0.00022487,2025-11-25 16:00:00.007
1764115200001,0.0001,2025-11-26 00:00:00.001
1764144000001,-8.18e-05,2025-11-26 08:00:00.001
1764172800000,-0.00034967,2025-11-26 16:00:00.000
1764201600013,-5.633e-05,2025-11-27 00:00:00.013
1764230400000,6.069e-05,2025-11-27 08:00:00.000
1764259200004,1.522e-05,2025-11-27 16:00:00.004
1764288000008,-0.00021676,2025-11-28 00:00:00.008
1764316800000,-0.0003603,2025-11-28 08:00:00.000
1764345600008,-6.882e-05,2025-11-28 16:00:00.008
1764374400000,-0.00017591,2025-11-29 00:00:00.000
1764403200005,-0.00012775,2025-11-29 08:00:00.005
1764432000001,-0.00035387,2025-11-29 16:00:00.001
1764460800003,-0.00031771,2025-11-30 00:00:00.003
1764489600000,0.0001,2025-11-30 08:00:00.000
1764518400004,5.24e-05,2025-11-30 16:00:00.004
1764547200000,-0.00013953,2025-12-01 00:00:00.000
1764576000004,-0.00060454,2025-12-01 08:00:00.004
1764604800000,-0.00042107,2025-12-01 16:00:00.000
1764633600004,-0.00014276,2025-12-02 00:00:00.004
1764662400000,-0.00048721,2025-12-02 08:00:00.000
1764691200000,3.636e-05,2025-12-02 16:00:00.000
1764720000000,0.0001,2025-12-03 00:00:00.000
1764748800000,-4.84e-06,2025-12-03 08:00:00.000
1764777600005,-0.00027346,2025-12-03 16:00:00.005
1764806400012,-3.11e-06,2025-12-04 00:00:00.012
1764835200000,0.0001,2025-12-04 08:00:00.000
1764864000011,0.0001,2025-12-04 16:00:00.011
1764892800000,0.0001,2025-12-05 00:00:00.000
1764921600000,0.0001,2025-12-05 08:00:00.000
1764950400010,9.692e-05,2025-12-05 16:00:00.010
1764979200001,9.767e-05,2025-12-06 00:00:00.001
1765008000001,-0.0001002,2025-12-06 08:00:00.001
1765036800008,-4.56e-05,2025-12-06 16:00:00.008
1765065600000,-2.612e-05,2025-12-07 00:00:00.000
1765094400004,3.5e-06,2025-12-07 08:00:00.004
1765123200000,-7.8e-05,2025-12-07 16:00:00.000
1765152000000,-1.349e-05,2025-12-08 00:00:00.000
1765180800000,0.0001,2025-12-08 08:00:00.000
1765209600001,0.0001,2025-12-08 16:00:00.001
1765238400001,0.0001,2025-12-09 00:00:00.001
1765267200001,-9.912e-05,2025-12-09 08:00:00.001
1765296000007,-4.47e-06,2025-12-09 16:00:00.007
1765324800007,0.0001,2025-12-10 00:00:00.007
1765353600002,-0.00027979,2025-12-10 08:00:00.002
1765382400012,-0.00019056,2025-12-10 16:00:00.012
1765411200001,-0.00037281,2025-12-11 00:00:00.001
1765440000000,-0.00034268,2025-12-11 08:00:00.000
1765468800000,-0.00061091,2025-12-11 16:00:00.000
1765497600005,-0.0010808,2025-12-12 00:00:00.005
1765526400007,-0.00062559,2025-12-12 08:00:00.007
1765555200002,-0.00033154,2025-12-12 16:00:00.002
1765584000001,-0.00021414,2025-12-13 00:00:00.001
1765612800006,-9.644e-05,2025-12-13 08:00:00.006
1765641600000,-0.0003936,2025-12-13 16:00:00.000
1765670400000,4.107e-05,2025-12-14 00:00:00.000
1765699200003,-0.00031322,2025-12-14 08:00:00.003
1765728000005,-0.00047751,2025-12-14 16:00:00.005
1765756800000,-0.00025266,2025-12-15 00:00:00.000
1765785600000,-0.00044659,2025-12-15 08:00:00.000
1765814400000,-0.00013834,2025-12-15 16:00:00.000
1765843200002,-0.00038645,2025-12-16 00:00:00.002
1765872000000,-0.00015586,2025-12-16 08:00:00.000
1765900800002,5.874e-05,2025-12-16 16:00:00.002
1765929600004,-0.00024749,2025-12-17 00:00:00.004
1765958400000,-9.851e-05,2025-12-17 08:00:00.000
1765987200000,-0.00016128,2025-12-17 16:00:00.000
1766016000005,3.155e-05,2025-12-18 00:00:00.005
1766044800007,-7.755e-05,2025-12-18 08:00:00.007
1766073600001,-0.00010171,2025-12-18 16:00:00.001
1766102400000,-0.00014661,2025-12-19 00:00:00.000
1766131200001,0.0001,2025-12-19 08:00:00.001
1766160000000,5.964e-05,2025-12-19 16:00:00.000
1766188800005,-3.09e-06,2025-12-20 00:00:00.005
1766217600000,-0.00035897,2025-12-20 08:00:00.000
1766246400002,-0.00045547,2025-12-20 16:00:00.002
1766275200000,-0.00031352,2025-12-21 00:00:00.000
1766304000009,-0.00027779,2025-12-21 08:00:00.009
1766332800000,-0.00054589,2025-12-21 16:00:00.000
1766361600000,2.267e-05,2025-12-22 00:00:00.000
1766390400005,0.0001,2025-12-22 08:00:00.005
1766419200009,-3.4e-05,2025-12-22 16:00:00.009
1766448000000,-6.199e-05,2025-12-23 00:00:00.000
1766476800000,-2.558e-05,2025-12-23 08:00:00.000
1766505600001,-0.00028861,2025-12-23 16:00:00.001
1766534400001,6.14e-06,2025-12-24 00:00:00.001
1766563200001,-1.236e-05,2025-12-24 08:00:00.001
1766592000000,-0.00022293,2025-12-24 16:00:00.000
1766620800000,-1.1e-06,2025-12-25 00:00:00.000
1766649600001,-3.534e-05,2025-12-25 08:00:00.001
1766678400005,6.496e-05,2025-12-25 16:00:00.005
1766707200004,-0.00031528,2025-12-26 00:00:00.004
1766736000001,-0.0003144,2025-12-26 08:00:00.001
1766764800007,0.0001,2025-12-26 16:00:00.007
1766793600000,0.0001,2025-12-27 00:00:00.000
1766822400000,0.0001,2025-12-27 08:00:00.000
1766851200011,-7.544e-05,2025-12-27 16:00:00.011
1766880000008,1.852e-05,2025-12-28 00:00:00.008
1766908800000,-5.357e-05,2025-12-28 08:00:00.000
1766937600000,0.0001,2025-12-28 16:00:00.000
1766966400016,-0.00034134,2025-12-29 00:00:00.016
1766995200001,4.203e-05,2025-12-29 08:00:00.001
1767024000000,-0.00024127,2025-12-29 16:00:00.000
1767052800005,-0.00035947,2025-12-30 00:00:00.005
1767081600001,-0.0002192,2025-12-30 08:00:00.001
1767110400003,-0.00029695,2025-12-30 16:00:00.003
1767139200004,1.381e-05,2025-12-31 00:00:00.004
1767168000001,-0.00012358,2025-12-31 08:00:00.001
1767196800001,9.306e-05,2025-12-31 16:00:00.001
1767225600008,-0.00012249,2026-01-01 00:00:00.008
1767254400002,0.0001,2026-01-01 08:00:00.002
1767283200001,4.898e-05,2026-01-01 16:00:00.001
1767312000006,0.0001,2026-01-02 00:00:00.006
1767340800007,-9.228e-05,2026-01-02 08:00:00.007
1767369600000,5.253e-05,2026-01-02 16:00:00.000
1767398400001,-4.162e-05,2026-01-03 00:00:00.001
1767427200000,-0.00014572,2026-01-03 08:00:00.000
1767456000000,-3.658e-05,2026-01-03 16:00:00.000
1767484800000,6.932e-05,2026-01-04 00:00:00.000
1767513600000,-0.00062566,2026-01-04 08:00:00.000
1767542400001,-1.83e-06,2026-01-04 16:00:00.001
1767571200000,-0.00031622,2026-01-05 00:00:00.000
1767600000000,-0.00027532,2026-01-05 08:00:00.000
1767628800000,2.018e-05,2026-01-05 16:00:00.000
1767657600010,9.928e-05,2026-01-06 00:00:00.010
1767686400000,-0.00026627,2026-01-06 08:00:00.000
1767715200000,-0.00034729,2026-01-06 16:00:00.000
1767744000001,-9.933e-05,2026-01-07 00:00:00.001
1767772800001,-3.51e-05,2026-01-07 08:00:00.001
1767801600001,-0.00038124,2026-01-07 16:00:00.001
1767830400001,-0.00019842,2026-01-08 00:00:00.001
1767859200000,-4.515e-05,2026-01-08 08:00:00.000
1767888000000,7.619e-05,2026-01-08 16:00:00.000
1767916800003,0.0001,2026-01-09 00:00:00.003
1767945600000,-2.19e-06,2026-01-09 08:00:00.000
1767974400001,4.237e-05,2026-01-09 16:00:00.001
1768003200000,0.0001,2026-01-10 00:00:00.000
1768032000002,8.848e-05,2026-01-10 08:00:00.002
1768060800001,0.0001,2026-01-10 16:00:00.001
1768089600003,-0.00023688,2026-01-11 00:00:00.003
1768118400006,0.0001,2026-01-11 08:00:00.006
1768147200000,4.12e-06,2026-01-11 16:00:00.000
1768176000005,-0.00029691,2026-01-12 00:00:00.005
1768204800000,-0.00019894,2026-01-12 08:00:00.000
1768233600000,-0.00011399,2026-01-12 16:00:00.000
1768262400007,-3.915e-05,2026-01-13 00:00:00.007
1768291200009,0.0001,2026-01-13 08:00:00.009
1768320000002,0.0001,2026-01-13 16:00:00.002
1768348800000,0.0001,2026-01-14 00:00:00.000
1768377600001,0.0001,2026-01-14 08:00:00.001
1768406400004,0.0001,2026-01-14 16:00:00.004
1768435200000,2.74e-05,2026-01-15 00:00:00.000
1768464000004,0.0001,2026-01-15 08:00:00.004
1768492800002,0.0001,2026-01-15 16:00:00.002
1768521600000,-4.718e-05,2026-01-16 00:00:00.000
1768550400000,-5.5e-06,2026-01-16 08:00:00.000
1768579200001,-0.00018676,2026-01-16 16:00:00.001
1768608000000,5.784e-05,2026-01-17 00:00:00.000
1768636800000,-3.468e-05,2026-01-17 08:00:00.000
1768665600002,-1.845e-05,2026-01-17 16:00:00.002
1768694400001,4.585e-05,2026-01-18 00:00:00.001
1768723200000,6.062e-05,2026-01-18 08:00:00.000
1768752000000,3.094e-05,2026-01-18 16:00:00.000
1768780800007,-0.00011259,2026-01-19 00:00:00.007
1768809600007,-0.00025353,2026-01-19 08:00:00.007
1768838400007,-0.00048729,2026-01-19 16:00:00.007
1768867200005,-0.00020912,2026-01-20 00:00:00.005
1768896000001,0.0001,2026-01-20 08:00:00.001
1768924800009,-0.00022588,2026-01-20 16:00:00.009
1768953600001,0.0001,2026-01-21 00:00:00.001
1768982400011,7.409e-05,2026-01-21 08:00:00.011
1769011200011,2.328e-05,2026-01-21 16:00:00.011
1769040000010,-2.11e-06,2026-01-22 00:00:00.010
1769068800003,-9.248e-05,2026-01-22 08:00:00.003
1769097600005,-0.00011491,2026-01-22 16:00:00.005
1769126400005,0.0001,2026-01-23 00:00:00.005
1769155200000,0.0001,2026-01-23 08:00:00.000
1769184000011,0.0001,2026-01-23 16:00:00.011
1769212800011,0.0001,2026-01-24 00:00:00.011
1769241600002,0.0001,2026-01-24 08:00:00.002
1769270400001,0.0001,2026-01-24 16:00:00.001
1769299200002,-0.00026579,2026-01-25 00:00:00.002
1769328000011,0.0001,2026-01-25 08:00:00.011
1769356800005,-1.886e-05,2026-01-25 16:00:00.005
1769385600000,0.0001,2026-01-26 00:00:00.000
1769414400003,0.0001,2026-01-26 08:00:00.003
1769443200000,0.0001,2026-01-26 16:00:00.000
1769472000002,0.0001,2026-01-27 00:00:00.002
1769500800000,0.0001,2026-01-27 08:00:00.000
1769529600000,0.0001,2026-01-27 16:00:00.000
1769558400000,4.344e-05,2026-01-28 00:00:00.000
1769587200000,0.0001,2026-01-28 08:00:00.000
1769616000000,-5.479e-05,2026-01-28 16:00:00.000
1769644800000,0.0001,2026-01-29 00:00:00.000
1769673600009,0.0001,2026-01-29 08:00:00.009
1769702400000,-0.00014956,2026-01-29 16:00:00.000
1769731200008,-0.00033879,2026-01-30 00:00:00.008
1769760000000,-0.00072316,2026-01-30 08:00:00.000
1769788800001,-0.00067009,2026-01-30 16:00:00.001
1769817600000,-0.00033832,2026-01-31 00:00:00.000
1769846400001,-0.00036032,2026-01-31 08:00:00.001
1769875200009,-7.68e-06,2026-01-31 16:00:00.009
1769904000001,0.0001,2026-02-01 00:00:00.001
1769932800004,0.0001,2026-02-01 08:00:00.004
1769961600000,-0.00021429,2026-02-01 16:00:00.000
1769990400000,0.0001,2026-02-02 00:00:00.000
1770019200014,-3.003e-05,2026-02-02 08:00:00.014
1770048000000,0.0001,2026-02-02 16:00:00.000
1770076800000,0.0001,2026-02-03 00:00:00.000
1770105600007,-0.00066957,2026-02-03 08:00:00.007
1770134400000,2.048e-05,2026-02-03 16:00:00.000
1770163200002,-0.00015915,2026-02-04 00:00:00.002
1770192000007,0.0001,2026-02-04 08:00:00.007
1770220800000,4.814e-05,2026-02-04 16:00:00.000
1770249600011,-5.35e-05,2026-02-05 00:00:00.011
1770278400000,-9.342e-05,2026-02-05 08:00:00.000
1770307200007,2.69e-05,2026-02-05 16:00:00.007
1770336000000,-6.276e-05,2026-02-06 00:00:00.000
1770364800001,7.032e-05,2026-02-06 08:00:00.001
1770393600000,-7.603e-05,2026-02-06 16:00:00.000
1770422400003,0.0001,2026-02-07 00:00:00.003
1770451200000,9.885e-05,2026-02-07 08:00:00.000
1770480000010,0.0001,2026-02-07 16:00:00.010
1770508800003,1.904e-05,2026-02-08 00:00:00.003
1770537600000,-0.00031236,2026-02-08 08:00:00.000
1770566400000,3.354e-05,2026-02-08 16:00:00.000
1770595200002,0.0001,2026-02-09 00:00:00.002
1770624000001,3.5e-05,2026-02-09 08:00:00.001
1770652800007,6.718e-05,2026-02-09 16:00:00.007
1770681600000,-0.00020606,2026-02-10 00:00:00.000
1770710400007,-0.00033529,2026-02-10 08:00:00.007
1770739200000,-0.00050896,2026-02-10 16:00:00.000
1770768000000,-0.00017398,2026-02-11 00:00:00.000
1770796800006,-0.00024346,2026-02-11 08:00:00.006
1770825600000,-0.00010836,2026-02-11 16:00:00.000
1770854400000,-7.94e-06,2026-02-12 00:00:00.000
1770883200001,0.0001,2026-02-12 08:00:00.001
1770912000001,-0.0001566,2026-02-12 16:00:00.001
1770940800007,-0.00058856,2026-02-13 00:00:00.007
1770969600003,-0.00084987,2026-02-13 08:00:00.003
1770998400005,-0.00020359,2026-02-13 16:00:00.005
1771027200002,9.021e-05,2026-02-14 00:00:00.002
1771056000004,-0.00026223,2026-02-14 08:00:00.004
1771084800002,0.0001,2026-02-14 16:00:00.002
1771113600000,0.0001,2026-02-15 00:00:00.000
1771142400002,1.133e-05,2026-02-15 08:00:00.002
1771171200000,-9.035e-05,2026-02-15 16:00:00.000
1771200000001,-0.00023112,2026-02-16 00:00:00.001
1771228800003,-0.00022676,2026-02-16 08:00:00.003
1771257600000,2.188e-05,2026-02-16 16:00:00.000
1771286400008,3.065e-05,2026-02-17 00:00:00.008
1771315200001,0.0001,2026-02-17 08:00:00.001
1771344000002,-8.617e-05,2026-02-17 16:00:00.002
1771372800000,-6.573e-05,2026-02-18 00:00:00.000
1771401600000,4.931e-05,2026-02-18 08:00:00.000
1771430400011,-0.00052737,2026-02-18 16:00:00.011
1771459200013,-0.00087536,2026-02-19 00:00:00.013
1771488000000,0.0001,2026-02-19 08:00:00.000
1771516800003,-0.00057475,2026-02-19 16:00:00.003
1771545600000,-0.00018482,2026-02-20 00:00:00.000
1771574400000,-0.0007028,2026-02-20 08:00:00.000
1771603200000,-0.00071752,2026-02-20 16:00:00.000
1771632000004,0.0001,2026-02-21 00:00:00.004
1771660800000,-0.00014512,2026-02-21 08:00:00.000
1771689600005,-0.00017183,2026-02-21 16:00:00.005
1771718400001,-0.0005866,2026-02-22 00:00:00.001
1771747200004,-0.00076016,2026-02-22 08:00:00.004
1771776000000,-0.00095423,2026-02-22 16:00:00.000
1771804800001,-0.00099163,2026-02-23 00:00:00.001
1771833600000,-0.00099491,2026-02-23 08:00:00.000
1771862400000,-0.00014214,2026-02-23 16:00:00.000
1771891200007,5.579e-05,2026-02-24 00:00:00.007
1771920000000,0.0001,2026-02-24 08:00:00.000
1771948800001,-0.00011307,2026-02-24 16:00:00.001
1771977600001,-0.00043326,2026-02-25 00:00:00.001
1772006400007,-6.485e-05,2026-02-25 08:00:00.007
1772035200000,3.872e-05,2026-02-25 16:00:00.000
1772064000000,0.0001,2026-02-26 00:00:00.000
1772092800006,0.0001,2026-02-26 08:00:00.006
1772121600002,0.0001,2026-02-26 16:00:00.002
1772150400007,0.0001,2026-02-27 00:00:00.007
1772179200000,0.0001,2026-02-27 08:00:00.000
1772208000001,-0.00045809,2026-02-27 16:00:00.001
1772236800000,-9.002e-05,2026-02-28 00:00:00.000
1772265600000,-0.00039171,2026-02-28 08:00:00.000
1772294400004,-0.00049031,2026-02-28 16:00:00.004
1772323200005,-5.679e-05,2026-03-01 00:00:00.005
1772352000000,1.708e-05,2026-03-01 08:00:00.000
1772380800002,-0.00025004,2026-03-01 16:00:00.002
1772409600001,-0.00018268,2026-03-02 00:00:00.001
1772438400007,-0.00028003,2026-03-02 08:00:00.007
1772467200000,0.0001,2026-03-02 16:00:00.000
1772496000000,-0.00098693,2026-03-03 00:00:00.000
1772524800000,-0.00052439,2026-03-03 08:00:00.000
1772553600007,-0.00088622,2026-03-03 16:00:00.007
1772582400001,-0.00044448,2026-03-04 00:00:00.001
1772611200005,-0.00042571,2026-03-04 08:00:00.005
1772640000000,-7.138e-05,2026-03-04 16:00:00.000
1772668800000,-0.00018709,2026-03-05 00:00:00.000
1772697600000,-0.00107746,2026-03-05 08:00:00.000
1772726400004,-0.00036143,2026-03-05 16:00:00.004
1772755200001,-0.00022806,2026-03-06 00:00:00.001
1772784000001,0.0001,2026-03-06 08:00:00.001
1772812800004,-0.00065388,2026-03-06 16:00:00.004
1772841600001,-0.00053771,2026-03-07 00:00:00.001
1772870400012,-0.00067961,2026-03-07 08:00:00.012
1772899200001,-8.15e-05,2026-03-07 16:00:00.001
1772928000001,-0.00022252,2026-03-08 00:00:00.001
1772956800000,-0.00031232,2026-03-08 08:00:00.000
1772985600002,-0.00032781,2026-03-08 16:00:00.002
1773014400000,-0.00030238,2026-03-09 00:00:00.000
1773043200004,-0.00016198,2026-03-09 08:00:00.004
1773072000003,-0.0008229,2026-03-09 16:00:00.003
1773100800012,-0.00087723,2026-03-10 00:00:00.012
1773129600002,-0.0002234,2026-03-10 08:00:00.002
1773158400001,3.466e-05,2026-03-10 16:00:00.001
1773187200000,-0.00036723,2026-03-11 00:00:00.000
1773216000007,-0.0003068,2026-03-11 08:00:00.007
1773244800010,-0.00038147,2026-03-11 16:00:00.010
1773273600000,-0.00051466,2026-03-12 00:00:00.000
1773302400000,-0.00050843,2026-03-12 08:00:00.000
1773331200000,-0.00020239,2026-03-12 16:00:00.000
1773360000006,0.0001,2026-03-13 00:00:00.006
1773388800001,0.0001,2026-03-13 08:00:00.001
1773417600000,3.586e-05,2026-03-13 16:00:00.000
1773446400001,0.0001,2026-03-14 00:00:00.001
1773475200000,1.633e-05,2026-03-14 08:00:00.000
1773504000007,-6.716e-05,2026-03-14 16:00:00.007
1773532800000,-8.31e-06,2026-03-15 00:00:00.000
1773561600000,-0.00010409,2026-03-15 08:00:00.000
1773590400000,0.0001,2026-03-15 16:00:00.000
1773619200000,0.0001,2026-03-16 00:00:00.000
1773648000010,6.296e-05,2026-03-16 08:00:00.010
1773676800000,-3.003e-05,2026-03-16 16:00:00.000
1773705600000,-1.094e-05,2026-03-17 00:00:00.000
1773734400002,-0.00020277,2026-03-17 08:00:00.002
1773763200011,3.891e-05,2026-03-17 16:00:00.011
1773792000002,0.0001,2026-03-18 00:00:00.002
1773820800002,0.0001,2026-03-18 08:00:00.002
1773849600005,6.389e-05,2026-03-18 16:00:00.005
1773878400000,-7.5e-07,2026-03-19 00:00:00.000
1773907200003,-8.711e-05,2026-03-19 08:00:00.003
1773936000003,-3.158e-05,2026-03-19 16:00:00.003
1773964800002,5.588e-05,2026-03-20 00:00:00.002
1773993600000,0.0001,2026-03-20 08:00:00.000
1774022400000,-2.919e-05,2026-03-20 16:00:00.000
1774051200000,4.552e-05,2026-03-21 00:00:00.000
1774080000000,9.763e-05,2026-03-21 08:00:00.000
1774108800014,6.68e-06,2026-03-21 16:00:00.014
1774137600012,-1.928e-05,2026-03-22 00:00:00.012
1774166400007,3.128e-05,2026-03-22 08:00:00.007
1774195200002,-0.00024898,2026-03-22 16:00:00.002
1774224000000,-0.00016295,2026-03-23 00:00:00.000
1774252800003,6.655e-05,2026-03-23 08:00:00.003
1774281600002,-0.00018197,2026-03-23 16:00:00.002
1774310400000,-0.0003549,2026-03-24 00:00:00.000
1774339200000,1.185e-05,2026-03-24 08:00:00.000
1774368000003,-1.911e-05,2026-03-24 16:00:00.003
1774396800000,-0.00016442,2026-03-25 00:00:00.000
1774425600000,0.0001,2026-03-25 08:00:00.000
1774454400013,6.099e-05,2026-03-25 16:00:00.013
1774483200001,2.156e-05,2026-03-26 00:00:00.001
1774512000001,-0.00066383,2026-03-26 08:00:00.001
1774540800000,-0.00032263,2026-03-26 16:00:00.000
1774569600006,-0.00039909,2026-03-27 00:00:00.006
1774598400000,1.73e-05,2026-03-27 08:00:00.000
1774627200000,-8.014e-05,2026-03-27 16:00:00.000
1774656000005,-0.00018859,2026-03-28 00:00:00.005
1774684800005,-0.00013634,2026-03-28 08:00:00.005
1774713600000,-0.00013013,2026-03-28 16:00:00.000
1774742400003,-0.00011709,2026-03-29 00:00:00.003
1774771200001,-0.00028182,2026-03-29 08:00:00.001
1774800000000,-0.00038734,2026-03-29 16:00:00.000
1774828800000,-4.561e-05,2026-03-30 00:00:00.000
1774857600005,9.981e-05,2026-03-30 08:00:00.005
1774886400000,4.308e-05,2026-03-30 16:00:00.000
1774915200000,-0.00017818,2026-03-31 00:00:00.000
1774944000000,2.686e-05,2026-03-31 08:00:00.000
1774972800000,-0.00011142,2026-03-31 16:00:00.000
1775001600000,-0.00039462,2026-04-01 00:00:00.000
1775030400000,-0.00059017,2026-04-01 08:00:00.000
1775059200000,-0.00023515,2026-04-01 16:00:00.000
1775088000003,-0.00040024,2026-04-02 00:00:00.003
1775116800001,-0.00030513,2026-04-02 08:00:00.001
1775145600001,-0.00015367,2026-04-02 16:00:00.001
1775174400000,-0.00012123,2026-04-03 00:00:00.000
1775203200008,-5.43e-05,2026-04-03 08:00:00.008
1775232000008,-0.00012431,2026-04-03 16:00:00.008
1775260800000,-0.0002908,2026-04-04 00:00:00.000
1775289600003,-5.976e-05,2026-04-04 08:00:00.003
1775318400000,-7.057e-05,2026-04-04 16:00:00.000
1775347200008,-6.899e-05,2026-04-05 00:00:00.008
1775376000000,-0.00016686,2026-04-05 08:00:00.000
1775404800001,-0.00020294,2026-04-05 16:00:00.001
1775433600004,-4.386e-05,2026-04-06 00:00:00.004
1775462400001,-0.00015311,2026-04-06 08:00:00.001
1775491200003,-3.8e-05,2026-04-06 16:00:00.003
1775520000000,-0.00030032,2026-04-07 00:00:00.000
1775548800000,4e-06,2026-04-07 08:00:00.000
1775577600000,-0.0003537,2026-04-07 16:00:00.000
1775606400000,6.609e-05,2026-04-08 00:00:00.000
1775635200000,-2.538e-05,2026-04-08 08:00:00.000
1775664000006,-0.00022028,2026-04-08 16:00:00.006
1775692800000,8.45e-06,2026-04-09 00:00:00.000
1775721600010,-8.502e-05,2026-04-09 08:00:00.010
1775750400001,-0.00027364,2026-04-09 16:00:00.001
1775779200000,3.966e-05,2026-04-10 00:00:00.000
1775808000005,-0.00037168,2026-04-10 08:00:00.005
1775836800000,-5.871e-05,2026-04-10 16:00:00.000
1775865600000,5.953e-05,2026-04-11 00:00:00.000
1775894400000,-0.0003312,2026-04-11 08:00:00.000
1775923200003,-0.00023554,2026-04-11 16:00:00.003
1775952000000,-6.952e-05,2026-04-12 00:00:00.000
1775980800000,-0.00011874,2026-04-12 08:00:00.000
1776009600000,-0.00020244,2026-04-12 16:00:00.000
1776038400011,-2.469e-05,2026-04-13 00:00:00.011
1776067200006,-0.00011711,2026-04-13 08:00:00.006
1776096000000,-8.01e-06,2026-04-13 16:00:00.000
1776124800005,0.0001,2026-04-14 00:00:00.005
1776153600003,-0.000218,2026-04-14 08:00:00.003
1776182400001,-0.000137,2026-04-14 16:00:00.001
1776211200000,-0.00017975,2026-04-15 00:00:00.000
1776240000000,-0.00018899,2026-04-15 08:00:00.000
1776268800000,7.396e-05,2026-04-15 16:00:00.000
1776297600013,0.0001,2026-04-16 00:00:00.013
1776326400000,0.0001,2026-04-16 08:00:00.000
1776355200000,0.0001,2026-04-16 16:00:00.000
1776384000001,0.0001,2026-04-17 00:00:00.001
1776412800011,0.0001,2026-04-17 08:00:00.011
1776441600001,-3e-07,2026-04-17 16:00:00.001
1776470400001,-1.03e-06,2026-04-18 00:00:00.001
1776499200006,0.0001,2026-04-18 08:00:00.006
1776528000000,-0.00014188,2026-04-18 16:00:00.000
1776556800002,-0.00012541,2026-04-19 00:00:00.002
1776585600010,-0.00013495,2026-04-19 08:00:00.010
1776614400001,-4.3e-05,2026-04-19 16:00:00.001
1776643200000,-6.002e-05,2026-04-20 00:00:00.000
1776672000000,-6.24e-05,2026-04-20 08:00:00.000
1776700800001,3.851e-05,2026-04-20 16:00:00.001
1776729600000,-6.963e-05,2026-04-21 00:00:00.000
1776758400004,-3.38e-05,2026-04-21 08:00:00.004
1776787200004,0.0001,2026-04-21 16:00:00.004
1776816000004,0.0001,2026-04-22 00:00:00.004
1776844800000,-5.441e-05,2026-04-22 08:00:00.000
1776873600000,1.265e-05,2026-04-22 16:00:00.000
1776902400000,0.0001,2026-04-23 00:00:00.000
1776931200000,0.0001,2026-04-23 08:00:00.000
1776960000004,6.29e-05,2026-04-23 16:00:00.004
1776988800006,2.98e-06,2026-04-24 00:00:00.006
1777017600000,7.518e-05,2026-04-24 08:00:00.000
1777046400000,-1.132e-05,2026-04-24 16:00:00.000
1777075200000,3.269e-05,2026-04-25 00:00:00.000
1777104000002,5.908e-05,2026-04-25 08:00:00.002
1777132800002,-0.00010108,2026-04-25 16:00:00.002
1777161600003,-0.00027122,2026-04-26 00:00:00.003
1777190400007,-7.413e-05,2026-04-26 08:00:00.007
1777219200004,0.0001,2026-04-26 16:00:00.004
1777248000004,-9.44e-06,2026-04-27 00:00:00.004
1777276800000,-4.954e-05,2026-04-27 08:00:00.000
1777305600002,-8.345e-05,2026-04-27 16:00:00.002
1777334400001,5.005e-05,2026-04-28 00:00:00.001
1777363200000,-0.00013997,2026-04-28 08:00:00.000
1777392000004,-3.842e-05,2026-04-28 16:00:00.004
1777420800006,2.038e-05,2026-04-29 00:00:00.006
1777449600011,-0.00015881,2026-04-29 08:00:00.011
1777478400003,-0.00012183,2026-04-29 16:00:00.003
1777507200002,-0.00031358,2026-04-30 00:00:00.002
1777536000000,-1.641e-05,2026-04-30 08:00:00.000
1777564800000,-0.00019183,2026-04-30 16:00:00.000
1777593600000,-0.00028034,2026-05-01 00:00:00.000
1777622400005,-9.084e-05,2026-05-01 08:00:00.005
1777651200000,-0.00010015,2026-05-01 16:00:00.000
1777680000006,-0.00033356,2026-05-02 00:00:00.006
1777708800000,-0.00016203,2026-05-02 08:00:00.000
1777737600010,8.416e-05,2026-05-02 16:00:00.010
1777766400005,9.256e-05,2026-05-03 00:00:00.005
1777795200003,-9.546e-05,2026-05-03 08:00:00.003
1777824000000,-5.261e-05,2026-05-03 16:00:00.000
1777852800000,-5.339e-05,2026-05-04 00:00:00.000
1777881600000,6.157e-05,2026-05-04 08:00:00.000
1777910400003,-4.956e-05,2026-05-04 16:00:00.003
1777939200000,-6.496e-05,2026-05-05 00:00:00.000
1777968000011,0.0001,2026-05-05 08:00:00.011
1777996800000,-0.00012675,2026-05-05 16:00:00.000
1778025600010,8.8e-06,2026-05-06 00:00:00.010
1778054400000,8.764e-05,2026-05-06 08:00:00.000
1778083200002,8.8e-07,2026-05-06 16:00:00.002
1778112000000,0.0001,2026-05-07 00:00:00.000
1778140800000,2.647e-05,2026-05-07 08:00:00.000
1778169600004,6.772e-05,2026-05-07 16:00:00.004
1778198400003,8.761e-05,2026-05-08 00:00:00.003
1778227200002,0.0001,2026-05-08 08:00:00.002
1778256000003,0.0001,2026-05-08 16:00:00.003
1778284800000,0.0001,2026-05-09 00:00:00.000
1778313600001,-2.216e-05,2026-05-09 08:00:00.001
1778342400002,-3.043e-05,2026-05-09 16:00:00.002
1778371200003,6.391e-05,2026-05-10 00:00:00.003
1778400000000,6.44e-05,2026-05-10 08:00:00.000
1778428800000,8.087e-05,2026-05-10 16:00:00.000
1778457600000,6.048e-05,2026-05-11 00:00:00.000
1778486400000,3.467e-05,2026-05-11 08:00:00.000
1778515200000,2.392e-05,2026-05-11 16:00:00.000
1778544000002,2.561e-05,2026-05-12 00:00:00.002
1778572800008,9.201e-05,2026-05-12 08:00:00.008
1778601600000,-9.5e-06,2026-05-12 16:00:00.000
1778630400010,3.059e-05,2026-05-13 00:00:00.010
1778659200003,3.615e-05,2026-05-13 08:00:00.003
1778688000001,-0.00027607,2026-05-13 16:00:00.001
1778716800005,-4.886e-05,2026-05-14 00:00:00.005
1778745600000,-2.801e-05,2026-05-14 08:00:00.000
1778774400000,-0.00017542,2026-05-14 16:00:00.000
1778803200000,-0.00028184,2026-05-15 00:00:00.000
1778832000016,-0.00015379,2026-05-15 08:00:00.016
1778860800012,-0.00018719,2026-05-15 16:00:00.012
1778889600005,9.36e-06,2026-05-16 00:00:00.005
1778918400000,-0.0002777,2026-05-16 08:00:00.000
1778947200005,-0.00018039,2026-05-16 16:00:00.005
1778976000000,-8.444e-05,2026-05-17 00:00:00.000
1779004800010,8.6e-07,2026-05-17 08:00:00.010
1779033600009,-0.00017336,2026-05-17 16:00:00.009
1779062400007,-0.0001409,2026-05-18 00:00:00.007
1779091200002,1.44e-05,2026-05-18 08:00:00.002
1779120000007,-0.00011633,2026-05-18 16:00:00.007
1779148800001,-1e-06,2026-05-19 00:00:00.001
1779177600001,2.172e-05,2026-05-19 08:00:00.001
1779206400009,4.587e-05,2026-05-19 16:00:00.009
1779235200001,-0.00013922,2026-05-20 00:00:00.001
1779264000006,3.59e-06,2026-05-20 08:00:00.006
1779292800000,-2.051e-05,2026-05-20 16:00:00.000
1779321600001,3.85e-06,2026-05-21 00:00:00.001
1779350400000,-3.22e-06,2026-05-21 08:00:00.000
1779379200000,1.805e-05,2026-05-21 16:00:00.000
1779408000000,6e-08,2026-05-22 00:00:00.000
1779436800004,6.868e-05,2026-05-22 08:00:00.004
1779465600001,-3e-06,2026-05-22 16:00:00.001
1779494400009,-2.258e-05,2026-05-23 00:00:00.009
1779523200001,-0.00031075,2026-05-23 08:00:00.001
1779552000003,-0.00027269,2026-05-23 16:00:00.003
1779580800011,-1.079e-05,2026-05-24 00:00:00.011
1779609600008,-5.308e-05,2026-05-24 08:00:00.008
1779638400000,-0.00024568,2026-05-24 16:00:00.000
1779667200001,-0.00020776,2026-05-25 00:00:00.001
1779696000001,8.763e-05,2026-05-25 08:00:00.001
1779724800001,5.993e-05,2026-05-25 16:00:00.001
1779753600000,6.96e-05,2026-05-26 00:00:00.000
1779782400003,5.733e-05,2026-05-26 08:00:00.003
1779811200000,-5.887e-05,2026-05-26 16:00:00.000
1779840000000,-8.272e-05,2026-05-27 00:00:00.000
1779868800004,-0.00027906,2026-05-27 08:00:00.004
1779897600009,6.889e-05,2026-05-27 16:00:00.009
1779926400001,-7.06e-05,2026-05-28 00:00:00.001
1779955200000,-0.00010658,2026-05-28 08:00:00.000
1779984000001,6.196e-05,2026-05-28 16:00:00.001
1780012800000,-0.00032587,2026-05-29 00:00:00.000
1780041600001,2.013e-05,2026-05-29 08:00:00.001
1780070400008,-0.00019969,2026-05-29 16:00:00.008
1780099200000,-2.832e-05,2026-05-30 00:00:00.000
1780128000001,-1.426e-05,2026-05-30 08:00:00.001
1780156800000,2.492e-05,2026-05-30 16:00:00.000
1780185600000,-2.692e-05,2026-05-31 00:00:00.000
1780214400000,-1.799e-05,2026-05-31 08:00:00.000
1780243200004,-0.0001373,2026-05-31 16:00:00.004
1780272000001,2.6e-06,2026-06-01 00:00:00.001
1780300800001,-0.00014414,2026-06-01 08:00:00.001
1780329600000,7.658e-05,2026-06-01 16:00:00.000
1780358400000,0.0001,2026-06-02 00:00:00.000
1780387200000,6.388e-05,2026-06-02 08:00:00.000
1780416000000,-0.00015601,2026-06-02 16:00:00.000
1780444800013,-0.00044326,2026-06-03 00:00:00.013
1780473600000,-0.00019231,2026-06-03 08:00:00.000
1780502400001,-0.00016385,2026-06-03 16:00:00.001
1780531200009,-0.00039523,2026-06-04 00:00:00.009
1780560000000,-0.00088448,2026-06-04 08:00:00.000
1780588800003,-0.00102323,2026-06-04 16:00:00.003
1780617600000,-0.00198004,2026-06-05 00:00:00.000
1780646400004,-0.00053112,2026-06-05 08:00:00.004
1780675200009,-0.00038192,2026-06-05 16:00:00.009
1780704000000,-0.0006906,2026-06-06 00:00:00.000
1780732800000,-0.00036187,2026-06-06 08:00:00.000
1780761600000,-0.00045402,2026-06-06 16:00:00.000
1780790400001,-0.00051589,2026-06-07 00:00:00.001
1780819200000,-0.00075465,2026-06-07 08:00:00.000
