timestamp,funding_rate,datetime
1733846400000,5e-05,2024-12-10 16:00:00.000
1733860800001,5e-05,2024-12-10 20:00:00.001
1733875200000,5e-05,2024-12-11 00:00:00.000
1733889600000,5e-05,2024-12-11 04:00:00.000
1733904000000,5e-05,2024-12-11 08:00:00.000
1733918400000,5e-05,2024-12-11 12:00:00.000
1733932800001,0.00034335,2024-12-11 16:00:00.001
1733947200000,0.00048564,2024-12-11 20:00:00.000
1733961600001,0.00048074,2024-12-12 00:00:00.001
1733976000000,0.00052868,2024-12-12 04:00:00.000
1733990400000,0.00018596,2024-12-12 08:00:00.000
1734004800000,5e-05,2024-12-12 12:00:00.000
1734019200001,0.0003923,2024-12-12 16:00:00.001
1734033600000,0.00032353,2024-12-12 20:00:00.000
1734048000000,0.00075747,2024-12-13 00:00:00.000
1734062400000,0.00019143,2024-12-13 04:00:00.000
1734076800000,0.00015709,2024-12-13 08:00:00.000
1734091200000,0.0004313,2024-12-13 12:00:00.000
1734105600001,5e-05,2024-12-13 16:00:00.001
1734120000001,5e-05,2024-12-13 20:00:00.001
1734134400000,0.00012785,2024-12-14 00:00:00.000
1734148800000,5e-05,2024-12-14 04:00:00.000
1734163200000,5e-05,2024-12-14 08:00:00.000
1734177600000,5e-05,2024-12-14 12:00:00.000
1734192000000,5e-05,2024-12-14 16:00:00.000
1734206400000,5e-05,2024-12-14 20:00:00.000
1734220800000,5e-05,2024-12-15 00:00:00.000
1734235200000,5e-05,2024-12-15 04:00:00.000
1734249600000,5e-05,2024-12-15 08:00:00.000
1734264000000,0.00034331,2024-12-15 12:00:00.000
1734278400000,0.00053698,2024-12-15 16:00:00.000
1734292800001,0.00056577,2024-12-15 20:00:00.001
1734307200000,0.00033599,2024-12-16 00:00:00.000
1734321600000,0.00017891,2024-12-16 04:00:00.000
1734336000001,0.00046139,2024-12-16 08:00:00.001
1734350400000,0.00030295,2024-12-16 12:00:00.000
1734364800000,0.0003755,2024-12-16 16:00:00.000
1734379200000,0.00108112,2024-12-16 20:00:00.000
1734393600000,0.00061077,2024-12-17 00:00:00.000
1734408000000,5e-05,2024-12-17 04:00:00.000
1734422400000,5e-05,2024-12-17 08:00:00.000
1734436800000,0.0001556,2024-12-17 12:00:00.000
1734451200000,5e-05,2024-12-17 16:00:00.000
1734465600000,5e-05,2024-12-17 20:00:00.000
1734480000000,5e-05,2024-12-18 00:00:00.000
1734494400000,5e-05,2024-12-18 04:00:00.000
1734508800000,0.0001724,2024-12-18 08:00:00.000
1734523200000,5e-05,2024-12-18 12:00:00.000
1734537600000,5e-05,2024-12-18 16:00:00.000
1734552000000,5e-05,2024-12-18 20:00:00.000
1734566400000,5e-05,2024-12-19 00:00:00.000
1734580800000,5e-05,2024-12-19 04:00:00.000
1734595200000,-0.00043714,2024-12-19 08:00:00.000
1734609600000,-4.279e-05,2024-12-19 12:00:00.000
1734624000000,-0.00016439,2024-12-19 16:00:00.000
1734638400000,5e-05,2024-12-19 20:00:00.000
1734652800000,5e-05,2024-12-20 00:00:00.000
1734667200001,5e-05,2024-12-20 04:00:00.001
1734681600001,5e-05,2024-12-20 08:00:00.001
1734696000000,5e-05,2024-12-20 12:00:00.000
1734710400014,5e-05,2024-12-20 16:00:00.014
1734724800000,5e-05,2024-12-20 20:00:00.000
1734739200000,5e-05,2024-12-21 00:00:00.000
1734753600000,-1.935e-05,2024-12-21 04:00:00.000
1734768000000,-0.00022211,2024-12-21 08:00:00.000
1734782400000,5e-05,2024-12-21 12:00:00.000
1734796800001,5e-05,2024-12-21 16:00:00.001
1734811200000,5e-05,2024-12-21 20:00:00.000
1734825600000,-1.614e-05,2024-12-22 00:00:00.000
1734840000000,-0.00014083,2024-12-22 04:00:00.000
1734854400000,-0.00014862,2024-12-22 08:00:00.000
1734868800000,-0.00061891,2024-12-22 12:00:00.000
1734883200000,-5.811e-05,2024-12-22 16:00:00.000
1734897600000,-0.0005171,2024-12-22 20:00:00.000
1734912000000,3.505e-05,2024-12-23 00:00:00.000
1734926400000,5e-05,2024-12-23 04:00:00.000
1734940800000,5e-05,2024-12-23 08:00:00.000
1734955200000,5e-05,2024-12-23 12:00:00.000
1734969600001,5e-05,2024-12-23 16:00:00.001
1734984000000,0.00076141,2024-12-23 20:00:00.000
1734998400000,0.00077097,2024-12-24 00:00:00.000
1735012800000,8.99e-05,2024-12-24 04:00:00.000
1735027200000,0.00043195,2024-12-24 08:00:00.000
1735041600000,0.00027822,2024-12-24 12:00:00.000
1735056000001,0.00034102,2024-12-24 16:00:00.001
1735070400000,0.00034179,2024-12-24 20:00:00.000
1735084800001,0.00029392,2024-12-25 00:00:00.001
1735099200001,5.598e-05,2024-12-25 04:00:00.001
1735113600000,5e-05,2024-12-25 08:00:00.000
1735128000000,0.00017593,2024-12-25 12:00:00.000
1735142400000,0.00024879,2024-12-25 16:00:00.000
1735156800000,0.00069132,2024-12-25 20:00:00.000
1735171200000,0.00027588,2024-12-26 00:00:00.000
1735185600001,7.819e-05,2024-12-26 04:00:00.001
1735200000000,0.00025987,2024-12-26 08:00:00.000
1735214400000,5e-05,2024-12-26 12:00:00.000
1735228800000,5e-05,2024-12-26 16:00:00.000
1735243200001,5e-05,2024-12-26 20:00:00.001
1735257600000,5e-05,2024-12-27 00:00:00.000
1735272000000,5e-05,2024-12-27 04:00:00.000
1735286400000,5e-05,2024-12-27 08:00:00.000
1735300800000,5e-05,2024-12-27 12:00:00.000
1735315200000,0.00039617,2024-12-27 16:00:00.000
1735329600001,0.00020808,2024-12-27 20:00:00.001
1735344000001,0.00046658,2024-12-28 00:00:00.001
1735358400000,0.00012161,2024-12-28 04:00:00.000
1735372800000,5e-05,2024-12-28 08:00:00.000
1735387200000,5e-05,2024-12-28 12:00:00.000
1735401600000,5e-05,2024-12-28 16:00:00.000
1735416000000,5e-05,2024-12-28 20:00:00.000
1735430400000,5e-05,2024-12-29 00:00:00.000
1735444800000,5e-05,2024-12-29 04:00:00.000
1735459200000,5e-05,2024-12-29 08:00:00.000
1735473600000,5.095e-05,2024-12-29 12:00:00.000
1735488000000,5e-05,2024-12-29 16:00:00.000
1735502400000,5e-05,2024-12-29 20:00:00.000
1735516800000,5e-05,2024-12-30 00:00:00.000
1735531200001,5e-05,2024-12-30 04:00:00.001
1735545600001,5e-05,2024-12-30 08:00:00.001
1735560000000,5e-05,2024-12-30 12:00:00.000
1735574400000,5e-05,2024-12-30 16:00:00.000
1735588800000,5e-05,2024-12-30 20:00:00.000
1735603200000,0.00010941,2024-12-31 00:00:00.000
1735617600000,0.0001443,2024-12-31 04:00:00.000
1735632000000,5e-05,2024-12-31 08:00:00.000
1735646400001,5e-05,2024-12-31 12:00:00.001
1735660800000,0.00050153,2024-12-31 16:00:00.000
1735675200000,0.0006054,2024-12-31 20:00:00.000
1735689600015,0.00039097,2025-01-01 00:00:00.015
1735704000004,5e-05,2025-01-01 04:00:00.004
1735718400000,5e-05,2025-01-01 08:00:00.000
1735732800002,5e-05,2025-01-01 12:00:00.002
1735747200001,5e-05,2025-01-01 16:00:00.001
1735761600000,0.00015421,2025-01-01 20:00:00.000
1735776000000,9.392e-05,2025-01-02 00:00:00.000
1735790400000,0.00052046,2025-01-02 04:00:00.000
1735804800006,0.00061539,2025-01-02 08:00:00.006
1735819200007,0.00038893,2025-01-02 12:00:00.007
1735833600000,0.00019148,2025-01-02 16:00:00.000
1735848000001,0.00047109,2025-01-02 20:00:00.001
1735862400000,0.00014402,2025-01-03 00:00:00.000
1735876800001,0.00015881,2025-01-03 04:00:00.001
1735891200000,0.00042975,2025-01-03 08:00:00.000
1735905600000,7.51e-05,2025-01-03 12:00:00.000
1735920000000,0.00013026,2025-01-03 16:00:00.000
1735934400001,0.00019636,2025-01-03 20:00:00.001
1735948800000,0.00039907,2025-01-04 00:00:00.000
1735963200000,0.0004801,2025-01-04 04:00:00.000
1735977600000,0.00038273,2025-01-04 08:00:00.000
1735992000000,0.00016348,2025-01-04 12:00:00.000
1736006400000,0.00010616,2025-01-04 16:00:00.000
1736020800001,0.00038943,2025-01-04 20:00:00.001
1736035200000,0.00037008,2025-01-05 00:00:00.000
1736049600000,0.00010653,2025-01-05 04:00:00.000
1736064000000,5e-05,2025-01-05 08:00:00.000
1736078400000,5e-05,2025-01-05 12:00:00.000
1736092800000,0.000134,2025-01-05 16:00:00.000
1736107200000,0.00024609,2025-01-05 20:00:00.000
1736121600000,0.00017845,2025-01-06 00:00:00.000
1736136000000,0.00018741,2025-01-06 04:00:00.000
1736150400001,0.00015873,2025-01-06 08:00:00.001
1736164800000,0.00010463,2025-01-06 12:00:00.000
1736179200000,0.00036173,2025-01-06 16:00:00.000
1736193600000,5e-05,2025-01-06 20:00:00.000
1736208000000,5e-05,2025-01-07 00:00:00.000
1736222400000,0.00015398,2025-01-07 04:00:00.000
1736236800000,0.00013335,2025-01-07 08:00:00.000
1736251200001,0.00021172,2025-01-07 12:00:00.001
1736265600008,0.00032948,2025-01-07 16:00:00.008
1736280000000,9.221e-05,2025-01-07 20:00:00.000
1736294400001,5e-05,2025-01-08 00:00:00.001
1736308800006,5e-05,2025-01-08 04:00:00.006
1736323200000,0.00039452,2025-01-08 08:00:00.000
1736337600000,5e-05,2025-01-08 12:00:00.000
1736352000000,5e-05,2025-01-08 16:00:00.000
1736366400000,5e-05,2025-01-08 20:00:00.000
1736380800000,5e-05,2025-01-09 00:00:00.000
1736395200001,5e-05,2025-01-09 04:00:00.001
1736409600000,5e-05,2025-01-09 08:00:00.000
1736424000000,5e-05,2025-01-09 12:00:00.000
1736438400000,0.0001683,2025-01-09 16:00:00.000
1736452800000,0.00012146,2025-01-09 20:00:00.000
1736467200000,0.00042553,2025-01-10 00:00:00.000
1736481600000,0.0004375,2025-01-10 04:00:00.000
1736496000000,0.00031632,2025-01-10 08:00:00.000
1736510400000,5e-05,2025-01-10 12:00:00.000
1736524800000,5e-05,2025-01-10 16:00:00.000
1736539200001,5e-05,2025-01-10 20:00:00.001
1736553600000,5e-05,2025-01-11 00:00:00.000
1736568000000,5e-05,2025-01-11 04:00:00.000
1736582400000,5e-05,2025-01-11 08:00:00.000
1736596800000,7.989e-05,2025-01-11 12:00:00.000
1736611200000,5e-05,2025-01-11 16:00:00.000
1736625600000,0.00015844,2025-01-11 20:00:00.000
1736640000000,5e-05,2025-01-12 00:00:00.000
1736654400000,5e-05,2025-01-12 04:00:00.000
1736668800000,5e-05,2025-01-12 08:00:00.000
1736683200000,5e-05,2025-01-12 12:00:00.000
1736697600000,5e-05,2025-01-12 16:00:00.000
1736712000000,5e-05,2025-01-12 20:00:00.000
1736726400000,5e-05,2025-01-13 00:00:00.000
1736740800000,5e-05,2025-01-13 04:00:00.000
1736755200000,0.00018491,2025-01-13 08:00:00.000
1736769600000,0.00025646,2025-01-13 12:00:00.000
1736784000000,0.0001204,2025-01-13 16:00:00.000
1736798400000,0.0005857,2025-01-13 20:00:00.000
1736812800000,0.00078101,2025-01-14 00:00:00.000
1736827200000,5e-05,2025-01-14 04:00:00.000
1736841600000,5e-05,2025-01-14 08:00:00.000
1736856000000,5e-05,2025-01-14 12:00:00.000
1736870400000,5e-05,2025-01-14 16:00:00.000
1736884800000,5e-05,2025-01-14 20:00:00.000
1736899200000,5e-05,2025-01-15 00:00:00.000
1736913600000,5e-05,2025-01-15 04:00:00.000
1736928000000,5e-05,2025-01-15 08:00:00.000
1736942400000,5e-05,2025-01-15 12:00:00.000
1736956800000,5e-05,2025-01-15 16:00:00.000
1736971200000,0.0006985,2025-01-15 20:00:00.000
1736985600000,0.00032831,2025-01-16 00:00:00.000
1737000000000,5e-05,2025-01-16 04:00:00.000
1737014400000,5e-05,2025-01-16 08:00:00.000
1737028800000,5e-05,2025-01-16 12:00:00.000
1737043200000,5e-05,2025-01-16 16:00:00.000
1737057600000,5e-05,2025-01-16 20:00:00.000
1737072000004,5e-05,2025-01-17 00:00:00.004
1737086400000,5e-05,2025-01-17 04:00:00.000
1737100800000,5e-05,2025-01-17 08:00:00.000
1737115200013,5e-05,2025-01-17 12:00:00.013
1737129600008,5e-05,2025-01-17 16:00:00.008
1737144000005,5e-05,2025-01-17 20:00:00.005
1737158400000,5e-05,2025-01-18 00:00:00.000
1737172800003,5e-05,2025-01-18 04:00:00.003
1737187200007,5e-05,2025-01-18 08:00:00.007
1737201600000,0.00010146,2025-01-18 12:00:00.000
1737216000000,5e-05,2025-01-18 16:00:00.000
1737230400000,0.00023894,2025-01-18 20:00:00.000
1737244800000,5e-05,2025-01-19 00:00:00.000
1737259200000,5e-05,2025-01-19 04:00:00.000
1737273600000,0.00015572,2025-01-19 08:00:00.000
1737288000000,0.000572,2025-01-19 12:00:00.000
1737302400000,0.00011754,2025-01-19 16:00:00.000
1737316800000,8.48e-05,2025-01-19 20:00:00.000
1737331200000,0.0003394,2025-01-20 00:00:00.000
1737345600000,5e-05,2025-01-20 04:00:00.000
1737360000009,0.00033313,2025-01-20 08:00:00.009
1737374400002,0.00033463,2025-01-20 12:00:00.002
1737388800000,0.00025113,2025-01-20 16:00:00.000
1737403200001,5e-05,2025-01-20 20:00:00.001
1737417600000,0.00021145,2025-01-21 00:00:00.000
1737432000000,5e-05,2025-01-21 04:00:00.000
1737446400000,0.00013549,2025-01-21 08:00:00.000
1737460800000,0.00015813,2025-01-21 12:00:00.000
1737475200000,0.000122,2025-01-21 16:00:00.000
1737489600000,0.00011537,2025-01-21 20:00:00.000
1737504000000,0.00018083,2025-01-22 00:00:00.000
1737518400000,5e-05,2025-01-22 04:00:00.000
1737532800000,5e-05,2025-01-22 08:00:00.000
1737547200000,5e-05,2025-01-22 12:00:00.000
1737561600000,5.315e-05,2025-01-22 16:00:00.000
1737576000000,5e-05,2025-01-22 20:00:00.000
1737590400001,0.0001736,2025-01-23 00:00:00.001
1737604800001,0.00020618,2025-01-23 04:00:00.001
1737619200000,5e-05,2025-01-23 08:00:00.000
1737633600000,5e-05,2025-01-23 12:00:00.000
1737648000000,0.0001754,2025-01-23 16:00:00.000
1737662400000,7.72e-05,2025-01-23 20:00:00.000
1737676800000,5e-05,2025-01-24 00:00:00.000
1737691200000,5e-05,2025-01-24 04:00:00.000
1737705600000,5e-05,2025-01-24 08:00:00.000
1737720000001,5e-05,2025-01-24 12:00:00.001
1737734400000,5e-05,2025-01-24 16:00:00.000
1737748800000,5e-05,2025-01-24 20:00:00.000
1737763200000,5e-05,2025-01-25 00:00:00.000
1737777600000,5e-05,2025-01-25 04:00:00.000
1737792000000,5e-05,2025-01-25 08:00:00.000
1737806400000,0.00014336,2025-01-25 12:00:00.000
1737820800001,5e-05,2025-01-25 16:00:00.001
1737835200001,0.00010527,2025-01-25 20:00:00.001
1737849600000,0.00020716,2025-01-26 00:00:00.000
1737864000000,0.00022233,2025-01-26 04:00:00.000
1737878400000,5e-05,2025-01-26 08:00:00.000
1737892800000,5e-05,2025-01-26 12:00:00.000
1737907200000,5e-05,2025-01-26 16:00:00.000
1737921600000,5e-05,2025-01-26 20:00:00.000
1737936000000,5e-05,2025-01-27 00:00:00.000
1737950400000,5e-05,2025-01-27 04:00:00.000
1737964800000,5e-05,2025-01-27 08:00:00.000
1737979200001,5e-05,2025-01-27 12:00:00.001
1737993600000,5e-05,2025-01-27 16:00:00.000
1738008000000,5e-05,2025-01-27 20:00:00.000
1738022400000,5e-05,2025-01-28 00:00:00.000
1738036800000,0.00013175,2025-01-28 04:00:00.000
1738051200000,5e-05,2025-01-28 08:00:00.000
1738065600000,5e-05,2025-01-28 12:00:00.000
1738080000000,5e-05,2025-01-28 16:00:00.000
1738094400000,5e-05,2025-01-28 20:00:00.000
1738108800000,5e-05,2025-01-29 00:00:00.000
1738123200001,5e-05,2025-01-29 04:00:00.001
1738137600000,5e-05,2025-01-29 08:00:00.000
1738152000000,5e-05,2025-01-29 12:00:00.000
1738166400000,5e-05,2025-01-29 16:00:00.000
1738180800000,5e-05,2025-01-29 20:00:00.000
1738195200000,5e-05,2025-01-30 00:00:00.000
1738209600000,5e-05,2025-01-30 04:00:00.000
1738224000000,5e-05,2025-01-30 08:00:00.000
1738238400000,5e-05,2025-01-30 12:00:00.000
1738252800000,5e-05,2025-01-30 16:00:00.000
1738267200000,5e-05,2025-01-30 20:00:00.000
1738281600000,5e-05,2025-01-31 00:00:00.000
1738296000000,5e-05,2025-01-31 04:00:00.000
1738310400000,5e-05,2025-01-31 08:00:00.000
1738324800001,-0.00156143,2025-01-31 12:00:00.001
1738339200000,5e-05,2025-01-31 16:00:00.000
1738353600000,5e-05,2025-01-31 20:00:00.000
1738368000000,5e-05,2025-02-01 00:00:00.000
1738382400000,5e-05,2025-02-01 04:00:00.000
1738396800000,5e-05,2025-02-01 08:00:00.000
1738411200000,5e-05,2025-02-01 12:00:00.000
1738425600000,0.00028519,2025-02-01 16:00:00.000
1738440000000,5e-05,2025-02-01 20:00:00.000
1738454400001,0.00020099,2025-02-02 00:00:00.001
1738468800000,5e-05,2025-02-02 04:00:00.000
1738483200000,5e-05,2025-02-02 08:00:00.000
1738497600000,5e-05,2025-02-02 12:00:00.000
1738512000000,5e-05,2025-02-02 16:00:00.000
1738526400000,0.00022188,2025-02-02 20:00:00.000
1738540800000,0.00018196,2025-02-03 00:00:00.000
1738555200000,8.024e-05,2025-02-03 04:00:00.000
1738569600000,5e-05,2025-02-03 08:00:00.000
1738584000000,5e-05,2025-02-03 12:00:00.000
1738598400000,5e-05,2025-02-03 16:00:00.000
1738612800000,5e-05,2025-02-03 20:00:00.000
1738627200000,5e-05,2025-02-04 00:00:00.000
1738641600001,5e-05,2025-02-04 04:00:00.001
1738656000001,5e-05,2025-02-04 08:00:00.001
1738670400001,5e-05,2025-02-04 12:00:00.001
1738684800000,5e-05,2025-02-04 16:00:00.000
1738699200000,5e-05,2025-02-04 20:00:00.000
1738713600001,5e-05,2025-02-05 00:00:00.001
1738728000000,5e-05,2025-02-05 04:00:00.000
1738742400001,5e-05,2025-02-05 08:00:00.001
1738756800000,5e-05,2025-02-05 12:00:00.000
1738771200000,5e-05,2025-02-05 16:00:00.000
1738785600000,5e-05,2025-02-05 20:00:00.000
1738800000001,5e-05,2025-02-06 00:00:00.001
1738814400001,5e-05,2025-02-06 04:00:00.001
1738828800001,5e-05,2025-02-06 08:00:00.001
1738843200000,5e-05,2025-02-06 12:00:00.000
1738857600000,5e-05,2025-02-06 16:00:00.000
1738872000000,5e-05,2025-02-06 20:00:00.000
1738886400000,2.25e-05,2025-02-07 00:00:00.000
1738900800000,5e-05,2025-02-07 04:00:00.000
1738915200000,5e-05,2025-02-07 08:00:00.000
1738929600000,5e-05,2025-02-07 12:00:00.000
1738944000000,5e-05,2025-02-07 16:00:00.000
1738958400000,5e-05,2025-02-07 20:00:00.000
1738972800000,4.612e-05,2025-02-08 00:00:00.000
1738987200000,5e-05,2025-02-08 04:00:00.000
1739001600000,5e-05,2025-02-08 08:00:00.000
1739016000000,5e-05,2025-02-08 12:00:00.000
1739030400000,5e-05,2025-02-08 16:00:00.000
1739044800000,5e-05,2025-02-08 20:00:00.000
1739059200000,5e-05,2025-02-09 00:00:00.000
1739073600000,5e-05,2025-02-09 04:00:00.000
1739088000000,5e-05,2025-02-09 08:00:00.000
1739102400000,5e-05,2025-02-09 12:00:00.000
1739116800000,5e-05,2025-02-09 16:00:00.000
1739131200007,-6.35e-06,2025-02-09 20:00:00.007
1739145600000,5e-05,2025-02-10 00:00:00.000
1739160000000,5e-05,2025-02-10 04:00:00.000
1739174400000,5e-05,2025-02-10 08:00:00.000
1739188800000,5e-05,2025-02-10 12:00:00.000
1739203200000,5e-05,2025-02-10 16:00:00.000
1739217600001,5e-05,2025-02-10 20:00:00.001
1739232000000,5e-05,2025-02-11 00:00:00.000
1739246400000,5e-05,2025-02-11 04:00:00.000
1739260800000,5e-05,2025-02-11 08:00:00.000
1739275200000,5e-05,2025-02-11 12:00:00.000
1739289600000,2.539e-05,2025-02-11 16:00:00.000
1739304000000,5e-05,2025-02-11 20:00:00.000
1739318400000,-5.753e-05,2025-02-12 00:00:00.000
1739332800000,-3.007e-05,2025-02-12 04:00:00.000
1739347200000,3.712e-05,2025-02-12 08:00:00.000
1739361600001,5e-05,2025-02-12 12:00:00.001
1739376000001,-2.89e-05,2025-02-12 16:00:00.001
1739390400000,5e-05,2025-02-12 20:00:00.000
1739404800001,-0.00030684,2025-02-13 00:00:00.001
1739419200000,5e-05,2025-02-13 04:00:00.000
1739433600000,5e-05,2025-02-13 08:00:00.000
1739448000000,5e-05,2025-02-13 12:00:00.000
1739462400001,5e-05,2025-02-13 16:00:00.001
1739476800000,2.353e-05,2025-02-13 20:00:00.000
1739491200000,-3.21e-05,2025-02-14 00:00:00.000
1739505600000,-6.72e-06,2025-02-14 04:00:00.000
1739520000001,5e-05,2025-02-14 08:00:00.001
1739534400000,5e-05,2025-02-14 12:00:00.000
1739548800000,5e-05,2025-02-14 16:00:00.000
1739563200000,5e-05,2025-02-14 20:00:00.000
1739577600000,5e-05,2025-02-15 00:00:00.000
1739592000000,5e-05,2025-02-15 04:00:00.000
1739606400000,5e-05,2025-02-15 08:00:00.000
1739620800000,5e-05,2025-02-15 12:00:00.000
1739635200000,-1.894e-05,2025-02-15 16:00:00.000
1739649600001,-7.611e-05,2025-02-15 20:00:00.001
1739664000000,-0.00010275,2025-02-16 00:00:00.000
1739678400000,-9.299e-05,2025-02-16 04:00:00.000
1739692800000,-6.053e-05,2025-02-16 08:00:00.000
1739707200000,-4.728e-05,2025-02-16 12:00:00.000
1739721600000,-2.199e-05,2025-02-16 16:00:00.000
1739736000000,4.719e-05,2025-02-16 20:00:00.000
1739750400000,-3.404e-05,2025-02-17 00:00:00.000
1739764800001,5e-05,2025-02-17 04:00:00.001
1739779200000,-0.00015582,2025-02-17 08:00:00.000
1739793600004,-3.749e-05,2025-02-17 12:00:00.004
1739808000000,-0.00018922,2025-02-17 16:00:00.000
1739822400001,-0.00026993,2025-02-17 20:00:00.001
1739836800000,-0.00017549,2025-02-18 00:00:00.000
1739851200000,-0.00018627,2025-02-18 04:00:00.000
1739865600000,-7.976e-05,2025-02-18 08:00:00.000
1739880000000,-4.002e-05,2025-02-18 12:00:00.000
1739894400000,5e-05,2025-02-18 16:00:00.000
1739908800000,-9.693e-05,2025-02-18 20:00:00.000
1739923200000,5e-05,2025-02-19 00:00:00.000
1739937600000,4.683e-05,2025-02-19 04:00:00.000
1739952000000,-3.35e-06,2025-02-19 08:00:00.000
1739966400000,-0.00015716,2025-02-19 12:00:00.000
1739980800000,-0.00022378,2025-02-19 16:00:00.000
1739995200000,-6.348e-05,2025-02-19 20:00:00.000
1740009600000,-1.332e-05,2025-02-20 00:00:00.000
1740024000000,-7.838e-05,2025-02-20 04:00:00.000
1740038400000,-0.00104238,2025-02-20 08:00:00.000
1740052800000,-0.0003446,2025-02-20 12:00:00.000
1740067200000,-0.00035036,2025-02-20 16:00:00.000
1740081600000,6.85e-06,2025-02-20 20:00:00.000
1740096000001,-1.935e-05,2025-02-21 00:00:00.001
1740110400000,-0.00017413,2025-02-21 04:00:00.000
1740124800000,1.619e-05,2025-02-21 08:00:00.000
1740139200000,5e-05,2025-02-21 12:00:00.000
1740153600000,2.502e-05,2025-02-21 16:00:00.000
1740168000000,5e-05,2025-02-21 20:00:00.000
1740182400000,5e-05,2025-02-22 00:00:00.000
1740196800000,5e-05,2025-02-22 04:00:00.000
1740211200000,5e-05,2025-02-22 08:00:00.000
1740225600000,5e-05,2025-02-22 12:00:00.000
1740240000000,5e-05,2025-02-22 16:00:00.000
1740254400000,5e-05,2025-02-22 20:00:00.000
1740268800000,-9.065e-05,2025-02-23 00:00:00.000
1740283200000,-6.8e-06,2025-02-23 04:00:00.000
1740297600000,-0.00033095,2025-02-23 08:00:00.000
1740312000000,-0.00038915,2025-02-23 12:00:00.000
1740326400000,5e-05,2025-02-23 16:00:00.000
1740340800000,-3.966e-05,2025-02-23 20:00:00.000
1740355200000,5e-05,2025-02-24 00:00:00.000
1740369600000,5e-05,2025-02-24 04:00:00.000
1740384000000,5e-05,2025-02-24 08:00:00.000
1740398400001,5e-05,2025-02-24 12:00:00.001
1740412800000,5e-05,2025-02-24 16:00:00.000
1740427200000,-0.00017352,2025-02-24 20:00:00.000
1740441600000,1.959e-05,2025-02-25 00:00:00.000
1740456000000,-7.94e-05,2025-02-25 04:00:00.000
1740470400000,5e-05,2025-02-25 08:00:00.000
1740484800000,5e-05,2025-02-25 12:00:00.000
1740499200000,5e-05,2025-02-25 16:00:00.000
1740513600000,5e-05,2025-02-25 20:00:00.000
1740528000000,5e-05,2025-02-26 00:00:00.000
1740542400000,5e-05,2025-02-26 04:00:00.000
1740556800000,5e-05,2025-02-26 08:00:00.000
1740571200001,5e-05,2025-02-26 12:00:00.001
1740585600000,5e-05,2025-02-26 16:00:00.000
1740600000000,5e-05,2025-02-26 20:00:00.000
1740614400001,5e-05,2025-02-27 00:00:00.001
1740628800001,5e-05,2025-02-27 04:00:00.001
1740643200000,5e-05,2025-02-27 08:00:00.000
1740657600006,5e-05,2025-02-27 12:00:00.006
1740672000000,5e-05,2025-02-27 16:00:00.000
1740686400001,5e-05,2025-02-27 20:00:00.001
1740700800001,-4.354e-05,2025-02-28 00:00:00.001
1740715200000,3.511e-05,2025-02-28 04:00:00.000
1740729600000,3.461e-05,2025-02-28 08:00:00.000
1740744000000,-8.431e-05,2025-02-28 12:00:00.000
1740758400000,-0.00014857,2025-02-28 16:00:00.000
1740772800000,5e-05,2025-02-28 20:00:00.000
1740787200000,5e-05,2025-03-01 00:00:00.000
1740801600000,5e-05,2025-03-01 04:00:00.000
1740816000000,5e-05,2025-03-01 08:00:00.000
1740830400001,5e-05,2025-03-01 12:00:00.001
1740844800001,5e-05,2025-03-01 16:00:00.001
1740859200000,5e-05,2025-03-01 20:00:00.000
1740873600000,5e-05,2025-03-02 00:00:00.000
1740888000000,5e-05,2025-03-02 04:00:00.000
1740902400000,5e-05,2025-03-02 08:00:00.000
1740916800000,5e-05,2025-03-02 12:00:00.000
1740931200000,5e-05,2025-03-02 16:00:00.000
1740945600000,5e-05,2025-03-02 20:00:00.000
1740960000001,5e-05,2025-03-03 00:00:00.001
1740974400000,5e-05,2025-03-03 04:00:00.000
1740988800000,5e-05,2025-03-03 08:00:00.000
1741003200001,5e-05,2025-03-03 12:00:00.001
1741017600000,5e-05,2025-03-03 16:00:00.000
1741032000000,-1.362e-05,2025-03-03 20:00:00.000
1741046400001,-0.00030817,2025-03-04 00:00:00.001
1741060800000,-0.00023465,2025-03-04 04:00:00.000
1741075200005,-0.00015123,2025-03-04 08:00:00.005
1741089600000,-0.00025619,2025-03-04 12:00:00.000
1741104000000,-8.39e-05,2025-03-04 16:00:00.000
1741118400000,-0.00036189,2025-03-04 20:00:00.000
1741132800000,-6.348e-05,2025-03-05 00:00:00.000
1741147200000,-0.00011388,2025-03-05 04:00:00.000
1741161600000,3.05e-05,2025-03-05 08:00:00.000
1741176000000,-0.00011199,2025-03-05 12:00:00.000
1741190400000,2.21e-06,2025-03-05 16:00:00.000
1741204800000,5e-05,2025-03-05 20:00:00.000
1741219200000,5e-05,2025-03-06 00:00:00.000
1741233600000,5e-05,2025-03-06 04:00:00.000
1741248000001,-0.00011269,2025-03-06 08:00:00.001
1741262400001,3.599e-05,2025-03-06 12:00:00.001
1741276800000,4.07e-05,2025-03-06 16:00:00.000
1741291200000,-0.00018882,2025-03-06 20:00:00.000
1741305600000,-0.00044209,2025-03-07 00:00:00.000
1741320000000,-6.068e-05,2025-03-07 04:00:00.000
1741334400001,-3.319e-05,2025-03-07 08:00:00.001
1741348800000,5e-05,2025-03-07 12:00:00.000
1741363200000,2.339e-05,2025-03-07 16:00:00.000
1741377600000,5e-05,2025-03-07 20:00:00.000
1741392000000,2.391e-05,2025-03-08 00:00:00.000
1741406400000,9.85e-06,2025-03-08 04:00:00.000
1741420800001,3.912e-05,2025-03-08 08:00:00.001
1741435200001,-8.175e-05,2025-03-08 12:00:00.001
1741449600001,-0.00013964,2025-03-08 16:00:00.001
1741464000001,5e-05,2025-03-08 20:00:00.001
1741478400001,-0.00019448,2025-03-09 00:00:00.001
1741492800000,-0.00026613,2025-03-09 04:00:00.000
1741507200000,-4.645e-05,2025-03-09 08:00:00.000
1741521600000,-0.0001113,2025-03-09 12:00:00.000
1741536000000,-0.00019458,2025-03-09 16:00:00.000
1741550400000,5e-05,2025-03-09 20:00:00.000
1741564800000,5e-05,2025-03-10 00:00:00.000
1741579200000,5e-05,2025-03-10 04:00:00.000
1741593600000,1.699e-05,2025-03-10 08:00:00.000
1741608000000,8.74e-06,2025-03-10 12:00:00.000
1741622400000,-0.00015685,2025-03-10 16:00:00.000
1741636800000,5e-05,2025-03-10 20:00:00.000
1741651200000,5e-05,2025-03-11 00:00:00.000
1741665600000,5e-05,2025-03-11 04:00:00.000
1741680000000,5e-05,2025-03-11 08:00:00.000
1741694400000,5e-05,2025-03-11 12:00:00.000
1741708800001,5e-05,2025-03-11 16:00:00.001
1741723200001,5e-05,2025-03-11 20:00:00.001
1741737600000,5e-05,2025-03-12 00:00:00.000
1741752000001,-6.424e-05,2025-03-12 04:00:00.001
1741766400000,5e-05,2025-03-12 08:00:00.000
1741780800000,5e-05,2025-03-12 12:00:00.000
1741795200001,-3.693e-05,2025-03-12 16:00:00.001
1741809600000,5e-05,2025-03-12 20:00:00.000
1741824000000,5e-05,2025-03-13 00:00:00.000
1741838400000,5e-05,2025-03-13 04:00:00.000
1741852800000,5e-05,2025-03-13 08:00:00.000
1741867200000,5e-05,2025-03-13 12:00:00.000
1741881600000,3.799e-05,2025-03-13 16:00:00.000
1741896000000,-3.917e-05,2025-03-13 20:00:00.000
1741910400000,-1.552e-05,2025-03-14 00:00:00.000
1741924800000,-5.757e-05,2025-03-14 04:00:00.000
1741939200000,-1.922e-05,2025-03-14 08:00:00.000
1741953600000,-2.125e-05,2025-03-14 12:00:00.000
1741968000000,5e-05,2025-03-14 16:00:00.000
1741982400000,-1.95e-05,2025-03-14 20:00:00.000
1741996800000,-1.433e-05,2025-03-15 00:00:00.000
1742011200000,-0.00012196,2025-03-15 04:00:00.000
1742025600000,-0.00015192,2025-03-15 08:00:00.000
1742040000000,-8.895e-05,2025-03-15 12:00:00.000
1742054400000,3.85e-06,2025-03-15 16:00:00.000
1742068800000,-9.424e-05,2025-03-15 20:00:00.000
1742083200000,-8.33e-05,2025-03-16 00:00:00.000
1742097600000,-0.00013513,2025-03-16 04:00:00.000
1742112000000,-6.084e-05,2025-03-16 08:00:00.000
1742126400000,-0.00018447,2025-03-16 12:00:00.000
1742140800000,-0.00011118,2025-03-16 16:00:00.000
1742155200000,-0.00014047,2025-03-16 20:00:00.000
1742169600000,-0.00014777,2025-03-17 00:00:00.000
1742184000000,-0.00022502,2025-03-17 04:00:00.000
1742198400000,-0.00017924,2025-03-17 08:00:00.000
1742212800000,-0.00013751,2025-03-17 12:00:00.000
1742227200000,-0.00019141,2025-03-17 16:00:00.000
1742241600000,-8.574e-05,2025-03-17 20:00:00.000
1742256000000,-7.708e-05,2025-03-18 00:00:00.000
1742270400000,-0.0002749,2025-03-18 04:00:00.000
1742284800000,-0.00015307,2025-03-18 08:00:00.000
1742299200001,-0.00022176,2025-03-18 12:00:00.001
1742313600000,-1.654e-05,2025-03-18 16:00:00.000
1742328000000,5e-05,2025-03-18 20:00:00.000
1742342400000,-7.845e-05,2025-03-19 00:00:00.000
1742356800000,-6.727e-05,2025-03-19 04:00:00.000
1742371200000,-0.00013874,2025-03-19 08:00:00.000
1742385600000,-6.293e-05,2025-03-19 12:00:00.000
1742400000000,5e-05,2025-03-19 16:00:00.000
1742414400000,-3.677e-05,2025-03-19 20:00:00.000
1742428800000,5e-05,2025-03-20 00:00:00.000
1742443200000,-0.00012468,2025-03-20 04:00:00.000
1742457600000,-6.288e-05,2025-03-20 08:00:00.000
1742472000000,5e-05,2025-03-20 12:00:00.000
1742486400000,1.95e-05,2025-03-20 16:00:00.000
1742500800000,-7.19e-05,2025-03-20 20:00:00.000
1742515200000,4.625e-05,2025-03-21 00:00:00.000
1742529600000,5e-05,2025-03-21 04:00:00.000
1742544000000,5e-05,2025-03-21 08:00:00.000
1742558400000,5e-05,2025-03-21 12:00:00.000
1742572800000,5e-05,2025-03-21 16:00:00.000
1742587200000,5e-05,2025-03-21 20:00:00.000
1742601600000,5e-05,2025-03-22 00:00:00.000
1742616000001,-9.455e-05,2025-03-22 04:00:00.001
1742630400004,-9.331e-05,2025-03-22 08:00:00.004
1742644800013,3.46e-05,2025-03-22 12:00:00.013
1742659200000,1.961e-05,2025-03-22 16:00:00.000
1742673600001,-3.306e-05,2025-03-22 20:00:00.001
1742688000000,5e-05,2025-03-23 00:00:00.000
1742702400000,-0.00039008,2025-03-23 04:00:00.000
1742716800000,-0.00024264,2025-03-23 08:00:00.000
1742731200000,1.338e-05,2025-03-23 12:00:00.000
1742745600000,-9.672e-05,2025-03-23 16:00:00.000
1742760000000,-0.00016917,2025-03-23 20:00:00.000
1742774400000,5e-05,2025-03-24 00:00:00.000
1742788800000,-2.577e-05,2025-03-24 04:00:00.000
1742803200000,5e-05,2025-03-24 08:00:00.000
1742817600000,4.524e-05,2025-03-24 12:00:00.000
1742832000000,3.565e-05,2025-03-24 16:00:00.000
1742846400004,4.256e-05,2025-03-24 20:00:00.004
1742860800001,5e-05,2025-03-25 00:00:00.001
1742875200000,5e-05,2025-03-25 04:00:00.000
1742889600000,5e-05,2025-03-25 08:00:00.000
1742904000000,5e-05,2025-03-25 12:00:00.000
1742918400000,-0.00010507,2025-03-25 16:00:00.000
1742932800000,-3.813e-05,2025-03-25 20:00:00.000
1742947200000,-0.00019866,2025-03-26 00:00:00.000
1742961600001,-9.474e-05,2025-03-26 04:00:00.001
1742976000000,5e-05,2025-03-26 08:00:00.000
1742990400000,5e-05,2025-03-26 12:00:00.000
1743004800001,2.349e-05,2025-03-26 16:00:00.001
1743019200000,7.67e-06,2025-03-26 20:00:00.000
1743033600001,-0.00010593,2025-03-27 00:00:00.001
1743048000000,5e-05,2025-03-27 04:00:00.000
1743062400001,5e-05,2025-03-27 08:00:00.001
1743076800000,5e-05,2025-03-27 12:00:00.000
1743091200002,5e-05,2025-03-27 16:00:00.002
1743105600000,5e-05,2025-03-27 20:00:00.000
1743120000001,-1.218e-05,2025-03-28 00:00:00.001
1743134400000,5e-05,2025-03-28 04:00:00.000
1743148800001,5e-05,2025-03-28 08:00:00.001
1743163200000,5e-05,2025-03-28 12:00:00.000
1743177600000,5e-05,2025-03-28 16:00:00.000
1743192000000,2.712e-05,2025-03-28 20:00:00.000
1743206400000,-6.6e-06,2025-03-29 00:00:00.000
1743220800001,-1.032e-05,2025-03-29 04:00:00.001
1743235200000,5e-05,2025-03-29 08:00:00.000
1743249600000,5e-05,2025-03-29 12:00:00.000
1743264000000,-0.00015027,2025-03-29 16:00:00.000
1743278400000,-0.00028726,2025-03-29 20:00:00.000
1743292800000,-0.00025008,2025-03-30 00:00:00.000
1743307200000,-0.00041827,2025-03-30 04:00:00.000
1743321600000,-0.00048266,2025-03-30 08:00:00.000
1743336000000,-0.00038014,2025-03-30 12:00:00.000
1743350400000,-9.457e-05,2025-03-30 16:00:00.000
1743364800000,-1.359e-05,2025-03-30 20:00:00.000
1743379200000,-6.669e-05,2025-03-31 00:00:00.000
1743393600000,3.448e-05,2025-03-31 04:00:00.000
1743408000000,5e-05,2025-03-31 08:00:00.000
1743422400000,4.39e-06,2025-03-31 12:00:00.000
1743436800000,5e-05,2025-03-31 16:00:00.000
1743451200000,5e-05,2025-03-31 20:00:00.000
1743465600000,5e-05,2025-04-01 00:00:00.000
1743480000001,5e-05,2025-04-01 04:00:00.001
1743494400001,-0.00017141,2025-04-01 08:00:00.001
1743508800000,-0.00017819,2025-04-01 12:00:00.000
1743523200000,2.664e-05,2025-04-01 16:00:00.000
1743537600003,-0.0001599,2025-04-01 20:00:00.003
1743552000001,1.621e-05,2025-04-02 00:00:00.001
1743566400001,-7.424e-05,2025-04-02 04:00:00.001
1743580800000,5e-05,2025-04-02 08:00:00.000
1743595200002,5e-05,2025-04-02 12:00:00.002
1743609600000,-0.00019666,2025-04-02 16:00:00.000
1743624000000,-5.957e-05,2025-04-02 20:00:00.000
1743638400000,-5.802e-05,2025-04-03 00:00:00.000
1743652800000,-3.504e-05,2025-04-03 04:00:00.000
1743667200000,-0.00022803,2025-04-03 08:00:00.000
1743681600000,5e-05,2025-04-03 12:00:00.000
1743696000000,-2.597e-05,2025-04-03 16:00:00.000
1743710400000,-0.00010179,2025-04-03 20:00:00.000
1743724800000,-0.00013192,2025-04-04 00:00:00.000
1743739200000,2.36e-05,2025-04-04 04:00:00.000
1743753600000,5e-05,2025-04-04 08:00:00.000
1743768000000,-0.00017468,2025-04-04 12:00:00.000
1743782400000,5e-05,2025-04-04 16:00:00.000
1743796800001,5e-05,2025-04-04 20:00:00.001
1743811200000,5e-05,2025-04-05 00:00:00.000
1743825600000,5e-05,2025-04-05 04:00:00.000
1743840000000,5e-05,2025-04-05 08:00:00.000
1743854400000,5e-05,2025-04-05 12:00:00.000
1743868800000,-0.0002814,2025-04-05 16:00:00.000
1743883200000,2.32e-05,2025-04-05 20:00:00.000
1743897600000,5e-05,2025-04-06 00:00:00.000
1743912000000,3.469e-05,2025-04-06 04:00:00.000
1743926400000,-0.00011165,2025-04-06 08:00:00.000
1743940800001,-0.00025246,2025-04-06 12:00:00.001
1743955200002,-0.00034254,2025-04-06 16:00:00.002
1743969600001,-0.00026503,2025-04-06 20:00:00.001
1743984000000,-0.00016755,2025-04-07 00:00:00.000
1743998400000,-1.869e-05,2025-04-07 04:00:00.000
1744012800000,5e-05,2025-04-07 08:00:00.000
1744027200000,-5.605e-05,2025-04-07 12:00:00.000
1744041600000,-6.104e-05,2025-04-07 16:00:00.000
1744056000000,-2.782e-05,2025-04-07 20:00:00.000
1744070400000,1.206e-05,2025-04-08 00:00:00.000
1744084800000,-0.0001523,2025-04-08 04:00:00.000
1744099200000,-0.00082176,2025-04-08 08:00:00.000
1744113600000,5e-05,2025-04-08 12:00:00.000
1744128000000,5e-05,2025-04-08 16:00:00.000
1744142400000,-0.00011907,2025-04-08 20:00:00.000
1744156800000,-5.207e-05,2025-04-09 00:00:00.000
1744171200000,5e-05,2025-04-09 04:00:00.000
1744185600001,2.5e-05,2025-04-09 08:00:00.001
1744200000000,5e-05,2025-04-09 12:00:00.000
1744214400000,1.69e-06,2025-04-09 16:00:00.000
1744228800000,5e-05,2025-04-09 20:00:00.000
1744243200000,5e-05,2025-04-10 00:00:00.000
1744257600000,-0.00010855,2025-04-10 04:00:00.000
1744272000000,-6.79e-05,2025-04-10 08:00:00.000
1744286400000,-0.00014253,2025-04-10 12:00:00.000
1744300800000,-9.735e-05,2025-04-10 16:00:00.000
1744315200000,5e-05,2025-04-10 20:00:00.000
1744329600001,-0.0001154,2025-04-11 00:00:00.001
1744344000001,5e-05,2025-04-11 04:00:00.001
1744358400000,-0.00029365,2025-04-11 08:00:00.000
1744372800000,-0.00146259,2025-04-11 12:00:00.000
1744387200000,-0.00112052,2025-04-11 16:00:00.000
1744401600001,1.408e-05,2025-04-11 20:00:00.001
1744416000000,-0.00021622,2025-04-12 00:00:00.000
1744430400000,-0.00114884,2025-04-12 04:00:00.000
1744444800001,-0.00136465,2025-04-12 08:00:00.001
1744459200001,-0.00067816,2025-04-12 12:00:00.001
1744473600000,-0.0010963,2025-04-12 16:00:00.000
1744488000000,-0.00022839,2025-04-12 20:00:00.000
1744502400000,-0.00068328,2025-04-13 00:00:00.000
1744516800000,-0.00019111,2025-04-13 04:00:00.000
1744531200000,-0.00072798,2025-04-13 08:00:00.000
1744545600000,-0.00032945,2025-04-13 12:00:00.000
1744560000000,-0.00018759,2025-04-13 16:00:00.000
1744574400000,-0.00019878,2025-04-13 20:00:00.000
1744588800000,1.455e-05,2025-04-14 00:00:00.000
1744603200000,-0.00012339,2025-04-14 04:00:00.000
1744617600000,-0.00010054,2025-04-14 08:00:00.000
1744632000002,-0.00024508,2025-04-14 12:00:00.002
1744646400000,-0.00029614,2025-04-14 16:00:00.000
1744660800000,-2.103e-05,2025-04-14 20:00:00.000
1744675200000,-0.00027094,2025-04-15 00:00:00.000
1744689600001,-0.00055533,2025-04-15 04:00:00.001
1744704000000,-0.00056465,2025-04-15 08:00:00.000
1744718400000,-0.00011198,2025-04-15 12:00:00.000
1744732800001,-0.00022286,2025-04-15 16:00:00.001
1744747200000,-0.00034323,2025-04-15 20:00:00.000
1744761600000,-0.00025228,2025-04-16 00:00:00.000
1744776000000,-0.00029962,2025-04-16 04:00:00.000
1744790400000,-0.00027557,2025-04-16 08:00:00.000
1744804800000,-0.00031387,2025-04-16 12:00:00.000
1744819200000,-0.00026802,2025-04-16 16:00:00.000
1744833600000,-0.00011111,2025-04-16 20:00:00.000
1744848000001,-0.00034505,2025-04-17 00:00:00.001
1744862400000,-0.00027735,2025-04-17 04:00:00.000
1744876800000,-4.916e-05,2025-04-17 08:00:00.000
1744891200000,-7.561e-05,2025-04-17 12:00:00.000
1744905600001,-0.00026514,2025-04-17 16:00:00.001
1744920000001,-0.00019704,2025-04-17 20:00:00.001
1744934400000,-6.92e-05,2025-04-18 00:00:00.000
1744948800000,-0.00020789,2025-04-18 04:00:00.000
1744963200000,-7.947e-05,2025-04-18 08:00:00.000
1744977600000,-0.00031668,2025-04-18 12:00:00.000
1744992000000,-0.00013663,2025-04-18 16:00:00.000
1745006400000,-0.00034356,2025-04-18 20:00:00.000
1745020800000,-0.00013222,2025-04-19 00:00:00.000
1745035200000,-0.00010953,2025-04-19 04:00:00.000
1745049600000,-7.662e-05,2025-04-19 08:00:00.000
1745064000000,-3.035e-05,2025-04-19 12:00:00.000
1745078400000,-4.8e-05,2025-04-19 16:00:00.000
1745092800000,-0.00017231,2025-04-19 20:00:00.000
1745107200000,2.005e-05,2025-04-20 00:00:00.000
1745121600000,-0.00014743,2025-04-20 04:00:00.000
1745136000000,-2.33e-05,2025-04-20 08:00:00.000
1745150400001,-0.00020039,2025-04-20 12:00:00.001
1745164800000,-0.00016864,2025-04-20 16:00:00.000
1745179200000,-0.00010667,2025-04-20 20:00:00.000
1745193600000,5e-05,2025-04-21 00:00:00.000
1745208000000,-3.2e-06,2025-04-21 04:00:00.000
1745222400005,-8.227e-05,2025-04-21 08:00:00.005
1745236800002,5e-05,2025-04-21 12:00:00.002
1745251200003,4.029e-05,2025-04-21 16:00:00.003
1745265600006,-2.45e-06,2025-04-21 20:00:00.006
1745280000008,5e-05,2025-04-22 00:00:00.008
1745294400000,-1.673e-05,2025-04-22 04:00:00.000
1745308800000,3.138e-05,2025-04-22 08:00:00.000
1745323200001,5e-05,2025-04-22 12:00:00.001
1745337600000,-7.794e-05,2025-04-22 16:00:00.000
1745352000004,-1.796e-05,2025-04-22 20:00:00.004
1745366400000,5e-05,2025-04-23 00:00:00.000
1745380800000,5e-05,2025-04-23 04:00:00.000
1745395200002,5e-05,2025-04-23 08:00:00.002
1745409600005,5e-05,2025-04-23 12:00:00.005
1745424000000,5e-05,2025-04-23 16:00:00.000
1745438400001,5e-05,2025-04-23 20:00:00.001
1745452800000,5e-05,2025-04-24 00:00:00.000
1745467200003,1.873e-05,2025-04-24 04:00:00.003
1745481600001,5e-05,2025-04-24 08:00:00.001
1745496000001,5e-05,2025-04-24 12:00:00.001
1745510400001,-0.00012246,2025-04-24 16:00:00.001
1745524800006,5e-05,2025-04-24 20:00:00.006
1745539200007,5e-05,2025-04-25 00:00:00.007
1745553600001,5e-05,2025-04-25 04:00:00.001
1745568000002,5e-05,2025-04-25 08:00:00.002
1745582400000,4.686e-05,2025-04-25 12:00:00.000
1745596800003,-0.0001702,2025-04-25 16:00:00.003
1745611200001,-0.00032834,2025-04-25 20:00:00.001
1745625600002,-2.15e-06,2025-04-26 00:00:00.002
1745640000001,5e-05,2025-04-26 04:00:00.001
1745654400000,-0.00030004,2025-04-26 08:00:00.000
1745668800000,-3.268e-05,2025-04-26 12:00:00.000
1745683200002,-7.354e-05,2025-04-26 16:00:00.002
1745697600000,5e-05,2025-04-26 20:00:00.000
1745712000001,-2.675e-05,2025-04-27 00:00:00.001
1745726400001,5e-05,2025-04-27 04:00:00.001
1745740800000,1.142e-05,2025-04-27 08:00:00.000
1745755200000,-0.00010882,2025-04-27 12:00:00.000
1745769600000,-8.945e-05,2025-04-27 16:00:00.000
1745784000003,-0.0001356,2025-04-27 20:00:00.003
1745798400001,6.3e-06,2025-04-28 00:00:00.001
1745812800001,5e-05,2025-04-28 04:00:00.001
1745827200003,3.741e-05,2025-04-28 08:00:00.003
1745841600000,1.581e-05,2025-04-28 12:00:00.000
1745856000005,2.675e-05,2025-04-28 16:00:00.005
1745870400002,-0.00081714,2025-04-28 20:00:00.002
1745884800000,-6.05e-06,2025-04-29 00:00:00.000
1745899200000,-0.00064428,2025-04-29 04:00:00.000
1745913600000,-0.00011417,2025-04-29 08:00:00.000
1745928000001,2.429e-05,2025-04-29 12:00:00.001
1745942400010,5e-05,2025-04-29 16:00:00.010
1745956800002,4.586e-05,2025-04-29 20:00:00.002
1745971200001,5e-05,2025-04-30 00:00:00.001
1745985600001,5e-05,2025-04-30 04:00:00.001
1746000000000,5e-05,2025-04-30 08:00:00.000
1746014400001,5e-05,2025-04-30 12:00:00.001
1746028800003,5e-05,2025-04-30 16:00:00.003
1746043200002,5e-05,2025-04-30 20:00:00.002
1746057600000,2.42e-06,2025-05-01 00:00:00.000
1746072000008,5e-05,2025-05-01 04:00:00.008
1746086400000,5e-05,2025-05-01 08:00:00.000
1746100800001,-9.618e-05,2025-05-01 12:00:00.001
1746115200001,5e-05,2025-05-01 16:00:00.001
1746129600000,5e-05,2025-05-01 20:00:00.000
1746144000000,5e-05,2025-05-02 00:00:00.000
1746158400000,-0.00012633,2025-05-02 04:00:00.000
1746172800000,-3.809e-05,2025-05-02 08:00:00.000
1746187200005,-0.00050438,2025-05-02 12:00:00.005
1746201600003,-0.00040548,2025-05-02 16:00:00.003
1746216000003,3.29e-06,2025-05-02 20:00:00.003
1746230400000,2.668e-05,2025-05-03 00:00:00.000
1746244800001,-0.00020091,2025-05-03 04:00:00.001
1746259200000,-0.00021946,2025-05-03 08:00:00.000
1746273600006,-0.00045849,2025-05-03 12:00:00.006
1746288000000,-0.00062454,2025-05-03 16:00:00.000
1746302400000,-0.00034831,2025-05-03 20:00:00.000
1746316800001,-0.00023213,2025-05-04 00:00:00.001
1746331200004,-0.00028735,2025-05-04 04:00:00.004
1746345600001,-9.8e-06,2025-05-04 08:00:00.001
1746360000006,-6.115e-05,2025-05-04 12:00:00.006
1746374400002,-0.00033725,2025-05-04 16:00:00.002
1746388800000,-8.995e-05,2025-05-04 20:00:00.000
1746403200000,4.603e-05,2025-05-05 00:00:00.000
1746417600000,3.188e-05,2025-05-05 04:00:00.000
1746432000000,-0.00053658,2025-05-05 08:00:00.000
1746446400000,-3.609e-05,2025-05-05 12:00:00.000
1746460800006,3.704e-05,2025-05-05 16:00:00.006
1746475200000,-0.00037834,2025-05-05 20:00:00.000
1746489600002,-0.00059199,2025-05-06 00:00:00.002
1746504000000,-0.00022182,2025-05-06 04:00:00.000
1746518400005,-0.00015372,2025-05-06 08:00:00.005
1746532800000,-0.00064315,2025-05-06 12:00:00.000
1746547200000,-0.00024333,2025-05-06 16:00:00.000
1746561600000,1.224e-05,2025-05-06 20:00:00.000
1746576000002,2.647e-05,2025-05-07 00:00:00.002
1746590400004,-4.42e-05,2025-05-07 04:00:00.004
1746604800000,-7.63e-06,2025-05-07 08:00:00.000
1746619200000,2.12e-05,2025-05-07 12:00:00.000
1746633600006,5e-05,2025-05-07 16:00:00.006
1746648000000,-1.368e-05,2025-05-07 20:00:00.000
1746662400000,-7.123e-05,2025-05-08 00:00:00.000
1746676800005,-0.0001881,2025-05-08 04:00:00.005
1746691200001,-0.00054137,2025-05-08 08:00:00.001
1746705600000,-0.0005316,2025-05-08 12:00:00.000
1746720000002,-0.0004215,2025-05-08 16:00:00.002
1746734400006,5e-05,2025-05-08 20:00:00.006
1746748800001,5e-05,2025-05-09 00:00:00.001
1746763200000,5e-05,2025-05-09 04:00:00.000
1746777600006,5e-05,2025-05-09 08:00:00.006
1746792000000,5e-05,2025-05-09 12:00:00.000
1746806400000,5e-05,2025-05-09 16:00:00.000
1746820800000,5e-05,2025-05-09 20:00:00.000
1746835200001,5e-05,2025-05-10 00:00:00.001
1746849600003,5e-05,2025-05-10 04:00:00.003
1746864000000,5e-05,2025-05-10 08:00:00.000
1746878400000,5e-05,2025-05-10 12:00:00.000
1746892800001,5e-05,2025-05-10 16:00:00.001
1746907200000,5e-05,2025-05-10 20:00:00.000
1746921600000,3.122e-05,2025-05-11 00:00:00.000
1746936000000,3.145e-05,2025-05-11 04:00:00.000
1746950400001,5e-05,2025-05-11 08:00:00.001
1746964800001,5e-05,2025-05-11 12:00:00.001
1746979200001,5e-05,2025-05-11 16:00:00.001
1746993600000,5e-05,2025-05-11 20:00:00.000
1747008000004,5e-05,2025-05-12 00:00:00.004
1747022400003,5e-05,2025-05-12 04:00:00.003
1747036800000,-0.00012909,2025-05-12 08:00:00.000
1747051200000,-2.408e-05,2025-05-12 12:00:00.000
1747065600000,-1.301e-05,2025-05-12 16:00:00.000
1747080000004,-4.296e-05,2025-05-12 20:00:00.004
1747094400000,-0.00019823,2025-05-13 00:00:00.000
1747108800000,-1.711e-05,2025-05-13 04:00:00.000
1747123200008,5e-05,2025-05-13 08:00:00.008
1747137600000,5e-05,2025-05-13 12:00:00.000
1747152000001,5e-05,2025-05-13 16:00:00.001
1747166400006,-3.01e-06,2025-05-13 20:00:00.006
1747180800007,1.138e-05,2025-05-14 00:00:00.007
1747195200000,-0.00014216,2025-05-14 04:00:00.000
1747209600000,-0.0002969,2025-05-14 08:00:00.000
1747224000000,-0.00017839,2025-05-14 12:00:00.000
1747238400002,-0.00027321,2025-05-14 16:00:00.002
1747252800007,5e-05,2025-05-14 20:00:00.007
1747267200000,5e-05,2025-05-15 00:00:00.000
1747281600000,3.05e-06,2025-05-15 04:00:00.000
1747296000003,2.195e-05,2025-05-15 08:00:00.003
1747310400000,-3.399e-05,2025-05-15 12:00:00.000
1747324800000,-7.522e-05,2025-05-15 16:00:00.000
1747339200001,3.74e-06,2025-05-15 20:00:00.001
1747353600001,-6.13e-05,2025-05-16 00:00:00.001
1747368000001,4.656e-05,2025-05-16 04:00:00.001
1747382400000,-2.2e-07,2025-05-16 08:00:00.000
1747396800006,-2.936e-05,2025-05-16 12:00:00.006
1747411200000,-4.838e-05,2025-05-16 16:00:00.000
1747425600002,-6.529e-05,2025-05-16 20:00:00.002
1747440000000,2.139e-05,2025-05-17 00:00:00.000
1747454400000,1.949e-05,2025-05-17 04:00:00.000
1747468800001,-8.39e-05,2025-05-17 08:00:00.001
1747483200002,-4.206e-05,2025-05-17 12:00:00.002
1747497600004,2.908e-05,2025-05-17 16:00:00.004
1747512000003,5e-05,2025-05-17 20:00:00.003
1747526400000,5e-05,2025-05-18 00:00:00.000
1747540800003,8.2e-06,2025-05-18 04:00:00.003
1747555200000,-4.216e-05,2025-05-18 08:00:00.000
1747569600010,-1.169e-05,2025-05-18 12:00:00.010
1747584000000,-1.116e-05,2025-05-18 16:00:00.000
1747598400001,5e-05,2025-05-18 20:00:00.001
1747612800000,5e-05,2025-05-19 00:00:00.000
1747627200004,5e-05,2025-05-19 04:00:00.004
1747641600006,-6.982e-05,2025-05-19 08:00:00.006
1747656000000,-0.0001405,2025-05-19 12:00:00.000
1747670400010,-0.00018294,2025-05-19 16:00:00.010
1747684800000,5e-05,2025-05-19 20:00:00.000
1747699200000,5e-05,2025-05-20 00:00:00.000
1747713600000,5e-05,2025-05-20 04:00:00.000
1747728000002,-1.395e-05,2025-05-20 08:00:00.002
1747742400003,-2.295e-05,2025-05-20 12:00:00.003
1747756800000,9.89e-06,2025-05-20 16:00:00.000
1747771200000,-0.00011477,2025-05-20 20:00:00.000
1747785600000,-8.315e-05,2025-05-21 00:00:00.000
1747800000000,-7.373e-05,2025-05-21 04:00:00.000
1747814400001,-6.001e-05,2025-05-21 08:00:00.001
1747828800007,-0.00020504,2025-05-21 12:00:00.007
1747843200004,5e-05,2025-05-21 16:00:00.004
1747857600001,5e-05,2025-05-21 20:00:00.001
1747872000001,5e-05,2025-05-22 00:00:00.001
1747886400000,5e-05,2025-05-22 04:00:00.000
1747900800000,5e-05,2025-05-22 08:00:00.000
1747915200000,5e-05,2025-05-22 12:00:00.000
1747929600002,5e-05,2025-05-22 16:00:00.002
1747944000001,5e-05,2025-05-22 20:00:00.001
1747958400006,5e-05,2025-05-23 00:00:00.006
1747972800000,5e-05,2025-05-23 04:00:00.000
1747987200000,5e-05,2025-05-23 08:00:00.000
1748001600003,5e-05,2025-05-23 12:00:00.003
1748016000007,5e-05,2025-05-23 16:00:00.007
1748030400006,5e-05,2025-05-23 20:00:00.006
1748044800010,5e-05,2025-05-24 00:00:00.010
1748059200000,5e-05,2025-05-24 04:00:00.000
1748073600000,4.952e-05,2025-05-24 08:00:00.000
1748088000007,-3.652e-05,2025-05-24 12:00:00.007
1748102400003,-6.478e-05,2025-05-24 16:00:00.003
1748116800000,5e-05,2025-05-24 20:00:00.000
1748131200004,4.89e-05,2025-05-25 00:00:00.004
1748145600001,-5.076e-05,2025-05-25 04:00:00.001
1748160000000,-7.224e-05,2025-05-25 08:00:00.000
1748174400000,-5.871e-05,2025-05-25 12:00:00.000
1748188800000,-0.00010058,2025-05-25 16:00:00.000
1748203200010,-8.162e-05,2025-05-25 20:00:00.010
1748217600000,4.198e-05,2025-05-26 00:00:00.000
1748232000000,5e-05,2025-05-26 04:00:00.000
1748246400000,5e-05,2025-05-26 08:00:00.000
1748260800000,5e-05,2025-05-26 12:00:00.000
1748275200002,5e-05,2025-05-26 16:00:00.002
1748289600000,5e-05,2025-05-26 20:00:00.000
1748304000003,5e-05,2025-05-27 00:00:00.003
1748318400000,2.692e-05,2025-05-27 04:00:00.000
1748332800001,5e-05,2025-05-27 08:00:00.001
1748347200005,5e-05,2025-05-27 12:00:00.005
1748361600005,5e-05,2025-05-27 16:00:00.005
1748376000005,5e-05,2025-05-27 20:00:00.005
1748390400002,5e-05,2025-05-28 00:00:00.002
1748404800010,5e-05,2025-05-28 04:00:00.010
1748419200003,1.078e-05,2025-05-28 08:00:00.003
1748433600000,5e-05,2025-05-28 12:00:00.000
1748448000002,5e-05,2025-05-28 16:00:00.002
1748462400000,5e-05,2025-05-28 20:00:00.000
1748476800000,2.115e-05,2025-05-29 00:00:00.000
1748491200000,5e-05,2025-05-29 04:00:00.000
1748505600006,3.614e-05,2025-05-29 08:00:00.006
1748520000001,2.453e-05,2025-05-29 12:00:00.001
1748534400000,6.15e-06,2025-05-29 16:00:00.000
1748548800010,5e-05,2025-05-29 20:00:00.010
1748563200003,5e-05,2025-05-30 00:00:00.003
1748577600000,5e-05,2025-05-30 04:00:00.000
1748592000003,5e-05,2025-05-30 08:00:00.003
1748606400006,5e-05,2025-05-30 12:00:00.006
1748620800000,5e-05,2025-05-30 16:00:00.000
1748635200005,4.868e-05,2025-05-30 20:00:00.005
1748649600000,8.16e-06,2025-05-31 00:00:00.000
1748664000004,2.55e-05,2025-05-31 04:00:00.004
1748678400000,-6.67e-06,2025-05-31 08:00:00.000
1748692800000,-1.95e-06,2025-05-31 12:00:00.000
1748707200000,-0.00021399,2025-05-31 16:00:00.000
1748721600004,-2.129e-05,2025-05-31 20:00:00.004
1748736000001,-6.408e-05,2025-06-01 00:00:00.001
1748750400001,-6.279e-05,2025-06-01 04:00:00.001
1748764800002,3.209e-05,2025-06-01 08:00:00.002
1748779200008,-6.973e-05,2025-06-01 12:00:00.008
1748793600000,1.492e-05,2025-06-01 16:00:00.000
1748808000003,5e-05,2025-06-01 20:00:00.003
1748822400001,-1.124e-05,2025-06-02 00:00:00.001
1748836800004,1.094e-05,2025-06-02 04:00:00.004
1748851200000,-0.00012542,2025-06-02 08:00:00.000
1748865600002,-2.542e-05,2025-06-02 12:00:00.002
1748880000000,-8.759e-05,2025-06-02 16:00:00.000
1748894400002,5e-05,2025-06-02 20:00:00.002
1748908800000,-4.063e-05,2025-06-03 00:00:00.000
1748923200001,2.031e-05,2025-06-03 04:00:00.001
1748937600000,-2.869e-05,2025-06-03 08:00:00.000
1748952000000,5e-05,2025-06-03 12:00:00.000
1748966400001,5e-05,2025-06-03 16:00:00.001
1748980800000,2.611e-05,2025-06-03 20:00:00.000
1748995200000,3.538e-05,2025-06-04 00:00:00.000
1749009600001,5e-05,2025-06-04 04:00:00.001
1749024000000,-1.303e-05,2025-06-04 08:00:00.000
1749038400000,-7.439e-05,2025-06-04 12:00:00.000
1749052800000,-0.00013816,2025-06-04 16:00:00.000
1749067200001,-0.0001171,2025-06-04 20:00:00.001
1749081600016,-0.00033344,2025-06-05 00:00:00.016
1749096000001,-0.00032552,2025-06-05 04:00:00.001
1749110400000,3.309e-05,2025-06-05 08:00:00.000
1749124800003,1.26e-05,2025-06-05 12:00:00.003
1749139200000,4.425e-05,2025-06-05 16:00:00.000
1749153600002,5e-05,2025-06-05 20:00:00.002
1749168000002,5e-05,2025-06-06 00:00:00.002
1749182400000,5e-05,2025-06-06 04:00:00.000
1749196800000,8.68e-06,2025-06-06 08:00:00.000
1749211200002,-6.477e-05,2025-06-06 12:00:00.002
1749225600006,-7.782e-05,2025-06-06 16:00:00.006
1749240000000,2.81e-05,2025-06-06 20:00:00.000
1749254400000,4.96e-06,2025-06-07 00:00:00.000
1749268800000,5e-05,2025-06-07 04:00:00.000
1749283200000,5e-05,2025-06-07 08:00:00.000
1749297600000,-4.75e-06,2025-06-07 12:00:00.000
1749312000002,-9.161e-05,2025-06-07 16:00:00.002
1749326400002,-4.74e-06,2025-06-07 20:00:00.002
1749340800000,-6.055e-05,2025-06-08 00:00:00.000
1749355200000,5e-05,2025-06-08 04:00:00.000
1749369600000,-1.717e-05,2025-06-08 08:00:00.000
1749384000020,4.91e-05,2025-06-08 12:00:00.020
1749398400000,3.991e-05,2025-06-08 16:00:00.000
1749412800001,5e-05,2025-06-08 20:00:00.001
1749427200000,4.16e-06,2025-06-09 00:00:00.000
1749441600003,7.65e-06,2025-06-09 04:00:00.003
1749456000001,1.98e-05,2025-06-09 08:00:00.001
1749470400000,2.568e-05,2025-06-09 12:00:00.000
1749484800001,5e-05,2025-06-09 16:00:00.001
1749499200012,5e-05,2025-06-09 20:00:00.012
1749513600000,5e-05,2025-06-10 00:00:00.000
1749528000000,5e-05,2025-06-10 04:00:00.000
1749542400001,-2.334e-05,2025-06-10 08:00:00.001
1749556800005,-1.578e-05,2025-06-10 12:00:00.005
1749571200003,5e-05,2025-06-10 16:00:00.003
1749585600010,1.498e-05,2025-06-10 20:00:00.010
1749600000000,5e-05,2025-06-11 00:00:00.000
1749614400006,5e-05,2025-06-11 04:00:00.006
1749628800000,5e-05,2025-06-11 08:00:00.000
1749643200007,5e-05,2025-06-11 12:00:00.007
1749657600010,5e-05,2025-06-11 16:00:00.010
1749672000012,5e-05,2025-06-11 20:00:00.012
1749686400002,5e-05,2025-06-12 00:00:00.002
1749700800000,5e-05,2025-06-12 04:00:00.000
1749715200003,5.21e-06,2025-06-12 08:00:00.003
1749729600001,-0.00024245,2025-06-12 12:00:00.001
1749744000001,-8.641e-05,2025-06-12 16:00:00.001
1749758400003,-0.00013119,2025-06-12 20:00:00.003
1749772800000,-0.00020359,2025-06-13 00:00:00.000
1749787200002,-0.000297,2025-06-13 04:00:00.002
1749801600001,-0.0002447,2025-06-13 08:00:00.001
1749816000000,-0.00030763,2025-06-13 12:00:00.000
1749830400004,-0.00034794,2025-06-13 16:00:00.004
1749844800001,-0.00031952,2025-06-13 20:00:00.001
1749859200000,-8.862e-05,2025-06-14 00:00:00.000
1749873600000,-4.036e-05,2025-06-14 04:00:00.000
1749888000000,-0.00016877,2025-06-14 08:00:00.000
1749902400007,-5.476e-05,2025-06-14 12:00:00.007
1749916800000,-0.00013359,2025-06-14 16:00:00.000
1749931200005,1.864e-05,2025-06-14 20:00:00.005
1749945600005,-9.664e-05,2025-06-15 00:00:00.005
1749960000004,3.662e-05,2025-06-15 04:00:00.004
1749974400009,-0.00012024,2025-06-15 08:00:00.009
1749988800000,5e-05,2025-06-15 12:00:00.000
1750003200000,-3.529e-05,2025-06-15 16:00:00.000
1750017600000,-1.583e-05,2025-06-15 20:00:00.000
1750032000000,-5.95e-06,2025-06-16 00:00:00.000
1750046400009,-1.37e-06,2025-06-16 04:00:00.009
1750060800000,-1.457e-05,2025-06-16 08:00:00.000
1750075200000,-6.35e-06,2025-06-16 12:00:00.000
1750089600003,5e-05,2025-06-16 16:00:00.003
1750104000000,5e-05,2025-06-16 20:00:00.000
1750118400000,5e-05,2025-06-17 00:00:00.000
1750132800000,8.79e-06,2025-06-17 04:00:00.000
1750147200006,-5.409e-05,2025-06-17 08:00:00.006
1750161600001,-2.741e-05,2025-06-17 12:00:00.001
1750176000001,-3.178e-05,2025-06-17 16:00:00.001
1750190400000,-0.00012486,2025-06-17 20:00:00.000
1750204800001,-0.00015339,2025-06-18 00:00:00.001
1750219200001,-0.0001165,2025-06-18 04:00:00.001
1750233600001,-0.00017056,2025-06-18 08:00:00.001
1750248000003,4.29e-06,2025-06-18 12:00:00.003
1750262400001,-0.00013437,2025-06-18 16:00:00.001
1750276800000,5e-05,2025-06-18 20:00:00.000
1750291200005,5e-05,2025-06-19 00:00:00.005
1750305600005,-5.659e-05,2025-06-19 04:00:00.005
1750320000003,3.71e-05,2025-06-19 08:00:00.003
1750334400000,5e-05,2025-06-19 12:00:00.000
1750348800000,5e-05,2025-06-19 16:00:00.000
1750363200000,5e-05,2025-06-19 20:00:00.000
1750377600000,5e-05,2025-06-20 00:00:00.000
1750392000017,5e-05,2025-06-20 04:00:00.017
1750406400002,5e-05,2025-06-20 08:00:00.002
1750420800002,5e-05,2025-06-20 12:00:00.002
1750435200001,-5.79e-06,2025-06-20 16:00:00.001
1750449600000,-6.883e-05,2025-06-20 20:00:00.000
1750464000002,-5.626e-05,2025-06-21 00:00:00.002
1750478400003,-9.281e-05,2025-06-21 04:00:00.003
1750492800005,1.58e-05,2025-06-21 08:00:00.005
1750507200000,-3.26e-05,2025-06-21 12:00:00.000
1750521600000,5e-05,2025-06-21 16:00:00.000
1750536000002,5e-05,2025-06-21 20:00:00.002
1750550400005,5e-05,2025-06-22 00:00:00.005
1750564800000,5e-05,2025-06-22 04:00:00.000
1750579200000,5e-05,2025-06-22 08:00:00.000
1750593600003,5e-05,2025-06-22 12:00:00.003
1750608000003,5e-05,2025-06-22 16:00:00.003
1750622400005,5e-05,2025-06-22 20:00:00.005
1750636800000,8.58e-06,2025-06-23 00:00:00.000
1750651200007,2.9e-05,2025-06-23 04:00:00.007
1750665600004,-3.984e-05,2025-06-23 08:00:00.004
1750680000001,8.94e-06,2025-06-23 12:00:00.001
1750694400013,-4.537e-05,2025-06-23 16:00:00.013
1750708800000,4.155e-05,2025-06-23 20:00:00.000
1750723200003,-1.413e-05,2025-06-24 00:00:00.003
1750737600001,5.6e-06,2025-06-24 04:00:00.001
1750752000000,-1.815e-05,2025-06-24 08:00:00.000
1750766400001,-3.163e-05,2025-06-24 12:00:00.001
1750780800000,-2.134e-05,2025-06-24 16:00:00.000
1750795200000,-2.133e-05,2025-06-24 20:00:00.000
1750809600005,-7.46e-06,2025-06-25 00:00:00.005
1750824000000,-7e-08,2025-06-25 04:00:00.000
1750838400000,-7.778e-05,2025-06-25 08:00:00.000
1750852800003,3.332e-05,2025-06-25 12:00:00.003
1750867200005,-0.0001113,2025-06-25 16:00:00.005
1750881600002,-0.00011382,2025-06-25 20:00:00.002
1750896000000,2.051e-05,2025-06-26 00:00:00.000
1750910400000,-0.00022997,2025-06-26 04:00:00.000
1750924800006,-0.00027793,2025-06-26 08:00:00.006
1750939200005,-0.00019766,2025-06-26 12:00:00.005
1750953600007,-2.049e-05,2025-06-26 16:00:00.007
1750968000000,-4.71e-05,2025-06-26 20:00:00.000
1750982400000,-1.493e-05,2025-06-27 00:00:00.000
1750996800001,3.638e-05,2025-06-27 04:00:00.001
1751011200000,-1.104e-05,2025-06-27 08:00:00.000
1751025600003,-4.75e-05,2025-06-27 12:00:00.003
1751040000009,-0.00010182,2025-06-27 16:00:00.009
1751054400002,-0.00030187,2025-06-27 20:00:00.002
1751068800001,-3.01e-06,2025-06-28 00:00:00.001
1751083200000,-5.686e-05,2025-06-28 04:00:00.000
1751097600002,-6.144e-05,2025-06-28 08:00:00.002
1751112000000,-4.85e-06,2025-06-28 12:00:00.000
1751126400000,-6.424e-05,2025-06-28 16:00:00.000
1751140800007,2.582e-05,2025-06-28 20:00:00.007
1751155200004,2.623e-05,2025-06-29 00:00:00.004
1751169600003,5.66e-06,2025-06-29 04:00:00.003
1751184000001,5e-05,2025-06-29 08:00:00.001
1751198400003,5e-05,2025-06-29 12:00:00.003
1751212800001,5e-05,2025-06-29 16:00:00.001
1751227200003,5e-05,2025-06-29 20:00:00.003
1751241600000,5e-05,2025-06-30 00:00:00.000
1751256000003,5e-05,2025-06-30 04:00:00.003
1751270400005,5e-05,2025-06-30 08:00:00.005
1751284800000,5e-05,2025-06-30 12:00:00.000
1751299200002,5e-05,2025-06-30 16:00:00.002
1751313600000,5e-05,2025-06-30 20:00:00.000
1751328000007,3.805e-05,2025-07-01 00:00:00.007
1751342400000,5e-05,2025-07-01 04:00:00.000
1751356800002,4.449e-05,2025-07-01 08:00:00.002
1751371200000,4.095e-05,2025-07-01 12:00:00.000
1751385600000,4.355e-05,2025-07-01 16:00:00.000
1751400000000,3.352e-05,2025-07-01 20:00:00.000
1751414400001,4.148e-05,2025-07-02 00:00:00.001
1751428800001,-6.932e-05,2025-07-02 04:00:00.001
1751443200000,-5.639e-05,2025-07-02 08:00:00.000
1751457600001,4.856e-05,2025-07-02 12:00:00.001
1751472000003,5e-05,2025-07-02 16:00:00.003
1751486400000,5e-05,2025-07-02 20:00:00.000
1751500800006,5e-05,2025-07-03 00:00:00.006
1751515200002,5e-05,2025-07-03 04:00:00.002
1751529600003,5e-05,2025-07-03 08:00:00.003
1751544000001,5e-05,2025-07-03 12:00:00.001
1751558400003,5e-05,2025-07-03 16:00:00.003
1751572800000,5e-05,2025-07-03 20:00:00.000
1751587200005,5e-05,2025-07-04 00:00:00.005
1751601600002,5e-05,2025-07-04 04:00:00.002
1751616000003,5e-05,2025-07-04 08:00:00.003
1751630400000,5e-05,2025-07-04 12:00:00.000
1751644800001,5e-05,2025-07-04 16:00:00.001
1751659200000,5e-05,2025-07-04 20:00:00.000
1751673600004,4.705e-05,2025-07-05 00:00:00.004
1751688000005,5e-05,2025-07-05 04:00:00.005
1751702400009,5e-05,2025-07-05 08:00:00.009
1751716800000,4.381e-05,2025-07-05 12:00:00.000
1751731200006,-6.81e-05,2025-07-05 16:00:00.006
1751745600000,3.542e-05,2025-07-05 20:00:00.000
1751760000001,-3.983e-05,2025-07-06 00:00:00.001
1751774400000,5e-05,2025-07-06 04:00:00.000
1751788800002,4.587e-05,2025-07-06 08:00:00.002
1751803200001,3.005e-05,2025-07-06 12:00:00.001
1751817600004,-1.902e-05,2025-07-06 16:00:00.004
1751832000006,3.723e-05,2025-07-06 20:00:00.006
1751846400000,6.95e-06,2025-07-07 00:00:00.000
1751860800000,5e-05,2025-07-07 04:00:00.000
1751875200007,-9.98e-06,2025-07-07 08:00:00.007
1751889600000,-1.781e-05,2025-07-07 12:00:00.000
1751904000000,-3.969e-05,2025-07-07 16:00:00.000
1751918400013,-3.623e-05,2025-07-07 20:00:00.013
1751932800010,-1.509e-05,2025-07-08 00:00:00.010
1751947200000,4.249e-05,2025-07-08 04:00:00.000
1751961600003,-0.0001078,2025-07-08 08:00:00.003
1751976000004,-4.109e-05,2025-07-08 12:00:00.004
1751990400000,-6.841e-05,2025-07-08 16:00:00.000
1752004800002,4.875e-05,2025-07-08 20:00:00.002
1752019200002,-4.206e-05,2025-07-09 00:00:00.002
1752033600010,-6.795e-05,2025-07-09 04:00:00.010
1752048000006,-5.396e-05,2025-07-09 08:00:00.006
1752062400000,-5.863e-05,2025-07-09 12:00:00.000
1752076800001,-0.00016037,2025-07-09 16:00:00.001
1752091200007,-0.00011902,2025-07-09 20:00:00.007
1752105600003,5e-05,2025-07-10 00:00:00.003
1752120000001,5e-05,2025-07-10 04:00:00.001
1752134400000,5e-05,2025-07-10 08:00:00.000
1752148800001,5e-05,2025-07-10 12:00:00.001
1752163200004,5e-05,2025-07-10 16:00:00.004
1752177600000,5e-05,2025-07-10 20:00:00.000
1752192000004,5e-05,2025-07-11 00:00:00.004
1752206400001,5e-05,2025-07-11 04:00:00.001
1752220800007,5e-05,2025-07-11 08:00:00.007
1752235200000,5e-05,2025-07-11 12:00:00.000
1752249600001,5e-05,2025-07-11 16:00:00.001
1752264000006,5e-05,2025-07-11 20:00:00.006
1752278400000,5e-05,2025-07-12 00:00:00.000
1752292800005,5e-05,2025-07-12 04:00:00.005
1752307200001,5e-05,2025-07-12 08:00:00.001
1752321600007,5e-05,2025-07-12 12:00:00.007
1752336000002,5e-05,2025-07-12 16:00:00.002
1752350400003,5e-05,2025-07-12 20:00:00.003
1752364800006,5e-05,2025-07-13 00:00:00.006
1752379200001,5e-05,2025-07-13 04:00:00.001
1752393600001,5e-05,2025-07-13 08:00:00.001
1752408000003,5e-05,2025-07-13 12:00:00.003
1752422400003,5e-05,2025-07-13 16:00:00.003
1752436800008,5e-05,2025-07-13 20:00:00.008
1752451200000,5e-05,2025-07-14 00:00:00.000
1752465600000,5e-05,2025-07-14 04:00:00.000
1752480000000,5e-05,2025-07-14 08:00:00.000
1752494400001,5e-05,2025-07-14 12:00:00.001
1752508800000,5e-05,2025-07-14 16:00:00.000
1752523200003,5e-05,2025-07-14 20:00:00.003
1752537600002,2.474e-05,2025-07-15 00:00:00.002
1752552000008,5e-05,2025-07-15 04:00:00.008
1752566400000,1.561e-05,2025-07-15 08:00:00.000
1752580800000,-5.199e-05,2025-07-15 12:00:00.000
1752595200000,-5.776e-05,2025-07-15 16:00:00.000
1752609600005,5e-05,2025-07-15 20:00:00.005
1752624000000,5e-05,2025-07-16 00:00:00.000
1752638400000,5e-05,2025-07-16 04:00:00.000
1752652800000,5e-05,2025-07-16 08:00:00.000
1752667200005,5e-05,2025-07-16 12:00:00.005
1752681600008,5e-05,2025-07-16 16:00:00.008
1752696000000,5e-05,2025-07-16 20:00:00.000
1752710400003,5e-05,2025-07-17 00:00:00.003
1752724800000,5e-05,2025-07-17 04:00:00.000
1752739200000,5e-05,2025-07-17 08:00:00.000
1752753600000,5e-05,2025-07-17 12:00:00.000
1752768000000,5e-05,2025-07-17 16:00:00.000
1752782400000,5e-05,2025-07-17 20:00:00.000
1752796800004,5e-05,2025-07-18 00:00:00.004
1752811200000,5e-05,2025-07-18 04:00:00.000
1752825600000,5e-05,2025-07-18 08:00:00.000
1752840000000,5e-05,2025-07-18 12:00:00.000
1752854400000,5e-05,2025-07-18 16:00:00.000
1752868800010,5e-05,2025-07-18 20:00:00.010
1752883200009,5e-05,2025-07-19 00:00:00.009
1752897600000,5e-05,2025-07-19 04:00:00.000
1752912000000,5e-05,2025-07-19 08:00:00.000
1752926400000,5e-05,2025-07-19 12:00:00.000
1752940800002,5e-05,2025-07-19 16:00:00.002
1752955200002,5e-05,2025-07-19 20:00:00.002
1752969600000,5e-05,2025-07-20 00:00:00.000
1752984000007,5e-05,2025-07-20 04:00:00.007
1752998400000,5e-05,2025-07-20 08:00:00.000
1753012800003,5e-05,2025-07-20 12:00:00.003
1753027200000,5e-05,2025-07-20 16:00:00.000
1753041600013,5e-05,2025-07-20 20:00:00.013
1753056000001,5e-05,2025-07-21 00:00:00.001
1753070400001,0.00011941,2025-07-21 04:00:00.001
1753084800000,0.00010856,2025-07-21 08:00:00.000
1753099200001,0.00011331,2025-07-21 12:00:00.001
1753113600001,9.032e-05,2025-07-21 16:00:00.001
1753128000003,5e-05,2025-07-21 20:00:00.003
1753142400000,8.243e-05,2025-07-22 00:00:00.000
1753156800001,5e-05,2025-07-22 04:00:00.001
1753171200010,5e-05,2025-07-22 08:00:00.010
1753185600001,5e-05,2025-07-22 12:00:00.001
1753200000007,5e-05,2025-07-22 16:00:00.007
1753214400001,5e-05,2025-07-22 20:00:00.001
1753228800000,0.00025571,2025-07-23 00:00:00.000
1753243200010,8.039e-05,2025-07-23 04:00:00.010
1753257600004,5e-05,2025-07-23 08:00:00.004
1753272000002,5e-05,2025-07-23 12:00:00.002
1753286400002,5e-05,2025-07-23 16:00:00.002
1753300800005,5e-05,2025-07-23 20:00:00.005
1753315200000,5e-05,2025-07-24 00:00:00.000
1753329600001,5e-05,2025-07-24 04:00:00.001
1753344000001,2.634e-05,2025-07-24 08:00:00.001
1753358400000,2.166e-05,2025-07-24 12:00:00.000
1753372800000,5e-05,2025-07-24 16:00:00.000
1753387200001,-3.954e-05,2025-07-24 20:00:00.001
1753401600000,-0.00010611,2025-07-25 00:00:00.000
1753416000001,1.61e-06,2025-07-25 04:00:00.001
1753430400000,5e-05,2025-07-25 08:00:00.000
1753444800000,-9.436e-05,2025-07-25 12:00:00.000
1753459200000,-1.89e-05,2025-07-25 16:00:00.000
1753473600000,2.544e-05,2025-07-25 20:00:00.000
1753488000001,5e-05,2025-07-26 00:00:00.001
1753502400001,5e-05,2025-07-26 04:00:00.001
1753516800005,5e-05,2025-07-26 08:00:00.005
1753531200004,-2.815e-05,2025-07-26 12:00:00.004
1753545600001,5e-05,2025-07-26 16:00:00.001
1753560000000,5e-05,2025-07-26 20:00:00.000
1753574400001,5e-05,2025-07-27 00:00:00.001
1753588800000,5e-05,2025-07-27 04:00:00.000
1753603200000,5e-05,2025-07-27 08:00:00.000
1753617600000,5e-05,2025-07-27 12:00:00.000
1753632000008,5e-05,2025-07-27 16:00:00.008
1753646400002,5e-05,2025-07-27 20:00:00.002
1753660800005,5e-05,2025-07-28 00:00:00.005
1753675200001,5e-05,2025-07-28 04:00:00.001
1753689600000,5e-05,2025-07-28 08:00:00.000
1753704000000,5e-05,2025-07-28 12:00:00.000
1753718400000,5e-05,2025-07-28 16:00:00.000
1753732800005,-6.325e-05,2025-07-28 20:00:00.005
1753747200001,-0.0001556,2025-07-29 00:00:00.001
1753761600001,5e-05,2025-07-29 04:00:00.001
1753776000000,5e-05,2025-07-29 08:00:00.000
1753790400001,5e-05,2025-07-29 12:00:00.001
1753804800000,5e-05,2025-07-29 16:00:00.000
1753819200000,5e-05,2025-07-29 20:00:00.000
1753833600011,5e-05,2025-07-30 00:00:00.011
1753848000000,5e-05,2025-07-30 04:00:00.000
1753862400000,5e-05,2025-07-30 08:00:00.000
1753876800003,5e-05,2025-07-30 12:00:00.003
1753891200008,5e-05,2025-07-30 16:00:00.008
1753905600000,5e-05,2025-07-30 20:00:00.000
1753920000000,5e-05,2025-07-31 00:00:00.000
1753934400010,-5.748e-05,2025-07-31 04:00:00.010
1753948800009,1.605e-05,2025-07-31 08:00:00.009
1753963200003,5e-05,2025-07-31 12:00:00.003
1753977600000,5e-05,2025-07-31 16:00:00.000
1753992000000,5e-05,2025-07-31 20:00:00.000
1754006400001,5e-05,2025-08-01 00:00:00.001
1754020800000,5e-05,2025-08-01 04:00:00.000
1754035200003,5e-05,2025-08-01 08:00:00.003
1754049600001,5e-05,2025-08-01 12:00:00.001
1754064000000,5e-05,2025-08-01 16:00:00.000
1754078400004,5e-05,2025-08-01 20:00:00.004
1754092800004,5e-05,2025-08-02 00:00:00.004
1754107200000,5e-05,2025-08-02 04:00:00.000
1754121600000,5e-05,2025-08-02 08:00:00.000
1754136000005,5e-05,2025-08-02 12:00:00.005
1754150400000,5e-05,2025-08-02 16:00:00.000
1754164800001,5e-05,2025-08-02 20:00:00.001
1754179200000,5e-05,2025-08-03 00:00:00.000
1754193600000,-9.646e-05,2025-08-03 04:00:00.000
1754208000000,5e-05,2025-08-03 08:00:00.000
1754222400001,-4.052e-05,2025-08-03 12:00:00.001
1754236800003,5e-05,2025-08-03 16:00:00.003
1754251200002,-0.00012355,2025-08-03 20:00:00.002
1754265600004,-5.156e-05,2025-08-04 00:00:00.004
1754280000000,2.651e-05,2025-08-04 04:00:00.000
1754294400000,5e-05,2025-08-04 08:00:00.000
1754308800006,5e-05,2025-08-04 12:00:00.006
1754323200002,-2.238e-05,2025-08-04 16:00:00.002
1754337600007,-0.00011407,2025-08-04 20:00:00.007
1754352000000,-1.14e-05,2025-08-05 00:00:00.000
1754366400000,5e-05,2025-08-05 04:00:00.000
1754380800000,3.041e-05,2025-08-05 08:00:00.000
1754395200004,-2.774e-05,2025-08-05 12:00:00.004
1754409600000,-1.536e-05,2025-08-05 16:00:00.000
1754424000003,-4.344e-05,2025-08-05 20:00:00.003
1754438400005,-4.068e-05,2025-08-06 00:00:00.005
1754452800000,4.376e-05,2025-08-06 04:00:00.000
1754467200000,5e-05,2025-08-06 08:00:00.000
1754481600000,5e-05,2025-08-06 12:00:00.000
1754496000000,5e-05,2025-08-06 16:00:00.000
1754510400000,5e-05,2025-08-06 20:00:00.000
1754524800003,5e-05,2025-08-07 00:00:00.003
1754539200004,5e-05,2025-08-07 04:00:00.004
1754553600002,-1.06e-05,2025-08-07 08:00:00.002
1754568000001,5e-05,2025-08-07 12:00:00.001
1754582400002,3.153e-05,2025-08-07 16:00:00.002
1754596800001,-6.522e-05,2025-08-07 20:00:00.001
1754611200002,-8.992e-05,2025-08-08 00:00:00.002
1754625600010,1.51e-05,2025-08-08 04:00:00.010
1754640000004,1.273e-05,2025-08-08 08:00:00.004
1754654400003,-4.726e-05,2025-08-08 12:00:00.003
1754668800000,4e-07,2025-08-08 16:00:00.000
1754683200004,5e-05,2025-08-08 20:00:00.004
1754697600005,5e-05,2025-08-09 00:00:00.005
1754712000015,5e-05,2025-08-09 04:00:00.015
1754726400000,5e-05,2025-08-09 08:00:00.000
1754740800003,5e-05,2025-08-09 12:00:00.003
1754755200007,5e-05,2025-08-09 16:00:00.007
1754769600000,5e-05,2025-08-09 20:00:00.000
1754784000003,5e-05,2025-08-10 00:00:00.003
1754798400006,5e-05,2025-08-10 04:00:00.006
1754812800005,5e-05,2025-08-10 08:00:00.005
1754827200006,5e-05,2025-08-10 12:00:00.006
1754841600002,5e-05,2025-08-10 16:00:00.002
1754856000000,5e-05,2025-08-10 20:00:00.000
1754870400000,5e-05,2025-08-11 00:00:00.000
1754884800000,5e-05,2025-08-11 04:00:00.000
1754899200000,5e-05,2025-08-11 08:00:00.000
1754913600000,5e-05,2025-08-11 12:00:00.000
1754928000000,-2.263e-05,2025-08-11 16:00:00.000
1754942400000,3.619e-05,2025-08-11 20:00:00.000
1754956800000,-0.0001905,2025-08-12 00:00:00.000
1754971200001,-8.777e-05,2025-08-12 04:00:00.001
1754985600001,-3.7e-07,2025-08-12 08:00:00.001
1755000000000,5e-05,2025-08-12 12:00:00.000
1755014400005,5e-05,2025-08-12 16:00:00.005
1755028800000,5e-05,2025-08-12 20:00:00.000
1755043200000,5e-05,2025-08-13 00:00:00.000
1755057600000,5e-05,2025-08-13 04:00:00.000
1755072000002,5e-05,2025-08-13 08:00:00.002
1755086400000,5e-05,2025-08-13 12:00:00.000
1755100800006,5e-05,2025-08-13 16:00:00.006
1755115200001,5e-05,2025-08-13 20:00:00.001
1755129600002,5e-05,2025-08-14 00:00:00.002
1755144000009,5e-05,2025-08-14 04:00:00.009
1755158400003,5e-05,2025-08-14 08:00:00.003
1755172800001,8.73e-06,2025-08-14 12:00:00.001
1755187200000,-0.00029542,2025-08-14 16:00:00.000
1755201600002,-0.00026618,2025-08-14 20:00:00.002
1755216000000,-0.00040836,2025-08-15 00:00:00.000
1755230400000,-0.00044978,2025-08-15 04:00:00.000
1755244800000,-0.00030254,2025-08-15 08:00:00.000
1755259200001,2.947e-05,2025-08-15 12:00:00.001
1755273600000,-0.00022656,2025-08-15 16:00:00.000
1755288000007,-6.202e-05,2025-08-15 20:00:00.007
1755302400004,-8.489e-05,2025-08-16 00:00:00.004
1755316800000,-0.00016482,2025-08-16 04:00:00.000
1755331200000,-2.96e-06,2025-08-16 08:00:00.000
1755345600004,5e-05,2025-08-16 12:00:00.004
1755360000002,-8.851e-05,2025-08-16 16:00:00.002
1755374400006,-0.00010773,2025-08-16 20:00:00.006
1755388800000,-7.667e-05,2025-08-17 00:00:00.000
1755403200000,-6.32e-06,2025-08-17 04:00:00.000
1755417600001,1.013e-05,2025-08-17 08:00:00.001
1755432000002,5e-05,2025-08-17 12:00:00.002
1755446400007,5e-05,2025-08-17 16:00:00.007
1755460800001,5e-05,2025-08-17 20:00:00.001
1755475200000,5e-05,2025-08-18 00:00:00.000
1755489600010,5e-05,2025-08-18 04:00:00.010
1755504000001,-8e-07,2025-08-18 08:00:00.001
1755518400002,-5.9e-07,2025-08-18 12:00:00.002
1755532800002,-9.321e-05,2025-08-18 16:00:00.002
1755547200007,-0.00014247,2025-08-18 20:00:00.007
1755561600000,-0.00017333,2025-08-19 00:00:00.000
1755576000000,-5.394e-05,2025-08-19 04:00:00.000
1755590400001,-0.00027526,2025-08-19 08:00:00.001
1755604800001,2.483e-05,2025-08-19 12:00:00.001
1755619200000,-0.00011323,2025-08-19 16:00:00.000
1755633600000,-3.777e-05,2025-08-19 20:00:00.000
1755648000000,2.16e-06,2025-08-20 00:00:00.000
1755662400000,-8.691e-05,2025-08-20 04:00:00.000
1755676800000,-8.93e-06,2025-08-20 08:00:00.000
1755691200002,-8.44e-06,2025-08-20 12:00:00.002
1755705600000,-6.305e-05,2025-08-20 16:00:00.000
1755720000001,5e-05,2025-08-20 20:00:00.001
1755734400006,5e-05,2025-08-21 00:00:00.006
1755748800003,5e-05,2025-08-21 04:00:00.003
1755763200000,5e-05,2025-08-21 08:00:00.000
1755777600009,5e-05,2025-08-21 12:00:00.009
1755792000003,5e-05,2025-08-21 16:00:00.003
1755806400000,-1.559e-05,2025-08-21 20:00:00.000
1755820800010,2.252e-05,2025-08-22 00:00:00.010
1755835200003,5e-05,2025-08-22 04:00:00.003
1755849600007,5e-05,2025-08-22 08:00:00.007
1755864000001,-6.778e-05,2025-08-22 12:00:00.001
1755878400001,5e-05,2025-08-22 16:00:00.001
1755892800004,5e-05,2025-08-22 20:00:00.004
1755907200004,5e-05,2025-08-23 00:00:00.004
1755921600000,5e-05,2025-08-23 04:00:00.000
1755936000006,5e-05,2025-08-23 08:00:00.006
1755950400000,5e-05,2025-08-23 12:00:00.000
1755964800000,5e-05,2025-08-23 16:00:00.000
1755979200005,5e-05,2025-08-23 20:00:00.005
1755993600001,5e-05,2025-08-24 00:00:00.001
1756008000000,5e-05,2025-08-24 04:00:00.000
1756022400002,5e-05,2025-08-24 08:00:00.002
1756036800003,-1.622e-05,2025-08-24 12:00:00.003
1756051200001,1.599e-05,2025-08-24 16:00:00.001
1756065600008,5e-05,2025-08-24 20:00:00.008
1756080000000,5e-05,2025-08-25 00:00:00.000
1756094400001,5e-05,2025-08-25 04:00:00.001
1756108800002,5e-05,2025-08-25 08:00:00.002
1756123200000,-8.308e-05,2025-08-25 12:00:00.000
1756137600002,-0.00016789,2025-08-25 16:00:00.002
1756152000003,-0.00022291,2025-08-25 20:00:00.003
1756166400000,-0.00054445,2025-08-26 00:00:00.000
1756180800007,-0.00046101,2025-08-26 04:00:00.007
1756195200000,-0.00040162,2025-08-26 08:00:00.000
1756209600001,-0.00020657,2025-08-26 12:00:00.001
1756224000000,-0.00026225,2025-08-26 16:00:00.000
1756238400000,-0.00022103,2025-08-26 20:00:00.000
1756252800003,-0.00024155,2025-08-27 00:00:00.003
1756267200000,-6.865e-05,2025-08-27 04:00:00.000
1756281600000,-0.00010495,2025-08-27 08:00:00.000
1756296000003,-0.00013553,2025-08-27 12:00:00.003
1756310400009,-9.597e-05,2025-08-27 16:00:00.009
1756324800001,-4.186e-05,2025-08-27 20:00:00.001
1756339200000,-1.356e-05,2025-08-28 00:00:00.000
1756353600000,-3.767e-05,2025-08-28 04:00:00.000
1756368000005,5e-05,2025-08-28 08:00:00.005
1756382400000,5e-05,2025-08-28 12:00:00.000
1756396800004,5e-05,2025-08-28 16:00:00.004
1756411200003,5e-05,2025-08-28 20:00:00.003
1756425600000,5e-05,2025-08-29 00:00:00.000
1756440000008,5e-05,2025-08-29 04:00:00.008
1756454400000,5e-05,2025-08-29 08:00:00.000
1756468800010,-9.737e-05,2025-08-29 12:00:00.010
1756483200005,2.123e-05,2025-08-29 16:00:00.005
1756497600000,-6.546e-05,2025-08-29 20:00:00.000
1756512000000,-3.721e-05,2025-08-30 00:00:00.000
1756526400000,5e-05,2025-08-30 04:00:00.000
1756540800002,5e-05,2025-08-30 08:00:00.002
1756555200006,5e-05,2025-08-30 12:00:00.006
1756569600003,5e-05,2025-08-30 16:00:00.003
1756584000000,5e-05,2025-08-30 20:00:00.000
1756598400016,5e-05,2025-08-31 00:00:00.016
1756612800000,5e-05,2025-08-31 04:00:00.000
1756627200000,5e-05,2025-08-31 08:00:00.000
1756641600003,5e-05,2025-08-31 12:00:00.003
1756656000001,5e-05,2025-08-31 16:00:00.001
1756670400000,3.503e-05,2025-08-31 20:00:00.000
1756684800000,-2.237e-05,2025-09-01 00:00:00.000
1756699200005,-0.00010403,2025-09-01 04:00:00.005
1756713600000,-4.096e-05,2025-09-01 08:00:00.000
1756728000014,5e-05,2025-09-01 12:00:00.014
1756742400001,-5.188e-05,2025-09-01 16:00:00.001
1756756800008,-1.808e-05,2025-09-01 20:00:00.008
1756771200000,-0.0001004,2025-09-02 00:00:00.000
1756785600009,4.02e-06,2025-09-02 04:00:00.009
1756800000005,-2.428e-05,2025-09-02 08:00:00.005
1756814400003,-0.00011538,2025-09-02 12:00:00.003
1756828800007,-8.854e-05,2025-09-02 16:00:00.007
1756843200001,-2.91e-05,2025-09-02 20:00:00.001
1756857600006,-8.2e-06,2025-09-03 00:00:00.006
1756872000003,5e-05,2025-09-03 04:00:00.003
1756886400002,5e-05,2025-09-03 08:00:00.002
1756900800000,5e-05,2025-09-03 12:00:00.000
1756915200002,5e-05,2025-09-03 16:00:00.002
1756929600006,5e-05,2025-09-03 20:00:00.006
1756944000002,5e-05,2025-09-04 00:00:00.002
1756958400000,5e-05,2025-09-04 04:00:00.000
1756972800000,2.695e-05,2025-09-04 08:00:00.000
1756987200002,-5.362e-05,2025-09-04 12:00:00.002
1757001600000,1.11e-06,2025-09-04 16:00:00.000
1757016000000,-2.133e-05,2025-09-04 20:00:00.000
1757030400001,-7.612e-05,2025-09-05 00:00:00.001
1757044800000,-2.002e-05,2025-09-05 04:00:00.000
1757059200006,5e-05,2025-09-05 08:00:00.006
1757073600001,5e-05,2025-09-05 12:00:00.001
1757088000000,5e-05,2025-09-05 16:00:00.000
1757102400000,5e-05,2025-09-05 20:00:00.000
1757116800000,5e-05,2025-09-06 00:00:00.000
1757131200000,5e-05,2025-09-06 04:00:00.000
1757145600005,5e-05,2025-09-06 08:00:00.005
1757160000000,5e-05,2025-09-06 12:00:00.000
1757174400000,5e-05,2025-09-06 16:00:00.000
1757188800001,5e-05,2025-09-06 20:00:00.001
1757203200000,5e-05,2025-09-07 00:00:00.000
1757217600008,5e-05,2025-09-07 04:00:00.008
1757232000000,5e-05,2025-09-07 08:00:00.000
1757246400000,5e-05,2025-09-07 12:00:00.000
1757260800000,5e-05,2025-09-07 16:00:00.000
1757275200003,5e-05,2025-09-07 20:00:00.003
1757289600007,5e-05,2025-09-08 00:00:00.007
1757304000008,5e-05,2025-09-08 04:00:00.008
1757318400000,5e-05,2025-09-08 08:00:00.000
1757332800005,5e-05,2025-09-08 12:00:00.005
1757347200000,5e-05,2025-09-08 16:00:00.000
1757361600001,5e-05,2025-09-08 20:00:00.001
1757376000000,5e-05,2025-09-09 00:00:00.000
1757390400000,-3.917e-05,2025-09-09 04:00:00.000
1757404800000,5e-05,2025-09-09 08:00:00.000
1757419200004,5e-05,2025-09-09 12:00:00.004
1757433600000,5e-05,2025-09-09 16:00:00.000
1757448000000,5e-05,2025-09-09 20:00:00.000
1757462400000,5e-05,2025-09-10 00:00:00.000
1757476800001,3.305e-05,2025-09-10 04:00:00.001
1757491200002,-0.00033633,2025-09-10 08:00:00.002
1757505600004,5e-05,2025-09-10 12:00:00.004
1757520000000,5e-05,2025-09-10 16:00:00.000
1757534400007,5e-05,2025-09-10 20:00:00.007
1757548800000,5e-05,2025-09-11 00:00:00.000
1757563200003,5e-05,2025-09-11 04:00:00.003
1757577600000,5e-05,2025-09-11 08:00:00.000
1757592000005,5e-05,2025-09-11 12:00:00.005
1757606400001,5e-05,2025-09-11 16:00:00.001
1757620800001,5e-05,2025-09-11 20:00:00.001
1757635200002,5e-05,2025-09-12 00:00:00.002
1757649600004,5e-05,2025-09-12 04:00:00.004
1757664000001,5e-05,2025-09-12 08:00:00.001
1757678400001,5e-05,2025-09-12 12:00:00.001
1757692800005,5e-05,2025-09-12 16:00:00.005
1757707200000,5e-05,2025-09-12 20:00:00.000
1757721600005,5e-05,2025-09-13 00:00:00.005
1757736000002,5e-05,2025-09-13 04:00:00.002
1757750400002,5e-05,2025-09-13 08:00:00.002
1757764800005,5e-05,2025-09-13 12:00:00.005
1757779200000,5e-05,2025-09-13 16:00:00.000
1757793600001,5e-05,2025-09-13 20:00:00.001
1757808000006,5e-05,2025-09-14 00:00:00.006
1757822400001,5e-05,2025-09-14 04:00:00.001
1757836800000,5e-05,2025-09-14 08:00:00.000
1757851200004,5e-05,2025-09-14 12:00:00.004
1757865600001,5e-05,2025-09-14 16:00:00.001
1757880000000,5e-05,2025-09-14 20:00:00.000
1757894400006,5e-05,2025-09-15 00:00:00.006
1757908800000,5e-05,2025-09-15 04:00:00.000
1757923200002,5e-05,2025-09-15 08:00:00.002
1757937600003,5e-05,2025-09-15 12:00:00.003
1757952000001,5e-05,2025-09-15 16:00:00.001
1757966400001,2.833e-05,2025-09-15 20:00:00.001
1757980800001,5e-05,2025-09-16 00:00:00.001
1757995200000,5e-05,2025-09-16 04:00:00.000
1758009600000,5e-05,2025-09-16 08:00:00.000
1758024000002,5e-05,2025-09-16 12:00:00.002
1758038400000,5e-05,2025-09-16 16:00:00.000
1758052800004,5e-05,2025-09-16 20:00:00.004
1758067200001,5e-05,2025-09-17 00:00:00.001
1758081600004,5e-05,2025-09-17 04:00:00.004
1758096000000,5e-05,2025-09-17 08:00:00.000
1758110400000,5e-05,2025-09-17 12:00:00.000
1758124800003,5e-05,2025-09-17 16:00:00.003
1758139200000,5e-05,2025-09-17 20:00:00.000
1758153600006,5e-05,2025-09-18 00:00:00.006
1758168000001,5e-05,2025-09-18 04:00:00.001
1758182400002,5e-05,2025-09-18 08:00:00.002
1758196800000,5e-05,2025-09-18 12:00:00.000
1758211200000,5e-05,2025-09-18 16:00:00.000
1758225600008,5e-05,2025-09-18 20:00:00.008
1758240000000,5e-05,2025-09-19 00:00:00.000
1758254400003,5e-05,2025-09-19 04:00:00.003
1758268800005,5e-05,2025-09-19 08:00:00.005
1758283200000,5e-05,2025-09-19 12:00:00.000
1758297600000,5e-05,2025-09-19 16:00:00.000
1758312000004,5e-05,2025-09-19 20:00:00.004
1758326400000,5e-05,2025-09-20 00:00:00.000
1758340800000,5e-05,2025-09-20 04:00:00.000
1758355200000,5e-05,2025-09-20 08:00:00.000
1758369600008,5e-05,2025-09-20 12:00:00.008
1758384000002,5e-05,2025-09-20 16:00:00.002
1758398400000,5e-05,2025-09-20 20:00:00.000
1758412800000,5e-05,2025-09-21 00:00:00.000
1758427200002,5e-05,2025-09-21 04:00:00.002
1758441600000,5e-05,2025-09-21 08:00:00.000
1758456000002,5e-05,2025-09-21 12:00:00.002
1758470400000,5e-05,2025-09-21 16:00:00.000
1758484800000,5e-05,2025-09-21 20:00:00.000
1758499200005,5e-05,2025-09-22 00:00:00.005
1758513600000,2.05e-06,2025-09-22 04:00:00.000
1758528000003,-3.097e-05,2025-09-22 08:00:00.003
1758542400005,-3.678e-05,2025-09-22 12:00:00.005
1758556800000,-2.11e-05,2025-09-22 16:00:00.000
1758571200001,4.2e-07,2025-09-22 20:00:00.001
1758585600000,-2.808e-05,2025-09-23 00:00:00.000
1758600000012,2.882e-05,2025-09-23 04:00:00.012
1758614400001,-7.2e-06,2025-09-23 08:00:00.001
1758628800000,1.347e-05,2025-09-23 12:00:00.000
1758643200000,1.295e-05,2025-09-23 16:00:00.000
1758657600001,5e-05,2025-09-23 20:00:00.001
1758672000003,-2.024e-05,2025-09-24 00:00:00.003
1758686400000,3.751e-05,2025-09-24 04:00:00.000
1758700800001,9.51e-06,2025-09-24 08:00:00.001
1758715200001,1.458e-05,2025-09-24 12:00:00.001
1758729600002,2.507e-05,2025-09-24 16:00:00.002
1758744000001,2.158e-05,2025-09-24 20:00:00.001
1758758400000,-4.268e-05,2025-09-25 00:00:00.000
1758772800000,5e-05,2025-09-25 04:00:00.000
1758787200001,5e-05,2025-09-25 08:00:00.001
1758801600000,4.268e-05,2025-09-25 12:00:00.000
1758816000000,4.884e-05,2025-09-25 16:00:00.000
1758830400000,-1.596e-05,2025-09-25 20:00:00.000
1758844800000,7.8e-07,2025-09-26 00:00:00.000
1758859200002,5e-05,2025-09-26 04:00:00.002
1758873600000,5e-05,2025-09-26 08:00:00.000
1758888000000,5e-05,2025-09-26 12:00:00.000
1758902400008,3.364e-05,2025-09-26 16:00:00.008
1758916800005,1.21e-05,2025-09-26 20:00:00.005
1758931200000,5e-05,2025-09-27 00:00:00.000
1758945600000,5e-05,2025-09-27 04:00:00.000
1758960000010,5e-05,2025-09-27 08:00:00.010
1758974400003,5e-05,2025-09-27 12:00:00.003
1758988800003,3.754e-05,2025-09-27 16:00:00.003
1759003200002,5e-05,2025-09-27 20:00:00.002
1759017600000,4.671e-05,2025-09-28 00:00:00.000
1759032000002,4.571e-05,2025-09-28 04:00:00.002
1759046400000,2.908e-05,2025-09-28 08:00:00.000
1759060800000,5e-05,2025-09-28 12:00:00.000
1759075200000,5e-05,2025-09-28 16:00:00.000
1759089600004,2.295e-05,2025-09-28 20:00:00.004
1759104000000,5e-05,2025-09-29 00:00:00.000
1759118400000,1.388e-05,2025-09-29 04:00:00.000
1759132800002,4.44e-06,2025-09-29 08:00:00.002
1759147200000,3.899e-05,2025-09-29 12:00:00.000
1759161600001,6.18e-06,2025-09-29 16:00:00.001
1759176000000,5e-05,2025-09-29 20:00:00.000
1759190400002,5e-05,2025-09-30 00:00:00.002
1759204800000,-2.324e-05,2025-09-30 04:00:00.000
1759219200005,-5.36e-06,2025-09-30 08:00:00.005
1759233600000,-3.083e-05,2025-09-30 12:00:00.000
1759248000000,1.278e-05,2025-09-30 16:00:00.000
1759262400000,1.906e-05,2025-09-30 20:00:00.000
1759276800000,5e-05,2025-10-01 00:00:00.000
1759291200008,5e-05,2025-10-01 04:00:00.008
1759305600000,5e-05,2025-10-01 08:00:00.000
1759320000007,5e-05,2025-10-01 12:00:00.007
1759334400000,5e-05,2025-10-01 16:00:00.000
1759348800001,5e-05,2025-10-01 20:00:00.001
1759363200000,5e-05,2025-10-02 00:00:00.000
1759377600001,5e-05,2025-10-02 04:00:00.001
1759392000013,5e-05,2025-10-02 08:00:00.013
1759406400000,5e-05,2025-10-02 12:00:00.000
1759420800000,5e-05,2025-10-02 16:00:00.000
1759435200000,5e-05,2025-10-02 20:00:00.000
1759449600006,5e-05,2025-10-03 00:00:00.006
1759464000000,5e-05,2025-10-03 04:00:00.000
1759478400006,5e-05,2025-10-03 08:00:00.006
1759492800000,5e-05,2025-10-03 12:00:00.000
1759507200000,5e-05,2025-10-03 16:00:00.000
1759521600002,5e-05,2025-10-03 20:00:00.002
1759536000001,5e-05,2025-10-04 00:00:00.001
1759550400006,5e-05,2025-10-04 04:00:00.006
1759564800000,5e-05,2025-10-04 08:00:00.000
1759579200000,5e-05,2025-10-04 12:00:00.000
1759593600000,5e-05,2025-10-04 16:00:00.000
1759608000003,4.291e-05,2025-10-04 20:00:00.003
1759622400000,5e-05,2025-10-05 00:00:00.000
1759636800000,5e-05,2025-10-05 04:00:00.000
1759651200003,5e-05,2025-10-05 08:00:00.003
1759665600000,5e-05,2025-10-05 12:00:00.000
1759680000009,5e-05,2025-10-05 16:00:00.009
1759694400004,5e-05,2025-10-05 20:00:00.004
1759708800004,5e-05,2025-10-06 00:00:00.004
1759723200003,5e-05,2025-10-06 04:00:00.003
1759737600002,5e-05,2025-10-06 08:00:00.002
1759752000000,5e-05,2025-10-06 12:00:00.000
1759766400004,5e-05,2025-10-06 16:00:00.004
1759780800002,5e-05,2025-10-06 20:00:00.002
1759795200000,5e-05,2025-10-07 00:00:00.000
1759809600001,5e-05,2025-10-07 04:00:00.001
1759824000003,5e-05,2025-10-07 08:00:00.003
1759838400005,5e-05,2025-10-07 12:00:00.005
1759852800000,5e-05,2025-10-07 16:00:00.000
1759867200002,2.795e-05,2025-10-07 20:00:00.002
1759881600000,1.886e-05,2025-10-08 00:00:00.000
1759896000002,2.24e-06,2025-10-08 04:00:00.002
1759910400006,3.962e-05,2025-10-08 08:00:00.006
1759924800003,1.95e-06,2025-10-08 12:00:00.003
1759939200002,5e-05,2025-10-08 16:00:00.002
1759953600000,5e-05,2025-10-08 20:00:00.000
1759968000001,5e-05,2025-10-09 00:00:00.001
1759982400003,5e-05,2025-10-09 04:00:00.003
1759996800000,5e-05,2025-10-09 08:00:00.000
1760011200002,2.402e-05,2025-10-09 12:00:00.002
1760025600000,-1.568e-05,2025-10-09 16:00:00.000
1760040000010,5.9e-07,2025-10-09 20:00:00.010
1760054400005,5e-05,2025-10-10 00:00:00.005
1760068800001,5e-05,2025-10-10 04:00:00.001
1760083200002,5e-05,2025-10-10 08:00:00.002
1760097600004,5e-05,2025-10-10 12:00:00.004
1760112000014,5e-05,2025-10-10 16:00:00.014
1760126400003,-2.875e-05,2025-10-10 20:00:00.003
1760140800000,-0.00122693,2025-10-11 00:00:00.000
1760155200000,-0.00026699,2025-10-11 04:00:00.000
1760169600003,-0.00022256,2025-10-11 08:00:00.003
1760184000003,-0.00022741,2025-10-11 12:00:00.003
1760198400000,-3.771e-05,2025-10-11 16:00:00.000
1760212800001,-0.00017262,2025-10-11 20:00:00.001
1760227200004,-0.00037039,2025-10-12 00:00:00.004
1760241600001,2.624e-05,2025-10-12 04:00:00.001
1760256000002,-9.497e-05,2025-10-12 08:00:00.002
1760270400001,-1.344e-05,2025-10-12 12:00:00.001
1760284800000,-3.256e-05,2025-10-12 16:00:00.000
1760299200000,8.77e-06,2025-10-12 20:00:00.000
1760313600003,4.808e-05,2025-10-13 00:00:00.003
1760328000000,-1.956e-05,2025-10-13 04:00:00.000
1760342400002,1.147e-05,2025-10-13 08:00:00.002
1760356800001,-0.00010061,2025-10-13 12:00:00.001
1760371200003,4.01e-06,2025-10-13 16:00:00.003
1760385600002,5e-05,2025-10-13 20:00:00.002
1760400000000,5e-05,2025-10-14 00:00:00.000
1760414400000,5e-05,2025-10-14 04:00:00.000
1760428800000,-2.818e-05,2025-10-14 08:00:00.000
1760443200000,-0.00015676,2025-10-14 12:00:00.000
1760457600000,-9.84e-05,2025-10-14 16:00:00.000
1760472000000,-1.322e-05,2025-10-14 20:00:00.000
1760486400006,1.578e-05,2025-10-15 00:00:00.006
1760500800001,-8.2e-06,2025-10-15 04:00:00.001
1760515200002,-5.24e-06,2025-10-15 08:00:00.002
1760529600005,-0.0001941,2025-10-15 12:00:00.005
1760544000000,-0.00010069,2025-10-15 16:00:00.000
1760558400004,4.123e-05,2025-10-15 20:00:00.004
1760572800000,-0.0001153,2025-10-16 00:00:00.000
1760587200000,-0.00014515,2025-10-16 04:00:00.000
1760601600003,1.42e-05,2025-10-16 08:00:00.003
1760616000000,-0.00022083,2025-10-16 12:00:00.000
1760630400002,-0.00057913,2025-10-16 16:00:00.002
1760644800003,-0.00048134,2025-10-16 20:00:00.003
1760659200001,-0.00055039,2025-10-17 00:00:00.001
1760673600001,-0.00023695,2025-10-17 04:00:00.001
1760688000005,-0.00025075,2025-10-17 08:00:00.005
1760702400000,-0.0002115,2025-10-17 12:00:00.000
1760716800003,-5.718e-05,2025-10-17 16:00:00.003
1760731200004,-0.00028066,2025-10-17 20:00:00.004
1760745600000,-6.99e-05,2025-10-18 00:00:00.000
1760760000000,-0.00010946,2025-10-18 04:00:00.000
1760774400002,-0.00039439,2025-10-18 08:00:00.002
1760788800007,-0.00018685,2025-10-18 12:00:00.007
1760803200001,-0.00026886,2025-10-18 16:00:00.001
1760817600000,-0.00025623,2025-10-18 20:00:00.000
1760832000001,-0.000241,2025-10-19 00:00:00.001
1760846400000,-0.00026814,2025-10-19 04:00:00.000
1760860800001,-0.00032794,2025-10-19 08:00:00.001
1760875200000,-1.641e-05,2025-10-19 12:00:00.000
1760889600001,-6.148e-05,2025-10-19 16:00:00.001
1760904000000,-0.00013334,2025-10-19 20:00:00.000
1760918400004,-0.00014289,2025-10-20 00:00:00.004
1760932800000,-0.00021091,2025-10-20 04:00:00.000
1760947200001,-9.902e-05,2025-10-20 08:00:00.001
1760961600000,-7.871e-05,2025-10-20 12:00:00.000
1760976000000,-5.658e-05,2025-10-20 16:00:00.000
1760990400000,1.479e-05,2025-10-20 20:00:00.000
1761004800009,1.127e-05,2025-10-21 00:00:00.009
1761019200003,-7.318e-05,2025-10-21 04:00:00.003
1761033600000,-4.751e-05,2025-10-21 08:00:00.000
1761048000000,2.633e-05,2025-10-21 12:00:00.000
1761062400000,-8.641e-05,2025-10-21 16:00:00.000
1761076800001,-7.282e-05,2025-10-21 20:00:00.001
1761091200004,3.998e-05,2025-10-22 00:00:00.004
1761105600000,-8.84e-06,2025-10-22 04:00:00.000
1761120000000,-0.00027352,2025-10-22 08:00:00.000
1761134400000,-0.00015043,2025-10-22 12:00:00.000
1761148800000,-0.00021524,2025-10-22 16:00:00.000
1761163200004,-2.072e-05,2025-10-22 20:00:00.004
1761177600000,-0.00026654,2025-10-23 00:00:00.000
1761192000000,-0.0004201,2025-10-23 04:00:00.000
1761206400001,-0.00024016,2025-10-23 08:00:00.001
1761220800000,-0.00024924,2025-10-23 12:00:00.000
1761235200004,-0.00021969,2025-10-23 16:00:00.004
1761249600000,-1.891e-05,2025-10-23 20:00:00.000
1761264000000,-1.563e-05,2025-10-24 00:00:00.000
1761278400002,-7.603e-05,2025-10-24 04:00:00.002
1761292800000,-0.0005311,2025-10-24 08:00:00.000
1761307200002,-0.00045809,2025-10-24 12:00:00.002
1761321600009,-0.00038543,2025-10-24 16:00:00.009
1761336000000,-0.00013009,2025-10-24 20:00:00.000
1761350400000,-0.00040547,2025-10-25 00:00:00.000
1761364800000,-0.00053521,2025-10-25 04:00:00.000
1761379200001,-0.00034713,2025-10-25 08:00:00.001
1761393600000,-0.00034648,2025-10-25 12:00:00.000
1761408000001,-0.00059655,2025-10-25 16:00:00.001
1761422400002,-0.00010746,2025-10-25 20:00:00.002
1761436800001,-7.448e-05,2025-10-26 00:00:00.001
1761451200000,5e-05,2025-10-26 04:00:00.000
1761465600001,5.21e-06,2025-10-26 08:00:00.001
1761480000002,-6.143e-05,2025-10-26 12:00:00.002
1761494400000,-3.164e-05,2025-10-26 16:00:00.000
1761508800000,4.476e-05,2025-10-26 20:00:00.000
1761523200000,2.317e-05,2025-10-27 00:00:00.000
1761537600000,5e-05,2025-10-27 04:00:00.000
1761552000005,5e-05,2025-10-27 08:00:00.005
1761566400003,4.242e-05,2025-10-27 12:00:00.003
1761580800000,-6.91e-06,2025-10-27 16:00:00.000
1761595200001,4.224e-05,2025-10-27 20:00:00.001
1761609600000,5e-05,2025-10-28 00:00:00.000
1761624000004,2.432e-05,2025-10-28 04:00:00.004
1761638400000,5.66e-06,2025-10-28 08:00:00.000
1761652800000,1.38e-05,2025-10-28 12:00:00.000
1761667200004,1.173e-05,2025-10-28 16:00:00.004
1761681600004,-6.572e-05,2025-10-28 20:00:00.004
1761696000004,9.19e-06,2025-10-29 00:00:00.004
1761710400005,-8.2e-06,2025-10-29 04:00:00.005
1761724800005,-3.166e-05,2025-10-29 08:00:00.005
1761739200011,1.051e-05,2025-10-29 12:00:00.011
1761753600000,1.01e-06,2025-10-29 16:00:00.000
1761768000008,1.414e-05,2025-10-29 20:00:00.008
1761782400004,-0.00011646,2025-10-30 00:00:00.004
1761796800001,5.93e-06,2025-10-30 04:00:00.001
1761811200008,-7.381e-05,2025-10-30 08:00:00.008
1761825600006,-0.00010815,2025-10-30 12:00:00.006
1761840000001,5e-05,2025-10-30 16:00:00.001
1761854400000,1.627e-05,2025-10-30 20:00:00.000
1761868800000,-2.898e-05,2025-10-31 00:00:00.000
1761883200000,-0.00021003,2025-10-31 04:00:00.000
1761897600008,-0.00012446,2025-10-31 08:00:00.008
1761912000008,3.883e-05,2025-10-31 12:00:00.008
1761926400007,-1.56e-06,2025-10-31 16:00:00.007
1761940800001,-3.72e-06,2025-10-31 20:00:00.001
1761955200001,-3.109e-05,2025-11-01 00:00:00.001
1761969600000,-8.9e-06,2025-11-01 04:00:00.000
1761984000000,5e-05,2025-11-01 08:00:00.000
1761998400000,2.938e-05,2025-11-01 12:00:00.000
1762012800000,4.3e-05,2025-11-01 16:00:00.000
1762027200003,2.928e-05,2025-11-01 20:00:00.003
1762041600007,-9.45e-06,2025-11-02 00:00:00.007
1762056000002,8.53e-06,2025-11-02 04:00:00.002
1762070400000,1.93e-06,2025-11-02 08:00:00.000
1762084800001,5e-05,2025-11-02 12:00:00.001
1762099200001,-4.362e-05,2025-11-02 16:00:00.001
1762113600001,2.311e-05,2025-11-02 20:00:00.001
1762128000000,-5.367e-05,2025-11-03 00:00:00.000
1762142400003,5e-05,2025-11-03 04:00:00.003
1762156800010,4.789e-05,2025-11-03 08:00:00.010
1762171200002,4.91e-05,2025-11-03 12:00:00.002
1762185600000,2.319e-05,2025-11-03 16:00:00.000
1762200000008,1.244e-05,2025-11-03 20:00:00.008
1762214400002,1.601e-05,2025-11-04 00:00:00.002
1762228800000,5e-05,2025-11-04 04:00:00.000
1762243200004,5e-05,2025-11-04 08:00:00.004
1762257600000,2.21e-05,2025-11-04 12:00:00.000
1762272000000,-2.57e-06,2025-11-04 16:00:00.000
1762286400001,5e-05,2025-11-04 20:00:00.001
1762300800000,5e-05,2025-11-05 00:00:00.000
1762315200005,5e-05,2025-11-05 04:00:00.005
1762329600000,-8.94e-06,2025-11-05 08:00:00.000
1762344000000,5e-05,2025-11-05 12:00:00.000
1762358400004,2.951e-05,2025-11-05 16:00:00.004
1762372800001,-1.199e-05,2025-11-05 20:00:00.001
1762387200001,2.849e-05,2025-11-06 00:00:00.001
1762401600009,-3.73e-06,2025-11-06 04:00:00.009
1762416000000,-4.762e-05,2025-11-06 08:00:00.000
1762430400001,-2.613e-05,2025-11-06 12:00:00.001
1762444800001,9e-06,2025-11-06 16:00:00.001
1762459200006,2.016e-05,2025-11-06 20:00:00.006
1762473600005,2.793e-05,2025-11-07 00:00:00.005
1762488000000,4.419e-05,2025-11-07 04:00:00.000
1762502400003,5e-05,2025-11-07 08:00:00.003
1762516800005,5e-05,2025-11-07 12:00:00.005
1762531200005,4.608e-05,2025-11-07 16:00:00.005
1762545600000,4.268e-05,2025-11-07 20:00:00.000
1762560000011,5e-05,2025-11-08 00:00:00.011
1762574400001,6.58e-06,2025-11-08 04:00:00.001
1762588800015,5e-05,2025-11-08 08:00:00.015
1762603200000,7.94e-06,2025-11-08 12:00:00.000
1762617600001,5e-05,2025-11-08 16:00:00.001
1762632000006,2.431e-05,2025-11-08 20:00:00.006
1762646400004,1.028e-05,2025-11-09 00:00:00.004
1762660800000,5e-05,2025-11-09 04:00:00.000
1762675200000,4.549e-05,2025-11-09 08:00:00.000
1762689600000,2.576e-05,2025-11-09 12:00:00.000
1762704000005,-1.392e-05,2025-11-09 16:00:00.005
1762718400010,-2.65e-05,2025-11-09 20:00:00.010
1762732800000,-1.888e-05,2025-11-10 00:00:00.000
1762747200005,2.274e-05,2025-11-10 04:00:00.005
1762761600000,-4.437e-05,2025-11-10 08:00:00.000
1762776000003,-2.08e-05,2025-11-10 12:00:00.003
1762790400003,-3.192e-05,2025-11-10 16:00:00.003
1762804800000,-8.129e-05,2025-11-10 20:00:00.000
1762819200007,-1.01e-05,2025-11-11 00:00:00.007
1762833600003,-4.36e-06,2025-11-11 04:00:00.003
1762848000000,1.818e-05,2025-11-11 08:00:00.000
1762862400002,-8.19e-06,2025-11-11 12:00:00.002
1762876800009,3.358e-05,2025-11-11 16:00:00.009
1762891200000,2.917e-05,2025-11-11 20:00:00.000
1762905600000,-1.321e-05,2025-11-12 00:00:00.000
1762920000000,1.255e-05,2025-11-12 04:00:00.000
1762934400002,-4.405e-05,2025-11-12 08:00:00.002
1762948800000,1.17e-06,2025-11-12 12:00:00.000
1762963200000,-7.254e-05,2025-11-12 16:00:00.000
1762977600001,-3.369e-05,2025-11-12 20:00:00.001
1762992000002,-8.205e-05,2025-11-13 00:00:00.002
1763006400000,-8.497e-05,2025-11-13 04:00:00.000
1763020800000,-0.00020279,2025-11-13 08:00:00.000
1763035200001,-3.18e-06,2025-11-13 12:00:00.001
1763049600001,1.257e-05,2025-11-13 16:00:00.001
1763064000004,5e-05,2025-11-13 20:00:00.004
1763078400000,-1.427e-05,2025-11-14 00:00:00.000
1763092800000,4.142e-05,2025-11-14 04:00:00.000
1763107200000,1.389e-05,2025-11-14 08:00:00.000
1763121600001,2.391e-05,2025-11-14 12:00:00.001
1763136000001,1.557e-05,2025-11-14 16:00:00.001
1763150400000,2.458e-05,2025-11-14 20:00:00.000
1763164800005,5e-05,2025-11-15 00:00:00.005
1763179200015,5e-05,2025-11-15 04:00:00.015
1763193600000,1.283e-05,2025-11-15 08:00:00.000
1763208000008,-5.878e-05,2025-11-15 12:00:00.008
1763222400001,-2.001e-05,2025-11-15 16:00:00.001
1763236800003,1.39e-06,2025-11-15 20:00:00.003
1763251200001,1.337e-05,2025-11-16 00:00:00.001
1763265600003,4.886e-05,2025-11-16 04:00:00.003
1763280000000,3.523e-05,2025-11-16 08:00:00.000
1763294400003,-2.216e-05,2025-11-16 12:00:00.003
1763308800000,7.12e-06,2025-11-16 16:00:00.000
1763323200000,5e-05,2025-11-16 20:00:00.000
1763337600003,5e-05,2025-11-17 00:00:00.003
1763352000001,5e-05,2025-11-17 04:00:00.001
1763366400003,5e-05,2025-11-17 08:00:00.003
1763380800000,3.291e-05,2025-11-17 12:00:00.000
1763395200000,5e-05,2025-11-17 16:00:00.000
1763409600003,5e-05,2025-11-17 20:00:00.003
1763424000002,5e-05,2025-11-18 00:00:00.002
1763438400000,5e-05,2025-11-18 04:00:00.000
1763452800004,5e-05,2025-11-18 08:00:00.004
1763467200000,5e-05,2025-11-18 12:00:00.000
1763481600000,5e-05,2025-11-18 16:00:00.000
1763496000002,5e-05,2025-11-18 20:00:00.002
1763510400000,5e-05,2025-11-19 00:00:00.000
1763524800000,5e-05,2025-11-19 04:00:00.000
1763539200000,5e-05,2025-11-19 08:00:00.000
1763553600000,9.76e-06,2025-11-19 12:00:00.000
1763568000008,3.04e-06,2025-11-19 16:00:00.008
1763582400000,2.423e-05,2025-11-19 20:00:00.000
1763596800000,5e-05,2025-11-20 00:00:00.000
1763611200006,1.39e-05,2025-11-20 04:00:00.006
1763625600000,1.827e-05,2025-11-20 08:00:00.000
1763640000003,1.338e-05,2025-11-20 12:00:00.003
1763654400000,-3.359e-05,2025-11-20 16:00:00.000
1763668800002,-0.00010581,2025-11-20 20:00:00.002
1763683200001,-7.756e-05,2025-11-21 00:00:00.001
1763697600000,3.815e-05,2025-11-21 04:00:00.000
1763712000000,-1.063e-05,2025-11-21 08:00:00.000
1763726400001,2.995e-05,2025-11-21 12:00:00.001
1763740800001,-8.06e-06,2025-11-21 16:00:00.001
1763755200000,2.653e-05,2025-11-21 20:00:00.000
1763769600004,1.434e-05,2025-11-22 00:00:00.004
1763784000000,1.433e-05,2025-11-22 04:00:00.000
1763798400000,2.1e-05,2025-11-22 08:00:00.000
1763812800000,2.198e-05,2025-11-22 12:00:00.000
1763827200000,2.205e-05,2025-11-22 16:00:00.000
1763841600001,3.368e-05,2025-11-22 20:00:00.001
1763856000000,3.897e-05,2025-11-23 00:00:00.000
1763870400000,-6.77e-06,2025-11-23 04:00:00.000
1763884800008,-1.07e-06,2025-11-23 08:00:00.008
1763899200000,-2.56e-06,2025-11-23 12:00:00.000
1763913600003,-3.059e-05,2025-11-23 16:00:00.003
1763928000003,6.42e-06,2025-11-23 20:00:00.003
1763942400004,-4.65e-06,2025-11-24 00:00:00.004
1763956800000,3.398e-05,2025-11-24 04:00:00.000
1763971200000,4.03e-06,2025-11-24 08:00:00.000
1763985600000,-6.4e-07,2025-11-24 12:00:00.000
1764000000006,3.932e-05,2025-11-24 16:00:00.006
1764014400003,2.582e-05,2025-11-24 20:00:00.003
1764028800000,1.918e-05,2025-11-25 00:00:00.000
1764043200000,2.981e-05,2025-11-25 04:00:00.000
1764057600009,3.1e-06,2025-11-25 08:00:00.009
1764072000002,-6.5e-07,2025-11-25 12:00:00.002
1764086400007,2.376e-05,2025-11-25 16:00:00.007
1764100800009,1.094e-05,2025-11-25 20:00:00.009
1764115200001,3.857e-05,2025-11-26 00:00:00.001
1764129600006,-2.95e-05,2025-11-26 04:00:00.006
1764144000001,3.437e-05,2025-11-26 08:00:00.001
1764158400001,-2.2e-07,2025-11-26 12:00:00.001
1764172800000,-6.4e-06,2025-11-26 16:00:00.000
1764187200001,3.978e-05,2025-11-26 20:00:00.001
1764201600013,2.975e-05,2025-11-27 00:00:00.013
1764216000007,1.954e-05,2025-11-27 04:00:00.007
1764230400000,-7.65e-06,2025-11-27 08:00:00.000
1764244800002,-3.375e-05,2025-11-27 12:00:00.002
1764259200004,-4.191e-05,2025-11-27 16:00:00.004
1764273600004,-7.417e-05,2025-11-27 20:00:00.004
1764288000008,-0.0001127,2025-11-28 00:00:00.008
1764302400000,-1.45e-05,2025-11-28 04:00:00.000
1764316800000,-2.847e-05,2025-11-28 08:00:00.000
1764331200004,2.36e-05,2025-11-28 12:00:00.004
1764345600008,9.28e-06,2025-11-28 16:00:00.008
1764360000010,-2.002e-05,2025-11-28 20:00:00.010
1764374400000,-5.269e-05,2025-11-29 00:00:00.000
1764388800002,-0.00016344,2025-11-29 04:00:00.002
1764403200005,-2.752e-05,2025-11-29 08:00:00.005
1764417600003,1.486e-05,2025-11-29 12:00:00.003
1764432000001,2.562e-05,2025-11-29 16:00:00.001
1764446400000,1.96e-06,2025-11-29 20:00:00.000
1764460800003,3.365e-05,2025-11-30 00:00:00.003
1764475200004,1.66e-05,2025-11-30 04:00:00.004
1764489600000,3.386e-05,2025-11-30 08:00:00.000
1764504000000,-8.95e-06,2025-11-30 12:00:00.000
1764518400004,-3.172e-05,2025-11-30 16:00:00.004
1764532800006,-1.39e-06,2025-11-30 20:00:00.006
1764547200000,-2.483e-05,2025-12-01 00:00:00.000
1764561600000,-0.00015483,2025-12-01 04:00:00.000
1764576000004,-0.00018245,2025-12-01 08:00:00.004
1764590400000,-9.435e-05,2025-12-01 12:00:00.000
1764604800000,4.44e-05,2025-12-01 16:00:00.000
1764619200000,-3.9e-07,2025-12-01 20:00:00.000
1764633600004,3.979e-05,2025-12-02 00:00:00.004
1764648000000,-1.138e-05,2025-12-02 04:00:00.000
1764662400000,-5.335e-05,2025-12-02 08:00:00.000
1764676800004,-7.67e-05,2025-12-02 12:00:00.004
1764691200000,-7.716e-05,2025-12-02 16:00:00.000
1764705600000,1.4e-06,2025-12-02 20:00:00.000
1764720000000,-5.032e-05,2025-12-03 00:00:00.000
1764734400004,-0.0001518,2025-12-03 04:00:00.004
1764748800000,-0.00012684,2025-12-03 08:00:00.000
1764763200001,-7.912e-05,2025-12-03 12:00:00.001
1764777600005,-4.838e-05,2025-12-03 16:00:00.005
1764792000002,-0.00023042,2025-12-03 20:00:00.002
1764806400012,-0.00021293,2025-12-04 00:00:00.012
1764820800000,-5.649e-05,2025-12-04 04:00:00.000
1764835200000,5e-05,2025-12-04 08:00:00.000
1764849600005,5e-05,2025-12-04 12:00:00.005
1764864000011,2.539e-05,2025-12-04 16:00:00.011
1764878400000,4.174e-05,2025-12-04 20:00:00.000
1764892800000,-8.23e-06,2025-12-05 00:00:00.000
1764907200000,-4.454e-05,2025-12-05 04:00:00.000
1764921600000,1.311e-05,2025-12-05 08:00:00.000
1764936000001,-5.702e-05,2025-12-05 12:00:00.001
1764950400010,-6.87e-05,2025-12-05 16:00:00.010
1764964800001,-0.00018552,2025-12-05 20:00:00.001
1764979200001,-9.041e-05,2025-12-06 00:00:00.001
1764993600000,-0.00014617,2025-12-06 04:00:00.000
1765008000001,-0.00012941,2025-12-06 08:00:00.001
1765022400000,-5.579e-05,2025-12-06 12:00:00.000
1765036800008,-0.00017542,2025-12-06 16:00:00.008
1765051200000,-7.83e-06,2025-12-06 20:00:00.000
1765065600000,5e-05,2025-12-07 00:00:00.000
1765080000000,-3.474e-05,2025-12-07 04:00:00.000
1765094400004,-8.51e-06,2025-12-07 08:00:00.004
1765108800004,1.136e-05,2025-12-07 12:00:00.004
1765123200000,-6.993e-05,2025-12-07 16:00:00.000
1765137600000,-2.874e-05,2025-12-07 20:00:00.000
1765152000000,-0.00012994,2025-12-08 00:00:00.000
1765166400000,-0.00010217,2025-12-08 04:00:00.000
1765180800000,-4.202e-05,2025-12-08 08:00:00.000
1765195200001,-2.617e-05,2025-12-08 12:00:00.001
1765209600001,6.82e-06,2025-12-08 16:00:00.001
1765224000000,-3.952e-05,2025-12-08 20:00:00.000
1765238400001,-8.562e-05,2025-12-09 00:00:00.001
1765252800004,-0.00011009,2025-12-09 04:00:00.004
1765267200001,5.55e-06,2025-12-09 08:00:00.001
1765281600000,-2.25e-06,2025-12-09 12:00:00.000
1765296000007,-3.77e-06,2025-12-09 16:00:00.007
1765310400001,5e-05,2025-12-09 20:00:00.001
1765324800007,5e-05,2025-12-10 00:00:00.007
1765339200012,-4.289e-05,2025-12-10 04:00:00.012
1765353600002,-7.029e-05,2025-12-10 08:00:00.002
1765368000000,-3.649e-05,2025-12-10 12:00:00.000
1765382400012,-3.004e-05,2025-12-10 16:00:00.012
1765396800000,3.876e-05,2025-12-10 20:00:00.000
1765411200001,-5.634e-05,2025-12-11 00:00:00.001
1765425600000,-0.00020871,2025-12-11 04:00:00.000
1765440000000,-0.00021839,2025-12-11 08:00:00.000
1765454400000,-0.00017359,2025-12-11 12:00:00.000
1765468800000,-0.00018373,2025-12-11 16:00:00.000
1765483200001,-5.05e-06,2025-12-11 20:00:00.001
1765497600005,5e-05,2025-12-12 00:00:00.005
1765512000000,3.652e-05,2025-12-12 04:00:00.000
1765526400007,5e-05,2025-12-12 08:00:00.007
1765540800000,5e-05,2025-12-12 12:00:00.000
1765555200002,2.886e-05,2025-12-12 16:00:00.002
1765569600004,-0.00010571,2025-12-12 20:00:00.004
1765584000001,-0.0001516,2025-12-13 00:00:00.001
1765598400006,-6.19e-05,2025-12-13 04:00:00.006
1765612800006,-4.221e-05,2025-12-13 08:00:00.006
1765627200002,-4.939e-05,2025-12-13 12:00:00.002
1765641600000,4.13e-05,2025-12-13 16:00:00.000
1765656000000,5e-05,2025-12-13 20:00:00.000
1765670400000,2.971e-05,2025-12-14 00:00:00.000
1765684800001,5e-05,2025-12-14 04:00:00.001
1765699200003,7.4e-06,2025-12-14 08:00:00.003
1765713600000,-1.772e-05,2025-12-14 12:00:00.000
1765728000005,-1.752e-05,2025-12-14 16:00:00.005
1765742400000,-2.409e-05,2025-12-14 20:00:00.000
1765756800000,3.923e-05,2025-12-15 00:00:00.000
1765771200001,-0.00011568,2025-12-15 04:00:00.001
1765785600000,-4.47e-05,2025-12-15 08:00:00.000
1765800000000,-7.442e-05,2025-12-15 12:00:00.000
1765814400000,-2.072e-05,2025-12-15 16:00:00.000
1765828800000,1.489e-05,2025-12-15 20:00:00.000
1765843200002,3.295e-05,2025-12-16 00:00:00.002
1765857600000,4.936e-05,2025-12-16 04:00:00.000
1765872000000,-3.036e-05,2025-12-16 08:00:00.000
1765886400008,-6.02e-06,2025-12-16 12:00:00.008
1765900800002,1.646e-05,2025-12-16 16:00:00.002
1765915200000,-2.827e-05,2025-12-16 20:00:00.000
1765929600004,1.937e-05,2025-12-17 00:00:00.004
1765944000002,2.038e-05,2025-12-17 04:00:00.002
1765958400000,8.28e-06,2025-12-17 08:00:00.000
1765972800000,2.508e-05,2025-12-17 12:00:00.000
1765987200000,1.091e-05,2025-12-17 16:00:00.000
1766001600001,-0.00014591,2025-12-17 20:00:00.001
1766016000005,-6.529e-05,2025-12-18 00:00:00.005
1766030400000,-0.00015749,2025-12-18 04:00:00.000
1766044800007,-5.15e-05,2025-12-18 08:00:00.007
1766059200000,-0.00011884,2025-12-18 12:00:00.000
1766073600001,3.374e-05,2025-12-18 16:00:00.001
1766088000000,-6.964e-05,2025-12-18 20:00:00.000
1766102400000,2.323e-05,2025-12-19 00:00:00.000
1766116800000,3.464e-05,2025-12-19 04:00:00.000
1766131200001,5e-05,2025-12-19 08:00:00.001
1766145600000,3.929e-05,2025-12-19 12:00:00.000
1766160000000,5e-05,2025-12-19 16:00:00.000
1766174400000,3.705e-05,2025-12-19 20:00:00.000
1766188800005,5e-05,2025-12-20 00:00:00.005
1766203200001,5e-05,2025-12-20 04:00:00.001
1766217600000,2.458e-05,2025-12-20 08:00:00.000
1766232000000,5e-05,2025-12-20 12:00:00.000
1766246400002,5e-05,2025-12-20 16:00:00.002
1766260800009,5e-05,2025-12-20 20:00:00.009
1766275200000,5e-05,2025-12-21 00:00:00.000
1766289600003,9.31e-06,2025-12-21 04:00:00.003
1766304000009,1.701e-05,2025-12-21 08:00:00.009
1766318400000,-2.475e-05,2025-12-21 12:00:00.000
1766332800000,-4.57e-06,2025-12-21 16:00:00.000
1766347200009,1.89e-06,2025-12-21 20:00:00.009
1766361600000,1.194e-05,2025-12-22 00:00:00.000
1766376000000,3.687e-05,2025-12-22 04:00:00.000
1766390400005,3.373e-05,2025-12-22 08:00:00.005
1766404800002,-1.335e-05,2025-12-22 12:00:00.002
1766419200009,9.9e-07,2025-12-22 16:00:00.009
1766433600001,-1.634e-05,2025-12-22 20:00:00.001
1766448000000,-7.59e-06,2025-12-23 00:00:00.000
1766462400000,5e-05,2025-12-23 04:00:00.000
1766476800000,-4.725e-05,2025-12-23 08:00:00.000
1766491200000,3.715e-05,2025-12-23 12:00:00.000
1766505600001,2.744e-05,2025-12-23 16:00:00.001
1766520000005,5e-05,2025-12-23 20:00:00.005
1766534400001,1.853e-05,2025-12-24 00:00:00.001
1766548800000,-0.00010291,2025-12-24 04:00:00.000
1766563200001,-9.275e-05,2025-12-24 08:00:00.001
1766577600002,-3.084e-05,2025-12-24 12:00:00.002
1766592000000,-3.482e-05,2025-12-24 16:00:00.000
1766606400003,5e-05,2025-12-24 20:00:00.003
1766620800000,5e-05,2025-12-25 00:00:00.000
1766635200000,5e-05,2025-12-25 04:00:00.000
1766649600001,5e-05,2025-12-25 08:00:00.001
1766664000008,5e-05,2025-12-25 12:00:00.008
1766678400005,5e-05,2025-12-25 16:00:00.005
1766692800001,3.71e-05,2025-12-25 20:00:00.001
1766707200004,-4.788e-05,2025-12-26 00:00:00.004
1766721600005,4.83e-06,2025-12-26 04:00:00.005
1766736000001,5e-05,2025-12-26 08:00:00.001
1766750400000,4.515e-05,2025-12-26 12:00:00.000
1766764800007,-1.485e-05,2025-12-26 16:00:00.007
1766779200000,1.487e-05,2025-12-26 20:00:00.000
1766793600000,-3.069e-05,2025-12-27 00:00:00.000
1766808000000,-4.458e-05,2025-12-27 04:00:00.000
1766822400000,-8.91e-06,2025-12-27 08:00:00.000
1766836800000,4.343e-05,2025-12-27 12:00:00.000
1766851200011,-1.308e-05,2025-12-27 16:00:00.011
1766865600003,1.311e-05,2025-12-27 20:00:00.003
1766880000008,5e-05,2025-12-28 00:00:00.008
1766894400000,5.5e-07,2025-12-28 04:00:00.000
1766908800000,2.06e-05,2025-12-28 08:00:00.000
1766923200010,-1.646e-05,2025-12-28 12:00:00.010
1766937600000,-1.403e-05,2025-12-28 16:00:00.000
1766952000002,-8.645e-05,2025-12-28 20:00:00.002
1766966400016,-1.415e-05,2025-12-29 00:00:00.016
1766980800000,4.036e-05,2025-12-29 04:00:00.000
1766995200001,4.839e-05,2025-12-29 08:00:00.001
1767009600001,-4.948e-05,2025-12-29 12:00:00.001
1767024000000,-0.00013287,2025-12-29 16:00:00.000
1767038400000,-0.00020549,2025-12-29 20:00:00.000
1767052800005,-9.226e-05,2025-12-30 00:00:00.005
1767067200012,-0.00010809,2025-12-30 04:00:00.012
1767081600001,-0.00013958,2025-12-30 08:00:00.001
1767096000000,-7.538e-05,2025-12-30 12:00:00.000
1767110400003,-4.663e-05,2025-12-30 16:00:00.003
1767124800001,-0.00015015,2025-12-30 20:00:00.001
1767139200004,-9.7e-05,2025-12-31 00:00:00.004
1767153600008,-2.505e-05,2025-12-31 04:00:00.008
1767168000001,-8.441e-05,2025-12-31 08:00:00.001
1767182400007,-7.795e-05,2025-12-31 12:00:00.007
1767196800001,-4.175e-05,2025-12-31 16:00:00.001
1767211200009,-0.00019145,2025-12-31 20:00:00.009
1767225600008,-0.00029278,2026-01-01 00:00:00.008
1767240000000,-0.00019409,2026-01-01 04:00:00.000
1767254400002,-9.064e-05,2026-01-01 08:00:00.002
1767268800007,-9.254e-05,2026-01-01 12:00:00.007
1767283200001,-4.99e-06,2026-01-01 16:00:00.001
1767297600005,5e-05,2026-01-01 20:00:00.005
1767312000006,5e-05,2026-01-02 00:00:00.006
1767326400000,5e-05,2026-01-02 04:00:00.000
1767340800007,1.926e-05,2026-01-02 08:00:00.007
1767355200000,5e-05,2026-01-02 12:00:00.000
1767369600000,5e-05,2026-01-02 16:00:00.000
1767384000000,5e-05,2026-01-02 20:00:00.000
1767398400001,3.796e-05,2026-01-03 00:00:00.001
1767412800000,1.692e-05,2026-01-03 04:00:00.000
1767427200000,-0.00014844,2026-01-03 08:00:00.000
1767441600008,-0.00012629,2026-01-03 12:00:00.008
1767456000000,-0.00015336,2026-01-03 16:00:00.000
1767470400001,-3.407e-05,2026-01-03 20:00:00.001
1767484800000,-2.241e-05,2026-01-04 00:00:00.000
1767499200000,-0.00020049,2026-01-04 04:00:00.000
1767513600000,-0.00018408,2026-01-04 08:00:00.000
1767528000001,-7.109e-05,2026-01-04 12:00:00.001
1767542400001,-8.96e-06,2026-01-04 16:00:00.001
1767556800002,5e-05,2026-01-04 20:00:00.002
1767571200000,2.742e-05,2026-01-05 00:00:00.000
1767585600001,-0.00022159,2026-01-05 04:00:00.001
1767600000000,-0.00015847,2026-01-05 08:00:00.000
1767614400000,1.691e-05,2026-01-05 12:00:00.000
1767628800000,-2.152e-05,2026-01-05 16:00:00.000
1767643200000,-4.586e-05,2026-01-05 20:00:00.000
1767657600010,-2.211e-05,2026-01-06 00:00:00.010
1767672000000,-3.098e-05,2026-01-06 04:00:00.000
1767686400000,-7.683e-05,2026-01-06 08:00:00.000
1767700800000,3.734e-05,2026-01-06 12:00:00.000
1767715200000,3.941e-05,2026-01-06 16:00:00.000
1767729600002,5e-05,2026-01-06 20:00:00.002
1767744000001,3.467e-05,2026-01-07 00:00:00.001
1767758400003,4.4e-05,2026-01-07 04:00:00.003
1767772800001,5e-05,2026-01-07 08:00:00.001
1767787200000,4.921e-05,2026-01-07 12:00:00.000
1767801600001,5e-05,2026-01-07 16:00:00.001
1767816000001,5e-05,2026-01-07 20:00:00.001
1767830400001,4.203e-05,2026-01-08 00:00:00.001
1767844800000,2.858e-05,2026-01-08 04:00:00.000
1767859200000,1.866e-05,2026-01-08 08:00:00.000
1767873600002,2.47e-06,2026-01-08 12:00:00.002
1767888000000,1.865e-05,2026-01-08 16:00:00.000
1767902400000,-2.26e-06,2026-01-08 20:00:00.000
1767916800003,-1.73e-05,2026-01-09 00:00:00.003
1767931200000,-2.698e-05,2026-01-09 04:00:00.000
1767945600000,-1.893e-05,2026-01-09 08:00:00.000
1767960000000,-7.73e-06,2026-01-09 12:00:00.000
1767974400001,1.554e-05,2026-01-09 16:00:00.001
1767988800005,-7.99e-06,2026-01-09 20:00:00.005
1768003200000,5e-05,2026-01-10 00:00:00.000
1768017600000,5.33e-06,2026-01-10 04:00:00.000
1768032000002,4.12e-06,2026-01-10 08:00:00.002
1768046400000,5e-05,2026-01-10 12:00:00.000
1768060800001,1.626e-05,2026-01-10 16:00:00.001
1768075200014,1.466e-05,2026-01-10 20:00:00.014
1768089600003,-2.235e-05,2026-01-11 00:00:00.003
1768104000000,2.322e-05,2026-01-11 04:00:00.000
1768118400006,4.767e-05,2026-01-11 08:00:00.006
1768132800000,-4.142e-05,2026-01-11 12:00:00.000
1768147200000,-2.508e-05,2026-01-11 16:00:00.000
1768161600002,-5.008e-05,2026-01-11 20:00:00.002
1768176000005,-5.401e-05,2026-01-12 00:00:00.005
1768190400008,-5.616e-05,2026-01-12 04:00:00.008
1768204800000,-1.525e-05,2026-01-12 08:00:00.000
1768219200000,-8.67e-06,2026-01-12 12:00:00.000
1768233600000,-1.96e-06,2026-01-12 16:00:00.000
1768248000000,7.39e-06,2026-01-12 20:00:00.000
1768262400007,2.442e-05,2026-01-13 00:00:00.007
1768276800000,-9.07e-06,2026-01-13 04:00:00.000
1768291200009,-7.323e-05,2026-01-13 08:00:00.009
1768305600000,-2.403e-05,2026-01-13 12:00:00.000
1768320000002,-5.069e-05,2026-01-13 16:00:00.002
1768334400003,1.396e-05,2026-01-13 20:00:00.003
1768348800000,3.836e-05,2026-01-14 00:00:00.000
1768363200001,1.283e-05,2026-01-14 04:00:00.001
1768377600001,-1.87e-06,2026-01-14 08:00:00.001
1768392000000,-2.543e-05,2026-01-14 12:00:00.000
1768406400004,-3.977e-05,2026-01-14 16:00:00.004
1768420800007,-6.139e-05,2026-01-14 20:00:00.007
1768435200000,1.35e-06,2026-01-15 00:00:00.000
1768449600008,6.65e-06,2026-01-15 04:00:00.008
1768464000004,1.102e-05,2026-01-15 08:00:00.004
1768478400000,3.902e-05,2026-01-15 12:00:00.000
1768492800002,1.041e-05,2026-01-15 16:00:00.002
1768507200000,-6.57e-06,2026-01-15 20:00:00.000
1768521600000,-7.213e-05,2026-01-16 00:00:00.000
1768536000000,-1.474e-05,2026-01-16 04:00:00.000
1768550400000,-2.506e-05,2026-01-16 08:00:00.000
1768564800001,-1.871e-05,2026-01-16 12:00:00.001
1768579200001,-5.372e-05,2026-01-16 16:00:00.001
1768593600003,2.906e-05,2026-01-16 20:00:00.003
1768608000000,4.054e-05,2026-01-17 00:00:00.000
1768622400000,5e-05,2026-01-17 04:00:00.000
1768636800000,5e-05,2026-01-17 08:00:00.000
1768651200000,-1.1e-05,2026-01-17 12:00:00.000
1768665600002,-3.271e-05,2026-01-17 16:00:00.002
1768680000002,-6.021e-05,2026-01-17 20:00:00.002
1768694400001,-2.239e-05,2026-01-18 00:00:00.001
1768708800002,-8.473e-05,2026-01-18 04:00:00.002
1768723200000,-0.00015867,2026-01-18 08:00:00.000
1768737600000,-4.78e-05,2026-01-18 12:00:00.000
1768752000000,-9.824e-05,2026-01-18 16:00:00.000
1768766400011,-9.512e-05,2026-01-18 20:00:00.011
1768780800007,-0.00012926,2026-01-19 00:00:00.007
1768795200002,-0.00023982,2026-01-19 04:00:00.002
1768809600007,-9.412e-05,2026-01-19 08:00:00.007
1768824000000,-6.707e-05,2026-01-19 12:00:00.000
1768838400007,-4.62e-05,2026-01-19 16:00:00.007
1768852800000,-2.555e-05,2026-01-19 20:00:00.000
1768867200005,-3.157e-05,2026-01-20 00:00:00.005
1768881600008,-9.783e-05,2026-01-20 04:00:00.008
1768896000001,-0.00012068,2026-01-20 08:00:00.001
1768910400007,2.355e-05,2026-01-20 12:00:00.007
1768924800009,1.493e-05,2026-01-20 16:00:00.009
1768939200002,1.998e-05,2026-01-20 20:00:00.002
1768953600001,8.07e-06,2026-01-21 00:00:00.001
1768968000009,-4.917e-05,2026-01-21 04:00:00.009
1768982400011,-5e-08,2026-01-21 08:00:00.011
1768996800000,-2.11e-06,2026-01-21 12:00:00.000
1769011200011,5.23e-06,2026-01-21 16:00:00.011
1769025600000,-1.546e-05,2026-01-21 20:00:00.000
1769040000010,-1.599e-05,2026-01-22 00:00:00.010
1769054400011,-6.12e-06,2026-01-22 04:00:00.011
1769068800003,-2.288e-05,2026-01-22 08:00:00.003
1769083200000,-2.732e-05,2026-01-22 12:00:00.000
1769097600005,-4.233e-05,2026-01-22 16:00:00.005
1769112000000,-6.059e-05,2026-01-22 20:00:00.000
1769126400005,-1.31e-06,2026-01-23 00:00:00.005
1769140800000,3.672e-05,2026-01-23 04:00:00.000
1769155200000,4.605e-05,2026-01-23 08:00:00.000
1769169600002,4.242e-05,2026-01-23 12:00:00.002
1769184000011,-5.305e-05,2026-01-23 16:00:00.011
1769198400000,-0.00011923,2026-01-23 20:00:00.000
1769212800011,-9.272e-05,2026-01-24 00:00:00.011
1769227200008,-0.00018355,2026-01-24 04:00:00.008
1769241600002,-1.963e-05,2026-01-24 08:00:00.002
1769256000000,-2.285e-05,2026-01-24 12:00:00.000
1769270400001,-2.341e-05,2026-01-24 16:00:00.001
1769284800008,-1.128e-05,2026-01-24 20:00:00.008
1769299200002,1.855e-05,2026-01-25 00:00:00.002
1769313600000,8.43e-06,2026-01-25 04:00:00.000
1769328000011,1.141e-05,2026-01-25 08:00:00.011
1769342400000,-3.34e-05,2026-01-25 12:00:00.000
1769356800005,-1.762e-05,2026-01-25 16:00:00.005
1769371200001,2.263e-05,2026-01-25 20:00:00.001
1769385600000,-2.582e-05,2026-01-26 00:00:00.000
1769400000000,-1.94e-06,2026-01-26 04:00:00.000
1769414400003,4.208e-05,2026-01-26 08:00:00.003
1769428800000,4.046e-05,2026-01-26 12:00:00.000
1769443200000,-5.781e-05,2026-01-26 16:00:00.000
1769457600000,9.16e-06,2026-01-26 20:00:00.000
1769472000002,6.9e-06,2026-01-27 00:00:00.002
1769486400002,4.5e-06,2026-01-27 04:00:00.002
1769500800000,9.06e-06,2026-01-27 08:00:00.000
1769515200006,5e-05,2026-01-27 12:00:00.006
1769529600000,6.08e-06,2026-01-27 16:00:00.000
1769544000000,2.933e-05,2026-01-27 20:00:00.000
1769558400000,5e-05,2026-01-28 00:00:00.000
1769572800008,4.98e-05,2026-01-28 04:00:00.008
1769587200000,5e-05,2026-01-28 08:00:00.000
1769601600005,4.6e-06,2026-01-28 12:00:00.005
1769616000000,-3.543e-05,2026-01-28 16:00:00.000
1769630400004,4.925e-05,2026-01-28 20:00:00.004
1769644800000,-6.012e-05,2026-01-29 00:00:00.000
1769659200000,-0.00023737,2026-01-29 04:00:00.000
1769673600009,-0.00023962,2026-01-29 08:00:00.009
1769688000000,-0.00018768,2026-01-29 12:00:00.000
1769702400000,-0.00025449,2026-01-29 16:00:00.000
1769716800004,-0.00019468,2026-01-29 20:00:00.004
1769731200008,-0.00013279,2026-01-30 00:00:00.008
1769745600005,-7.81e-05,2026-01-30 04:00:00.005
1769760000000,-8.91e-06,2026-01-30 08:00:00.000
1769774400005,-5.488e-05,2026-01-30 12:00:00.005
1769788800001,-4.732e-05,2026-01-30 16:00:00.001
1769803200004,2.814e-05,2026-01-30 20:00:00.004
1769817600000,2.477e-05,2026-01-31 00:00:00.000
1769832000002,-2.268e-05,2026-01-31 04:00:00.002
1769846400001,-4.369e-05,2026-01-31 08:00:00.001
1769860800010,-0.00010828,2026-01-31 12:00:00.010
1769875200009,-2.28e-05,2026-01-31 16:00:00.009
1769889600012,-2.86e-05,2026-01-31 20:00:00.012
1769904000001,-3.883e-05,2026-02-01 00:00:00.001
1769918400000,-1.388e-05,2026-02-01 04:00:00.000
1769932800004,3.154e-05,2026-02-01 08:00:00.004
1769947200004,-4.102e-05,2026-02-01 12:00:00.004
1769961600000,-6.123e-05,2026-02-01 16:00:00.000
1769976000004,-9.113e-05,2026-02-01 20:00:00.004
1769990400000,-2.438e-05,2026-02-02 00:00:00.000
1770004800000,-3.11e-05,2026-02-02 04:00:00.000
1770019200014,-6.511e-05,2026-02-02 08:00:00.014
1770033600009,-0.00013394,2026-02-02 12:00:00.009
1770048000000,-0.00012465,2026-02-02 16:00:00.000
1770062400000,-8.728e-05,2026-02-02 20:00:00.000
1770076800000,-8.155e-05,2026-02-03 00:00:00.000
1770091200001,-3.542e-05,2026-02-03 04:00:00.001
1770105600007,5.36e-06,2026-02-03 08:00:00.007
1770120000006,-3.832e-05,2026-02-03 12:00:00.006
1770134400000,-3.178e-05,2026-02-03 16:00:00.000
1770148800009,-3.495e-05,2026-02-03 20:00:00.009
1770163200002,-5.774e-05,2026-02-04 00:00:00.002
1770177600004,3.386e-05,2026-02-04 04:00:00.004
1770192000007,-1.102e-05,2026-02-04 08:00:00.007
1770206400010,-5.164e-05,2026-02-04 12:00:00.010
1770220800000,-0.00010746,2026-02-04 16:00:00.000
1770235200001,-1.378e-05,2026-02-04 20:00:00.001
1770249600011,-5.368e-05,2026-02-05 00:00:00.011
1770264000001,-8.812e-05,2026-02-05 04:00:00.001
1770278400000,-0.00015926,2026-02-05 08:00:00.000
1770292800006,-0.00010351,2026-02-05 12:00:00.006
1770307200007,-0.00019568,2026-02-05 16:00:00.007
1770321600000,-5.586e-05,2026-02-05 20:00:00.000
1770336000000,-0.00021667,2026-02-06 00:00:00.000
1770350400001,-0.00019679,2026-02-06 04:00:00.001
1770364800001,-0.00019468,2026-02-06 08:00:00.001
1770379200003,-0.00025531,2026-02-06 12:00:00.003
1770393600000,-0.00022123,2026-02-06 16:00:00.000
1770408000005,-9.336e-05,2026-02-06 20:00:00.005
1770422400003,-7.548e-05,2026-02-07 00:00:00.003
1770436800024,-0.00011995,2026-02-07 04:00:00.024
1770451200000,-0.00013413,2026-02-07 08:00:00.000
1770465600007,-5.133e-05,2026-02-07 12:00:00.007
1770480000010,6.02e-06,2026-02-07 16:00:00.010
1770494400000,-3.229e-05,2026-02-07 20:00:00.000
1770508800003,-7.82e-06,2026-02-08 00:00:00.003
1770523200002,-3.654e-05,2026-02-08 04:00:00.002
1770537600000,-9.49e-06,2026-02-08 08:00:00.000
1770552000005,-0.00013735,2026-02-08 12:00:00.005
1770566400000,-0.00015225,2026-02-08 16:00:00.000
1770580800000,-9.775e-05,2026-02-08 20:00:00.000
1770595200002,-5.662e-05,2026-02-09 00:00:00.002
1770609600012,4.817e-05,2026-02-09 04:00:00.012
1770624000001,3.899e-05,2026-02-09 08:00:00.001
1770638400003,3.986e-05,2026-02-09 12:00:00.003
1770652800007,2.223e-05,2026-02-09 16:00:00.007
1770667200006,3.377e-05,2026-02-09 20:00:00.006
1770681600000,3.326e-05,2026-02-10 00:00:00.000
1770696000000,4.18e-06,2026-02-10 04:00:00.000
1770710400007,-3.848e-05,2026-02-10 08:00:00.007
1770724800000,-6.263e-05,2026-02-10 12:00:00.000
1770739200000,-6.324e-05,2026-02-10 16:00:00.000
1770753600007,-0.00010743,2026-02-10 20:00:00.007
1770768000000,-0.00012752,2026-02-11 00:00:00.000
1770782400000,-0.00013153,2026-02-11 04:00:00.000
1770796800006,-0.00025771,2026-02-11 08:00:00.006
1770811200000,-0.00024794,2026-02-11 12:00:00.000
1770825600000,-0.00014181,2026-02-11 16:00:00.000
1770840000003,-0.0001379,2026-02-11 20:00:00.003
1770854400000,-0.00015303,2026-02-12 00:00:00.000
1770868800000,-5.466e-05,2026-02-12 04:00:00.000
1770883200001,-8.316e-05,2026-02-12 08:00:00.001
1770897600002,-0.00021564,2026-02-12 12:00:00.002
1770912000001,-0.00023319,2026-02-12 16:00:00.001
1770926400006,-0.00023701,2026-02-12 20:00:00.006
1770940800007,-7.001e-05,2026-02-13 00:00:00.007
1770955200000,-0.00028248,2026-02-13 04:00:00.000
1770969600003,-0.00012263,2026-02-13 08:00:00.003
1770984000000,-0.00016706,2026-02-13 12:00:00.000
1770998400005,-0.00020059,2026-02-13 16:00:00.005
1771012800006,-2.938e-05,2026-02-13 20:00:00.006
1771027200002,-4.434e-05,2026-02-14 00:00:00.002
1771041600007,-0.00016744,2026-02-14 04:00:00.007
1771056000004,-0.00014818,2026-02-14 08:00:00.004
1771070400000,-0.00029533,2026-02-14 12:00:00.000
1771084800002,-0.000316,2026-02-14 16:00:00.002
1771099200000,-0.00024432,2026-02-14 20:00:00.000
1771113600000,-7.437e-05,2026-02-15 00:00:00.000
1771128000000,-0.0002016,2026-02-15 04:00:00.000
1771142400002,-0.00011124,2026-02-15 08:00:00.002
1771156800005,-3.563e-05,2026-02-15 12:00:00.005
1771171200000,-6.436e-05,2026-02-15 16:00:00.000
1771185600009,4.413e-05,2026-02-15 20:00:00.009
1771200000001,-3.531e-05,2026-02-16 00:00:00.001
1771214400004,-6.509e-05,2026-02-16 04:00:00.004
1771228800003,-9.416e-05,2026-02-16 08:00:00.003
1771243200000,-0.0002222,2026-02-16 12:00:00.000
1771257600000,-0.00011013,2026-02-16 16:00:00.000
1771272000009,-0.00019005,2026-02-16 20:00:00.009
1771286400008,-0.00015457,2026-02-17 00:00:00.008
1771300800003,-0.00013624,2026-02-17 04:00:00.003
1771315200001,-3.348e-05,2026-02-17 08:00:00.001
1771329600000,-7.863e-05,2026-02-17 12:00:00.000
1771344000002,-6.67e-05,2026-02-17 16:00:00.002
1771358400002,-3.15e-05,2026-02-17 20:00:00.002
1771372800000,-8.593e-05,2026-02-18 00:00:00.000
1771387200000,-5.4e-06,2026-02-18 04:00:00.000
1771401600000,1.442e-05,2026-02-18 08:00:00.000
1771416000007,4.24e-05,2026-02-18 12:00:00.007
1771430400011,-9.164e-05,2026-02-18 16:00:00.011
1771444800004,-0.00019109,2026-02-18 20:00:00.004
1771459200013,-0.00020662,2026-02-19 00:00:00.013
1771473600003,-0.0002077,2026-02-19 04:00:00.003
1771488000000,-0.00021344,2026-02-19 08:00:00.000
1771502400011,-0.00017157,2026-02-19 12:00:00.011
1771516800003,-9.038e-05,2026-02-19 16:00:00.003
1771531200000,-8.169e-05,2026-02-19 20:00:00.000
1771545600000,-7.513e-05,2026-02-20 00:00:00.000
1771560000003,-0.00013194,2026-02-20 04:00:00.003
1771574400000,-0.00013846,2026-02-20 08:00:00.000
1771588800000,-7.46e-05,2026-02-20 12:00:00.000
1771603200000,-0.00010463,2026-02-20 16:00:00.000
1771617600000,1.985e-05,2026-02-20 20:00:00.000
1771632000004,-3.92e-06,2026-02-21 00:00:00.004
1771646400000,-5.446e-05,2026-02-21 04:00:00.000
1771660800000,-9.705e-05,2026-02-21 08:00:00.000
1771675200013,-3.228e-05,2026-02-21 12:00:00.013
1771689600005,-9.333e-05,2026-02-21 16:00:00.005
1771704000000,-0.00010834,2026-02-21 20:00:00.000
1771718400001,-0.00014166,2026-02-22 00:00:00.001
1771732800008,-0.00017962,2026-02-22 04:00:00.008
1771747200004,-0.00012613,2026-02-22 08:00:00.004
1771761600008,-7.331e-05,2026-02-22 12:00:00.008
1771776000000,-8.937e-05,2026-02-22 16:00:00.000
1771790400000,-0.0002428,2026-02-22 20:00:00.000
1771804800001,-0.00015265,2026-02-23 00:00:00.001
1771819200000,-0.00022862,2026-02-23 04:00:00.000
1771833600000,-9.859e-05,2026-02-23 08:00:00.000
1771848000003,1.049e-05,2026-02-23 12:00:00.003
1771862400000,-0.0001121,2026-02-23 16:00:00.000
1771876800000,-0.00020544,2026-02-23 20:00:00.000
1771891200007,-0.00018491,2026-02-24 00:00:00.007
1771905600000,-0.0001436,2026-02-24 04:00:00.000
1771920000000,-0.00016904,2026-02-24 08:00:00.000
1771934400000,-7.559e-05,2026-02-24 12:00:00.000
1771948800001,-5.135e-05,2026-02-24 16:00:00.001
1771963200002,-6.7e-07,2026-02-24 20:00:00.002
1771977600001,-1.151e-05,2026-02-25 00:00:00.001
1771992000000,1.184e-05,2026-02-25 04:00:00.000
1772006400007,-4.559e-05,2026-02-25 08:00:00.007
1772020800000,-0.00018734,2026-02-25 12:00:00.000
1772035200000,-0.00013904,2026-02-25 16:00:00.000
1772049600006,-1.904e-05,2026-02-25 20:00:00.006
1772064000000,-0.00016547,2026-02-26 00:00:00.000
1772078400000,-0.00026313,2026-02-26 04:00:00.000
1772092800006,-0.00022285,2026-02-26 08:00:00.006
1772107200004,-0.00022014,2026-02-26 12:00:00.004
1772121600002,-0.00016845,2026-02-26 16:00:00.002
1772136000001,-0.00024695,2026-02-26 20:00:00.001
1772150400007,-0.00022663,2026-02-27 00:00:00.007
1772164800000,-0.00014663,2026-02-27 04:00:00.000
1772179200000,-0.00022476,2026-02-27 08:00:00.000
1772193600000,-0.00024364,2026-02-27 12:00:00.000
1772208000001,-0.00023617,2026-02-27 16:00:00.001
1772222400007,-0.00031624,2026-02-27 20:00:00.007
1772236800000,-0.00034015,2026-02-28 00:00:00.000
1772251200002,-0.00039112,2026-02-28 04:00:00.002
1772265600000,-0.00039958,2026-02-28 08:00:00.000
1772280000001,-0.00040675,2026-02-28 12:00:00.001
1772294400004,-0.00041403,2026-02-28 16:00:00.004
1772308800000,-0.00032716,2026-02-28 20:00:00.000
1772323200005,-7.267e-05,2026-03-01 00:00:00.005
1772337600000,-0.00013679,2026-03-01 04:00:00.000
1772352000000,-0.000227,2026-03-01 08:00:00.000
1772366400000,-0.00013983,2026-03-01 12:00:00.000
1772380800002,-0.00024032,2026-03-01 16:00:00.002
1772395200001,-0.0001291,2026-03-01 20:00:00.001
1772409600001,-0.00015099,2026-03-02 00:00:00.001
1772424000001,-0.00022566,2026-03-02 04:00:00.001
1772438400007,-0.00014586,2026-03-02 08:00:00.007
1772452800002,-9.246e-05,2026-03-02 12:00:00.002
1772467200000,-6.828e-05,2026-03-02 16:00:00.000
1772481600000,-1.79e-05,2026-03-02 20:00:00.000
1772496000000,-4.11e-05,2026-03-03 00:00:00.000
1772510400009,-9.122e-05,2026-03-03 04:00:00.009
1772524800000,-9.754e-05,2026-03-03 08:00:00.000
1772539200017,-0.00020223,2026-03-03 12:00:00.017
1772553600007,-0.00021257,2026-03-03 16:00:00.007
1772568000000,-0.00014522,2026-03-03 20:00:00.000
1772582400001,-0.00024217,2026-03-04 00:00:00.001
1772596800000,-0.00014185,2026-03-04 04:00:00.000
1772611200005,-0.00023469,2026-03-04 08:00:00.005
1772625600008,-0.00024488,2026-03-04 12:00:00.008
1772640000000,-0.00016299,2026-03-04 16:00:00.000
1772654400000,-0.00020259,2026-03-04 20:00:00.000
1772668800000,-9.419e-05,2026-03-05 00:00:00.000
1772683200000,-0.00013197,2026-03-05 04:00:00.000
1772697600000,-0.00014129,2026-03-05 08:00:00.000
1772712000000,-0.00021624,2026-03-05 12:00:00.000
1772726400004,-0.00030546,2026-03-05 16:00:00.004
1772740800000,-0.0002039,2026-03-05 20:00:00.000
1772755200001,-6.794e-05,2026-03-06 00:00:00.001
1772769600003,-0.00017451,2026-03-06 04:00:00.003
1772784000001,-0.00020969,2026-03-06 08:00:00.001
1772798400005,-0.00015068,2026-03-06 12:00:00.005
1772812800004,-0.00024659,2026-03-06 16:00:00.004
1772827200010,-0.00026659,2026-03-06 20:00:00.010
1772841600001,-0.00017539,2026-03-07 00:00:00.001
1772856000006,-0.0001058,2026-03-07 04:00:00.006
1772870400012,-6.807e-05,2026-03-07 08:00:00.012
1772884800000,-0.00015812,2026-03-07 12:00:00.000
1772899200001,-0.00013495,2026-03-07 16:00:00.001
1772913600000,-0.00018878,2026-03-07 20:00:00.000
1772928000001,-0.00020203,2026-03-08 00:00:00.001
1772942400010,-0.00011533,2026-03-08 04:00:00.010
1772956800000,-0.00019233,2026-03-08 08:00:00.000
1772971200002,-0.00047826,2026-03-08 12:00:00.002
1772985600002,-0.00028754,2026-03-08 16:00:00.002
1773000000000,-0.00041792,2026-03-08 20:00:00.000
1773014400000,-0.00040508,2026-03-09 00:00:00.000
1773028800006,-0.00031889,2026-03-09 04:00:00.006
1773043200004,-0.00033381,2026-03-09 08:00:00.004
1773057600001,-0.00047782,2026-03-09 12:00:00.001
1773072000003,-0.00039407,2026-03-09 16:00:00.003
1773086400000,-0.00034697,2026-03-09 20:00:00.000
1773100800012,-0.00041458,2026-03-10 00:00:00.012
1773115200000,-0.00040371,2026-03-10 04:00:00.000
1773129600002,-0.00031275,2026-03-10 08:00:00.002
1773144000004,-8.673e-05,2026-03-10 12:00:00.004
1773158400001,-3.315e-05,2026-03-10 16:00:00.001
1773172800004,-4.614e-05,2026-03-10 20:00:00.004
1773187200000,-0.0001059,2026-03-11 00:00:00.000
1773201600000,-0.00014999,2026-03-11 04:00:00.000
1773216000007,-0.00011321,2026-03-11 08:00:00.007
1773230400003,-9.986e-05,2026-03-11 12:00:00.003
1773244800010,-0.00027725,2026-03-11 16:00:00.010
1773259200004,-0.000407,2026-03-11 20:00:00.004
1773273600000,-0.00029903,2026-03-12 00:00:00.000
1773288000001,-8.676e-05,2026-03-12 04:00:00.001
1773302400000,-8.167e-05,2026-03-12 08:00:00.000
1773316800006,-1.022e-05,2026-03-12 12:00:00.006
1773331200000,-5.394e-05,2026-03-12 16:00:00.000
1773345600006,-3.429e-05,2026-03-12 20:00:00.006
1773360000006,-7.163e-05,2026-03-13 00:00:00.006
1773374400005,-1.923e-05,2026-03-13 04:00:00.005
1773388800001,-5.91e-05,2026-03-13 08:00:00.001
1773403200003,-4.096e-05,2026-03-13 12:00:00.003
1773417600000,5e-05,2026-03-13 16:00:00.000
1773432000000,5e-05,2026-03-13 20:00:00.000
1773446400001,5e-05,2026-03-14 00:00:00.001
1773460800002,2.147e-05,2026-03-14 04:00:00.002
1773475200000,4.722e-05,2026-03-14 08:00:00.000
1773489600000,-5.47e-06,2026-03-14 12:00:00.000
1773504000007,4.853e-05,2026-03-14 16:00:00.007
1773518400000,5e-05,2026-03-14 20:00:00.000
1773532800000,-2.521e-05,2026-03-15 00:00:00.000
1773547200000,4.526e-05,2026-03-15 04:00:00.000
1773561600000,4.442e-05,2026-03-15 08:00:00.000
1773576000002,-2.4e-05,2026-03-15 12:00:00.002
1773590400000,-3.628e-05,2026-03-15 16:00:00.000
1773604800000,3.129e-05,2026-03-15 20:00:00.000
1773619200000,3.003e-05,2026-03-16 00:00:00.000
1773633600006,5e-05,2026-03-16 04:00:00.006
1773648000010,-1.75e-05,2026-03-16 08:00:00.010
1773662400002,1.007e-05,2026-03-16 12:00:00.002
1773676800000,5e-05,2026-03-16 16:00:00.000
1773691200001,5e-05,2026-03-16 20:00:00.001
1773705600000,5e-05,2026-03-17 00:00:00.000
1773720000008,5e-05,2026-03-17 04:00:00.008
1773734400002,2.122e-05,2026-03-17 08:00:00.002
1773748800012,2.808e-05,2026-03-17 12:00:00.012
1773763200011,5e-05,2026-03-17 16:00:00.011
1773777600000,4.4e-06,2026-03-17 20:00:00.000
1773792000002,-6.7e-06,2026-03-18 00:00:00.002
1773806400000,5e-05,2026-03-18 04:00:00.000
1773820800002,3.92e-06,2026-03-18 08:00:00.002
1773835200001,-5.182e-05,2026-03-18 12:00:00.001
1773849600005,-0.00018798,2026-03-18 16:00:00.005
1773864000008,-0.00015152,2026-03-18 20:00:00.008
1773878400000,-5.916e-05,2026-03-19 00:00:00.000
1773892800000,-4.337e-05,2026-03-19 04:00:00.000
1773907200003,-1.154e-05,2026-03-19 08:00:00.003
1773921600002,-3.063e-05,2026-03-19 12:00:00.002
1773936000003,-5.205e-05,2026-03-19 16:00:00.003
1773950400000,-7.379e-05,2026-03-19 20:00:00.000
1773964800002,-8.881e-05,2026-03-20 00:00:00.002
1773979200008,-0.0001083,2026-03-20 04:00:00.008
1773993600000,1.25e-06,2026-03-20 08:00:00.000
1774008000000,-4.163e-05,2026-03-20 12:00:00.000
1774022400000,-2.14e-05,2026-03-20 16:00:00.000
1774036800007,-0.00011824,2026-03-20 20:00:00.007
1774051200000,-0.00018164,2026-03-21 00:00:00.000
1774065600002,-0.00013541,2026-03-21 04:00:00.002
1774080000000,-0.00016712,2026-03-21 08:00:00.000
1774094400003,-0.00021246,2026-03-21 12:00:00.003
1774108800014,-0.00011114,2026-03-21 16:00:00.014
1774123200000,-0.00014352,2026-03-21 20:00:00.000
1774137600012,-0.00015321,2026-03-22 00:00:00.012
1774152000003,-0.00018654,2026-03-22 04:00:00.003
1774166400007,-0.00011855,2026-03-22 08:00:00.007
1774180800000,-0.00011116,2026-03-22 12:00:00.000
1774195200002,-0.00016851,2026-03-22 16:00:00.002
1774209600000,-3.808e-05,2026-03-22 20:00:00.000
1774224000000,-0.00013944,2026-03-23 00:00:00.000
1774238400000,-0.00014001,2026-03-23 04:00:00.000
1774252800003,-5.414e-05,2026-03-23 08:00:00.003
1774267200000,-0.00011076,2026-03-23 12:00:00.000
1774281600002,-0.00015905,2026-03-23 16:00:00.002
1774296000000,-0.00010342,2026-03-23 20:00:00.000
1774310400000,-9.32e-05,2026-03-24 00:00:00.000
1774324800001,-7.855e-05,2026-03-24 04:00:00.001
1774339200000,-9.816e-05,2026-03-24 08:00:00.000
1774353600000,1.267e-05,2026-03-24 12:00:00.000
1774368000003,-2.389e-05,2026-03-24 16:00:00.003
1774382400000,7.83e-06,2026-03-24 20:00:00.000
1774396800000,-3.564e-05,2026-03-25 00:00:00.000
1774411200000,-8.838e-05,2026-03-25 04:00:00.000
1774425600000,-2.62e-05,2026-03-25 08:00:00.000
1774440000005,1.952e-05,2026-03-25 12:00:00.005
1774454400013,4.948e-05,2026-03-25 16:00:00.013
1774468800001,3.865e-05,2026-03-25 20:00:00.001
1774483200001,1.547e-05,2026-03-26 00:00:00.001
1774497600002,2.933e-05,2026-03-26 04:00:00.002
1774512000001,-4.03e-05,2026-03-26 08:00:00.001
1774526400000,-8.891e-05,2026-03-26 12:00:00.000
1774540800000,-8.562e-05,2026-03-26 16:00:00.000
1774555200003,-4.464e-05,2026-03-26 20:00:00.003
1774569600006,-2.57e-05,2026-03-27 00:00:00.006
1774584000001,-2.78e-05,2026-03-27 04:00:00.001
1774598400000,-7.401e-05,2026-03-27 08:00:00.000
1774612800002,-0.00019701,2026-03-27 12:00:00.002
1774627200000,-0.000228,2026-03-27 16:00:00.000
1774641600000,-0.00012591,2026-03-27 20:00:00.000
1774656000005,-2.89e-05,2026-03-28 00:00:00.005
1774670400003,-9.782e-05,2026-03-28 04:00:00.003
1774684800005,-7.555e-05,2026-03-28 08:00:00.005
1774699200006,-7.338e-05,2026-03-28 12:00:00.006
1774713600000,-7.474e-05,2026-03-28 16:00:00.000
1774728000003,2.001e-05,2026-03-28 20:00:00.003
1774742400003,-7.878e-05,2026-03-29 00:00:00.003
1774756800000,-5.321e-05,2026-03-29 04:00:00.000
1774771200001,-8.244e-05,2026-03-29 08:00:00.001
1774785600000,-0.00013678,2026-03-29 12:00:00.000
1774800000000,-0.00013258,2026-03-29 16:00:00.000
1774814400000,-8.933e-05,2026-03-29 20:00:00.000
1774828800000,-0.00019429,2026-03-30 00:00:00.000
1774843200012,2.877e-05,2026-03-30 04:00:00.012
1774857600005,5e-05,2026-03-30 08:00:00.005
1774872000005,5e-05,2026-03-30 12:00:00.005
1774886400000,9.84e-06,2026-03-30 16:00:00.000
1774900800000,-7.06e-06,2026-03-30 20:00:00.000
1774915200000,-0.00020216,2026-03-31 00:00:00.000
1774929600000,-0.00013634,2026-03-31 04:00:00.000
1774944000000,-2.907e-05,2026-03-31 08:00:00.000
1774958400001,-0.00014742,2026-03-31 12:00:00.001
1774972800000,-0.00016345,2026-03-31 16:00:00.000
1774987200002,-8.159e-05,2026-03-31 20:00:00.002
1775001600000,1.226e-05,2026-04-01 00:00:00.000
1775016000004,-2.134e-05,2026-04-01 04:00:00.004
1775030400000,3.502e-05,2026-04-01 08:00:00.000
1775044800000,3.966e-05,2026-04-01 12:00:00.000
1775059200000,2.258e-05,2026-04-01 16:00:00.000
1775073600000,3.956e-05,2026-04-01 20:00:00.000
1775088000003,4.371e-05,2026-04-02 00:00:00.003
1775102400003,-0.00015291,2026-04-02 04:00:00.003
1775116800001,-0.00029261,2026-04-02 08:00:00.001
1775131200003,-0.00026989,2026-04-02 12:00:00.003
1775145600001,-0.00015791,2026-04-02 16:00:00.001
1775160000003,-0.0002021,2026-04-02 20:00:00.003
1775174400000,-0.00015733,2026-04-03 00:00:00.000
1775188800000,-0.00011474,2026-04-03 04:00:00.000
1775203200008,-8.773e-05,2026-04-03 08:00:00.008
1775217600006,4.016e-05,2026-04-03 12:00:00.006
1775232000008,5e-05,2026-04-03 16:00:00.008
1775246400001,-1.839e-05,2026-04-03 20:00:00.001
1775260800000,-6.289e-05,2026-04-04 00:00:00.000
1775275200001,-0.0001045,2026-04-04 04:00:00.001
1775289600003,-5.564e-05,2026-04-04 08:00:00.003
1775304000000,-0.00022349,2026-04-04 12:00:00.000
1775318400000,-0.00020857,2026-04-04 16:00:00.000
1775332800000,-0.00013506,2026-04-04 20:00:00.000
1775347200008,-0.00017554,2026-04-05 00:00:00.008
1775361600002,-0.00013871,2026-04-05 04:00:00.002
1775376000000,-0.00020471,2026-04-05 08:00:00.000
1775390400003,-0.00024638,2026-04-05 12:00:00.003
1775404800001,-0.00013277,2026-04-05 16:00:00.001
1775419200003,-0.00025704,2026-04-05 20:00:00.003
1775433600004,-0.00021884,2026-04-06 00:00:00.004
1775448000005,2.272e-05,2026-04-06 04:00:00.005
1775462400001,1.542e-05,2026-04-06 08:00:00.001
1775476800002,3.104e-05,2026-04-06 12:00:00.002
1775491200003,1.359e-05,2026-04-06 16:00:00.003
1775505600000,-1.461e-05,2026-04-06 20:00:00.000
1775520000000,-0.00013769,2026-04-07 00:00:00.000
1775534400003,-0.00015103,2026-04-07 04:00:00.003
1775548800000,-0.00012028,2026-04-07 08:00:00.000
1775563200008,-2.35e-05,2026-04-07 12:00:00.008
1775577600000,-0.00016861,2026-04-07 16:00:00.000
1775592000000,-0.00014827,2026-04-07 20:00:00.000
1775606400000,5e-05,2026-04-08 00:00:00.000
1775620800002,5e-05,2026-04-08 04:00:00.002
1775635200000,5e-05,2026-04-08 08:00:00.000
1775649600013,5e-05,2026-04-08 12:00:00.013
1775664000006,5e-05,2026-04-08 16:00:00.006
1775678400005,3.815e-05,2026-04-08 20:00:00.005
1775692800000,6.25e-06,2026-04-09 00:00:00.000
1775707200005,-2.303e-05,2026-04-09 04:00:00.005
1775721600010,1.63e-06,2026-04-09 08:00:00.010
1775736000001,4.4e-07,2026-04-09 12:00:00.001
1775750400001,4.159e-05,2026-04-09 16:00:00.001
1775764800001,5e-05,2026-04-09 20:00:00.001
1775779200000,5e-05,2026-04-10 00:00:00.000
1775793600000,-1.757e-05,2026-04-10 04:00:00.000
1775808000005,-5.84e-06,2026-04-10 08:00:00.005
1775822400000,5e-05,2026-04-10 12:00:00.000
1775836800000,4.965e-05,2026-04-10 16:00:00.000
1775851200002,5e-05,2026-04-10 20:00:00.002
1775865600000,3.308e-05,2026-04-11 00:00:00.000
1775880000009,2.233e-05,2026-04-11 04:00:00.009
1775894400000,-3.97e-06,2026-04-11 08:00:00.000
1775908800002,2.221e-05,2026-04-11 12:00:00.002
1775923200003,-4.864e-05,2026-04-11 16:00:00.003
1775937600001,5e-05,2026-04-11 20:00:00.001
1775952000000,5e-05,2026-04-12 00:00:00.000
1775966400000,-0.00019457,2026-04-12 04:00:00.000
1775980800000,-0.00022545,2026-04-12 08:00:00.000
1775995200000,-0.0002365,2026-04-12 12:00:00.000
1776009600000,-0.00013936,2026-04-12 16:00:00.000
1776024000013,-0.00014909,2026-04-12 20:00:00.013
1776038400011,-0.0001893,2026-04-13 00:00:00.011
1776052800003,-0.00013006,2026-04-13 04:00:00.003
1776067200006,5.43e-06,2026-04-13 08:00:00.006
1776081600010,-7.83e-06,2026-04-13 12:00:00.010
1776096000000,5e-05,2026-04-13 16:00:00.000
1776110400000,5e-05,2026-04-13 20:00:00.000
1776124800005,5e-05,2026-04-14 00:00:00.005
1776139200000,5e-05,2026-04-14 04:00:00.000
1776153600003,4.061e-05,2026-04-14 08:00:00.003
1776168000000,5e-05,2026-04-14 12:00:00.000
1776182400001,2.735e-05,2026-04-14 16:00:00.001
1776196800009,-1.312e-05,2026-04-14 20:00:00.009
1776211200000,1.962e-05,2026-04-15 00:00:00.000
1776225600000,5.5e-06,2026-04-15 04:00:00.000
1776240000000,2.706e-05,2026-04-15 08:00:00.000
1776254400000,-1.654e-05,2026-04-15 12:00:00.000
1776268800000,5e-05,2026-04-15 16:00:00.000
1776283200009,-7.13e-06,2026-04-15 20:00:00.009
1776297600013,3.36e-05,2026-04-16 00:00:00.013
1776312000008,5e-05,2026-04-16 04:00:00.008
1776326400000,3.025e-05,2026-04-16 08:00:00.000
1776340800004,5e-05,2026-04-16 12:00:00.004
1776355200000,5e-05,2026-04-16 16:00:00.000
1776369600000,5e-05,2026-04-16 20:00:00.000
1776384000001,5e-05,2026-04-17 00:00:00.001
1776398400003,5e-05,2026-04-17 04:00:00.003
1776412800011,-1.955e-05,2026-04-17 08:00:00.011
1776427200003,5e-05,2026-04-17 12:00:00.003
1776441600001,5e-05,2026-04-17 16:00:00.001
1776456000005,5e-05,2026-04-17 20:00:00.005
1776470400001,5e-05,2026-04-18 00:00:00.001
1776484800003,5e-05,2026-04-18 04:00:00.003
1776499200006,-2.46e-06,2026-04-18 08:00:00.006
1776513600000,-3.796e-05,2026-04-18 12:00:00.000
1776528000000,-4.939e-05,2026-04-18 16:00:00.000
1776542400002,-1.716e-05,2026-04-18 20:00:00.002
1776556800002,5e-05,2026-04-19 00:00:00.002
1776571200000,-8.51e-06,2026-04-19 04:00:00.000
1776585600010,-1.976e-05,2026-04-19 08:00:00.010
1776600000003,3.67e-06,2026-04-19 12:00:00.003
1776614400001,9.11e-06,2026-04-19 16:00:00.001
1776628800005,3.065e-05,2026-04-19 20:00:00.005
1776643200000,-2.523e-05,2026-04-20 00:00:00.000
1776657600001,5.03e-06,2026-04-20 04:00:00.001
1776672000000,2.646e-05,2026-04-20 08:00:00.000
1776686400009,2.836e-05,2026-04-20 12:00:00.009
1776700800001,3.562e-05,2026-04-20 16:00:00.001
1776715200000,1.96e-05,2026-04-20 20:00:00.000
1776729600000,2.55e-06,2026-04-21 00:00:00.000
1776744000000,-1.77e-05,2026-04-21 04:00:00.000
1776758400004,2.9e-07,2026-04-21 08:00:00.004
1776772800000,-8.97e-06,2026-04-21 12:00:00.000
1776787200004,-3.09e-06,2026-04-21 16:00:00.004
1776801600003,-5.981e-05,2026-04-21 20:00:00.003
1776816000004,-4.297e-05,2026-04-22 00:00:00.004
1776830400003,5e-05,2026-04-22 04:00:00.003
1776844800000,4.547e-05,2026-04-22 08:00:00.000
1776859200000,5e-05,2026-04-22 12:00:00.000
1776873600000,-1.667e-05,2026-04-22 16:00:00.000
1776888000003,1.043e-05,2026-04-22 20:00:00.003
1776902400000,4.708e-05,2026-04-23 00:00:00.000
1776916800000,-5.327e-05,2026-04-23 04:00:00.000
1776931200000,-0.00014982,2026-04-23 08:00:00.000
1776945600000,-0.00014637,2026-04-23 12:00:00.000
1776960000004,-4.36e-05,2026-04-23 16:00:00.004
1776974400006,-2.052e-05,2026-04-23 20:00:00.006
1776988800006,5e-05,2026-04-24 00:00:00.006
1777003200000,5e-05,2026-04-24 04:00:00.000
1777017600000,5e-05,2026-04-24 08:00:00.000
1777032000002,5e-05,2026-04-24 12:00:00.002
1777046400000,5e-05,2026-04-24 16:00:00.000
1777060800003,5e-05,2026-04-24 20:00:00.003
1777075200000,5e-05,2026-04-25 00:00:00.000
1777089600005,-2.548e-05,2026-04-25 04:00:00.005
1777104000002,5e-05,2026-04-25 08:00:00.002
1777118400001,5e-05,2026-04-25 12:00:00.001
1777132800002,5e-05,2026-04-25 16:00:00.002
1777147200001,5e-05,2026-04-25 20:00:00.001
1777161600003,6.6e-06,2026-04-26 00:00:00.003
1777176000001,4.868e-05,2026-04-26 04:00:00.001
1777190400007,3.891e-05,2026-04-26 08:00:00.007
1777204800001,1.484e-05,2026-04-26 12:00:00.001
1777219200004,5e-05,2026-04-26 16:00:00.004
1777233600014,1.531e-05,2026-04-26 20:00:00.014
1777248000004,-2.177e-05,2026-04-27 00:00:00.004
1777262400000,5e-05,2026-04-27 04:00:00.000
1777276800000,-3.676e-05,2026-04-27 08:00:00.000
1777291200004,-5.587e-05,2026-04-27 12:00:00.004
1777305600002,-9.34e-06,2026-04-27 16:00:00.002
1777320000000,-2.64e-06,2026-04-27 20:00:00.000
1777334400001,4.85e-06,2026-04-28 00:00:00.001
1777348800006,5.75e-06,2026-04-28 04:00:00.006
1777363200000,8.3e-07,2026-04-28 08:00:00.000
1777377600000,1.889e-05,2026-04-28 12:00:00.000
1777392000004,-5.364e-05,2026-04-28 16:00:00.004
1777406400001,-4.357e-05,2026-04-28 20:00:00.001
1777420800006,-4.671e-05,2026-04-29 00:00:00.006
1777435200003,1.727e-05,2026-04-29 04:00:00.003
1777449600011,5e-05,2026-04-29 08:00:00.011
1777464000000,5e-05,2026-04-29 12:00:00.000
1777478400003,-4.555e-05,2026-04-29 16:00:00.003
1777492800004,-0.00011323,2026-04-29 20:00:00.004
1777507200002,-5.376e-05,2026-04-30 00:00:00.002
1777521600000,2.594e-05,2026-04-30 04:00:00.000
1777536000000,-1.62e-05,2026-04-30 08:00:00.000
1777550400000,5e-05,2026-04-30 12:00:00.000
1777564800000,1.224e-05,2026-04-30 16:00:00.000
1777579200002,1.755e-05,2026-04-30 20:00:00.002
1777593600000,-1.75e-06,2026-05-01 00:00:00.000
1777608000003,5e-05,2026-05-01 04:00:00.003
1777622400005,5e-05,2026-05-01 08:00:00.005
1777636800000,5e-05,2026-05-01 12:00:00.000
1777651200000,5e-05,2026-05-01 16:00:00.000
1777665600009,5e-05,2026-05-01 20:00:00.009
1777680000006,5e-05,2026-05-02 00:00:00.006
1777694400000,1.424e-05,2026-05-02 04:00:00.000
1777708800000,5e-05,2026-05-02 08:00:00.000
1777723200009,5e-05,2026-05-02 12:00:00.009
1777737600010,5e-05,2026-05-02 16:00:00.010
1777752000000,5e-05,2026-05-02 20:00:00.000
1777766400005,5e-05,2026-05-03 00:00:00.005
1777780800014,5e-05,2026-05-03 04:00:00.014
1777795200003,5e-05,2026-05-03 08:00:00.003
1777809600004,5e-05,2026-05-03 12:00:00.004
1777824000000,5e-05,2026-05-03 16:00:00.000
1777838400000,5e-05,2026-05-03 20:00:00.000
1777852800000,5e-05,2026-05-04 00:00:00.000
1777867200003,5e-05,2026-05-04 04:00:00.003
1777881600000,5e-05,2026-05-04 08:00:00.000
1777896000000,5e-05,2026-05-04 12:00:00.000
1777910400003,1.341e-05,2026-05-04 16:00:00.003
1777924800007,5e-05,2026-05-04 20:00:00.007
1777939200000,-2.508e-05,2026-05-05 00:00:00.000
1777953600000,4.669e-05,2026-05-05 04:00:00.000
1777968000011,5e-05,2026-05-05 08:00:00.011
1777982400006,5e-05,2026-05-05 12:00:00.006
1777996800000,5e-05,2026-05-05 16:00:00.000
1778011200000,5e-05,2026-05-05 20:00:00.000
1778025600010,5e-05,2026-05-06 00:00:00.010
1778040000000,5e-05,2026-05-06 04:00:00.000
1778054400000,5e-05,2026-05-06 08:00:00.000
1778068800000,5e-05,2026-05-06 12:00:00.000
1778083200002,5e-05,2026-05-06 16:00:00.002
1778097600000,5e-05,2026-05-06 20:00:00.000
1778112000000,5e-05,2026-05-07 00:00:00.000
1778126400001,5e-05,2026-05-07 04:00:00.001
1778140800000,5e-05,2026-05-07 08:00:00.000
1778155200000,5e-05,2026-05-07 12:00:00.000
1778169600004,5e-05,2026-05-07 16:00:00.004
1778184000005,5e-05,2026-05-07 20:00:00.005
1778198400003,5e-05,2026-05-08 00:00:00.003
1778212800000,5e-05,2026-05-08 04:00:00.000
1778227200002,5e-05,2026-05-08 08:00:00.002
1778241600000,5e-05,2026-05-08 12:00:00.000
1778256000003,5e-05,2026-05-08 16:00:00.003
1778270400000,5e-05,2026-05-08 20:00:00.000
1778284800000,5e-05,2026-05-09 00:00:00.000
1778299200000,5e-05,2026-05-09 04:00:00.000
1778313600001,5e-05,2026-05-09 08:00:00.001
1778328000000,5e-05,2026-05-09 12:00:00.000
1778342400002,5e-05,2026-05-09 16:00:00.002
1778356800000,5e-05,2026-05-09 20:00:00.000
1778371200003,5e-05,2026-05-10 00:00:00.003
1778385600005,1.852e-05,2026-05-10 04:00:00.005
1778400000000,5e-05,2026-05-10 08:00:00.000
1778414400007,2.487e-05,2026-05-10 12:00:00.007
1778428800000,3.593e-05,2026-05-10 16:00:00.000
1778443200002,4.025e-05,2026-05-10 20:00:00.002
1778457600000,3.261e-05,2026-05-11 00:00:00.000
1778472000000,5e-05,2026-05-11 04:00:00.000
1778486400000,6.94e-06,2026-05-11 08:00:00.000
1778500800001,8.83e-06,2026-05-11 12:00:00.001
1778515200000,-3.7e-07,2026-05-11 16:00:00.000
1778529600014,5e-05,2026-05-11 20:00:00.014
1778544000002,5e-05,2026-05-12 00:00:00.002
1778558400000,5e-05,2026-05-12 04:00:00.000
1778572800008,4.689e-05,2026-05-12 08:00:00.008
1778587200003,5e-05,2026-05-12 12:00:00.003
1778601600000,4.377e-05,2026-05-12 16:00:00.000
1778616000000,-5.676e-05,2026-05-12 20:00:00.000
1778630400010,-1.25e-05,2026-05-13 00:00:00.010
1778644800003,-4.078e-05,2026-05-13 04:00:00.003
1778659200003,1.07e-06,2026-05-13 08:00:00.003
1778673600004,3.493e-05,2026-05-13 12:00:00.004
1778688000001,4.049e-05,2026-05-13 16:00:00.001
1778702400004,-1.844e-05,2026-05-13 20:00:00.004
1778716800005,-1.354e-05,2026-05-14 00:00:00.005
1778731200005,-1.885e-05,2026-05-14 04:00:00.005
1778745600000,4.374e-05,2026-05-14 08:00:00.000
1778760000001,5e-05,2026-05-14 12:00:00.001
1778774400000,3.848e-05,2026-05-14 16:00:00.000
1778788800000,3.945e-05,2026-05-14 20:00:00.000
1778803200000,-1.524e-05,2026-05-15 00:00:00.000
1778817600006,2.349e-05,2026-05-15 04:00:00.006
1778832000016,5e-05,2026-05-15 08:00:00.016
1778846400001,3.015e-05,2026-05-15 12:00:00.001
1778860800012,-3.641e-05,2026-05-15 16:00:00.012
1778875200001,1.44e-05,2026-05-15 20:00:00.001
1778889600005,5e-05,2026-05-16 00:00:00.005
1778904000000,4.566e-05,2026-05-16 04:00:00.000
1778918400000,2.602e-05,2026-05-16 08:00:00.000
1778932800002,1.484e-05,2026-05-16 12:00:00.002
1778947200005,-1.058e-05,2026-05-16 16:00:00.005
1778961600000,4.157e-05,2026-05-16 20:00:00.000
1778976000000,5e-05,2026-05-17 00:00:00.000
1778990400012,5e-05,2026-05-17 04:00:00.012
1779004800010,-7e-07,2026-05-17 08:00:00.010
1779019200014,-4.219e-05,2026-05-17 12:00:00.014
1779033600009,5e-05,2026-05-17 16:00:00.009
1779048000002,2.015e-05,2026-05-17 20:00:00.002
1779062400007,-1.708e-05,2026-05-18 00:00:00.007
1779076800000,2.676e-05,2026-05-18 04:00:00.000
1779091200002,3.322e-05,2026-05-18 08:00:00.002
1779105600001,-8.3e-06,2026-05-18 12:00:00.001
1779120000007,2.174e-05,2026-05-18 16:00:00.007
1779134400000,1.653e-05,2026-05-18 20:00:00.000
1779148800001,-2.589e-05,2026-05-19 00:00:00.001
1779163200003,-1.93e-05,2026-05-19 04:00:00.003
1779177600001,3.699e-05,2026-05-19 08:00:00.001
1779192000000,-1.74e-05,2026-05-19 12:00:00.000
1779206400009,-8.86e-06,2026-05-19 16:00:00.009
1779220800001,5e-05,2026-05-19 20:00:00.001
1779235200001,9.83e-06,2026-05-20 00:00:00.001
1779249600001,1.858e-05,2026-05-20 04:00:00.001
1779264000006,2.66e-06,2026-05-20 08:00:00.006
1779278400001,-2.031e-05,2026-05-20 12:00:00.001
1779292800000,2.416e-05,2026-05-20 16:00:00.000
1779307200019,1.487e-05,2026-05-20 20:00:00.019
1779321600001,-4.667e-05,2026-05-21 00:00:00.001
1779336000000,-4.646e-05,2026-05-21 04:00:00.000
1779350400000,1.39e-06,2026-05-21 08:00:00.000
1779364800000,5.11e-06,2026-05-21 12:00:00.000
1779379200000,3.16e-05,2026-05-21 16:00:00.000
1779393600001,5e-05,2026-05-21 20:00:00.001
1779408000000,5e-05,2026-05-22 00:00:00.000
1779422400000,5.03e-06,2026-05-22 04:00:00.000
1779436800004,3.317e-05,2026-05-22 08:00:00.004
1779451200000,4.243e-05,2026-05-22 12:00:00.000
1779465600001,5e-05,2026-05-22 16:00:00.001
1779480000002,5.49e-06,2026-05-22 20:00:00.002
1779494400009,5e-05,2026-05-23 00:00:00.009
1779508800006,-1.486e-05,2026-05-23 04:00:00.006
1779523200001,1.805e-05,2026-05-23 08:00:00.001
1779537600000,-6.34e-05,2026-05-23 12:00:00.000
1779552000003,-1.662e-05,2026-05-23 16:00:00.003
1779566400007,1.555e-05,2026-05-23 20:00:00.007
1779580800011,5e-05,2026-05-24 00:00:00.011
1779595200001,5e-05,2026-05-24 04:00:00.001
1779609600008,5e-05,2026-05-24 08:00:00.008
1779624000001,5e-05,2026-05-24 12:00:00.001
1779638400000,5e-05,2026-05-24 16:00:00.000
1779652800002,-4.6e-07,2026-05-24 20:00:00.002
1779667200001,-2.427e-05,2026-05-25 00:00:00.001
1779681600000,1.365e-05,2026-05-25 04:00:00.000
1779696000001,1.917e-05,2026-05-25 08:00:00.001
1779710400008,5e-05,2026-05-25 12:00:00.008
1779724800001,5e-05,2026-05-25 16:00:00.001
1779739200000,5e-05,2026-05-25 20:00:00.000
1779753600000,5e-05,2026-05-26 00:00:00.000
1779768000003,5e-05,2026-05-26 04:00:00.003
1779782400003,5e-05,2026-05-26 08:00:00.003
1779796800000,5e-05,2026-05-26 12:00:00.000
1779811200000,5e-05,2026-05-26 16:00:00.000
1779825600000,2.613e-05,2026-05-26 20:00:00.000
1779840000000,2.989e-05,2026-05-27 00:00:00.000
1779854400002,5e-05,2026-05-27 04:00:00.002
1779868800004,4.1e-05,2026-05-27 08:00:00.004
1779883200007,-3.185e-05,2026-05-27 12:00:00.007
1779897600009,-3.275e-05,2026-05-27 16:00:00.009
1779912000001,-3.577e-05,2026-05-27 20:00:00.001
1779926400001,-6.218e-05,2026-05-28 00:00:00.001
1779940800000,-7.151e-05,2026-05-28 04:00:00.000
1779955200000,-0.00011711,2026-05-28 08:00:00.000
1779969600000,-5.599e-05,2026-05-28 12:00:00.000
1779984000001,-7.528e-05,2026-05-28 16:00:00.001
1779998400005,-3.74e-06,2026-05-28 20:00:00.005
1780012800000,-4.314e-05,2026-05-29 00:00:00.000
1780027200000,-8.874e-05,2026-05-29 04:00:00.000
1780041600001,-4.443e-05,2026-05-29 08:00:00.001
1780056000001,-7.927e-05,2026-05-29 12:00:00.001
1780070400008,-4.49e-05,2026-05-29 16:00:00.008
1780084800000,1.549e-05,2026-05-29 20:00:00.000
1780099200000,-0.00013213,2026-05-30 00:00:00.000
1780113600004,-6.437e-05,2026-05-30 04:00:00.004
1780128000001,-9.829e-05,2026-05-30 08:00:00.001
1780142400000,-8.148e-05,2026-05-30 12:00:00.000
1780156800000,-6.41e-05,2026-05-30 16:00:00.000
1780171200000,-1.266e-05,2026-05-30 20:00:00.000
1780185600000,-9.31e-06,2026-05-31 00:00:00.000
1780200000006,5e-05,2026-05-31 04:00:00.006
1780214400000,-3.839e-05,2026-05-31 08:00:00.000
1780228800005,-4.941e-05,2026-05-31 12:00:00.005
1780243200004,-5.941e-05,2026-05-31 16:00:00.004
1780257600010,-0.00010027,2026-05-31 20:00:00.010
1780272000001,1.376e-05,2026-06-01 00:00:00.001
1780286400006,5e-05,2026-06-01 04:00:00.006
1780300800001,2.986e-05,2026-06-01 08:00:00.001
1780315200000,1.381e-05,2026-06-01 12:00:00.000
1780329600000,1.938e-05,2026-06-01 16:00:00.000
1780344000000,5e-05,2026-06-01 20:00:00.000
1780358400000,5e-05,2026-06-02 00:00:00.000
1780372800008,5e-05,2026-06-02 04:00:00.008
1780387200000,5e-05,2026-06-02 08:00:00.000
1780401600002,2.309e-05,2026-06-02 12:00:00.002
1780416000000,-5.941e-05,2026-06-02 16:00:00.000
1780430400000,1.284e-05,2026-06-02 20:00:00.000
1780444800013,-0.00017815,2026-06-03 00:00:00.013
1780459200000,-5.402e-05,2026-06-03 04:00:00.000
1780473600000,4.608e-05,2026-06-03 08:00:00.000
1780488000000,5e-05,2026-06-03 12:00:00.000
1780502400001,5e-05,2026-06-03 16:00:00.001
1780516800002,3.268e-05,2026-06-03 20:00:00.002
1780531200009,5e-05,2026-06-04 00:00:00.009
1780545600000,-0.00014295,2026-06-04 04:00:00.000
1780560000000,-0.00026484,2026-06-04 08:00:00.000
1780574400002,-0.0003448,2026-06-04 12:00:00.002
1780588800003,-0.00022755,2026-06-04 16:00:00.003
1780603200001,-2.537e-05,2026-06-04 20:00:00.001
1780617600000,-0.00023762,2026-06-05 00:00:00.000
1780632000001,-4.993e-05,2026-06-05 04:00:00.001
1780646400004,-0.00032036,2026-06-05 08:00:00.004
1780660800000,-0.00027208,2026-06-05 12:00:00.000
1780675200009,-0.00035668,2026-06-05 16:00:00.009
1780689600000,-0.00030184,2026-06-05 20:00:00.000
1780704000000,-0.00033133,2026-06-06 00:00:00.000
1780718400000,-9.713e-05,2026-06-06 04:00:00.000
1780732800000,-0.00012658,2026-06-06 08:00:00.000
1780747200002,-0.00011453,2026-06-06 12:00:00.002
1780761600000,-0.00026479,2026-06-06 16:00:00.000
1780776000003,-0.0002196,2026-06-06 20:00:00.003
1780790400001,-0.00034541,2026-06-07 00:00:00.001
1780804800000,-0.00027134,2026-06-07 04:00:00.000
1780819200000,-0.00020922,2026-06-07 08:00:00.000
