timestamp,funding_rate,datetime
1597219200000,0.00076357,2020-08-12 08:00:00.000
1597248000000,0.00136117,2020-08-12 16:00:00.000
1597276800002,0.0075,2020-08-13 00:00:00.002
1597305600000,0.00277223,2020-08-13 08:00:00.000
1597334400000,0.00318799,2020-08-13 16:00:00.000
1597363200000,0.00170972,2020-08-14 00:00:00.000
1597392000000,0.00281047,2020-08-14 08:00:00.000
1597420800000,0.00694756,2020-08-14 16:00:00.000
1597449600000,0.00212303,2020-08-15 00:00:00.000
1597478400001,0.00299779,2020-08-15 08:00:00.001
1597507200001,0.00371603,2020-08-15 16:00:00.001
1597536000000,0.00265148,2020-08-16 00:00:00.000
1597564800000,0.00156349,2020-08-16 08:00:00.000
1597593600000,0.00235817,2020-08-16 16:00:00.000
1597622400000,0.00114203,2020-08-17 00:00:00.000
1597651200000,0.00043039,2020-08-17 08:00:00.000
1597680000000,0.0016823,2020-08-17 16:00:00.000
1597708800001,0.00246986,2020-08-18 00:00:00.001
1597737600008,0.00107122,2020-08-18 08:00:00.008
1597766400000,0.00037537,2020-08-18 16:00:00.000
1597795200000,0.00099749,2020-08-19 00:00:00.000
1597824000000,0.0001,2020-08-19 08:00:00.000
1597852800000,0.0001,2020-08-19 16:00:00.000
1597881600001,0.00028124,2020-08-20 00:00:00.001
1597910400000,0.00059901,2020-08-20 08:00:00.000
1597939200000,0.00128685,2020-08-20 16:00:00.000
1597968000000,0.00115426,2020-08-21 00:00:00.000
1597996800000,0.0004136,2020-08-21 08:00:00.000
1598025600017,0.0002227,2020-08-21 16:00:00.017
1598054400000,0.0001,2020-08-22 00:00:00.000
1598083200000,0.0001,2020-08-22 08:00:00.000
1598112000000,0.0001,2020-08-22 16:00:00.000
1598140800000,0.0001,2020-08-23 00:00:00.000
1598169600000,0.0001,2020-08-23 08:00:00.000
1598198400000,5.853e-05,2020-08-23 16:00:00.000
1598227200006,0.0001,2020-08-24 00:00:00.006
1598256000001,0.00032086,2020-08-24 08:00:00.001
1598284800000,0.0005202,2020-08-24 16:00:00.000
1598313600000,0.00040712,2020-08-25 00:00:00.000
1598342400000,0.0001,2020-08-25 08:00:00.000
1598371200000,0.00012601,2020-08-25 16:00:00.000
1598400000000,0.0001,2020-08-26 00:00:00.000
1598428800008,0.0001,2020-08-26 08:00:00.008
1598457600002,0.0001,2020-08-26 16:00:00.002
1598486400000,0.00041824,2020-08-27 00:00:00.000
1598515200010,0.00021363,2020-08-27 08:00:00.010
1598544000000,0.00019096,2020-08-27 16:00:00.000
1598572800000,0.00010793,2020-08-28 00:00:00.000
1598601600001,0.00034846,2020-08-28 08:00:00.001
1598630400000,0.00017693,2020-08-28 16:00:00.000
1598659200002,0.0007277,2020-08-29 00:00:00.002
1598688000006,0.00080433,2020-08-29 08:00:00.006
1598716800003,0.00084618,2020-08-29 16:00:00.003
1598745600000,0.00096393,2020-08-30 00:00:00.000
1598774400000,0.00107412,2020-08-30 08:00:00.000
1598803200000,0.00128523,2020-08-30 16:00:00.000
1598832000000,0.00092547,2020-08-31 00:00:00.000
1598860800001,0.00053791,2020-08-31 08:00:00.001
1598889600001,0.00083174,2020-08-31 16:00:00.001
1598918400000,0.00095129,2020-09-01 00:00:00.000
1598947200000,0.00030021,2020-09-01 08:00:00.000
1598976000000,0.00082143,2020-09-01 16:00:00.000
1599004800000,0.00103943,2020-09-02 00:00:00.000
1599033600006,0.000787,2020-09-02 08:00:00.006
1599062400000,0.0001,2020-09-02 16:00:00.000
1599091200001,0.0001,2020-09-03 00:00:00.001
1599120000004,0.0001,2020-09-03 08:00:00.004
1599148800000,0.0001,2020-09-03 16:00:00.000
1599177600005,0.0001,2020-09-04 00:00:00.005
1599206400000,5.471e-05,2020-09-04 08:00:00.000
1599235200006,0.0001,2020-09-04 16:00:00.006
1599264000000,0.0001,2020-09-05 00:00:00.000
1599292800004,0.0001,2020-09-05 08:00:00.004
1599321600001,0.0001,2020-09-05 16:00:00.001
1599350400004,0.0001,2020-09-06 00:00:00.004
1599379200000,0.0001,2020-09-06 08:00:00.000
1599408000000,0.0001,2020-09-06 16:00:00.000
1599436800002,0.0001,2020-09-07 00:00:00.002
1599465600004,0.0001,2020-09-07 08:00:00.004
1599494400001,0.0001,2020-09-07 16:00:00.001
1599523200007,0.0001,2020-09-08 00:00:00.007
1599552000006,0.0001,2020-09-08 08:00:00.006
1599580800014,0.0001,2020-09-08 16:00:00.014
1599609600000,0.0001,2020-09-09 00:00:00.000
1599638400000,0.0001,2020-09-09 08:00:00.000
1599667200000,0.0001,2020-09-09 16:00:00.000
1599696000000,0.0001,2020-09-10 00:00:00.000
1599724800005,0.0001,2020-09-10 08:00:00.005
1599753600000,0.0001,2020-09-10 16:00:00.000
1599782400000,0.0001,2020-09-11 00:00:00.000
1599811200008,0.0001,2020-09-11 08:00:00.008
1599840000000,0.0001,2020-09-11 16:00:00.000
1599868800008,0.0001,2020-09-12 00:00:00.008
1599897600000,0.0001,2020-09-12 08:00:00.000
1599926400008,0.0001,2020-09-12 16:00:00.008
1599955200000,0.0001,2020-09-13 00:00:00.000
1599984000000,0.0001,2020-09-13 08:00:00.000
1600012800004,0.0001,2020-09-13 16:00:00.004
1600041600003,0.0001,2020-09-14 00:00:00.003
1600070400008,0.0001,2020-09-14 08:00:00.008
1600099200000,0.0001,2020-09-14 16:00:00.000
1600128000000,0.0001,2020-09-15 00:00:00.000
1600156800010,0.0001,2020-09-15 08:00:00.010
1600185600003,0.0001,2020-09-15 16:00:00.003
1600214400014,0.0001,2020-09-16 00:00:00.014
1600243200000,0.0001,2020-09-16 08:00:00.000
1600272000001,0.0001,2020-09-16 16:00:00.001
1600300800006,0.0001,2020-09-17 00:00:00.006
1600329600012,0.0001,2020-09-17 08:00:00.012
1600358400000,0.0001,2020-09-17 16:00:00.000
1600387200001,0.0001,2020-09-18 00:00:00.001
1600416000002,0.0001,2020-09-18 08:00:00.002
1600444800002,0.0001,2020-09-18 16:00:00.002
1600473600000,0.0001,2020-09-19 00:00:00.000
1600502400005,0.0001,2020-09-19 08:00:00.005
1600531200008,0.0001,2020-09-19 16:00:00.008
1600560000002,0.0001,2020-09-20 00:00:00.002
1600588800005,0.0001,2020-09-20 08:00:00.005
1600617600005,0.0001,2020-09-20 16:00:00.005
1600646400000,0.0001,2020-09-21 00:00:00.000
1600675200001,0.0001,2020-09-21 08:00:00.001
1600704000000,0.0001,2020-09-21 16:00:00.000
1600732800001,0.0001,2020-09-22 00:00:00.001
1600761600000,0.0001,2020-09-22 08:00:00.000
1600790400004,0.0001,2020-09-22 16:00:00.004
1600819200007,0.0001,2020-09-23 00:00:00.007
1600848000001,2.373e-05,2020-09-23 08:00:00.001
1600876800001,0.0001,2020-09-23 16:00:00.001
1600905600000,0.0001,2020-09-24 00:00:00.000
1600934400000,0.0001,2020-09-24 08:00:00.000
1600963200000,0.0001,2020-09-24 16:00:00.000
1600992000009,0.0001,2020-09-25 00:00:00.009
1601020800045,0.0001,2020-09-25 08:00:00.045
1601049600000,0.0001,2020-09-25 16:00:00.000
1601078400000,0.0001,2020-09-26 00:00:00.000
1601107200000,0.0001,2020-09-26 08:00:00.000
1601136000005,0.0001,2020-09-26 16:00:00.005
1601164800000,0.0001,2020-09-27 00:00:00.000
1601193600000,0.0001,2020-09-27 08:00:00.000
1601222400019,0.0001,2020-09-27 16:00:00.019
1601251200001,0.0001,2020-09-28 00:00:00.001
1601280000000,0.0001,2020-09-28 08:00:00.000
1601308800002,0.0001,2020-09-28 16:00:00.002
1601337600000,0.0001,2020-09-29 00:00:00.000
1601366400000,0.0001,2020-09-29 08:00:00.000
1601395200000,0.0001,2020-09-29 16:00:00.000
1601424000005,0.0001,2020-09-30 00:00:00.005
1601452800000,0.0001,2020-09-30 08:00:00.000
1601481600000,0.0001,2020-09-30 16:00:00.000
1601510400000,0.00019903,2020-10-01 00:00:00.000
1601539200000,0.0001,2020-10-01 08:00:00.000
1601568000000,0.0001,2020-10-01 16:00:00.000
1601596800011,0.0001,2020-10-02 00:00:00.011
1601625600000,0.0001,2020-10-02 08:00:00.000
1601654400005,0.0001,2020-10-02 16:00:00.005
1601683200000,0.0001,2020-10-03 00:00:00.000
1601712000001,0.0001,2020-10-03 08:00:00.001
1601740800000,0.0001,2020-10-03 16:00:00.000
1601769600000,0.0001,2020-10-04 00:00:00.000
1601798400003,0.0001,2020-10-04 08:00:00.003
1601827200001,0.0001,2020-10-04 16:00:00.001
1601856000000,0.0001,2020-10-05 00:00:00.000
1601884800000,0.0001,2020-10-05 08:00:00.000
1601913600012,0.0001,2020-10-05 16:00:00.012
1601942400000,0.0001,2020-10-06 00:00:00.000
1601971200005,0.0001,2020-10-06 08:00:00.005
1602000000000,0.0001,2020-10-06 16:00:00.000
1602028800000,0.0001,2020-10-07 00:00:00.000
1602057600000,0.0001,2020-10-07 08:00:00.000
1602086400000,0.0001,2020-10-07 16:00:00.000
1602115200000,0.0001,2020-10-08 00:00:00.000
1602144000009,0.0001,2020-10-08 08:00:00.009
1602172800003,0.0001,2020-10-08 16:00:00.003
1602201600001,0.0001,2020-10-09 00:00:00.001
1602230400000,0.0001,2020-10-09 08:00:00.000
1602259200004,0.0001,2020-10-09 16:00:00.004
1602288000005,0.0001,2020-10-10 00:00:00.005
1602316800000,0.0001,2020-10-10 08:00:00.000
1602345600011,0.0001,2020-10-10 16:00:00.011
1602374400002,0.0001,2020-10-11 00:00:00.002
1602403200003,0.0001,2020-10-11 08:00:00.003
1602432000004,0.0001,2020-10-11 16:00:00.004
1602460800001,0.0001,2020-10-12 00:00:00.001
1602489600000,0.0001,2020-10-12 08:00:00.000
1602518400011,0.0001,2020-10-12 16:00:00.011
1602547200003,0.0001,2020-10-13 00:00:00.003
1602576000000,0.0001,2020-10-13 08:00:00.000
1602604800001,0.0001,2020-10-13 16:00:00.001
1602633600001,0.0001,2020-10-14 00:00:00.001
1602662400000,0.0001,2020-10-14 08:00:00.000
1602691200001,0.0001,2020-10-14 16:00:00.001
1602720000000,0.0001,2020-10-15 00:00:00.000
1602748800000,0.0001,2020-10-15 08:00:00.000
1602777600000,0.0001,2020-10-15 16:00:00.000
1602806400002,0.0001,2020-10-16 00:00:00.002
1602835200003,0.0001,2020-10-16 08:00:00.003
1602864000000,-0.00325268,2020-10-16 16:00:00.000
1602892800006,-0.00097252,2020-10-17 00:00:00.006
1602921600007,-0.00158571,2020-10-17 08:00:00.007
1602950400009,-0.00219129,2020-10-17 16:00:00.009
1602979200006,-0.00073524,2020-10-18 00:00:00.006
1603008000000,-0.00083937,2020-10-18 08:00:00.000
1603036800000,0.0001,2020-10-18 16:00:00.000
1603065600000,-0.00039077,2020-10-19 00:00:00.000
1603094400000,0.0001,2020-10-19 08:00:00.000
1603123200000,-0.0006029,2020-10-19 16:00:00.000
1603152000015,0.0001,2020-10-20 00:00:00.015
1603180800000,0.0001,2020-10-20 08:00:00.000
1603209600008,0.0001,2020-10-20 16:00:00.008
1603238400009,-0.00165275,2020-10-21 00:00:00.009
1603267200004,0.0001,2020-10-21 08:00:00.004
1603296000000,-0.00075736,2020-10-21 16:00:00.000
1603324800000,0.0001,2020-10-22 00:00:00.000
1603353600000,0.0001,2020-10-22 08:00:00.000
1603382400004,0.0001,2020-10-22 16:00:00.004
1603411200007,0.0001,2020-10-23 00:00:00.007
1603440000000,0.0001,2020-10-23 08:00:00.000
1603468800000,-0.00063854,2020-10-23 16:00:00.000
1603497600000,0.0001,2020-10-24 00:00:00.000
1603526400000,0.0001,2020-10-24 08:00:00.000
1603555200008,-0.00041069,2020-10-24 16:00:00.008
1603584000005,0.0001,2020-10-25 00:00:00.005
1603612800014,0.0001,2020-10-25 08:00:00.014
1603641600000,-0.0014776,2020-10-25 16:00:00.000
1603670400004,-0.00028563,2020-10-26 00:00:00.004
1603699200000,0.0001,2020-10-26 08:00:00.000
1603728000000,0.0001,2020-10-26 16:00:00.000
1603756800000,0.00010075,2020-10-27 00:00:00.000
1603785600000,0.0001,2020-10-27 08:00:00.000
1603814400000,0.00014427,2020-10-27 16:00:00.000
1603843200000,0.0001,2020-10-28 00:00:00.000
1603872000006,0.0001,2020-10-28 08:00:00.006
1603900800001,0.0001,2020-10-28 16:00:00.001
1603929600000,-0.00017941,2020-10-29 00:00:00.000
1603958400000,0.0001,2020-10-29 08:00:00.000
1603987200000,0.0001,2020-10-29 16:00:00.000
1604016000000,-0.0004747,2020-10-30 00:00:00.000
1604044800002,-0.0009028,2020-10-30 08:00:00.002
1604073600002,-0.00158833,2020-10-30 16:00:00.002
1604102400003,-0.0005118,2020-10-31 00:00:00.003
1604131200000,-0.00069818,2020-10-31 08:00:00.000
1604160000000,-0.00078155,2020-10-31 16:00:00.000
1604188800000,-0.00110261,2020-11-01 00:00:00.000
1604217600000,-0.00160155,2020-11-01 08:00:00.000
1604246400000,-0.00091028,2020-11-01 16:00:00.000
1604275200000,8.083e-05,2020-11-02 00:00:00.000
1604304000010,-0.00021327,2020-11-02 08:00:00.010
1604332800000,-0.00085797,2020-11-02 16:00:00.000
1604361600000,-0.00021073,2020-11-03 00:00:00.000
1604390400004,-0.00029357,2020-11-03 08:00:00.004
1604419200009,-0.00019375,2020-11-03 16:00:00.009
1604448000000,-0.00033902,2020-11-04 00:00:00.000
1604476800000,-0.00075331,2020-11-04 08:00:00.000
1604505600005,-0.00159258,2020-11-04 16:00:00.005
1604534400017,-0.00027716,2020-11-05 00:00:00.017
1604563200001,-0.0002162,2020-11-05 08:00:00.001
1604592000000,-0.00107999,2020-11-05 16:00:00.000
1604620800000,-0.00118404,2020-11-06 00:00:00.000
1604649600001,-9.17e-06,2020-11-06 08:00:00.001
1604678400001,0.0001,2020-11-06 16:00:00.001
1604707200001,-0.00012144,2020-11-07 00:00:00.001
1604736000000,-0.00046968,2020-11-07 08:00:00.000
1604764800006,-0.00055735,2020-11-07 16:00:00.006
1604793600000,-0.00047166,2020-11-08 00:00:00.000
1604822400000,-0.00040049,2020-11-08 08:00:00.000
1604851200000,0.0001,2020-11-08 16:00:00.000
1604880000007,-0.00042375,2020-11-09 00:00:00.007
1604908800001,-0.00150636,2020-11-09 08:00:00.001
1604937600002,-0.00093009,2020-11-09 16:00:00.002
1604966400003,-0.00197917,2020-11-10 00:00:00.003
1604995200011,0.0001,2020-11-10 08:00:00.011
1605024000000,-0.00054852,2020-11-10 16:00:00.000
1605052800000,-0.00019116,2020-11-11 00:00:00.000
1605081600009,-0.00101692,2020-11-11 08:00:00.009
1605110400003,-0.00071504,2020-11-11 16:00:00.003
1605139200001,-0.00135111,2020-11-12 00:00:00.001
1605168000001,-0.00040973,2020-11-12 08:00:00.001
1605196800000,-0.00077661,2020-11-12 16:00:00.000
1605225600000,-0.0006813,2020-11-13 00:00:00.000
1605254400000,-0.0011129,2020-11-13 08:00:00.000
1605283200000,-0.00084104,2020-11-13 16:00:00.000
1605312000005,-7.009e-05,2020-11-14 00:00:00.005
1605340800004,-0.00189385,2020-11-14 08:00:00.004
1605369600001,-0.0006252,2020-11-14 16:00:00.001
1605398400001,-0.00044754,2020-11-15 00:00:00.001
1605427200000,-0.00083722,2020-11-15 08:00:00.000
1605456000003,-0.00091006,2020-11-15 16:00:00.003
1605484800000,-0.00044,2020-11-16 00:00:00.000
1605513600010,-0.00222693,2020-11-16 08:00:00.010
1605542400001,0.0001,2020-11-16 16:00:00.001
1605571200002,-0.00018851,2020-11-17 00:00:00.002
1605600000003,-0.00091817,2020-11-17 08:00:00.003
1605628800003,-0.00015281,2020-11-17 16:00:00.003
1605657600005,-2.975e-05,2020-11-18 00:00:00.005
1605686400006,-0.00146365,2020-11-18 08:00:00.006
1605715200000,-0.00103582,2020-11-18 16:00:00.000
1605744000008,-0.00059404,2020-11-19 00:00:00.008
1605772800000,-0.00078393,2020-11-19 08:00:00.000
1605801600001,0.0001,2020-11-19 16:00:00.001
1605830400003,0.0001,2020-11-20 00:00:00.003
1605859200005,-0.0006641,2020-11-20 08:00:00.005
1605888000000,0.0001,2020-11-20 16:00:00.000
1605916800000,0.0001,2020-11-21 00:00:00.000
1605945600000,0.0001,2020-11-21 08:00:00.000
1605974400001,0.00084729,2020-11-21 16:00:00.001
1606003200005,0.00079565,2020-11-22 00:00:00.005
1606032000000,0.00031291,2020-11-22 08:00:00.000
1606060800000,0.0001,2020-11-22 16:00:00.000
1606089600005,0.0001,2020-11-23 00:00:00.005
1606118400000,7.37e-05,2020-11-23 08:00:00.000
1606147200003,0.00102791,2020-11-23 16:00:00.003
1606176000000,0.00070391,2020-11-24 00:00:00.000
1606204800000,0.00142187,2020-11-24 08:00:00.000
1606233600005,0.0001,2020-11-24 16:00:00.005
1606262400005,0.00107282,2020-11-25 00:00:00.005
1606291200005,0.00029554,2020-11-25 08:00:00.005
1606320000015,0.00182959,2020-11-25 16:00:00.015
1606348800012,0.0001,2020-11-26 00:00:00.012
1606377600002,-0.00087511,2020-11-26 08:00:00.002
1606406400001,0.0001,2020-11-26 16:00:00.001
1606435200001,0.0001,2020-11-27 00:00:00.001
1606464000000,-0.00049293,2020-11-27 08:00:00.000
1606492800007,0.0001,2020-11-27 16:00:00.007
1606521600007,0.0001,2020-11-28 00:00:00.007
1606550400012,0.0001,2020-11-28 08:00:00.012
1606579200000,0.0001,2020-11-28 16:00:00.000
1606608000007,0.0001,2020-11-29 00:00:00.007
1606636800000,0.0001,2020-11-29 08:00:00.000
1606665600000,0.0001,2020-11-29 16:00:00.000
1606694400004,0.0001,2020-11-30 00:00:00.004
1606723200007,0.00016966,2020-11-30 08:00:00.007
1606752000000,0.0001,2020-11-30 16:00:00.000
1606780800000,0.0002623,2020-12-01 00:00:00.000
1606809600003,0.0001,2020-12-01 08:00:00.003
1606838400000,-0.00041722,2020-12-01 16:00:00.000
1606867200001,-0.00065774,2020-12-02 00:00:00.001
1606896000011,0.0001,2020-12-02 08:00:00.011
1606924800005,0.0001,2020-12-02 16:00:00.005
1606953600001,0.00020197,2020-12-03 00:00:00.001
1606982400031,0.0001,2020-12-03 08:00:00.031
1607011200000,0.0001,2020-12-03 16:00:00.000
1607040000006,0.0001,2020-12-04 00:00:00.006
1607068800009,-1.9e-07,2020-12-04 08:00:00.009
1607097600000,1.677e-05,2020-12-04 16:00:00.000
1607126400000,-0.00030041,2020-12-05 00:00:00.000
1607155200000,-0.00044734,2020-12-05 08:00:00.000
1607184000000,0.0001,2020-12-05 16:00:00.000
1607212800004,-0.00095898,2020-12-06 00:00:00.004
1607241600000,-0.00030357,2020-12-06 08:00:00.000
1607270400001,-0.00113033,2020-12-06 16:00:00.001
1607299200000,-0.00042703,2020-12-07 00:00:00.000
1607328000008,-6.509e-05,2020-12-07 08:00:00.008
1607356800000,-0.00125973,2020-12-07 16:00:00.000
1607385600003,-7.712e-05,2020-12-08 00:00:00.003
1607414400003,-0.00010547,2020-12-08 08:00:00.003
1607443200033,0.0001,2020-12-08 16:00:00.033
1607472000000,0.0001,2020-12-09 00:00:00.000
1607500800010,0.0001,2020-12-09 08:00:00.010
1607529600000,0.0001,2020-12-09 16:00:00.000
1607558400000,6.066e-05,2020-12-10 00:00:00.000
1607587200000,0.0001,2020-12-10 08:00:00.000
1607616000007,0.0001,2020-12-10 16:00:00.007
1607644800000,0.0001,2020-12-11 00:00:00.000
1607673600016,-4.366e-05,2020-12-11 08:00:00.016
1607702400010,7.615e-05,2020-12-11 16:00:00.010
1607731200009,2.023e-05,2020-12-12 00:00:00.009
1607760000002,0.0001,2020-12-12 08:00:00.002
1607788800000,-3.336e-05,2020-12-12 16:00:00.000
1607817600007,0.0001,2020-12-13 00:00:00.007
1607846400000,0.0001,2020-12-13 08:00:00.000
1607875200000,0.0001,2020-12-13 16:00:00.000
1607904000000,0.0001,2020-12-14 00:00:00.000
1607932800000,0.0001,2020-12-14 08:00:00.000
1607961600000,0.0001,2020-12-14 16:00:00.000
1607990400006,0.0001,2020-12-15 00:00:00.006
1608019200001,0.0001,2020-12-15 08:00:00.001
1608048000000,0.0001,2020-12-15 16:00:00.000
1608076800001,0.0001,2020-12-16 00:00:00.001
1608105600000,0.0001,2020-12-16 08:00:00.000
1608134400000,0.0001,2020-12-16 16:00:00.000
1608163200000,0.0001,2020-12-17 00:00:00.000
1608192000000,0.0001,2020-12-17 08:00:00.000
1608220800011,0.00119982,2020-12-17 16:00:00.011
1608249600000,0.0001,2020-12-18 00:00:00.000
1608278400000,0.0001,2020-12-18 08:00:00.000
1608307200000,0.0001,2020-12-18 16:00:00.000
1608336000000,0.0001,2020-12-19 00:00:00.000
1608364800018,0.0001,2020-12-19 08:00:00.018
1608393600000,0.0001,2020-12-19 16:00:00.000
1608422400001,0.0001,2020-12-20 00:00:00.001
1608451200011,0.00053725,2020-12-20 08:00:00.011
1608480000023,0.00055662,2020-12-20 16:00:00.023
1608508800011,0.0001,2020-12-21 00:00:00.011
1608537600000,0.0001,2020-12-21 08:00:00.000
1608566400000,0.00025333,2020-12-21 16:00:00.000
1608595200001,0.0001,2020-12-22 00:00:00.001
1608624000006,0.0001,2020-12-22 08:00:00.006
1608652800000,-0.0005559,2020-12-22 16:00:00.000
1608681600000,0.0001,2020-12-23 00:00:00.000
1608710400000,0.0001,2020-12-23 08:00:00.000
1608739200000,0.0001,2020-12-23 16:00:00.000
1608768000012,0.0001,2020-12-24 00:00:00.012
1608796800009,0.0001,2020-12-24 08:00:00.009
1608825600001,-0.00105976,2020-12-24 16:00:00.001
1608854400000,-0.00055826,2020-12-25 00:00:00.000
1608883200000,-0.00053993,2020-12-25 08:00:00.000
1608912000000,-0.00112177,2020-12-25 16:00:00.000
1608940800009,-0.0003398,2020-12-26 00:00:00.009
1608969600001,-0.00017666,2020-12-26 08:00:00.001
1608998400006,-8.806e-05,2020-12-26 16:00:00.006
1609027200000,-0.00032172,2020-12-27 00:00:00.000
1609056000000,0.0001,2020-12-27 08:00:00.000
1609084800001,0.0001,2020-12-27 16:00:00.001
1609113600015,0.0001,2020-12-28 00:00:00.015
1609142400019,0.0001,2020-12-28 08:00:00.019
1609171200000,0.0001,2020-12-28 16:00:00.000
1609200000004,0.0001,2020-12-29 00:00:00.004
1609228800003,-0.00048208,2020-12-29 08:00:00.003
1609257600000,0.0001,2020-12-29 16:00:00.000
1609286400001,-5.426e-05,2020-12-30 00:00:00.001
1609315200001,-0.00026286,2020-12-30 08:00:00.001
1609344000012,0.0001,2020-12-30 16:00:00.012
1609372800009,0.0001,2020-12-31 00:00:00.009
1609401600000,0.0001,2020-12-31 08:00:00.000
1609430400010,0.0001,2020-12-31 16:00:00.010
1609459200002,0.0001,2021-01-01 00:00:00.002
1609488000006,0.0001,2021-01-01 08:00:00.006
1609516800003,0.0001,2021-01-01 16:00:00.003
1609545600000,0.0001,2021-01-02 00:00:00.000
1609574400000,0.0001,2021-01-02 08:00:00.000
1609603200006,0.00044093,2021-01-02 16:00:00.006
1609632000018,0.00115332,2021-01-03 00:00:00.018
1609660800000,0.00105306,2021-01-03 08:00:00.000
1609689600002,0.00175214,2021-01-03 16:00:00.002
1609718400000,0.00286007,2021-01-04 00:00:00.000
1609747200000,0.00394424,2021-01-04 08:00:00.000
1609776000000,0.00099839,2021-01-04 16:00:00.000
1609804800020,0.00099352,2021-01-05 00:00:00.020
1609833600003,0.0002552,2021-01-05 08:00:00.003
1609862400003,0.00068003,2021-01-05 16:00:00.003
1609891200010,0.0019168,2021-01-06 00:00:00.010
1609920000003,0.00193974,2021-01-06 08:00:00.003
1609948800000,0.0026418,2021-01-06 16:00:00.000
1609977600007,0.00068643,2021-01-07 00:00:00.007
1610006400000,0.00236752,2021-01-07 08:00:00.000
1610035200004,0.00225172,2021-01-07 16:00:00.004
1610064000000,0.00137069,2021-01-08 00:00:00.000
1610092800000,0.0001,2021-01-08 08:00:00.000
1610121600000,0.0010131,2021-01-08 16:00:00.000
1610150400009,0.00011784,2021-01-09 00:00:00.009
1610179200004,0.00074324,2021-01-09 08:00:00.004
1610208000000,0.00129346,2021-01-09 16:00:00.000
1610236800000,0.00231857,2021-01-10 00:00:00.000
1610265600005,0.00261228,2021-01-10 08:00:00.005
1610294400000,0.00075687,2021-01-10 16:00:00.000
1610323200000,0.00137974,2021-01-11 00:00:00.000
1610352000012,0.00103342,2021-01-11 08:00:00.012
1610380800000,0.00078148,2021-01-11 16:00:00.000
1610409600000,0.0001,2021-01-12 00:00:00.000
1610438400000,0.0001,2021-01-12 08:00:00.000
1610467200008,0.0001,2021-01-12 16:00:00.008
1610496000001,0.0001,2021-01-13 00:00:00.001
1610524800000,0.00015228,2021-01-13 08:00:00.000
1610553600003,0.0001,2021-01-13 16:00:00.003
1610582400000,0.000275,2021-01-14 00:00:00.000
1610611200012,0.0001,2021-01-14 08:00:00.012
1610640000000,0.00064032,2021-01-14 16:00:00.000
1610668800002,0.00091511,2021-01-15 00:00:00.002
1610697600000,0.0002646,2021-01-15 08:00:00.000
1610726400004,0.0008706,2021-01-15 16:00:00.004
1610755200000,0.00060615,2021-01-16 00:00:00.000
1610784000008,0.000651,2021-01-16 08:00:00.008
1610812800000,0.00135497,2021-01-16 16:00:00.000
1610841600009,0.00109436,2021-01-17 00:00:00.009
1610870400000,0.00075374,2021-01-17 08:00:00.000
1610899200001,0.00043225,2021-01-17 16:00:00.001
1610928000000,0.00172792,2021-01-18 00:00:00.000
1610956800004,0.00129085,2021-01-18 08:00:00.004
1610985600000,0.00169786,2021-01-18 16:00:00.000
1611014400000,0.0012712,2021-01-19 00:00:00.000
1611043200005,0.00252317,2021-01-19 08:00:00.005
1611072000012,0.00235374,2021-01-19 16:00:00.012
1611100800012,0.00099911,2021-01-20 00:00:00.012
1611129600001,0.00087739,2021-01-20 08:00:00.001
1611158400001,0.00017735,2021-01-20 16:00:00.001
1611187200000,0.00024684,2021-01-21 00:00:00.000
1611216000000,0.00055509,2021-01-21 08:00:00.000
1611244800004,0.00074019,2021-01-21 16:00:00.004
1611273600012,0.00030176,2021-01-22 00:00:00.012
1611302400003,0.0001,2021-01-22 08:00:00.003
1611331200001,0.0001,2021-01-22 16:00:00.001
1611360000000,0.0001,2021-01-23 00:00:00.000
1611388800002,0.00025861,2021-01-23 08:00:00.002
1611417600000,0.0003184,2021-01-23 16:00:00.000
1611446400001,0.00019736,2021-01-24 00:00:00.001
1611475200011,0.00035249,2021-01-24 08:00:00.011
1611504000005,0.000488,2021-01-24 16:00:00.005
1611532800007,0.00024642,2021-01-25 00:00:00.007
1611561600012,0.00035876,2021-01-25 08:00:00.012
1611590400000,0.00051502,2021-01-25 16:00:00.000
1611619200007,0.0003709,2021-01-26 00:00:00.007
1611648000000,0.0001,2021-01-26 08:00:00.000
1611676800000,0.00025181,2021-01-26 16:00:00.000
1611705600000,0.0002026,2021-01-27 00:00:00.000
1611734400011,0.00024095,2021-01-27 08:00:00.011
1611763200003,0.00017431,2021-01-27 16:00:00.003
1611792000000,0.0001,2021-01-28 00:00:00.000
1611820800000,0.00035599,2021-01-28 08:00:00.000
1611849600000,0.00024492,2021-01-28 16:00:00.000
1611878400009,0.0001,2021-01-29 00:00:00.009
1611907200000,0.0001387,2021-01-29 08:00:00.000
1611936000000,0.00088709,2021-01-29 16:00:00.000
1611964800000,0.00054457,2021-01-30 00:00:00.000
1611993600000,0.00013718,2021-01-30 08:00:00.000
1612022400000,0.00062453,2021-01-30 16:00:00.000
1612051200009,0.00109328,2021-01-31 00:00:00.009
1612080000000,0.00073202,2021-01-31 08:00:00.000
1612108800000,0.00148313,2021-01-31 16:00:00.000
1612137600001,0.00090428,2021-02-01 00:00:00.001
1612166400014,0.0012854,2021-02-01 08:00:00.014
1612195200000,0.0001,2021-02-01 16:00:00.000
1612224000000,0.00038609,2021-02-02 00:00:00.000
1612252800006,0.00066979,2021-02-02 08:00:00.006
1612281600000,0.00148793,2021-02-02 16:00:00.000
1612310400009,0.00097132,2021-02-03 00:00:00.009
1612339200006,0.00125818,2021-02-03 08:00:00.006
1612368000006,0.00230482,2021-02-03 16:00:00.006
1612396800005,0.00214192,2021-02-04 00:00:00.005
1612425600000,0.00225457,2021-02-04 08:00:00.000
1612454400011,0.00141657,2021-02-04 16:00:00.011
1612483200009,0.00126778,2021-02-05 00:00:00.009
1612512000004,0.00255764,2021-02-05 08:00:00.004
1612540800000,0.00435602,2021-02-05 16:00:00.000
1612569600008,0.00292771,2021-02-06 00:00:00.008
1612598400009,0.0013826,2021-02-06 08:00:00.009
1612627200000,0.00195623,2021-02-06 16:00:00.000
1612656000000,0.00210873,2021-02-07 00:00:00.000
1612684800005,0.00108367,2021-02-07 08:00:00.005
1612713600001,0.00164059,2021-02-07 16:00:00.001
1612742400000,0.00100343,2021-02-08 00:00:00.000
1612771200001,0.00058489,2021-02-08 08:00:00.001
1612800000000,0.00307114,2021-02-08 16:00:00.000
1612828800010,0.00247395,2021-02-09 00:00:00.010
1612857600006,0.00419708,2021-02-09 08:00:00.006
1612886400007,0.00196109,2021-02-09 16:00:00.007
1612915200009,0.00528952,2021-02-10 00:00:00.009
1612944000014,0.00418203,2021-02-10 08:00:00.014
1612972800005,0.00219366,2021-02-10 16:00:00.005
1613001600000,0.00147124,2021-02-11 00:00:00.000
1613030400000,0.00240252,2021-02-11 08:00:00.000
1613059200000,0.00349252,2021-02-11 16:00:00.000
1613088000000,0.00201254,2021-02-12 00:00:00.000
1613116800000,0.00227546,2021-02-12 08:00:00.000
1613145600000,0.00291345,2021-02-12 16:00:00.000
1613174400001,0.0025357,2021-02-13 00:00:00.001
1613203200003,0.0036773,2021-02-13 08:00:00.003
1613232000000,0.00122727,2021-02-13 16:00:00.000
1613260800013,0.00211863,2021-02-14 00:00:00.013
1613289600000,0.00192753,2021-02-14 08:00:00.000
1613318400008,0.00217746,2021-02-14 16:00:00.008
1613347200000,0.00224966,2021-02-15 00:00:00.000
1613376000006,0.0001,2021-02-15 08:00:00.006
1613404800000,0.00032769,2021-02-15 16:00:00.000
1613433600001,0.00013203,2021-02-16 00:00:00.001
1613462400000,0.0001,2021-02-16 08:00:00.000
1613491200010,0.00037865,2021-02-16 16:00:00.010
1613520000005,0.0001,2021-02-17 00:00:00.005
1613548800010,0.0001,2021-02-17 08:00:00.010
1613577600008,0.00141976,2021-02-17 16:00:00.008
1613606400012,0.00210824,2021-02-18 00:00:00.012
1613635200000,0.00151979,2021-02-18 08:00:00.000
1613664000009,0.00085807,2021-02-18 16:00:00.009
1613692800010,0.00192698,2021-02-19 00:00:00.010
1613721600002,0.00055184,2021-02-19 08:00:00.002
1613750400008,0.00182255,2021-02-19 16:00:00.008
1613779200000,0.0010377,2021-02-20 00:00:00.000
1613808000009,0.00138271,2021-02-20 08:00:00.009
1613836800000,0.00156494,2021-02-20 16:00:00.000
1613865600007,0.0001,2021-02-21 00:00:00.007
1613894400012,0.00011159,2021-02-21 08:00:00.012
1613923200001,0.00091282,2021-02-21 16:00:00.001
1613952000006,0.00041948,2021-02-22 00:00:00.006
1613980800002,0.00102935,2021-02-22 08:00:00.002
1614009600000,0.0001,2021-02-22 16:00:00.000
1614038400000,0.0001,2021-02-23 00:00:00.000
1614067200006,0.0001,2021-02-23 08:00:00.006
1614096000000,0.0001,2021-02-23 16:00:00.000
1614124800012,0.0001,2021-02-24 00:00:00.012
1614153600016,0.0001,2021-02-24 08:00:00.016
1614182400011,0.0001,2021-02-24 16:00:00.011
1614211200007,0.0001,2021-02-25 00:00:00.007
1614240000000,0.0001,2021-02-25 08:00:00.000
1614268800010,0.0001,2021-02-25 16:00:00.010
1614297600000,0.0001,2021-02-26 00:00:00.000
1614326400025,0.0001,2021-02-26 08:00:00.025
1614355200010,0.0001,2021-02-26 16:00:00.010
1614384000001,0.0001,2021-02-27 00:00:00.001
1614412800000,0.0001,2021-02-27 08:00:00.000
1614441600000,0.0001,2021-02-27 16:00:00.000
1614470400021,0.0001,2021-02-28 00:00:00.021
1614499200009,0.0001,2021-02-28 08:00:00.009
1614528000000,0.0001,2021-02-28 16:00:00.000
1614556800000,0.0001,2021-03-01 00:00:00.000
1614585600003,0.0001,2021-03-01 08:00:00.003
1614614400001,0.0001,2021-03-01 16:00:00.001
1614643200000,0.0001,2021-03-02 00:00:00.000
1614672000000,0.0001,2021-03-02 08:00:00.000
1614700800004,0.0001,2021-03-02 16:00:00.004
1614729600000,0.0001,2021-03-03 00:00:00.000
1614758400016,0.0001,2021-03-03 08:00:00.016
1614787200000,0.0001,2021-03-03 16:00:00.000
1614816000000,0.0001,2021-03-04 00:00:00.000
1614844800015,0.0001,2021-03-04 08:00:00.015
1614873600001,0.0001,2021-03-04 16:00:00.001
1614902400000,0.0001,2021-03-05 00:00:00.000
1614931200002,0.0001,2021-03-05 08:00:00.002
1614960000008,0.0001,2021-03-05 16:00:00.008
1614988800000,0.0001,2021-03-06 00:00:00.000
1615017600000,0.0001,2021-03-06 08:00:00.000
1615046400000,0.0001,2021-03-06 16:00:00.000
1615075200006,0.0001,2021-03-07 00:00:00.006
1615104000005,0.0001,2021-03-07 08:00:00.005
1615132800008,0.0001,2021-03-07 16:00:00.008
1615161600000,0.0001,2021-03-08 00:00:00.000
1615190400000,0.0001,2021-03-08 08:00:00.000
1615219200006,0.0001,2021-03-08 16:00:00.006
1615248000000,0.0001,2021-03-09 00:00:00.000
1615276800000,0.0001,2021-03-09 08:00:00.000
1615305600000,0.00042244,2021-03-09 16:00:00.000
1615334400009,0.00054092,2021-03-10 00:00:00.009
1615363200006,0.0004563,2021-03-10 08:00:00.006
1615392000008,0.00024204,2021-03-10 16:00:00.008
1615420800000,0.0001,2021-03-11 00:00:00.000
1615449600000,0.0001,2021-03-11 08:00:00.000
1615478400014,0.00027312,2021-03-11 16:00:00.014
1615507200002,0.0001,2021-03-12 00:00:00.002
1615536000005,0.00023648,2021-03-12 08:00:00.005
1615564800011,0.0001,2021-03-12 16:00:00.011
1615593600000,0.0001,2021-03-13 00:00:00.000
1615622400002,0.00022871,2021-03-13 08:00:00.002
1615651200000,0.00043069,2021-03-13 16:00:00.000
1615680000011,0.00025868,2021-03-14 00:00:00.011
1615708800000,0.00018883,2021-03-14 08:00:00.000
1615737600000,0.00015002,2021-03-14 16:00:00.000
1615766400012,0.00069353,2021-03-15 00:00:00.012
1615795200016,0.00042878,2021-03-15 08:00:00.016
1615824000030,0.00039143,2021-03-15 16:00:00.030
1615852800005,0.0001,2021-03-16 00:00:00.005
1615881600008,0.0001,2021-03-16 08:00:00.008
1615910400012,0.0001,2021-03-16 16:00:00.012
1615939200010,0.0001,2021-03-17 00:00:00.010
1615968000000,0.0001,2021-03-17 08:00:00.000
1615996800009,0.00043921,2021-03-17 16:00:00.009
1616025600001,0.00013172,2021-03-18 00:00:00.001
1616054400000,0.00018398,2021-03-18 08:00:00.000
1616083200000,0.00033748,2021-03-18 16:00:00.000
1616112000011,0.0001,2021-03-19 00:00:00.011
1616140800001,0.00027837,2021-03-19 08:00:00.001
1616169600000,0.00087464,2021-03-19 16:00:00.000
1616198400000,0.00076454,2021-03-20 00:00:00.000
1616227200000,0.00118555,2021-03-20 08:00:00.000
1616256000007,0.00197902,2021-03-20 16:00:00.007
1616284800000,0.00074061,2021-03-21 00:00:00.000
1616313600000,0.00059365,2021-03-21 08:00:00.000
1616342400000,0.00031269,2021-03-21 16:00:00.000
1616371200007,0.00057215,2021-03-22 00:00:00.007
1616400000001,0.0001,2021-03-22 08:00:00.001
1616428800000,0.00037639,2021-03-22 16:00:00.000
1616457600000,0.00029095,2021-03-23 00:00:00.000
1616486400010,0.0001,2021-03-23 08:00:00.010
1616515200023,0.0001,2021-03-23 16:00:00.023
1616544000002,0.00027369,2021-03-24 00:00:00.002
1616572800000,0.00049406,2021-03-24 08:00:00.000
1616601600000,0.00044174,2021-03-24 16:00:00.000
1616630400000,0.00010571,2021-03-25 00:00:00.000
1616659200000,0.0001,2021-03-25 08:00:00.000
1616688000000,0.0001,2021-03-25 16:00:00.000
1616716800008,0.0001,2021-03-26 00:00:00.008
1616745600000,0.0001,2021-03-26 08:00:00.000
1616774400012,0.0001,2021-03-26 16:00:00.012
1616803200018,0.0001,2021-03-27 00:00:00.018
1616832000000,0.00023856,2021-03-27 08:00:00.000
1616860800001,0.00017722,2021-03-27 16:00:00.001
1616889600000,0.00045207,2021-03-28 00:00:00.000
1616918400000,0.00056518,2021-03-28 08:00:00.000
1616947200005,0.00065275,2021-03-28 16:00:00.005
1616976000003,0.00047946,2021-03-29 00:00:00.003
1617004800000,0.00096584,2021-03-29 08:00:00.000
1617033600000,0.00070326,2021-03-29 16:00:00.000
1617062400018,0.00025313,2021-03-30 00:00:00.018
1617091200012,0.00094421,2021-03-30 08:00:00.012
1617120000001,0.00143979,2021-03-30 16:00:00.001
1617148800000,0.00094498,2021-03-31 00:00:00.000
1617177600000,0.00115864,2021-03-31 08:00:00.000
1617206400000,0.00028676,2021-03-31 16:00:00.000
1617235200025,0.00054229,2021-04-01 00:00:00.025
1617264000011,0.00155959,2021-04-01 08:00:00.011
1617292800004,0.00149083,2021-04-01 16:00:00.004
1617321600000,0.00085012,2021-04-02 00:00:00.000
1617350400000,0.00150819,2021-04-02 08:00:00.000
1617379200000,0.00132525,2021-04-02 16:00:00.000
1617408000003,0.00185618,2021-04-03 00:00:00.003
1617436800000,0.00231392,2021-04-03 08:00:00.000
1617465600000,0.0026959,2021-04-03 16:00:00.000
1617494400000,0.000608,2021-04-04 00:00:00.000
1617523200000,0.00070615,2021-04-04 08:00:00.000
1617552000016,0.00029754,2021-04-04 16:00:00.016
1617580800000,0.00060618,2021-04-05 00:00:00.000
1617609600001,0.00093552,2021-04-05 08:00:00.001
1617638400001,0.0013936,2021-04-05 16:00:00.001
1617667200010,0.0022872,2021-04-06 00:00:00.010
1617696000000,0.0020226,2021-04-06 08:00:00.000
1617724800003,0.00148758,2021-04-06 16:00:00.003
1617753600000,0.00112454,2021-04-07 00:00:00.000
1617782400006,0.00112525,2021-04-07 08:00:00.006
1617811200004,0.00057584,2021-04-07 16:00:00.004
1617840000013,0.00043221,2021-04-08 00:00:00.013
1617868800003,0.00077922,2021-04-08 08:00:00.003
1617897600005,0.00020969,2021-04-08 16:00:00.005
1617926400000,0.00035641,2021-04-09 00:00:00.000
1617955200004,0.00083829,2021-04-09 08:00:00.004
1617984000004,-0.0014621,2021-04-09 16:00:00.004
1618012800011,0.00119209,2021-04-10 00:00:00.011
1618041600005,0.00038623,2021-04-10 08:00:00.005
1618070400000,0.00176983,2021-04-10 16:00:00.000
1618099200004,0.00172475,2021-04-11 00:00:00.004
1618128000000,0.00196519,2021-04-11 08:00:00.000
1618156800000,0.00207759,2021-04-11 16:00:00.000
1618185600001,0.00156027,2021-04-12 00:00:00.001
1618214400001,0.00246046,2021-04-12 08:00:00.001
1618243200008,0.00132386,2021-04-12 16:00:00.008
1618272000003,0.00140746,2021-04-13 00:00:00.003
1618300800008,0.00129193,2021-04-13 08:00:00.008
1618329600008,0.00237278,2021-04-13 16:00:00.008
1618358400008,0.0020873,2021-04-14 00:00:00.008
1618387200000,0.00373171,2021-04-14 08:00:00.000
1618416000012,0.00103996,2021-04-14 16:00:00.012
1618444800006,0.00103184,2021-04-15 00:00:00.006
1618473600000,0.00200215,2021-04-15 08:00:00.000
1618502400008,0.00298751,2021-04-15 16:00:00.008
1618531200008,0.00296254,2021-04-16 00:00:00.008
1618560000000,0.00191458,2021-04-16 08:00:00.000
1618588800002,0.0015825,2021-04-16 16:00:00.002
1618617600008,0.00236202,2021-04-17 00:00:00.008
1618646400000,0.00225972,2021-04-17 08:00:00.000
1618675200001,0.00174613,2021-04-17 16:00:00.001
1618704000006,0.00167488,2021-04-18 00:00:00.006
1618732800004,0.0001,2021-04-18 08:00:00.004
1618761600000,0.0001,2021-04-18 16:00:00.000
1618790400000,0.0001,2021-04-19 00:00:00.000
1618819200000,0.0001,2021-04-19 08:00:00.000
1618848000009,0.0001,2021-04-19 16:00:00.009
1618876800004,0.0001,2021-04-20 00:00:00.004
1618905600000,0.0001,2021-04-20 08:00:00.000
1618934400001,0.0001,2021-04-20 16:00:00.001
1618963200013,0.0001,2021-04-21 00:00:00.013
1618992000001,0.0001,2021-04-21 08:00:00.001
1619020800002,0.0001,2021-04-21 16:00:00.002
1619049600000,0.0001,2021-04-22 00:00:00.000
1619078400000,0.0001,2021-04-22 08:00:00.000
1619107200001,0.00025944,2021-04-22 16:00:00.001
1619136000002,0.0001,2021-04-23 00:00:00.002
1619164800009,6.585e-05,2021-04-23 08:00:00.009
1619193600001,-9.38e-06,2021-04-23 16:00:00.001
1619222400019,0.0001,2021-04-24 00:00:00.019
1619251200001,0.0001,2021-04-24 08:00:00.001
1619280000011,0.0001,2021-04-24 16:00:00.011
1619308800000,0.0001,2021-04-25 00:00:00.000
1619337600010,0.0001,2021-04-25 08:00:00.010
1619366400000,0.0001,2021-04-25 16:00:00.000
1619395200003,0.0001,2021-04-26 00:00:00.003
1619424000002,0.0001,2021-04-26 08:00:00.002
1619452800004,0.0001,2021-04-26 16:00:00.004
1619481600000,0.0001,2021-04-27 00:00:00.000
1619510400000,-2.96e-05,2021-04-27 08:00:00.000
1619539200009,-0.00028549,2021-04-27 16:00:00.009
1619568000000,-0.0001894,2021-04-28 00:00:00.000
1619596800000,0.0001,2021-04-28 08:00:00.000
1619625600001,0.0001,2021-04-28 16:00:00.001
1619654400004,0.0001,2021-04-29 00:00:00.004
1619683200013,0.0001,2021-04-29 08:00:00.013
1619712000003,0.0001,2021-04-29 16:00:00.003
1619740800004,1.458e-05,2021-04-30 00:00:00.004
1619769600019,0.00055355,2021-04-30 08:00:00.019
1619798400003,0.0001,2021-04-30 16:00:00.003
1619827200002,0.0001,2021-05-01 00:00:00.002
1619856000006,0.0001,2021-05-01 08:00:00.006
1619884800000,0.0001,2021-05-01 16:00:00.000
1619913600010,0.00022311,2021-05-02 00:00:00.010
1619942400011,0.0001,2021-05-02 08:00:00.011
1619971200007,0.0001,2021-05-02 16:00:00.007
1620000000003,0.00014332,2021-05-03 00:00:00.003
1620028800000,0.00036318,2021-05-03 08:00:00.000
1620057600043,-0.00125709,2021-05-03 16:00:00.043
1620086400004,0.0001,2021-05-04 00:00:00.004
1620115200003,0.0001,2021-05-04 08:00:00.003
1620144000011,0.00080237,2021-05-04 16:00:00.011
1620172800001,0.0001,2021-05-05 00:00:00.001
1620201600007,0.0001,2021-05-05 08:00:00.007
1620230400001,0.00047727,2021-05-05 16:00:00.001
1620259200003,0.0001,2021-05-06 00:00:00.003
1620288000001,0.00124035,2021-05-06 08:00:00.001
1620316800000,0.00197615,2021-05-06 16:00:00.000
1620345600000,0.0001,2021-05-07 00:00:00.000
1620374400000,0.00027754,2021-05-07 08:00:00.000
1620403200001,0.00012698,2021-05-07 16:00:00.001
1620432000006,0.0001,2021-05-08 00:00:00.006
1620460800000,0.0001,2021-05-08 08:00:00.000
1620489600000,0.0001,2021-05-08 16:00:00.000
1620518400005,0.0001,2021-05-09 00:00:00.005
1620547200016,0.00029105,2021-05-09 08:00:00.016
1620576000000,0.00029309,2021-05-09 16:00:00.000
1620604800004,0.00015326,2021-05-10 00:00:00.004
1620633600000,0.00058046,2021-05-10 08:00:00.000
1620662400013,0.00096246,2021-05-10 16:00:00.013
1620691200000,0.0001,2021-05-11 00:00:00.000
1620720000000,0.0001,2021-05-11 08:00:00.000
1620748800002,0.0001,2021-05-11 16:00:00.002
1620777600004,0.0001,2021-05-12 00:00:00.004
1620806400007,0.0001,2021-05-12 08:00:00.007
1620835200012,0.0001,2021-05-12 16:00:00.012
1620864000016,-0.00021142,2021-05-13 00:00:00.016
1620892800000,0.0001,2021-05-13 08:00:00.000
1620921600008,-1.78e-05,2021-05-13 16:00:00.008
1620950400007,0.0001,2021-05-14 00:00:00.007
1620979200001,0.0001,2021-05-14 08:00:00.001
1621008000004,0.0001,2021-05-14 16:00:00.004
1621036800022,0.0001,2021-05-15 00:00:00.022
1621065600014,0.0001,2021-05-15 08:00:00.014
1621094400002,0.0001,2021-05-15 16:00:00.002
1621123200000,0.0001,2021-05-16 00:00:00.000
1621152000003,0.0001,2021-05-16 08:00:00.003
1621180800002,0.0001,2021-05-16 16:00:00.002
1621209600005,0.0001,2021-05-17 00:00:00.005
1621238400001,0.0001,2021-05-17 08:00:00.001
1621267200000,0.0001,2021-05-17 16:00:00.000
1621296000019,0.0001,2021-05-18 00:00:00.019
1621324800001,0.0001,2021-05-18 08:00:00.001
1621353600006,0.0001,2021-05-18 16:00:00.006
1621382400000,0.0001,2021-05-19 00:00:00.000
1621411200003,0.0001,2021-05-19 08:00:00.003
1621440000018,-0.00665814,2021-05-19 16:00:00.018
1621468800005,-0.00045159,2021-05-20 00:00:00.005
1621497600000,-0.00052826,2021-05-20 08:00:00.000
1621526400005,0.0001,2021-05-20 16:00:00.005
1621555200000,-0.00041861,2021-05-21 00:00:00.000
1621584000000,-0.0002404,2021-05-21 08:00:00.000
1621612800001,-0.00047207,2021-05-21 16:00:00.001
1621641600001,-0.00101368,2021-05-22 00:00:00.001
1621670400002,-0.00025381,2021-05-22 08:00:00.002
1621699200005,0.0001,2021-05-22 16:00:00.005
1621728000006,-0.00015764,2021-05-23 00:00:00.006
1621756800004,-6.758e-05,2021-05-23 08:00:00.004
1621785600002,-0.00045964,2021-05-23 16:00:00.002
1621814400007,-0.00036524,2021-05-24 00:00:00.007
1621843200005,-0.0004754,2021-05-24 08:00:00.005
1621872000005,-0.00038224,2021-05-24 16:00:00.005
1621900800000,-0.00041131,2021-05-25 00:00:00.000
1621929600014,-0.00079247,2021-05-25 08:00:00.014
1621958400000,-0.00048857,2021-05-25 16:00:00.000
1621987200022,-0.00054504,2021-05-26 00:00:00.022
1622016000018,-7.045e-05,2021-05-26 08:00:00.018
1622044800004,-0.0001792,2021-05-26 16:00:00.004
1622073600000,-0.00066061,2021-05-27 00:00:00.000
1622102400017,-0.00013162,2021-05-27 08:00:00.017
1622131200000,-0.00013268,2021-05-27 16:00:00.000
1622160000005,-2.146e-05,2021-05-28 00:00:00.005
1622188800009,-0.0002418,2021-05-28 08:00:00.009
1622217600000,0.0001,2021-05-28 16:00:00.000
1622246400006,-0.00018664,2021-05-29 00:00:00.006
1622275200000,6.147e-05,2021-05-29 08:00:00.000
1622304000000,0.0001,2021-05-29 16:00:00.000
1622332800003,-0.00043075,2021-05-30 00:00:00.003
1622361600004,8.65e-06,2021-05-30 08:00:00.004
1622390400018,0.0001,2021-05-30 16:00:00.018
1622419200002,5.1e-05,2021-05-31 00:00:00.002
1622448000000,0.0001,2021-05-31 08:00:00.000
1622476800000,0.0001,2021-05-31 16:00:00.000
1622505600001,0.0001,2021-06-01 00:00:00.001
1622534400010,0.0001,2021-06-01 08:00:00.010
1622563200010,0.0001,2021-06-01 16:00:00.010
1622592000008,0.0001,2021-06-02 00:00:00.008
1622620800000,0.0001,2021-06-02 08:00:00.000
1622649600007,0.0001,2021-06-02 16:00:00.007
1622678400019,0.0001,2021-06-03 00:00:00.019
1622707200002,0.0001,2021-06-03 08:00:00.002
1622736000003,0.0001,2021-06-03 16:00:00.003
1622764800003,0.0001,2021-06-04 00:00:00.003
1622793600006,0.0001,2021-06-04 08:00:00.006
1622822400002,0.0001,2021-06-04 16:00:00.002
1622851200000,0.0001,2021-06-05 00:00:00.000
1622880000004,0.0001,2021-06-05 08:00:00.004
1622908800020,0.0001,2021-06-05 16:00:00.020
1622937600000,0.0001,2021-06-06 00:00:00.000
1622966400004,0.0001,2021-06-06 08:00:00.004
1622995200000,0.0001,2021-06-06 16:00:00.000
1623024000007,0.0001,2021-06-07 00:00:00.007
1623052800007,0.0001,2021-06-07 08:00:00.007
1623081600003,0.0001,2021-06-07 16:00:00.003
1623110400000,0.0001,2021-06-08 00:00:00.000
1623139200000,0.0001,2021-06-08 08:00:00.000
1623168000002,3.71e-06,2021-06-08 16:00:00.002
1623196800009,-1.521e-05,2021-06-09 00:00:00.009
1623225600002,6.92e-06,2021-06-09 08:00:00.002
1623254400000,-0.00028011,2021-06-09 16:00:00.000
1623283200007,1.142e-05,2021-06-10 00:00:00.007
1623312000003,-1.549e-05,2021-06-10 08:00:00.003
1623340800000,0.0001,2021-06-10 16:00:00.000
1623369600010,0.0001,2021-06-11 00:00:00.010
1623398400007,0.0001,2021-06-11 08:00:00.007
1623427200006,0.0001,2021-06-11 16:00:00.006
1623456000005,9.161e-05,2021-06-12 00:00:00.005
1623484800000,-0.00021744,2021-06-12 08:00:00.000
1623513600018,-0.00010189,2021-06-12 16:00:00.018
1623542400002,0.0001,2021-06-13 00:00:00.002
1623571200000,0.0001,2021-06-13 08:00:00.000
1623600000003,-4.842e-05,2021-06-13 16:00:00.003
1623628800000,0.0001,2021-06-14 00:00:00.000
1623657600015,0.0001,2021-06-14 08:00:00.015
1623686400000,0.0001,2021-06-14 16:00:00.000
1623715200000,0.0001,2021-06-15 00:00:00.000
1623744000000,0.0001,2021-06-15 08:00:00.000
1623772800004,0.0001,2021-06-15 16:00:00.004
1623801600004,0.0001,2021-06-16 00:00:00.004
1623830400001,0.0001,2021-06-16 08:00:00.001
1623859200000,0.0001,2021-06-16 16:00:00.000
1623888000004,0.0001,2021-06-17 00:00:00.004
1623916800000,-0.00025387,2021-06-17 08:00:00.000
1623945600002,-0.00033707,2021-06-17 16:00:00.002
1623974400009,-4.726e-05,2021-06-18 00:00:00.009
1624003200014,0.0001,2021-06-18 08:00:00.014
1624032000007,0.0001,2021-06-18 16:00:00.007
1624060800003,0.0001,2021-06-19 00:00:00.003
1624089600001,0.0001,2021-06-19 08:00:00.001
1624118400000,0.0001,2021-06-19 16:00:00.000
1624147200005,0.0001,2021-06-20 00:00:00.005
1624176000000,-0.00027656,2021-06-20 08:00:00.000
1624204800002,-0.00032053,2021-06-20 16:00:00.002
1624233600019,0.0001,2021-06-21 00:00:00.019
1624262400000,0.0001,2021-06-21 08:00:00.000
1624291200024,-0.00020053,2021-06-21 16:00:00.024
1624320000008,-0.00016259,2021-06-22 00:00:00.008
1624348800009,-0.00041215,2021-06-22 08:00:00.009
1624377600001,-0.00024411,2021-06-22 16:00:00.001
1624406400003,-0.00086991,2021-06-23 00:00:00.003
1624435200000,-0.00104479,2021-06-23 08:00:00.000
1624464000000,-0.00094324,2021-06-23 16:00:00.000
1624492800009,-0.00117793,2021-06-24 00:00:00.009
1624521600018,-0.00038194,2021-06-24 08:00:00.018
1624550400001,-0.00052718,2021-06-24 16:00:00.001
1624579200009,-0.00042321,2021-06-25 00:00:00.009
1624608000004,7.138e-05,2021-06-25 08:00:00.004
1624636800000,0.0001,2021-06-25 16:00:00.000
1624665600007,-0.00022797,2021-06-26 00:00:00.007
1624694400000,-0.00026606,2021-06-26 08:00:00.000
1624723200002,-0.00020374,2021-06-26 16:00:00.002
1624752000005,6.176e-05,2021-06-27 00:00:00.005
1624780800010,-8.609e-05,2021-06-27 08:00:00.010
1624809600001,7.069e-05,2021-06-27 16:00:00.001
1624838400025,0.0001,2021-06-28 00:00:00.025
1624867200017,0.0001,2021-06-28 08:00:00.017
1624896000007,5.884e-05,2021-06-28 16:00:00.007
1624924800008,-0.00013423,2021-06-29 00:00:00.008
1624953600000,4.932e-05,2021-06-29 08:00:00.000
1624982400000,4.358e-05,2021-06-29 16:00:00.000
1625011200011,-7.481e-05,2021-06-30 00:00:00.011
1625040000044,-1.774e-05,2021-06-30 08:00:00.044
1625068800005,-8.927e-05,2021-06-30 16:00:00.005
1625097600000,0.0001,2021-07-01 00:00:00.000
1625126400004,0.0001,2021-07-01 08:00:00.004
1625155200028,-0.00013104,2021-07-01 16:00:00.028
1625184000002,-1.66e-06,2021-07-02 00:00:00.002
1625212800016,-2.8e-06,2021-07-02 08:00:00.016
1625241600007,-0.0001209,2021-07-02 16:00:00.007
1625270400008,0.0001,2021-07-03 00:00:00.008
1625299200000,5.526e-05,2021-07-03 08:00:00.000
1625328000004,0.0001,2021-07-03 16:00:00.004
1625356800012,7.825e-05,2021-07-04 00:00:00.012
1625385600002,-0.0001509,2021-07-04 08:00:00.002
1625414400003,0.0001,2021-07-04 16:00:00.003
1625443200004,-3.081e-05,2021-07-05 00:00:00.004
1625472000000,-8.978e-05,2021-07-05 08:00:00.000
1625500800009,9.771e-05,2021-07-05 16:00:00.009
1625529600008,0.0001,2021-07-06 00:00:00.008
1625558400019,0.0001,2021-07-06 08:00:00.019
1625587200000,0.0001,2021-07-06 16:00:00.000
1625616000007,0.0001,2021-07-07 00:00:00.007
1625644800001,0.0001,2021-07-07 08:00:00.001
1625673600008,0.0001,2021-07-07 16:00:00.008
1625702400002,-9.776e-05,2021-07-08 00:00:00.002
1625731200010,-0.00030165,2021-07-08 08:00:00.010
1625760000003,4.909e-05,2021-07-08 16:00:00.003
1625788800000,-0.00024204,2021-07-09 00:00:00.000
1625817600006,-0.00041044,2021-07-09 08:00:00.006
1625846400000,-0.00055025,2021-07-09 16:00:00.000
1625875200002,-0.00055486,2021-07-10 00:00:00.002
1625904000000,-0.00065412,2021-07-10 08:00:00.000
1625932800001,-5.084e-05,2021-07-10 16:00:00.001
1625961600001,-0.00053372,2021-07-11 00:00:00.001
1625990400025,-0.000552,2021-07-11 08:00:00.025
1626019200006,-0.00039085,2021-07-11 16:00:00.006
1626048000000,-4.326e-05,2021-07-12 00:00:00.000
1626076800021,0.0001,2021-07-12 08:00:00.021
1626105600000,0.0001,2021-07-12 16:00:00.000
1626134400000,-9.079e-05,2021-07-13 00:00:00.000
1626163200013,-8.68e-05,2021-07-13 08:00:00.013
1626192000005,0.0001,2021-07-13 16:00:00.005
1626220800000,-0.00016829,2021-07-14 00:00:00.000
1626249600000,-0.00015237,2021-07-14 08:00:00.000
1626278400005,6.181e-05,2021-07-14 16:00:00.005
1626307200005,5.32e-06,2021-07-15 00:00:00.005
1626336000001,-0.00010723,2021-07-15 08:00:00.001
1626364800000,0.0001,2021-07-15 16:00:00.000
1626393600000,0.0001,2021-07-16 00:00:00.000
1626422400000,2.036e-05,2021-07-16 08:00:00.000
1626451200001,-0.00014008,2021-07-16 16:00:00.001
1626480000004,-0.00022208,2021-07-17 00:00:00.004
1626508800009,-0.00021442,2021-07-17 08:00:00.009
1626537600006,-0.00015362,2021-07-17 16:00:00.006
1626566400000,5.984e-05,2021-07-18 00:00:00.000
1626595200001,1.772e-05,2021-07-18 08:00:00.001
1626624000003,3.29e-06,2021-07-18 16:00:00.003
1626652800002,0.0001,2021-07-19 00:00:00.002
1626681600006,0.0001,2021-07-19 08:00:00.006
1626710400006,5.648e-05,2021-07-19 16:00:00.006
1626739200002,-0.00013938,2021-07-20 00:00:00.002
1626768000011,-0.00033857,2021-07-20 08:00:00.011
1626796800001,-0.00027516,2021-07-20 16:00:00.001
1626825600022,-0.00013969,2021-07-21 00:00:00.022
1626854400000,-5.847e-05,2021-07-21 08:00:00.000
1626883200018,-0.00010224,2021-07-21 16:00:00.018
1626912000002,-0.00016223,2021-07-22 00:00:00.002
1626940800006,-5.71e-05,2021-07-22 08:00:00.006
1626969600010,-0.00032437,2021-07-22 16:00:00.010
1626998400013,0.0001,2021-07-23 00:00:00.013
1627027200000,3.96e-05,2021-07-23 08:00:00.000
1627056000005,-0.00011543,2021-07-23 16:00:00.005
1627084800000,0.0001,2021-07-24 00:00:00.000
1627113600002,0.0001,2021-07-24 08:00:00.002
1627142400001,0.0001,2021-07-24 16:00:00.001
1627171200003,0.0001,2021-07-25 00:00:00.003
1627200000015,0.0001,2021-07-25 08:00:00.015
1627228800000,0.0001,2021-07-25 16:00:00.000
1627257600000,0.0001,2021-07-26 00:00:00.000
1627286400000,0.0001,2021-07-26 08:00:00.000
1627315200000,0.0001,2021-07-26 16:00:00.000
1627344000046,0.0001,2021-07-27 00:00:00.046
1627372800014,0.0001,2021-07-27 08:00:00.014
1627401600007,0.0001,2021-07-27 16:00:00.007
1627430400000,0.0001,2021-07-28 00:00:00.000
1627459200002,0.0001,2021-07-28 08:00:00.002
1627488000005,0.0001,2021-07-28 16:00:00.005
1627516800004,0.0001,2021-07-29 00:00:00.004
1627545600000,0.0001,2021-07-29 08:00:00.000
1627574400007,0.0001,2021-07-29 16:00:00.007
1627603200004,0.0001,2021-07-30 00:00:00.004
1627632000000,0.0001,2021-07-30 08:00:00.000
1627660800000,0.0001,2021-07-30 16:00:00.000
1627689600000,0.0001,2021-07-31 00:00:00.000
1627718400014,0.0001,2021-07-31 08:00:00.014
1627747200003,0.0001,2021-07-31 16:00:00.003
1627776000005,0.0001,2021-08-01 00:00:00.005
1627804800016,0.0001,2021-08-01 08:00:00.016
1627833600001,0.0001,2021-08-01 16:00:00.001
1627862400000,0.0001,2021-08-02 00:00:00.000
1627891200014,0.0001,2021-08-02 08:00:00.014
1627920000021,0.0001,2021-08-02 16:00:00.021
1627948800000,0.0001,2021-08-03 00:00:00.000
1627977600000,0.0001,2021-08-03 08:00:00.000
1628006400009,0.0001,2021-08-03 16:00:00.009
1628035200000,0.0001,2021-08-04 00:00:00.000
1628064000000,0.0001,2021-08-04 08:00:00.000
1628092800003,0.0001,2021-08-04 16:00:00.003
1628121600000,0.0001,2021-08-05 00:00:00.000
1628150400000,0.0001,2021-08-05 08:00:00.000
1628179200001,0.0001,2021-08-05 16:00:00.001
1628208000000,0.0001,2021-08-06 00:00:00.000
1628236800004,0.0001,2021-08-06 08:00:00.004
1628265600003,0.0001,2021-08-06 16:00:00.003
1628294400015,0.0001,2021-08-07 00:00:00.015
1628323200001,0.0001,2021-08-07 08:00:00.001
1628352000002,0.00010469,2021-08-07 16:00:00.002
1628380800000,0.0001,2021-08-08 00:00:00.000
1628409600002,0.0001,2021-08-08 08:00:00.002
1628438400018,0.0001,2021-08-08 16:00:00.018
1628467200000,0.0001,2021-08-09 00:00:00.000
1628496000000,0.0001,2021-08-09 08:00:00.000
1628524800002,0.0001,2021-08-09 16:00:00.002
1628553600000,0.0001,2021-08-10 00:00:00.000
1628582400003,0.0001,2021-08-10 08:00:00.003
1628611200000,0.00012111,2021-08-10 16:00:00.000
1628640000006,0.00010535,2021-08-11 00:00:00.006
1628668800003,0.00054861,2021-08-11 08:00:00.003
1628697600000,0.00040177,2021-08-11 16:00:00.000
1628726400013,0.00049663,2021-08-12 00:00:00.013
1628755200001,0.00027487,2021-08-12 08:00:00.001
1628784000000,0.00032268,2021-08-12 16:00:00.000
1628812800000,0.0001,2021-08-13 00:00:00.000
1628841600000,0.0001,2021-08-13 08:00:00.000
1628870400002,0.0001,2021-08-13 16:00:00.002
1628899200006,0.0001,2021-08-14 00:00:00.006
1628928000000,0.0001,2021-08-14 08:00:00.000
1628956800000,-0.00040324,2021-08-14 16:00:00.000
1628985600003,0.0001,2021-08-15 00:00:00.003
1629014400000,0.00025888,2021-08-15 08:00:00.000
1629043200007,0.00022416,2021-08-15 16:00:00.007
1629072000012,0.00033776,2021-08-16 00:00:00.012
1629100800003,0.00094208,2021-08-16 08:00:00.003
1629129600010,0.00063507,2021-08-16 16:00:00.010
1629158400018,0.000148,2021-08-17 00:00:00.018
1629187200015,0.00019691,2021-08-17 08:00:00.015
1629216000006,0.00040028,2021-08-17 16:00:00.006
1629244800000,0.0001,2021-08-18 00:00:00.000
1629273600000,0.0001,2021-08-18 08:00:00.000
1629302400011,0.0001,2021-08-18 16:00:00.011
1629331200000,0.0001,2021-08-19 00:00:00.000
1629360000014,0.0001,2021-08-19 08:00:00.014
1629388800000,0.0001,2021-08-19 16:00:00.000
1629417600000,0.0001,2021-08-20 00:00:00.000
1629446400001,0.00021491,2021-08-20 08:00:00.001
1629475200001,0.00033824,2021-08-20 16:00:00.001
1629504000005,0.0001,2021-08-21 00:00:00.005
1629532800001,0.0003917,2021-08-21 08:00:00.001
1629561600000,0.00032712,2021-08-21 16:00:00.000
1629590400005,0.0001,2021-08-22 00:00:00.005
1629619200007,0.00031062,2021-08-22 08:00:00.007
1629648000002,0.00018639,2021-08-22 16:00:00.002
1629676800003,0.0001,2021-08-23 00:00:00.003
1629705600005,0.00073249,2021-08-23 08:00:00.005
1629734400002,0.00020245,2021-08-23 16:00:00.002
1629763200006,0.00030871,2021-08-24 00:00:00.006
1629792000004,0.00068207,2021-08-24 08:00:00.004
1629820800000,0.00019596,2021-08-24 16:00:00.000
1629849600015,0.0001,2021-08-25 00:00:00.015
1629878400000,0.0001,2021-08-25 08:00:00.000
1629907200000,0.0001,2021-08-25 16:00:00.000
1629936000001,0.0001,2021-08-26 00:00:00.001
1629964800016,0.0001,2021-08-26 08:00:00.016
1629993600004,0.0001,2021-08-26 16:00:00.004
1630022400013,0.0001,2021-08-27 00:00:00.013
1630051200001,0.0001,2021-08-27 08:00:00.001
1630080000004,0.0001,2021-08-27 16:00:00.004
1630108800000,0.0001,2021-08-28 00:00:00.000
1630137600000,0.0001,2021-08-28 08:00:00.000
1630166400000,0.0001,2021-08-28 16:00:00.000
1630195200000,0.0001,2021-08-29 00:00:00.000
1630224000002,0.0001,2021-08-29 08:00:00.002
1630252800005,0.0001,2021-08-29 16:00:00.005
1630281600013,0.0001,2021-08-30 00:00:00.013
1630310400008,0.0001,2021-08-30 08:00:00.008
1630339200000,0.00027917,2021-08-30 16:00:00.000
1630368000000,0.0001,2021-08-31 00:00:00.000
1630396800007,0.0001,2021-08-31 08:00:00.007
1630425600003,0.0001,2021-08-31 16:00:00.003
1630454400000,0.0001,2021-09-01 00:00:00.000
1630483200006,-0.0001217,2021-09-01 08:00:00.006
1630512000000,-6.145e-05,2021-09-01 16:00:00.000
1630540800009,-0.00088024,2021-09-02 00:00:00.009
1630569600006,-0.00088514,2021-09-02 08:00:00.006
1630598400007,0.0001,2021-09-02 16:00:00.007
1630627200011,0.00034556,2021-09-03 00:00:00.011
1630656000000,0.00014206,2021-09-03 08:00:00.000
1630684800002,0.0001,2021-09-03 16:00:00.002
1630713600003,0.0001,2021-09-04 00:00:00.003
1630742400008,0.0003995,2021-09-04 08:00:00.008
1630771200009,0.0001277,2021-09-04 16:00:00.009
1630800000002,0.00010818,2021-09-05 00:00:00.002
1630828800002,0.00021271,2021-09-05 08:00:00.002
1630857600000,0.00067322,2021-09-05 16:00:00.000
1630886400003,0.00044429,2021-09-06 00:00:00.003
1630915200008,0.00071874,2021-09-06 08:00:00.008
1630944000009,0.00012913,2021-09-06 16:00:00.009
1630972800004,0.0001,2021-09-07 00:00:00.004
1631001600002,0.00026552,2021-09-07 08:00:00.002
1631030400001,-0.00401687,2021-09-07 16:00:00.001
1631059200005,4.393e-05,2021-09-08 00:00:00.005
1631088000000,0.0001,2021-09-08 08:00:00.000
1631116800000,0.0001,2021-09-08 16:00:00.000
1631145600006,0.0001,2021-09-09 00:00:00.006
1631174400014,0.0001,2021-09-09 08:00:00.014
1631203200002,0.0001,2021-09-09 16:00:00.002
1631232000001,0.0001,2021-09-10 00:00:00.001
1631260800018,0.0001,2021-09-10 08:00:00.018
1631289600006,0.0001,2021-09-10 16:00:00.006
1631318400000,0.0001,2021-09-11 00:00:00.000
1631347200001,0.0001,2021-09-11 08:00:00.001
1631376000000,0.0001,2021-09-11 16:00:00.000
1631404800000,0.0001,2021-09-12 00:00:00.000
1631433600002,0.0001,2021-09-12 08:00:00.002
1631462400000,0.0001,2021-09-12 16:00:00.000
1631491200000,0.0001,2021-09-13 00:00:00.000
1631520000007,0.0001,2021-09-13 08:00:00.007
1631548800005,0.0001,2021-09-13 16:00:00.005
1631577600002,0.0001,2021-09-14 00:00:00.002
1631606400000,0.0001,2021-09-14 08:00:00.000
1631635200007,0.0001,2021-09-14 16:00:00.007
1631664000012,0.0001,2021-09-15 00:00:00.012
1631692800003,0.0001,2021-09-15 08:00:00.003
1631721600006,0.0001,2021-09-15 16:00:00.006
1631750400008,0.0001,2021-09-16 00:00:00.008
1631779200005,0.0001,2021-09-16 08:00:00.005
1631808000002,0.0001,2021-09-16 16:00:00.002
1631836800000,0.0001,2021-09-17 00:00:00.000
1631865600047,0.0001,2021-09-17 08:00:00.047
1631894400013,0.0001,2021-09-17 16:00:00.013
1631923200000,0.0001,2021-09-18 00:00:00.000
1631952000010,0.0001,2021-09-18 08:00:00.010
1631980800005,0.0001,2021-09-18 16:00:00.005
1632009600006,0.0001,2021-09-19 00:00:00.006
1632038400015,0.0001,2021-09-19 08:00:00.015
1632067200007,0.0001,2021-09-19 16:00:00.007
1632096000018,0.0001,2021-09-20 00:00:00.018
1632124800000,0.0001,2021-09-20 08:00:00.000
1632153600005,0.0001,2021-09-20 16:00:00.005
1632182400005,0.0001,2021-09-21 00:00:00.005
1632211200007,0.0001,2021-09-21 08:00:00.007
1632240000000,0.0001,2021-09-21 16:00:00.000
1632268800005,0.0001,2021-09-22 00:00:00.005
1632297600006,0.0001,2021-09-22 08:00:00.006
1632326400000,4.012e-05,2021-09-22 16:00:00.000
1632355200003,8.92e-05,2021-09-23 00:00:00.003
1632384000000,0.0001,2021-09-23 08:00:00.000
1632412800007,0.0001,2021-09-23 16:00:00.007
1632441600000,0.0001,2021-09-24 00:00:00.000
1632470400017,8.743e-05,2021-09-24 08:00:00.017
1632499200000,0.0001,2021-09-24 16:00:00.000
1632528000007,0.0001,2021-09-25 00:00:00.007
1632556800002,0.0001,2021-09-25 08:00:00.002
1632585600004,0.0001,2021-09-25 16:00:00.004
1632614400013,0.0001,2021-09-26 00:00:00.013
1632643200000,0.0001,2021-09-26 08:00:00.000
1632672000005,5.854e-05,2021-09-26 16:00:00.005
1632700800000,0.0001,2021-09-27 00:00:00.000
1632729600001,0.0001,2021-09-27 08:00:00.001
1632758400000,0.0001,2021-09-27 16:00:00.000
1632787200000,0.0001,2021-09-28 00:00:00.000
1632816000014,0.0001,2021-09-28 08:00:00.014
1632844800000,0.0001,2021-09-28 16:00:00.000
1632873600000,-7.871e-05,2021-09-29 00:00:00.000
1632902400002,-0.0001379,2021-09-29 08:00:00.002
1632931200000,0.0001,2021-09-29 16:00:00.000
1632960000000,-1.565e-05,2021-09-30 00:00:00.000
1632988800004,0.0001,2021-09-30 08:00:00.004
1633017600005,0.0001,2021-09-30 16:00:00.005
1633046400012,0.0001,2021-10-01 00:00:00.012
1633075200008,0.0001,2021-10-01 08:00:00.008
1633104000000,0.0001,2021-10-01 16:00:00.000
1633132800000,0.0001,2021-10-02 00:00:00.000
1633161600002,0.0001,2021-10-02 08:00:00.002
1633190400011,0.0001,2021-10-02 16:00:00.011
1633219200019,0.0001,2021-10-03 00:00:00.019
1633248000011,0.0001,2021-10-03 08:00:00.011
1633276800004,0.0001,2021-10-03 16:00:00.004
1633305600004,0.0001,2021-10-04 00:00:00.004
1633334400000,0.0001,2021-10-04 08:00:00.000
1633363200000,0.0001,2021-10-04 16:00:00.000
1633392000007,0.0001,2021-10-05 00:00:00.007
1633420800007,0.0001,2021-10-05 08:00:00.007
1633449600004,0.0001,2021-10-05 16:00:00.004
1633478400002,0.0001,2021-10-06 00:00:00.002
1633507200000,0.0001,2021-10-06 08:00:00.000
1633536000003,0.0001,2021-10-06 16:00:00.003
1633564800007,0.0001,2021-10-07 00:00:00.007
1633593600002,0.0001,2021-10-07 08:00:00.002
1633622400000,0.0001,2021-10-07 16:00:00.000
1633651200011,0.0001,2021-10-08 00:00:00.011
1633680000003,0.0001,2021-10-08 08:00:00.003
1633708800002,0.0001,2021-10-08 16:00:00.002
1633737600006,0.0001,2021-10-09 00:00:00.006
1633766400003,0.0001,2021-10-09 08:00:00.003
1633795200000,0.0001,2021-10-09 16:00:00.000
1633824000000,0.0001,2021-10-10 00:00:00.000
1633852800008,0.0001,2021-10-10 08:00:00.008
1633881600000,0.0001,2021-10-10 16:00:00.000
1633910400002,0.0001,2021-10-11 00:00:00.002
1633939200001,0.0001,2021-10-11 08:00:00.001
1633968000006,0.0001,2021-10-11 16:00:00.006
1633996800008,0.0001,2021-10-12 00:00:00.008
1634025600013,-0.00040494,2021-10-12 08:00:00.013
1634054400003,0.0001,2021-10-12 16:00:00.003
1634083200003,0.0001,2021-10-13 00:00:00.003
1634112000015,0.0001,2021-10-13 08:00:00.015
1634140800000,0.0001,2021-10-13 16:00:00.000
1634169600011,0.0001,2021-10-14 00:00:00.011
1634198400017,0.0001,2021-10-14 08:00:00.017
1634227200000,0.0001,2021-10-14 16:00:00.000
1634256000005,0.0001,2021-10-15 00:00:00.005
1634284800002,0.00018471,2021-10-15 08:00:00.002
1634313600005,0.00030258,2021-10-15 16:00:00.005
1634342400009,0.00027191,2021-10-16 00:00:00.009
1634371200000,0.00046473,2021-10-16 08:00:00.000
1634400000003,0.00018825,2021-10-16 16:00:00.003
1634428800001,0.00017672,2021-10-17 00:00:00.001
1634457600002,0.00011311,2021-10-17 08:00:00.002
1634486400002,0.00023899,2021-10-17 16:00:00.002
1634515200006,0.0001,2021-10-18 00:00:00.006
1634544000004,0.00015286,2021-10-18 08:00:00.004
1634572800001,0.00015202,2021-10-18 16:00:00.001
1634601600002,0.0001,2021-10-19 00:00:00.002
1634630400000,0.00015092,2021-10-19 08:00:00.000
1634659200000,0.00018079,2021-10-19 16:00:00.000
1634688000017,0.0001,2021-10-20 00:00:00.017
1634716800004,0.00013326,2021-10-20 08:00:00.004
1634745600020,0.00050407,2021-10-20 16:00:00.020
1634774400000,0.00034866,2021-10-21 00:00:00.000
1634803200000,0.00049924,2021-10-21 08:00:00.000
1634832000008,0.00052417,2021-10-21 16:00:00.008
1634860800005,0.0001,2021-10-22 00:00:00.005
1634889600005,0.0001,2021-10-22 08:00:00.005
1634918400018,0.00016861,2021-10-22 16:00:00.018
1634947200005,0.00015195,2021-10-23 00:00:00.005
1634976000001,0.00036131,2021-10-23 08:00:00.001
1635004800004,0.00038606,2021-10-23 16:00:00.004
1635033600006,0.00045683,2021-10-24 00:00:00.006
1635062400012,0.00063314,2021-10-24 08:00:00.012
1635091200001,0.00051438,2021-10-24 16:00:00.001
1635120000012,0.00012306,2021-10-25 00:00:00.012
1635148800002,0.00047409,2021-10-25 08:00:00.002
1635177600022,0.00052241,2021-10-25 16:00:00.022
1635206400005,0.00060652,2021-10-26 00:00:00.005
1635235200016,0.00085432,2021-10-26 08:00:00.016
1635264000000,0.00062523,2021-10-26 16:00:00.000
1635292800004,0.00056559,2021-10-27 00:00:00.004
1635321600000,0.00062464,2021-10-27 08:00:00.000
1635350400002,0.0001,2021-10-27 16:00:00.002
1635379200002,0.0001,2021-10-28 00:00:00.002
1635408000000,0.0001,2021-10-28 08:00:00.000
1635436800005,0.0001,2021-10-28 16:00:00.005
1635465600000,0.0001,2021-10-29 00:00:00.000
1635494400007,0.0001,2021-10-29 08:00:00.007
1635523200001,0.0001,2021-10-29 16:00:00.001
1635552000000,0.0001,2021-10-30 00:00:00.000
1635580800001,0.00033444,2021-10-30 08:00:00.001
1635609600013,0.0001,2021-10-30 16:00:00.013
1635638400008,0.0001,2021-10-31 00:00:00.008
1635667200010,0.00020175,2021-10-31 08:00:00.010
1635696000001,0.0001,2021-10-31 16:00:00.001
1635724800009,0.0001,2021-11-01 00:00:00.009
1635753600014,0.0001,2021-11-01 08:00:00.014
1635782400001,0.0001,2021-11-01 16:00:00.001
1635811200000,0.00014274,2021-11-02 00:00:00.000
1635840000007,0.00063906,2021-11-02 08:00:00.007
1635868800010,0.00053708,2021-11-02 16:00:00.010
1635897600019,0.00043357,2021-11-03 00:00:00.019
1635926400000,0.00071815,2021-11-03 08:00:00.000
1635955200005,0.00022649,2021-11-03 16:00:00.005
1635984000006,0.00023287,2021-11-04 00:00:00.006
1636012800004,0.00062163,2021-11-04 08:00:00.004
1636041600004,0.00050917,2021-11-04 16:00:00.004
1636070400000,0.00029543,2021-11-05 00:00:00.000
1636099200013,0.00058281,2021-11-05 08:00:00.013
1636128000016,0.00034248,2021-11-05 16:00:00.016
1636156800010,0.0001,2021-11-06 00:00:00.010
1636185600000,0.00057921,2021-11-06 08:00:00.000
1636214400007,0.00014193,2021-11-06 16:00:00.007
1636243200013,0.00042887,2021-11-07 00:00:00.013
1636272000005,0.00055242,2021-11-07 08:00:00.005
1636300800004,0.00056683,2021-11-07 16:00:00.004
1636329600001,0.00075418,2021-11-08 00:00:00.001
1636358400000,0.00066286,2021-11-08 08:00:00.000
1636387200000,0.00062319,2021-11-08 16:00:00.000
1636416000000,0.00057885,2021-11-09 00:00:00.000
1636444800014,0.00103467,2021-11-09 08:00:00.014
1636473600001,0.00052784,2021-11-09 16:00:00.001
1636502400000,0.00059119,2021-11-10 00:00:00.000
1636531200003,0.00051726,2021-11-10 08:00:00.003
1636560000001,0.00074368,2021-11-10 16:00:00.001
1636588800008,0.0001,2021-11-11 00:00:00.008
1636617600012,0.0001,2021-11-11 08:00:00.012
1636646400007,0.0001,2021-11-11 16:00:00.007
1636675200000,0.0001,2021-11-12 00:00:00.000
1636704000000,0.0001,2021-11-12 08:00:00.000
1636732800004,0.0001,2021-11-12 16:00:00.004
1636761600000,0.00021619,2021-11-13 00:00:00.000
1636790400004,0.0001,2021-11-13 08:00:00.004
1636819200006,0.0001343,2021-11-13 16:00:00.006
1636848000010,0.00026656,2021-11-14 00:00:00.010
1636876800001,0.00030386,2021-11-14 08:00:00.001
1636905600000,0.00030791,2021-11-14 16:00:00.000
1636934400008,0.00026116,2021-11-15 00:00:00.008
1636963200000,0.00051258,2021-11-15 08:00:00.000
1636992000000,0.00020436,2021-11-15 16:00:00.000
1637020800000,0.0002671,2021-11-16 00:00:00.000
1637049600001,0.0001,2021-11-16 08:00:00.001
1637078400018,0.0001,2021-11-16 16:00:00.018
1637107200005,0.0001,2021-11-17 00:00:00.005
1637136000007,0.0001,2021-11-17 08:00:00.007
1637164800003,0.0001,2021-11-17 16:00:00.003
1637193600017,0.0001,2021-11-18 00:00:00.017
1637222400007,0.0001,2021-11-18 08:00:00.007
1637251200011,0.0001,2021-11-18 16:00:00.011
1637280000000,0.0001,2021-11-19 00:00:00.000
1637308800000,0.0001,2021-11-19 08:00:00.000
1637337600005,0.0001,2021-11-19 16:00:00.005
1637366400012,0.0001,2021-11-20 00:00:00.012
1637395200000,0.0001,2021-11-20 08:00:00.000
1637424000007,0.0001,2021-11-20 16:00:00.007
1637452800000,0.0001,2021-11-21 00:00:00.000
1637481600006,0.0001,2021-11-21 08:00:00.006
1637510400000,0.00011443,2021-11-21 16:00:00.000
1637539200004,0.0001,2021-11-22 00:00:00.004
1637568000000,0.0001,2021-11-22 08:00:00.000
1637596800000,0.0001,2021-11-22 16:00:00.000
1637625600004,0.0001,2021-11-23 00:00:00.004
1637654400010,0.0001,2021-11-23 08:00:00.010
1637683200005,0.0001565,2021-11-23 16:00:00.005
1637712000001,0.00022152,2021-11-24 00:00:00.001
1637740800003,0.00033986,2021-11-24 08:00:00.003
1637769600010,0.00027583,2021-11-24 16:00:00.010
1637798400000,0.0003009,2021-11-25 00:00:00.000
1637827200010,0.0005419,2021-11-25 08:00:00.010
1637856000000,0.0004358,2021-11-25 16:00:00.000
1637884800000,0.00045834,2021-11-26 00:00:00.000
1637913600000,0.00025894,2021-11-26 08:00:00.000
1637942400016,0.0001,2021-11-26 16:00:00.016
1637971200005,0.0001,2021-11-27 00:00:00.005
1638000000008,0.0001,2021-11-27 08:00:00.008
1638028800007,0.0001,2021-11-27 16:00:00.007
1638057600018,0.0001,2021-11-28 00:00:00.018
1638086400000,0.0001,2021-11-28 08:00:00.000
1638115200004,0.0001,2021-11-28 16:00:00.004
1638144000002,0.0001,2021-11-29 00:00:00.002
1638172800004,0.0001,2021-11-29 08:00:00.004
1638201600000,0.0001,2021-11-29 16:00:00.000
1638230400000,0.0001,2021-11-30 00:00:00.000
1638259200006,0.0001,2021-11-30 08:00:00.006
1638288000000,0.0001,2021-11-30 16:00:00.000
1638316800000,0.0001,2021-12-01 00:00:00.000
1638345600000,0.0001,2021-12-01 08:00:00.000
1638374400001,0.0001,2021-12-01 16:00:00.001
1638403200000,0.0001,2021-12-02 00:00:00.000
1638432000007,0.0001,2021-12-02 08:00:00.007
1638460800008,0.0001,2021-12-02 16:00:00.008
1638489600004,0.0001,2021-12-03 00:00:00.004
1638518400002,0.0001,2021-12-03 08:00:00.002
1638547200006,0.0001,2021-12-03 16:00:00.006
1638576000006,0.0001,2021-12-04 00:00:00.006
1638604800004,-1.997e-05,2021-12-04 08:00:00.004
1638633600000,4.439e-05,2021-12-04 16:00:00.000
1638662400003,-0.00023943,2021-12-05 00:00:00.003
1638691200008,-3.83e-05,2021-12-05 08:00:00.008
1638720000007,5.324e-05,2021-12-05 16:00:00.007
1638748800009,-0.00015223,2021-12-06 00:00:00.009
1638777600001,-0.00026009,2021-12-06 08:00:00.001
1638806400000,-3.269e-05,2021-12-06 16:00:00.000
1638835200018,6.739e-05,2021-12-07 00:00:00.018
1638864000000,0.0001,2021-12-07 08:00:00.000
1638892800000,8e-05,2021-12-07 16:00:00.000
1638921600000,1.185e-05,2021-12-08 00:00:00.000
1638950400018,0.0001,2021-12-08 08:00:00.018
1638979200010,0.0001,2021-12-08 16:00:00.010
1639008000010,0.0001,2021-12-09 00:00:00.010
1639036800000,0.0001,2021-12-09 08:00:00.000
1639065600000,0.0001,2021-12-09 16:00:00.000
1639094400000,0.0001,2021-12-10 00:00:00.000
1639123200008,0.0001,2021-12-10 08:00:00.008
1639152000012,0.0001,2021-12-10 16:00:00.012
1639180800009,0.0001,2021-12-11 00:00:00.009
1639209600008,0.0001,2021-12-11 08:00:00.008
1639238400000,0.0001,2021-12-11 16:00:00.000
1639267200001,0.0001,2021-12-12 00:00:00.001
1639296000015,0.0001,2021-12-12 08:00:00.015
1639324800011,-1.55e-05,2021-12-12 16:00:00.011
1639353600006,-1.801e-05,2021-12-13 00:00:00.006
1639382400019,0.0001,2021-12-13 08:00:00.019
1639411200000,-7.72e-05,2021-12-13 16:00:00.000
1639440000004,0.0001,2021-12-14 00:00:00.004
1639468800000,0.0001,2021-12-14 08:00:00.000
1639497600015,6.802e-05,2021-12-14 16:00:00.015
1639526400000,-9.655e-05,2021-12-15 00:00:00.000
1639555200008,-0.00055474,2021-12-15 08:00:00.008
1639584000005,-0.00013009,2021-12-15 16:00:00.005
1639612800006,-0.00012109,2021-12-16 00:00:00.006
1639641600009,0.0001,2021-12-16 08:00:00.009
1639670400000,-1.816e-05,2021-12-16 16:00:00.000
1639699200000,0.0001,2021-12-17 00:00:00.000
1639728000005,-1.738e-05,2021-12-17 08:00:00.005
1639756800006,-0.00016718,2021-12-17 16:00:00.006
1639785600014,1.87e-05,2021-12-18 00:00:00.014
1639814400012,0.0001,2021-12-18 08:00:00.012
1639843200000,-0.0001949,2021-12-18 16:00:00.000
1639872000031,-0.00011355,2021-12-19 00:00:00.031
1639900800000,0.0001,2021-12-19 08:00:00.000
1639929600003,0.0001,2021-12-19 16:00:00.003
1639958400015,0.0001,2021-12-20 00:00:00.015
1639987200007,0.0001,2021-12-20 08:00:00.007
1640016000005,0.0001,2021-12-20 16:00:00.005
1640044800003,0.0001,2021-12-21 00:00:00.003
1640073600012,-7.13e-06,2021-12-21 08:00:00.012
1640102400005,6.55e-06,2021-12-21 16:00:00.005
1640131200000,0.0001,2021-12-22 00:00:00.000
1640160000001,0.0001,2021-12-22 08:00:00.001
1640188800006,0.0001,2021-12-22 16:00:00.006
1640217600011,0.0001,2021-12-23 00:00:00.011
1640246400000,0.0001,2021-12-23 08:00:00.000
1640275200000,0.0001,2021-12-23 16:00:00.000
1640304000005,0.0001,2021-12-24 00:00:00.005
1640332800000,0.0001,2021-12-24 08:00:00.000
1640361600011,0.0001,2021-12-24 16:00:00.011
1640390400000,0.0001,2021-12-25 00:00:00.000
1640419200001,0.0001,2021-12-25 08:00:00.001
1640448000005,0.0001,2021-12-25 16:00:00.005
1640476800004,0.0001,2021-12-26 00:00:00.004
1640505600002,0.0001,2021-12-26 08:00:00.002
1640534400000,0.0001,2021-12-26 16:00:00.000
1640563200002,0.0001,2021-12-27 00:00:00.002
1640592000005,0.0001,2021-12-27 08:00:00.005
1640620800000,0.0001,2021-12-27 16:00:00.000
1640649600000,0.0001,2021-12-28 00:00:00.000
1640678400012,0.0001,2021-12-28 08:00:00.012
1640707200000,0.0001,2021-12-28 16:00:00.000
1640736000006,0.0001,2021-12-29 00:00:00.006
1640764800003,0.0001,2021-12-29 08:00:00.003
1640793600004,0.0001,2021-12-29 16:00:00.004
1640822400003,0.0001,2021-12-30 00:00:00.003
1640851200001,0.0001,2021-12-30 08:00:00.001
1640880000017,0.0001,2021-12-30 16:00:00.017
1640908800006,0.0001,2021-12-31 00:00:00.006
1640937600009,0.0001,2021-12-31 08:00:00.009
1640966400000,0.0001,2021-12-31 16:00:00.000
1640995200006,0.0001,2022-01-01 00:00:00.006
1641024000009,0.0001,2022-01-01 08:00:00.009
1641052800000,0.0001,2022-01-01 16:00:00.000
1641081600028,0.0001,2022-01-02 00:00:00.028
1641110400000,0.0001,2022-01-02 08:00:00.000
1641139200000,0.0001,2022-01-02 16:00:00.000
1641168000010,0.0001,2022-01-03 00:00:00.010
1641196800013,0.0001,2022-01-03 08:00:00.013
1641225600018,0.0001,2022-01-03 16:00:00.018
1641254400000,0.0001,2022-01-04 00:00:00.000
1641283200010,0.0001,2022-01-04 08:00:00.010
1641312000002,0.0001,2022-01-04 16:00:00.002
1641340800001,0.0001,2022-01-05 00:00:00.001
1641369600017,0.0001,2022-01-05 08:00:00.017
1641398400000,0.0001,2022-01-05 16:00:00.000
1641427200002,0.0001,2022-01-06 00:00:00.002
1641456000021,0.0001,2022-01-06 08:00:00.021
1641484800006,0.0001,2022-01-06 16:00:00.006
1641513600005,0.0001,2022-01-07 00:00:00.005
1641542400000,0.0001,2022-01-07 08:00:00.000
1641571200001,0.0001,2022-01-07 16:00:00.001
1641600000014,0.0001,2022-01-08 00:00:00.014
1641628800013,0.0001,2022-01-08 08:00:00.013
1641657600000,0.0001,2022-01-08 16:00:00.000
1641686400003,0.0001,2022-01-09 00:00:00.003
1641715200000,0.0001,2022-01-09 08:00:00.000
1641744000000,0.0001,2022-01-09 16:00:00.000
1641772800000,0.0001,2022-01-10 00:00:00.000
1641801600010,0.0001,2022-01-10 08:00:00.010
1641830400007,0.0001,2022-01-10 16:00:00.007
1641859200013,-6.377e-05,2022-01-11 00:00:00.013
1641888000004,0.0001,2022-01-11 08:00:00.004
1641916800000,0.0001,2022-01-11 16:00:00.000
1641945600012,0.0001,2022-01-12 00:00:00.012
1641974400015,0.0001,2022-01-12 08:00:00.015
1642003200000,0.0001,2022-01-12 16:00:00.000
1642032000007,0.0001,2022-01-13 00:00:00.007
1642060800000,0.0001,2022-01-13 08:00:00.000
1642089600014,0.0001,2022-01-13 16:00:00.014
1642118400000,0.0001,2022-01-14 00:00:00.000
1642147200006,0.0001,2022-01-14 08:00:00.006
1642176000014,0.0001,2022-01-14 16:00:00.014
1642204800000,0.0001,2022-01-15 00:00:00.000
1642233600002,0.0001,2022-01-15 08:00:00.002
1642262400000,0.0001,2022-01-15 16:00:00.000
1642291200000,0.0001,2022-01-16 00:00:00.000
1642320000017,0.0001,2022-01-16 08:00:00.017
1642348800011,0.0001,2022-01-16 16:00:00.011
1642377600005,0.0001,2022-01-17 00:00:00.005
1642406400006,0.0001,2022-01-17 08:00:00.006
1642435200012,0.0001,2022-01-17 16:00:00.012
1642464000020,0.0001,2022-01-18 00:00:00.020
1642492800000,0.0001,2022-01-18 08:00:00.000
1642521600013,0.0001,2022-01-18 16:00:00.013
1642550400001,0.0001,2022-01-19 00:00:00.001
1642579200000,0.0001,2022-01-19 08:00:00.000
1642608000000,0.0001,2022-01-19 16:00:00.000
1642636800015,0.0001,2022-01-20 00:00:00.015
1642665600000,0.0001,2022-01-20 08:00:00.000
1642694400000,0.0001,2022-01-20 16:00:00.000
1642723200007,0.0001,2022-01-21 00:00:00.007
1642752000015,0.0001,2022-01-21 08:00:00.015
1642780800000,0.0001,2022-01-21 16:00:00.000
1642809600017,0.0001,2022-01-22 00:00:00.017
1642838400003,0.0001,2022-01-22 08:00:00.003
1642867200021,-8.349e-05,2022-01-22 16:00:00.021
1642896000026,-9.865e-05,2022-01-23 00:00:00.026
1642924800010,-0.00011126,2022-01-23 08:00:00.010
1642953600009,-1.929e-05,2022-01-23 16:00:00.009
1642982400010,-1.193e-05,2022-01-24 00:00:00.010
1643011200000,-5.548e-05,2022-01-24 08:00:00.000
1643040000021,0.0001,2022-01-24 16:00:00.021
1643068800000,-0.00014176,2022-01-25 00:00:00.000
1643097600000,0.0001,2022-01-25 08:00:00.000
1643126400012,0.0001,2022-01-25 16:00:00.012
1643155200000,0.0001,2022-01-26 00:00:00.000
1643184000001,-0.0075,2022-01-26 08:00:00.001
1643212800005,-0.0075,2022-01-26 16:00:00.005
1643241600004,-0.00291649,2022-01-27 00:00:00.004
1643270400004,-0.00137476,2022-01-27 08:00:00.004
1643299200019,-0.00156398,2022-01-27 16:00:00.019
1643328000000,-0.00125679,2022-01-28 00:00:00.000
1643356800000,-0.00090602,2022-01-28 08:00:00.000
1643385600025,-0.00059604,2022-01-28 16:00:00.025
1643414400017,-0.00053318,2022-01-29 00:00:00.017
1643443200000,-0.00036213,2022-01-29 08:00:00.000
1643472000013,-0.00060504,2022-01-29 16:00:00.013
1643500800025,-0.00056227,2022-01-30 00:00:00.025
1643529600009,-0.00047948,2022-01-30 08:00:00.009
1643558400000,-0.00039452,2022-01-30 16:00:00.000
1643587200000,-0.00038756,2022-01-31 00:00:00.000
1643616000000,-0.0004208,2022-01-31 08:00:00.000
1643644800000,-0.00081521,2022-01-31 16:00:00.000
1643673600010,-0.00152094,2022-02-01 00:00:00.010
1643702400000,-0.00097185,2022-02-01 08:00:00.000
1643731200004,-0.00086652,2022-02-01 16:00:00.004
1643760000004,-0.00071304,2022-02-02 00:00:00.004
1643788800000,-0.00068401,2022-02-02 08:00:00.000
1643817600002,-0.00102043,2022-02-02 16:00:00.002
1643846400002,-0.00159748,2022-02-03 00:00:00.002
1643875200000,-0.00127028,2022-02-03 08:00:00.000
1643904000000,-0.00057575,2022-02-03 16:00:00.000
1643932800018,-0.00064336,2022-02-04 00:00:00.018
1643961600005,-0.00075974,2022-02-04 08:00:00.005
1643990400010,-0.00036383,2022-02-04 16:00:00.010
1644019200014,-0.00050884,2022-02-05 00:00:00.014
1644048000000,-0.00048874,2022-02-05 08:00:00.000
1644076800000,-0.00055014,2022-02-05 16:00:00.000
1644105600000,-0.00042954,2022-02-06 00:00:00.000
1644134400000,-0.00080684,2022-02-06 08:00:00.000
1644163200000,-0.00053299,2022-02-06 16:00:00.000
1644192000003,-0.00030441,2022-02-07 00:00:00.003
1644220800014,-0.0002105,2022-02-07 08:00:00.014
1644249600003,-0.00084475,2022-02-07 16:00:00.003
1644278400001,-0.00014816,2022-02-08 00:00:00.001
1644307200003,-7.796e-05,2022-02-08 08:00:00.003
1644336000002,-0.0002016,2022-02-08 16:00:00.002
1644364800000,-0.00038305,2022-02-09 00:00:00.000
1644393600005,-0.0002815,2022-02-09 08:00:00.005
1644422400001,-0.00026007,2022-02-09 16:00:00.001
1644451200012,-0.00034811,2022-02-10 00:00:00.012
1644480000000,-0.00012989,2022-02-10 08:00:00.000
1644508800006,-0.00046754,2022-02-10 16:00:00.006
1644537600000,-8.382e-05,2022-02-11 00:00:00.000
1644566400009,-0.00011915,2022-02-11 08:00:00.009
1644595200015,-0.00029815,2022-02-11 16:00:00.015
1644624000020,-0.00043487,2022-02-12 00:00:00.020
1644652800001,-0.00017041,2022-02-12 08:00:00.001
1644681600007,-0.00021137,2022-02-12 16:00:00.007
1644710400022,-0.00030877,2022-02-13 00:00:00.022
1644739200001,-0.00018103,2022-02-13 08:00:00.001
1644768000007,-0.00026646,2022-02-13 16:00:00.007
1644796800005,-0.00049392,2022-02-14 00:00:00.005
1644825600013,-0.00010554,2022-02-14 08:00:00.013
1644854400019,-9.881e-05,2022-02-14 16:00:00.019
1644883200012,-0.0001343,2022-02-15 00:00:00.012
1644912000005,-0.00046129,2022-02-15 08:00:00.005
1644940800011,-0.00047732,2022-02-15 16:00:00.011
1644969600009,-0.00039461,2022-02-16 00:00:00.009
1644998400001,-0.00016877,2022-02-16 08:00:00.001
1645027200014,-0.00023229,2022-02-16 16:00:00.014
1645056000018,-0.00027466,2022-02-17 00:00:00.018
1645084800000,-6.277e-05,2022-02-17 08:00:00.000
1645113600010,-0.00012676,2022-02-17 16:00:00.010
1645142400000,-0.00050464,2022-02-18 00:00:00.000
1645171200002,-0.00013614,2022-02-18 08:00:00.002
1645200000000,-0.00023023,2022-02-18 16:00:00.000
1645228800007,-0.00014739,2022-02-19 00:00:00.007
1645257600000,-5.913e-05,2022-02-19 08:00:00.000
1645286400023,-0.00015906,2022-02-19 16:00:00.023
1645315200001,-0.00038044,2022-02-20 00:00:00.001
1645344000003,-0.00046717,2022-02-20 08:00:00.003
1645372800001,-0.00030471,2022-02-20 16:00:00.001
1645401600000,-9.269e-05,2022-02-21 00:00:00.000
1645430400001,-0.00025415,2022-02-21 08:00:00.001
1645459200005,-0.00083763,2022-02-21 16:00:00.005
1645488000005,-0.00041983,2022-02-22 00:00:00.005
1645516800000,-0.00104896,2022-02-22 08:00:00.000
1645545600000,-0.00051532,2022-02-22 16:00:00.000
1645574400002,-0.000567,2022-02-23 00:00:00.002
1645603200005,-0.00058036,2022-02-23 08:00:00.005
1645632000010,-0.00020861,2022-02-23 16:00:00.010
1645660800008,-0.00033413,2022-02-24 00:00:00.008
1645689600003,-0.00063456,2022-02-24 08:00:00.003
1645718400001,-0.00040247,2022-02-24 16:00:00.001
1645747200000,-4.786e-05,2022-02-25 00:00:00.000
1645776000006,-0.00013598,2022-02-25 08:00:00.006
1645804800001,-0.00032416,2022-02-25 16:00:00.001
1645833600004,-0.00041369,2022-02-26 00:00:00.004
1645862400004,-0.00027691,2022-02-26 08:00:00.004
1645891200007,-8.996e-05,2022-02-26 16:00:00.007
1645920000012,-0.00014988,2022-02-27 00:00:00.012
1645948800000,-0.00068622,2022-02-27 08:00:00.000
1645977600000,-0.00026907,2022-02-27 16:00:00.000
1646006400000,-0.00019059,2022-02-28 00:00:00.000
1646035200001,-0.00052362,2022-02-28 08:00:00.001
1646064000002,-0.00045382,2022-02-28 16:00:00.002
1646092800002,-0.00024349,2022-03-01 00:00:00.002
1646121600001,-0.00022291,2022-03-01 08:00:00.001
1646150400000,-0.00026258,2022-03-01 16:00:00.000
1646179200000,-0.0001428,2022-03-02 00:00:00.000
1646208000000,-0.0001106,2022-03-02 08:00:00.000
1646236800002,-0.00021706,2022-03-02 16:00:00.002
1646265600000,-7.282e-05,2022-03-03 00:00:00.000
1646294400000,-0.00025165,2022-03-03 08:00:00.000
1646323200005,-0.00024648,2022-03-03 16:00:00.005
1646352000018,-0.00017236,2022-03-04 00:00:00.018
1646380800000,-0.00072596,2022-03-04 08:00:00.000
1646409600000,-0.00031113,2022-03-04 16:00:00.000
1646438400006,-7.378e-05,2022-03-05 00:00:00.006
1646467200004,-0.00029411,2022-03-05 08:00:00.004
1646496000000,-0.00040813,2022-03-05 16:00:00.000
1646524800004,-0.00056253,2022-03-06 00:00:00.004
1646553600000,-0.00033858,2022-03-06 08:00:00.000
1646582400013,-0.00077249,2022-03-06 16:00:00.013
1646611200008,-0.00041621,2022-03-07 00:00:00.008
1646640000006,-0.000622,2022-03-07 08:00:00.006
1646668800000,-0.00102554,2022-03-07 16:00:00.000
1646697600008,-0.00074411,2022-03-08 00:00:00.008
1646726400002,-0.00116399,2022-03-08 08:00:00.002
1646755200000,-0.00089114,2022-03-08 16:00:00.000
1646784000008,-0.00062537,2022-03-09 00:00:00.008
1646812800000,-0.00079348,2022-03-09 08:00:00.000
1646841600004,-0.00097538,2022-03-09 16:00:00.004
1646870400000,-0.00072975,2022-03-10 00:00:00.000
1646899200017,-0.00038584,2022-03-10 08:00:00.017
1646928000000,-0.00064999,2022-03-10 16:00:00.000
1646956800008,-0.00088967,2022-03-11 00:00:00.008
1646985600000,-0.00069516,2022-03-11 08:00:00.000
1647014400001,-0.00084699,2022-03-11 16:00:00.001
1647043200010,-0.00064625,2022-03-12 00:00:00.010
1647072000001,-0.00044648,2022-03-12 08:00:00.001
1647100800002,-0.00064644,2022-03-12 16:00:00.002
1647129600008,-0.00060486,2022-03-13 00:00:00.008
1647158400000,-0.00105235,2022-03-13 08:00:00.000
1647187200002,-0.00075618,2022-03-13 16:00:00.002
1647216000014,-0.00081095,2022-03-14 00:00:00.014
1647244800005,-0.00107801,2022-03-14 08:00:00.005
1647273600002,-0.00059806,2022-03-14 16:00:00.002
1647302400008,-0.00113907,2022-03-15 00:00:00.008
1647331200000,-0.00036746,2022-03-15 08:00:00.000
1647360000006,-0.00061281,2022-03-15 16:00:00.006
1647388800013,-0.00036052,2022-03-16 00:00:00.013
1647417600000,-0.00041028,2022-03-16 08:00:00.000
1647446400008,-0.00033403,2022-03-16 16:00:00.008
1647475200004,-0.00074517,2022-03-17 00:00:00.004
1647504000000,-0.00076599,2022-03-17 08:00:00.000
1647532800004,-0.00083851,2022-03-17 16:00:00.004
1647561600000,-0.00047385,2022-03-18 00:00:00.000
1647590400000,-0.00063224,2022-03-18 08:00:00.000
1647619200017,-0.00100276,2022-03-18 16:00:00.017
1647648000008,-0.00026594,2022-03-19 00:00:00.008
1647676800015,-0.00062326,2022-03-19 08:00:00.015
1647705600000,-0.00087266,2022-03-19 16:00:00.000
1647734400000,-0.00119965,2022-03-20 00:00:00.000
1647763200001,-0.00072758,2022-03-20 08:00:00.001
1647792000002,-0.00021782,2022-03-20 16:00:00.002
1647820800013,-0.00103082,2022-03-21 00:00:00.013
1647849600004,-0.00068289,2022-03-21 08:00:00.004
1647878400010,-0.00151716,2022-03-21 16:00:00.010
1647907200012,-0.00044761,2022-03-22 00:00:00.012
1647936000001,-0.00067184,2022-03-22 08:00:00.001
1647964800022,-0.00046935,2022-03-22 16:00:00.022
1647993600007,-0.00102379,2022-03-23 00:00:00.007
1648022400000,-0.00097016,2022-03-23 08:00:00.000
1648051200006,-0.00033469,2022-03-23 16:00:00.006
1648080000013,-0.00078658,2022-03-24 00:00:00.013
1648108800006,-0.00102964,2022-03-24 08:00:00.006
1648137600020,-0.00049835,2022-03-24 16:00:00.020
1648166400010,-0.00075415,2022-03-25 00:00:00.010
1648195200001,-0.000837,2022-03-25 08:00:00.001
1648224000014,-0.00046214,2022-03-25 16:00:00.014
1648252800020,-0.00057082,2022-03-26 00:00:00.020
1648281600006,-0.00063921,2022-03-26 08:00:00.006
1648310400000,-0.0004991,2022-03-26 16:00:00.000
1648339200004,-0.00050008,2022-03-27 00:00:00.004
1648368000001,-0.00062522,2022-03-27 08:00:00.001
1648396800006,-0.00047988,2022-03-27 16:00:00.006
1648425600012,-0.00052645,2022-03-28 00:00:00.012
1648454400007,-0.00033641,2022-03-28 08:00:00.007
1648483200000,-0.00020758,2022-03-28 16:00:00.000
1648512000000,-0.00045265,2022-03-29 00:00:00.000
1648540800015,-0.00020222,2022-03-29 08:00:00.015
1648569600000,-0.00023279,2022-03-29 16:00:00.000
1648598400000,-0.00016645,2022-03-30 00:00:00.000
1648627200002,-0.00012465,2022-03-30 08:00:00.002
1648656000028,-2.059e-05,2022-03-30 16:00:00.028
1648684800017,-0.00037218,2022-03-31 00:00:00.017
1648713600000,0.0001,2022-03-31 08:00:00.000
1648742400015,-0.00015088,2022-03-31 16:00:00.015
1648771200000,0.0001,2022-04-01 00:00:00.000
1648800000000,-0.00037492,2022-04-01 08:00:00.000
1648828800018,-0.00068996,2022-04-01 16:00:00.018
1648857600000,-0.00061522,2022-04-02 00:00:00.000
1648886400002,-0.00056389,2022-04-02 08:00:00.002
1648915200006,-0.00040008,2022-04-02 16:00:00.006
1648944000018,-0.00060576,2022-04-03 00:00:00.018
1648972800018,-0.00042406,2022-04-03 08:00:00.018
1649001600015,-0.00048362,2022-04-03 16:00:00.015
1649030400006,-0.0008188,2022-04-04 00:00:00.006
1649059200000,-0.00030085,2022-04-04 08:00:00.000
1649088000016,-0.00034184,2022-04-04 16:00:00.016
1649116800000,-0.00014338,2022-04-05 00:00:00.000
1649145600010,-3.999e-05,2022-04-05 08:00:00.010
1649174400008,-0.00017456,2022-04-05 16:00:00.008
1649203200001,-0.00033223,2022-04-06 00:00:00.001
1649232000021,-0.00039966,2022-04-06 08:00:00.021
1649260800000,-0.00030566,2022-04-06 16:00:00.000
1649289600009,-0.00034368,2022-04-07 00:00:00.009
1649318400000,-0.00028966,2022-04-07 08:00:00.000
1649347200000,-0.00038495,2022-04-07 16:00:00.000
1649376000000,-0.0002139,2022-04-08 00:00:00.000
1649404800004,1.741e-05,2022-04-08 08:00:00.004
1649433600008,3.91e-05,2022-04-08 16:00:00.008
1649462400008,3.111e-05,2022-04-09 00:00:00.008
1649491200000,7.391e-05,2022-04-09 08:00:00.000
1649520000001,0.0001,2022-04-09 16:00:00.001
1649548800004,6.03e-05,2022-04-10 00:00:00.004
1649577600007,-7.945e-05,2022-04-10 08:00:00.007
1649606400016,-3.768e-05,2022-04-10 16:00:00.016
1649635200000,-0.00014979,2022-04-11 00:00:00.000
1649664000000,-0.0001493,2022-04-11 08:00:00.000
1649692800009,-0.00056069,2022-04-11 16:00:00.009
1649721600000,-0.0003245,2022-04-12 00:00:00.000
1649750400006,-0.00048381,2022-04-12 08:00:00.006
1649779200013,-0.00068099,2022-04-12 16:00:00.013
1649808000005,-0.00031361,2022-04-13 00:00:00.005
1649836800008,-0.00041766,2022-04-13 08:00:00.008
1649865600013,-0.00047814,2022-04-13 16:00:00.013
1649894400007,-0.00048163,2022-04-14 00:00:00.007
1649923200000,-0.00032227,2022-04-14 08:00:00.000
1649952000006,-0.00046333,2022-04-14 16:00:00.006
1649980800008,-0.00037912,2022-04-15 00:00:00.008
1650009600002,-0.00019188,2022-04-15 08:00:00.002
1650038400000,-0.00046341,2022-04-15 16:00:00.000
1650067200011,-0.00010862,2022-04-16 00:00:00.011
1650096000007,-0.00040309,2022-04-16 08:00:00.007
1650124800007,-0.00028343,2022-04-16 16:00:00.007
1650153600000,-0.00051281,2022-04-17 00:00:00.000
1650182400004,-0.00010253,2022-04-17 08:00:00.004
1650211200000,-0.0001937,2022-04-17 16:00:00.000
1650240000008,-0.00038617,2022-04-18 00:00:00.008
1650268800012,-0.00034592,2022-04-18 08:00:00.012
1650297600000,-9.85e-05,2022-04-18 16:00:00.000
1650326400021,-0.00016055,2022-04-19 00:00:00.021
1650355200031,-0.00011928,2022-04-19 08:00:00.031
1650384000000,-0.00022664,2022-04-19 16:00:00.000
1650412800025,-3.034e-05,2022-04-20 00:00:00.025
1650441600003,-6.28e-05,2022-04-20 08:00:00.003
1650470400000,-0.00051367,2022-04-20 16:00:00.000
1650499200000,-0.00019306,2022-04-21 00:00:00.000
1650528000000,-0.00012284,2022-04-21 08:00:00.000
1650556800024,-3.376e-05,2022-04-21 16:00:00.024
1650585600008,-0.00044887,2022-04-22 00:00:00.008
1650614400008,-3.499e-05,2022-04-22 08:00:00.008
1650643200008,-7.243e-05,2022-04-22 16:00:00.008
1650672000000,1.43e-06,2022-04-23 00:00:00.000
1650700800000,-3.299e-05,2022-04-23 08:00:00.000
1650729600012,2.926e-05,2022-04-23 16:00:00.012
1650758400004,2.77e-05,2022-04-24 00:00:00.004
1650787200003,-0.00018171,2022-04-24 08:00:00.003
1650816000000,3.912e-05,2022-04-24 16:00:00.000
1650844800008,-0.00010359,2022-04-25 00:00:00.008
1650873600018,-0.00018275,2022-04-25 08:00:00.018
1650902400000,-0.00019852,2022-04-25 16:00:00.000
1650931200014,1.17e-05,2022-04-26 00:00:00.014
1650960000000,-0.00022663,2022-04-26 08:00:00.000
1650988800017,-0.00036662,2022-04-26 16:00:00.017
1651017600012,-0.00047315,2022-04-27 00:00:00.012
1651046400000,-0.00027439,2022-04-27 08:00:00.000
1651075200002,-0.00038286,2022-04-27 16:00:00.002
1651104000000,-0.00050162,2022-04-28 00:00:00.000
1651132800004,-0.00033527,2022-04-28 08:00:00.004
1651161600030,-0.00040625,2022-04-28 16:00:00.030
1651190400000,-0.00029787,2022-04-29 00:00:00.000
1651219200016,-0.00020712,2022-04-29 08:00:00.016
1651248000010,-0.00040016,2022-04-29 16:00:00.010
1651276800000,-0.00023235,2022-04-30 00:00:00.000
1651305600005,-0.00024365,2022-04-30 08:00:00.005
1651334400015,-0.00022694,2022-04-30 16:00:00.015
1651363200000,-0.00046711,2022-05-01 00:00:00.000
1651392000000,-0.0005088,2022-05-01 08:00:00.000
1651420800010,-0.00024265,2022-05-01 16:00:00.010
1651449600018,-0.00039063,2022-05-02 00:00:00.018
1651478400007,-0.00044213,2022-05-02 08:00:00.007
1651507200000,-0.00055505,2022-05-02 16:00:00.000
1651536000006,-0.00066672,2022-05-03 00:00:00.006
1651564800000,-0.00042186,2022-05-03 08:00:00.000
1651593600021,-0.00074455,2022-05-03 16:00:00.021
1651622400007,-0.00077716,2022-05-04 00:00:00.007
1651651200011,-0.00066215,2022-05-04 08:00:00.011
1651680000000,-0.00128036,2022-05-04 16:00:00.000
1651708800005,-0.00073639,2022-05-05 00:00:00.005
1651737600019,-0.00105856,2022-05-05 08:00:00.019
1651766400005,-0.00041946,2022-05-05 16:00:00.005
1651795200005,-0.00037906,2022-05-06 00:00:00.005
1651824000001,-0.0009505,2022-05-06 08:00:00.001
1651852800010,-0.00102705,2022-05-06 16:00:00.010
1651881600004,-0.00084436,2022-05-07 00:00:00.004
1651910400016,-0.00075306,2022-05-07 08:00:00.016
1651939200011,-0.00075174,2022-05-07 16:00:00.011
1651968000000,-0.00074773,2022-05-08 00:00:00.000
1651996800007,-0.00055254,2022-05-08 08:00:00.007
1652025600015,-0.00038181,2022-05-08 16:00:00.015
1652054400000,-0.00048843,2022-05-09 00:00:00.000
1652083200001,-0.00040669,2022-05-09 08:00:00.001
1652112000000,-0.0003522,2022-05-09 16:00:00.000
1652140800000,-0.00031898,2022-05-10 00:00:00.000
1652169600007,-0.00020226,2022-05-10 08:00:00.007
1652198400008,-0.0004426,2022-05-10 16:00:00.008
1652227200004,-0.00065249,2022-05-11 00:00:00.004
1652256000007,-0.00095885,2022-05-11 08:00:00.007
1652284800008,-0.0075,2022-05-11 16:00:00.008
1652313600014,-0.0075,2022-05-12 00:00:00.014
1652342400000,-0.0075,2022-05-12 08:00:00.000
1652371200007,-0.0075,2022-05-12 16:00:00.007
1652400000014,-0.0075,2022-05-13 00:00:00.014
1652428800001,-0.00512179,2022-05-13 08:00:00.001
1652457600000,-0.00177919,2022-05-13 16:00:00.000
1652486400000,-0.00163455,2022-05-14 00:00:00.000
1652515200000,-0.00180434,2022-05-14 08:00:00.000
1652544000001,-0.00281908,2022-05-14 16:00:00.001
1652572800000,-0.00380162,2022-05-15 00:00:00.000
1652601600000,-0.00264136,2022-05-15 08:00:00.000
1652630400000,-0.00205256,2022-05-15 16:00:00.000
1652659200021,-0.00089492,2022-05-16 00:00:00.021
1652688000013,-0.00287115,2022-05-16 08:00:00.013
1652716800006,-0.00287061,2022-05-16 16:00:00.006
1652745600000,-0.00204151,2022-05-17 00:00:00.000
1652774400010,-0.0006678,2022-05-17 08:00:00.010
1652803200023,-0.001024,2022-05-17 16:00:00.023
1652832000003,-0.00128068,2022-05-18 00:00:00.003
1652860800024,-0.00098087,2022-05-18 08:00:00.024
1652889600014,-0.00136503,2022-05-18 16:00:00.014
1652918400000,-0.00073319,2022-05-19 00:00:00.000
1652947200008,-0.00141912,2022-05-19 08:00:00.008
1652976000015,-0.00114066,2022-05-19 16:00:00.015
1653004800001,-0.00133392,2022-05-20 00:00:00.001
1653033600003,-0.00114959,2022-05-20 08:00:00.003
1653062400012,-0.00252853,2022-05-20 16:00:00.012
1653091200008,-0.00129451,2022-05-21 00:00:00.008
1653120000001,-0.00174252,2022-05-21 08:00:00.001
1653148800007,-0.0007276,2022-05-21 16:00:00.007
1653177600003,-0.00111174,2022-05-22 00:00:00.003
1653206400016,-0.00115516,2022-05-22 08:00:00.016
1653235200000,-0.0008073,2022-05-22 16:00:00.000
1653264000011,-0.0006633,2022-05-23 00:00:00.011
1653292800000,-0.00073859,2022-05-23 08:00:00.000
1653321600023,-0.00034063,2022-05-23 16:00:00.023
1653350400011,-0.00098827,2022-05-24 00:00:00.011
1653379200000,-0.00077823,2022-05-24 08:00:00.000
1653408000009,-0.00124269,2022-05-24 16:00:00.009
1653436800001,-0.00053463,2022-05-25 00:00:00.001
1653465600000,-0.00106173,2022-05-25 08:00:00.000
1653494400015,-0.00088833,2022-05-25 16:00:00.015
1653523200005,-0.0008099,2022-05-26 00:00:00.005
1653552000001,-0.00074615,2022-05-26 08:00:00.001
1653580800000,-0.00128774,2022-05-26 16:00:00.000
1653609600007,-0.00115706,2022-05-27 00:00:00.007
1653638400008,-0.00124047,2022-05-27 08:00:00.008
1653667200000,-0.00148439,2022-05-27 16:00:00.000
1653696000018,-0.00245688,2022-05-28 00:00:00.018
1653724800016,-0.0015341,2022-05-28 08:00:00.016
1653753600013,-0.00149064,2022-05-28 16:00:00.013
1653782400000,-0.00201073,2022-05-29 00:00:00.000
1653811200025,-0.00125265,2022-05-29 08:00:00.025
1653840000002,-0.00095268,2022-05-29 16:00:00.002
1653868800000,-0.00143885,2022-05-30 00:00:00.000
1653897600013,-0.00146916,2022-05-30 08:00:00.013
1653926400005,-0.00151966,2022-05-30 16:00:00.005
1653955200016,-0.00016987,2022-05-31 00:00:00.016
1653984000000,-0.00067404,2022-05-31 08:00:00.000
1654012800000,-0.0038471,2022-05-31 16:00:00.000
1654041600000,-0.00589143,2022-06-01 00:00:00.000
1654070400011,-0.00692636,2022-06-01 08:00:00.011
1654099200000,-0.00371737,2022-06-01 16:00:00.000
1654128000000,-0.00356777,2022-06-02 00:00:00.000
1654156800006,-0.00424817,2022-06-02 08:00:00.006
1654185600021,-0.00548975,2022-06-02 16:00:00.021
1654214400016,-0.00332812,2022-06-03 00:00:00.016
1654243200016,-0.00292622,2022-06-03 08:00:00.016
1654272000012,-0.00688807,2022-06-03 16:00:00.012
1654300800005,-0.0021554,2022-06-04 00:00:00.005
1654329600000,-0.0018181,2022-06-04 08:00:00.000
1654358400007,-0.00355582,2022-06-04 16:00:00.007
1654387200005,-0.00314037,2022-06-05 00:00:00.005
1654416000015,-0.00311321,2022-06-05 08:00:00.015
1654444800000,-0.00186327,2022-06-05 16:00:00.000
1654473600000,-0.00259969,2022-06-06 00:00:00.000
1654502400017,-0.00177021,2022-06-06 08:00:00.017
1654531200000,-0.00225393,2022-06-06 16:00:00.000
1654560000000,-0.00151299,2022-06-07 00:00:00.000
1654588800011,-0.00164512,2022-06-07 08:00:00.011
1654617600000,-0.00237427,2022-06-07 16:00:00.000
1654646400008,-0.00195446,2022-06-08 00:00:00.008
1654675200020,-0.00207337,2022-06-08 08:00:00.020
1654704000012,-0.00153861,2022-06-08 16:00:00.012
1654732800000,-0.00149333,2022-06-09 00:00:00.000
1654761600000,-0.00138435,2022-06-09 08:00:00.000
1654790400000,-0.00137662,2022-06-09 16:00:00.000
1654819200009,-0.00064212,2022-06-10 00:00:00.009
1654848000000,-0.00126244,2022-06-10 08:00:00.000
1654876800006,-0.00146134,2022-06-10 16:00:00.006
1654905600018,-0.001036,2022-06-11 00:00:00.018
1654934400014,-0.00083575,2022-06-11 08:00:00.014
1654963200000,-0.00127393,2022-06-11 16:00:00.000
1654992000015,-0.00062904,2022-06-12 00:00:00.015
1655020800019,-0.00167027,2022-06-12 08:00:00.019
1655049600010,-0.00109256,2022-06-12 16:00:00.010
1655078400009,-0.00093013,2022-06-13 00:00:00.009
1655107200000,-0.00143772,2022-06-13 08:00:00.000
1655136000007,-0.00096303,2022-06-13 16:00:00.007
1655164800013,-0.00104496,2022-06-14 00:00:00.013
1655193600008,-0.00063704,2022-06-14 08:00:00.008
1655222400006,-0.00059673,2022-06-14 16:00:00.006
1655251200000,-0.00103822,2022-06-15 00:00:00.000
1655280000016,-0.00095537,2022-06-15 08:00:00.016
1655308800008,-0.00052737,2022-06-15 16:00:00.008
1655337600009,-0.00054867,2022-06-16 00:00:00.009
1655366400016,-0.00037508,2022-06-16 08:00:00.016
1655395200000,-0.00133616,2022-06-16 16:00:00.000
1655424000008,-0.00099431,2022-06-17 00:00:00.008
1655452800003,-0.00058088,2022-06-17 08:00:00.003
1655481600000,-0.0020241,2022-06-17 16:00:00.000
1655510400020,-0.00021172,2022-06-18 00:00:00.020
1655539200025,-0.0012406,2022-06-18 08:00:00.025
1655568000014,-0.00044884,2022-06-18 16:00:00.014
1655596800012,-0.00052144,2022-06-19 00:00:00.012
1655625600012,-0.00040853,2022-06-19 08:00:00.012
1655654400008,-0.00027689,2022-06-19 16:00:00.008
1655683200016,-0.00018258,2022-06-20 00:00:00.016
1655712000000,-0.00029991,2022-06-20 08:00:00.000
1655740800013,-2.814e-05,2022-06-20 16:00:00.013
1655769600012,-0.00037011,2022-06-21 00:00:00.012
1655798400018,-4.292e-05,2022-06-21 08:00:00.018
1655827200010,-0.00187816,2022-06-21 16:00:00.010
1655856000000,5.236e-05,2022-06-22 00:00:00.000
1655884800001,-0.00028081,2022-06-22 08:00:00.001
1655913600012,-0.00042315,2022-06-22 16:00:00.012
1655942400000,-1.635e-05,2022-06-23 00:00:00.000
1655971200000,-0.00043184,2022-06-23 08:00:00.000
1656000000016,-4.658e-05,2022-06-23 16:00:00.016
1656028800005,6.577e-05,2022-06-24 00:00:00.005
1656057600004,-4.88e-06,2022-06-24 08:00:00.004
1656086400018,-5.911e-05,2022-06-24 16:00:00.018
1656115200001,-3.601e-05,2022-06-25 00:00:00.001
1656144000010,5.08e-05,2022-06-25 08:00:00.010
1656172800000,-0.00023949,2022-06-25 16:00:00.000
1656201600002,-0.00011619,2022-06-26 00:00:00.002
1656230400016,-9.859e-05,2022-06-26 08:00:00.016
1656259200006,-0.000297,2022-06-26 16:00:00.006
1656288000008,-0.00043699,2022-06-27 00:00:00.008
1656316800000,-9.309e-05,2022-06-27 08:00:00.000
1656345600016,-9.778e-05,2022-06-27 16:00:00.016
1656374400016,-0.00045075,2022-06-28 00:00:00.016
1656403200001,-0.00027859,2022-06-28 08:00:00.001
1656432000005,-0.00029475,2022-06-28 16:00:00.005
1656460800000,-0.00037834,2022-06-29 00:00:00.000
1656489600013,-0.00024983,2022-06-29 08:00:00.013
1656518400000,-0.00033102,2022-06-29 16:00:00.000
1656547200000,-0.00022131,2022-06-30 00:00:00.000
1656576000000,-0.0002665,2022-06-30 08:00:00.000
1656604800000,-0.00016035,2022-06-30 16:00:00.000
1656633600001,-0.000348,2022-07-01 00:00:00.001
1656662400017,-0.00016795,2022-07-01 08:00:00.017
1656691200005,-0.00051975,2022-07-01 16:00:00.005
1656720000000,-0.0001285,2022-07-02 00:00:00.000
1656748800000,-8.712e-05,2022-07-02 08:00:00.000
1656777600008,-0.0004162,2022-07-02 16:00:00.008
1656806400015,-8.013e-05,2022-07-03 00:00:00.015
1656835200004,-0.00015559,2022-07-03 08:00:00.004
1656864000005,-0.00012239,2022-07-03 16:00:00.005
1656892800021,-8.843e-05,2022-07-04 00:00:00.021
1656921600001,-4.134e-05,2022-07-04 08:00:00.001
1656950400000,-0.00011076,2022-07-04 16:00:00.000
1656979200000,4.886e-05,2022-07-05 00:00:00.000
1657008000000,9.619e-05,2022-07-05 08:00:00.000
1657036800015,-0.00023565,2022-07-05 16:00:00.015
1657065600006,9.411e-05,2022-07-06 00:00:00.006
1657094400000,2.969e-05,2022-07-06 08:00:00.000
1657123200000,-5.86e-06,2022-07-06 16:00:00.000
1657152000010,0.0001,2022-07-07 00:00:00.010
1657180800010,0.0001,2022-07-07 08:00:00.010
1657209600011,0.0001,2022-07-07 16:00:00.011
1657238400008,0.0001,2022-07-08 00:00:00.008
1657267200009,0.0001,2022-07-08 08:00:00.009
1657296000000,1.076e-05,2022-07-08 16:00:00.000
1657324800000,0.0001,2022-07-09 00:00:00.000
1657353600000,0.0001,2022-07-09 08:00:00.000
1657382400009,0.0001,2022-07-09 16:00:00.009
1657411200001,0.0001,2022-07-10 00:00:00.001
1657440000002,8.235e-05,2022-07-10 08:00:00.002
1657468800001,-0.00020322,2022-07-10 16:00:00.001
1657497600000,-6.655e-05,2022-07-11 00:00:00.000
1657526400003,-0.00033888,2022-07-11 08:00:00.003
1657555200001,-0.00011562,2022-07-11 16:00:00.001
1657584000000,-0.00048231,2022-07-12 00:00:00.000
1657612800021,-0.00030295,2022-07-12 08:00:00.021
1657641600000,-0.00035026,2022-07-12 16:00:00.000
1657670400012,-0.00033813,2022-07-13 00:00:00.012
1657699200022,-0.00018333,2022-07-13 08:00:00.022
1657728000005,-0.00070779,2022-07-13 16:00:00.005
1657756800017,-0.00058195,2022-07-14 00:00:00.017
1657785600001,-9.043e-05,2022-07-14 08:00:00.001
1657814400000,-0.00035968,2022-07-14 16:00:00.000
1657843200004,-0.00016999,2022-07-15 00:00:00.004
1657872000019,1.607e-05,2022-07-15 08:00:00.019
1657900800017,-0.00017105,2022-07-15 16:00:00.017
1657929600021,-0.00010119,2022-07-16 00:00:00.021
1657958400014,-5.622e-05,2022-07-16 08:00:00.014
1657987200005,-7.493e-05,2022-07-16 16:00:00.005
1658016000000,-0.00014704,2022-07-17 00:00:00.000
1658044800003,8.895e-05,2022-07-17 08:00:00.003
1658073600007,1.729e-05,2022-07-17 16:00:00.007
1658102400001,3.328e-05,2022-07-18 00:00:00.001
1658131200004,0.0001,2022-07-18 08:00:00.004
1658160000019,0.0001,2022-07-18 16:00:00.019
1658188800000,0.0001,2022-07-19 00:00:00.000
1658217600000,0.0001,2022-07-19 08:00:00.000
1658246400001,0.0001,2022-07-19 16:00:00.001
1658275200004,0.0001,2022-07-20 00:00:00.004
1658304000000,0.0001,2022-07-20 08:00:00.000
1658332800003,0.0001,2022-07-20 16:00:00.003
1658361600000,0.0001,2022-07-21 00:00:00.000
1658390400018,0.0001,2022-07-21 08:00:00.018
1658419200011,0.0001,2022-07-21 16:00:00.011
1658448000014,4.204e-05,2022-07-22 00:00:00.014
1658476800000,0.0001,2022-07-22 08:00:00.000
1658505600000,0.0001,2022-07-22 16:00:00.000
1658534400004,0.0001,2022-07-23 00:00:00.004
1658563200002,0.0001,2022-07-23 08:00:00.002
1658592000001,0.0001,2022-07-23 16:00:00.001
1658620800000,5.146e-05,2022-07-24 00:00:00.000
1658649600011,0.0001,2022-07-24 08:00:00.011
1658678400000,0.0001,2022-07-24 16:00:00.000
1658707200000,0.0001,2022-07-25 00:00:00.000
1658736000014,-2.124e-05,2022-07-25 08:00:00.014
1658764800006,-7.322e-05,2022-07-25 16:00:00.006
1658793600010,-0.00020975,2022-07-26 00:00:00.010
1658822400000,-0.00021645,2022-07-26 08:00:00.000
1658851200000,-0.00010684,2022-07-26 16:00:00.000
1658880000008,-5.56e-05,2022-07-27 00:00:00.008
1658908800000,-0.00013061,2022-07-27 08:00:00.000
1658937600003,-0.0001847,2022-07-27 16:00:00.003
1658966400009,-2.57e-05,2022-07-28 00:00:00.009
1658995200008,0.0001,2022-07-28 08:00:00.008
1659024000013,0.0001,2022-07-28 16:00:00.013
1659052800000,0.0001,2022-07-29 00:00:00.000
1659081600000,0.0001,2022-07-29 08:00:00.000
1659110400000,0.0001,2022-07-29 16:00:00.000
1659139200005,-0.00029406,2022-07-30 00:00:00.005
1659168000009,-0.00019282,2022-07-30 08:00:00.009
1659196800000,0.0001,2022-07-30 16:00:00.000
1659225600022,5.882e-05,2022-07-31 00:00:00.022
1659254400011,0.0001,2022-07-31 08:00:00.011
1659283200019,0.0001,2022-07-31 16:00:00.019
1659312000010,-3.87e-05,2022-08-01 00:00:00.010
1659340800019,0.0001,2022-08-01 08:00:00.019
1659369600017,0.0001,2022-08-01 16:00:00.017
1659398400000,0.0001,2022-08-02 00:00:00.000
1659427200007,-0.00085246,2022-08-02 08:00:00.007
1659456000014,-0.00011543,2022-08-02 16:00:00.014
1659484800001,-4.755e-05,2022-08-03 00:00:00.001
1659513600020,-0.00014075,2022-08-03 08:00:00.020
1659542400008,4.266e-05,2022-08-03 16:00:00.008
1659571200001,-0.00013509,2022-08-04 00:00:00.001
1659600000009,-0.00016529,2022-08-04 08:00:00.009
1659628800015,-0.00043602,2022-08-04 16:00:00.015
1659657600005,0.0001,2022-08-05 00:00:00.005
1659686400000,0.0001,2022-08-05 08:00:00.000
1659715200000,0.0001,2022-08-05 16:00:00.000
1659744000021,0.0001,2022-08-06 00:00:00.021
1659772800000,0.0001,2022-08-06 08:00:00.000
1659801600015,0.0001,2022-08-06 16:00:00.015
1659830400013,0.0001,2022-08-07 00:00:00.013
1659859200000,0.0001,2022-08-07 08:00:00.000
1659888000014,0.0001,2022-08-07 16:00:00.014
1659916800009,0.0001,2022-08-08 00:00:00.009
1659945600006,0.0001,2022-08-08 08:00:00.006
1659974400000,0.0001,2022-08-08 16:00:00.000
1660003200020,0.0001,2022-08-09 00:00:00.020
1660032000000,0.0001,2022-08-09 08:00:00.000
1660060800000,-0.00015292,2022-08-09 16:00:00.000
1660089600000,-0.00020504,2022-08-10 00:00:00.000
1660118400016,-3.623e-05,2022-08-10 08:00:00.016
1660147200018,-0.00026731,2022-08-10 16:00:00.018
1660176000012,0.0001,2022-08-11 00:00:00.012
1660204800000,0.0001,2022-08-11 08:00:00.000
1660233600000,0.0001,2022-08-11 16:00:00.000
1660262400006,0.0001,2022-08-12 00:00:00.006
1660291200000,0.0001,2022-08-12 08:00:00.000
1660320000005,9.543e-05,2022-08-12 16:00:00.005
1660348800012,0.0001,2022-08-13 00:00:00.012
1660377600006,0.0001,2022-08-13 08:00:00.006
1660406400018,0.0001,2022-08-13 16:00:00.018
1660435200000,0.0001,2022-08-14 00:00:00.000
1660464000000,0.0001,2022-08-14 08:00:00.000
1660492800000,0.0001,2022-08-14 16:00:00.000
1660521600010,2.68e-06,2022-08-15 00:00:00.010
1660550400002,9.172e-05,2022-08-15 08:00:00.002
1660579200010,-0.00013683,2022-08-15 16:00:00.010
1660608000010,-0.00013663,2022-08-16 00:00:00.010
1660636800002,-1.218e-05,2022-08-16 08:00:00.002
1660665600000,-4.144e-05,2022-08-16 16:00:00.000
1660694400020,8.08e-06,2022-08-17 00:00:00.020
1660723200016,-1.345e-05,2022-08-17 08:00:00.016
1660752000001,-0.00069363,2022-08-17 16:00:00.001
1660780800005,-0.00091632,2022-08-18 00:00:00.005
1660809600012,-0.00039182,2022-08-18 08:00:00.012
1660838400013,-0.00058898,2022-08-18 16:00:00.013
1660867200000,-0.00142931,2022-08-19 00:00:00.000
1660896000000,-0.00426248,2022-08-19 08:00:00.000
1660924800009,-0.00303676,2022-08-19 16:00:00.009
1660953600000,-0.00201959,2022-08-20 00:00:00.000
1660982400005,-0.00217322,2022-08-20 08:00:00.005
1661011200000,-0.00141912,2022-08-20 16:00:00.000
1661040000010,-0.00242367,2022-08-21 00:00:00.010
1661068800013,-0.00162524,2022-08-21 08:00:00.013
1661097600000,-0.00110247,2022-08-21 16:00:00.000
1661126400011,-0.00173905,2022-08-22 00:00:00.011
1661155200005,-0.00071817,2022-08-22 08:00:00.005
1661184000005,-0.00120124,2022-08-22 16:00:00.005
1661212800000,-0.00109445,2022-08-23 00:00:00.000
1661241600021,-0.00043198,2022-08-23 08:00:00.021
1661270400005,-0.00036133,2022-08-23 16:00:00.005
1661299200017,-0.00039951,2022-08-24 00:00:00.017
1661328000021,-0.00035504,2022-08-24 08:00:00.021
1661356800000,-5.39e-05,2022-08-24 16:00:00.000
1661385600003,-0.00015821,2022-08-25 00:00:00.003
1661414400000,-0.00011436,2022-08-25 08:00:00.000
1661443200004,-8.85e-05,2022-08-25 16:00:00.004
1661472000001,2.937e-05,2022-08-26 00:00:00.001
1661500800004,-0.00012713,2022-08-26 08:00:00.004
1661529600000,-0.00050225,2022-08-26 16:00:00.000
1661558400010,-0.00045916,2022-08-27 00:00:00.010
1661587200007,-0.0004781,2022-08-27 08:00:00.007
1661616000008,-0.00046471,2022-08-27 16:00:00.008
1661644800019,-0.00019709,2022-08-28 00:00:00.019
1661673600000,-0.000243,2022-08-28 08:00:00.000
1661702400000,-0.00020213,2022-08-28 16:00:00.000
1661731200000,-0.00036212,2022-08-29 00:00:00.000
1661760000000,-0.00016434,2022-08-29 08:00:00.000
1661788800001,-0.00020731,2022-08-29 16:00:00.001
1661817600001,-6.115e-05,2022-08-30 00:00:00.001
1661846400005,-5.433e-05,2022-08-30 08:00:00.005
1661875200010,-6.298e-05,2022-08-30 16:00:00.010
1661904000000,-1.47e-05,2022-08-31 00:00:00.000
1661932800005,-6.97e-05,2022-08-31 08:00:00.005
1661961600013,4.1e-06,2022-08-31 16:00:00.013
1661990400012,-3.195e-05,2022-09-01 00:00:00.012
1662019200000,-5.846e-05,2022-09-01 08:00:00.000
1662048000013,-9.643e-05,2022-09-01 16:00:00.013
1662076800002,6.293e-05,2022-09-02 00:00:00.002
1662105600013,8.227e-05,2022-09-02 08:00:00.013
1662134400000,9.939e-05,2022-09-02 16:00:00.000
1662163200000,-1.297e-05,2022-09-03 00:00:00.000
1662192000002,0.0001,2022-09-03 08:00:00.002
1662220800007,0.0001,2022-09-03 16:00:00.007
1662249600008,0.0001,2022-09-04 00:00:00.008
1662278400009,0.0001,2022-09-04 08:00:00.009
1662307200000,0.0001,2022-09-04 16:00:00.000
1662336000015,0.0001,2022-09-05 00:00:00.015
1662364800013,6.773e-05,2022-09-05 08:00:00.013
1662393600007,3.712e-05,2022-09-05 16:00:00.007
1662422400018,9.746e-05,2022-09-06 00:00:00.018
1662451200020,0.0001,2022-09-06 08:00:00.020
1662480000028,0.0001,2022-09-06 16:00:00.028
1662508800013,-0.00027556,2022-09-07 00:00:00.013
1662537600022,-8.805e-05,2022-09-07 08:00:00.022
1662566400021,3.055e-05,2022-09-07 16:00:00.021
1662595200010,-0.00012439,2022-09-08 00:00:00.010
1662624000000,8.36e-06,2022-09-08 08:00:00.000
1662652800003,8.103e-05,2022-09-08 16:00:00.003
1662681600011,8.716e-05,2022-09-09 00:00:00.011
1662710400000,0.0001,2022-09-09 08:00:00.000
1662739200000,0.0001,2022-09-09 16:00:00.000
1662768000003,0.0001,2022-09-10 00:00:00.003
1662796800000,0.0001,2022-09-10 08:00:00.000
1662825600012,0.0001,2022-09-10 16:00:00.012
1662854400009,0.0001,2022-09-11 00:00:00.009
1662883200012,0.0001,2022-09-11 08:00:00.012
1662912000005,0.0001,2022-09-11 16:00:00.005
1662940800007,0.0001,2022-09-12 00:00:00.007
1662969600013,0.0001,2022-09-12 08:00:00.013
1662998400000,0.0001,2022-09-12 16:00:00.000
1663027200004,0.0001,2022-09-13 00:00:00.004
1663056000000,0.0001,2022-09-13 08:00:00.000
1663084800000,0.0001,2022-09-13 16:00:00.000
1663113600000,-3.165e-05,2022-09-14 00:00:00.000
1663142400000,-5.616e-05,2022-09-14 08:00:00.000
1663171200000,8.198e-05,2022-09-14 16:00:00.000
1663200000019,0.0001,2022-09-15 00:00:00.019
1663228800012,-4.945e-05,2022-09-15 08:00:00.012
1663257600007,-0.00016175,2022-09-15 16:00:00.007
1663286400000,4.637e-05,2022-09-16 00:00:00.000
1663315200000,9.666e-05,2022-09-16 08:00:00.000
1663344000000,-1.187e-05,2022-09-16 16:00:00.000
1663372800000,0.0001,2022-09-17 00:00:00.000
1663401600012,6.181e-05,2022-09-17 08:00:00.012
1663430400017,8.711e-05,2022-09-17 16:00:00.017
1663459200000,1.358e-05,2022-09-18 00:00:00.000
1663488000004,0.0001,2022-09-18 08:00:00.004
1663516800000,-0.00011712,2022-09-18 16:00:00.000
1663545600018,-0.00059264,2022-09-19 00:00:00.018
1663574400006,-0.00011376,2022-09-19 08:00:00.006
1663603200010,-0.00018489,2022-09-19 16:00:00.010
1663632000007,-0.00021613,2022-09-20 00:00:00.007
1663660800001,-4.073e-05,2022-09-20 08:00:00.001
1663689600000,-0.0001063,2022-09-20 16:00:00.000
1663718400001,-9.122e-05,2022-09-21 00:00:00.001
1663747200005,-0.00023074,2022-09-21 08:00:00.005
1663776000000,2.752e-05,2022-09-21 16:00:00.000
1663804800000,-0.00016643,2022-09-22 00:00:00.000
1663833600000,0.0001,2022-09-22 08:00:00.000
1663862400011,-4.203e-05,2022-09-22 16:00:00.011
1663891200023,-6.559e-05,2022-09-23 00:00:00.023
1663920000004,4.184e-05,2022-09-23 08:00:00.004
1663948800005,-8.774e-05,2022-09-23 16:00:00.005
1663977600000,-7.427e-05,2022-09-24 00:00:00.000
1664006400005,6.164e-05,2022-09-24 08:00:00.005
1664035200000,2.144e-05,2022-09-24 16:00:00.000
1664064000010,-0.00031815,2022-09-25 00:00:00.010
1664092800000,-3.94e-05,2022-09-25 08:00:00.000
1664121600003,-0.00012662,2022-09-25 16:00:00.003
1664150400001,-0.00014162,2022-09-26 00:00:00.001
1664179200006,-0.00011102,2022-09-26 08:00:00.006
1664208000000,9.46e-05,2022-09-26 16:00:00.000
1664236800026,-7.607e-05,2022-09-27 00:00:00.026
1664265600004,-0.00010012,2022-09-27 08:00:00.004
1664294400006,0.0001,2022-09-27 16:00:00.006
1664323200011,-8.847e-05,2022-09-28 00:00:00.011
1664352000000,-0.00013891,2022-09-28 08:00:00.000
1664380800000,-0.00010518,2022-09-28 16:00:00.000
1664409600010,2.144e-05,2022-09-29 00:00:00.010
1664438400000,-2.115e-05,2022-09-29 08:00:00.000
1664467200000,0.0001,2022-09-29 16:00:00.000
1664496000006,3.208e-05,2022-09-30 00:00:00.006
1664524800002,0.0001,2022-09-30 08:00:00.002
1664553600007,9.392e-05,2022-09-30 16:00:00.007
1664582400008,6.007e-05,2022-10-01 00:00:00.008
1664611200011,0.0001,2022-10-01 08:00:00.011
1664640000000,0.0001,2022-10-01 16:00:00.000
1664668800000,0.0001,2022-10-02 00:00:00.000
1664697600000,0.0001,2022-10-02 08:00:00.000
1664726400006,5.779e-05,2022-10-02 16:00:00.006
1664755200000,2.089e-05,2022-10-03 00:00:00.000
1664784000014,0.0001,2022-10-03 08:00:00.014
1664812800010,0.0001,2022-10-03 16:00:00.010
1664841600006,7.906e-05,2022-10-04 00:00:00.006
1664870400004,0.0001,2022-10-04 08:00:00.004
1664899200013,0.0001,2022-10-04 16:00:00.013
1664928000000,0.0001,2022-10-05 00:00:00.000
1664956800000,8.578e-05,2022-10-05 08:00:00.000
1664985600012,5.947e-05,2022-10-05 16:00:00.012
1665014400008,7.475e-05,2022-10-06 00:00:00.008
1665043200002,0.0001,2022-10-06 08:00:00.002
1665072000006,8.352e-05,2022-10-06 16:00:00.006
1665100800000,1.554e-05,2022-10-07 00:00:00.000
1665129600000,7.597e-05,2022-10-07 08:00:00.000
1665158400007,2.561e-05,2022-10-07 16:00:00.007
1665187200010,0.0001,2022-10-08 00:00:00.010
1665216000004,0.0001,2022-10-08 08:00:00.004
1665244800018,0.0001,2022-10-08 16:00:00.018
1665273600000,0.0001,2022-10-09 00:00:00.000
1665302400007,0.0001,2022-10-09 08:00:00.007
1665331200011,0.0001,2022-10-09 16:00:00.011
1665360000018,0.0001,2022-10-10 00:00:00.018
1665388800000,0.0001,2022-10-10 08:00:00.000
1665417600026,9.876e-05,2022-10-10 16:00:00.026
1665446400020,5.52e-05,2022-10-11 00:00:00.020
1665475200027,-5.839e-05,2022-10-11 08:00:00.027
1665504000000,0.0001,2022-10-11 16:00:00.000
1665532800014,4.629e-05,2022-10-12 00:00:00.014
1665561600000,0.0001,2022-10-12 08:00:00.000
1665590400000,2.849e-05,2022-10-12 16:00:00.000
1665619200013,0.0001,2022-10-13 00:00:00.013
1665648000016,-0.00011514,2022-10-13 08:00:00.016
1665676800009,-6.891e-05,2022-10-13 16:00:00.009
1665705600020,-9.974e-05,2022-10-14 00:00:00.020
1665734400000,0.0001,2022-10-14 08:00:00.000
1665763200009,-0.0001171,2022-10-14 16:00:00.009
1665792000001,-6.35e-05,2022-10-15 00:00:00.001
1665820800005,-6.708e-05,2022-10-15 08:00:00.005
1665849600004,2.468e-05,2022-10-15 16:00:00.004
1665878400012,3.13e-06,2022-10-16 00:00:00.012
1665907200000,1.97e-06,2022-10-16 08:00:00.000
1665936000010,-0.00018211,2022-10-16 16:00:00.010
1665964800012,-0.00010907,2022-10-17 00:00:00.012
1665993600010,-0.00012079,2022-10-17 08:00:00.010
1666022400017,3.865e-05,2022-10-17 16:00:00.017
1666051200010,0.0001,2022-10-18 00:00:00.010
1666080000008,0.0001,2022-10-18 08:00:00.008
1666108800000,0.0001,2022-10-18 16:00:00.000
1666137600007,0.0001,2022-10-19 00:00:00.007
1666166400022,0.0001,2022-10-19 08:00:00.022
1666195200016,0.0001,2022-10-19 16:00:00.016
1666224000000,6.405e-05,2022-10-20 00:00:00.000
1666252800013,0.0001,2022-10-20 08:00:00.013
1666281600000,4.255e-05,2022-10-20 16:00:00.000
1666310400005,3.742e-05,2022-10-21 00:00:00.005
1666339200018,-5.3e-07,2022-10-21 08:00:00.018
1666368000000,0.0001,2022-10-21 16:00:00.000
1666396800000,-6.452e-05,2022-10-22 00:00:00.000
1666425600015,0.0001,2022-10-22 08:00:00.015
1666454400000,8.349e-05,2022-10-22 16:00:00.000
1666483200025,0.0001,2022-10-23 00:00:00.025
1666512000000,0.0001,2022-10-23 08:00:00.000
1666540800004,8.761e-05,2022-10-23 16:00:00.004
1666569600009,0.0001,2022-10-24 00:00:00.009
1666598400012,0.0001,2022-10-24 08:00:00.012
1666627200002,8.66e-05,2022-10-24 16:00:00.002
1666656000013,-1.612e-05,2022-10-25 00:00:00.013
1666684800013,0.0001,2022-10-25 08:00:00.013
1666713600000,9.827e-05,2022-10-25 16:00:00.000
1666742400006,-1.817e-05,2022-10-26 00:00:00.006
1666771200013,0.0001,2022-10-26 08:00:00.013
1666800000000,4.07e-05,2022-10-26 16:00:00.000
1666828800009,8.7e-06,2022-10-27 00:00:00.009
1666857600006,0.0001,2022-10-27 08:00:00.006
1666886400009,0.0001,2022-10-27 16:00:00.009
1666915200000,0.0001,2022-10-28 00:00:00.000
1666944000000,0.0001,2022-10-28 08:00:00.000
1666972800007,0.0001,2022-10-28 16:00:00.007
1667001600000,0.0001,2022-10-29 00:00:00.000
1667030400003,0.0001,2022-10-29 08:00:00.003
1667059200010,0.0001,2022-10-29 16:00:00.010
1667088000000,0.0001,2022-10-30 00:00:00.000
1667116800013,8.988e-05,2022-10-30 08:00:00.013
1667145600009,0.0001,2022-10-30 16:00:00.009
1667174400012,3.635e-05,2022-10-31 00:00:00.012
1667203200000,0.0001,2022-10-31 08:00:00.000
1667232000010,0.0001,2022-10-31 16:00:00.010
1667260800000,0.0001,2022-11-01 00:00:00.000
1667289600000,0.0001,2022-11-01 08:00:00.000
1667318400000,8.478e-05,2022-11-01 16:00:00.000
1667347200000,3.29e-05,2022-11-02 00:00:00.000
1667376000000,0.0001,2022-11-02 08:00:00.000
1667404800019,-1.796e-05,2022-11-02 16:00:00.019
1667433600011,3.55e-05,2022-11-03 00:00:00.011
1667462400016,9.554e-05,2022-11-03 08:00:00.016
1667491200005,0.0001,2022-11-03 16:00:00.005
1667520000000,0.0001,2022-11-04 00:00:00.000
1667548800004,0.0001,2022-11-04 08:00:00.004
1667577600020,0.0001,2022-11-04 16:00:00.020
1667606400009,0.0001,2022-11-05 00:00:00.009
1667635200007,0.0001,2022-11-05 08:00:00.007
1667664000018,0.0001,2022-11-05 16:00:00.018
1667692800009,0.0001,2022-11-06 00:00:00.009
1667721600000,0.0001,2022-11-06 08:00:00.000
1667750400010,0.0001,2022-11-06 16:00:00.010
1667779200012,0.0001,2022-11-07 00:00:00.012
1667808000014,0.0001,2022-11-07 08:00:00.014
1667836800006,0.0001,2022-11-07 16:00:00.006
1667865600000,0.0001,2022-11-08 00:00:00.000
1667894400001,9.83e-06,2022-11-08 08:00:00.001
1667923200005,0.0001,2022-11-08 16:00:00.005
1667952000000,-0.00152296,2022-11-09 00:00:00.000
1667980800013,-0.00018045,2022-11-09 08:00:00.013
1668009600004,-0.00028974,2022-11-09 16:00:00.004
1668038400006,-0.000797,2022-11-10 00:00:00.006
1668067200000,0.0001,2022-11-10 08:00:00.000
1668096000015,0.0001,2022-11-10 16:00:00.015
1668124800000,0.0001,2022-11-11 00:00:00.000
1668153600015,0.0001,2022-11-11 08:00:00.015
1668182400027,0.0001,2022-11-11 16:00:00.027
1668211200007,0.0001,2022-11-12 00:00:00.007
1668240000016,0.0001,2022-11-12 08:00:00.016
1668268800000,0.0001,2022-11-12 16:00:00.000
1668297600004,0.0001,2022-11-13 00:00:00.004
1668326400000,0.0001,2022-11-13 08:00:00.000
1668355200017,-6.678e-05,2022-11-13 16:00:00.017
1668384000000,0.0001,2022-11-14 00:00:00.000
1668412800000,0.0001,2022-11-14 08:00:00.000
1668441600000,0.0001,2022-11-14 16:00:00.000
1668470400014,0.0001,2022-11-15 00:00:00.014
1668499200009,0.0001,2022-11-15 08:00:00.009
1668528000010,0.0001,2022-11-15 16:00:00.010
1668556800011,0.0001,2022-11-16 00:00:00.011
1668585600004,0.0001,2022-11-16 08:00:00.004
1668614400008,0.0001,2022-11-16 16:00:00.008
1668643200000,0.0001,2022-11-17 00:00:00.000
1668672000000,0.0001,2022-11-17 08:00:00.000
1668700800006,0.0001,2022-11-17 16:00:00.006
1668729600004,0.0001,2022-11-18 00:00:00.004
1668758400016,0.0001,2022-11-18 08:00:00.016
1668787200000,0.0001,2022-11-18 16:00:00.000
1668816000000,0.0001,2022-11-19 00:00:00.000
1668844800004,0.0001,2022-11-19 08:00:00.004
1668873600024,0.0001,2022-11-19 16:00:00.024
1668902400015,0.0001,2022-11-20 00:00:00.015
1668931200004,0.0001,2022-11-20 08:00:00.004
1668960000000,0.0001,2022-11-20 16:00:00.000
1668988800006,8.93e-05,2022-11-21 00:00:00.006
1669017600015,3.041e-05,2022-11-21 08:00:00.015
1669046400000,7.412e-05,2022-11-21 16:00:00.000
1669075200000,0.0001,2022-11-22 00:00:00.000
1669104000000,0.0001,2022-11-22 08:00:00.000
1669132800000,0.0001,2022-11-22 16:00:00.000
1669161600000,0.0001,2022-11-23 00:00:00.000
1669190400011,0.0001,2022-11-23 08:00:00.011
1669219200014,0.0001,2022-11-23 16:00:00.014
1669248000007,0.0001,2022-11-24 00:00:00.007
1669276800014,0.0001,2022-11-24 08:00:00.014
1669305600013,0.0001,2022-11-24 16:00:00.013
1669334400004,0.0001,2022-11-25 00:00:00.004
1669363200015,0.0001,2022-11-25 08:00:00.015
1669392000000,0.0001,2022-11-25 16:00:00.000
1669420800011,0.0001,2022-11-26 00:00:00.011
1669449600000,0.0001,2022-11-26 08:00:00.000
1669478400000,0.0001,2022-11-26 16:00:00.000
1669507200012,0.0001,2022-11-27 00:00:00.012
1669536000000,0.0001,2022-11-27 08:00:00.000
1669564800003,0.0001,2022-11-27 16:00:00.003
1669593600015,0.0001,2022-11-28 00:00:00.015
1669622400004,7.604e-05,2022-11-28 08:00:00.004
1669651200011,0.0001,2022-11-28 16:00:00.011
1669680000000,0.0001,2022-11-29 00:00:00.000
1669708800015,0.0001,2022-11-29 08:00:00.015
1669737600000,0.0001,2022-11-29 16:00:00.000
1669766400007,0.0001,2022-11-30 00:00:00.007
1669795200000,0.0001,2022-11-30 08:00:00.000
1669824000015,0.0001,2022-11-30 16:00:00.015
1669852800001,0.0001,2022-12-01 00:00:00.001
1669881600006,0.0001,2022-12-01 08:00:00.006
1669910400000,0.0001,2022-12-01 16:00:00.000
1669939200001,0.0001,2022-12-02 00:00:00.001
1669968000016,0.0001,2022-12-02 08:00:00.016
1669996800017,0.0001,2022-12-02 16:00:00.017
1670025600006,0.0001,2022-12-03 00:00:00.006
1670054400000,0.0001,2022-12-03 08:00:00.000
1670083200011,0.0001,2022-12-03 16:00:00.011
1670112000006,1.968e-05,2022-12-04 00:00:00.006
1670140800000,0.0001,2022-12-04 08:00:00.000
1670169600006,8.235e-05,2022-12-04 16:00:00.006
1670198400002,0.0001,2022-12-05 00:00:00.002
1670227200011,0.0001,2022-12-05 08:00:00.011
1670256000008,9.095e-05,2022-12-05 16:00:00.008
1670284800014,8.674e-05,2022-12-06 00:00:00.014
1670313600027,4.686e-05,2022-12-06 08:00:00.027
1670342400009,0.0001,2022-12-06 16:00:00.009
1670371200000,4.708e-05,2022-12-07 00:00:00.000
1670400000000,6.398e-05,2022-12-07 08:00:00.000
1670428800000,-0.00019465,2022-12-07 16:00:00.000
1670457600006,-0.00026341,2022-12-08 00:00:00.006
1670486400000,3.047e-05,2022-12-08 08:00:00.000
1670515200014,-0.01,2022-12-08 16:00:00.014
1670544000017,-0.01,2022-12-09 00:00:00.017
1670572800005,-0.01,2022-12-09 08:00:00.005
1670601600000,-0.00685127,2022-12-09 16:00:00.000
1670630400009,-0.00431134,2022-12-10 00:00:00.009
1670659200010,-0.00357726,2022-12-10 08:00:00.010
1670688000001,-0.00118777,2022-12-10 16:00:00.001
1670716800011,-0.00113735,2022-12-11 00:00:00.011
1670745600007,-0.0008995,2022-12-11 08:00:00.007
1670774400011,-0.00125608,2022-12-11 16:00:00.011
1670803200000,-0.00232673,2022-12-12 00:00:00.000
1670832000004,-0.00358571,2022-12-12 08:00:00.004
1670860800000,-0.00353202,2022-12-12 16:00:00.000
1670889600000,-0.0025846,2022-12-13 00:00:00.000
1670918400018,-0.00290234,2022-12-13 08:00:00.018
1670947200011,-0.00232076,2022-12-13 16:00:00.011
1670976000010,-0.00082894,2022-12-14 00:00:00.010
1671004800015,-0.00078221,2022-12-14 08:00:00.015
1671033600004,-0.00139859,2022-12-14 16:00:00.004
1671062400000,-0.00107406,2022-12-15 00:00:00.000
1671091200023,-0.00163625,2022-12-15 08:00:00.023
1671120000010,-0.00022681,2022-12-15 16:00:00.010
1671148800016,-0.00046529,2022-12-16 00:00:00.016
1671177600011,-0.00072025,2022-12-16 08:00:00.011
1671206400001,-0.00144243,2022-12-16 16:00:00.001
1671235200001,-0.0024902,2022-12-17 00:00:00.001
1671264000011,-0.00302894,2022-12-17 08:00:00.011
1671292800011,-0.00020806,2022-12-17 16:00:00.011
1671321600008,-0.00026224,2022-12-18 00:00:00.008
1671350400001,-0.00032067,2022-12-18 08:00:00.001
1671379200012,-0.00209892,2022-12-18 16:00:00.012
1671408000000,-0.00079157,2022-12-19 00:00:00.000
1671436800000,-0.0007332,2022-12-19 08:00:00.000
1671465600000,-0.00138719,2022-12-19 16:00:00.000
1671494400005,-0.00020516,2022-12-20 00:00:00.005
1671523200016,-0.00038108,2022-12-20 08:00:00.016
1671552000000,-0.00027287,2022-12-20 16:00:00.000
1671580800007,-0.00010993,2022-12-21 00:00:00.007
1671609600012,-0.00028224,2022-12-21 08:00:00.012
1671638400017,-0.00255476,2022-12-21 16:00:00.017
1671667200004,-0.00335846,2022-12-22 00:00:00.004
1671696000000,-0.00363704,2022-12-22 08:00:00.000
1671724800001,-0.00028231,2022-12-22 16:00:00.001
1671753600018,-7.682e-05,2022-12-23 00:00:00.018
1671782400000,-0.00040714,2022-12-23 08:00:00.000
1671811200000,-2.961e-05,2022-12-23 16:00:00.000
1671840000001,5e-06,2022-12-24 00:00:00.001
1671868800007,-0.00012626,2022-12-24 08:00:00.007
1671897600008,2.711e-05,2022-12-24 16:00:00.008
1671926400000,3.1e-06,2022-12-25 00:00:00.000
1671955200013,-4.094e-05,2022-12-25 08:00:00.013
1671984000000,-8.364e-05,2022-12-25 16:00:00.000
1672012800001,6.074e-05,2022-12-26 00:00:00.001
1672041600000,-0.00030239,2022-12-26 08:00:00.000
1672070400005,-4.499e-05,2022-12-26 16:00:00.005
1672099200005,-2.428e-05,2022-12-27 00:00:00.005
1672128000010,-0.00013795,2022-12-27 08:00:00.010
1672156800006,-0.00016873,2022-12-27 16:00:00.006
1672185600010,-7.64e-05,2022-12-28 00:00:00.010
1672214400010,-0.0001815,2022-12-28 08:00:00.010
1672243200010,-0.00036595,2022-12-28 16:00:00.010
1672272000011,-0.00054833,2022-12-29 00:00:00.011
1672300800000,-0.00049721,2022-12-29 08:00:00.000
1672329600008,-0.0007285,2022-12-29 16:00:00.008
1672358400000,-0.00191327,2022-12-30 00:00:00.000
1672387200000,-0.00095116,2022-12-30 08:00:00.000
1672416000000,-0.00107666,2022-12-30 16:00:00.000
1672444800014,-0.00164124,2022-12-31 00:00:00.014
1672473600000,-0.00044558,2022-12-31 08:00:00.000
1672502400000,-0.00064471,2022-12-31 16:00:00.000
1672531200000,-0.00157559,2023-01-01 00:00:00.000
1672560000008,-0.00095338,2023-01-01 08:00:00.008
1672588800000,-0.00073043,2023-01-01 16:00:00.000
1672617600000,-0.00023715,2023-01-02 00:00:00.000
1672646400008,-0.00018616,2023-01-02 08:00:00.008
1672675200015,-6.94e-05,2023-01-02 16:00:00.015
1672704000003,2.629e-05,2023-01-03 00:00:00.003
1672732800018,3.513e-05,2023-01-03 08:00:00.018
1672761600000,-4.144e-05,2023-01-03 16:00:00.000
1672790400000,5.843e-05,2023-01-04 00:00:00.000
1672819200016,8.814e-05,2023-01-04 08:00:00.016
1672848000011,4.918e-05,2023-01-04 16:00:00.011
1672876800009,-2.567e-05,2023-01-05 00:00:00.009
1672905600011,0.0001,2023-01-05 08:00:00.011
1672934400000,0.0001,2023-01-05 16:00:00.000
1672963200005,0.0001,2023-01-06 00:00:00.005
1672992000001,6.552e-05,2023-01-06 08:00:00.001
1673020800000,0.0001,2023-01-06 16:00:00.000
1673049600006,0.0001,2023-01-07 00:00:00.006
1673078400017,2.331e-05,2023-01-07 08:00:00.017
1673107200000,0.0001,2023-01-07 16:00:00.000
1673136000015,0.0001,2023-01-08 00:00:00.015
1673164800000,0.0001,2023-01-08 08:00:00.000
1673193600010,0.0001,2023-01-08 16:00:00.010
1673222400003,0.0001,2023-01-09 00:00:00.003
1673251200000,0.0001,2023-01-09 08:00:00.000
1673280000006,0.0001,2023-01-09 16:00:00.006
1673308800003,0.0001,2023-01-10 00:00:00.003
1673337600021,0.0001,2023-01-10 08:00:00.021
1673366400000,0.0001,2023-01-10 16:00:00.000
1673395200011,0.0001,2023-01-11 00:00:00.011
1673424000006,0.0001,2023-01-11 08:00:00.006
1673452800004,0.0001,2023-01-11 16:00:00.004
1673481600000,0.0001,2023-01-12 00:00:00.000
1673510400000,0.0001,2023-01-12 08:00:00.000
1673539200000,0.0001,2023-01-12 16:00:00.000
1673568000004,0.0001,2023-01-13 00:00:00.004
1673596800000,0.0001,2023-01-13 08:00:00.000
1673625600018,0.0001,2023-01-13 16:00:00.018
1673654400000,0.0001,2023-01-14 00:00:00.000
1673683200001,0.0001,2023-01-14 08:00:00.001
1673712000000,0.0001,2023-01-14 16:00:00.000
1673740800010,0.0001,2023-01-15 00:00:00.010
1673769600002,0.0001,2023-01-15 08:00:00.002
1673798400000,0.0001,2023-01-15 16:00:00.000
1673827200010,0.0001,2023-01-16 00:00:00.010
1673856000007,0.0001,2023-01-16 08:00:00.007
1673884800000,0.0001,2023-01-16 16:00:00.000
1673913600004,0.0001,2023-01-17 00:00:00.004
1673942400005,0.00023099,2023-01-17 08:00:00.005
1673971200001,0.0001,2023-01-17 16:00:00.001
1674000000008,0.0001,2023-01-18 00:00:00.008
1674028800009,0.0001,2023-01-18 08:00:00.009
1674057600017,0.0001,2023-01-18 16:00:00.017
1674086400000,0.0001,2023-01-19 00:00:00.000
1674115200015,0.0001,2023-01-19 08:00:00.015
1674144000012,0.0001,2023-01-19 16:00:00.012
1674172800000,0.0001,2023-01-20 00:00:00.000
1674201600000,0.0001,2023-01-20 08:00:00.000
1674230400000,0.0001,2023-01-20 16:00:00.000
1674259200013,0.0001,2023-01-21 00:00:00.013
1674288000001,0.00029812,2023-01-21 08:00:00.001
1674316800016,0.00011751,2023-01-21 16:00:00.016
1674345600000,0.00014406,2023-01-22 00:00:00.000
1674374400000,0.00030113,2023-01-22 08:00:00.000
1674403200023,0.0001,2023-01-22 16:00:00.023
1674432000014,0.00030356,2023-01-23 00:00:00.014
1674460800014,0.00027828,2023-01-23 08:00:00.014
1674489600016,0.00028803,2023-01-23 16:00:00.016
1674518400008,0.0001,2023-01-24 00:00:00.008
1674547200008,0.00029842,2023-01-24 08:00:00.008
1674576000000,0.0001,2023-01-24 16:00:00.000
1674604800012,0.0001,2023-01-25 00:00:00.012
1674633600000,0.0001,2023-01-25 08:00:00.000
1674662400010,0.0001,2023-01-25 16:00:00.010
1674691200010,0.0001,2023-01-26 00:00:00.010
1674720000003,0.0001,2023-01-26 08:00:00.003
1674748800020,0.0001,2023-01-26 16:00:00.020
1674777600008,0.0001,2023-01-27 00:00:00.008
1674806400000,0.0001,2023-01-27 08:00:00.000
1674835200000,0.0001,2023-01-27 16:00:00.000
1674864000009,0.0001,2023-01-28 00:00:00.009
1674892800018,0.0001,2023-01-28 08:00:00.018
1674921600005,0.0001,2023-01-28 16:00:00.005
1674950400011,0.00016616,2023-01-29 00:00:00.011
1674979200000,0.0001,2023-01-29 08:00:00.000
1675008000008,0.0001,2023-01-29 16:00:00.008
1675036800001,0.0001,2023-01-30 00:00:00.001
1675065600000,0.0001,2023-01-30 08:00:00.000
1675094400000,0.0001,2023-01-30 16:00:00.000
1675123200005,0.0001,2023-01-31 00:00:00.005
1675152000000,0.0001,2023-01-31 08:00:00.000
1675180800007,0.0001,2023-01-31 16:00:00.007
1675209600013,0.0001,2023-02-01 00:00:00.013
1675238400000,0.0001,2023-02-01 08:00:00.000
1675267200012,0.0001,2023-02-01 16:00:00.012
1675296000004,0.0001,2023-02-02 00:00:00.004
1675324800023,0.0001,2023-02-02 08:00:00.023
1675353600003,0.0001,2023-02-02 16:00:00.003
1675382400010,0.0001,2023-02-03 00:00:00.010
1675411200000,0.0001,2023-02-03 08:00:00.000
1675440000000,0.00031769,2023-02-03 16:00:00.000
1675468800010,0.00017198,2023-02-04 00:00:00.010
1675497600000,0.00027731,2023-02-04 08:00:00.000
1675526400000,0.00026245,2023-02-04 16:00:00.000
1675555200016,0.00034091,2023-02-05 00:00:00.016
1675584000009,0.00015204,2023-02-05 08:00:00.009
1675612800018,0.0001,2023-02-05 16:00:00.018
1675641600001,0.0001,2023-02-06 00:00:00.001
1675670400000,0.0001,2023-02-06 08:00:00.000
1675699200012,0.0001,2023-02-06 16:00:00.012
1675728000004,0.0001,2023-02-07 00:00:00.004
1675756800011,0.0001,2023-02-07 08:00:00.011
1675785600018,0.00013171,2023-02-07 16:00:00.018
1675814400009,0.00021471,2023-02-08 00:00:00.009
1675843200010,0.00014885,2023-02-08 08:00:00.010
1675872000000,0.00010318,2023-02-08 16:00:00.000
1675900800014,0.00013092,2023-02-09 00:00:00.014
1675929600006,0.0001,2023-02-09 08:00:00.006
1675958400001,0.0001,2023-02-09 16:00:00.001
1675987200012,0.0001,2023-02-10 00:00:00.012
1676016000005,0.0001,2023-02-10 08:00:00.005
1676044800020,0.0001,2023-02-10 16:00:00.020
1676073600007,0.0001,2023-02-11 00:00:00.007
1676102400002,0.0001,2023-02-11 08:00:00.002
1676131200021,0.0001,2023-02-11 16:00:00.021
1676160000004,0.0001,2023-02-12 00:00:00.004
1676188800000,0.0001,2023-02-12 08:00:00.000
1676217600002,0.0001,2023-02-12 16:00:00.002
1676246400006,0.0001,2023-02-13 00:00:00.006
1676275200008,0.0001,2023-02-13 08:00:00.008
1676304000002,0.0001,2023-02-13 16:00:00.002
1676332800013,0.0001,2023-02-14 00:00:00.013
1676361600014,0.0001,2023-02-14 08:00:00.014
1676390400016,0.0001,2023-02-14 16:00:00.016
1676419200011,0.0001,2023-02-15 00:00:00.011
1676448000000,0.0001,2023-02-15 08:00:00.000
1676476800005,0.0001,2023-02-15 16:00:00.005
1676505600019,0.0001,2023-02-16 00:00:00.019
1676534400000,0.0001,2023-02-16 08:00:00.000
1676563200001,0.0001,2023-02-16 16:00:00.001
1676592000003,0.0001,2023-02-17 00:00:00.003
1676620800016,0.0001,2023-02-17 08:00:00.016
1676649600000,0.0001,2023-02-17 16:00:00.000
1676678400011,0.0001,2023-02-18 00:00:00.011
1676707200000,0.0001,2023-02-18 08:00:00.000
1676736000007,0.0001,2023-02-18 16:00:00.007
1676764800019,0.0001,2023-02-19 00:00:00.019
1676793600005,0.0001,2023-02-19 08:00:00.005
1676822400003,0.0001,2023-02-19 16:00:00.003
1676851200006,0.0001,2023-02-20 00:00:00.006
1676880000008,0.0001,2023-02-20 08:00:00.008
1676908800006,0.0001,2023-02-20 16:00:00.006
1676937600001,0.00027678,2023-02-21 00:00:00.001
1676966400004,0.0001,2023-02-21 08:00:00.004
1676995200011,0.0001,2023-02-21 16:00:00.011
1677024000009,0.0001,2023-02-22 00:00:00.009
1677052800010,0.0001,2023-02-22 08:00:00.010
1677081600000,0.0001,2023-02-22 16:00:00.000
1677110400006,0.0001,2023-02-23 00:00:00.006
1677139200005,0.0001,2023-02-23 08:00:00.005
1677168000002,0.0001,2023-02-23 16:00:00.002
1677196800015,0.0001,2023-02-24 00:00:00.015
1677225600011,0.0001,2023-02-24 08:00:00.011
1677254400014,0.0001,2023-02-24 16:00:00.014
1677283200015,0.0001,2023-02-25 00:00:00.015
1677312000015,0.0001,2023-02-25 08:00:00.015
1677340800015,0.0001,2023-02-25 16:00:00.015
1677369600007,0.0001,2023-02-26 00:00:00.007
1677398400012,0.0001,2023-02-26 08:00:00.012
1677427200000,0.0001,2023-02-26 16:00:00.000
1677456000011,0.0001,2023-02-27 00:00:00.011
1677484800003,0.0001,2023-02-27 08:00:00.003
1677513600000,0.0001,2023-02-27 16:00:00.000
1677542400011,0.0001,2023-02-28 00:00:00.011
1677571200018,0.0001,2023-02-28 08:00:00.018
1677600000005,0.0001,2023-02-28 16:00:00.005
1677628800016,0.0001,2023-03-01 00:00:00.016
1677657600000,0.0001,2023-03-01 08:00:00.000
1677686400008,0.0001,2023-03-01 16:00:00.008
1677715200009,0.0001,2023-03-02 00:00:00.009
1677744000013,0.0001,2023-03-02 08:00:00.013
1677772800000,0.0001,2023-03-02 16:00:00.000
1677801600000,0.0001,2023-03-03 00:00:00.000
1677830400013,9.937e-05,2023-03-03 08:00:00.013
1677859200000,0.0001,2023-03-03 16:00:00.000
1677888000001,0.0001,2023-03-04 00:00:00.001
1677916800008,0.0001,2023-03-04 08:00:00.008
1677945600012,0.0001,2023-03-04 16:00:00.012
1677974400000,0.0001,2023-03-05 00:00:00.000
1678003200000,0.0001,2023-03-05 08:00:00.000
1678032000015,0.0001,2023-03-05 16:00:00.015
1678060800007,0.0001,2023-03-06 00:00:00.007
1678089600017,0.0001,2023-03-06 08:00:00.017
1678118400000,0.0001,2023-03-06 16:00:00.000
1678147200009,0.0001,2023-03-07 00:00:00.009
1678176000016,9.787e-05,2023-03-07 08:00:00.016
1678204800017,0.0001,2023-03-07 16:00:00.017
1678233600000,0.0001,2023-03-08 00:00:00.000
1678262400014,0.0001,2023-03-08 08:00:00.014
1678291200021,0.0001,2023-03-08 16:00:00.021
1678320000010,0.0001,2023-03-09 00:00:00.010
1678348800013,9.468e-05,2023-03-09 08:00:00.013
1678377600002,0.0001,2023-03-09 16:00:00.002
1678406400000,3.932e-05,2023-03-10 00:00:00.000
1678435200000,0.0001,2023-03-10 08:00:00.000
1678464000005,2.444e-05,2023-03-10 16:00:00.005
1678492800011,-1.506e-05,2023-03-11 00:00:00.011
1678521600003,-5.846e-05,2023-03-11 08:00:00.003
1678550400011,2.921e-05,2023-03-11 16:00:00.011
1678579200001,6.235e-05,2023-03-12 00:00:00.001
1678608000000,3.079e-05,2023-03-12 08:00:00.000
1678636800005,-1.822e-05,2023-03-12 16:00:00.005
1678665600010,0.0001,2023-03-13 00:00:00.010
1678694400018,0.0001,2023-03-13 08:00:00.018
1678723200003,0.0001,2023-03-13 16:00:00.003
1678752000010,0.0001,2023-03-14 00:00:00.010
1678780800009,0.0001,2023-03-14 08:00:00.009
1678809600010,0.0001,2023-03-14 16:00:00.010
1678838400011,0.0001,2023-03-15 00:00:00.011
1678867200000,0.0001,2023-03-15 08:00:00.000
1678896000012,0.0001,2023-03-15 16:00:00.012
1678924800004,9.04e-05,2023-03-16 00:00:00.004
1678953600018,0.0001,2023-03-16 08:00:00.018
1678982400005,9.991e-05,2023-03-16 16:00:00.005
1679011200017,0.0001,2023-03-17 00:00:00.017
1679040000010,0.0001,2023-03-17 08:00:00.010
1679068800003,0.0001,2023-03-17 16:00:00.003
1679097600012,0.0001,2023-03-18 00:00:00.012
1679126400000,0.0001,2023-03-18 08:00:00.000
1679155200016,0.0001,2023-03-18 16:00:00.016
1679184000013,0.0001,2023-03-19 00:00:00.013
1679212800024,0.0001,2023-03-19 08:00:00.024
1679241600000,0.0001,2023-03-19 16:00:00.000
1679270400005,0.0001,2023-03-20 00:00:00.005
1679299200012,0.0001,2023-03-20 08:00:00.012
1679328000015,0.0001,2023-03-20 16:00:00.015
1679356800006,0.0001,2023-03-21 00:00:00.006
1679385600004,0.0001,2023-03-21 08:00:00.004
1679414400003,0.0001,2023-03-21 16:00:00.003
1679443200000,0.0001,2023-03-22 00:00:00.000
1679472000003,0.0001,2023-03-22 08:00:00.003
1679500800000,0.0001,2023-03-22 16:00:00.000
1679529600016,0.0001,2023-03-23 00:00:00.016
1679558400001,0.0001,2023-03-23 08:00:00.001
1679587200013,0.0001,2023-03-23 16:00:00.013
1679616000013,0.0001,2023-03-24 00:00:00.013
1679644800012,0.0001,2023-03-24 08:00:00.012
1679673600027,0.0001,2023-03-24 16:00:00.027
1679702400015,0.0001,2023-03-25 00:00:00.015
1679731200011,0.0001,2023-03-25 08:00:00.011
1679760000011,0.0001,2023-03-25 16:00:00.011
1679788800000,7.186e-05,2023-03-26 00:00:00.000
1679817600015,0.0001,2023-03-26 08:00:00.015
1679846400000,5.804e-05,2023-03-26 16:00:00.000
1679875200019,9.656e-05,2023-03-27 00:00:00.019
1679904000009,3.565e-05,2023-03-27 08:00:00.009
1679932800000,0.0001,2023-03-27 16:00:00.000
1679961600007,5.16e-05,2023-03-28 00:00:00.007
1679990400000,1.187e-05,2023-03-28 08:00:00.000
1680019200013,0.0001,2023-03-28 16:00:00.013
1680048000010,0.0001,2023-03-29 00:00:00.010
1680076800006,6.153e-05,2023-03-29 08:00:00.006
1680105600014,0.0001,2023-03-29 16:00:00.014
1680134400000,0.0001,2023-03-30 00:00:00.000
1680163200000,0.0001,2023-03-30 08:00:00.000
1680192000006,0.0001,2023-03-30 16:00:00.006
1680220800003,0.0001,2023-03-31 00:00:00.003
1680249600006,9.251e-05,2023-03-31 08:00:00.006
1680278400011,0.0001,2023-03-31 16:00:00.011
1680307200000,0.0001,2023-04-01 00:00:00.000
1680336000000,0.0001,2023-04-01 08:00:00.000
1680364800018,0.0001,2023-04-01 16:00:00.018
1680393600013,0.0001,2023-04-02 00:00:00.013
1680422400014,0.0001,2023-04-02 08:00:00.014
1680451200001,9.83e-05,2023-04-02 16:00:00.001
1680480000000,0.0001,2023-04-03 00:00:00.000
1680508800013,0.0001,2023-04-03 08:00:00.013
1680537600011,0.0001,2023-04-03 16:00:00.011
1680566400002,0.0001,2023-04-04 00:00:00.002
1680595200017,6.361e-05,2023-04-04 08:00:00.017
1680624000008,0.0001,2023-04-04 16:00:00.008
1680652800000,0.0001,2023-04-05 00:00:00.000
1680681600016,0.0001,2023-04-05 08:00:00.016
1680710400004,0.0001,2023-04-05 16:00:00.004
1680739200000,0.0001,2023-04-06 00:00:00.000
1680768000011,0.0001,2023-04-06 08:00:00.011
1680796800000,0.0001,2023-04-06 16:00:00.000
1680825600006,0.0001,2023-04-07 00:00:00.006
1680854400005,0.0001,2023-04-07 08:00:00.005
1680883200000,0.0001,2023-04-07 16:00:00.000
1680912000000,0.0001,2023-04-08 00:00:00.000
1680940800014,0.0001,2023-04-08 08:00:00.014
1680969600018,0.0001,2023-04-08 16:00:00.018
1680998400013,3.199e-05,2023-04-09 00:00:00.013
1681027200024,0.0001,2023-04-09 08:00:00.024
1681056000010,5.299e-05,2023-04-09 16:00:00.010
1681084800000,0.0001,2023-04-10 00:00:00.000
1681113600010,0.0001,2023-04-10 08:00:00.010
1681142400006,0.0001,2023-04-10 16:00:00.006
1681171200008,0.0001,2023-04-11 00:00:00.008
1681200000007,0.0001,2023-04-11 08:00:00.007
1681228800016,0.0001,2023-04-11 16:00:00.016
1681257600006,0.0001,2023-04-12 00:00:00.006
1681286400008,0.0001,2023-04-12 08:00:00.008
1681315200014,0.0001,2023-04-12 16:00:00.014
1681344000027,0.0001,2023-04-13 00:00:00.027
1681372800010,0.0001,2023-04-13 08:00:00.010
1681401600000,0.0001,2023-04-13 16:00:00.000
1681430400001,0.0001,2023-04-14 00:00:00.001
1681459200008,0.0001,2023-04-14 08:00:00.008
1681488000007,0.0001,2023-04-14 16:00:00.007
1681516800007,0.0001,2023-04-15 00:00:00.007
1681545600007,0.0001,2023-04-15 08:00:00.007
1681574400011,0.0001,2023-04-15 16:00:00.011
1681603200014,0.0001,2023-04-16 00:00:00.014
1681632000007,0.0001,2023-04-16 08:00:00.007
1681660800002,0.0001,2023-04-16 16:00:00.002
1681689600017,0.00029765,2023-04-17 00:00:00.017
1681718400006,0.00015624,2023-04-17 08:00:00.006
1681747200000,0.0001,2023-04-17 16:00:00.000
1681776000013,0.0001,2023-04-18 00:00:00.013
1681804800017,0.0001,2023-04-18 08:00:00.017
1681833600000,0.00021052,2023-04-18 16:00:00.000
1681862400022,0.0001,2023-04-19 00:00:00.022
1681891200014,0.0001,2023-04-19 08:00:00.014
1681920000000,0.0001,2023-04-19 16:00:00.000
1681948800010,0.0001,2023-04-20 00:00:00.010
1681977600012,8.014e-05,2023-04-20 08:00:00.012
1682006400012,8.233e-05,2023-04-20 16:00:00.012
1682035200009,4.024e-05,2023-04-21 00:00:00.009
1682064000009,0.0001,2023-04-21 08:00:00.009
1682092800003,0.0001,2023-04-21 16:00:00.003
1682121600000,0.0001,2023-04-22 00:00:00.000
1682150400000,6.44e-06,2023-04-22 08:00:00.000
1682179200016,0.0001,2023-04-22 16:00:00.016
1682208000009,0.0001,2023-04-23 00:00:00.009
1682236800020,0.0001,2023-04-23 08:00:00.020
1682265600007,0.0001,2023-04-23 16:00:00.007
1682294400000,0.0001,2023-04-24 00:00:00.000
1682323200008,0.0001,2023-04-24 08:00:00.008
1682352000006,0.0001,2023-04-24 16:00:00.006
1682380800014,0.0001,2023-04-25 00:00:00.014
1682409600009,0.0001,2023-04-25 08:00:00.009
1682438400015,0.0001,2023-04-25 16:00:00.015
1682467200015,0.0001,2023-04-26 00:00:00.015
1682496000013,0.0001,2023-04-26 08:00:00.013
1682524800001,0.0001,2023-04-26 16:00:00.001
1682553600014,0.0001,2023-04-27 00:00:00.014
1682582400008,0.0001,2023-04-27 08:00:00.008
1682611200005,0.0001,2023-04-27 16:00:00.005
1682640000011,0.0001,2023-04-28 00:00:00.011
1682668800007,0.0001,2023-04-28 08:00:00.007
1682697600006,0.0001,2023-04-28 16:00:00.006
1682726400004,0.0001,2023-04-29 00:00:00.004
1682755200016,0.0001,2023-04-29 08:00:00.016
1682784000001,0.0001,2023-04-29 16:00:00.001
1682812800008,0.0001,2023-04-30 00:00:00.008
1682841600000,7.857e-05,2023-04-30 08:00:00.000
1682870400010,0.0001,2023-04-30 16:00:00.010
1682899200004,0.0001,2023-05-01 00:00:00.004
1682928000008,0.0001,2023-05-01 08:00:00.008
1682956800014,0.0001,2023-05-01 16:00:00.014
1682985600015,0.0001,2023-05-02 00:00:00.015
1683014400018,0.0001,2023-05-02 08:00:00.018
1683043200000,0.0001,2023-05-02 16:00:00.000
1683072000009,6.808e-05,2023-05-03 00:00:00.009
1683100800003,0.0001,2023-05-03 08:00:00.003
1683129600011,0.0001,2023-05-03 16:00:00.011
1683158400000,0.0001,2023-05-04 00:00:00.000
1683187200000,0.0001,2023-05-04 08:00:00.000
1683216000011,0.0001,2023-05-04 16:00:00.011
1683244800002,0.0001,2023-05-05 00:00:00.002
1683273600000,0.0001,2023-05-05 08:00:00.000
1683302400000,0.0001,2023-05-05 16:00:00.000
1683331200009,0.0001,2023-05-06 00:00:00.009
1683360000000,0.0001,2023-05-06 08:00:00.000
1683388800000,0.0001,2023-05-06 16:00:00.000
1683417600000,0.0001,2023-05-07 00:00:00.000
1683446400000,0.0001,2023-05-07 08:00:00.000
1683475200006,0.0001,2023-05-07 16:00:00.006
1683504000000,0.0001,2023-05-08 00:00:00.000
1683532800007,0.0001,2023-05-08 08:00:00.007
1683561600015,0.0001,2023-05-08 16:00:00.015
1683590400015,1.931e-05,2023-05-09 00:00:00.015
1683619200000,6.688e-05,2023-05-09 08:00:00.000
1683648000000,7.063e-05,2023-05-09 16:00:00.000
1683676800007,7.645e-05,2023-05-10 00:00:00.007
1683705600003,7.443e-05,2023-05-10 08:00:00.003
1683734400000,0.0001,2023-05-10 16:00:00.000
1683763200011,0.0001,2023-05-11 00:00:00.011
1683792000000,0.0001,2023-05-11 08:00:00.000
1683820800005,0.0001,2023-05-11 16:00:00.005
1683849600020,0.0001,2023-05-12 00:00:00.020
1683878400001,0.0001,2023-05-12 08:00:00.001
1683907200010,5.677e-05,2023-05-12 16:00:00.010
1683936000000,0.0001,2023-05-13 00:00:00.000
1683964800000,7.602e-05,2023-05-13 08:00:00.000
1683993600026,1.9e-06,2023-05-13 16:00:00.026
1684022400029,6.676e-05,2023-05-14 00:00:00.029
1684051200010,2.487e-05,2023-05-14 08:00:00.010
1684080000008,4.273e-05,2023-05-14 16:00:00.008
1684108800006,8.422e-05,2023-05-15 00:00:00.006
1684137600005,0.0001,2023-05-15 08:00:00.005
1684166400008,4.47e-05,2023-05-15 16:00:00.008
1684195200021,0.0001,2023-05-16 00:00:00.021
1684224000000,0.0001,2023-05-16 08:00:00.000
1684252800000,0.0001,2023-05-16 16:00:00.000
1684281600010,0.0001,2023-05-17 00:00:00.010
1684310400000,5.561e-05,2023-05-17 08:00:00.000
1684339200001,0.0001,2023-05-17 16:00:00.001
1684368000000,0.0001,2023-05-18 00:00:00.000
1684396800026,0.0001,2023-05-18 08:00:00.026
1684425600019,6.165e-05,2023-05-18 16:00:00.019
1684454400000,0.0001,2023-05-19 00:00:00.000
1684483200002,0.0001,2023-05-19 08:00:00.002
1684512000000,0.0001,2023-05-19 16:00:00.000
1684540800005,0.0001,2023-05-20 00:00:00.005
1684569600014,2.991e-05,2023-05-20 08:00:00.014
1684598400020,0.0001,2023-05-20 16:00:00.020
1684627200014,0.0001,2023-05-21 00:00:00.014
1684656000001,0.0001,2023-05-21 08:00:00.001
1684684800015,0.0001,2023-05-21 16:00:00.015
1684713600028,0.0001,2023-05-22 00:00:00.028
1684742400000,0.0001,2023-05-22 08:00:00.000
1684771200012,0.0001,2023-05-22 16:00:00.012
1684800000006,0.0001,2023-05-23 00:00:00.006
1684828800014,-0.00032571,2023-05-23 08:00:00.014
1684857600008,-0.00048277,2023-05-23 16:00:00.008
1684886400000,-0.00012912,2023-05-24 00:00:00.000
1684915200025,-0.00022362,2023-05-24 08:00:00.025
1684944000008,4.079e-05,2023-05-24 16:00:00.008
1684972800000,9.944e-05,2023-05-25 00:00:00.000
1685001600025,3.948e-05,2023-05-25 08:00:00.025
1685030400016,4.54e-05,2023-05-25 16:00:00.016
1685059200000,7.253e-05,2023-05-26 00:00:00.000
1685088000024,8.058e-05,2023-05-26 08:00:00.024
1685116800012,5.017e-05,2023-05-26 16:00:00.012
1685145600012,0.0001,2023-05-27 00:00:00.012
1685174400018,0.0001,2023-05-27 08:00:00.018
1685203200008,0.0001,2023-05-27 16:00:00.008
1685232000017,0.0001,2023-05-28 00:00:00.017
1685260800015,0.0001,2023-05-28 08:00:00.015
1685289600000,0.0001,2023-05-28 16:00:00.000
1685318400000,0.0001,2023-05-29 00:00:00.000
1685347200020,0.0001,2023-05-29 08:00:00.020
1685376000011,0.0001,2023-05-29 16:00:00.011
1685404800003,0.0001,2023-05-30 00:00:00.003
1685433600000,0.0001,2023-05-30 08:00:00.000
1685462400003,0.0001,2023-05-30 16:00:00.003
1685491200013,0.0001,2023-05-31 00:00:00.013
1685520000000,0.0001,2023-05-31 08:00:00.000
1685548800000,0.0001,2023-05-31 16:00:00.000
1685577600008,0.0001,2023-06-01 00:00:00.008
1685606400012,0.0001,2023-06-01 08:00:00.012
1685635200000,0.0001,2023-06-01 16:00:00.000
1685664000000,0.0001,2023-06-02 00:00:00.000
1685692800006,0.0001,2023-06-02 08:00:00.006
1685721600012,0.0001,2023-06-02 16:00:00.012
1685750400000,0.0001,2023-06-03 00:00:00.000
1685779200011,0.0001,2023-06-03 08:00:00.011
1685808000003,0.0001,2023-06-03 16:00:00.003
1685836800000,0.0001,2023-06-04 00:00:00.000
1685865600000,0.0001,2023-06-04 08:00:00.000
1685894400000,0.0001,2023-06-04 16:00:00.000
1685923200005,0.0001,2023-06-05 00:00:00.005
1685952000000,0.0001,2023-06-05 08:00:00.000
1685980800000,0.0001,2023-06-05 16:00:00.000
1686009600000,7.765e-05,2023-06-06 00:00:00.000
1686038400009,8.907e-05,2023-06-06 08:00:00.009
1686067200013,0.0001,2023-06-06 16:00:00.013
1686096000000,0.0001,2023-06-07 00:00:00.000
1686124800016,2.228e-05,2023-06-07 08:00:00.016
1686153600000,0.0001,2023-06-07 16:00:00.000
1686182400006,0.0001,2023-06-08 00:00:00.006
1686211200000,0.0001,2023-06-08 08:00:00.000
1686240000000,0.0001,2023-06-08 16:00:00.000
1686268800000,0.0001,2023-06-09 00:00:00.000
1686297600000,0.0001,2023-06-09 08:00:00.000
1686326400000,0.0001,2023-06-09 16:00:00.000
1686355200000,0.0001,2023-06-10 00:00:00.000
1686384000000,-6.021e-05,2023-06-10 08:00:00.000
1686412800000,-2.79e-06,2023-06-10 16:00:00.000
1686441600001,5.531e-05,2023-06-11 00:00:00.001
1686470400000,-4.131e-05,2023-06-11 08:00:00.000
1686499200000,7.385e-05,2023-06-11 16:00:00.000
1686528000000,8.86e-05,2023-06-12 00:00:00.000
1686556800000,0.0001,2023-06-12 08:00:00.000
1686585600001,0.0001,2023-06-12 16:00:00.001
1686614400000,0.0001,2023-06-13 00:00:00.000
1686643200000,0.0001,2023-06-13 08:00:00.000
1686672000000,3.167e-05,2023-06-13 16:00:00.000
1686700800000,0.0001,2023-06-14 00:00:00.000
1686729600000,6.834e-05,2023-06-14 08:00:00.000
1686758400000,0.0001,2023-06-14 16:00:00.000
1686787200000,8.328e-05,2023-06-15 00:00:00.000
1686816000000,7.851e-05,2023-06-15 08:00:00.000
1686844800000,7.317e-05,2023-06-15 16:00:00.000
1686873600000,8.415e-05,2023-06-16 00:00:00.000
1686902400000,0.0001,2023-06-16 08:00:00.000
1686931200000,8.499e-05,2023-06-16 16:00:00.000
1686960000000,0.0001,2023-06-17 00:00:00.000
1686988800000,6.41e-05,2023-06-17 08:00:00.000
1687017600000,0.0001,2023-06-17 16:00:00.000
1687046400000,0.0001,2023-06-18 00:00:00.000
1687075200000,0.0001,2023-06-18 08:00:00.000
1687104000000,0.0001,2023-06-18 16:00:00.000
1687132800000,0.0001,2023-06-19 00:00:00.000
1687161600000,0.0001,2023-06-19 08:00:00.000
1687190400000,9.71e-05,2023-06-19 16:00:00.000
1687219200001,0.0001,2023-06-20 00:00:00.001
1687248000000,9.767e-05,2023-06-20 08:00:00.000
1687276800000,0.0001,2023-06-20 16:00:00.000
1687305600000,0.0001,2023-06-21 00:00:00.000
1687334400000,0.0001,2023-06-21 08:00:00.000
1687363200000,7.213e-05,2023-06-21 16:00:00.000
1687392000000,7.324e-05,2023-06-22 00:00:00.000
1687420800001,0.0001,2023-06-22 08:00:00.001
1687449600000,0.0001,2023-06-22 16:00:00.000
1687478400000,7.163e-05,2023-06-23 00:00:00.000
1687507200000,0.0001,2023-06-23 08:00:00.000
1687536000000,0.0001,2023-06-23 16:00:00.000
1687564800000,0.0001,2023-06-24 00:00:00.000
1687593600000,-0.00090372,2023-06-24 08:00:00.000
1687622400000,-0.00247054,2023-06-24 16:00:00.000
1687651200000,-0.00030468,2023-06-25 00:00:00.000
1687680000000,-0.0001859,2023-06-25 08:00:00.000
1687708800000,-0.00026712,2023-06-25 16:00:00.000
1687737600000,-0.00014569,2023-06-26 00:00:00.000
1687766400000,6.182e-05,2023-06-26 08:00:00.000
1687795200000,8.103e-05,2023-06-26 16:00:00.000
1687824000000,0.0001,2023-06-27 00:00:00.000
1687852800000,-0.00015979,2023-06-27 08:00:00.000
1687881600000,-0.00026639,2023-06-27 16:00:00.000
1687910400000,-2.891e-05,2023-06-28 00:00:00.000
1687939200000,-0.00064912,2023-06-28 08:00:00.000
1687968000000,-9.349e-05,2023-06-28 16:00:00.000
1687996800000,-4.224e-05,2023-06-29 00:00:00.000
1688025600000,-6.5e-06,2023-06-29 08:00:00.000
1688054400000,-0.00037536,2023-06-29 16:00:00.000
1688083200000,-6.998e-05,2023-06-30 00:00:00.000
1688112000000,-0.00045378,2023-06-30 08:00:00.000
1688140800001,-0.00027203,2023-06-30 16:00:00.001
1688169600000,-9.472e-05,2023-07-01 00:00:00.000
1688198400000,-2.592e-05,2023-07-01 08:00:00.000
1688227200000,-9.079e-05,2023-07-01 16:00:00.000
1688256000000,0.0001,2023-07-02 00:00:00.000
1688284800000,0.0001,2023-07-02 08:00:00.000
1688313600001,0.0001,2023-07-02 16:00:00.001
1688342400000,7.128e-05,2023-07-03 00:00:00.000
1688371200000,2.14e-05,2023-07-03 08:00:00.000
1688400000000,0.0001,2023-07-03 16:00:00.000
1688428800001,0.0001,2023-07-04 00:00:00.001
1688457600000,4.464e-05,2023-07-04 08:00:00.000
1688486400000,0.0001,2023-07-04 16:00:00.000
1688515200000,0.0001,2023-07-05 00:00:00.000
1688544000000,6.743e-05,2023-07-05 08:00:00.000
1688572800000,6.11e-06,2023-07-05 16:00:00.000
1688601600000,-2.333e-05,2023-07-06 00:00:00.000
1688630400000,-0.00291208,2023-07-06 08:00:00.000
1688659200000,-0.00034502,2023-07-06 16:00:00.000
1688688000000,-0.00017118,2023-07-07 00:00:00.000
1688716800000,-0.00025719,2023-07-07 08:00:00.000
1688745600000,-0.00013791,2023-07-07 16:00:00.000
1688774400000,-0.00092371,2023-07-08 00:00:00.000
1688803200000,-2.76e-06,2023-07-08 08:00:00.000
1688832000000,-1.32e-05,2023-07-08 16:00:00.000
1688860800000,-1.017e-05,2023-07-09 00:00:00.000
1688889600000,1.88e-05,2023-07-09 08:00:00.000
1688918400000,-4.576e-05,2023-07-09 16:00:00.000
1688947200000,8.2e-05,2023-07-10 00:00:00.000
1688976000000,-0.00224292,2023-07-10 08:00:00.000
1689004800000,1.386e-05,2023-07-10 16:00:00.000
1689033600000,-3.282e-05,2023-07-11 00:00:00.000
1689062400000,-0.00015743,2023-07-11 08:00:00.000
1689091200000,-8.112e-05,2023-07-11 16:00:00.000
1689120000000,-7.555e-05,2023-07-12 00:00:00.000
1689148800000,-1.584e-05,2023-07-12 08:00:00.000
1689177600000,-3.371e-05,2023-07-12 16:00:00.000
1689206400000,6.585e-05,2023-07-13 00:00:00.000
1689235200000,4.905e-05,2023-07-13 08:00:00.000
1689264000000,-0.00017548,2023-07-13 16:00:00.000
1689292800000,0.0001,2023-07-14 00:00:00.000
1689321600000,0.0001,2023-07-14 08:00:00.000
1689350400000,0.0001,2023-07-14 16:00:00.000
1689379200000,0.0001,2023-07-15 00:00:00.000
1689408000000,0.0001,2023-07-15 08:00:00.000
1689436800000,0.0001,2023-07-15 16:00:00.000
1689465600001,0.0001,2023-07-16 00:00:00.001
1689494400000,8.774e-05,2023-07-16 08:00:00.000
1689523200000,0.0001,2023-07-16 16:00:00.000
1689552000000,0.0001,2023-07-17 00:00:00.000
1689580800000,0.0001,2023-07-17 08:00:00.000
1689609600000,0.0001,2023-07-17 16:00:00.000
1689638400000,0.0001,2023-07-18 00:00:00.000
1689667200000,0.0001,2023-07-18 08:00:00.000
1689696000000,0.0001,2023-07-18 16:00:00.000
1689724800000,0.0001,2023-07-19 00:00:00.000
1689753600000,0.0001,2023-07-19 08:00:00.000
1689782400001,0.0001,2023-07-19 16:00:00.001
1689811200000,0.0001,2023-07-20 00:00:00.000
1689840000000,0.0001,2023-07-20 08:00:00.000
1689868800000,0.0001,2023-07-20 16:00:00.000
1689897600001,0.0001,2023-07-21 00:00:00.001
1689926400000,0.0001,2023-07-21 08:00:00.000
1689955200000,0.0001,2023-07-21 16:00:00.000
1689984000000,0.0001,2023-07-22 00:00:00.000
1690012800000,0.0001,2023-07-22 08:00:00.000
1690041600000,3.88e-05,2023-07-22 16:00:00.000
1690070400000,9.479e-05,2023-07-23 00:00:00.000
1690099200000,0.0001,2023-07-23 08:00:00.000
1690128000000,0.0001,2023-07-23 16:00:00.000
1690156800000,3.914e-05,2023-07-24 00:00:00.000
1690185600000,9.053e-05,2023-07-24 08:00:00.000
1690214400000,0.0001,2023-07-24 16:00:00.000
1690243200000,2.48e-05,2023-07-25 00:00:00.000
1690272000000,9.126e-05,2023-07-25 08:00:00.000
1690300800000,4.105e-05,2023-07-25 16:00:00.000
1690329600000,6.474e-05,2023-07-26 00:00:00.000
1690358400001,6.848e-05,2023-07-26 08:00:00.001
1690387200000,0.0001,2023-07-26 16:00:00.000
1690416000000,0.0001,2023-07-27 00:00:00.000
1690444800000,9.726e-05,2023-07-27 08:00:00.000
1690473600001,0.0001,2023-07-27 16:00:00.001
1690502400000,0.0001,2023-07-28 00:00:00.000
1690531200000,0.0001,2023-07-28 08:00:00.000
1690560000000,0.0001,2023-07-28 16:00:00.000
1690588800000,0.0001,2023-07-29 00:00:00.000
1690617600000,0.0001,2023-07-29 08:00:00.000
1690646400001,0.0001,2023-07-29 16:00:00.001
1690675200000,0.0001,2023-07-30 00:00:00.000
1690704000000,0.0001,2023-07-30 08:00:00.000
1690732800000,0.0001,2023-07-30 16:00:00.000
1690761600000,0.0001,2023-07-31 00:00:00.000
1690790400000,0.0001,2023-07-31 08:00:00.000
1690819200001,0.0001,2023-07-31 16:00:00.001
1690848000000,0.0001,2023-08-01 00:00:00.000
1690876800000,0.0001,2023-08-01 08:00:00.000
1690905600000,0.0001,2023-08-01 16:00:00.000
1690934400000,0.0001,2023-08-02 00:00:00.000
1690963200000,0.0001,2023-08-02 08:00:00.000
1690992000000,0.0001,2023-08-02 16:00:00.000
1691020800000,0.0001,2023-08-03 00:00:00.000
1691049600000,0.0001,2023-08-03 08:00:00.000
1691078400001,0.0001,2023-08-03 16:00:00.001
1691107200000,0.0001,2023-08-04 00:00:00.000
1691136000000,9.911e-05,2023-08-04 08:00:00.000
1691164800000,0.0001,2023-08-04 16:00:00.000
1691193600000,0.0001,2023-08-05 00:00:00.000
1691222400000,0.0001,2023-08-05 08:00:00.000
1691251200001,0.0001,2023-08-05 16:00:00.001
1691280000000,0.0001,2023-08-06 00:00:00.000
1691308800001,0.0001,2023-08-06 08:00:00.001
1691337600005,0.0001,2023-08-06 16:00:00.005
1691366400000,0.0001,2023-08-07 00:00:00.000
1691395200000,0.0001,2023-08-07 08:00:00.000
1691424000000,0.0001,2023-08-07 16:00:00.000
1691452800000,0.0001,2023-08-08 00:00:00.000
1691481600000,0.0001,2023-08-08 08:00:00.000
1691510400000,0.0001,2023-08-08 16:00:00.000
1691539200000,0.0001,2023-08-09 00:00:00.000
1691568000000,0.0001,2023-08-09 08:00:00.000
1691596800000,0.0001,2023-08-09 16:00:00.000
1691625600001,0.0001,2023-08-10 00:00:00.001
1691654400000,0.0001,2023-08-10 08:00:00.000
1691683200000,0.0001,2023-08-10 16:00:00.000
1691712000000,0.0001,2023-08-11 00:00:00.000
1691740800000,0.0001,2023-08-11 08:00:00.000
1691769600000,0.0001,2023-08-11 16:00:00.000
1691798400000,0.0001,2023-08-12 00:00:00.000
1691827200000,0.0001,2023-08-12 08:00:00.000
1691856000000,0.0001,2023-08-12 16:00:00.000
1691884800000,0.0001,2023-08-13 00:00:00.000
1691913600000,8.965e-05,2023-08-13 08:00:00.000
1691942400000,0.0001,2023-08-13 16:00:00.000
1691971200001,7.293e-05,2023-08-14 00:00:00.001
1692000000000,0.0001,2023-08-14 08:00:00.000
1692028800000,0.0001,2023-08-14 16:00:00.000
1692057600001,0.0001,2023-08-15 00:00:00.001
1692086400000,0.0001,2023-08-15 08:00:00.000
1692115200000,0.0001,2023-08-15 16:00:00.000
1692144000000,-3.09e-06,2023-08-16 00:00:00.000
1692172800001,0.0001,2023-08-16 08:00:00.001
1692201600000,2.4e-06,2023-08-16 16:00:00.000
1692230400000,4.022e-05,2023-08-17 00:00:00.000
1692259200000,6.377e-05,2023-08-17 08:00:00.000
1692288000000,2.458e-05,2023-08-17 16:00:00.000
1692316800000,-7.899e-05,2023-08-18 00:00:00.000
1692345600000,1.337e-05,2023-08-18 08:00:00.000
1692374400000,0.0001,2023-08-18 16:00:00.000
1692403200000,2.14e-06,2023-08-19 00:00:00.000
1692432000000,0.0001,2023-08-19 08:00:00.000
1692460800000,-0.00011838,2023-08-19 16:00:00.000
1692489600000,-5.739e-05,2023-08-20 00:00:00.000
1692518400000,-6.205e-05,2023-08-20 08:00:00.000
1692547200000,-1.378e-05,2023-08-20 16:00:00.000
1692576000000,7.692e-05,2023-08-21 00:00:00.000
1692604800000,-2.753e-05,2023-08-21 08:00:00.000
1692633600000,6.191e-05,2023-08-21 16:00:00.000
1692662400000,-0.00017286,2023-08-22 00:00:00.000
1692691200000,-0.00026985,2023-08-22 08:00:00.000
1692720000000,-0.00036615,2023-08-22 16:00:00.000
1692748800000,4.193e-05,2023-08-23 00:00:00.000
1692777600000,0.0001,2023-08-23 08:00:00.000
1692806400000,8.818e-05,2023-08-23 16:00:00.000
1692835200000,-9.717e-05,2023-08-24 00:00:00.000
1692864000000,7.58e-05,2023-08-24 08:00:00.000
1692892800000,0.0001,2023-08-24 16:00:00.000
1692921600000,7.389e-05,2023-08-25 00:00:00.000
1692950400000,4.37e-05,2023-08-25 08:00:00.000
1692979200000,4.623e-05,2023-08-25 16:00:00.000
1693008000000,0.0001,2023-08-26 00:00:00.000
1693036800000,4.96e-05,2023-08-26 08:00:00.000
1693065600000,0.0001,2023-08-26 16:00:00.000
1693094400000,5.024e-05,2023-08-27 00:00:00.000
1693123200000,9.93e-05,2023-08-27 08:00:00.000
1693152000000,0.0001,2023-08-27 16:00:00.000
1693180800000,8.577e-05,2023-08-28 00:00:00.000
1693209600001,7.581e-05,2023-08-28 08:00:00.001
1693238400001,0.0001,2023-08-28 16:00:00.001
1693267200000,0.0001,2023-08-29 00:00:00.000
1693296000000,6.325e-05,2023-08-29 08:00:00.000
1693324800000,-0.0001759,2023-08-29 16:00:00.000
1693353600000,0.0001,2023-08-30 00:00:00.000
1693382400000,0.0001,2023-08-30 08:00:00.000
1693411200000,9.553e-05,2023-08-30 16:00:00.000
1693440000000,0.0001,2023-08-31 00:00:00.000
1693468800000,6.99e-05,2023-08-31 08:00:00.000
1693497600000,6.699e-05,2023-08-31 16:00:00.000
1693526400000,8.648e-05,2023-09-01 00:00:00.000
1693555200000,5.68e-05,2023-09-01 08:00:00.000
1693584000001,6.707e-05,2023-09-01 16:00:00.001
1693612800000,0.0001,2023-09-02 00:00:00.000
1693641600000,-1.202e-05,2023-09-02 08:00:00.000
1693670400000,0.0001,2023-09-02 16:00:00.000
1693699200000,7.503e-05,2023-09-03 00:00:00.000
1693728000000,-7.19e-06,2023-09-03 08:00:00.000
1693756800000,5.746e-05,2023-09-03 16:00:00.000
1693785600000,8.143e-05,2023-09-04 00:00:00.000
1693814400000,7.614e-05,2023-09-04 08:00:00.000
1693843200000,6.063e-05,2023-09-04 16:00:00.000
1693872000000,7.855e-05,2023-09-05 00:00:00.000
1693900800000,3.34e-05,2023-09-05 08:00:00.000
1693929600000,0.0001,2023-09-05 16:00:00.000
1693958400000,9.74e-05,2023-09-06 00:00:00.000
1693987200000,0.0001,2023-09-06 08:00:00.000
1694016000001,0.0001,2023-09-06 16:00:00.001
1694044800000,0.0001,2023-09-07 00:00:00.000
1694073600000,5.6e-07,2023-09-07 08:00:00.000
1694102400000,0.0001,2023-09-07 16:00:00.000
1694131200000,0.0001,2023-09-08 00:00:00.000
1694160000000,0.0001,2023-09-08 08:00:00.000
1694188800000,9.876e-05,2023-09-08 16:00:00.000
1694217600000,0.0001,2023-09-09 00:00:00.000
1694246400000,-2.018e-05,2023-09-09 08:00:00.000
1694275200000,7.043e-05,2023-09-09 16:00:00.000
1694304000000,-8.9e-06,2023-09-10 00:00:00.000
1694332800000,6.544e-05,2023-09-10 08:00:00.000
1694361600000,2.91e-05,2023-09-10 16:00:00.000
1694390400000,-1.095e-05,2023-09-11 00:00:00.000
1694419200000,-2.328e-05,2023-09-11 08:00:00.000
1694448000001,-9.495e-05,2023-09-11 16:00:00.001
1694476800000,-1.172e-05,2023-09-12 00:00:00.000
1694505600000,-6.845e-05,2023-09-12 08:00:00.000
1694534400000,-0.00011616,2023-09-12 16:00:00.000
1694563200000,-0.00018554,2023-09-13 00:00:00.000
1694592000000,2.634e-05,2023-09-13 08:00:00.000
1694620800000,8.636e-05,2023-09-13 16:00:00.000
1694649600000,0.0001,2023-09-14 00:00:00.000
1694678400001,7.688e-05,2023-09-14 08:00:00.001
1694707200000,8.88e-05,2023-09-14 16:00:00.000
1694736000000,0.0001,2023-09-15 00:00:00.000
1694764800000,1.064e-05,2023-09-15 08:00:00.000
1694793600000,0.0001,2023-09-15 16:00:00.000
1694822400000,0.0001,2023-09-16 00:00:00.000
1694851200000,0.0001,2023-09-16 08:00:00.000
1694880000000,9.817e-05,2023-09-16 16:00:00.000
1694908800000,0.0001,2023-09-17 00:00:00.000
1694937600000,4.23e-05,2023-09-17 08:00:00.000
1694966400000,1.773e-05,2023-09-17 16:00:00.000
1694995200000,-8.064e-05,2023-09-18 00:00:00.000
1695024000000,7.725e-05,2023-09-18 08:00:00.000
1695052800000,0.0001,2023-09-18 16:00:00.000
1695081600000,0.0001,2023-09-19 00:00:00.000
1695110400001,0.0001,2023-09-19 08:00:00.001
1695139200000,0.0001,2023-09-19 16:00:00.000
1695168000000,0.0001,2023-09-20 00:00:00.000
1695196800000,0.0001,2023-09-20 08:00:00.000
1695225600000,5.944e-05,2023-09-20 16:00:00.000
1695254400001,6.72e-05,2023-09-21 00:00:00.001
1695283200000,0.0001,2023-09-21 08:00:00.000
1695312000000,6.205e-05,2023-09-21 16:00:00.000
1695340800000,0.0001,2023-09-22 00:00:00.000
1695369600000,0.0001,2023-09-22 08:00:00.000
1695398400000,0.0001,2023-09-22 16:00:00.000
1695427200000,0.0001,2023-09-23 00:00:00.000
1695456000000,8.234e-05,2023-09-23 08:00:00.000
1695484800000,5.998e-05,2023-09-23 16:00:00.000
1695513600000,0.0001,2023-09-24 00:00:00.000
1695542400000,0.0001,2023-09-24 08:00:00.000
1695571200000,0.0001,2023-09-24 16:00:00.000
1695600000000,0.0001,2023-09-25 00:00:00.000
1695628800000,0.0001,2023-09-25 08:00:00.000
1695657600000,7.971e-05,2023-09-25 16:00:00.000
1695686400000,5.357e-05,2023-09-26 00:00:00.000
1695715200000,-7.447e-05,2023-09-26 08:00:00.000
1695744000000,-7.002e-05,2023-09-26 16:00:00.000
1695772800000,1.758e-05,2023-09-27 00:00:00.000
1695801600001,-5.469e-05,2023-09-27 08:00:00.001
1695830400000,1.148e-05,2023-09-27 16:00:00.000
1695859200000,5.292e-05,2023-09-28 00:00:00.000
1695888000000,4.862e-05,2023-09-28 08:00:00.000
1695916800000,9.57e-05,2023-09-28 16:00:00.000
1695945600000,3.122e-05,2023-09-29 00:00:00.000
1695974400000,6.487e-05,2023-09-29 08:00:00.000
1696003200000,0.0001,2023-09-29 16:00:00.000
1696032000000,0.0001,2023-09-30 00:00:00.000
1696060800000,0.0001,2023-09-30 08:00:00.000
1696089600000,8.867e-05,2023-09-30 16:00:00.000
1696118400000,0.0001,2023-10-01 00:00:00.000
1696147200000,0.0001,2023-10-01 08:00:00.000
1696176000000,0.0001,2023-10-01 16:00:00.000
1696204800000,0.0001,2023-10-02 00:00:00.000
1696233600000,0.0001,2023-10-02 08:00:00.000
1696262400000,2.064e-05,2023-10-02 16:00:00.000
1696291200000,0.0001,2023-10-03 00:00:00.000
1696320000000,0.0001,2023-10-03 08:00:00.000
1696348800000,0.0001,2023-10-03 16:00:00.000
1696377600000,9.375e-05,2023-10-04 00:00:00.000
1696406400000,6.692e-05,2023-10-04 08:00:00.000
1696435200000,6.926e-05,2023-10-04 16:00:00.000
1696464000000,4.202e-05,2023-10-05 00:00:00.000
1696492800000,0.0001,2023-10-05 08:00:00.000
1696521600001,0.0001,2023-10-05 16:00:00.001
1696550400000,0.0001,2023-10-06 00:00:00.000
1696579200000,-2.257e-05,2023-10-06 08:00:00.000
1696608000000,3.409e-05,2023-10-06 16:00:00.000
1696636800000,7.964e-05,2023-10-07 00:00:00.000
1696665600000,0.0001,2023-10-07 08:00:00.000
1696694400000,0.0001,2023-10-07 16:00:00.000
1696723200000,0.0001,2023-10-08 00:00:00.000
1696752000001,0.0001,2023-10-08 08:00:00.001
1696780800000,0.0001,2023-10-08 16:00:00.000
1696809600000,6.244e-05,2023-10-09 00:00:00.000
1696838400000,5.684e-05,2023-10-09 08:00:00.000
1696867200000,-9.891e-05,2023-10-09 16:00:00.000
1696896000000,-1.361e-05,2023-10-10 00:00:00.000
1696924800000,-4.483e-05,2023-10-10 08:00:00.000
1696953600000,-8.021e-05,2023-10-10 16:00:00.000
1696982400000,6.767e-05,2023-10-11 00:00:00.000
1697011200000,2.613e-05,2023-10-11 08:00:00.000
1697040000000,-7.246e-05,2023-10-11 16:00:00.000
1697068800000,0.0001,2023-10-12 00:00:00.000
1697097600000,0.0001,2023-10-12 08:00:00.000
1697126400000,-0.00010295,2023-10-12 16:00:00.000
1697155200000,-0.00023463,2023-10-13 00:00:00.000
1697184000000,-6.884e-05,2023-10-13 08:00:00.000
1697212800000,-0.00016674,2023-10-13 16:00:00.000
1697241600000,6.838e-05,2023-10-14 00:00:00.000
1697270400000,-1.278e-05,2023-10-14 08:00:00.000
1697299200000,0.0001,2023-10-14 16:00:00.000
1697328000000,2.525e-05,2023-10-15 00:00:00.000
1697356800000,0.0001,2023-10-15 08:00:00.000
1697385600000,5.989e-05,2023-10-15 16:00:00.000
1697414400000,0.0001,2023-10-16 00:00:00.000
1697443200000,0.0001,2023-10-16 08:00:00.000
1697472000000,0.0001,2023-10-16 16:00:00.000
1697500800000,0.0001,2023-10-17 00:00:00.000
1697529600000,3.067e-05,2023-10-17 08:00:00.000
1697558400000,0.0001,2023-10-17 16:00:00.000
1697587200000,6.852e-05,2023-10-18 00:00:00.000
1697616000000,0.0001,2023-10-18 08:00:00.000
1697644800000,0.0001,2023-10-18 16:00:00.000
1697673600000,7.691e-05,2023-10-19 00:00:00.000
1697702400001,5.588e-05,2023-10-19 08:00:00.001
1697731200000,5.169e-05,2023-10-19 16:00:00.000
1697760000000,0.0001,2023-10-20 00:00:00.000
1697788800005,0.0001,2023-10-20 08:00:00.005
1697817600000,0.0001,2023-10-20 16:00:00.000
1697846400000,0.0001,2023-10-21 00:00:00.000
1697875200000,0.0001,2023-10-21 08:00:00.000
1697904000000,0.0001,2023-10-21 16:00:00.000
1697932800000,0.0001,2023-10-22 00:00:00.000
1697961600000,3.903e-05,2023-10-22 08:00:00.000
1697990400000,5.542e-05,2023-10-22 16:00:00.000
1698019200000,9.002e-05,2023-10-23 00:00:00.000
1698048000001,0.0001,2023-10-23 08:00:00.001
1698076800001,-6.53e-05,2023-10-23 16:00:00.001
1698105600000,0.0001,2023-10-24 00:00:00.000
1698134400000,-0.00022843,2023-10-24 08:00:00.000
1698163200000,0.0001,2023-10-24 16:00:00.000
1698192000000,0.0001,2023-10-25 00:00:00.000
1698220800000,0.0001,2023-10-25 08:00:00.000
1698249600001,0.0001,2023-10-25 16:00:00.001
1698278400001,0.0001,2023-10-26 00:00:00.001
1698307200000,0.0001,2023-10-26 08:00:00.000
1698336000000,0.0001,2023-10-26 16:00:00.000
1698364800000,0.0001,2023-10-27 00:00:00.000
1698393600000,0.0001,2023-10-27 08:00:00.000
1698422400000,0.0001,2023-10-27 16:00:00.000
1698451200000,0.0001,2023-10-28 00:00:00.000
1698480000001,0.00013283,2023-10-28 08:00:00.001
1698508800000,0.0001748,2023-10-28 16:00:00.000
1698537600000,0.00013718,2023-10-29 00:00:00.000
1698566400000,0.00016439,2023-10-29 08:00:00.000
1698595200000,0.00018637,2023-10-29 16:00:00.000
1698624000000,0.0001628,2023-10-30 00:00:00.000
1698652800000,0.0001,2023-10-30 08:00:00.000
1698681600000,0.00015585,2023-10-30 16:00:00.000
1698710400001,0.00013897,2023-10-31 00:00:00.001
1698739200000,0.00011075,2023-10-31 08:00:00.000
1698768000000,0.0001,2023-10-31 16:00:00.000
1698796800000,0.0001,2023-11-01 00:00:00.000
1698825600000,0.0001,2023-11-01 08:00:00.000
1698854400000,0.0001,2023-11-01 16:00:00.000
1698883200001,0.00037024,2023-11-02 00:00:00.001
1698912000000,0.00035389,2023-11-02 08:00:00.000
1698940800000,0.00019172,2023-11-02 16:00:00.000
1698969600000,0.00017653,2023-11-03 00:00:00.000
1698998400000,0.0001,2023-11-03 08:00:00.000
1699027200000,0.0001,2023-11-03 16:00:00.000
1699056000000,0.00025008,2023-11-04 00:00:00.000
1699084800000,0.00027226,2023-11-04 08:00:00.000
1699113600000,0.00012901,2023-11-04 16:00:00.000
1699142400000,0.00021778,2023-11-05 00:00:00.000
1699171200000,0.0001,2023-11-05 08:00:00.000
1699200000000,0.0001,2023-11-05 16:00:00.000
1699228800000,0.0001,2023-11-06 00:00:00.000
1699257600001,0.0001,2023-11-06 08:00:00.001
1699286400000,0.00020541,2023-11-06 16:00:00.000
1699315200001,0.00034329,2023-11-07 00:00:00.001
1699344000000,0.0001,2023-11-07 08:00:00.000
1699372800000,0.00020415,2023-11-07 16:00:00.000
1699401600000,0.0001,2023-11-08 00:00:00.000
1699430400000,0.00014006,2023-11-08 08:00:00.000
1699459200000,0.00016039,2023-11-08 16:00:00.000
1699488000000,0.00011239,2023-11-09 00:00:00.000
1699516800000,0.00026914,2023-11-09 08:00:00.000
1699545600000,0.00034205,2023-11-09 16:00:00.000
1699574400000,0.0001,2023-11-10 00:00:00.000
1699603200000,0.0001,2023-11-10 08:00:00.000
1699632000000,0.00013071,2023-11-10 16:00:00.000
1699660800000,0.00024228,2023-11-11 00:00:00.000
1699689600000,0.00017759,2023-11-11 08:00:00.000
1699718400000,0.00056069,2023-11-11 16:00:00.000
1699747200000,0.00032435,2023-11-12 00:00:00.000
1699776000000,0.00021724,2023-11-12 08:00:00.000
1699804800001,0.00039116,2023-11-12 16:00:00.001
1699833600000,0.00038592,2023-11-13 00:00:00.000
1699862400000,0.00025998,2023-11-13 08:00:00.000
1699891200000,0.00017989,2023-11-13 16:00:00.000
1699920000000,0.0001,2023-11-14 00:00:00.000
1699948800000,0.0001,2023-11-14 08:00:00.000
1699977600001,0.0001,2023-11-14 16:00:00.001
1700006400000,0.0001,2023-11-15 00:00:00.000
1700035200000,0.0001,2023-11-15 08:00:00.000
1700064000000,0.0001,2023-11-15 16:00:00.000
1700092800000,0.000277,2023-11-16 00:00:00.000
1700121600000,0.00031012,2023-11-16 08:00:00.000
1700150400001,0.00018459,2023-11-16 16:00:00.001
1700179200000,0.0001,2023-11-17 00:00:00.000
1700208000001,0.00011253,2023-11-17 08:00:00.001
1700236800001,0.0001,2023-11-17 16:00:00.001
1700265600000,0.0001,2023-11-18 00:00:00.000
1700294400000,0.0001,2023-11-18 08:00:00.000
1700323200000,0.0001,2023-11-18 16:00:00.000
1700352000000,0.0001,2023-11-19 00:00:00.000
1700380800000,0.0001,2023-11-19 08:00:00.000
1700409600000,0.0001,2023-11-19 16:00:00.000
1700438400000,0.0001,2023-11-20 00:00:00.000
1700467200000,0.0001,2023-11-20 08:00:00.000
1700496000000,0.0001,2023-11-20 16:00:00.000
1700524800000,0.0001,2023-11-21 00:00:00.000
1700553600000,0.0001,2023-11-21 08:00:00.000
1700582400000,0.0001,2023-11-21 16:00:00.000
1700611200000,0.0001,2023-11-22 00:00:00.000
1700640000000,0.0001,2023-11-22 08:00:00.000
1700668800000,0.0001,2023-11-22 16:00:00.000
1700697600000,0.0001,2023-11-23 00:00:00.000
1700726400000,0.0001,2023-11-23 08:00:00.000
1700755200001,0.0001,2023-11-23 16:00:00.001
1700784000000,0.0001,2023-11-24 00:00:00.000
1700812800000,0.0001,2023-11-24 08:00:00.000
1700841600000,0.00010586,2023-11-24 16:00:00.000
1700870400000,0.0001,2023-11-25 00:00:00.000
1700899200000,0.0001,2023-11-25 08:00:00.000
1700928000000,0.0001,2023-11-25 16:00:00.000
1700956800000,0.0001,2023-11-26 00:00:00.000
1700985600000,0.0001,2023-11-26 08:00:00.000
1701014400000,0.0001,2023-11-26 16:00:00.000
1701043200000,0.0001,2023-11-27 00:00:00.000
1701072000001,0.0001,2023-11-27 08:00:00.001
1701100800000,0.0001,2023-11-27 16:00:00.000
1701129600000,0.0001503,2023-11-28 00:00:00.000
1701158400000,0.0001,2023-11-28 08:00:00.000
1701187200000,0.0001,2023-11-28 16:00:00.000
1701216000001,0.00018555,2023-11-29 00:00:00.001
1701244800000,0.00013672,2023-11-29 08:00:00.000
1701273600000,0.0001,2023-11-29 16:00:00.000
1701302400000,0.0001,2023-11-30 00:00:00.000
1701331200000,0.0001,2023-11-30 08:00:00.000
1701360000000,0.0001,2023-11-30 16:00:00.000
1701388800000,0.0001,2023-12-01 00:00:00.000
1701417600000,0.0001,2023-12-01 08:00:00.000
1701446400000,0.0001,2023-12-01 16:00:00.000
1701475200000,0.0001,2023-12-02 00:00:00.000
1701504000000,0.0001,2023-12-02 08:00:00.000
1701532800000,0.00011061,2023-12-02 16:00:00.000
1701561600000,0.00015221,2023-12-03 00:00:00.000
1701590400000,0.00026415,2023-12-03 08:00:00.000
1701619200000,0.0001,2023-12-03 16:00:00.000
1701648000000,0.00023919,2023-12-04 00:00:00.000
1701676800000,0.00051232,2023-12-04 08:00:00.000
1701705600000,0.00021637,2023-12-04 16:00:00.000
1701734400000,0.00021195,2023-12-05 00:00:00.000
1701763200000,0.00032841,2023-12-05 08:00:00.000
1701792000000,0.00020199,2023-12-05 16:00:00.000
1701820800000,0.00026044,2023-12-06 00:00:00.000
1701849600000,0.00033478,2023-12-06 08:00:00.000
1701878400000,0.00012055,2023-12-06 16:00:00.000
1701907200000,0.00014852,2023-12-07 00:00:00.000
1701936000000,0.0001,2023-12-07 08:00:00.000
1701964800000,0.00020187,2023-12-07 16:00:00.000
1701993600000,0.00042108,2023-12-08 00:00:00.000
1702022400000,0.00039524,2023-12-08 08:00:00.000
1702051200000,0.00040997,2023-12-08 16:00:00.000
1702080000000,0.00033106,2023-12-09 00:00:00.000
1702108800000,0.00023879,2023-12-09 08:00:00.000
1702137600000,0.00042843,2023-12-09 16:00:00.000
1702166400000,0.0002683,2023-12-10 00:00:00.000
1702195200000,0.0001,2023-12-10 08:00:00.000
1702224000000,0.00033725,2023-12-10 16:00:00.000
1702252800000,0.00021092,2023-12-11 00:00:00.000
1702281600000,0.0001,2023-12-11 08:00:00.000
1702310400000,0.0001,2023-12-11 16:00:00.000
1702339200000,0.0001,2023-12-12 00:00:00.000
1702368000000,0.0001,2023-12-12 08:00:00.000
1702396800000,0.0001,2023-12-12 16:00:00.000
1702425600000,0.00019387,2023-12-13 00:00:00.000
1702454400000,0.0001,2023-12-13 08:00:00.000
1702483200001,0.0001,2023-12-13 16:00:00.001
1702512000000,0.0001,2023-12-14 00:00:00.000
1702540800000,0.00015547,2023-12-14 08:00:00.000
1702569600000,0.00030702,2023-12-14 16:00:00.000
1702598400000,0.00032317,2023-12-15 00:00:00.000
1702627200000,0.00040866,2023-12-15 08:00:00.000
1702656000000,0.00043141,2023-12-15 16:00:00.000
1702684800000,0.00017131,2023-12-16 00:00:00.000
1702713600000,0.00029147,2023-12-16 08:00:00.000
1702742400001,0.00028519,2023-12-16 16:00:00.001
1702771200000,0.00031558,2023-12-17 00:00:00.000
1702800000000,0.00011123,2023-12-17 08:00:00.000
1702828800000,0.0001,2023-12-17 16:00:00.000
1702857600000,0.00025926,2023-12-18 00:00:00.000
1702886400001,0.0001,2023-12-18 08:00:00.001
1702915200000,0.0001,2023-12-18 16:00:00.000
1702944000000,0.0001,2023-12-19 00:00:00.000
1702972800000,0.00015116,2023-12-19 08:00:00.000
1703001600000,0.00020651,2023-12-19 16:00:00.000
1703030400000,0.0001,2023-12-20 00:00:00.000
1703059200000,0.00012787,2023-12-20 08:00:00.000
1703088000000,0.0002535,2023-12-20 16:00:00.000
1703116800000,0.00035808,2023-12-21 00:00:00.000
1703145600000,0.00026681,2023-12-21 08:00:00.000
1703174400000,0.00032416,2023-12-21 16:00:00.000
1703203200000,0.00038276,2023-12-22 00:00:00.000
1703232000000,0.00043916,2023-12-22 08:00:00.000
1703260800000,0.00052283,2023-12-22 16:00:00.000
1703289600000,0.00056746,2023-12-23 00:00:00.000
1703318400001,0.0001,2023-12-23 08:00:00.001
1703347200000,0.0001,2023-12-23 16:00:00.000
1703376000000,0.0001,2023-12-24 00:00:00.000
1703404800000,0.00026474,2023-12-24 08:00:00.000
1703433600000,0.00036539,2023-12-24 16:00:00.000
1703462400000,0.00032947,2023-12-25 00:00:00.000
1703491200000,0.00032755,2023-12-25 08:00:00.000
1703520000000,0.00054396,2023-12-25 16:00:00.000
1703548800000,0.0006091,2023-12-26 00:00:00.000
1703577600000,0.00049006,2023-12-26 08:00:00.000
1703606400000,0.00060912,2023-12-26 16:00:00.000
1703635200000,0.00049807,2023-12-27 00:00:00.000
1703664000000,0.000162,2023-12-27 08:00:00.000
1703692800000,0.00062696,2023-12-27 16:00:00.000
1703721600000,0.00038874,2023-12-28 00:00:00.000
1703750400000,0.00061982,2023-12-28 08:00:00.000
1703779200000,0.00054165,2023-12-28 16:00:00.000
1703808000001,0.00058273,2023-12-29 00:00:00.001
1703836800000,0.00053013,2023-12-29 08:00:00.000
1703865600000,0.00049388,2023-12-29 16:00:00.000
1703894400001,0.00039023,2023-12-30 00:00:00.001
1703923200000,0.00038268,2023-12-30 08:00:00.000
1703952000000,0.00040648,2023-12-30 16:00:00.000
1703980800000,0.00046994,2023-12-31 00:00:00.000
1704009600001,0.00042097,2023-12-31 08:00:00.001
1704038400000,0.00039171,2023-12-31 16:00:00.000
1704067200000,0.00028813,2024-01-01 00:00:00.000
1704096000000,0.00040993,2024-01-01 08:00:00.000
1704124800000,0.00038465,2024-01-01 16:00:00.000
1704153600000,0.00060613,2024-01-02 00:00:00.000
1704182400000,0.00055534,2024-01-02 08:00:00.000
1704211200000,0.00021881,2024-01-02 16:00:00.000
1704240000000,0.00037785,2024-01-03 00:00:00.000
1704268800000,0.00016067,2024-01-03 08:00:00.000
1704297600000,0.0001,2024-01-03 16:00:00.000
1704326400000,0.0001,2024-01-04 00:00:00.000
1704355200000,0.0001,2024-01-04 08:00:00.000
1704384000000,0.0001,2024-01-04 16:00:00.000
1704412800001,0.0001,2024-01-05 00:00:00.001
1704441600000,0.0001,2024-01-05 08:00:00.000
1704470400000,0.0001,2024-01-05 16:00:00.000
1704499200000,0.0001,2024-01-06 00:00:00.000
1704528000000,0.0001,2024-01-06 08:00:00.000
1704556800000,0.0001,2024-01-06 16:00:00.000
1704585600000,0.0001,2024-01-07 00:00:00.000
1704614400001,0.0001,2024-01-07 08:00:00.001
1704643200001,5.685e-05,2024-01-07 16:00:00.001
1704672000000,9.212e-05,2024-01-08 00:00:00.000
1704700800000,0.0001,2024-01-08 08:00:00.000
1704729600000,0.0001,2024-01-08 16:00:00.000
1704758400001,0.0001,2024-01-09 00:00:00.001
1704787200000,0.0001,2024-01-09 08:00:00.000
1704816000000,0.0001,2024-01-09 16:00:00.000
1704844800000,0.0001,2024-01-10 00:00:00.000
1704873600000,0.0001,2024-01-10 08:00:00.000
1704902400000,0.0001,2024-01-10 16:00:00.000
1704931200000,0.0001,2024-01-11 00:00:00.000
1704960000000,0.0001,2024-01-11 08:00:00.000
1704988800000,0.0001,2024-01-11 16:00:00.000
1705017600001,0.0001,2024-01-12 00:00:00.001
1705046400000,0.0001,2024-01-12 08:00:00.000
1705075200000,0.0001,2024-01-12 16:00:00.000
1705104000000,0.0001,2024-01-13 00:00:00.000
1705132800000,0.0001,2024-01-13 08:00:00.000
1705161600001,0.0001,2024-01-13 16:00:00.001
1705190400000,0.0001,2024-01-14 00:00:00.000
1705219200000,0.0001,2024-01-14 08:00:00.000
1705248000001,0.0001,2024-01-14 16:00:00.001
1705276800000,0.0001,2024-01-15 00:00:00.000
1705305600000,0.0001,2024-01-15 08:00:00.000
1705334400000,0.0001,2024-01-15 16:00:00.000
1705363200000,0.0001,2024-01-16 00:00:00.000
1705392000000,0.0001,2024-01-16 08:00:00.000
1705420800001,0.0001,2024-01-16 16:00:00.001
1705449600000,0.0001,2024-01-17 00:00:00.000
1705478400000,0.0001,2024-01-17 08:00:00.000
1705507200000,0.0001,2024-01-17 16:00:00.000
1705536000001,0.0001,2024-01-18 00:00:00.001
1705564800000,0.0001,2024-01-18 08:00:00.000
1705593600000,0.0001,2024-01-18 16:00:00.000
1705622400000,0.0001,2024-01-19 00:00:00.000
1705651200000,0.0001,2024-01-19 08:00:00.000
1705680000002,0.0001,2024-01-19 16:00:00.002
1705708800000,0.0001,2024-01-20 00:00:00.000
1705737600003,0.0001,2024-01-20 08:00:00.003
1705766400000,0.0001,2024-01-20 16:00:00.000
1705795200000,0.0001,2024-01-21 00:00:00.000
1705824000000,0.0001,2024-01-21 08:00:00.000
1705852800000,0.0001,2024-01-21 16:00:00.000
1705881600000,0.0001,2024-01-22 00:00:00.000
1705910400000,0.0001,2024-01-22 08:00:00.000
1705939200000,0.0001,2024-01-22 16:00:00.000
1705968000000,0.0001,2024-01-23 00:00:00.000
1705996800000,0.0001,2024-01-23 08:00:00.000
1706025600000,0.0001,2024-01-23 16:00:00.000
1706054400000,0.0001,2024-01-24 00:00:00.000
1706083200000,0.0001,2024-01-24 08:00:00.000
1706112000000,0.0001,2024-01-24 16:00:00.000
1706140800000,0.0001,2024-01-25 00:00:00.000
1706169600001,0.0001,2024-01-25 08:00:00.001
1706198400000,0.0001,2024-01-25 16:00:00.000
1706227200001,0.0001,2024-01-26 00:00:00.001
1706256000000,0.0001,2024-01-26 08:00:00.000
1706284800000,0.0001,2024-01-26 16:00:00.000
1706313600000,0.0001,2024-01-27 00:00:00.000
1706342400000,0.0001,2024-01-27 08:00:00.000
1706371200000,0.0001,2024-01-27 16:00:00.000
1706400000000,0.0001,2024-01-28 00:00:00.000
1706428800000,0.0001,2024-01-28 08:00:00.000
1706457600000,0.0001,2024-01-28 16:00:00.000
1706486400000,0.0001,2024-01-29 00:00:00.000
1706515200001,0.0001,2024-01-29 08:00:00.001
1706544000000,0.0001,2024-01-29 16:00:00.000
1706572800000,0.0001,2024-01-30 00:00:00.000
1706601600000,0.0001,2024-01-30 08:00:00.000
1706630400001,0.0001,2024-01-30 16:00:00.001
1706659200000,0.0001,2024-01-31 00:00:00.000
1706688000000,0.0001,2024-01-31 08:00:00.000
1706716800000,0.0001,2024-01-31 16:00:00.000
1706745600000,0.0001,2024-02-01 00:00:00.000
1706774400000,0.0001,2024-02-01 08:00:00.000
1706803200002,0.0001,2024-02-01 16:00:00.002
1706832000000,0.0001,2024-02-02 00:00:00.000
1706860800000,0.0001,2024-02-02 08:00:00.000
1706889600000,0.0001,2024-02-02 16:00:00.000
1706918400000,0.0001,2024-02-03 00:00:00.000
1706947200000,0.0001,2024-02-03 08:00:00.000
1706976000001,0.0001,2024-02-03 16:00:00.001
1707004800000,0.0001,2024-02-04 00:00:00.000
1707033600004,0.0001,2024-02-04 08:00:00.004
1707062400000,0.0001,2024-02-04 16:00:00.000
1707091200000,0.0001,2024-02-05 00:00:00.000
1707120000000,0.0001,2024-02-05 08:00:00.000
1707148800000,0.0001,2024-02-05 16:00:00.000
1707177600000,0.0001,2024-02-06 00:00:00.000
1707206400001,0.0001,2024-02-06 08:00:00.001
1707235200000,0.0001,2024-02-06 16:00:00.000
1707264000000,0.0001,2024-02-07 00:00:00.000
1707292800000,0.0001,2024-02-07 08:00:00.000
1707321600000,0.0001,2024-02-07 16:00:00.000
1707350400000,0.0001,2024-02-08 00:00:00.000
1707379200000,0.0001,2024-02-08 08:00:00.000
1707408000000,0.0001,2024-02-08 16:00:00.000
1707436800000,0.0001,2024-02-09 00:00:00.000
1707465600000,0.0001,2024-02-09 08:00:00.000
1707494400001,0.0001,2024-02-09 16:00:00.001
1707523200001,0.0001,2024-02-10 00:00:00.001
1707552000000,0.0001,2024-02-10 08:00:00.000
1707580800000,0.0001,2024-02-10 16:00:00.000
1707609600000,0.0001,2024-02-11 00:00:00.000
1707638400001,0.0001,2024-02-11 08:00:00.001
1707667200000,0.0001,2024-02-11 16:00:00.000
1707696000000,0.0001,2024-02-12 00:00:00.000
1707724800000,0.0001,2024-02-12 08:00:00.000
1707753600000,0.0001,2024-02-12 16:00:00.000
1707782400000,0.0002063,2024-02-13 00:00:00.000
1707811200000,0.00036945,2024-02-13 08:00:00.000
1707840000000,0.00021437,2024-02-13 16:00:00.000
1707868800000,0.0001372,2024-02-14 00:00:00.000
1707897600000,0.00012398,2024-02-14 08:00:00.000
1707926400000,0.00037601,2024-02-14 16:00:00.000
1707955200000,0.00032893,2024-02-15 00:00:00.000
1707984000000,0.00047024,2024-02-15 08:00:00.000
1708012800000,0.00044147,2024-02-15 16:00:00.000
1708041600000,0.0004799,2024-02-16 00:00:00.000
1708070400000,0.00051569,2024-02-16 08:00:00.000
1708099200000,0.00027835,2024-02-16 16:00:00.000
1708128000000,0.00021357,2024-02-17 00:00:00.000
1708156800000,0.00025556,2024-02-17 08:00:00.000
1708185600000,0.0001,2024-02-17 16:00:00.000
1708214400000,0.00027188,2024-02-18 00:00:00.000
1708243200000,0.00038165,2024-02-18 08:00:00.000
1708272000000,0.00031346,2024-02-18 16:00:00.000
1708300800000,0.00029244,2024-02-19 00:00:00.000
1708329600000,0.00035103,2024-02-19 08:00:00.000
1708358400000,0.00035521,2024-02-19 16:00:00.000
1708387200000,0.00043794,2024-02-20 00:00:00.000
1708416000000,0.00045417,2024-02-20 08:00:00.000
1708444800000,0.00029056,2024-02-20 16:00:00.000
1708473600000,0.00025158,2024-02-21 00:00:00.000
1708502400000,0.0001,2024-02-21 08:00:00.000
1708531200000,0.0001,2024-02-21 16:00:00.000
1708560000001,0.0001,2024-02-22 00:00:00.001
1708588800001,0.0002671,2024-02-22 08:00:00.001
1708617600000,0.00033925,2024-02-22 16:00:00.000
1708646400000,0.00020987,2024-02-23 00:00:00.000
1708675200000,0.00028086,2024-02-23 08:00:00.000
1708704000000,0.0002205,2024-02-23 16:00:00.000
1708732800000,0.0002972,2024-02-24 00:00:00.000
1708761600001,0.00020985,2024-02-24 08:00:00.001
1708790400000,0.00042169,2024-02-24 16:00:00.000
1708819200001,0.0003326,2024-02-25 00:00:00.001
1708848000000,0.00039302,2024-02-25 08:00:00.000
1708876800000,0.0003824,2024-02-25 16:00:00.000
1708905600000,0.00035566,2024-02-26 00:00:00.000
1708934400000,0.00044376,2024-02-26 08:00:00.000
1708963200000,0.00039687,2024-02-26 16:00:00.000
1708992000000,0.00047654,2024-02-27 00:00:00.000
1709020800000,0.00070008,2024-02-27 08:00:00.000
1709049600000,0.00033226,2024-02-27 16:00:00.000
1709078400000,0.0002472,2024-02-28 00:00:00.000
1709107200000,0.00042722,2024-02-28 08:00:00.000
1709136000000,0.00066393,2024-02-28 16:00:00.000
1709164800000,0.0003239,2024-02-29 00:00:00.000
1709193600000,0.00091316,2024-02-29 08:00:00.000
1709222400000,0.00085666,2024-02-29 16:00:00.000
1709251200000,0.00057813,2024-03-01 00:00:00.000
1709280000000,0.00057416,2024-03-01 08:00:00.000
1709308800000,0.00046015,2024-03-01 16:00:00.000
1709337600000,0.00082792,2024-03-02 00:00:00.000
1709366400001,0.00094775,2024-03-02 08:00:00.001
1709395200000,0.00083478,2024-03-02 16:00:00.000
1709424000000,0.00073042,2024-03-03 00:00:00.000
1709452800000,0.00077894,2024-03-03 08:00:00.000
1709481600000,0.00048507,2024-03-03 16:00:00.000
1709510400000,0.0004617,2024-03-04 00:00:00.000
1709539200000,0.00063973,2024-03-04 08:00:00.000
1709568000000,0.00050602,2024-03-04 16:00:00.000
1709596800000,0.0006127,2024-03-05 00:00:00.000
1709625600000,0.0011835,2024-03-05 08:00:00.000
1709654400000,0.00100948,2024-03-05 16:00:00.000
1709683200000,0.0001,2024-03-06 00:00:00.000
1709712000001,0.0001,2024-03-06 08:00:00.001
1709740800000,0.00029005,2024-03-06 16:00:00.000
1709769600000,0.00016221,2024-03-07 00:00:00.000
1709798400000,0.00037973,2024-03-07 08:00:00.000
1709827200000,0.0002974,2024-03-07 16:00:00.000
1709856000000,0.00067252,2024-03-08 00:00:00.000
1709884800000,0.00059993,2024-03-08 08:00:00.000
1709913600000,0.00062344,2024-03-08 16:00:00.000
1709942400000,0.00050151,2024-03-09 00:00:00.000
1709971200001,0.00077572,2024-03-09 08:00:00.001
1710000000000,0.00076331,2024-03-09 16:00:00.000
1710028800000,0.00080571,2024-03-10 00:00:00.000
1710057600000,0.00068644,2024-03-10 08:00:00.000
1710086400000,0.00036499,2024-03-10 16:00:00.000
1710115200000,0.00029055,2024-03-11 00:00:00.000
1710144000000,0.00057751,2024-03-11 08:00:00.000
1710172800000,0.00055533,2024-03-11 16:00:00.000
1710201600000,0.00083098,2024-03-12 00:00:00.000
1710230400000,0.00060627,2024-03-12 08:00:00.000
1710259200000,0.00053777,2024-03-12 16:00:00.000
1710288000000,0.00081668,2024-03-13 00:00:00.000
1710316800001,0.00056836,2024-03-13 08:00:00.001
1710345600000,0.00058953,2024-03-13 16:00:00.000
1710374400001,0.00046583,2024-03-14 00:00:00.001
1710403200000,0.00045387,2024-03-14 08:00:00.000
1710432000000,0.00066899,2024-03-14 16:00:00.000
1710460800000,0.00050255,2024-03-15 00:00:00.000
1710489600000,0.00039912,2024-03-15 08:00:00.000
1710518400000,0.00017439,2024-03-15 16:00:00.000
1710547200000,0.0001,2024-03-16 00:00:00.000
1710576000000,0.00014913,2024-03-16 08:00:00.000
1710604800000,0.00020692,2024-03-16 16:00:00.000
1710633600000,0.00011297,2024-03-17 00:00:00.000
1710662400000,0.00020587,2024-03-17 08:00:00.000
1710691200000,0.00012699,2024-03-17 16:00:00.000
1710720000000,0.00013141,2024-03-18 00:00:00.000
1710748800000,0.00015362,2024-03-18 08:00:00.000
1710777600001,0.00030953,2024-03-18 16:00:00.001
1710806400000,0.00011953,2024-03-19 00:00:00.000
1710835200000,0.00020821,2024-03-19 08:00:00.000
1710864000001,0.00011261,2024-03-19 16:00:00.001
1710892800000,0.00019281,2024-03-20 00:00:00.000
1710921600004,0.00019308,2024-03-20 08:00:00.004
1710950400000,0.0001,2024-03-20 16:00:00.000
1710979200000,0.00015663,2024-03-21 00:00:00.000
1711008000000,0.00017624,2024-03-21 08:00:00.000
1711036800000,0.0001,2024-03-21 16:00:00.000
1711065600000,0.00022295,2024-03-22 00:00:00.000
1711094400000,0.0001,2024-03-22 08:00:00.000
1711123200000,0.00018568,2024-03-22 16:00:00.000
1711152000000,0.0001,2024-03-23 00:00:00.000
1711180800000,0.0001,2024-03-23 08:00:00.000
1711209600000,0.0001,2024-03-23 16:00:00.000
1711238400000,0.0002196,2024-03-24 00:00:00.000
1711267200000,0.00020835,2024-03-24 08:00:00.000
1711296000000,0.00027122,2024-03-24 16:00:00.000
1711324800000,0.0002805,2024-03-25 00:00:00.000
1711353600001,0.00020254,2024-03-25 08:00:00.001
1711382400000,0.00021982,2024-03-25 16:00:00.000
1711411200000,0.00031977,2024-03-26 00:00:00.000
1711440000000,0.00026004,2024-03-26 08:00:00.000
1711468800000,0.00046041,2024-03-26 16:00:00.000
1711497600000,0.00055567,2024-03-27 00:00:00.000
1711526400001,0.00035515,2024-03-27 08:00:00.001
1711555200000,0.00044901,2024-03-27 16:00:00.000
1711584000000,0.00043314,2024-03-28 00:00:00.000
1711612800000,0.00032747,2024-03-28 08:00:00.000
1711641600000,0.00038332,2024-03-28 16:00:00.000
1711670400000,0.00031462,2024-03-29 00:00:00.000
1711699200000,0.00046639,2024-03-29 08:00:00.000
1711728000000,0.00032936,2024-03-29 16:00:00.000
1711756800000,0.00037035,2024-03-30 00:00:00.000
1711785600000,0.00053715,2024-03-30 08:00:00.000
1711814400000,0.00057905,2024-03-30 16:00:00.000
1711843200000,0.00052565,2024-03-31 00:00:00.000
1711872000000,0.00038481,2024-03-31 08:00:00.000
1711900800001,0.00066512,2024-03-31 16:00:00.001
1711929600000,0.00050129,2024-04-01 00:00:00.000
1711958400000,0.00018414,2024-04-01 08:00:00.000
1711987200000,0.0001,2024-04-01 16:00:00.000
1712016000007,0.0001,2024-04-02 00:00:00.007
1712044800015,0.0001,2024-04-02 08:00:00.015
1712073600000,0.0001,2024-04-02 16:00:00.000
1712102400000,0.0001,2024-04-03 00:00:00.000
1712131200000,0.0001,2024-04-03 08:00:00.000
1712160000000,0.0001,2024-04-03 16:00:00.000
1712188800000,-7.017e-05,2024-04-04 00:00:00.000
1712217600000,0.0001,2024-04-04 08:00:00.000
1712246400000,0.0001,2024-04-04 16:00:00.000
1712275200000,0.0001,2024-04-05 00:00:00.000
1712304000000,0.0001,2024-04-05 08:00:00.000
1712332800000,0.0001,2024-04-05 16:00:00.000
1712361600000,0.0001,2024-04-06 00:00:00.000
1712390400000,0.00011565,2024-04-06 08:00:00.000
1712419200000,0.00019324,2024-04-06 16:00:00.000
1712448000000,0.0001,2024-04-07 00:00:00.000
1712476800000,0.0001,2024-04-07 08:00:00.000
1712505600000,0.0001,2024-04-07 16:00:00.000
1712534400001,0.00013639,2024-04-08 00:00:00.001
1712563200000,0.00019113,2024-04-08 08:00:00.000
1712592000006,0.00030672,2024-04-08 16:00:00.006
1712620800000,0.00020193,2024-04-09 00:00:00.000
1712649600001,0.00028837,2024-04-09 08:00:00.001
1712678400001,0.0001,2024-04-09 16:00:00.001
1712707200000,0.0001,2024-04-10 00:00:00.000
1712736000001,0.0001,2024-04-10 08:00:00.001
1712764800000,0.00010068,2024-04-10 16:00:00.000
1712793600000,0.00015852,2024-04-11 00:00:00.000
1712822400000,0.00015769,2024-04-11 08:00:00.000
1712851200000,0.00018048,2024-04-11 16:00:00.000
1712880000000,0.00021943,2024-04-12 00:00:00.000
1712908800001,0.00021654,2024-04-12 08:00:00.001
1712937600000,0.00023132,2024-04-12 16:00:00.000
1712966400000,0.0001,2024-04-13 00:00:00.000
1712995200000,0.0001,2024-04-13 08:00:00.000
1713024000001,0.0001,2024-04-13 16:00:00.001
1713052800000,0.0001,2024-04-14 00:00:00.000
1713081600000,2.65e-05,2024-04-14 08:00:00.000
1713110400000,0.0001,2024-04-14 16:00:00.000
1713139200000,0.0001,2024-04-15 00:00:00.000
1713168000001,-8.043e-05,2024-04-15 08:00:00.001
1713196800000,0.0001,2024-04-15 16:00:00.000
1713225600001,0.0001,2024-04-16 00:00:00.001
1713254400000,0.0001,2024-04-16 08:00:00.000
1713283200000,1.701e-05,2024-04-16 16:00:00.000
1713312000000,-8.3e-07,2024-04-17 00:00:00.000
1713340800000,0.0001,2024-04-17 08:00:00.000
1713369600000,-0.00838046,2024-04-17 16:00:00.000
1713398400000,-0.00084454,2024-04-18 00:00:00.000
1713427200000,-0.0047356,2024-04-18 08:00:00.000
1713456000000,-0.00124696,2024-04-18 16:00:00.000
1713484800001,-0.00216132,2024-04-19 00:00:00.001
1713513600000,-0.00061107,2024-04-19 08:00:00.000
1713542400000,-0.00032415,2024-04-19 16:00:00.000
1713571200000,-6e-05,2024-04-20 00:00:00.000
1713600000000,-4.722e-05,2024-04-20 08:00:00.000
1713628800000,0.0001,2024-04-20 16:00:00.000
1713657600000,0.0001,2024-04-21 00:00:00.000
1713686400000,6.476e-05,2024-04-21 08:00:00.000
1713715200000,4.907e-05,2024-04-21 16:00:00.000
1713744000000,4.201e-05,2024-04-22 00:00:00.000
1713772800000,0.0001,2024-04-22 08:00:00.000
1713801600000,0.0001,2024-04-22 16:00:00.000
1713830400000,0.0001,2024-04-23 00:00:00.000
1713859200000,0.0001,2024-04-23 08:00:00.000
1713888000001,0.0001,2024-04-23 16:00:00.001
1713916800000,0.0001,2024-04-24 00:00:00.000
1713945600000,0.0001,2024-04-24 08:00:00.000
1713974400000,0.0001,2024-04-24 16:00:00.000
1714003200000,0.0001,2024-04-25 00:00:00.000
1714032000000,-8.49e-06,2024-04-25 08:00:00.000
1714060800010,0.0001,2024-04-25 16:00:00.010
1714089600001,6.588e-05,2024-04-26 00:00:00.001
1714118400000,8.178e-05,2024-04-26 08:00:00.000
1714147200000,7.811e-05,2024-04-26 16:00:00.000
1714176000000,9.849e-05,2024-04-27 00:00:00.000
1714204800001,7.888e-05,2024-04-27 08:00:00.001
1714233600000,7.88e-05,2024-04-27 16:00:00.000
1714262400000,-1.08e-06,2024-04-28 00:00:00.000
1714291200000,0.0001,2024-04-28 08:00:00.000
1714320000000,0.0001,2024-04-28 16:00:00.000
1714348800000,8.82e-06,2024-04-29 00:00:00.000
1714377600000,-0.00091695,2024-04-29 08:00:00.000
1714406400000,-0.00483382,2024-04-29 16:00:00.000
1714435200000,-0.00048727,2024-04-30 00:00:00.000
1714464000000,-0.00163255,2024-04-30 08:00:00.000
1714492800000,-0.00037549,2024-04-30 16:00:00.000
1714521600000,-0.00095651,2024-05-01 00:00:00.000
1714550400000,-0.0001526,2024-05-01 08:00:00.000
1714579200000,-0.00023036,2024-05-01 16:00:00.000
1714608000000,-0.00016805,2024-05-02 00:00:00.000
1714636800000,-0.00027435,2024-05-02 08:00:00.000
1714665600002,-1.584e-05,2024-05-02 16:00:00.002
1714694400000,5.78e-06,2024-05-03 00:00:00.000
1714723200000,6.242e-05,2024-05-03 08:00:00.000
1714752000000,0.0001,2024-05-03 16:00:00.000
1714780800000,9.276e-05,2024-05-04 00:00:00.000
1714809600000,-7.574e-05,2024-05-04 08:00:00.000
1714838400000,0.0001,2024-05-04 16:00:00.000
1714867200000,0.0001,2024-05-05 00:00:00.000
1714896000000,8.708e-05,2024-05-05 08:00:00.000
1714924800000,0.0001,2024-05-05 16:00:00.000
1714953600000,0.0001,2024-05-06 00:00:00.000
1714982400000,0.0001,2024-05-06 08:00:00.000
1715011200000,0.0001,2024-05-06 16:00:00.000
1715040000000,0.0001,2024-05-07 00:00:00.000
1715068800000,0.0001,2024-05-07 08:00:00.000
1715097600000,0.0001,2024-05-07 16:00:00.000
1715126400000,0.0001,2024-05-08 00:00:00.000
1715155200000,0.0001,2024-05-08 08:00:00.000
1715184000000,0.0001,2024-05-08 16:00:00.000
1715212800000,0.0001,2024-05-09 00:00:00.000
1715241600000,0.0001,2024-05-09 08:00:00.000
1715270400000,0.0001,2024-05-09 16:00:00.000
1715299200000,0.0001,2024-05-10 00:00:00.000
1715328000000,0.0001,2024-05-10 08:00:00.000
1715356800000,0.0001,2024-05-10 16:00:00.000
1715385600000,0.0001,2024-05-11 00:00:00.000
1715414400000,3.431e-05,2024-05-11 08:00:00.000
1715443200000,0.0001,2024-05-11 16:00:00.000
1715472000000,5.432e-05,2024-05-12 00:00:00.000
1715500800000,0.0001,2024-05-12 08:00:00.000
1715529600000,0.0001,2024-05-12 16:00:00.000
1715558400001,0.0001,2024-05-13 00:00:00.001
1715587200001,7.952e-05,2024-05-13 08:00:00.001
1715616000000,0.0001,2024-05-13 16:00:00.000
1715644800000,8.199e-05,2024-05-14 00:00:00.000
1715673600000,0.0001,2024-05-14 08:00:00.000
1715702400000,0.0001,2024-05-14 16:00:00.000
1715731200000,0.0001,2024-05-15 00:00:00.000
1715760000000,-2.579e-05,2024-05-15 08:00:00.000
1715788800000,0.0001,2024-05-15 16:00:00.000
1715817600004,-0.00017841,2024-05-16 00:00:00.004
1715846400000,0.0001,2024-05-16 08:00:00.000
1715875200000,0.0001,2024-05-16 16:00:00.000
1715904000000,0.0001,2024-05-17 00:00:00.000
1715932800000,0.0001,2024-05-17 08:00:00.000
1715961600000,0.0001,2024-05-17 16:00:00.000
1715990400000,0.0001,2024-05-18 00:00:00.000
1716019200000,0.0001,2024-05-18 08:00:00.000
1716048000000,0.0001,2024-05-18 16:00:00.000
1716076800000,0.0001,2024-05-19 00:00:00.000
1716105600000,0.0001,2024-05-19 08:00:00.000
1716134400000,0.0001,2024-05-19 16:00:00.000
1716163200000,0.0001,2024-05-20 00:00:00.000
1716192000000,0.0001,2024-05-20 08:00:00.000
1716220800003,0.0001,2024-05-20 16:00:00.003
1716249600000,0.0001,2024-05-21 00:00:00.000
1716278400001,0.0001,2024-05-21 08:00:00.001
1716307200000,0.0001,2024-05-21 16:00:00.000
1716336000000,0.0001,2024-05-22 00:00:00.000
1716364800000,0.0001,2024-05-22 08:00:00.000
1716393600000,0.0001,2024-05-22 16:00:00.000
1716422400000,0.0001,2024-05-23 00:00:00.000
1716451200000,0.0001,2024-05-23 08:00:00.000
1716480000000,0.0001,2024-05-23 16:00:00.000
1716508800000,0.0001,2024-05-24 00:00:00.000
1716537600000,0.0001,2024-05-24 08:00:00.000
1716566400000,0.0001,2024-05-24 16:00:00.000
1716595200000,0.0001,2024-05-25 00:00:00.000
1716624000000,0.0001,2024-05-25 08:00:00.000
1716652800000,0.0001,2024-05-25 16:00:00.000
1716681600000,0.0001,2024-05-26 00:00:00.000
1716710400000,0.0001,2024-05-26 08:00:00.000
1716739200000,0.0001,2024-05-26 16:00:00.000
1716768000000,0.0001,2024-05-27 00:00:00.000
1716796800000,0.0001,2024-05-27 08:00:00.000
1716825600000,0.0001,2024-05-27 16:00:00.000
1716854400000,0.0001,2024-05-28 00:00:00.000
1716883200000,0.0001,2024-05-28 08:00:00.000
1716912000000,0.0001,2024-05-28 16:00:00.000
1716940800001,0.00016156,2024-05-29 00:00:00.001
1716969600000,0.0001,2024-05-29 08:00:00.000
1716998400000,0.00012802,2024-05-29 16:00:00.000
1717027200000,0.0001,2024-05-30 00:00:00.000
1717056000000,0.0001,2024-05-30 08:00:00.000
1717084800000,0.0001,2024-05-30 16:00:00.000
1717113600000,0.0001,2024-05-31 00:00:00.000
1717142400000,0.0001,2024-05-31 08:00:00.000
1717171200000,0.0001,2024-05-31 16:00:00.000
1717200000000,0.00017861,2024-06-01 00:00:00.000
1717228800000,0.0001,2024-06-01 08:00:00.000
1717257600001,0.00013799,2024-06-01 16:00:00.001
1717286400000,0.0001,2024-06-02 00:00:00.000
1717315200000,0.00016362,2024-06-02 08:00:00.000
1717344000000,0.00025333,2024-06-02 16:00:00.000
1717372800000,0.0001,2024-06-03 00:00:00.000
1717401600000,-7.969e-05,2024-06-03 08:00:00.000
1717430400000,-0.00234206,2024-06-03 16:00:00.000
1717459200000,-0.00305272,2024-06-04 00:00:00.000
1717488000000,-0.00319184,2024-06-04 08:00:00.000
1717516800000,-0.00146608,2024-06-04 16:00:00.000
1717545600000,-0.00201925,2024-06-05 00:00:00.000
1717574400000,-0.00089116,2024-06-05 08:00:00.000
1717603200000,-0.0001805,2024-06-05 16:00:00.000
1717632000000,-0.00036302,2024-06-06 00:00:00.000
1717660800008,0.0001,2024-06-06 08:00:00.008
1717689600000,8.766e-05,2024-06-06 16:00:00.000
1717718400000,0.0001,2024-06-07 00:00:00.000
1717747200000,0.0001,2024-06-07 08:00:00.000
1717776000000,0.0001,2024-06-07 16:00:00.000
1717804800000,0.0001,2024-06-08 00:00:00.000
1717833600000,0.0001,2024-06-08 08:00:00.000
1717862400000,-3.41e-06,2024-06-08 16:00:00.000
1717891200000,9.329e-05,2024-06-09 00:00:00.000
1717920000000,-0.00013637,2024-06-09 08:00:00.000
1717948800001,0.0001,2024-06-09 16:00:00.001
1717977600000,0.0001,2024-06-10 00:00:00.000
1718006400000,0.0001,2024-06-10 08:00:00.000
1718035200001,0.0001,2024-06-10 16:00:00.001
1718064000001,0.0001,2024-06-11 00:00:00.001
1718092800000,0.0001,2024-06-11 08:00:00.000
1718121600000,0.0001,2024-06-11 16:00:00.000
1718150400000,0.0001,2024-06-12 00:00:00.000
1718179200000,0.0001,2024-06-12 08:00:00.000
1718208000000,0.0001,2024-06-12 16:00:00.000
1718236800000,0.0001,2024-06-13 00:00:00.000
1718265600001,0.0001,2024-06-13 08:00:00.001
1718294400000,0.0001,2024-06-13 16:00:00.000
1718323200000,0.0001,2024-06-14 00:00:00.000
1718352000000,0.0001,2024-06-14 08:00:00.000
1718380800000,0.0001,2024-06-14 16:00:00.000
1718409600000,0.0001,2024-06-15 00:00:00.000
1718438400000,0.0001,2024-06-15 08:00:00.000
1718467200000,0.0001,2024-06-15 16:00:00.000
1718496000001,0.0001,2024-06-16 00:00:00.001
1718524800000,0.0001,2024-06-16 08:00:00.000
1718553600000,0.0001,2024-06-16 16:00:00.000
1718582400000,0.0001,2024-06-17 00:00:00.000
1718611200000,0.0001,2024-06-17 08:00:00.000
1718640000000,0.0001,2024-06-17 16:00:00.000
1718668800000,0.0001,2024-06-18 00:00:00.000
1718697600000,0.0001,2024-06-18 08:00:00.000
1718726400000,0.0001,2024-06-18 16:00:00.000
1718755200001,0.0001,2024-06-19 00:00:00.001
1718784000001,0.0001,2024-06-19 08:00:00.001
1718812800000,0.0001,2024-06-19 16:00:00.000
1718841600000,0.0001,2024-06-20 00:00:00.000
1718870400000,0.0001,2024-06-20 08:00:00.000
1718899200000,0.0001,2024-06-20 16:00:00.000
1718928000000,0.0001,2024-06-21 00:00:00.000
1718956800000,0.0001,2024-06-21 08:00:00.000
1718985600000,0.0001,2024-06-21 16:00:00.000
1719014400000,0.0001,2024-06-22 00:00:00.000
1719043200000,0.0001,2024-06-22 08:00:00.000
1719072000000,0.0001,2024-06-22 16:00:00.000
1719100800000,0.0001,2024-06-23 00:00:00.000
1719129600000,0.0001,2024-06-23 08:00:00.000
1719158400000,0.0001,2024-06-23 16:00:00.000
1719187200002,0.0001,2024-06-24 00:00:00.002
1719216000000,0.0001,2024-06-24 08:00:00.000
1719244800000,0.0001,2024-06-24 16:00:00.000
1719273600000,0.0001,2024-06-25 00:00:00.000
1719302400000,0.0001,2024-06-25 08:00:00.000
1719331200000,0.0001,2024-06-25 16:00:00.000
1719360000002,0.0001,2024-06-26 00:00:00.002
1719388800000,0.0001,2024-06-26 08:00:00.000
1719417600000,0.0001,2024-06-26 16:00:00.000
1719446400000,0.0001,2024-06-27 00:00:00.000
1719475200001,0.0001,2024-06-27 08:00:00.001
1719504000000,0.0001,2024-06-27 16:00:00.000
1719532800000,0.0001,2024-06-28 00:00:00.000
1719561600000,0.0001,2024-06-28 08:00:00.000
1719590400000,0.0001,2024-06-28 16:00:00.000
1719619200001,0.0001,2024-06-29 00:00:00.001
1719648000000,0.0001,2024-06-29 08:00:00.000
1719676800000,0.0001,2024-06-29 16:00:00.000
1719705600000,0.0001,2024-06-30 00:00:00.000
1719734400000,0.0001,2024-06-30 08:00:00.000
1719763200000,0.0001,2024-06-30 16:00:00.000
1719792000000,0.0001,2024-07-01 00:00:00.000
1719820800000,0.0001,2024-07-01 08:00:00.000
1719849600001,0.0001,2024-07-01 16:00:00.001
1719878400000,0.0001,2024-07-02 00:00:00.000
1719907200000,0.0001,2024-07-02 08:00:00.000
1719936000000,0.0001,2024-07-02 16:00:00.000
1719964800000,0.0001,2024-07-03 00:00:00.000
1719993600001,0.0001,2024-07-03 08:00:00.001
1720022400000,0.0001,2024-07-03 16:00:00.000
1720051200000,0.0001,2024-07-04 00:00:00.000
1720080000000,0.0001,2024-07-04 08:00:00.000
1720108800000,0.0001,2024-07-04 16:00:00.000
1720137600000,0.0001,2024-07-05 00:00:00.000
1720166400000,0.0001,2024-07-05 08:00:00.000
1720195200000,0.0001,2024-07-05 16:00:00.000
1720224000000,0.0001,2024-07-06 00:00:00.000
1720252800000,0.0001,2024-07-06 08:00:00.000
1720281600000,0.0001,2024-07-06 16:00:00.000
1720310400001,0.0001,2024-07-07 00:00:00.001
1720339200000,0.0001,2024-07-07 08:00:00.000
1720368000000,0.0001,2024-07-07 16:00:00.000
1720396800000,0.0001,2024-07-08 00:00:00.000
1720425600000,0.0001,2024-07-08 08:00:00.000
1720454400000,0.0001,2024-07-08 16:00:00.000
1720483200000,0.0001,2024-07-09 00:00:00.000
1720512000001,0.0001,2024-07-09 08:00:00.001
1720540800000,0.0001,2024-07-09 16:00:00.000
1720569600000,0.0001,2024-07-10 00:00:00.000
1720598400000,0.0001,2024-07-10 08:00:00.000
1720627200000,0.0001,2024-07-10 16:00:00.000
1720656000002,0.0001,2024-07-11 00:00:00.002
1720684800002,0.0001,2024-07-11 08:00:00.002
1720713600004,0.0001,2024-07-11 16:00:00.004
1720742400000,0.0001,2024-07-12 00:00:00.000
1720771200000,0.0001,2024-07-12 08:00:00.000
1720800000000,0.0001,2024-07-12 16:00:00.000
1720828800000,0.0001,2024-07-13 00:00:00.000
1720857600000,0.0001,2024-07-13 08:00:00.000
1720886400000,0.0001,2024-07-13 16:00:00.000
1720915200000,0.0001,2024-07-14 00:00:00.000
1720944000000,0.0001,2024-07-14 08:00:00.000
1720972800000,0.0001,2024-07-14 16:00:00.000
1721001600000,0.0001,2024-07-15 00:00:00.000
1721030400000,0.0001,2024-07-15 08:00:00.000
1721059200000,0.0001,2024-07-15 16:00:00.000
1721088000000,0.0001,2024-07-16 00:00:00.000
1721116800000,0.0001,2024-07-16 08:00:00.000
1721145600000,0.0001,2024-07-16 16:00:00.000
1721174400000,0.0001,2024-07-17 00:00:00.000
1721203200001,0.0001,2024-07-17 08:00:00.001
1721232000000,0.0001,2024-07-17 16:00:00.000
1721260800000,0.0001,2024-07-18 00:00:00.000
1721289600000,0.0001,2024-07-18 08:00:00.000
1721318400000,0.0001,2024-07-18 16:00:00.000
1721347200000,0.0001,2024-07-19 00:00:00.000
1721376000000,0.0001,2024-07-19 08:00:00.000
1721404800000,0.0001,2024-07-19 16:00:00.000
1721433600001,0.0001,2024-07-20 00:00:00.001
1721462400000,0.0001,2024-07-20 08:00:00.000
1721491200000,0.0001,2024-07-20 16:00:00.000
1721520000000,0.0001,2024-07-21 00:00:00.000
1721548800000,0.0001,2024-07-21 08:00:00.000
1721577600000,0.0001,2024-07-21 16:00:00.000
1721606400000,0.0001,2024-07-22 00:00:00.000
1721635200000,0.0001,2024-07-22 08:00:00.000
1721664000000,0.0001,2024-07-22 16:00:00.000
1721692800000,0.0001,2024-07-23 00:00:00.000
1721721600000,0.0001,2024-07-23 08:00:00.000
1721750400000,0.0001,2024-07-23 16:00:00.000
1721779200000,0.0001,2024-07-24 00:00:00.000
1721808000000,0.0001,2024-07-24 08:00:00.000
1721836800000,0.0001,2024-07-24 16:00:00.000
1721865600000,0.0001,2024-07-25 00:00:00.000
1721894400000,0.0001,2024-07-25 08:00:00.000
1721923200000,0.0001,2024-07-25 16:00:00.000
1721952000000,0.0001,2024-07-26 00:00:00.000
1721980800000,0.0001,2024-07-26 08:00:00.000
1722009600000,0.0001,2024-07-26 16:00:00.000
1722038400000,0.0001,2024-07-27 00:00:00.000
1722067200000,0.0001,2024-07-27 08:00:00.000
1722096000000,0.0001,2024-07-27 16:00:00.000
1722124800000,0.0001,2024-07-28 00:00:00.000
1722153600000,0.0001,2024-07-28 08:00:00.000
1722182400001,0.0001,2024-07-28 16:00:00.001
1722211200001,0.0001,2024-07-29 00:00:00.001
1722240000000,0.0001,2024-07-29 08:00:00.000
1722268800001,0.0001,2024-07-29 16:00:00.001
1722297600000,0.0001,2024-07-30 00:00:00.000
1722326400001,0.0001,2024-07-30 08:00:00.001
1722355200000,0.0001,2024-07-30 16:00:00.000
1722384000000,0.0001,2024-07-31 00:00:00.000
1722412800000,0.0001,2024-07-31 08:00:00.000
1722441600000,0.0001,2024-07-31 16:00:00.000
1722470400000,0.0001,2024-08-01 00:00:00.000
1722499200000,0.0001,2024-08-01 08:00:00.000
1722528000000,0.0001,2024-08-01 16:00:00.000
1722556800000,0.0001,2024-08-02 00:00:00.000
1722585600001,0.0001,2024-08-02 08:00:00.001
1722614400000,0.0001,2024-08-02 16:00:00.000
1722643200000,0.0001,2024-08-03 00:00:00.000
1722672000000,0.0001,2024-08-03 08:00:00.000
1722700800001,0.0001,2024-08-03 16:00:00.001
1722729600000,0.0001,2024-08-04 00:00:00.000
1722758400000,0.0001,2024-08-04 08:00:00.000
1722787200000,0.0001,2024-08-04 16:00:00.000
1722816000000,0.0001,2024-08-05 00:00:00.000
1722844800000,0.0001,2024-08-05 08:00:00.000
1722873600000,0.0001,2024-08-05 16:00:00.000
1722902400000,0.0001,2024-08-06 00:00:00.000
1722931200000,0.0001,2024-08-06 08:00:00.000
1722960000000,0.0001,2024-08-06 16:00:00.000
1722988800000,0.0001,2024-08-07 00:00:00.000
1723017600001,0.0001,2024-08-07 08:00:00.001
1723046400000,0.0001,2024-08-07 16:00:00.000
1723075200001,0.0001,2024-08-08 00:00:00.001
1723104000000,0.0001,2024-08-08 08:00:00.000
1723132800000,0.0001,2024-08-08 16:00:00.000
1723161600000,0.0001,2024-08-09 00:00:00.000
1723190400000,0.0001,2024-08-09 08:00:00.000
1723219200000,0.0001,2024-08-09 16:00:00.000
1723248000000,0.0001,2024-08-10 00:00:00.000
1723276800000,0.0001,2024-08-10 08:00:00.000
1723305600000,0.0001,2024-08-10 16:00:00.000
1723334400000,0.0001,2024-08-11 00:00:00.000
1723363200000,0.0001,2024-08-11 08:00:00.000
1723392000001,0.0001,2024-08-11 16:00:00.001
1723420800000,0.0001,2024-08-12 00:00:00.000
1723449600000,0.0001,2024-08-12 08:00:00.000
1723478400000,0.0001,2024-08-12 16:00:00.000
1723507200000,0.0001,2024-08-13 00:00:00.000
1723536000000,0.0001,2024-08-13 08:00:00.000
1723564800000,0.0001,2024-08-13 16:00:00.000
1723593600000,0.0001,2024-08-14 00:00:00.000
1723622400000,0.0001,2024-08-14 08:00:00.000
1723651200000,0.0001,2024-08-14 16:00:00.000
1723680000000,0.0001,2024-08-15 00:00:00.000
1723708800000,0.0001,2024-08-15 08:00:00.000
1723737600000,0.0001,2024-08-15 16:00:00.000
1723766400000,0.0001,2024-08-16 00:00:00.000
1723795200000,0.0001,2024-08-16 08:00:00.000
1723824000000,0.0001,2024-08-16 16:00:00.000
1723852800000,0.0001,2024-08-17 00:00:00.000
1723881600000,0.0001,2024-08-17 08:00:00.000
1723910400000,0.0001,2024-08-17 16:00:00.000
1723939200000,0.0001,2024-08-18 00:00:00.000
1723968000000,0.0001,2024-08-18 08:00:00.000
1723996800000,0.0001,2024-08-18 16:00:00.000
1724025600000,0.0001,2024-08-19 00:00:00.000
1724054400000,0.0001,2024-08-19 08:00:00.000
1724083200002,0.0001,2024-08-19 16:00:00.002
1724112000000,0.0001,2024-08-20 00:00:00.000
1724140800000,0.0001,2024-08-20 08:00:00.000
1724169600001,0.0001,2024-08-20 16:00:00.001
1724198400001,0.0001,2024-08-21 00:00:00.001
1724227200000,0.0001,2024-08-21 08:00:00.000
1724256000001,0.0001,2024-08-21 16:00:00.001
1724284800000,0.0001,2024-08-22 00:00:00.000
1724313600000,0.0001,2024-08-22 08:00:00.000
1724342400008,0.0001,2024-08-22 16:00:00.008
1724371200000,0.0001,2024-08-23 00:00:00.000
1724400000000,0.0001,2024-08-23 08:00:00.000
1724428800000,0.0001,2024-08-23 16:00:00.000
1724457600000,0.0001,2024-08-24 00:00:00.000
1724486400005,0.0001,2024-08-24 08:00:00.005
1724515200000,0.0001,2024-08-24 16:00:00.000
1724544000000,0.0001,2024-08-25 00:00:00.000
1724572800000,0.0001,2024-08-25 08:00:00.000
1724601600000,0.0001,2024-08-25 16:00:00.000
1724630400000,0.0001,2024-08-26 00:00:00.000
1724659200001,0.0001,2024-08-26 08:00:00.001
1724688000000,0.0001,2024-08-26 16:00:00.000
1724716800001,0.0001,2024-08-27 00:00:00.001
1724745600000,0.0001,2024-08-27 08:00:00.000
1724774400000,0.0001,2024-08-27 16:00:00.000
1724803200000,0.0001,2024-08-28 00:00:00.000
1724832000000,0.0001,2024-08-28 08:00:00.000
1724860800001,0.0001,2024-08-28 16:00:00.001
1724889600000,0.0001,2024-08-29 00:00:00.000
1724918400001,0.0001,2024-08-29 08:00:00.001
1724947200000,0.0001,2024-08-29 16:00:00.000
1724976000000,0.0001,2024-08-30 00:00:00.000
1725004800000,0.0001,2024-08-30 08:00:00.000
1725033600000,0.0001,2024-08-30 16:00:00.000
1725062400000,0.0001,2024-08-31 00:00:00.000
1725091200000,0.0001,2024-08-31 08:00:00.000
1725120000000,0.0001,2024-08-31 16:00:00.000
1725148800000,0.0001,2024-09-01 00:00:00.000
1725177600001,0.0001,2024-09-01 08:00:00.001
1725206400000,0.0001,2024-09-01 16:00:00.000
1725235200001,0.0001,2024-09-02 00:00:00.001
1725264000001,0.0001,2024-09-02 08:00:00.001
1725292800000,0.0001,2024-09-02 16:00:00.000
1725321600000,0.0001,2024-09-03 00:00:00.000
1725350400001,0.0001,2024-09-03 08:00:00.001
1725379200000,0.0001,2024-09-03 16:00:00.000
1725408000000,0.0001,2024-09-04 00:00:00.000
1725436800000,0.0001,2024-09-04 08:00:00.000
1725465600000,0.0001,2024-09-04 16:00:00.000
1725494400000,0.0001,2024-09-05 00:00:00.000
1725523200000,0.0001,2024-09-05 08:00:00.000
1725552000005,0.0001,2024-09-05 16:00:00.005
1725580800000,0.0001,2024-09-06 00:00:00.000
1725609600001,0.0001,2024-09-06 08:00:00.001
1725638400000,0.0001,2024-09-06 16:00:00.000
1725667200000,0.0001,2024-09-07 00:00:00.000
1725696000000,0.0001,2024-09-07 08:00:00.000
1725724800000,0.0001,2024-09-07 16:00:00.000
1725753600000,0.0001,2024-09-08 00:00:00.000
1725782400000,0.0001,2024-09-08 08:00:00.000
1725811200000,0.0001,2024-09-08 16:00:00.000
1725840000000,0.0001,2024-09-09 00:00:00.000
1725868800000,0.0001,2024-09-09 08:00:00.000
1725897600001,0.0001,2024-09-09 16:00:00.001
1725926400000,0.0001,2024-09-10 00:00:00.000
1725955200000,0.0001,2024-09-10 08:00:00.000
1725984000000,0.0001,2024-09-10 16:00:00.000
1726012800000,0.0001,2024-09-11 00:00:00.000
1726041600000,0.0001,2024-09-11 08:00:00.000
1726070400000,0.0001,2024-09-11 16:00:00.000
1726099200000,0.0001,2024-09-12 00:00:00.000
1726128000000,0.0001,2024-09-12 08:00:00.000
1726156800000,0.0001,2024-09-12 16:00:00.000
1726185600000,0.0001,2024-09-13 00:00:00.000
1726214400001,0.0001,2024-09-13 08:00:00.001
1726243200001,0.0001,2024-09-13 16:00:00.001
1726272000000,0.0001,2024-09-14 00:00:00.000
1726300800000,0.0001,2024-09-14 08:00:00.000
1726329600001,0.0001,2024-09-14 16:00:00.001
1726358400000,0.0001,2024-09-15 00:00:00.000
1726387200000,0.0001,2024-09-15 08:00:00.000
1726416000000,0.0001,2024-09-15 16:00:00.000
1726444800000,0.0001,2024-09-16 00:00:00.000
1726473600001,0.0001,2024-09-16 08:00:00.001
1726502400000,0.0001,2024-09-16 16:00:00.000
1726531200001,0.0001,2024-09-17 00:00:00.001
1726560000000,0.0001,2024-09-17 08:00:00.000
1726588800000,0.0001,2024-09-17 16:00:00.000
1726617600000,0.0001,2024-09-18 00:00:00.000
1726646400000,0.0001,2024-09-18 08:00:00.000
1726675200004,0.0001,2024-09-18 16:00:00.004
1726704000000,0.0001,2024-09-19 00:00:00.000
1726732800000,0.0001,2024-09-19 08:00:00.000
1726761600001,0.0001,2024-09-19 16:00:00.001
1726790400000,0.0001,2024-09-20 00:00:00.000
1726819200001,0.0001,2024-09-20 08:00:00.001
1726848000000,0.0001,2024-09-20 16:00:00.000
1726876800001,0.0001,2024-09-21 00:00:00.001
1726905600000,0.0001,2024-09-21 08:00:00.000
1726934400000,0.0001,2024-09-21 16:00:00.000
1726963200000,0.0001,2024-09-22 00:00:00.000
1726992000000,0.0001,2024-09-22 08:00:00.000
1727020800000,0.0001,2024-09-22 16:00:00.000
1727049600000,0.0001,2024-09-23 00:00:00.000
1727078400000,0.0001,2024-09-23 08:00:00.000
1727107200000,0.0001,2024-09-23 16:00:00.000
1727136000000,0.0001,2024-09-24 00:00:00.000
1727164800000,0.0001,2024-09-24 08:00:00.000
1727193600001,0.0001,2024-09-24 16:00:00.001
1727222400000,0.0001,2024-09-25 00:00:00.000
1727251200003,0.0001,2024-09-25 08:00:00.003
1727280000000,0.0001,2024-09-25 16:00:00.000
1727308800005,0.0001,2024-09-26 00:00:00.005
1727337600000,0.0001,2024-09-26 08:00:00.000
1727366400000,0.0001,2024-09-26 16:00:00.000
1727395200000,0.0001,2024-09-27 00:00:00.000
1727424000000,0.0001,2024-09-27 08:00:00.000
1727452800000,0.0001,2024-09-27 16:00:00.000
1727481600000,0.0001,2024-09-28 00:00:00.000
1727510400001,0.0001,2024-09-28 08:00:00.001
1727539200000,0.0001,2024-09-28 16:00:00.000
1727568000001,0.0001,2024-09-29 00:00:00.001
1727596800000,0.0001,2024-09-29 08:00:00.000
1727625600000,0.0001,2024-09-29 16:00:00.000
1727654400000,0.0001,2024-09-30 00:00:00.000
1727683200001,0.0001,2024-09-30 08:00:00.001
1727712000000,0.0001,2024-09-30 16:00:00.000
1727740800000,0.0001,2024-10-01 00:00:00.000
1727769600000,0.0001,2024-10-01 08:00:00.000
1727798400001,0.0001,2024-10-01 16:00:00.001
1727827200000,0.0001,2024-10-02 00:00:00.000
1727856000000,0.0001,2024-10-02 08:00:00.000
1727884800000,0.0001,2024-10-02 16:00:00.000
1727913600000,0.0001,2024-10-03 00:00:00.000
1727942400000,0.0001,2024-10-03 08:00:00.000
1727971200000,0.0001,2024-10-03 16:00:00.000
1728000000000,0.0001,2024-10-04 00:00:00.000
1728028800000,0.0001,2024-10-04 08:00:00.000
1728057600001,0.0001,2024-10-04 16:00:00.001
1728086400000,0.0001,2024-10-05 00:00:00.000
1728115200000,0.0001,2024-10-05 08:00:00.000
1728144000000,0.0001,2024-10-05 16:00:00.000
1728172800000,0.0001,2024-10-06 00:00:00.000
1728201600001,0.0001,2024-10-06 08:00:00.001
1728230400000,0.0001,2024-10-06 16:00:00.000
1728259200000,0.0001,2024-10-07 00:00:00.000
1728288000000,0.0001,2024-10-07 08:00:00.000
1728316800001,0.0001,2024-10-07 16:00:00.001
1728345600000,0.0001,2024-10-08 00:00:00.000
1728374400000,0.0001,2024-10-08 08:00:00.000
1728403200000,0.0001,2024-10-08 16:00:00.000
1728432000000,0.0001,2024-10-09 00:00:00.000
1728460800000,0.0001,2024-10-09 08:00:00.000
1728489600000,0.0001,2024-10-09 16:00:00.000
1728518400000,0.0001,2024-10-10 00:00:00.000
1728547200000,0.0001,2024-10-10 08:00:00.000
1728576000000,0.0001,2024-10-10 16:00:00.000
1728604800000,0.0001,2024-10-11 00:00:00.000
1728633600000,0.0001,2024-10-11 08:00:00.000
1728662400001,0.0001,2024-10-11 16:00:00.001
1728691200000,0.0001,2024-10-12 00:00:00.000
1728720000001,0.0001,2024-10-12 08:00:00.001
1728748800000,0.0001,2024-10-12 16:00:00.000
1728777600000,0.0001,2024-10-13 00:00:00.000
1728806400000,0.0001,2024-10-13 08:00:00.000
1728835200000,0.0001,2024-10-13 16:00:00.000
1728864000000,0.0001,2024-10-14 00:00:00.000
1728892800000,0.0001,2024-10-14 08:00:00.000
1728921600000,0.0001,2024-10-14 16:00:00.000
1728950400000,0.0001,2024-10-15 00:00:00.000
1728979200000,0.0001,2024-10-15 08:00:00.000
1729008000000,0.0001,2024-10-15 16:00:00.000
1729036800000,0.0001,2024-10-16 00:00:00.000
1729065600001,0.0001,2024-10-16 08:00:00.001
1729094400000,0.0001,2024-10-16 16:00:00.000
1729123200000,0.0001,2024-10-17 00:00:00.000
1729152000000,0.0001,2024-10-17 08:00:00.000
1729180800001,0.0001,2024-10-17 16:00:00.001
1729209600010,0.0001,2024-10-18 00:00:00.010
1729238400001,0.0001,2024-10-18 08:00:00.001
1729267200000,0.0001,2024-10-18 16:00:00.000
1729296000000,0.0001,2024-10-19 00:00:00.000
1729324800000,0.0001,2024-10-19 08:00:00.000
1729353600000,0.0001,2024-10-19 16:00:00.000
1729382400000,0.0001,2024-10-20 00:00:00.000
1729411200000,0.0001,2024-10-20 08:00:00.000
1729440000000,0.0001,2024-10-20 16:00:00.000
1729468800000,0.0001,2024-10-21 00:00:00.000
1729497600000,0.0001,2024-10-21 08:00:00.000
1729526400000,0.0001,2024-10-21 16:00:00.000
1729555200000,0.0001,2024-10-22 00:00:00.000
1729584000000,0.0001,2024-10-22 08:00:00.000
1729612800000,0.0001,2024-10-22 16:00:00.000
1729641600000,0.0001,2024-10-23 00:00:00.000
1729670400000,0.0001,2024-10-23 08:00:00.000
1729699200000,0.0001,2024-10-23 16:00:00.000
1729728000000,0.0001,2024-10-24 00:00:00.000
1729756800000,0.0001,2024-10-24 08:00:00.000
1729785600000,0.0001,2024-10-24 16:00:00.000
1729814400000,0.0001,2024-10-25 00:00:00.000
1729843200000,0.0001,2024-10-25 08:00:00.000
1729872000000,0.0001,2024-10-25 16:00:00.000
1729900800000,0.0001,2024-10-26 00:00:00.000
1729929600001,0.0001,2024-10-26 08:00:00.001
1729958400000,0.0001,2024-10-26 16:00:00.000
1729987200000,0.0001,2024-10-27 00:00:00.000
1730016000000,0.0001,2024-10-27 08:00:00.000
1730044800000,0.0001,2024-10-27 16:00:00.000
1730073600000,0.0001,2024-10-28 00:00:00.000
1730102400001,0.0001,2024-10-28 08:00:00.001
1730131200000,0.0001,2024-10-28 16:00:00.000
1730160000000,0.0001,2024-10-29 00:00:00.000
1730188800000,0.0001,2024-10-29 08:00:00.000
1730217600004,0.0001,2024-10-29 16:00:00.004
1730246400000,0.0001,2024-10-30 00:00:00.000
1730275200000,0.0001,2024-10-30 08:00:00.000
1730304000013,0.0001,2024-10-30 16:00:00.013
1730332800000,0.0001,2024-10-31 00:00:00.000
1730361600000,0.0001,2024-10-31 08:00:00.000
1730390400000,0.0001,2024-10-31 16:00:00.000
1730419200000,0.0001,2024-11-01 00:00:00.000
1730448000000,0.0001,2024-11-01 08:00:00.000
1730476800000,0.0001,2024-11-01 16:00:00.000
1730505600000,0.0001,2024-11-02 00:00:00.000
1730534400000,0.0001,2024-11-02 08:00:00.000
1730563200000,0.0001,2024-11-02 16:00:00.000
1730592000000,0.0001,2024-11-03 00:00:00.000
1730620800000,0.0001,2024-11-03 08:00:00.000
1730649600000,0.0001,2024-11-03 16:00:00.000
1730678400000,0.0001,2024-11-04 00:00:00.000
1730707200000,0.0001,2024-11-04 08:00:00.000
1730736000000,0.0001,2024-11-04 16:00:00.000
1730764800000,0.0001,2024-11-05 00:00:00.000
1730793600003,0.0001,2024-11-05 08:00:00.003
1730822400001,0.0001,2024-11-05 16:00:00.001
1730851200000,0.0001,2024-11-06 00:00:00.000
1730880000000,0.0001,2024-11-06 08:00:00.000
1730908800000,0.0001,2024-11-06 16:00:00.000
1730937600000,0.0001,2024-11-07 00:00:00.000
1730966400000,0.0001,2024-11-07 08:00:00.000
1730995200000,0.0001,2024-11-07 16:00:00.000
1731024000000,0.0001,2024-11-08 00:00:00.000
1731052800000,0.0001,2024-11-08 08:00:00.000
1731081600000,0.0001,2024-11-08 16:00:00.000
1731110400000,0.0001,2024-11-09 00:00:00.000
1731139200000,0.0001,2024-11-09 08:00:00.000
1731168000000,0.0001,2024-11-09 16:00:00.000
1731196800000,0.0001,2024-11-10 00:00:00.000
1731225600000,0.0001,2024-11-10 08:00:00.000
1731254400000,0.0001,2024-11-10 16:00:00.000
1731283200001,0.0001,2024-11-11 00:00:00.001
1731312000000,0.0001,2024-11-11 08:00:00.000
1731340800000,0.0001,2024-11-11 16:00:00.000
1731369600002,0.0001,2024-11-12 00:00:00.002
1731398400000,0.0001,2024-11-12 08:00:00.000
1731427200000,0.0001,2024-11-12 16:00:00.000
1731456000000,0.0001,2024-11-13 00:00:00.000
1731484800010,0.0001,2024-11-13 08:00:00.010
1731513600000,0.0001,2024-11-13 16:00:00.000
1731542400001,0.0001,2024-11-14 00:00:00.001
1731571200000,0.0001,2024-11-14 08:00:00.000
1731600000000,0.0001,2024-11-14 16:00:00.000
1731628800000,0.0001,2024-11-15 00:00:00.000
1731657600000,0.0001,2024-11-15 08:00:00.000
1731686400000,0.0001,2024-11-15 16:00:00.000
1731715200001,0.0001,2024-11-16 00:00:00.001
1731744000001,0.0001,2024-11-16 08:00:00.001
1731772800000,0.0001,2024-11-16 16:00:00.000
1731801600000,0.0001,2024-11-17 00:00:00.000
1731830400000,0.0001,2024-11-17 08:00:00.000
1731859200001,0.0001,2024-11-17 16:00:00.001
1731888000000,0.0001,2024-11-18 00:00:00.000
1731916800000,0.0001,2024-11-18 08:00:00.000
1731945600000,0.0001,2024-11-18 16:00:00.000
1731974400000,0.0001,2024-11-19 00:00:00.000
1732003200000,0.0001,2024-11-19 08:00:00.000
1732032000000,0.0001,2024-11-19 16:00:00.000
1732060800003,0.0001,2024-11-20 00:00:00.003
1732089600000,0.0001,2024-11-20 08:00:00.000
1732118400000,0.0001,2024-11-20 16:00:00.000
1732147200001,0.0001,2024-11-21 00:00:00.001
1732176000000,0.0001,2024-11-21 08:00:00.000
1732204800001,0.0001,2024-11-21 16:00:00.001
1732233600000,0.0001,2024-11-22 00:00:00.000
1732262400000,0.0001,2024-11-22 08:00:00.000
1732291200001,0.0001,2024-11-22 16:00:00.001
1732320000000,0.0001,2024-11-23 00:00:00.000
1732348800000,0.0001,2024-11-23 08:00:00.000
1732377600000,0.0001,2024-11-23 16:00:00.000
1732406400001,0.0001,2024-11-24 00:00:00.001
1732435200000,0.0001,2024-11-24 08:00:00.000
1732464000000,0.0001,2024-11-24 16:00:00.000
1732492800000,0.0001,2024-11-25 00:00:00.000
1732521600000,0.0001,2024-11-25 08:00:00.000
1732550400000,0.0001,2024-11-25 16:00:00.000
1732579200000,0.0001,2024-11-26 00:00:00.000
1732608000000,0.0001,2024-11-26 08:00:00.000
1732636800000,0.0001,2024-11-26 16:00:00.000
1732665600000,0.0001,2024-11-27 00:00:00.000
1732694400000,0.0001,2024-11-27 08:00:00.000
1732723200001,0.0001,2024-11-27 16:00:00.001
1732752000000,0.0001,2024-11-28 00:00:00.000
1732780800000,0.0001,2024-11-28 08:00:00.000
1732809600000,0.0001,2024-11-28 16:00:00.000
1732838400000,0.0001,2024-11-29 00:00:00.000
1732867200000,0.0001,2024-11-29 08:00:00.000
1732896000000,0.0001,2024-11-29 16:00:00.000
1732924800000,0.0001,2024-11-30 00:00:00.000
1732953600000,0.0001,2024-11-30 08:00:00.000
1732982400000,0.0001,2024-11-30 16:00:00.000
1733011200000,0.0001,2024-12-01 00:00:00.000
1733040000000,0.0001,2024-12-01 08:00:00.000
1733068800000,0.0001,2024-12-01 16:00:00.000
1733097600001,0.0001,2024-12-02 00:00:00.001
1733126400001,0.0001,2024-12-02 08:00:00.001
1733155200000,0.0001,2024-12-02 16:00:00.000
1733184000000,0.0001,2024-12-03 00:00:00.000
1733212800000,0.0001,2024-12-03 08:00:00.000
1733241600000,0.0001,2024-12-03 16:00:00.000
1733270400000,0.0001,2024-12-04 00:00:00.000
1733299200000,0.0001,2024-12-04 08:00:00.000
1733328000000,0.0001,2024-12-04 16:00:00.000
1733356800001,0.0001,2024-12-05 00:00:00.001
1733385600000,0.0001,2024-12-05 08:00:00.000
1733414400000,0.0001,2024-12-05 16:00:00.000
1733443200000,0.0001,2024-12-06 00:00:00.000
1733472000000,0.0001,2024-12-06 08:00:00.000
1733500800000,0.0001,2024-12-06 16:00:00.000
1733529600000,0.0001,2024-12-07 00:00:00.000
1733558400000,0.0001,2024-12-07 08:00:00.000
1733587200000,0.0001,2024-12-07 16:00:00.000
1733616000000,0.0001,2024-12-08 00:00:00.000
1733644800000,0.0001,2024-12-08 08:00:00.000
1733673600000,0.0001,2024-12-08 16:00:00.000
1733702400000,0.0001,2024-12-09 00:00:00.000
1733731200000,0.0001,2024-12-09 08:00:00.000
1733760000001,0.0001,2024-12-09 16:00:00.001
1733788800007,0.0001,2024-12-10 00:00:00.007
1733817600000,0.0001,2024-12-10 08:00:00.000
1733846400000,0.0001,2024-12-10 16:00:00.000
1733875200000,0.0001,2024-12-11 00:00:00.000
1733904000000,0.0001,2024-12-11 08:00:00.000
1733932800001,0.0001,2024-12-11 16:00:00.001
1733961600001,0.0001,2024-12-12 00:00:00.001
1733990400000,0.0001,2024-12-12 08:00:00.000
1734019200001,0.0001,2024-12-12 16:00:00.001
1734048000000,0.0001,2024-12-13 00:00:00.000
1734076800000,0.0001,2024-12-13 08:00:00.000
1734105600001,0.0001,2024-12-13 16:00:00.001
1734134400000,0.0001,2024-12-14 00:00:00.000
1734163200000,0.0001,2024-12-14 08:00:00.000
1734192000000,0.0001,2024-12-14 16:00:00.000
1734220800000,0.0001,2024-12-15 00:00:00.000
1734249600000,0.0001,2024-12-15 08:00:00.000
1734278400000,0.0001,2024-12-15 16:00:00.000
1734307200000,0.0001,2024-12-16 00:00:00.000
1734336000001,0.0001,2024-12-16 08:00:00.001
1734364800000,0.0001,2024-12-16 16:00:00.000
1734393600000,0.0001,2024-12-17 00:00:00.000
1734422400000,0.0001,2024-12-17 08:00:00.000
1734451200000,0.0001,2024-12-17 16:00:00.000
1734480000000,0.0001,2024-12-18 00:00:00.000
1734508800000,0.0001,2024-12-18 08:00:00.000
1734537600000,0.0001,2024-12-18 16:00:00.000
1734566400000,0.0001,2024-12-19 00:00:00.000
1734595200000,0.0001,2024-12-19 08:00:00.000
1734624000000,0.0001,2024-12-19 16:00:00.000
1734652800000,0.0001,2024-12-20 00:00:00.000
1734681600001,0.0001,2024-12-20 08:00:00.001
1734710400014,0.0001,2024-12-20 16:00:00.014
1734739200000,0.0001,2024-12-21 00:00:00.000
1734768000000,0.0001,2024-12-21 08:00:00.000
1734796800001,0.0001,2024-12-21 16:00:00.001
1734825600000,0.0001,2024-12-22 00:00:00.000
1734854400000,0.0001,2024-12-22 08:00:00.000
1734883200000,0.0001,2024-12-22 16:00:00.000
1734912000000,0.0001,2024-12-23 00:00:00.000
1734940800000,0.0001,2024-12-23 08:00:00.000
1734969600001,0.0001,2024-12-23 16:00:00.001
1734998400000,0.0001,2024-12-24 00:00:00.000
1735027200000,0.0001,2024-12-24 08:00:00.000
1735056000001,0.0001,2024-12-24 16:00:00.001
1735084800001,0.0001,2024-12-25 00:00:00.001
1735113600000,0.0001,2024-12-25 08:00:00.000
1735142400000,0.0001,2024-12-25 16:00:00.000
1735171200000,0.0001,2024-12-26 00:00:00.000
1735200000000,0.0001,2024-12-26 08:00:00.000
1735228800000,0.0001,2024-12-26 16:00:00.000
1735257600000,0.0001,2024-12-27 00:00:00.000
1735286400000,0.0001,2024-12-27 08:00:00.000
1735315200000,0.0001,2024-12-27 16:00:00.000
1735344000001,0.0001,2024-12-28 00:00:00.001
1735372800000,0.0001,2024-12-28 08:00:00.000
1735401600000,0.0001,2024-12-28 16:00:00.000
1735430400000,0.0001,2024-12-29 00:00:00.000
1735459200000,0.0001,2024-12-29 08:00:00.000
1735488000000,0.0001,2024-12-29 16:00:00.000
1735516800000,0.0001,2024-12-30 00:00:00.000
1735545600001,0.0001,2024-12-30 08:00:00.001
1735574400000,0.0001,2024-12-30 16:00:00.000
1735603200000,0.0001,2024-12-31 00:00:00.000
1735632000000,0.0001,2024-12-31 08:00:00.000
1735660800000,0.0001,2024-12-31 16:00:00.000
1735689600015,0.0001,2025-01-01 00:00:00.015
1735718400000,0.0001,2025-01-01 08:00:00.000
1735747200001,0.0001,2025-01-01 16:00:00.001
1735776000000,0.0001,2025-01-02 00:00:00.000
1735804800006,0.0001,2025-01-02 08:00:00.006
1735833600000,0.0001,2025-01-02 16:00:00.000
1735862400000,0.0001,2025-01-03 00:00:00.000
1735891200000,0.0001,2025-01-03 08:00:00.000
1735920000000,0.0001,2025-01-03 16:00:00.000
1735948800000,0.0001,2025-01-04 00:00:00.000
1735977600000,0.0001,2025-01-04 08:00:00.000
1736006400000,0.0001,2025-01-04 16:00:00.000
1736035200000,0.0001,2025-01-05 00:00:00.000
1736064000000,0.0001,2025-01-05 08:00:00.000
1736092800000,0.0001,2025-01-05 16:00:00.000
1736121600000,0.0001,2025-01-06 00:00:00.000
1736150400001,0.0001,2025-01-06 08:00:00.001
1736179200000,0.0001,2025-01-06 16:00:00.000
1736208000000,0.0001,2025-01-07 00:00:00.000
1736236800000,0.0001,2025-01-07 08:00:00.000
1736265600008,0.0001,2025-01-07 16:00:00.008
1736294400001,0.0001,2025-01-08 00:00:00.001
1736323200000,0.0001,2025-01-08 08:00:00.000
1736352000000,0.0001,2025-01-08 16:00:00.000
1736380800000,0.0001,2025-01-09 00:00:00.000
1736409600000,0.0001,2025-01-09 08:00:00.000
1736438400000,0.0001,2025-01-09 16:00:00.000
1736467200000,0.0001,2025-01-10 00:00:00.000
1736496000000,0.0001,2025-01-10 08:00:00.000
1736524800000,0.0001,2025-01-10 16:00:00.000
1736553600000,0.0001,2025-01-11 00:00:00.000
1736582400000,0.0001,2025-01-11 08:00:00.000
1736611200000,0.0001,2025-01-11 16:00:00.000
1736640000000,0.0001,2025-01-12 00:00:00.000
1736668800000,0.0001,2025-01-12 08:00:00.000
1736697600000,0.0001,2025-01-12 16:00:00.000
1736726400000,0.0001,2025-01-13 00:00:00.000
1736755200000,0.0001,2025-01-13 08:00:00.000
1736784000000,0.0001,2025-01-13 16:00:00.000
1736812800000,0.0001,2025-01-14 00:00:00.000
1736841600000,0.0001,2025-01-14 08:00:00.000
1736870400000,0.0001,2025-01-14 16:00:00.000
1736899200000,0.0001,2025-01-15 00:00:00.000
1736928000000,0.0001,2025-01-15 08:00:00.000
1736956800000,0.0001,2025-01-15 16:00:00.000
1736985600000,0.0001,2025-01-16 00:00:00.000
1737014400000,0.0001,2025-01-16 08:00:00.000
1737043200000,0.0001,2025-01-16 16:00:00.000
1737072000004,0.0001,2025-01-17 00:00:00.004
1737100800000,0.0001,2025-01-17 08:00:00.000
1737129600008,0.0001,2025-01-17 16:00:00.008
1737158400000,0.0001,2025-01-18 00:00:00.000
1737187200007,0.0001,2025-01-18 08:00:00.007
1737216000000,0.0001,2025-01-18 16:00:00.000
1737244800000,0.0001,2025-01-19 00:00:00.000
1737273600000,0.0001,2025-01-19 08:00:00.000
1737302400000,0.0001,2025-01-19 16:00:00.000
1737331200000,0.0001,2025-01-20 00:00:00.000
1737360000009,0.0001,2025-01-20 08:00:00.009
1737388800000,0.0001,2025-01-20 16:00:00.000
1737417600000,0.0001,2025-01-21 00:00:00.000
1737446400000,0.0001,2025-01-21 08:00:00.000
1737475200000,0.0001,2025-01-21 16:00:00.000
1737504000000,0.0001,2025-01-22 00:00:00.000
1737532800000,0.0001,2025-01-22 08:00:00.000
1737561600000,0.0001,2025-01-22 16:00:00.000
1737590400001,0.0001,2025-01-23 00:00:00.001
1737619200000,0.0001,2025-01-23 08:00:00.000
1737648000000,0.0001,2025-01-23 16:00:00.000
1737676800000,0.0001,2025-01-24 00:00:00.000
1737705600000,0.0001,2025-01-24 08:00:00.000
1737734400000,0.0001,2025-01-24 16:00:00.000
1737763200000,0.0001,2025-01-25 00:00:00.000
1737792000000,0.0001,2025-01-25 08:00:00.000
1737820800001,0.0001,2025-01-25 16:00:00.001
1737849600000,0.0001,2025-01-26 00:00:00.000
1737878400000,0.0001,2025-01-26 08:00:00.000
1737907200000,0.0001,2025-01-26 16:00:00.000
1737936000000,0.0001,2025-01-27 00:00:00.000
1737964800000,0.0001,2025-01-27 08:00:00.000
1737993600000,0.0001,2025-01-27 16:00:00.000
1738022400000,0.0001,2025-01-28 00:00:00.000
1738051200000,0.0001,2025-01-28 08:00:00.000
1738080000000,0.0001,2025-01-28 16:00:00.000
1738108800000,0.0001,2025-01-29 00:00:00.000
1738137600000,0.0001,2025-01-29 08:00:00.000
1738166400000,0.0001,2025-01-29 16:00:00.000
1738195200000,0.0001,2025-01-30 00:00:00.000
1738224000000,0.0001,2025-01-30 08:00:00.000
1738252800000,0.0001,2025-01-30 16:00:00.000
1738281600000,0.0001,2025-01-31 00:00:00.000
1738310400000,0.0001,2025-01-31 08:00:00.000
1738339200000,0.0001,2025-01-31 16:00:00.000
1738368000000,0.0001,2025-02-01 00:00:00.000
1738396800000,0.0001,2025-02-01 08:00:00.000
1738425600000,0.0001,2025-02-01 16:00:00.000
1738454400001,0.0001,2025-02-02 00:00:00.001
1738483200000,0.0001,2025-02-02 08:00:00.000
1738512000000,0.0001,2025-02-02 16:00:00.000
1738540800000,0.0001,2025-02-03 00:00:00.000
1738569600000,0.0001,2025-02-03 08:00:00.000
1738598400000,0.0001,2025-02-03 16:00:00.000
1738627200000,0.0001,2025-02-04 00:00:00.000
1738656000001,0.0001,2025-02-04 08:00:00.001
1738684800000,0.0001,2025-02-04 16:00:00.000
1738713600001,0.0001,2025-02-05 00:00:00.001
1738742400001,0.0001,2025-02-05 08:00:00.001
1738771200000,0.0001,2025-02-05 16:00:00.000
1738800000001,0.0001,2025-02-06 00:00:00.001
1738828800001,0.0001,2025-02-06 08:00:00.001
1738857600000,0.0001,2025-02-06 16:00:00.000
1738886400000,0.0001,2025-02-07 00:00:00.000
1738915200000,0.0001,2025-02-07 08:00:00.000
1738944000000,0.0001,2025-02-07 16:00:00.000
1738972800000,0.0001,2025-02-08 00:00:00.000
1739001600000,0.0001,2025-02-08 08:00:00.000
1739030400000,0.0001,2025-02-08 16:00:00.000
1739059200000,0.0001,2025-02-09 00:00:00.000
1739088000000,0.0001,2025-02-09 08:00:00.000
1739116800000,0.0001,2025-02-09 16:00:00.000
1739145600000,0.0001,2025-02-10 00:00:00.000
1739174400000,0.0001,2025-02-10 08:00:00.000
1739203200000,0.0001,2025-02-10 16:00:00.000
1739232000000,0.0001,2025-02-11 00:00:00.000
1739260800000,0.0001,2025-02-11 08:00:00.000
1739289600000,0.0001,2025-02-11 16:00:00.000
1739318400000,0.0001,2025-02-12 00:00:00.000
1739347200000,0.0001,2025-02-12 08:00:00.000
1739376000001,0.0001,2025-02-12 16:00:00.001
1739404800001,0.0001,2025-02-13 00:00:00.001
1739433600000,0.0001,2025-02-13 08:00:00.000
1739462400001,0.0001,2025-02-13 16:00:00.001
1739491200000,0.0001,2025-02-14 00:00:00.000
1739520000001,0.0001,2025-02-14 08:00:00.001
1739548800000,0.0001,2025-02-14 16:00:00.000
1739577600000,0.0001,2025-02-15 00:00:00.000
1739606400000,0.0001,2025-02-15 08:00:00.000
1739635200000,0.0001,2025-02-15 16:00:00.000
1739664000000,0.0001,2025-02-16 00:00:00.000
1739692800000,0.0001,2025-02-16 08:00:00.000
1739721600000,0.0001,2025-02-16 16:00:00.000
1739750400000,0.0001,2025-02-17 00:00:00.000
1739779200000,0.0001,2025-02-17 08:00:00.000
1739808000000,0.0001,2025-02-17 16:00:00.000
1739836800000,0.0001,2025-02-18 00:00:00.000
1739865600000,0.0001,2025-02-18 08:00:00.000
1739894400000,0.0001,2025-02-18 16:00:00.000
1739923200000,0.0001,2025-02-19 00:00:00.000
1739952000000,0.0001,2025-02-19 08:00:00.000
1739980800000,0.0001,2025-02-19 16:00:00.000
1740009600000,0.0001,2025-02-20 00:00:00.000
1740038400000,0.0001,2025-02-20 08:00:00.000
1740067200000,0.0001,2025-02-20 16:00:00.000
1740096000001,0.0001,2025-02-21 00:00:00.001
1740124800000,0.0001,2025-02-21 08:00:00.000
1740153600000,0.0001,2025-02-21 16:00:00.000
1740182400000,0.0001,2025-02-22 00:00:00.000
1740211200000,0.0001,2025-02-22 08:00:00.000
1740240000000,0.0001,2025-02-22 16:00:00.000
1740268800000,0.0001,2025-02-23 00:00:00.000
1740297600000,0.0001,2025-02-23 08:00:00.000
1740326400000,0.0001,2025-02-23 16:00:00.000
1740355200000,0.0001,2025-02-24 00:00:00.000
1740384000000,0.0001,2025-02-24 08:00:00.000
1740412800000,0.0001,2025-02-24 16:00:00.000
1740441600000,0.0001,2025-02-25 00:00:00.000
1740470400000,0.0001,2025-02-25 08:00:00.000
1740499200000,0.0001,2025-02-25 16:00:00.000
1740528000000,0.0001,2025-02-26 00:00:00.000
1740556800000,0.0001,2025-02-26 08:00:00.000
1740585600000,0.0001,2025-02-26 16:00:00.000
1740614400001,0.0001,2025-02-27 00:00:00.001
1740643200000,0.0001,2025-02-27 08:00:00.000
1740672000000,0.0001,2025-02-27 16:00:00.000
1740700800001,0.0001,2025-02-28 00:00:00.001
1740729600000,0.0001,2025-02-28 08:00:00.000
1740758400000,0.0001,2025-02-28 16:00:00.000
1740787200000,0.0001,2025-03-01 00:00:00.000
1740816000000,0.0001,2025-03-01 08:00:00.000
1740844800001,0.0001,2025-03-01 16:00:00.001
1740873600000,0.0001,2025-03-02 00:00:00.000
1740902400000,0.0001,2025-03-02 08:00:00.000
1740931200000,0.0001,2025-03-02 16:00:00.000
1740960000001,0.0001,2025-03-03 00:00:00.001
1740988800000,0.0001,2025-03-03 08:00:00.000
1741017600000,0.0001,2025-03-03 16:00:00.000
1741046400001,0.0001,2025-03-04 00:00:00.001
1741075200005,0.0001,2025-03-04 08:00:00.005
1741104000000,0.0001,2025-03-04 16:00:00.000
1741132800000,0.0001,2025-03-05 00:00:00.000
1741161600000,0.0001,2025-03-05 08:00:00.000
1741190400000,0.0001,2025-03-05 16:00:00.000
1741219200000,0.0001,2025-03-06 00:00:00.000
1741248000001,0.0001,2025-03-06 08:00:00.001
1741276800000,0.0001,2025-03-06 16:00:00.000
1741305600000,0.0001,2025-03-07 00:00:00.000
1741334400001,0.0001,2025-03-07 08:00:00.001
1741363200000,0.0001,2025-03-07 16:00:00.000
1741392000000,0.0001,2025-03-08 00:00:00.000
1741420800001,0.0001,2025-03-08 08:00:00.001
1741449600001,0.0001,2025-03-08 16:00:00.001
1741478400001,0.0001,2025-03-09 00:00:00.001
1741507200000,0.0001,2025-03-09 08:00:00.000
1741536000000,0.0001,2025-03-09 16:00:00.000
1741564800000,0.0001,2025-03-10 00:00:00.000
1741593600000,0.0001,2025-03-10 08:00:00.000
1741622400000,0.0001,2025-03-10 16:00:00.000
1741651200000,0.0001,2025-03-11 00:00:00.000
1741680000000,0.0001,2025-03-11 08:00:00.000
1741708800001,0.0001,2025-03-11 16:00:00.001
1741737600000,0.0001,2025-03-12 00:00:00.000
1741766400000,0.0001,2025-03-12 08:00:00.000
1741795200001,0.0001,2025-03-12 16:00:00.001
1741824000000,0.0001,2025-03-13 00:00:00.000
1741852800000,0.0001,2025-03-13 08:00:00.000
1741881600000,0.0001,2025-03-13 16:00:00.000
1741910400000,0.0001,2025-03-14 00:00:00.000
1741939200000,0.0001,2025-03-14 08:00:00.000
1741968000000,0.0001,2025-03-14 16:00:00.000
1741996800000,0.0001,2025-03-15 00:00:00.000
1742025600000,0.0001,2025-03-15 08:00:00.000
1742054400000,0.0001,2025-03-15 16:00:00.000
1742083200000,0.0001,2025-03-16 00:00:00.000
1742112000000,0.0001,2025-03-16 08:00:00.000
1742140800000,0.0001,2025-03-16 16:00:00.000
1742169600000,0.0001,2025-03-17 00:00:00.000
1742198400000,0.0001,2025-03-17 08:00:00.000
1742227200000,0.0001,2025-03-17 16:00:00.000
1742256000000,0.0001,2025-03-18 00:00:00.000
1742284800000,0.0001,2025-03-18 08:00:00.000
1742313600000,0.0001,2025-03-18 16:00:00.000
1742342400000,0.0001,2025-03-19 00:00:00.000
1742371200000,0.0001,2025-03-19 08:00:00.000
1742400000000,0.0001,2025-03-19 16:00:00.000
1742428800000,0.0001,2025-03-20 00:00:00.000
1742457600000,0.0001,2025-03-20 08:00:00.000
1742486400000,0.0001,2025-03-20 16:00:00.000
1742515200000,0.0001,2025-03-21 00:00:00.000
1742544000000,0.0001,2025-03-21 08:00:00.000
1742572800000,0.0001,2025-03-21 16:00:00.000
1742601600000,0.0001,2025-03-22 00:00:00.000
1742630400004,0.0001,2025-03-22 08:00:00.004
1742659200000,0.0001,2025-03-22 16:00:00.000
1742688000000,0.0001,2025-03-23 00:00:00.000
1742716800000,0.0001,2025-03-23 08:00:00.000
1742745600000,0.0001,2025-03-23 16:00:00.000
1742774400000,0.0001,2025-03-24 00:00:00.000
1742803200000,0.0001,2025-03-24 08:00:00.000
1742832000000,0.0001,2025-03-24 16:00:00.000
1742860800001,0.0001,2025-03-25 00:00:00.001
1742889600000,0.0001,2025-03-25 08:00:00.000
1742918400000,0.0001,2025-03-25 16:00:00.000
1742947200000,0.0001,2025-03-26 00:00:00.000
1742976000000,0.0001,2025-03-26 08:00:00.000
1743004800001,0.0001,2025-03-26 16:00:00.001
1743033600001,0.0001,2025-03-27 00:00:00.001
1743062400001,0.0001,2025-03-27 08:00:00.001
1743091200002,0.0001,2025-03-27 16:00:00.002
1743120000001,0.0001,2025-03-28 00:00:00.001
1743148800001,0.0001,2025-03-28 08:00:00.001
1743177600000,0.0001,2025-03-28 16:00:00.000
1743206400000,0.0001,2025-03-29 00:00:00.000
1743235200000,0.0001,2025-03-29 08:00:00.000
1743264000000,0.0001,2025-03-29 16:00:00.000
1743292800000,0.0001,2025-03-30 00:00:00.000
1743321600000,0.0001,2025-03-30 08:00:00.000
1743350400000,0.0001,2025-03-30 16:00:00.000
1743379200000,0.0001,2025-03-31 00:00:00.000
1743408000000,0.0001,2025-03-31 08:00:00.000
1743436800000,0.0001,2025-03-31 16:00:00.000
1743465600000,0.0001,2025-04-01 00:00:00.000
1743494400001,0.0001,2025-04-01 08:00:00.001
1743523200000,0.0001,2025-04-01 16:00:00.000
1743552000001,0.0001,2025-04-02 00:00:00.001
1743580800000,0.0001,2025-04-02 08:00:00.000
1743609600000,0.0001,2025-04-02 16:00:00.000
1743638400000,0.0001,2025-04-03 00:00:00.000
1743667200000,0.0001,2025-04-03 08:00:00.000
1743696000000,0.0001,2025-04-03 16:00:00.000
1743724800000,0.0001,2025-04-04 00:00:00.000
1743753600000,0.0001,2025-04-04 08:00:00.000
1743782400000,0.0001,2025-04-04 16:00:00.000
1743811200000,0.0001,2025-04-05 00:00:00.000
1743840000000,0.0001,2025-04-05 08:00:00.000
1743868800000,0.0001,2025-04-05 16:00:00.000
1743897600000,0.0001,2025-04-06 00:00:00.000
1743926400000,0.0001,2025-04-06 08:00:00.000
1743955200002,0.0001,2025-04-06 16:00:00.002
1743984000000,0.0001,2025-04-07 00:00:00.000
1744012800000,0.0001,2025-04-07 08:00:00.000
1744041600000,0.0001,2025-04-07 16:00:00.000
1744070400000,0.0001,2025-04-08 00:00:00.000
1744099200000,0.0001,2025-04-08 08:00:00.000
1744128000000,0.0001,2025-04-08 16:00:00.000
1744156800000,0.0001,2025-04-09 00:00:00.000
1744185600001,0.0001,2025-04-09 08:00:00.001
1744214400000,0.0001,2025-04-09 16:00:00.000
1744243200000,0.0001,2025-04-10 00:00:00.000
1744272000000,0.0001,2025-04-10 08:00:00.000
1744300800000,0.0001,2025-04-10 16:00:00.000
1744329600001,0.0001,2025-04-11 00:00:00.001
1744358400000,0.0001,2025-04-11 08:00:00.000
1744387200000,0.0001,2025-04-11 16:00:00.000
1744416000000,0.0001,2025-04-12 00:00:00.000
1744444800001,0.0001,2025-04-12 08:00:00.001
1744473600000,0.0001,2025-04-12 16:00:00.000
1744502400000,0.0001,2025-04-13 00:00:00.000
1744531200000,0.0001,2025-04-13 08:00:00.000
1744560000000,0.0001,2025-04-13 16:00:00.000
1744588800000,0.0001,2025-04-14 00:00:00.000
1744617600000,0.0001,2025-04-14 08:00:00.000
1744646400000,0.0001,2025-04-14 16:00:00.000
1744675200000,0.0001,2025-04-15 00:00:00.000
1744704000000,0.0001,2025-04-15 08:00:00.000
1744732800001,0.0001,2025-04-15 16:00:00.001
1744761600000,0.0001,2025-04-16 00:00:00.000
1744790400000,0.0001,2025-04-16 08:00:00.000
1744819200000,0.0001,2025-04-16 16:00:00.000
1744848000001,0.0001,2025-04-17 00:00:00.001
1744876800000,0.0001,2025-04-17 08:00:00.000
1744905600001,0.0001,2025-04-17 16:00:00.001
1744934400000,0.0001,2025-04-18 00:00:00.000
1744963200000,0.0001,2025-04-18 08:00:00.000
1744992000000,0.0001,2025-04-18 16:00:00.000
1745020800000,0.0001,2025-04-19 00:00:00.000
1745049600000,0.0001,2025-04-19 08:00:00.000
1745078400000,0.0001,2025-04-19 16:00:00.000
1745107200000,0.0001,2025-04-20 00:00:00.000
1745136000000,0.0001,2025-04-20 08:00:00.000
1745164800000,0.0001,2025-04-20 16:00:00.000
1745193600000,0.0001,2025-04-21 00:00:00.000
1745222400005,0.0001,2025-04-21 08:00:00.005
1745251200003,0.0001,2025-04-21 16:00:00.003
1745280000008,0.0001,2025-04-22 00:00:00.008
1745308800000,0.0001,2025-04-22 08:00:00.000
1745337600000,0.0001,2025-04-22 16:00:00.000
1745366400000,0.0001,2025-04-23 00:00:00.000
1745395200002,0.0001,2025-04-23 08:00:00.002
1745424000000,0.0001,2025-04-23 16:00:00.000
1745452800000,0.0001,2025-04-24 00:00:00.000
1745481600001,0.0001,2025-04-24 08:00:00.001
1745510400001,0.0001,2025-04-24 16:00:00.001
1745539200007,0.0001,2025-04-25 00:00:00.007
1745568000002,0.0001,2025-04-25 08:00:00.002
1745596800003,0.0001,2025-04-25 16:00:00.003
1745625600002,0.0001,2025-04-26 00:00:00.002
1745654400000,0.0001,2025-04-26 08:00:00.000
1745683200002,0.0001,2025-04-26 16:00:00.002
1745712000001,0.0001,2025-04-27 00:00:00.001
1745740800000,0.0001,2025-04-27 08:00:00.000
1745769600000,0.0001,2025-04-27 16:00:00.000
1745798400001,0.0001,2025-04-28 00:00:00.001
1745827200003,0.0001,2025-04-28 08:00:00.003
1745856000005,0.0001,2025-04-28 16:00:00.005
1745884800000,0.0001,2025-04-29 00:00:00.000
1745913600000,0.0001,2025-04-29 08:00:00.000
1745942400010,0.0001,2025-04-29 16:00:00.010
1745971200001,0.0001,2025-04-30 00:00:00.001
1746000000000,0.0001,2025-04-30 08:00:00.000
1746028800003,0.0001,2025-04-30 16:00:00.003
1746057600000,0.0001,2025-05-01 00:00:00.000
1746086400000,0.0001,2025-05-01 08:00:00.000
1746115200001,0.0001,2025-05-01 16:00:00.001
1746144000000,0.0001,2025-05-02 00:00:00.000
1746172800000,0.0001,2025-05-02 08:00:00.000
1746201600003,0.0001,2025-05-02 16:00:00.003
1746230400000,0.0001,2025-05-03 00:00:00.000
1746259200000,0.0001,2025-05-03 08:00:00.000
1746288000000,0.0001,2025-05-03 16:00:00.000
1746316800001,0.0001,2025-05-04 00:00:00.001
1746345600001,0.0001,2025-05-04 08:00:00.001
1746374400002,0.0001,2025-05-04 16:00:00.002
1746403200000,0.0001,2025-05-05 00:00:00.000
1746432000000,0.0001,2025-05-05 08:00:00.000
1746460800006,0.0001,2025-05-05 16:00:00.006
1746489600002,0.0001,2025-05-06 00:00:00.002
1746518400005,0.0001,2025-05-06 08:00:00.005
1746547200000,0.0001,2025-05-06 16:00:00.000
1746576000002,0.0001,2025-05-07 00:00:00.002
1746604800000,0.0001,2025-05-07 08:00:00.000
1746633600006,0.0001,2025-05-07 16:00:00.006
1746662400000,0.0001,2025-05-08 00:00:00.000
1746691200001,0.0001,2025-05-08 08:00:00.001
1746720000002,0.0001,2025-05-08 16:00:00.002
1746748800001,0.0001,2025-05-09 00:00:00.001
1746777600006,0.0001,2025-05-09 08:00:00.006
1746806400000,0.0001,2025-05-09 16:00:00.000
1746835200001,0.0001,2025-05-10 00:00:00.001
1746864000000,0.0001,2025-05-10 08:00:00.000
1746892800001,0.0001,2025-05-10 16:00:00.001
1746921600000,0.0001,2025-05-11 00:00:00.000
1746950400001,0.0001,2025-05-11 08:00:00.001
1746979200001,0.0001,2025-05-11 16:00:00.001
1747008000004,0.0001,2025-05-12 00:00:00.004
1747036800000,0.0001,2025-05-12 08:00:00.000
1747065600000,0.0001,2025-05-12 16:00:00.000
1747094400000,0.0001,2025-05-13 00:00:00.000
1747123200008,0.0001,2025-05-13 08:00:00.008
1747152000001,0.0001,2025-05-13 16:00:00.001
1747180800007,0.0001,2025-05-14 00:00:00.007
1747209600000,0.0001,2025-05-14 08:00:00.000
1747238400002,0.0001,2025-05-14 16:00:00.002
1747267200000,0.0001,2025-05-15 00:00:00.000
1747296000003,0.0001,2025-05-15 08:00:00.003
1747324800000,0.0001,2025-05-15 16:00:00.000
1747353600001,0.0001,2025-05-16 00:00:00.001
1747382400000,0.0001,2025-05-16 08:00:00.000
1747411200000,0.0001,2025-05-16 16:00:00.000
1747440000000,0.0001,2025-05-17 00:00:00.000
1747468800001,0.0001,2025-05-17 08:00:00.001
1747497600004,0.0001,2025-05-17 16:00:00.004
1747526400000,0.0001,2025-05-18 00:00:00.000
1747555200000,0.0001,2025-05-18 08:00:00.000
1747584000000,0.0001,2025-05-18 16:00:00.000
1747612800000,0.0001,2025-05-19 00:00:00.000
1747641600006,0.0001,2025-05-19 08:00:00.006
1747670400010,0.0001,2025-05-19 16:00:00.010
1747699200000,0.0001,2025-05-20 00:00:00.000
1747728000002,0.0001,2025-05-20 08:00:00.002
1747756800000,0.0001,2025-05-20 16:00:00.000
1747785600000,0.0001,2025-05-21 00:00:00.000
1747814400001,0.0001,2025-05-21 08:00:00.001
1747843200004,0.0001,2025-05-21 16:00:00.004
1747872000001,0.0001,2025-05-22 00:00:00.001
1747900800000,0.0001,2025-05-22 08:00:00.000
1747929600002,0.0001,2025-05-22 16:00:00.002
1747958400006,0.0001,2025-05-23 00:00:00.006
1747987200000,0.0001,2025-05-23 08:00:00.000
1748016000007,0.0001,2025-05-23 16:00:00.007
1748044800010,0.0001,2025-05-24 00:00:00.010
1748073600000,0.0001,2025-05-24 08:00:00.000
1748102400003,0.0001,2025-05-24 16:00:00.003
1748131200004,0.0001,2025-05-25 00:00:00.004
1748160000000,0.0001,2025-05-25 08:00:00.000
1748188800000,0.0001,2025-05-25 16:00:00.000
1748217600000,0.0001,2025-05-26 00:00:00.000
1748246400000,0.0001,2025-05-26 08:00:00.000
1748275200002,0.0001,2025-05-26 16:00:00.002
1748304000003,0.0001,2025-05-27 00:00:00.003
1748332800001,0.0001,2025-05-27 08:00:00.001
1748361600005,0.0001,2025-05-27 16:00:00.005
1748390400002,0.0001,2025-05-28 00:00:00.002
1748419200003,0.0001,2025-05-28 08:00:00.003
1748448000002,0.0001,2025-05-28 16:00:00.002
1748476800000,0.0001,2025-05-29 00:00:00.000
1748505600006,0.0001,2025-05-29 08:00:00.006
1748534400000,0.0001,2025-05-29 16:00:00.000
1748563200003,0.0001,2025-05-30 00:00:00.003
1748592000003,0.0001,2025-05-30 08:00:00.003
1748620800000,0.0001,2025-05-30 16:00:00.000
1748649600000,0.0001,2025-05-31 00:00:00.000
1748678400000,0.0001,2025-05-31 08:00:00.000
1748707200000,0.0001,2025-05-31 16:00:00.000
1748736000001,0.0001,2025-06-01 00:00:00.001
1748764800002,0.0001,2025-06-01 08:00:00.002
1748793600000,0.0001,2025-06-01 16:00:00.000
1748822400001,0.0001,2025-06-02 00:00:00.001
1748851200000,0.0001,2025-06-02 08:00:00.000
1748880000000,0.0001,2025-06-02 16:00:00.000
1748908800000,0.0001,2025-06-03 00:00:00.000
1748937600000,0.0001,2025-06-03 08:00:00.000
1748966400001,0.0001,2025-06-03 16:00:00.001
1748995200000,0.0001,2025-06-04 00:00:00.000
1749024000000,0.0001,2025-06-04 08:00:00.000
1749052800000,0.0001,2025-06-04 16:00:00.000
1749081600016,0.0001,2025-06-05 00:00:00.016
1749110400000,0.0001,2025-06-05 08:00:00.000
1749139200000,0.0001,2025-06-05 16:00:00.000
1749168000002,0.0001,2025-06-06 00:00:00.002
1749196800000,0.0001,2025-06-06 08:00:00.000
1749225600006,0.0001,2025-06-06 16:00:00.006
1749254400000,0.0001,2025-06-07 00:00:00.000
1749283200000,0.0001,2025-06-07 08:00:00.000
1749312000002,0.0001,2025-06-07 16:00:00.002
1749340800000,0.0001,2025-06-08 00:00:00.000
1749369600000,0.0001,2025-06-08 08:00:00.000
1749398400000,0.0001,2025-06-08 16:00:00.000
1749427200000,0.0001,2025-06-09 00:00:00.000
1749456000001,0.0001,2025-06-09 08:00:00.001
1749484800001,0.0001,2025-06-09 16:00:00.001
1749513600000,0.0001,2025-06-10 00:00:00.000
1749542400001,0.0001,2025-06-10 08:00:00.001
1749571200003,0.0001,2025-06-10 16:00:00.003
1749600000000,0.0001,2025-06-11 00:00:00.000
1749628800000,0.0001,2025-06-11 08:00:00.000
1749657600010,0.0001,2025-06-11 16:00:00.010
1749686400002,0.0001,2025-06-12 00:00:00.002
1749715200003,0.0001,2025-06-12 08:00:00.003
1749744000001,0.0001,2025-06-12 16:00:00.001
1749772800000,0.0001,2025-06-13 00:00:00.000
1749801600001,0.0001,2025-06-13 08:00:00.001
1749830400004,0.0001,2025-06-13 16:00:00.004
1749859200000,0.0001,2025-06-14 00:00:00.000
1749888000000,0.0001,2025-06-14 08:00:00.000
1749916800000,0.0001,2025-06-14 16:00:00.000
1749945600005,0.0001,2025-06-15 00:00:00.005
1749974400009,0.0001,2025-06-15 08:00:00.009
1750003200000,0.0001,2025-06-15 16:00:00.000
1750032000000,0.0001,2025-06-16 00:00:00.000
1750060800000,0.0001,2025-06-16 08:00:00.000
1750089600003,0.0001,2025-06-16 16:00:00.003
1750118400000,0.0001,2025-06-17 00:00:00.000
1750147200006,0.0001,2025-06-17 08:00:00.006
1750176000001,0.0001,2025-06-17 16:00:00.001
1750204800001,0.0001,2025-06-18 00:00:00.001
1750233600001,0.0001,2025-06-18 08:00:00.001
1750262400001,0.0001,2025-06-18 16:00:00.001
1750291200005,0.0001,2025-06-19 00:00:00.005
1750320000003,0.0001,2025-06-19 08:00:00.003
