timestamp,funding_rate,datetime
1718899200000,-0.00500889,2024-06-20 16:00:00.000
1718913600000,-0.00056377,2024-06-20 20:00:00.000
1718928000000,5e-05,2024-06-21 00:00:00.000
1718942400001,-0.00029334,2024-06-21 04:00:00.001
1718956800000,-0.00026272,2024-06-21 08:00:00.000
1718971200001,5e-05,2024-06-21 12:00:00.001
1718985600000,5e-05,2024-06-21 16:00:00.000
1719000000000,5e-05,2024-06-21 20:00:00.000
1719014400000,5e-05,2024-06-22 00:00:00.000
1719028800000,5e-05,2024-06-22 04:00:00.000
1719043200000,5e-05,2024-06-22 08:00:00.000
1719057600001,2.615e-05,2024-06-22 12:00:00.001
1719072000000,-0.00013808,2024-06-22 16:00:00.000
1719086400000,5e-05,2024-06-22 20:00:00.000
1719100800000,5e-05,2024-06-23 00:00:00.000
1719115200000,5e-05,2024-06-23 04:00:00.000
1719129600000,-0.00011085,2024-06-23 08:00:00.000
1719144000000,-9.363e-05,2024-06-23 12:00:00.000
1719158400000,5e-05,2024-06-23 16:00:00.000
1719172800000,-0.00014405,2024-06-23 20:00:00.000
1719187200002,-0.00022046,2024-06-24 00:00:00.002
1719201600000,-0.0001302,2024-06-24 04:00:00.000
1719216000000,5e-05,2024-06-24 08:00:00.000
1719230400001,5e-05,2024-06-24 12:00:00.001
1719244800000,5e-05,2024-06-24 16:00:00.000
1719259200000,-0.00062767,2024-06-24 20:00:00.000
1719273600000,-0.00011952,2024-06-25 00:00:00.000
1719288000000,-1.846e-05,2024-06-25 04:00:00.000
1719302400000,5e-05,2024-06-25 08:00:00.000
1719316800007,5e-05,2024-06-25 12:00:00.007
1719331200000,5e-05,2024-06-25 16:00:00.000
1719345600004,5e-05,2024-06-25 20:00:00.004
1719360000002,5e-05,2024-06-26 00:00:00.002
1719374400000,5e-05,2024-06-26 04:00:00.000
1719388800000,5e-05,2024-06-26 08:00:00.000
1719403200002,5e-05,2024-06-26 12:00:00.002
1719417600000,5e-05,2024-06-26 16:00:00.000
1719432000000,5e-05,2024-06-26 20:00:00.000
1719446400000,5e-05,2024-06-27 00:00:00.000
1719460800000,5e-05,2024-06-27 04:00:00.000
1719475200001,5e-05,2024-06-27 08:00:00.001
1719489600000,5e-05,2024-06-27 12:00:00.000
1719504000000,5e-05,2024-06-27 16:00:00.000
1719518400000,5e-05,2024-06-27 20:00:00.000
1719532800000,5e-05,2024-06-28 00:00:00.000
1719547200000,5e-05,2024-06-28 04:00:00.000
1719561600000,5e-05,2024-06-28 08:00:00.000
1719576000000,5e-05,2024-06-28 12:00:00.000
1719590400000,5e-05,2024-06-28 16:00:00.000
1719604800000,5e-05,2024-06-28 20:00:00.000
1719619200001,5e-05,2024-06-29 00:00:00.001
1719633600000,5e-05,2024-06-29 04:00:00.000
1719648000000,4.521e-05,2024-06-29 08:00:00.000
1719662400000,5e-05,2024-06-29 12:00:00.000
1719676800000,5e-05,2024-06-29 16:00:00.000
1719691200000,-0.00035369,2024-06-29 20:00:00.000
1719705600000,5e-05,2024-06-30 00:00:00.000
1719720000000,3.934e-05,2024-06-30 04:00:00.000
1719734400000,5e-05,2024-06-30 08:00:00.000
1719748800000,-0.00017233,2024-06-30 12:00:00.000
1719763200000,-0.00134928,2024-06-30 16:00:00.000
1719777600004,5e-05,2024-06-30 20:00:00.004
1719792000000,-9.134e-05,2024-07-01 00:00:00.000
1719806400001,5e-05,2024-07-01 04:00:00.001
1719820800000,-0.00027619,2024-07-01 08:00:00.000
1719835200000,5e-05,2024-07-01 12:00:00.000
1719849600001,5e-05,2024-07-01 16:00:00.001
1719864000000,5e-05,2024-07-01 20:00:00.000
1719878400000,5e-05,2024-07-02 00:00:00.000
1719892800001,5e-05,2024-07-02 04:00:00.001
1719907200000,5e-05,2024-07-02 08:00:00.000
1719921600000,1.887e-05,2024-07-02 12:00:00.000
1719936000000,-0.00038342,2024-07-02 16:00:00.000
1719950400000,3.774e-05,2024-07-02 20:00:00.000
1719964800000,5e-05,2024-07-03 00:00:00.000
1719979200000,-0.00039389,2024-07-03 04:00:00.000
1719993600001,-0.00044916,2024-07-03 08:00:00.001
1720008000001,-0.00047238,2024-07-03 12:00:00.001
1720022400000,5e-05,2024-07-03 16:00:00.000
1720036800000,5e-05,2024-07-03 20:00:00.000
1720051200000,5e-05,2024-07-04 00:00:00.000
1720065600000,5e-05,2024-07-04 04:00:00.000
1720080000000,5e-05,2024-07-04 08:00:00.000
1720094400000,5e-05,2024-07-04 12:00:00.000
1720108800000,5e-05,2024-07-04 16:00:00.000
1720123200000,5e-05,2024-07-04 20:00:00.000
1720137600000,5e-05,2024-07-05 00:00:00.000
1720152000000,5e-05,2024-07-05 04:00:00.000
1720166400000,5e-05,2024-07-05 08:00:00.000
1720180800001,-0.00021022,2024-07-05 12:00:00.001
1720195200000,-0.00031405,2024-07-05 16:00:00.000
1720209600001,-2.87e-06,2024-07-05 20:00:00.001
1720224000000,5e-05,2024-07-06 00:00:00.000
1720238400003,3.761e-05,2024-07-06 04:00:00.003
1720252800000,-0.00032859,2024-07-06 08:00:00.000
1720267200000,-1.795e-05,2024-07-06 12:00:00.000
1720281600000,-0.00087791,2024-07-06 16:00:00.000
1720296000000,5e-05,2024-07-06 20:00:00.000
1720310400001,5e-05,2024-07-07 00:00:00.001
1720324800000,4.987e-05,2024-07-07 04:00:00.000
1720339200000,-3.502e-05,2024-07-07 08:00:00.000
1720353600000,5e-05,2024-07-07 12:00:00.000
1720368000000,-9.788e-05,2024-07-07 16:00:00.000
1720382400000,-0.00162777,2024-07-07 20:00:00.000
1720396800000,-0.00040337,2024-07-08 00:00:00.000
1720411200000,-0.00015738,2024-07-08 04:00:00.000
1720425600000,-0.00011597,2024-07-08 08:00:00.000
1720440000000,-0.00013855,2024-07-08 12:00:00.000
1720454400000,-0.00023371,2024-07-08 16:00:00.000
1720468800000,1.46e-05,2024-07-08 20:00:00.000
1720483200000,-0.00027542,2024-07-09 00:00:00.000
1720497600000,-0.00041016,2024-07-09 04:00:00.000
1720512000001,-0.00053258,2024-07-09 08:00:00.001
1720526400000,-0.00077313,2024-07-09 12:00:00.000
1720540800000,-0.00033135,2024-07-09 16:00:00.000
1720555200000,-0.00078735,2024-07-09 20:00:00.000
1720569600000,-0.00051391,2024-07-10 00:00:00.000
1720584000000,-0.00042232,2024-07-10 04:00:00.000
1720598400000,5e-05,2024-07-10 08:00:00.000
1720612800000,5e-05,2024-07-10 12:00:00.000
1720627200000,5e-05,2024-07-10 16:00:00.000
1720641600002,5e-05,2024-07-10 20:00:00.002
1720656000002,-5.633e-05,2024-07-11 00:00:00.002
1720670400000,5e-05,2024-07-11 04:00:00.000
1720684800002,-0.00023116,2024-07-11 08:00:00.002
1720699200000,-0.00089814,2024-07-11 12:00:00.000
1720713600004,5e-05,2024-07-11 16:00:00.004
1720728000000,5e-05,2024-07-11 20:00:00.000
1720742400000,-1.834e-05,2024-07-12 00:00:00.000
1720756800003,-0.00047712,2024-07-12 04:00:00.003
1720771200000,-0.00017536,2024-07-12 08:00:00.000
1720785600000,5e-05,2024-07-12 12:00:00.000
1720800000000,-0.00028213,2024-07-12 16:00:00.000
1720814400000,5e-05,2024-07-12 20:00:00.000
1720828800000,-8.08e-06,2024-07-13 00:00:00.000
1720843200001,-0.0002118,2024-07-13 04:00:00.001
1720857600000,-0.00031253,2024-07-13 08:00:00.000
1720872000000,-0.00021595,2024-07-13 12:00:00.000
1720886400000,-0.00025983,2024-07-13 16:00:00.000
1720900800000,5e-05,2024-07-13 20:00:00.000
1720915200000,5e-05,2024-07-14 00:00:00.000
1720929600001,5e-05,2024-07-14 04:00:00.001
1720944000000,5e-05,2024-07-14 08:00:00.000
1720958400000,-9.758e-05,2024-07-14 12:00:00.000
1720972800000,-1.164e-05,2024-07-14 16:00:00.000
1720987200000,5e-05,2024-07-14 20:00:00.000
1721001600000,5e-05,2024-07-15 00:00:00.000
1721016000000,-0.00011226,2024-07-15 04:00:00.000
1721030400000,5e-05,2024-07-15 08:00:00.000
1721044800000,5e-05,2024-07-15 12:00:00.000
1721059200000,5e-05,2024-07-15 16:00:00.000
1721073600000,5e-05,2024-07-15 20:00:00.000
1721088000000,5e-05,2024-07-16 00:00:00.000
1721102400001,5e-05,2024-07-16 04:00:00.001
1721116800000,5e-05,2024-07-16 08:00:00.000
1721131200000,5e-05,2024-07-16 12:00:00.000
1721145600000,5e-05,2024-07-16 16:00:00.000
1721160000000,5e-05,2024-07-16 20:00:00.000
1721174400000,5e-05,2024-07-17 00:00:00.000
1721188800000,5e-05,2024-07-17 04:00:00.000
1721203200001,5e-05,2024-07-17 08:00:00.001
1721217600000,5e-05,2024-07-17 12:00:00.000
1721232000000,5e-05,2024-07-17 16:00:00.000
1721246400000,5e-05,2024-07-17 20:00:00.000
1721260800000,5e-05,2024-07-18 00:00:00.000
1721275200001,5e-05,2024-07-18 04:00:00.001
1721289600000,5e-05,2024-07-18 08:00:00.000
1721304000000,5e-05,2024-07-18 12:00:00.000
1721318400000,5e-05,2024-07-18 16:00:00.000
1721332800000,5e-05,2024-07-18 20:00:00.000
1721347200000,5e-05,2024-07-19 00:00:00.000
1721361600000,5e-05,2024-07-19 04:00:00.000
1721376000000,5e-05,2024-07-19 08:00:00.000
1721390400000,5e-05,2024-07-19 12:00:00.000
1721404800000,5e-05,2024-07-19 16:00:00.000
1721419200000,5e-05,2024-07-19 20:00:00.000
1721433600001,5e-05,2024-07-20 00:00:00.001
1721448000000,5e-05,2024-07-20 04:00:00.000
1721462400000,5e-05,2024-07-20 08:00:00.000
1721476800000,5e-05,2024-07-20 12:00:00.000
1721491200000,5e-05,2024-07-20 16:00:00.000
1721505600000,5e-05,2024-07-20 20:00:00.000
1721520000000,5e-05,2024-07-21 00:00:00.000
1721534400000,5e-05,2024-07-21 04:00:00.000
1721548800000,5e-05,2024-07-21 08:00:00.000
1721563200000,5e-05,2024-07-21 12:00:00.000
1721577600000,5e-05,2024-07-21 16:00:00.000
1721592000000,5e-05,2024-07-21 20:00:00.000
1721606400000,5e-05,2024-07-22 00:00:00.000
1721620800000,5e-05,2024-07-22 04:00:00.000
1721635200000,5e-05,2024-07-22 08:00:00.000
1721649600000,5e-05,2024-07-22 12:00:00.000
1721664000000,5e-05,2024-07-22 16:00:00.000
1721678400000,5e-05,2024-07-22 20:00:00.000
1721692800000,5e-05,2024-07-23 00:00:00.000
1721707200000,5e-05,2024-07-23 04:00:00.000
1721721600000,5e-05,2024-07-23 08:00:00.000
1721736000000,5e-05,2024-07-23 12:00:00.000
1721750400000,5e-05,2024-07-23 16:00:00.000
1721764800000,5e-05,2024-07-23 20:00:00.000
1721779200000,5e-05,2024-07-24 00:00:00.000
1721793600000,5e-05,2024-07-24 04:00:00.000
1721808000000,5e-05,2024-07-24 08:00:00.000
1721822400000,5e-05,2024-07-24 12:00:00.000
1721836800000,5e-05,2024-07-24 16:00:00.000
1721851200000,5e-05,2024-07-24 20:00:00.000
1721865600000,5e-05,2024-07-25 00:00:00.000
1721880000000,5e-05,2024-07-25 04:00:00.000
1721894400000,5e-05,2024-07-25 08:00:00.000
1721908800001,5e-05,2024-07-25 12:00:00.001
1721923200000,5e-05,2024-07-25 16:00:00.000
1721937600001,5e-05,2024-07-25 20:00:00.001
1721952000000,5e-05,2024-07-26 00:00:00.000
1721966400000,-2.89e-06,2024-07-26 04:00:00.000
1721980800000,-5.669e-05,2024-07-26 08:00:00.000
1721995200000,3.522e-05,2024-07-26 12:00:00.000
1722009600000,-5.049e-05,2024-07-26 16:00:00.000
1722024000000,-8.785e-05,2024-07-26 20:00:00.000
1722038400000,7.44e-06,2024-07-27 00:00:00.000
1722052800000,-4.187e-05,2024-07-27 04:00:00.000
1722067200000,1.576e-05,2024-07-27 08:00:00.000
1722081600000,-2.802e-05,2024-07-27 12:00:00.000
1722096000000,1.9e-07,2024-07-27 16:00:00.000
1722110400000,3.52e-06,2024-07-27 20:00:00.000
1722124800000,-8.835e-05,2024-07-28 00:00:00.000
1722139200000,-2.47e-05,2024-07-28 04:00:00.000
1722153600000,8.56e-06,2024-07-28 08:00:00.000
1722168000000,-1.258e-05,2024-07-28 12:00:00.000
1722182400001,5e-05,2024-07-28 16:00:00.001
1722196800000,2.972e-05,2024-07-28 20:00:00.000
1722211200001,5e-05,2024-07-29 00:00:00.001
1722225600001,4.66e-06,2024-07-29 04:00:00.001
1722240000000,5e-05,2024-07-29 08:00:00.000
1722254400000,4.274e-05,2024-07-29 12:00:00.000
1722268800001,5e-05,2024-07-29 16:00:00.001
1722283200000,5e-05,2024-07-29 20:00:00.000
1722297600000,4.336e-05,2024-07-30 00:00:00.000
1722312000000,3.813e-05,2024-07-30 04:00:00.000
1722326400001,3.82e-05,2024-07-30 08:00:00.001
1722340800000,5e-05,2024-07-30 12:00:00.000
1722355200000,5e-05,2024-07-30 16:00:00.000
1722369600000,5e-05,2024-07-30 20:00:00.000
1722384000000,2.534e-05,2024-07-31 00:00:00.000
1722398400000,3.544e-05,2024-07-31 04:00:00.000
1722412800000,5e-05,2024-07-31 08:00:00.000
1722427200000,5e-05,2024-07-31 12:00:00.000
1722441600000,1.71e-05,2024-07-31 16:00:00.000
1722456000000,-1.662e-05,2024-07-31 20:00:00.000
1722470400000,5e-05,2024-08-01 00:00:00.000
1722484800000,5e-05,2024-08-01 04:00:00.000
1722499200000,2.448e-05,2024-08-01 08:00:00.000
1722513600000,2.447e-05,2024-08-01 12:00:00.000
1722528000000,4.941e-05,2024-08-01 16:00:00.000
1722542400001,-8.367e-05,2024-08-01 20:00:00.001
1722556800000,-0.00012292,2024-08-02 00:00:00.000
1722571200000,3.399e-05,2024-08-02 04:00:00.000
1722585600001,5e-05,2024-08-02 08:00:00.001
1722600000000,5e-05,2024-08-02 12:00:00.000
1722614400000,5e-05,2024-08-02 16:00:00.000
1722628800000,5e-05,2024-08-02 20:00:00.000
1722643200000,5e-05,2024-08-03 00:00:00.000
1722657600000,5e-05,2024-08-03 04:00:00.000
1722672000000,5e-05,2024-08-03 08:00:00.000
1722686400000,5e-05,2024-08-03 12:00:00.000
1722700800001,5e-05,2024-08-03 16:00:00.001
1722715200000,5e-05,2024-08-03 20:00:00.000
1722729600000,3.437e-05,2024-08-04 00:00:00.000
1722744000000,5e-05,2024-08-04 04:00:00.000
1722758400000,4.92e-05,2024-08-04 08:00:00.000
1722772800000,5e-05,2024-08-04 12:00:00.000
1722787200000,5e-05,2024-08-04 16:00:00.000
1722801600000,5e-05,2024-08-04 20:00:00.000
1722816000000,5e-05,2024-08-05 00:00:00.000
1722830400000,-1.172e-05,2024-08-05 04:00:00.000
1722844800000,-2.693e-05,2024-08-05 08:00:00.000
1722859200000,5e-05,2024-08-05 12:00:00.000
1722873600000,-2.213e-05,2024-08-05 16:00:00.000
1722888000000,3.323e-05,2024-08-05 20:00:00.000
1722902400000,-2.749e-05,2024-08-06 00:00:00.000
1722916800001,-2.734e-05,2024-08-06 04:00:00.001
1722931200000,-2.43e-05,2024-08-06 08:00:00.000
1722945600000,5e-05,2024-08-06 12:00:00.000
1722960000000,-2.504e-05,2024-08-06 16:00:00.000
1722974400000,-1.484e-05,2024-08-06 20:00:00.000
1722988800000,5e-05,2024-08-07 00:00:00.000
1723003200000,5e-05,2024-08-07 04:00:00.000
1723017600001,9.48e-06,2024-08-07 08:00:00.001
1723032000000,-2.552e-05,2024-08-07 12:00:00.000
1723046400000,5e-05,2024-08-07 16:00:00.000
1723060800000,5e-05,2024-08-07 20:00:00.000
1723075200001,-9.334e-05,2024-08-08 00:00:00.001
1723089600000,5e-05,2024-08-08 04:00:00.000
1723104000000,5e-05,2024-08-08 08:00:00.000
1723118400000,5e-05,2024-08-08 12:00:00.000
1723132800000,5e-05,2024-08-08 16:00:00.000
1723147200000,-2.068e-05,2024-08-08 20:00:00.000
1723161600000,5e-05,2024-08-09 00:00:00.000
1723176000000,5e-05,2024-08-09 04:00:00.000
1723190400000,5e-05,2024-08-09 08:00:00.000
1723204800000,5e-05,2024-08-09 12:00:00.000
1723219200000,5e-05,2024-08-09 16:00:00.000
1723233600001,5e-05,2024-08-09 20:00:00.001
1723248000000,5e-05,2024-08-10 00:00:00.000
1723262400000,3.301e-05,2024-08-10 04:00:00.000
1723276800000,5e-05,2024-08-10 08:00:00.000
1723291200000,5e-05,2024-08-10 12:00:00.000
1723305600000,5e-05,2024-08-10 16:00:00.000
1723320000001,5e-05,2024-08-10 20:00:00.001
1723334400000,5e-05,2024-08-11 00:00:00.000
1723348800000,2.25e-05,2024-08-11 04:00:00.000
1723363200000,-8.934e-05,2024-08-11 08:00:00.000
1723377600000,5e-05,2024-08-11 12:00:00.000
1723392000001,5e-05,2024-08-11 16:00:00.001
1723406400000,5e-05,2024-08-11 20:00:00.000
1723420800000,-8.56e-06,2024-08-12 00:00:00.000
1723435200000,5.17e-06,2024-08-12 04:00:00.000
1723449600000,-3.568e-05,2024-08-12 08:00:00.000
1723464000000,-1.6e-06,2024-08-12 12:00:00.000
1723478400000,5e-05,2024-08-12 16:00:00.000
1723492800000,5e-05,2024-08-12 20:00:00.000
1723507200000,2.286e-05,2024-08-13 00:00:00.000
1723521600001,5e-05,2024-08-13 04:00:00.001
1723536000000,5e-05,2024-08-13 08:00:00.000
1723550400000,5e-05,2024-08-13 12:00:00.000
1723564800000,-3.98e-06,2024-08-13 16:00:00.000
1723579200000,5e-05,2024-08-13 20:00:00.000
1723593600000,5e-05,2024-08-14 00:00:00.000
1723608000000,5e-05,2024-08-14 04:00:00.000
1723622400000,2.6e-06,2024-08-14 08:00:00.000
1723636800000,5e-05,2024-08-14 12:00:00.000
1723651200000,2.083e-05,2024-08-14 16:00:00.000
1723665600000,-2.372e-05,2024-08-14 20:00:00.000
1723680000000,2.533e-05,2024-08-15 00:00:00.000
1723694400000,5e-05,2024-08-15 04:00:00.000
1723708800000,5e-05,2024-08-15 08:00:00.000
1723723200000,-9.91e-05,2024-08-15 12:00:00.000
1723737600000,5e-05,2024-08-15 16:00:00.000
1723752000000,5e-05,2024-08-15 20:00:00.000
1723766400000,-4.298e-05,2024-08-16 00:00:00.000
1723780800001,-7.441e-05,2024-08-16 04:00:00.001
1723795200000,-1.26e-06,2024-08-16 08:00:00.000
1723809600000,-9.737e-05,2024-08-16 12:00:00.000
1723824000000,2.755e-05,2024-08-16 16:00:00.000
1723838400000,5e-05,2024-08-16 20:00:00.000
1723852800000,5e-05,2024-08-17 00:00:00.000
1723867200000,1.35e-06,2024-08-17 04:00:00.000
1723881600000,-1.976e-05,2024-08-17 08:00:00.000
1723896000000,-3.482e-05,2024-08-17 12:00:00.000
1723910400000,3.001e-05,2024-08-17 16:00:00.000
1723924800000,-2.288e-05,2024-08-17 20:00:00.000
1723939200000,5e-05,2024-08-18 00:00:00.000
1723953600001,3.06e-05,2024-08-18 04:00:00.001
1723968000000,5e-05,2024-08-18 08:00:00.000
1723982400000,-0.00010036,2024-08-18 12:00:00.000
1723996800000,-0.00017513,2024-08-18 16:00:00.000
1724011200000,-1.5e-06,2024-08-18 20:00:00.000
1724025600000,5e-05,2024-08-19 00:00:00.000
1724040000000,-6.64e-06,2024-08-19 04:00:00.000
1724054400000,5e-05,2024-08-19 08:00:00.000
1724068800000,-1.59e-06,2024-08-19 12:00:00.000
1724083200002,5e-05,2024-08-19 16:00:00.002
1724097600001,-6.349e-05,2024-08-19 20:00:00.001
1724112000000,1.98e-05,2024-08-20 00:00:00.000
1724126400000,1.779e-05,2024-08-20 04:00:00.000
1724140800000,5e-05,2024-08-20 08:00:00.000
1724155200000,5e-05,2024-08-20 12:00:00.000
1724169600001,5e-05,2024-08-20 16:00:00.001
1724184000000,5e-05,2024-08-20 20:00:00.000
1724198400001,2.018e-05,2024-08-21 00:00:00.001
1724212800001,2.732e-05,2024-08-21 04:00:00.001
1724227200000,5e-05,2024-08-21 08:00:00.000
1724241600000,-2.034e-05,2024-08-21 12:00:00.000
1724256000001,4.574e-05,2024-08-21 16:00:00.001
1724270400001,5e-05,2024-08-21 20:00:00.001
1724284800000,5e-05,2024-08-22 00:00:00.000
1724299200000,5e-05,2024-08-22 04:00:00.000
1724313600000,5e-05,2024-08-22 08:00:00.000
1724328000001,5e-05,2024-08-22 12:00:00.001
1724342400008,5e-05,2024-08-22 16:00:00.008
1724356800000,5e-05,2024-08-22 20:00:00.000
1724371200000,5e-05,2024-08-23 00:00:00.000
1724385600000,5e-05,2024-08-23 04:00:00.000
1724400000000,5e-05,2024-08-23 08:00:00.000
1724414400001,5e-05,2024-08-23 12:00:00.001
1724428800000,5e-05,2024-08-23 16:00:00.000
1724443200000,5e-05,2024-08-23 20:00:00.000
1724457600000,5e-05,2024-08-24 00:00:00.000
1724472000000,5e-05,2024-08-24 04:00:00.000
1724486400005,5e-05,2024-08-24 08:00:00.005
1724500800000,5e-05,2024-08-24 12:00:00.000
1724515200000,5e-05,2024-08-24 16:00:00.000
1724529600000,5e-05,2024-08-24 20:00:00.000
1724544000000,5e-05,2024-08-25 00:00:00.000
1724558400001,5e-05,2024-08-25 04:00:00.001
1724572800000,5e-05,2024-08-25 08:00:00.000
1724587200001,5e-05,2024-08-25 12:00:00.001
1724601600000,5e-05,2024-08-25 16:00:00.000
1724616000001,5e-05,2024-08-25 20:00:00.001
1724630400000,4.952e-05,2024-08-26 00:00:00.000
1724644800000,5e-05,2024-08-26 04:00:00.000
1724659200001,5e-05,2024-08-26 08:00:00.001
1724673600001,5e-05,2024-08-26 12:00:00.001
1724688000000,5e-05,2024-08-26 16:00:00.000
1724702400001,5e-05,2024-08-26 20:00:00.001
1724716800001,5e-05,2024-08-27 00:00:00.001
1724731200000,5e-05,2024-08-27 04:00:00.000
1724745600000,5e-05,2024-08-27 08:00:00.000
1724760000000,5e-05,2024-08-27 12:00:00.000
1724774400000,5e-05,2024-08-27 16:00:00.000
1724788800000,5e-05,2024-08-27 20:00:00.000
1724803200000,5e-05,2024-08-28 00:00:00.000
1724817600000,2.178e-05,2024-08-28 04:00:00.000
1724832000000,5e-05,2024-08-28 08:00:00.000
1724846400000,5e-05,2024-08-28 12:00:00.000
1724860800001,5e-05,2024-08-28 16:00:00.001
1724875200000,1.142e-05,2024-08-28 20:00:00.000
1724889600000,-9.77e-05,2024-08-29 00:00:00.000
1724904000000,8.28e-06,2024-08-29 04:00:00.000
1724918400001,-1.839e-05,2024-08-29 08:00:00.001
1724932800001,-6.74e-06,2024-08-29 12:00:00.001
1724947200000,5e-05,2024-08-29 16:00:00.000
1724961600000,5e-05,2024-08-29 20:00:00.000
1724976000000,5e-05,2024-08-30 00:00:00.000
1724990400000,5e-05,2024-08-30 04:00:00.000
1725004800000,5e-05,2024-08-30 08:00:00.000
1725019200001,4.081e-05,2024-08-30 12:00:00.001
1725033600000,5e-05,2024-08-30 16:00:00.000
1725048000000,2.772e-05,2024-08-30 20:00:00.000
1725062400000,5e-05,2024-08-31 00:00:00.000
1725076800002,5e-05,2024-08-31 04:00:00.002
1725091200000,5e-05,2024-08-31 08:00:00.000
1725105600004,5e-05,2024-08-31 12:00:00.004
1725120000000,5e-05,2024-08-31 16:00:00.000
1725134400001,8.93e-06,2024-08-31 20:00:00.001
1725148800000,2.123e-05,2024-09-01 00:00:00.000
1725163200000,-2.51e-05,2024-09-01 04:00:00.000
1725177600001,5e-05,2024-09-01 08:00:00.001
1725192000000,3.585e-05,2024-09-01 12:00:00.000
1725206400000,-9.73e-05,2024-09-01 16:00:00.000
1725220800000,-0.00014187,2024-09-01 20:00:00.000
1725235200001,-9.852e-05,2024-09-02 00:00:00.001
1725249600001,-2.799e-05,2024-09-02 04:00:00.001
1725264000001,-2.358e-05,2024-09-02 08:00:00.001
1725278400000,-7.374e-05,2024-09-02 12:00:00.000
1725292800000,5e-05,2024-09-02 16:00:00.000
1725307200000,1.317e-05,2024-09-02 20:00:00.000
1725321600000,-3.371e-05,2024-09-03 00:00:00.000
1725336000000,-0.00012205,2024-09-03 04:00:00.000
1725350400001,-6.816e-05,2024-09-03 08:00:00.001
1725364800000,-8.15e-06,2024-09-03 12:00:00.000
1725379200000,-2.935e-05,2024-09-03 16:00:00.000
1725393600000,-0.00035071,2024-09-03 20:00:00.000
1725408000000,-0.00013341,2024-09-04 00:00:00.000
1725422400000,-0.00027343,2024-09-04 04:00:00.000
1725436800000,5e-05,2024-09-04 08:00:00.000
1725451200000,5e-05,2024-09-04 12:00:00.000
1725465600000,-7.77e-06,2024-09-04 16:00:00.000
1725480000001,5e-05,2024-09-04 20:00:00.001
1725494400000,5e-05,2024-09-05 00:00:00.000
1725508800002,5e-05,2024-09-05 04:00:00.002
1725523200000,-4.463e-05,2024-09-05 08:00:00.000
1725537600000,-0.00015661,2024-09-05 12:00:00.000
1725552000005,-9.904e-05,2024-09-05 16:00:00.005
1725566400000,-1.504e-05,2024-09-05 20:00:00.000
1725580800000,5e-05,2024-09-06 00:00:00.000
1725595200001,5e-05,2024-09-06 04:00:00.001
1725609600001,-6.457e-05,2024-09-06 08:00:00.001
1725624000009,2.848e-05,2024-09-06 12:00:00.009
1725638400000,2.94e-06,2024-09-06 16:00:00.000
1725652800000,-1.626e-05,2024-09-06 20:00:00.000
1725667200000,8.02e-06,2024-09-07 00:00:00.000
1725681600000,-3.22e-05,2024-09-07 04:00:00.000
1725696000000,2.054e-05,2024-09-07 08:00:00.000
1725710400000,5e-05,2024-09-07 12:00:00.000
1725724800000,5e-05,2024-09-07 16:00:00.000
1725739200000,5e-05,2024-09-07 20:00:00.000
1725753600000,5e-05,2024-09-08 00:00:00.000
1725768000000,5e-05,2024-09-08 04:00:00.000
1725782400000,5e-05,2024-09-08 08:00:00.000
1725796800000,5e-05,2024-09-08 12:00:00.000
1725811200000,5e-05,2024-09-08 16:00:00.000
1725825600000,5e-05,2024-09-08 20:00:00.000
1725840000000,5e-05,2024-09-09 00:00:00.000
1725854400000,2.111e-05,2024-09-09 04:00:00.000
1725868800000,5e-05,2024-09-09 08:00:00.000
1725883200000,5e-05,2024-09-09 12:00:00.000
1725897600001,5e-05,2024-09-09 16:00:00.001
1725912000000,5e-05,2024-09-09 20:00:00.000
1725926400000,5e-05,2024-09-10 00:00:00.000
1725940800000,5e-05,2024-09-10 04:00:00.000
1725955200000,5e-05,2024-09-10 08:00:00.000
1725969600000,5e-05,2024-09-10 12:00:00.000
1725984000000,5e-05,2024-09-10 16:00:00.000
1725998400000,5e-05,2024-09-10 20:00:00.000
1726012800000,-1.427e-05,2024-09-11 00:00:00.000
1726027200000,5e-05,2024-09-11 04:00:00.000
1726041600000,5e-05,2024-09-11 08:00:00.000
1726056000000,-4.409e-05,2024-09-11 12:00:00.000
1726070400000,4.918e-05,2024-09-11 16:00:00.000
1726084800000,5e-05,2024-09-11 20:00:00.000
1726099200000,3.5e-06,2024-09-12 00:00:00.000
1726113600001,-3.827e-05,2024-09-12 04:00:00.001
1726128000000,-2.09e-06,2024-09-12 08:00:00.000
1726142400000,5e-05,2024-09-12 12:00:00.000
1726156800000,5e-05,2024-09-12 16:00:00.000
1726171200000,7.04e-06,2024-09-12 20:00:00.000
1726185600000,5e-05,2024-09-13 00:00:00.000
1726200000000,5e-05,2024-09-13 04:00:00.000
1726214400001,3.407e-05,2024-09-13 08:00:00.001
1726228800000,5e-05,2024-09-13 12:00:00.000
1726243200001,5e-05,2024-09-13 16:00:00.001
1726257600000,2.103e-05,2024-09-13 20:00:00.000
1726272000000,5e-05,2024-09-14 00:00:00.000
1726286400000,5e-05,2024-09-14 04:00:00.000
1726300800000,5e-05,2024-09-14 08:00:00.000
1726315200000,5e-05,2024-09-14 12:00:00.000
1726329600001,5e-05,2024-09-14 16:00:00.001
1726344000000,2.667e-05,2024-09-14 20:00:00.000
1726358400000,5e-05,2024-09-15 00:00:00.000
1726372800000,1.385e-05,2024-09-15 04:00:00.000
1726387200000,3.807e-05,2024-09-15 08:00:00.000
1726401600000,5e-05,2024-09-15 12:00:00.000
1726416000000,3.96e-05,2024-09-15 16:00:00.000
1726430400000,4.311e-05,2024-09-15 20:00:00.000
1726444800000,5e-05,2024-09-16 00:00:00.000
1726459200000,5e-05,2024-09-16 04:00:00.000
1726473600001,5e-05,2024-09-16 08:00:00.001
1726488000000,5e-05,2024-09-16 12:00:00.000
1726502400000,5e-05,2024-09-16 16:00:00.000
1726516800000,5e-05,2024-09-16 20:00:00.000
1726531200001,5e-05,2024-09-17 00:00:00.001
1726545600000,4.05e-05,2024-09-17 04:00:00.000
1726560000000,5e-05,2024-09-17 08:00:00.000
1726574400000,5e-05,2024-09-17 12:00:00.000
1726588800000,-4.023e-05,2024-09-17 16:00:00.000
1726603200000,5e-05,2024-09-17 20:00:00.000
1726617600000,5e-05,2024-09-18 00:00:00.000
1726632000000,2.597e-05,2024-09-18 04:00:00.000
1726646400000,5e-05,2024-09-18 08:00:00.000
1726660800000,5e-05,2024-09-18 12:00:00.000
1726675200004,-2.837e-05,2024-09-18 16:00:00.004
1726689600000,5e-05,2024-09-18 20:00:00.000
1726704000000,5e-05,2024-09-19 00:00:00.000
1726718400000,5e-05,2024-09-19 04:00:00.000
1726732800000,5e-05,2024-09-19 08:00:00.000
1726747200000,2.502e-05,2024-09-19 12:00:00.000
1726761600001,5e-05,2024-09-19 16:00:00.001
1726776000001,3.53e-05,2024-09-19 20:00:00.001
1726790400000,5e-05,2024-09-20 00:00:00.000
1726804800000,5e-05,2024-09-20 04:00:00.000
1726819200001,5e-05,2024-09-20 08:00:00.001
1726833600000,5e-05,2024-09-20 12:00:00.000
1726848000000,5e-05,2024-09-20 16:00:00.000
1726862400001,5e-05,2024-09-20 20:00:00.001
1726876800001,5e-05,2024-09-21 00:00:00.001
1726891200000,5e-05,2024-09-21 04:00:00.000
1726905600000,5e-05,2024-09-21 08:00:00.000
1726920000000,5e-05,2024-09-21 12:00:00.000
1726934400000,5e-05,2024-09-21 16:00:00.000
1726948800000,5e-05,2024-09-21 20:00:00.000
1726963200000,5e-05,2024-09-22 00:00:00.000
1726977600000,5e-05,2024-09-22 04:00:00.000
1726992000000,5e-05,2024-09-22 08:00:00.000
1727006400000,5e-05,2024-09-22 12:00:00.000
1727020800000,5e-05,2024-09-22 16:00:00.000
1727035200000,5e-05,2024-09-22 20:00:00.000
1727049600000,5e-05,2024-09-23 00:00:00.000
1727064000000,5e-05,2024-09-23 04:00:00.000
1727078400000,2.707e-05,2024-09-23 08:00:00.000
1727092800001,5e-05,2024-09-23 12:00:00.001
1727107200000,5e-05,2024-09-23 16:00:00.000
1727121600001,5e-05,2024-09-23 20:00:00.001
1727136000000,5e-05,2024-09-24 00:00:00.000
1727150400000,5e-05,2024-09-24 04:00:00.000
1727164800000,5e-05,2024-09-24 08:00:00.000
1727179200001,5e-05,2024-09-24 12:00:00.001
1727193600001,5e-05,2024-09-24 16:00:00.001
1727208000006,5e-05,2024-09-24 20:00:00.006
1727222400000,5e-05,2024-09-25 00:00:00.000
1727236800015,5e-05,2024-09-25 04:00:00.015
1727251200003,5e-05,2024-09-25 08:00:00.003
1727265600002,5e-05,2024-09-25 12:00:00.002
1727280000000,5e-05,2024-09-25 16:00:00.000
1727294400000,5e-05,2024-09-25 20:00:00.000
1727308800005,5e-05,2024-09-26 00:00:00.005
1727323200000,5e-05,2024-09-26 04:00:00.000
1727337600000,5e-05,2024-09-26 08:00:00.000
1727352000005,2.706e-05,2024-09-26 12:00:00.005
1727366400000,5e-05,2024-09-26 16:00:00.000
1727380800000,5e-05,2024-09-26 20:00:00.000
1727395200000,5e-05,2024-09-27 00:00:00.000
1727409600000,5e-05,2024-09-27 04:00:00.000
1727424000000,5e-05,2024-09-27 08:00:00.000
1727438400000,5e-05,2024-09-27 12:00:00.000
1727452800000,5e-05,2024-09-27 16:00:00.000
1727467200000,5e-05,2024-09-27 20:00:00.000
1727481600000,5e-05,2024-09-28 00:00:00.000
1727496000001,5e-05,2024-09-28 04:00:00.001
1727510400001,5e-05,2024-09-28 08:00:00.001
1727524800000,5e-05,2024-09-28 12:00:00.000
1727539200000,5e-05,2024-09-28 16:00:00.000
1727553600000,5e-05,2024-09-28 20:00:00.000
1727568000001,5e-05,2024-09-29 00:00:00.001
1727582400000,5e-05,2024-09-29 04:00:00.000
1727596800000,5e-05,2024-09-29 08:00:00.000
1727611200000,5e-05,2024-09-29 12:00:00.000
1727625600000,5e-05,2024-09-29 16:00:00.000
1727640000000,5e-05,2024-09-29 20:00:00.000
1727654400000,5e-05,2024-09-30 00:00:00.000
1727668800001,5e-05,2024-09-30 04:00:00.001
1727683200001,5e-05,2024-09-30 08:00:00.001
1727697600000,5e-05,2024-09-30 12:00:00.000
1727712000000,5e-05,2024-09-30 16:00:00.000
1727726400000,5e-05,2024-09-30 20:00:00.000
1727740800000,2.231e-05,2024-10-01 00:00:00.000
1727755200001,5e-05,2024-10-01 04:00:00.001
1727769600000,5e-05,2024-10-01 08:00:00.000
1727784000000,5e-05,2024-10-01 12:00:00.000
1727798400001,5e-05,2024-10-01 16:00:00.001
1727812800000,5e-05,2024-10-01 20:00:00.000
1727827200000,5e-05,2024-10-02 00:00:00.000
1727841600000,5e-05,2024-10-02 04:00:00.000
1727856000000,5e-05,2024-10-02 08:00:00.000
1727870400000,5e-05,2024-10-02 12:00:00.000
1727884800000,5e-05,2024-10-02 16:00:00.000
1727899200000,5e-05,2024-10-02 20:00:00.000
1727913600000,5e-05,2024-10-03 00:00:00.000
1727928000000,6.6e-06,2024-10-03 04:00:00.000
1727942400000,5e-05,2024-10-03 08:00:00.000
1727956800000,5e-05,2024-10-03 12:00:00.000
1727971200000,5e-05,2024-10-03 16:00:00.000
1727985600000,5e-05,2024-10-03 20:00:00.000
1728000000000,5e-05,2024-10-04 00:00:00.000
1728014400000,-5.564e-05,2024-10-04 04:00:00.000
1728028800000,5e-05,2024-10-04 08:00:00.000
1728043200000,-2.823e-05,2024-10-04 12:00:00.000
1728057600001,4.149e-05,2024-10-04 16:00:00.001
1728072000000,-0.0001054,2024-10-04 20:00:00.000
1728086400000,4.222e-05,2024-10-05 00:00:00.000
1728100800000,2.312e-05,2024-10-05 04:00:00.000
1728115200000,-2.331e-05,2024-10-05 08:00:00.000
1728129600000,-6.547e-05,2024-10-05 12:00:00.000
1728144000000,3.309e-05,2024-10-05 16:00:00.000
1728158400000,5e-05,2024-10-05 20:00:00.000
1728172800000,5e-05,2024-10-06 00:00:00.000
1728187200001,5e-05,2024-10-06 04:00:00.001
1728201600001,5e-05,2024-10-06 08:00:00.001
1728216000000,5e-05,2024-10-06 12:00:00.000
1728230400000,4.419e-05,2024-10-06 16:00:00.000
1728244800000,5e-05,2024-10-06 20:00:00.000
1728259200000,5e-05,2024-10-07 00:00:00.000
1728273600000,5e-05,2024-10-07 04:00:00.000
1728288000000,5e-05,2024-10-07 08:00:00.000
1728302400000,4.672e-05,2024-10-07 12:00:00.000
1728316800001,5e-05,2024-10-07 16:00:00.001
1728331200000,5e-05,2024-10-07 20:00:00.000
1728345600000,5e-05,2024-10-08 00:00:00.000
1728360000000,5e-05,2024-10-08 04:00:00.000
1728374400000,1.887e-05,2024-10-08 08:00:00.000
1728388800000,5e-05,2024-10-08 12:00:00.000
1728403200000,5e-05,2024-10-08 16:00:00.000
1728417600000,5e-05,2024-10-08 20:00:00.000
1728432000000,5e-05,2024-10-09 00:00:00.000
1728446400000,5e-05,2024-10-09 04:00:00.000
1728460800000,5e-05,2024-10-09 08:00:00.000
1728475200000,5e-05,2024-10-09 12:00:00.000
1728489600000,5e-05,2024-10-09 16:00:00.000
1728504000000,2.717e-05,2024-10-09 20:00:00.000
1728518400000,5e-05,2024-10-10 00:00:00.000
1728532800000,-3.43e-05,2024-10-10 04:00:00.000
1728547200000,5e-05,2024-10-10 08:00:00.000
1728561600000,9.09e-06,2024-10-10 12:00:00.000
1728576000000,5e-05,2024-10-10 16:00:00.000
1728590400000,5e-05,2024-10-10 20:00:00.000
1728604800000,-4.3e-07,2024-10-11 00:00:00.000
1728619200000,-2.43e-06,2024-10-11 04:00:00.000
1728633600000,-1.44e-06,2024-10-11 08:00:00.000
1728648000000,5e-05,2024-10-11 12:00:00.000
1728662400001,4.169e-05,2024-10-11 16:00:00.001
1728676800000,-9.472e-05,2024-10-11 20:00:00.000
1728691200000,5e-05,2024-10-12 00:00:00.000
1728705600001,-3.223e-05,2024-10-12 04:00:00.001
1728720000001,3.246e-05,2024-10-12 08:00:00.001
1728734400000,2.753e-05,2024-10-12 12:00:00.000
1728748800000,1.105e-05,2024-10-12 16:00:00.000
1728763200000,5e-05,2024-10-12 20:00:00.000
1728777600000,5e-05,2024-10-13 00:00:00.000
1728792000001,5e-05,2024-10-13 04:00:00.001
1728806400000,5e-05,2024-10-13 08:00:00.000
1728820800000,5e-05,2024-10-13 12:00:00.000
1728835200000,5e-05,2024-10-13 16:00:00.000
1728849600000,1.742e-05,2024-10-13 20:00:00.000
1728864000000,5e-05,2024-10-14 00:00:00.000
1728878400000,5e-05,2024-10-14 04:00:00.000
1728892800000,5e-05,2024-10-14 08:00:00.000
1728907200000,5e-05,2024-10-14 12:00:00.000
1728921600000,5e-05,2024-10-14 16:00:00.000
1728936000000,5e-05,2024-10-14 20:00:00.000
1728950400000,5e-05,2024-10-15 00:00:00.000
1728964800000,5e-05,2024-10-15 04:00:00.000
1728979200000,5e-05,2024-10-15 08:00:00.000
1728993600000,5e-05,2024-10-15 12:00:00.000
1729008000000,5e-05,2024-10-15 16:00:00.000
1729022400000,5e-05,2024-10-15 20:00:00.000
1729036800000,5e-05,2024-10-16 00:00:00.000
1729051200000,5e-05,2024-10-16 04:00:00.000
1729065600001,5e-05,2024-10-16 08:00:00.001
1729080000000,5e-05,2024-10-16 12:00:00.000
1729094400000,5e-05,2024-10-16 16:00:00.000
1729108800000,5e-05,2024-10-16 20:00:00.000
1729123200000,2.67e-06,2024-10-17 00:00:00.000
1729137600001,5e-05,2024-10-17 04:00:00.001
1729152000000,5e-05,2024-10-17 08:00:00.000
1729166400000,4.171e-05,2024-10-17 12:00:00.000
1729180800001,5e-05,2024-10-17 16:00:00.001
1729195200007,2.713e-05,2024-10-17 20:00:00.007
1729209600010,-4.774e-05,2024-10-18 00:00:00.010
1729224000000,-0.00011156,2024-10-18 04:00:00.000
1729238400001,-6.85e-06,2024-10-18 08:00:00.001
1729252800000,2.213e-05,2024-10-18 12:00:00.000
1729267200000,-2.738e-05,2024-10-18 16:00:00.000
1729281600000,5e-05,2024-10-18 20:00:00.000
1729296000000,5e-05,2024-10-19 00:00:00.000
1729310400000,5e-05,2024-10-19 04:00:00.000
1729324800000,5e-05,2024-10-19 08:00:00.000
1729339200000,5e-05,2024-10-19 12:00:00.000
1729353600000,5e-05,2024-10-19 16:00:00.000
1729368000000,4.131e-05,2024-10-19 20:00:00.000
1729382400000,5e-05,2024-10-20 00:00:00.000
1729396800000,5e-05,2024-10-20 04:00:00.000
1729411200000,5e-05,2024-10-20 08:00:00.000
1729425600000,5e-05,2024-10-20 12:00:00.000
1729440000000,5e-05,2024-10-20 16:00:00.000
1729454400000,5e-05,2024-10-20 20:00:00.000
1729468800000,5e-05,2024-10-21 00:00:00.000
1729483200000,5e-05,2024-10-21 04:00:00.000
1729497600000,5e-05,2024-10-21 08:00:00.000
1729512000000,5e-05,2024-10-21 12:00:00.000
1729526400000,5e-05,2024-10-21 16:00:00.000
1729540800000,5e-05,2024-10-21 20:00:00.000
1729555200000,5e-05,2024-10-22 00:00:00.000
1729569600000,5e-05,2024-10-22 04:00:00.000
1729584000000,5e-05,2024-10-22 08:00:00.000
1729598400000,5e-05,2024-10-22 12:00:00.000
1729612800000,5e-05,2024-10-22 16:00:00.000
1729627200000,5e-05,2024-10-22 20:00:00.000
1729641600000,5e-05,2024-10-23 00:00:00.000
1729656000000,5e-05,2024-10-23 04:00:00.000
1729670400000,5e-05,2024-10-23 08:00:00.000
1729684800000,5e-05,2024-10-23 12:00:00.000
1729699200000,5e-05,2024-10-23 16:00:00.000
1729713600001,5e-05,2024-10-23 20:00:00.001
1729728000000,4.14e-05,2024-10-24 00:00:00.000
1729742400001,5e-05,2024-10-24 04:00:00.001
1729756800000,5e-05,2024-10-24 08:00:00.000
1729771200000,5e-05,2024-10-24 12:00:00.000
1729785600000,5e-05,2024-10-24 16:00:00.000
1729800000000,5e-05,2024-10-24 20:00:00.000
1729814400000,5e-05,2024-10-25 00:00:00.000
1729828800001,5e-05,2024-10-25 04:00:00.001
1729843200000,5e-05,2024-10-25 08:00:00.000
1729857600000,5e-05,2024-10-25 12:00:00.000
1729872000000,5e-05,2024-10-25 16:00:00.000
1729886400000,5e-05,2024-10-25 20:00:00.000
1729900800000,-0.00011522,2024-10-26 00:00:00.000
1729915200001,-0.00012365,2024-10-26 04:00:00.001
1729929600001,-0.00019265,2024-10-26 08:00:00.001
1729944000000,4.628e-05,2024-10-26 12:00:00.000
1729958400000,2.419e-05,2024-10-26 16:00:00.000
1729972800001,5e-05,2024-10-26 20:00:00.001
1729987200000,5e-05,2024-10-27 00:00:00.000
1730001600000,5e-05,2024-10-27 04:00:00.000
1730016000000,5e-05,2024-10-27 08:00:00.000
1730030400000,3.631e-05,2024-10-27 12:00:00.000
1730044800000,1.919e-05,2024-10-27 16:00:00.000
1730059200000,-1.099e-05,2024-10-27 20:00:00.000
1730073600000,4.735e-05,2024-10-28 00:00:00.000
1730088000000,0.0,2024-10-28 04:00:00.000
1730102400001,5e-05,2024-10-28 08:00:00.001
1730116800001,5e-05,2024-10-28 12:00:00.001
1730131200000,5e-05,2024-10-28 16:00:00.000
1730145600000,5e-05,2024-10-28 20:00:00.000
1730160000000,5e-05,2024-10-29 00:00:00.000
1730174400000,5e-05,2024-10-29 04:00:00.000
1730188800000,5e-05,2024-10-29 08:00:00.000
1730203200001,5e-05,2024-10-29 12:00:00.001
1730217600004,5e-05,2024-10-29 16:00:00.004
1730232000000,5e-05,2024-10-29 20:00:00.000
1730246400000,5e-05,2024-10-30 00:00:00.000
1730260800000,5e-05,2024-10-30 04:00:00.000
1730275200000,5e-05,2024-10-30 08:00:00.000
1730289600006,5e-05,2024-10-30 12:00:00.006
1730304000013,5e-05,2024-10-30 16:00:00.013
1730318400000,5e-05,2024-10-30 20:00:00.000
1730332800000,5e-05,2024-10-31 00:00:00.000
1730347200000,5e-05,2024-10-31 04:00:00.000
1730361600000,5e-05,2024-10-31 08:00:00.000
1730376000000,5e-05,2024-10-31 12:00:00.000
1730390400000,5e-05,2024-10-31 16:00:00.000
1730404800000,5e-05,2024-10-31 20:00:00.000
1730419200000,5e-05,2024-11-01 00:00:00.000
1730433600000,5e-05,2024-11-01 04:00:00.000
1730448000000,5e-05,2024-11-01 08:00:00.000
1730462400000,5e-05,2024-11-01 12:00:00.000
1730476800000,5e-05,2024-11-01 16:00:00.000
1730491200001,5e-05,2024-11-01 20:00:00.001
1730505600000,5e-05,2024-11-02 00:00:00.000
1730520000000,5e-05,2024-11-02 04:00:00.000
1730534400000,5e-05,2024-11-02 08:00:00.000
1730548800000,5e-05,2024-11-02 12:00:00.000
1730563200000,5e-05,2024-11-02 16:00:00.000
1730577600001,5e-05,2024-11-02 20:00:00.001
1730592000000,5e-05,2024-11-03 00:00:00.000
1730606400000,4.618e-05,2024-11-03 04:00:00.000
1730620800000,5e-05,2024-11-03 08:00:00.000
1730635200000,3.103e-05,2024-11-03 12:00:00.000
1730649600000,5e-05,2024-11-03 16:00:00.000
1730664000000,3.039e-05,2024-11-03 20:00:00.000
1730678400000,-1.874e-05,2024-11-04 00:00:00.000
1730692800000,5e-05,2024-11-04 04:00:00.000
1730707200000,5e-05,2024-11-04 08:00:00.000
1730721600000,2.935e-05,2024-11-04 12:00:00.000
1730736000000,5e-05,2024-11-04 16:00:00.000
1730750400000,4.199e-05,2024-11-04 20:00:00.000
1730764800000,4.209e-05,2024-11-05 00:00:00.000
1730779200000,5e-05,2024-11-05 04:00:00.000
1730793600003,4.896e-05,2024-11-05 08:00:00.003
1730808000001,5e-05,2024-11-05 12:00:00.001
1730822400001,5e-05,2024-11-05 16:00:00.001
1730836800000,5e-05,2024-11-05 20:00:00.000
1730851200000,5e-05,2024-11-06 00:00:00.000
1730865600000,5e-05,2024-11-06 04:00:00.000
1730880000000,5e-05,2024-11-06 08:00:00.000
1730894400001,5e-05,2024-11-06 12:00:00.001
1730908800000,5e-05,2024-11-06 16:00:00.000
1730923200001,5e-05,2024-11-06 20:00:00.001
1730937600000,5e-05,2024-11-07 00:00:00.000
1730952000000,5e-05,2024-11-07 04:00:00.000
1730966400000,5e-05,2024-11-07 08:00:00.000
1730980800000,5e-05,2024-11-07 12:00:00.000
1730995200000,5e-05,2024-11-07 16:00:00.000
1731009600000,5e-05,2024-11-07 20:00:00.000
1731024000000,5e-05,2024-11-08 00:00:00.000
1731038400000,5e-05,2024-11-08 04:00:00.000
1731052800000,5e-05,2024-11-08 08:00:00.000
1731067200000,5e-05,2024-11-08 12:00:00.000
1731081600000,5e-05,2024-11-08 16:00:00.000
1731096000000,5e-05,2024-11-08 20:00:00.000
1731110400000,5e-05,2024-11-09 00:00:00.000
1731124800000,5e-05,2024-11-09 04:00:00.000
1731139200000,5e-05,2024-11-09 08:00:00.000
1731153600000,5e-05,2024-11-09 12:00:00.000
1731168000000,5e-05,2024-11-09 16:00:00.000
1731182400000,5e-05,2024-11-09 20:00:00.000
1731196800000,5e-05,2024-11-10 00:00:00.000
1731211200000,5e-05,2024-11-10 04:00:00.000
1731225600000,5e-05,2024-11-10 08:00:00.000
1731240000000,0.00016532,2024-11-10 12:00:00.000
1731254400000,0.00014168,2024-11-10 16:00:00.000
1731268800000,0.00016214,2024-11-10 20:00:00.000
1731283200001,9.45e-05,2024-11-11 00:00:00.001
1731297600000,0.00025764,2024-11-11 04:00:00.000
1731312000000,5e-05,2024-11-11 08:00:00.000
1731326400000,0.00015487,2024-11-11 12:00:00.000
1731340800000,5e-05,2024-11-11 16:00:00.000
1731355200000,8.37e-05,2024-11-11 20:00:00.000
1731369600002,6.295e-05,2024-11-12 00:00:00.002
1731384000000,0.00022386,2024-11-12 04:00:00.000
1731398400000,0.00029972,2024-11-12 08:00:00.000
1731412800000,0.00018158,2024-11-12 12:00:00.000
1731427200000,5e-05,2024-11-12 16:00:00.000
1731441600000,5e-05,2024-11-12 20:00:00.000
1731456000000,0.00020554,2024-11-13 00:00:00.000
1731470400000,7.109e-05,2024-11-13 04:00:00.000
1731484800010,5e-05,2024-11-13 08:00:00.010
1731499200001,5e-05,2024-11-13 12:00:00.001
1731513600000,0.00010613,2024-11-13 16:00:00.000
1731528000000,0.00019167,2024-11-13 20:00:00.000
1731542400001,7.138e-05,2024-11-14 00:00:00.001
1731556800000,0.00016752,2024-11-14 04:00:00.000
1731571200000,0.00013463,2024-11-14 08:00:00.000
1731585600001,0.00010417,2024-11-14 12:00:00.001
1731600000000,7.659e-05,2024-11-14 16:00:00.000
1731614400000,0.00012114,2024-11-14 20:00:00.000
1731628800000,5e-05,2024-11-15 00:00:00.000
1731643200001,5e-05,2024-11-15 04:00:00.001
1731657600000,5e-05,2024-11-15 08:00:00.000
1731672000000,9.028e-05,2024-11-15 12:00:00.000
1731686400000,5e-05,2024-11-15 16:00:00.000
1731700800000,5e-05,2024-11-15 20:00:00.000
1731715200001,6.771e-05,2024-11-16 00:00:00.001
1731729600001,0.00010261,2024-11-16 04:00:00.001
1731744000001,0.00012932,2024-11-16 08:00:00.001
1731758400000,0.0001455,2024-11-16 12:00:00.000
1731772800000,9.661e-05,2024-11-16 16:00:00.000
1731787200000,0.00016686,2024-11-16 20:00:00.000
1731801600000,0.00012279,2024-11-17 00:00:00.000
1731816000000,9.918e-05,2024-11-17 04:00:00.000
1731830400000,0.00013886,2024-11-17 08:00:00.000
1731844800000,0.00016203,2024-11-17 12:00:00.000
1731859200001,0.0001144,2024-11-17 16:00:00.001
1731873600001,5e-05,2024-11-17 20:00:00.001
1731888000000,5e-05,2024-11-18 00:00:00.000
1731902400000,8.989e-05,2024-11-18 04:00:00.000
1731916800000,0.00030794,2024-11-18 08:00:00.000
1731931200000,0.00018498,2024-11-18 12:00:00.000
1731945600000,0.00019946,2024-11-18 16:00:00.000
1731960000000,0.00012077,2024-11-18 20:00:00.000
1731974400000,0.00017062,2024-11-19 00:00:00.000
1731988800000,0.00013743,2024-11-19 04:00:00.000
1732003200000,0.00017392,2024-11-19 08:00:00.000
1732017600000,0.00019793,2024-11-19 12:00:00.000
1732032000000,9.381e-05,2024-11-19 16:00:00.000
1732046400001,6.435e-05,2024-11-19 20:00:00.001
1732060800003,5e-05,2024-11-20 00:00:00.003
1732075200000,5e-05,2024-11-20 04:00:00.000
1732089600000,5e-05,2024-11-20 08:00:00.000
1732104000000,5e-05,2024-11-20 12:00:00.000
1732118400000,5e-05,2024-11-20 16:00:00.000
1732132800000,5e-05,2024-11-20 20:00:00.000
1732147200001,5e-05,2024-11-21 00:00:00.001
1732161600000,5e-05,2024-11-21 04:00:00.000
1732176000000,5e-05,2024-11-21 08:00:00.000
1732190400000,5e-05,2024-11-21 12:00:00.000
1732204800001,8.993e-05,2024-11-21 16:00:00.001
1732219200000,0.00019108,2024-11-21 20:00:00.000
1732233600000,0.00025395,2024-11-22 00:00:00.000
1732248000000,0.00021667,2024-11-22 04:00:00.000
1732262400000,6.102e-05,2024-11-22 08:00:00.000
1732276800000,0.00013507,2024-11-22 12:00:00.000
1732291200001,0.00015532,2024-11-22 16:00:00.001
1732305600000,0.00011572,2024-11-22 20:00:00.000
1732320000000,0.00023131,2024-11-23 00:00:00.000
1732334400000,0.00024169,2024-11-23 04:00:00.000
1732348800000,0.00027989,2024-11-23 08:00:00.000
1732363200000,0.00011157,2024-11-23 12:00:00.000
1732377600000,0.00024262,2024-11-23 16:00:00.000
1732392000000,9.369e-05,2024-11-23 20:00:00.000
1732406400001,0.00020885,2024-11-24 00:00:00.001
1732420800000,0.00028694,2024-11-24 04:00:00.000
1732435200000,0.00024155,2024-11-24 08:00:00.000
1732449600000,8.275e-05,2024-11-24 12:00:00.000
1732464000000,5e-05,2024-11-24 16:00:00.000
1732478400000,5e-05,2024-11-24 20:00:00.000
1732492800000,0.00015176,2024-11-25 00:00:00.000
1732507200000,5e-05,2024-11-25 04:00:00.000
1732521600000,0.0001463,2024-11-25 08:00:00.000
1732536000008,0.00023036,2024-11-25 12:00:00.008
1732550400000,5e-05,2024-11-25 16:00:00.000
1732564800000,5e-05,2024-11-25 20:00:00.000
1732579200000,5e-05,2024-11-26 00:00:00.000
1732593600000,5e-05,2024-11-26 04:00:00.000
1732608000000,9.216e-05,2024-11-26 08:00:00.000
1732622400000,0.00010958,2024-11-26 12:00:00.000
1732636800000,5e-05,2024-11-26 16:00:00.000
1732651200000,5e-05,2024-11-26 20:00:00.000
1732665600000,5e-05,2024-11-27 00:00:00.000
1732680000000,5e-05,2024-11-27 04:00:00.000
1732694400000,5e-05,2024-11-27 08:00:00.000
1732708800000,5e-05,2024-11-27 12:00:00.000
1732723200001,5e-05,2024-11-27 16:00:00.001
1732737600000,7.26e-05,2024-11-27 20:00:00.000
1732752000000,7.451e-05,2024-11-28 00:00:00.000
1732766400000,0.0001469,2024-11-28 04:00:00.000
1732780800000,8.763e-05,2024-11-28 08:00:00.000
1732795200000,8.331e-05,2024-11-28 12:00:00.000
1732809600000,5e-05,2024-11-28 16:00:00.000
1732824000000,0.00013964,2024-11-28 20:00:00.000
1732838400000,0.00012168,2024-11-29 00:00:00.000
1732852800000,0.00012386,2024-11-29 04:00:00.000
1732867200000,0.00013056,2024-11-29 08:00:00.000
1732881600000,0.00021259,2024-11-29 12:00:00.000
1732896000000,0.00012048,2024-11-29 16:00:00.000
1732910400000,5e-05,2024-11-29 20:00:00.000
1732924800000,0.00014132,2024-11-30 00:00:00.000
1732939200000,0.00016875,2024-11-30 04:00:00.000
1732953600000,5e-05,2024-11-30 08:00:00.000
1732968000001,5e-05,2024-11-30 12:00:00.001
1732982400000,5e-05,2024-11-30 16:00:00.000
1732996800000,5e-05,2024-11-30 20:00:00.000
1733011200000,0.00017068,2024-12-01 00:00:00.000
1733025600000,5e-05,2024-12-01 04:00:00.000
1733040000000,0.00021986,2024-12-01 08:00:00.000
1733054400000,0.0001345,2024-12-01 12:00:00.000
1733068800000,0.00014956,2024-12-01 16:00:00.000
1733083200000,0.00032655,2024-12-01 20:00:00.000
1733097600001,0.0004033,2024-12-02 00:00:00.001
1733112000000,0.00036299,2024-12-02 04:00:00.000
1733126400001,0.00013608,2024-12-02 08:00:00.001
1733140800000,5e-05,2024-12-02 12:00:00.000
1733155200000,9.16e-05,2024-12-02 16:00:00.000
1733169600001,0.00018617,2024-12-02 20:00:00.001
1733184000000,0.00029503,2024-12-03 00:00:00.000
1733198400000,0.00047459,2024-12-03 04:00:00.000
1733212800000,0.00027846,2024-12-03 08:00:00.000
1733227200001,0.00029814,2024-12-03 12:00:00.001
1733241600000,8.313e-05,2024-12-03 16:00:00.000
1733256000000,0.00010408,2024-12-03 20:00:00.000
1733270400000,0.00028088,2024-12-04 00:00:00.000
1733284800000,0.00013637,2024-12-04 04:00:00.000
1733299200000,0.00024301,2024-12-04 08:00:00.000
1733313600000,0.0003327,2024-12-04 12:00:00.000
1733328000000,0.00019719,2024-12-04 16:00:00.000
1733342400000,0.00028449,2024-12-04 20:00:00.000
1733356800001,0.00020442,2024-12-05 00:00:00.001
1733371200000,0.00029872,2024-12-05 04:00:00.000
1733385600000,0.00039437,2024-12-05 08:00:00.000
1733400000000,0.00046059,2024-12-05 12:00:00.000
1733414400000,0.00037134,2024-12-05 16:00:00.000
1733428800000,0.00041323,2024-12-05 20:00:00.000
1733443200000,0.00023217,2024-12-06 00:00:00.000
1733457600001,0.00027585,2024-12-06 04:00:00.001
1733472000000,0.00016273,2024-12-06 08:00:00.000
1733486400001,5e-05,2024-12-06 12:00:00.001
1733500800000,0.00012928,2024-12-06 16:00:00.000
1733515200001,0.00025101,2024-12-06 20:00:00.001
1733529600000,0.00029812,2024-12-07 00:00:00.000
1733544000000,0.00030913,2024-12-07 04:00:00.000
1733558400000,0.00038748,2024-12-07 08:00:00.000
1733572800000,0.00029169,2024-12-07 12:00:00.000
1733587200000,0.00018661,2024-12-07 16:00:00.000
1733601600000,5e-05,2024-12-07 20:00:00.000
1733616000000,0.00013163,2024-12-08 00:00:00.000
1733630400000,0.00021666,2024-12-08 04:00:00.000
1733644800000,0.00022598,2024-12-08 08:00:00.000
1733659200001,0.00013533,2024-12-08 12:00:00.001
1733673600000,0.00022012,2024-12-08 16:00:00.000
1733688000000,0.00012248,2024-12-08 20:00:00.000
1733702400000,0.0001667,2024-12-09 00:00:00.000
1733716800000,0.00018961,2024-12-09 04:00:00.000
1733731200000,0.00018167,2024-12-09 08:00:00.000
1733745600000,5e-05,2024-12-09 12:00:00.000
1733760000001,5e-05,2024-12-09 16:00:00.001
1733774400012,5e-05,2024-12-09 20:00:00.012
1733788800007,1.508e-05,2024-12-10 00:00:00.007
1733803200002,5e-05,2024-12-10 04:00:00.002
1733817600000,1.641e-05,2024-12-10 08:00:00.000
1733832000000,4.952e-05,2024-12-10 12:00:00.000
1733846400000,1.35e-06,2024-12-10 16:00:00.000
1733860800001,5e-05,2024-12-10 20:00:00.001
1733875200000,-4.15e-06,2024-12-11 00:00:00.000
1733889600000,-4.21e-06,2024-12-11 04:00:00.000
1733904000000,-6.98e-06,2024-12-11 08:00:00.000
1733918400000,-4.886e-05,2024-12-11 12:00:00.000
1733932800001,5e-05,2024-12-11 16:00:00.001
1733947200000,5e-05,2024-12-11 20:00:00.000
1733961600001,5e-05,2024-12-12 00:00:00.001
1733976000000,5e-05,2024-12-12 04:00:00.000
1733990400000,5e-05,2024-12-12 08:00:00.000
1734004800000,5e-05,2024-12-12 12:00:00.000
1734019200001,5e-05,2024-12-12 16:00:00.001
1734033600000,5e-05,2024-12-12 20:00:00.000
1734048000000,5e-05,2024-12-13 00:00:00.000
1734062400000,5e-05,2024-12-13 04:00:00.000
1734076800000,5e-05,2024-12-13 08:00:00.000
1734091200000,5e-05,2024-12-13 12:00:00.000
1734105600001,5e-05,2024-12-13 16:00:00.001
1734120000001,5e-05,2024-12-13 20:00:00.001
1734134400000,5e-05,2024-12-14 00:00:00.000
1734148800000,5e-05,2024-12-14 04:00:00.000
1734163200000,1.51e-05,2024-12-14 08:00:00.000
1734177600000,5e-05,2024-12-14 12:00:00.000
1734192000000,5e-05,2024-12-14 16:00:00.000
1734206400000,5e-05,2024-12-14 20:00:00.000
1734220800000,5e-05,2024-12-15 00:00:00.000
1734235200000,5e-05,2024-12-15 04:00:00.000
1734249600000,5e-05,2024-12-15 08:00:00.000
1734264000000,5e-05,2024-12-15 12:00:00.000
1734278400000,5e-05,2024-12-15 16:00:00.000
1734292800001,-4.88e-06,2024-12-15 20:00:00.001
1734307200000,5e-05,2024-12-16 00:00:00.000
1734321600000,5e-05,2024-12-16 04:00:00.000
1734336000001,5e-05,2024-12-16 08:00:00.001
1734350400000,5e-05,2024-12-16 12:00:00.000
1734364800000,5e-05,2024-12-16 16:00:00.000
1734379200000,5e-05,2024-12-16 20:00:00.000
1734393600000,5e-05,2024-12-17 00:00:00.000
1734408000000,-1.614e-05,2024-12-17 04:00:00.000
1734422400000,5e-05,2024-12-17 08:00:00.000
1734436800000,5e-05,2024-12-17 12:00:00.000
1734451200000,5e-05,2024-12-17 16:00:00.000
1734465600000,5e-05,2024-12-17 20:00:00.000
1734480000000,5e-05,2024-12-18 00:00:00.000
1734494400000,5e-05,2024-12-18 04:00:00.000
1734508800000,5e-05,2024-12-18 08:00:00.000
1734523200000,5e-05,2024-12-18 12:00:00.000
1734537600000,5e-05,2024-12-18 16:00:00.000
1734552000000,1.081e-05,2024-12-18 20:00:00.000
1734566400000,5e-05,2024-12-19 00:00:00.000
1734580800000,5e-05,2024-12-19 04:00:00.000
1734595200000,-1.179e-05,2024-12-19 08:00:00.000
1734609600000,5e-05,2024-12-19 12:00:00.000
1734624000000,1.174e-05,2024-12-19 16:00:00.000
1734638400000,-0.00025594,2024-12-19 20:00:00.000
1734652800000,-0.00031723,2024-12-20 00:00:00.000
1734667200001,-6.046e-05,2024-12-20 04:00:00.001
1734681600001,-8.662e-05,2024-12-20 08:00:00.001
1734696000000,2.269e-05,2024-12-20 12:00:00.000
1734710400014,-0.0001166,2024-12-20 16:00:00.014
1734724800000,-7.571e-05,2024-12-20 20:00:00.000
1734739200000,3.399e-05,2024-12-21 00:00:00.000
1734753600000,5e-05,2024-12-21 04:00:00.000
1734768000000,5e-05,2024-12-21 08:00:00.000
1734782400000,5e-05,2024-12-21 12:00:00.000
1734796800001,5e-05,2024-12-21 16:00:00.001
1734811200000,3.085e-05,2024-12-21 20:00:00.000
1734825600000,5e-05,2024-12-22 00:00:00.000
1734840000000,4.44e-06,2024-12-22 04:00:00.000
1734854400000,-7.936e-05,2024-12-22 08:00:00.000
1734868800000,-0.00026556,2024-12-22 12:00:00.000
1734883200000,-0.00015864,2024-12-22 16:00:00.000
1734897600000,-0.00014324,2024-12-22 20:00:00.000
1734912000000,-0.00010586,2024-12-23 00:00:00.000
1734926400000,5e-05,2024-12-23 04:00:00.000
1734940800000,-1.771e-05,2024-12-23 08:00:00.000
1734955200000,-0.00012085,2024-12-23 12:00:00.000
1734969600001,5e-05,2024-12-23 16:00:00.001
1734984000000,5e-05,2024-12-23 20:00:00.000
1734998400000,5e-05,2024-12-24 00:00:00.000
1735012800000,5e-05,2024-12-24 04:00:00.000
1735027200000,5e-05,2024-12-24 08:00:00.000
1735041600000,5e-05,2024-12-24 12:00:00.000
1735056000001,5e-05,2024-12-24 16:00:00.001
1735070400000,5e-05,2024-12-24 20:00:00.000
1735084800001,5e-05,2024-12-25 00:00:00.001
1735099200001,5e-05,2024-12-25 04:00:00.001
1735113600000,-5.3e-07,2024-12-25 08:00:00.000
1735128000000,5e-05,2024-12-25 12:00:00.000
1735142400000,5e-05,2024-12-25 16:00:00.000
1735156800000,5e-05,2024-12-25 20:00:00.000
1735171200000,5e-05,2024-12-26 00:00:00.000
1735185600001,5e-05,2024-12-26 04:00:00.001
1735200000000,5e-05,2024-12-26 08:00:00.000
1735214400000,5e-05,2024-12-26 12:00:00.000
1735228800000,5e-05,2024-12-26 16:00:00.000
1735243200001,5e-05,2024-12-26 20:00:00.001
1735257600000,5e-05,2024-12-27 00:00:00.000
1735272000000,-5.538e-05,2024-12-27 04:00:00.000
1735286400000,-4.913e-05,2024-12-27 08:00:00.000
1735300800000,-2.917e-05,2024-12-27 12:00:00.000
1735315200000,3.981e-05,2024-12-27 16:00:00.000
1735329600001,5e-05,2024-12-27 20:00:00.001
1735344000001,-2.918e-05,2024-12-28 00:00:00.001
1735358400000,5e-05,2024-12-28 04:00:00.000
1735372800000,-3.065e-05,2024-12-28 08:00:00.000
1735387200000,-0.00022866,2024-12-28 12:00:00.000
1735401600000,5e-05,2024-12-28 16:00:00.000
1735416000000,4.337e-05,2024-12-28 20:00:00.000
1735430400000,5e-05,2024-12-29 00:00:00.000
1735444800000,3.797e-05,2024-12-29 04:00:00.000
1735459200000,5e-05,2024-12-29 08:00:00.000
1735473600000,5e-05,2024-12-29 12:00:00.000
1735488000000,5e-05,2024-12-29 16:00:00.000
1735502400000,5e-05,2024-12-29 20:00:00.000
1735516800000,5e-05,2024-12-30 00:00:00.000
1735531200001,-4.084e-05,2024-12-30 04:00:00.001
1735545600001,5e-05,2024-12-30 08:00:00.001
1735560000000,5e-05,2024-12-30 12:00:00.000
1735574400000,5e-05,2024-12-30 16:00:00.000
1735588800000,5e-05,2024-12-30 20:00:00.000
1735603200000,5e-05,2024-12-31 00:00:00.000
1735617600000,5e-05,2024-12-31 04:00:00.000
1735632000000,5e-05,2024-12-31 08:00:00.000
1735646400001,5e-05,2024-12-31 12:00:00.001
1735660800000,5e-05,2024-12-31 16:00:00.000
1735675200000,5e-05,2024-12-31 20:00:00.000
1735689600015,5e-05,2025-01-01 00:00:00.015
1735704000004,5e-05,2025-01-01 04:00:00.004
1735718400000,5e-05,2025-01-01 08:00:00.000
1735732800002,5e-05,2025-01-01 12:00:00.002
1735747200001,5e-05,2025-01-01 16:00:00.001
1735761600000,5e-05,2025-01-01 20:00:00.000
1735776000000,5e-05,2025-01-02 00:00:00.000
1735790400000,5e-05,2025-01-02 04:00:00.000
1735804800006,5e-05,2025-01-02 08:00:00.006
1735819200007,5e-05,2025-01-02 12:00:00.007
1735833600000,5e-05,2025-01-02 16:00:00.000
1735848000001,5e-05,2025-01-02 20:00:00.001
1735862400000,5e-05,2025-01-03 00:00:00.000
1735876800001,5e-05,2025-01-03 04:00:00.001
1735891200000,5e-05,2025-01-03 08:00:00.000
1735905600000,5e-05,2025-01-03 12:00:00.000
1735920000000,5e-05,2025-01-03 16:00:00.000
1735934400001,5e-05,2025-01-03 20:00:00.001
1735948800000,5e-05,2025-01-04 00:00:00.000
1735963200000,5e-05,2025-01-04 04:00:00.000
1735977600000,5e-05,2025-01-04 08:00:00.000
1735992000000,5e-05,2025-01-04 12:00:00.000
1736006400000,5e-05,2025-01-04 16:00:00.000
1736020800001,5e-05,2025-01-04 20:00:00.001
1736035200000,5e-05,2025-01-05 00:00:00.000
1736049600000,5e-05,2025-01-05 04:00:00.000
1736064000000,5e-05,2025-01-05 08:00:00.000
1736078400000,5e-05,2025-01-05 12:00:00.000
1736092800000,5e-05,2025-01-05 16:00:00.000
1736107200000,5e-05,2025-01-05 20:00:00.000
1736121600000,5e-05,2025-01-06 00:00:00.000
1736136000000,5e-05,2025-01-06 04:00:00.000
1736150400001,5e-05,2025-01-06 08:00:00.001
1736164800000,5e-05,2025-01-06 12:00:00.000
1736179200000,5e-05,2025-01-06 16:00:00.000
1736193600000,5e-05,2025-01-06 20:00:00.000
1736208000000,5e-05,2025-01-07 00:00:00.000
1736222400000,5e-05,2025-01-07 04:00:00.000
1736236800000,5e-05,2025-01-07 08:00:00.000
1736251200001,5e-05,2025-01-07 12:00:00.001
1736265600008,5e-05,2025-01-07 16:00:00.008
1736280000000,5e-05,2025-01-07 20:00:00.000
1736294400001,5e-05,2025-01-08 00:00:00.001
1736308800006,5e-05,2025-01-08 04:00:00.006
1736323200000,5e-05,2025-01-08 08:00:00.000
1736337600000,5e-05,2025-01-08 12:00:00.000
1736352000000,5e-05,2025-01-08 16:00:00.000
1736366400000,-3.927e-05,2025-01-08 20:00:00.000
1736380800000,-2.828e-05,2025-01-09 00:00:00.000
1736395200001,5e-05,2025-01-09 04:00:00.001
1736409600000,5e-05,2025-01-09 08:00:00.000
1736424000000,5e-05,2025-01-09 12:00:00.000
1736438400000,5e-05,2025-01-09 16:00:00.000
1736452800000,5e-05,2025-01-09 20:00:00.000
1736467200000,5e-05,2025-01-10 00:00:00.000
1736481600000,5e-05,2025-01-10 04:00:00.000
1736496000000,5e-05,2025-01-10 08:00:00.000
1736510400000,5e-05,2025-01-10 12:00:00.000
1736524800000,5e-05,2025-01-10 16:00:00.000
1736539200001,5e-05,2025-01-10 20:00:00.001
1736553600000,5e-05,2025-01-11 00:00:00.000
1736568000000,5e-05,2025-01-11 04:00:00.000
1736582400000,5e-05,2025-01-11 08:00:00.000
1736596800000,5e-05,2025-01-11 12:00:00.000
1736611200000,5e-05,2025-01-11 16:00:00.000
1736625600000,5e-05,2025-01-11 20:00:00.000
1736640000000,5e-05,2025-01-12 00:00:00.000
1736654400000,5e-05,2025-01-12 04:00:00.000
1736668800000,5e-05,2025-01-12 08:00:00.000
1736683200000,5e-05,2025-01-12 12:00:00.000
1736697600000,5e-05,2025-01-12 16:00:00.000
1736712000000,5e-05,2025-01-12 20:00:00.000
1736726400000,5e-05,2025-01-13 00:00:00.000
1736740800000,5e-05,2025-01-13 04:00:00.000
1736755200000,5e-05,2025-01-13 08:00:00.000
1736769600000,5e-05,2025-01-13 12:00:00.000
1736784000000,5e-05,2025-01-13 16:00:00.000
1736798400000,5e-05,2025-01-13 20:00:00.000
1736812800000,5e-05,2025-01-14 00:00:00.000
1736827200000,4.344e-05,2025-01-14 04:00:00.000
1736841600000,5e-05,2025-01-14 08:00:00.000
1736856000000,5e-05,2025-01-14 12:00:00.000
1736870400000,5e-05,2025-01-14 16:00:00.000
1736884800000,5e-05,2025-01-14 20:00:00.000
1736899200000,5e-05,2025-01-15 00:00:00.000
1736913600000,5e-05,2025-01-15 04:00:00.000
1736928000000,5e-05,2025-01-15 08:00:00.000
1736942400000,5e-05,2025-01-15 12:00:00.000
1736956800000,5e-05,2025-01-15 16:00:00.000
1736971200000,5e-05,2025-01-15 20:00:00.000
1736985600000,5e-05,2025-01-16 00:00:00.000
1737000000000,5e-05,2025-01-16 04:00:00.000
1737014400000,5e-05,2025-01-16 08:00:00.000
1737028800000,5e-05,2025-01-16 12:00:00.000
1737043200000,5e-05,2025-01-16 16:00:00.000
1737057600000,5e-05,2025-01-16 20:00:00.000
1737072000004,1.367e-05,2025-01-17 00:00:00.004
1737086400000,5e-05,2025-01-17 04:00:00.000
1737100800000,5e-05,2025-01-17 08:00:00.000
1737115200013,5e-05,2025-01-17 12:00:00.013
1737129600008,5e-05,2025-01-17 16:00:00.008
1737144000005,5e-05,2025-01-17 20:00:00.005
1737158400000,5e-05,2025-01-18 00:00:00.000
1737172800003,5e-05,2025-01-18 04:00:00.003
1737187200007,5e-05,2025-01-18 08:00:00.007
1737201600000,5e-05,2025-01-18 12:00:00.000
1737216000000,5e-05,2025-01-18 16:00:00.000
1737230400000,5e-05,2025-01-18 20:00:00.000
1737244800000,5e-05,2025-01-19 00:00:00.000
1737259200000,5e-05,2025-01-19 04:00:00.000
1737273600000,5e-05,2025-01-19 08:00:00.000
1737288000000,5e-05,2025-01-19 12:00:00.000
1737302400000,5e-05,2025-01-19 16:00:00.000
1737316800000,5e-05,2025-01-19 20:00:00.000
1737331200000,5e-05,2025-01-20 00:00:00.000
1737345600000,5e-05,2025-01-20 04:00:00.000
1737360000009,5e-05,2025-01-20 08:00:00.009
1737374400002,5e-05,2025-01-20 12:00:00.002
1737388800000,5e-05,2025-01-20 16:00:00.000
1737403200001,5e-05,2025-01-20 20:00:00.001
1737417600000,5e-05,2025-01-21 00:00:00.000
1737432000000,5e-05,2025-01-21 04:00:00.000
1737446400000,5e-05,2025-01-21 08:00:00.000
1737460800000,5e-05,2025-01-21 12:00:00.000
1737475200000,5e-05,2025-01-21 16:00:00.000
1737489600000,5e-05,2025-01-21 20:00:00.000
1737504000000,5e-05,2025-01-22 00:00:00.000
1737518400000,5e-05,2025-01-22 04:00:00.000
1737532800000,5e-05,2025-01-22 08:00:00.000
1737547200000,5e-05,2025-01-22 12:00:00.000
1737561600000,5e-05,2025-01-22 16:00:00.000
1737576000000,5e-05,2025-01-22 20:00:00.000
1737590400001,5e-05,2025-01-23 00:00:00.001
1737604800001,5e-05,2025-01-23 04:00:00.001
1737619200000,5e-05,2025-01-23 08:00:00.000
1737633600000,5e-05,2025-01-23 12:00:00.000
1737648000000,5e-05,2025-01-23 16:00:00.000
1737662400000,5e-05,2025-01-23 20:00:00.000
1737676800000,5e-05,2025-01-24 00:00:00.000
1737691200000,5e-05,2025-01-24 04:00:00.000
1737705600000,5e-05,2025-01-24 08:00:00.000
1737720000001,5e-05,2025-01-24 12:00:00.001
1737734400000,5e-05,2025-01-24 16:00:00.000
1737748800000,5e-05,2025-01-24 20:00:00.000
1737763200000,5e-05,2025-01-25 00:00:00.000
1737777600000,5e-05,2025-01-25 04:00:00.000
1737792000000,5e-05,2025-01-25 08:00:00.000
1737806400000,5e-05,2025-01-25 12:00:00.000
1737820800001,5e-05,2025-01-25 16:00:00.001
1737835200001,5e-05,2025-01-25 20:00:00.001
1737849600000,5e-05,2025-01-26 00:00:00.000
1737864000000,5e-05,2025-01-26 04:00:00.000
1737878400000,5e-05,2025-01-26 08:00:00.000
1737892800000,5e-05,2025-01-26 12:00:00.000
1737907200000,5e-05,2025-01-26 16:00:00.000
1737921600000,5e-05,2025-01-26 20:00:00.000
1737936000000,5e-05,2025-01-27 00:00:00.000
1737950400000,2.086e-05,2025-01-27 04:00:00.000
1737964800000,3.954e-05,2025-01-27 08:00:00.000
1737979200001,5e-05,2025-01-27 12:00:00.001
1737993600000,5e-05,2025-01-27 16:00:00.000
1738008000000,5e-05,2025-01-27 20:00:00.000
1738022400000,5e-05,2025-01-28 00:00:00.000
1738036800000,5e-05,2025-01-28 04:00:00.000
1738051200000,5e-05,2025-01-28 08:00:00.000
1738065600000,4.654e-05,2025-01-28 12:00:00.000
1738080000000,5e-05,2025-01-28 16:00:00.000
1738094400000,5e-05,2025-01-28 20:00:00.000
1738108800000,5e-05,2025-01-29 00:00:00.000
1738123200001,4.579e-05,2025-01-29 04:00:00.001
1738137600000,5e-05,2025-01-29 08:00:00.000
1738152000000,4.358e-05,2025-01-29 12:00:00.000
1738166400000,1.603e-05,2025-01-29 16:00:00.000
1738180800000,5e-05,2025-01-29 20:00:00.000
1738195200000,5e-05,2025-01-30 00:00:00.000
1738209600000,5e-05,2025-01-30 04:00:00.000
1738224000000,5e-05,2025-01-30 08:00:00.000
1738238400000,5e-05,2025-01-30 12:00:00.000
1738252800000,5e-05,2025-01-30 16:00:00.000
1738267200000,5e-05,2025-01-30 20:00:00.000
1738281600000,5e-05,2025-01-31 00:00:00.000
1738296000000,4.988e-05,2025-01-31 04:00:00.000
1738310400000,5e-05,2025-01-31 08:00:00.000
1738324800001,5e-05,2025-01-31 12:00:00.001
1738339200000,5e-05,2025-01-31 16:00:00.000
1738353600000,5e-05,2025-01-31 20:00:00.000
1738368000000,5e-05,2025-02-01 00:00:00.000
1738382400000,5e-05,2025-02-01 04:00:00.000
1738396800000,5e-05,2025-02-01 08:00:00.000
1738411200000,5e-05,2025-02-01 12:00:00.000
1738425600000,5e-05,2025-02-01 16:00:00.000
1738440000000,5e-05,2025-02-01 20:00:00.000
1738454400001,5e-05,2025-02-02 00:00:00.001
1738468800000,-4.861e-05,2025-02-02 04:00:00.000
1738483200000,4.194e-05,2025-02-02 08:00:00.000
1738497600000,-1.76e-06,2025-02-02 12:00:00.000
1738512000000,-4.02e-06,2025-02-02 16:00:00.000
1738526400000,2.096e-05,2025-02-02 20:00:00.000
1738540800000,-0.00010287,2025-02-03 00:00:00.000
1738555200000,-9.842e-05,2025-02-03 04:00:00.000
1738569600000,-0.0003311,2025-02-03 08:00:00.000
1738584000000,-0.0001079,2025-02-03 12:00:00.000
1738598400000,1.623e-05,2025-02-03 16:00:00.000
1738612800000,3.733e-05,2025-02-03 20:00:00.000
1738627200000,4.725e-05,2025-02-04 00:00:00.000
1738641600001,-5.027e-05,2025-02-04 04:00:00.001
1738656000001,-0.00024238,2025-02-04 08:00:00.001
1738670400001,-0.00025451,2025-02-04 12:00:00.001
1738684800000,-0.00019254,2025-02-04 16:00:00.000
1738699200000,-6.509e-05,2025-02-04 20:00:00.000
1738713600001,4.6e-07,2025-02-05 00:00:00.001
1738728000000,-2.869e-05,2025-02-05 04:00:00.000
1738742400001,-6.322e-05,2025-02-05 08:00:00.001
1738756800000,5e-05,2025-02-05 12:00:00.000
1738771200000,-6.316e-05,2025-02-05 16:00:00.000
1738785600000,-6.908e-05,2025-02-05 20:00:00.000
1738800000001,-6.485e-05,2025-02-06 00:00:00.001
1738814400001,5.94e-06,2025-02-06 04:00:00.001
1738828800001,-0.00010054,2025-02-06 08:00:00.001
1738843200000,-7.093e-05,2025-02-06 12:00:00.000
1738857600000,-8.065e-05,2025-02-06 16:00:00.000
1738872000000,-0.000154,2025-02-06 20:00:00.000
1738886400000,-5.763e-05,2025-02-07 00:00:00.000
1738900800000,-0.00012168,2025-02-07 04:00:00.000
1738915200000,4.26e-05,2025-02-07 08:00:00.000
1738929600000,-2.72e-06,2025-02-07 12:00:00.000
1738944000000,-1.859e-05,2025-02-07 16:00:00.000
1738958400000,-5.23e-06,2025-02-07 20:00:00.000
1738972800000,2.795e-05,2025-02-08 00:00:00.000
1738987200000,-2.871e-05,2025-02-08 04:00:00.000
1739001600000,-1.189e-05,2025-02-08 08:00:00.000
1739016000000,5e-05,2025-02-08 12:00:00.000
1739030400000,5e-05,2025-02-08 16:00:00.000
1739044800000,5e-05,2025-02-08 20:00:00.000
1739059200000,2.517e-05,2025-02-09 00:00:00.000
1739073600000,-3.149e-05,2025-02-09 04:00:00.000
1739088000000,-7.678e-05,2025-02-09 08:00:00.000
1739102400000,2.802e-05,2025-02-09 12:00:00.000
1739116800000,2.939e-05,2025-02-09 16:00:00.000
1739131200007,-1.805e-05,2025-02-09 20:00:00.007
1739145600000,3.727e-05,2025-02-10 00:00:00.000
1739160000000,3.91e-06,2025-02-10 04:00:00.000
1739174400000,-1.883e-05,2025-02-10 08:00:00.000
1739188800000,1.368e-05,2025-02-10 12:00:00.000
1739203200000,1.884e-05,2025-02-10 16:00:00.000
1739217600001,1.802e-05,2025-02-10 20:00:00.001
1739232000000,9.62e-06,2025-02-11 00:00:00.000
1739246400000,5e-05,2025-02-11 04:00:00.000
1739260800000,5e-05,2025-02-11 08:00:00.000
1739275200000,5e-05,2025-02-11 12:00:00.000
1739289600000,5e-05,2025-02-11 16:00:00.000
1739304000000,5e-05,2025-02-11 20:00:00.000
1739318400000,4.08e-05,2025-02-12 00:00:00.000
1739332800000,5e-05,2025-02-12 04:00:00.000
1739347200000,5e-05,2025-02-12 08:00:00.000
1739361600001,5e-05,2025-02-12 12:00:00.001
1739376000001,5e-05,2025-02-12 16:00:00.001
1739390400000,5e-05,2025-02-12 20:00:00.000
1739404800001,5e-05,2025-02-13 00:00:00.001
1739419200000,5e-05,2025-02-13 04:00:00.000
1739433600000,5e-05,2025-02-13 08:00:00.000
1739448000000,5e-05,2025-02-13 12:00:00.000
1739462400001,5e-05,2025-02-13 16:00:00.001
1739476800000,5e-05,2025-02-13 20:00:00.000
1739491200000,5e-05,2025-02-14 00:00:00.000
1739505600000,5e-05,2025-02-14 04:00:00.000
1739520000001,1.365e-05,2025-02-14 08:00:00.001
1739534400000,5e-05,2025-02-14 12:00:00.000
1739548800000,5e-05,2025-02-14 16:00:00.000
1739563200000,3.568e-05,2025-02-14 20:00:00.000
1739577600000,4.65e-05,2025-02-15 00:00:00.000
1739592000000,4.632e-05,2025-02-15 04:00:00.000
1739606400000,7.54e-06,2025-02-15 08:00:00.000
1739620800000,-9.6e-07,2025-02-15 12:00:00.000
1739635200000,4.695e-05,2025-02-15 16:00:00.000
1739649600001,1.502e-05,2025-02-15 20:00:00.001
1739664000000,-5.737e-05,2025-02-16 00:00:00.000
1739678400000,-4.18e-06,2025-02-16 04:00:00.000
1739692800000,-2.566e-05,2025-02-16 08:00:00.000
1739707200000,-9e-06,2025-02-16 12:00:00.000
1739721600000,-6.006e-05,2025-02-16 16:00:00.000
1739736000000,3.573e-05,2025-02-16 20:00:00.000
1739750400000,5e-05,2025-02-17 00:00:00.000
1739764800001,9.71e-06,2025-02-17 04:00:00.001
1739779200000,-3.728e-05,2025-02-17 08:00:00.000
1739793600004,1.478e-05,2025-02-17 12:00:00.004
1739808000000,2.63e-06,2025-02-17 16:00:00.000
1739822400001,5e-05,2025-02-17 20:00:00.001
1739836800000,5e-05,2025-02-18 00:00:00.000
1739851200000,5e-05,2025-02-18 04:00:00.000
1739865600000,-1.036e-05,2025-02-18 08:00:00.000
1739880000000,5e-05,2025-02-18 12:00:00.000
1739894400000,3.997e-05,2025-02-18 16:00:00.000
1739908800000,-3.358e-05,2025-02-18 20:00:00.000
1739923200000,5e-05,2025-02-19 00:00:00.000
1739937600000,-6.078e-05,2025-02-19 04:00:00.000
1739952000000,-4.6e-06,2025-02-19 08:00:00.000
1739966400000,5e-05,2025-02-19 12:00:00.000
1739980800000,-2.819e-05,2025-02-19 16:00:00.000
1739995200000,1.532e-05,2025-02-19 20:00:00.000
1740009600000,-3.713e-05,2025-02-20 00:00:00.000
1740024000000,4.819e-05,2025-02-20 04:00:00.000
1740038400000,5e-05,2025-02-20 08:00:00.000
1740052800000,3.566e-05,2025-02-20 12:00:00.000
1740067200000,5e-05,2025-02-20 16:00:00.000
1740081600000,5e-05,2025-02-20 20:00:00.000
1740096000001,5e-05,2025-02-21 00:00:00.001
1740110400000,5e-05,2025-02-21 04:00:00.000
1740124800000,5e-05,2025-02-21 08:00:00.000
1740139200000,5e-05,2025-02-21 12:00:00.000
1740153600000,5e-05,2025-02-21 16:00:00.000
1740168000000,5e-05,2025-02-21 20:00:00.000
1740182400000,-0.00016499,2025-02-22 00:00:00.000
1740196800000,-0.00021623,2025-02-22 04:00:00.000
1740211200000,-0.00018504,2025-02-22 08:00:00.000
1740225600000,-0.00014738,2025-02-22 12:00:00.000
1740240000000,-0.00010569,2025-02-22 16:00:00.000
1740254400000,1.233e-05,2025-02-22 20:00:00.000
1740268800000,-0.00018265,2025-02-23 00:00:00.000
1740283200000,-4.073e-05,2025-02-23 04:00:00.000
1740297600000,3.726e-05,2025-02-23 08:00:00.000
1740312000000,5e-05,2025-02-23 12:00:00.000
1740326400000,-2.833e-05,2025-02-23 16:00:00.000
1740340800000,-5.573e-05,2025-02-23 20:00:00.000
1740355200000,2e-08,2025-02-24 00:00:00.000
1740369600000,-4.52e-06,2025-02-24 04:00:00.000
1740384000000,5.9e-07,2025-02-24 08:00:00.000
1740398400001,5e-05,2025-02-24 12:00:00.001
1740412800000,-3.563e-05,2025-02-24 16:00:00.000
1740427200000,9.1e-07,2025-02-24 20:00:00.000
1740441600000,-4.708e-05,2025-02-25 00:00:00.000
1740456000000,-7.55e-05,2025-02-25 04:00:00.000
1740470400000,-5.541e-05,2025-02-25 08:00:00.000
1740484800000,-3.782e-05,2025-02-25 12:00:00.000
1740499200000,-9.878e-05,2025-02-25 16:00:00.000
1740513600000,-0.00016647,2025-02-25 20:00:00.000
1740528000000,-5.758e-05,2025-02-26 00:00:00.000
1740542400000,-8.66e-05,2025-02-26 04:00:00.000
1740556800000,-1.022e-05,2025-02-26 08:00:00.000
1740571200001,-0.00016076,2025-02-26 12:00:00.001
1740585600000,4.311e-05,2025-02-26 16:00:00.000
1740600000000,7.17e-06,2025-02-26 20:00:00.000
1740614400001,5e-05,2025-02-27 00:00:00.001
1740628800001,-3.439e-05,2025-02-27 04:00:00.001
1740643200000,2.746e-05,2025-02-27 08:00:00.000
1740657600006,-7.5e-06,2025-02-27 12:00:00.006
1740672000000,5e-05,2025-02-27 16:00:00.000
1740686400001,1.571e-05,2025-02-27 20:00:00.001
1740700800001,5e-05,2025-02-28 00:00:00.001
1740715200000,-6.193e-05,2025-02-28 04:00:00.000
1740729600000,-3.859e-05,2025-02-28 08:00:00.000
1740744000000,-2.611e-05,2025-02-28 12:00:00.000
1740758400000,5e-05,2025-02-28 16:00:00.000
1740772800000,4.91e-05,2025-02-28 20:00:00.000
1740787200000,5e-05,2025-03-01 00:00:00.000
1740801600000,1.425e-05,2025-03-01 04:00:00.000
1740816000000,-2.437e-05,2025-03-01 08:00:00.000
1740830400001,3.95e-05,2025-03-01 12:00:00.001
1740844800001,2.995e-05,2025-03-01 16:00:00.001
1740859200000,-7.295e-05,2025-03-01 20:00:00.000
1740873600000,1.23e-06,2025-03-02 00:00:00.000
1740888000000,-3.305e-05,2025-03-02 04:00:00.000
1740902400000,-2.777e-05,2025-03-02 08:00:00.000
1740916800000,5e-05,2025-03-02 12:00:00.000
1740931200000,5e-05,2025-03-02 16:00:00.000
1740945600000,5e-05,2025-03-02 20:00:00.000
1740960000001,5e-05,2025-03-03 00:00:00.001
1740974400000,5e-05,2025-03-03 04:00:00.000
1740988800000,1.147e-05,2025-03-03 08:00:00.000
1741003200001,5e-05,2025-03-03 12:00:00.001
1741017600000,2.131e-05,2025-03-03 16:00:00.000
1741032000000,-3.867e-05,2025-03-03 20:00:00.000
1741046400001,-7.713e-05,2025-03-04 00:00:00.001
1741060800000,-0.00013651,2025-03-04 04:00:00.000
1741075200005,3.667e-05,2025-03-04 08:00:00.005
1741089600000,-5.873e-05,2025-03-04 12:00:00.000
1741104000000,2.401e-05,2025-03-04 16:00:00.000
1741118400000,5e-05,2025-03-04 20:00:00.000
1741132800000,5e-05,2025-03-05 00:00:00.000
1741147200000,2.687e-05,2025-03-05 04:00:00.000
1741161600000,5e-05,2025-03-05 08:00:00.000
1741176000000,2.62e-06,2025-03-05 12:00:00.000
1741190400000,3.563e-05,2025-03-05 16:00:00.000
1741204800000,5e-05,2025-03-05 20:00:00.000
1741219200000,5e-05,2025-03-06 00:00:00.000
1741233600000,5e-05,2025-03-06 04:00:00.000
1741248000001,4.237e-05,2025-03-06 08:00:00.001
1741262400001,2.028e-05,2025-03-06 12:00:00.001
1741276800000,5e-05,2025-03-06 16:00:00.000
1741291200000,-8.182e-05,2025-03-06 20:00:00.000
1741305600000,4.07e-06,2025-03-07 00:00:00.000
1741320000000,5e-05,2025-03-07 04:00:00.000
1741334400001,2.818e-05,2025-03-07 08:00:00.001
1741348800000,3.614e-05,2025-03-07 12:00:00.000
1741363200000,1.014e-05,2025-03-07 16:00:00.000
1741377600000,5e-05,2025-03-07 20:00:00.000
1741392000000,-4.079e-05,2025-03-08 00:00:00.000
1741406400000,-3.4e-06,2025-03-08 04:00:00.000
1741420800001,3.908e-05,2025-03-08 08:00:00.001
1741435200001,2.028e-05,2025-03-08 12:00:00.001
1741449600001,6.92e-06,2025-03-08 16:00:00.001
1741464000001,-3.538e-05,2025-03-08 20:00:00.001
1741478400001,9.36e-06,2025-03-09 00:00:00.001
1741492800000,-5.253e-05,2025-03-09 04:00:00.000
1741507200000,2.83e-06,2025-03-09 08:00:00.000
1741521600000,9.9e-06,2025-03-09 12:00:00.000
1741536000000,-6.874e-05,2025-03-09 16:00:00.000
1741550400000,-4.151e-05,2025-03-09 20:00:00.000
1741564800000,-0.00017639,2025-03-10 00:00:00.000
1741579200000,-6.659e-05,2025-03-10 04:00:00.000
1741593600000,6e-06,2025-03-10 08:00:00.000
1741608000000,5e-05,2025-03-10 12:00:00.000
1741622400000,4.38e-05,2025-03-10 16:00:00.000
1741636800000,5e-05,2025-03-10 20:00:00.000
1741651200000,3.69e-06,2025-03-11 00:00:00.000
1741665600000,2.704e-05,2025-03-11 04:00:00.000
1741680000000,2.604e-05,2025-03-11 08:00:00.000
1741694400000,-8.81e-06,2025-03-11 12:00:00.000
1741708800001,5e-05,2025-03-11 16:00:00.001
1741723200001,-8.12e-06,2025-03-11 20:00:00.001
1741737600000,1.318e-05,2025-03-12 00:00:00.000
1741752000001,-0.00010556,2025-03-12 04:00:00.001
1741766400000,-1.21e-06,2025-03-12 08:00:00.000
1741780800000,-0.00018663,2025-03-12 12:00:00.000
1741795200001,-4.872e-05,2025-03-12 16:00:00.001
1741809600000,-8.11e-05,2025-03-12 20:00:00.000
1741824000000,-3.29e-06,2025-03-13 00:00:00.000
1741838400000,-7.235e-05,2025-03-13 04:00:00.000
1741852800000,-0.00011037,2025-03-13 08:00:00.000
1741867200000,-2.845e-05,2025-03-13 12:00:00.000
1741881600000,-3.426e-05,2025-03-13 16:00:00.000
1741896000000,-5.694e-05,2025-03-13 20:00:00.000
1741910400000,1.7e-06,2025-03-14 00:00:00.000
1741924800000,-3.33e-05,2025-03-14 04:00:00.000
1741939200000,-3.163e-05,2025-03-14 08:00:00.000
1741953600000,2.597e-05,2025-03-14 12:00:00.000
1741968000000,5e-05,2025-03-14 16:00:00.000
1741982400000,5e-05,2025-03-14 20:00:00.000
1741996800000,-3.59e-05,2025-03-15 00:00:00.000
1742011200000,-0.00183262,2025-03-15 04:00:00.000
1742025600000,-0.01122639,2025-03-15 08:00:00.000
1742040000000,-0.00336033,2025-03-15 12:00:00.000
1742054400000,-0.00113294,2025-03-15 16:00:00.000
1742068800000,-0.00125246,2025-03-15 20:00:00.000
1742083200000,-0.00152836,2025-03-16 00:00:00.000
1742097600000,-0.01078244,2025-03-16 04:00:00.000
1742112000000,-0.0029047,2025-03-16 08:00:00.000
1742126400000,-0.00127423,2025-03-16 12:00:00.000
1742140800000,-0.00063804,2025-03-16 16:00:00.000
1742155200000,-0.00062726,2025-03-16 20:00:00.000
1742169600000,-0.00061768,2025-03-17 00:00:00.000
1742184000000,-0.0026197,2025-03-17 04:00:00.000
1742198400000,-0.00138838,2025-03-17 08:00:00.000
1742212800000,-0.00086109,2025-03-17 12:00:00.000
1742227200000,-0.00073289,2025-03-17 16:00:00.000
1742241600000,-0.00095951,2025-03-17 20:00:00.000
1742256000000,-0.00068748,2025-03-18 00:00:00.000
1742270400000,-0.00066589,2025-03-18 04:00:00.000
1742284800000,-0.00066684,2025-03-18 08:00:00.000
1742299200001,-0.00055234,2025-03-18 12:00:00.001
1742313600000,-0.00047329,2025-03-18 16:00:00.000
1742328000000,-0.00043695,2025-03-18 20:00:00.000
1742342400000,-0.00031557,2025-03-19 00:00:00.000
1742356800000,-0.00022044,2025-03-19 04:00:00.000
1742371200000,-0.0004022,2025-03-19 08:00:00.000
1742385600000,-0.00015001,2025-03-19 12:00:00.000
1742400000000,-0.00014698,2025-03-19 16:00:00.000
1742414400000,-0.00030533,2025-03-19 20:00:00.000
1742428800000,-0.00020044,2025-03-20 00:00:00.000
1742443200000,-0.00040367,2025-03-20 04:00:00.000
1742457600000,-9.788e-05,2025-03-20 08:00:00.000
1742472000000,-1.4e-06,2025-03-20 12:00:00.000
1742486400000,-0.00040955,2025-03-20 16:00:00.000
1742500800000,-0.00025277,2025-03-20 20:00:00.000
1742515200000,-0.00042222,2025-03-21 00:00:00.000
1742529600000,-0.00041522,2025-03-21 04:00:00.000
1742544000000,-0.00197749,2025-03-21 08:00:00.000
1742558400000,-0.00097034,2025-03-21 12:00:00.000
1742572800000,-0.00025648,2025-03-21 16:00:00.000
1742587200000,-0.00042947,2025-03-21 20:00:00.000
1742601600000,-0.00038235,2025-03-22 00:00:00.000
1742616000001,-0.00030437,2025-03-22 04:00:00.001
1742630400004,-0.00018464,2025-03-22 08:00:00.004
1742644800013,-0.00029232,2025-03-22 12:00:00.013
1742659200000,-0.00039587,2025-03-22 16:00:00.000
1742673600001,-0.00037417,2025-03-22 20:00:00.001
1742688000000,-0.00031554,2025-03-23 00:00:00.000
1742702400000,-9.388e-05,2025-03-23 04:00:00.000
1742716800000,-9.933e-05,2025-03-23 08:00:00.000
1742731200000,-5.27e-05,2025-03-23 12:00:00.000
1742745600000,-1.702e-05,2025-03-23 16:00:00.000
1742760000000,-0.0002114,2025-03-23 20:00:00.000
1742774400000,-0.00024177,2025-03-24 00:00:00.000
1742788800000,-0.00029398,2025-03-24 04:00:00.000
1742803200000,-0.00047175,2025-03-24 08:00:00.000
1742817600000,-0.00020085,2025-03-24 12:00:00.000
1742832000000,-0.00011523,2025-03-24 16:00:00.000
1742846400004,-0.00017162,2025-03-24 20:00:00.004
1742860800001,1.49e-05,2025-03-25 00:00:00.001
1742875200000,-6.394e-05,2025-03-25 04:00:00.000
1742889600000,-4.057e-05,2025-03-25 08:00:00.000
1742904000000,-3.911e-05,2025-03-25 12:00:00.000
1742918400000,-0.00023476,2025-03-25 16:00:00.000
1742932800000,-4.996e-05,2025-03-25 20:00:00.000
1742947200000,6.7e-06,2025-03-26 00:00:00.000
1742961600001,-0.00012272,2025-03-26 04:00:00.001
1742976000000,-7.094e-05,2025-03-26 08:00:00.000
1742990400000,-0.00014729,2025-03-26 12:00:00.000
1743004800001,-0.00013179,2025-03-26 16:00:00.001
1743019200000,-5.802e-05,2025-03-26 20:00:00.000
1743033600001,-0.00023229,2025-03-27 00:00:00.001
1743048000000,-0.00017559,2025-03-27 04:00:00.000
1743062400001,-0.00016414,2025-03-27 08:00:00.001
1743076800000,-0.00017553,2025-03-27 12:00:00.000
1743091200002,-0.0003607,2025-03-27 16:00:00.002
1743105600000,-0.00013219,2025-03-27 20:00:00.000
1743120000001,-0.00048726,2025-03-28 00:00:00.001
1743134400000,-0.00021761,2025-03-28 04:00:00.000
1743148800001,-5.057e-05,2025-03-28 08:00:00.001
1743163200000,-4.949e-05,2025-03-28 12:00:00.000
1743177600000,1.926e-05,2025-03-28 16:00:00.000
1743192000000,-4.869e-05,2025-03-28 20:00:00.000
1743206400000,-3.982e-05,2025-03-29 00:00:00.000
1743220800001,5e-05,2025-03-29 04:00:00.001
1743235200000,2.989e-05,2025-03-29 08:00:00.000
1743249600000,5e-05,2025-03-29 12:00:00.000
1743264000000,-4.8e-07,2025-03-29 16:00:00.000
1743278400000,5e-05,2025-03-29 20:00:00.000
1743292800000,-4.659e-05,2025-03-30 00:00:00.000
1743307200000,-0.00021236,2025-03-30 04:00:00.000
1743321600000,-0.00019995,2025-03-30 08:00:00.000
1743336000000,-0.00013519,2025-03-30 12:00:00.000
1743350400000,-0.00012424,2025-03-30 16:00:00.000
1743364800000,-8.597e-05,2025-03-30 20:00:00.000
1743379200000,-0.00024903,2025-03-31 00:00:00.000
1743393600000,-0.00042968,2025-03-31 04:00:00.000
1743408000000,-0.00114492,2025-03-31 08:00:00.000
1743422400000,-0.00033136,2025-03-31 12:00:00.000
1743436800000,-0.00033261,2025-03-31 16:00:00.000
1743451200000,-0.00033341,2025-03-31 20:00:00.000
1743465600000,-0.00033276,2025-04-01 00:00:00.000
1743480000001,-0.00016339,2025-04-01 04:00:00.001
1743494400001,-0.00036209,2025-04-01 08:00:00.001
1743508800000,-0.00024927,2025-04-01 12:00:00.000
1743523200000,-2.167e-05,2025-04-01 16:00:00.000
1743537600003,-0.00016534,2025-04-01 20:00:00.003
1743552000001,-0.00021394,2025-04-02 00:00:00.001
1743566400001,-3.364e-05,2025-04-02 04:00:00.001
1743580800000,-0.00021263,2025-04-02 08:00:00.000
1743595200002,-0.00022661,2025-04-02 12:00:00.002
1743609600000,-2.836e-05,2025-04-02 16:00:00.000
1743624000000,5e-05,2025-04-02 20:00:00.000
1743638400000,-2.35e-05,2025-04-03 00:00:00.000
1743652800000,-6.195e-05,2025-04-03 04:00:00.000
1743667200000,-5.504e-05,2025-04-03 08:00:00.000
1743681600000,-2.156e-05,2025-04-03 12:00:00.000
1743696000000,4.069e-05,2025-04-03 16:00:00.000
1743710400000,5e-05,2025-04-03 20:00:00.000
1743724800000,5e-05,2025-04-04 00:00:00.000
1743739200000,5e-05,2025-04-04 04:00:00.000
1743753600000,5e-05,2025-04-04 08:00:00.000
1743768000000,5e-05,2025-04-04 12:00:00.000
1743782400000,5e-05,2025-04-04 16:00:00.000
1743796800001,5e-05,2025-04-04 20:00:00.001
1743811200000,5e-05,2025-04-05 00:00:00.000
1743825600000,5e-05,2025-04-05 04:00:00.000
1743840000000,5e-05,2025-04-05 08:00:00.000
1743854400000,5e-05,2025-04-05 12:00:00.000
1743868800000,5e-05,2025-04-05 16:00:00.000
1743883200000,5e-05,2025-04-05 20:00:00.000
1743897600000,5e-05,2025-04-06 00:00:00.000
1743912000000,5e-05,2025-04-06 04:00:00.000
1743926400000,4.957e-05,2025-04-06 08:00:00.000
1743940800001,5e-05,2025-04-06 12:00:00.001
1743955200002,9.56e-06,2025-04-06 16:00:00.002
1743969600001,-3.542e-05,2025-04-06 20:00:00.001
1743984000000,5e-05,2025-04-07 00:00:00.000
1743998400000,3.154e-05,2025-04-07 04:00:00.000
1744012800000,3.268e-05,2025-04-07 08:00:00.000
1744027200000,3.435e-05,2025-04-07 12:00:00.000
1744041600000,4.828e-05,2025-04-07 16:00:00.000
1744056000000,-2.545e-05,2025-04-07 20:00:00.000
1744070400000,-7.86e-06,2025-04-08 00:00:00.000
1744084800000,6.64e-06,2025-04-08 04:00:00.000
1744099200000,-4.056e-05,2025-04-08 08:00:00.000
1744113600000,-0.00014604,2025-04-08 12:00:00.000
1744128000000,-5.555e-05,2025-04-08 16:00:00.000
1744142400000,3.86e-05,2025-04-08 20:00:00.000
1744156800000,-2.848e-05,2025-04-09 00:00:00.000
1744171200000,-1.023e-05,2025-04-09 04:00:00.000
1744185600001,4.2e-05,2025-04-09 08:00:00.001
1744200000000,5e-05,2025-04-09 12:00:00.000
1744214400000,-1.261e-05,2025-04-09 16:00:00.000
1744228800000,5e-05,2025-04-09 20:00:00.000
1744243200000,5e-05,2025-04-10 00:00:00.000
1744257600000,4.032e-05,2025-04-10 04:00:00.000
1744272000000,9.35e-06,2025-04-10 08:00:00.000
1744286400000,-5.08e-06,2025-04-10 12:00:00.000
1744300800000,3.978e-05,2025-04-10 16:00:00.000
1744315200000,-3e-06,2025-04-10 20:00:00.000
1744329600001,4.909e-05,2025-04-11 00:00:00.001
1744344000001,-1.948e-05,2025-04-11 04:00:00.001
1744358400000,2.468e-05,2025-04-11 08:00:00.000
1744372800000,3.581e-05,2025-04-11 12:00:00.000
1744387200000,5e-05,2025-04-11 16:00:00.000
1744401600001,1.696e-05,2025-04-11 20:00:00.001
1744416000000,-6.16e-06,2025-04-12 00:00:00.000
1744430400000,-6.472e-05,2025-04-12 04:00:00.000
1744444800001,-5.396e-05,2025-04-12 08:00:00.001
1744459200001,-7.77e-06,2025-04-12 12:00:00.001
1744473600000,-3.896e-05,2025-04-12 16:00:00.000
1744488000000,-2.38e-06,2025-04-12 20:00:00.000
1744502400000,4.366e-05,2025-04-13 00:00:00.000
1744516800000,-2.414e-05,2025-04-13 04:00:00.000
1744531200000,-7.359e-05,2025-04-13 08:00:00.000
1744545600000,-8.547e-05,2025-04-13 12:00:00.000
1744560000000,-0.00010243,2025-04-13 16:00:00.000
1744574400000,-0.00011822,2025-04-13 20:00:00.000
1744588800000,-6.525e-05,2025-04-14 00:00:00.000
1744603200000,-0.00014504,2025-04-14 04:00:00.000
1744617600000,-3.046e-05,2025-04-14 08:00:00.000
1744632000002,2.223e-05,2025-04-14 12:00:00.002
1744646400000,-3.097e-05,2025-04-14 16:00:00.000
1744660800000,-7.35e-06,2025-04-14 20:00:00.000
1744675200000,5e-05,2025-04-15 00:00:00.000
1744689600001,1.72e-05,2025-04-15 04:00:00.001
1744704000000,4.51e-05,2025-04-15 08:00:00.000
1744718400000,5e-05,2025-04-15 12:00:00.000
1744732800001,2.895e-05,2025-04-15 16:00:00.001
1744747200000,-2.619e-05,2025-04-15 20:00:00.000
1744761600000,1.792e-05,2025-04-16 00:00:00.000
1744776000000,-6.131e-05,2025-04-16 04:00:00.000
1744790400000,-6.988e-05,2025-04-16 08:00:00.000
1744804800000,-0.00016428,2025-04-16 12:00:00.000
1744819200000,-9.903e-05,2025-04-16 16:00:00.000
1744833600000,5.62e-06,2025-04-16 20:00:00.000
1744848000001,1.905e-05,2025-04-17 00:00:00.001
1744862400000,-3.223e-05,2025-04-17 04:00:00.000
1744876800000,-6.386e-05,2025-04-17 08:00:00.000
1744891200000,-3.328e-05,2025-04-17 12:00:00.000
1744905600001,1.06e-06,2025-04-17 16:00:00.001
1744920000001,-4.27e-06,2025-04-17 20:00:00.001
1744934400000,8.42e-06,2025-04-18 00:00:00.000
1744948800000,-6.06e-06,2025-04-18 04:00:00.000
1744963200000,2.415e-05,2025-04-18 08:00:00.000
1744977600000,-7.285e-05,2025-04-18 12:00:00.000
1744992000000,2.82e-05,2025-04-18 16:00:00.000
1745006400000,5e-05,2025-04-18 20:00:00.000
1745020800000,-5.054e-05,2025-04-19 00:00:00.000
1745035200000,5e-05,2025-04-19 04:00:00.000
1745049600000,4.907e-05,2025-04-19 08:00:00.000
1745064000000,9.24e-06,2025-04-19 12:00:00.000
1745078400000,-2.812e-05,2025-04-19 16:00:00.000
1745092800000,5e-05,2025-04-19 20:00:00.000
1745107200000,5e-05,2025-04-20 00:00:00.000
1745121600000,5e-05,2025-04-20 04:00:00.000
1745136000000,5e-05,2025-04-20 08:00:00.000
1745150400001,5e-05,2025-04-20 12:00:00.001
1745164800000,5e-05,2025-04-20 16:00:00.000
1745179200000,5e-05,2025-04-20 20:00:00.000
1745193600000,5e-05,2025-04-21 00:00:00.000
1745208000000,5e-05,2025-04-21 04:00:00.000
1745222400005,5e-05,2025-04-21 08:00:00.005
1745236800002,5e-05,2025-04-21 12:00:00.002
1745251200003,5e-05,2025-04-21 16:00:00.003
1745265600006,5e-05,2025-04-21 20:00:00.006
1745280000008,5e-05,2025-04-22 00:00:00.008
1745294400000,-4.323e-05,2025-04-22 04:00:00.000
1745308800000,-6.611e-05,2025-04-22 08:00:00.000
1745323200001,5e-05,2025-04-22 12:00:00.001
1745337600000,5e-05,2025-04-22 16:00:00.000
1745352000004,5e-05,2025-04-22 20:00:00.004
1745366400000,5e-05,2025-04-23 00:00:00.000
1745380800000,5e-05,2025-04-23 04:00:00.000
1745395200002,5e-05,2025-04-23 08:00:00.002
1745409600005,5e-05,2025-04-23 12:00:00.005
1745424000000,5e-05,2025-04-23 16:00:00.000
1745438400001,5e-05,2025-04-23 20:00:00.001
1745452800000,5e-05,2025-04-24 00:00:00.000
1745467200003,5e-05,2025-04-24 04:00:00.003
1745481600001,5e-05,2025-04-24 08:00:00.001
1745496000001,5e-05,2025-04-24 12:00:00.001
1745510400001,5e-05,2025-04-24 16:00:00.001
1745524800006,5e-05,2025-04-24 20:00:00.006
1745539200007,5e-05,2025-04-25 00:00:00.007
1745553600001,5e-05,2025-04-25 04:00:00.001
1745568000002,5e-05,2025-04-25 08:00:00.002
1745582400000,5e-05,2025-04-25 12:00:00.000
1745596800003,-9.36e-06,2025-04-25 16:00:00.003
1745611200001,-2.808e-05,2025-04-25 20:00:00.001
1745625600002,1.266e-05,2025-04-26 00:00:00.002
1745640000001,2.396e-05,2025-04-26 04:00:00.001
1745654400000,-0.00014193,2025-04-26 08:00:00.000
1745668800000,5.03e-06,2025-04-26 12:00:00.000
1745683200002,4.173e-05,2025-04-26 16:00:00.002
1745697600000,4.26e-06,2025-04-26 20:00:00.000
1745712000001,-2.918e-05,2025-04-27 00:00:00.001
1745726400001,1.819e-05,2025-04-27 04:00:00.001
1745740800000,3.62e-05,2025-04-27 08:00:00.000
1745755200000,4.367e-05,2025-04-27 12:00:00.000
1745769600000,5e-05,2025-04-27 16:00:00.000
1745784000003,1.073e-05,2025-04-27 20:00:00.003
1745798400001,3.44e-05,2025-04-28 00:00:00.001
1745812800001,1.004e-05,2025-04-28 04:00:00.001
1745827200003,3.883e-05,2025-04-28 08:00:00.003
1745841600000,-0.00128171,2025-04-28 12:00:00.000
1745856000005,5e-05,2025-04-28 16:00:00.005
1745870400002,5e-05,2025-04-28 20:00:00.002
1745884800000,5e-05,2025-04-29 00:00:00.000
1745899200000,5e-05,2025-04-29 04:00:00.000
1745913600000,5e-05,2025-04-29 08:00:00.000
1745928000001,-6.236e-05,2025-04-29 12:00:00.001
1745942400010,-4.037e-05,2025-04-29 16:00:00.010
1745956800002,-3.504e-05,2025-04-29 20:00:00.002
1745971200001,-7.956e-05,2025-04-30 00:00:00.001
1745985600001,-1.324e-05,2025-04-30 04:00:00.001
1746000000000,3.092e-05,2025-04-30 08:00:00.000
1746014400001,5e-05,2025-04-30 12:00:00.001
1746028800003,-4.86e-05,2025-04-30 16:00:00.003
1746043200002,5e-05,2025-04-30 20:00:00.002
1746057600000,5e-05,2025-05-01 00:00:00.000
1746072000008,5e-05,2025-05-01 04:00:00.008
1746086400000,5e-05,2025-05-01 08:00:00.000
1746100800001,5e-05,2025-05-01 12:00:00.001
1746115200001,-7.093e-05,2025-05-01 16:00:00.001
1746129600000,-1.153e-05,2025-05-01 20:00:00.000
1746144000000,-1.623e-05,2025-05-02 00:00:00.000
1746158400000,3.168e-05,2025-05-02 04:00:00.000
1746172800000,5e-05,2025-05-02 08:00:00.000
1746187200005,-3.201e-05,2025-05-02 12:00:00.005
1746201600003,4.135e-05,2025-05-02 16:00:00.003
1746216000003,-1.7e-06,2025-05-02 20:00:00.003
1746230400000,4.645e-05,2025-05-03 00:00:00.000
1746244800001,2.912e-05,2025-05-03 04:00:00.001
1746259200000,-5.511e-05,2025-05-03 08:00:00.000
1746273600006,5e-05,2025-05-03 12:00:00.006
1746288000000,-8.584e-05,2025-05-03 16:00:00.000
1746302400000,-8e-06,2025-05-03 20:00:00.000
1746316800001,-0.0001093,2025-05-04 00:00:00.001
1746331200004,-0.00012612,2025-05-04 04:00:00.004
1746345600001,-0.00010219,2025-05-04 08:00:00.001
1746360000006,-0.00017316,2025-05-04 12:00:00.006
1746374400002,-0.00012677,2025-05-04 16:00:00.002
1746388800000,-8.716e-05,2025-05-04 20:00:00.000
1746403200000,-8.714e-05,2025-05-05 00:00:00.000
1746417600000,-7.07e-05,2025-05-05 04:00:00.000
1746432000000,-0.00018499,2025-05-05 08:00:00.000
1746446400000,-8.491e-05,2025-05-05 12:00:00.000
1746460800006,-9.728e-05,2025-05-05 16:00:00.006
1746475200000,-0.00011146,2025-05-05 20:00:00.000
1746489600002,-0.00010243,2025-05-06 00:00:00.002
1746504000000,-0.00012083,2025-05-06 04:00:00.000
1746518400005,-6.475e-05,2025-05-06 08:00:00.005
1746532800000,-1.696e-05,2025-05-06 12:00:00.000
1746547200000,-0.00010798,2025-05-06 16:00:00.000
1746561600000,-8.862e-05,2025-05-06 20:00:00.000
1746576000002,-2.402e-05,2025-05-07 00:00:00.002
1746590400004,-7.423e-05,2025-05-07 04:00:00.004
1746604800000,-6.713e-05,2025-05-07 08:00:00.000
1746619200000,5e-05,2025-05-07 12:00:00.000
1746633600006,-3.303e-05,2025-05-07 16:00:00.006
1746648000000,-5.757e-05,2025-05-07 20:00:00.000
1746662400000,-9.671e-05,2025-05-08 00:00:00.000
1746676800005,-3.733e-05,2025-05-08 04:00:00.005
1746691200001,-8.066e-05,2025-05-08 08:00:00.001
1746705600000,-0.00020692,2025-05-08 12:00:00.000
1746720000002,-0.00025845,2025-05-08 16:00:00.002
1746734400006,-0.00011222,2025-05-08 20:00:00.006
1746748800001,-0.00022877,2025-05-09 00:00:00.001
1746763200000,-0.00015014,2025-05-09 04:00:00.000
1746777600006,-7.63e-06,2025-05-09 08:00:00.006
1746792000000,5e-05,2025-05-09 12:00:00.000
1746806400000,5e-05,2025-05-09 16:00:00.000
1746820800000,5e-05,2025-05-09 20:00:00.000
1746835200001,5e-05,2025-05-10 00:00:00.001
1746849600003,4.87e-06,2025-05-10 04:00:00.003
1746864000000,-2.716e-05,2025-05-10 08:00:00.000
1746878400000,-7.83e-05,2025-05-10 12:00:00.000
1746892800001,-0.00024375,2025-05-10 16:00:00.001
1746907200000,-0.00017515,2025-05-10 20:00:00.000
1746921600000,-0.00011367,2025-05-11 00:00:00.000
1746936000000,-1.082e-05,2025-05-11 04:00:00.000
1746950400001,-9.015e-05,2025-05-11 08:00:00.001
1746964800001,-5.122e-05,2025-05-11 12:00:00.001
1746979200001,-1.9e-05,2025-05-11 16:00:00.001
1746993600000,-6.378e-05,2025-05-11 20:00:00.000
1747008000004,5e-05,2025-05-12 00:00:00.004
1747022400003,5e-05,2025-05-12 04:00:00.003
1747036800000,5e-05,2025-05-12 08:00:00.000
1747051200000,-0.00010506,2025-05-12 12:00:00.000
1747065600000,-5.537e-05,2025-05-12 16:00:00.000
1747080000004,-0.00010047,2025-05-12 20:00:00.004
1747094400000,3.915e-05,2025-05-13 00:00:00.000
1747108800000,-0.00032609,2025-05-13 04:00:00.000
1747123200008,-0.0001771,2025-05-13 08:00:00.008
1747137600000,-5.409e-05,2025-05-13 12:00:00.000
1747152000001,-0.00030776,2025-05-13 16:00:00.001
1747166400006,-0.00046061,2025-05-13 20:00:00.006
1747180800007,-0.00039955,2025-05-14 00:00:00.007
1747195200000,-0.00029753,2025-05-14 04:00:00.000
1747209600000,-0.00046206,2025-05-14 08:00:00.000
1747224000000,-0.00041028,2025-05-14 12:00:00.000
1747238400002,-0.00063024,2025-05-14 16:00:00.002
1747252800007,-0.0004893,2025-05-14 20:00:00.007
1747267200000,-0.00038245,2025-05-15 00:00:00.000
1747281600000,-0.00042353,2025-05-15 04:00:00.000
1747296000003,-0.00059646,2025-05-15 08:00:00.003
1747310400000,-0.00048003,2025-05-15 12:00:00.000
1747324800000,-0.00042988,2025-05-15 16:00:00.000
1747339200001,-0.00054892,2025-05-15 20:00:00.001
1747353600001,-0.00055185,2025-05-16 00:00:00.001
1747368000001,-0.00047765,2025-05-16 04:00:00.001
1747382400000,-0.00018794,2025-05-16 08:00:00.000
1747396800006,-0.00029265,2025-05-16 12:00:00.006
1747411200000,-0.00033427,2025-05-16 16:00:00.000
1747425600002,-0.00011792,2025-05-16 20:00:00.002
1747440000000,-0.00021116,2025-05-17 00:00:00.000
1747454400000,-0.00029164,2025-05-17 04:00:00.000
1747468800001,-0.00032188,2025-05-17 08:00:00.001
1747483200002,-0.00032845,2025-05-17 12:00:00.002
1747497600004,-0.00027826,2025-05-17 16:00:00.004
1747512000003,-0.00037906,2025-05-17 20:00:00.003
1747526400000,-0.00026985,2025-05-18 00:00:00.000
1747540800003,-0.00021309,2025-05-18 04:00:00.003
1747555200000,-0.00032064,2025-05-18 08:00:00.000
1747569600010,-0.00034803,2025-05-18 12:00:00.010
1747584000000,-0.0003321,2025-05-18 16:00:00.000
1747598400001,-0.00036194,2025-05-18 20:00:00.001
1747612800000,-0.00010184,2025-05-19 00:00:00.000
1747627200004,-0.00037175,2025-05-19 04:00:00.004
1747641600006,-0.00025563,2025-05-19 08:00:00.006
1747656000000,-0.00033944,2025-05-19 12:00:00.000
1747670400010,-0.00022435,2025-05-19 16:00:00.010
1747684800000,-0.00024494,2025-05-19 20:00:00.000
1747699200000,-0.0005911,2025-05-20 00:00:00.000
1747713600000,-0.00018437,2025-05-20 04:00:00.000
1747728000002,-0.00019444,2025-05-20 08:00:00.002
1747742400003,-0.00021349,2025-05-20 12:00:00.003
1747756800000,-0.00017426,2025-05-20 16:00:00.000
1747771200000,-0.00027241,2025-05-20 20:00:00.000
1747785600000,-0.0005668,2025-05-21 00:00:00.000
1747800000000,-0.00037009,2025-05-21 04:00:00.000
1747814400001,-0.00019424,2025-05-21 08:00:00.001
1747828800007,-0.00013583,2025-05-21 12:00:00.007
1747843200004,-9.33e-05,2025-05-21 16:00:00.004
1747857600001,-0.00022144,2025-05-21 20:00:00.001
1747872000001,-0.00017161,2025-05-22 00:00:00.001
1747886400000,-0.00013669,2025-05-22 04:00:00.000
1747900800000,-2.122e-05,2025-05-22 08:00:00.000
1747915200000,-7.261e-05,2025-05-22 12:00:00.000
1747929600002,5.56e-06,2025-05-22 16:00:00.002
1747944000001,1.89e-06,2025-05-22 20:00:00.001
1747958400006,3.299e-05,2025-05-23 00:00:00.006
1747972800000,5e-05,2025-05-23 04:00:00.000
1747987200000,5e-05,2025-05-23 08:00:00.000
1748001600003,-3.752e-05,2025-05-23 12:00:00.003
1748016000007,1.942e-05,2025-05-23 16:00:00.007
1748030400006,-7.095e-05,2025-05-23 20:00:00.006
1748044800010,-0.00016483,2025-05-24 00:00:00.010
1748059200000,-9.781e-05,2025-05-24 04:00:00.000
1748073600000,-6.593e-05,2025-05-24 08:00:00.000
1748088000007,-3.955e-05,2025-05-24 12:00:00.007
1748102400003,8.54e-06,2025-05-24 16:00:00.003
1748116800000,-7.573e-05,2025-05-24 20:00:00.000
1748131200004,-0.00014124,2025-05-25 00:00:00.004
1748145600001,-0.00022391,2025-05-25 04:00:00.001
1748160000000,-0.00018065,2025-05-25 08:00:00.000
1748174400000,-0.0002868,2025-05-25 12:00:00.000
1748188800000,-0.00022408,2025-05-25 16:00:00.000
1748203200010,-0.00026536,2025-05-25 20:00:00.010
1748217600000,-0.00010454,2025-05-26 00:00:00.000
1748232000000,-0.00017698,2025-05-26 04:00:00.000
1748246400000,-0.00019735,2025-05-26 08:00:00.000
1748260800000,-0.0001177,2025-05-26 12:00:00.000
1748275200002,-0.00026186,2025-05-26 16:00:00.002
1748289600000,-0.00010964,2025-05-26 20:00:00.000
1748304000003,-0.00013784,2025-05-27 00:00:00.003
1748318400000,-0.00010281,2025-05-27 04:00:00.000
1748332800001,-7.587e-05,2025-05-27 08:00:00.001
1748347200005,-4.119e-05,2025-05-27 12:00:00.005
1748361600005,-0.00028888,2025-05-27 16:00:00.005
1748376000005,-0.00013028,2025-05-27 20:00:00.005
1748390400002,-4.246e-05,2025-05-28 00:00:00.002
1748404800010,-4.523e-05,2025-05-28 04:00:00.010
1748419200003,-0.00013016,2025-05-28 08:00:00.003
1748433600000,-8.976e-05,2025-05-28 12:00:00.000
1748448000002,-0.00017482,2025-05-28 16:00:00.002
1748462400000,-0.00019413,2025-05-28 20:00:00.000
1748476800000,-4.337e-05,2025-05-29 00:00:00.000
1748491200000,3.24e-06,2025-05-29 04:00:00.000
1748505600006,-5.336e-05,2025-05-29 08:00:00.006
1748520000001,-2.57e-05,2025-05-29 12:00:00.001
1748534400000,-0.00035148,2025-05-29 16:00:00.000
1748548800010,-0.00022157,2025-05-29 20:00:00.010
1748563200003,-0.0003403,2025-05-30 00:00:00.003
1748577600000,-0.00059646,2025-05-30 04:00:00.000
1748592000003,-0.0004516,2025-05-30 08:00:00.003
1748606400006,-0.00015513,2025-05-30 12:00:00.006
1748620800000,-0.00018762,2025-05-30 16:00:00.000
1748635200005,-0.00031048,2025-05-30 20:00:00.005
1748649600000,-0.00030775,2025-05-31 00:00:00.000
1748664000004,-0.00043286,2025-05-31 04:00:00.004
1748678400000,-0.00029165,2025-05-31 08:00:00.000
1748692800000,-0.00022553,2025-05-31 12:00:00.000
1748707200000,-0.00034705,2025-05-31 16:00:00.000
1748721600004,-0.00023619,2025-05-31 20:00:00.004
1748736000001,-0.00035949,2025-06-01 00:00:00.001
1748750400001,-0.0002571,2025-06-01 04:00:00.001
1748764800002,-0.00018978,2025-06-01 08:00:00.002
1748779200008,-0.00022592,2025-06-01 12:00:00.008
1748793600000,-0.0001811,2025-06-01 16:00:00.000
1748808000003,-0.00018518,2025-06-01 20:00:00.003
1748822400001,-0.00017525,2025-06-02 00:00:00.001
1748836800004,-0.0002769,2025-06-02 04:00:00.004
1748851200000,-0.0001994,2025-06-02 08:00:00.000
1748865600002,-0.00014252,2025-06-02 12:00:00.002
1748880000000,-0.00032764,2025-06-02 16:00:00.000
1748894400002,-0.00037576,2025-06-02 20:00:00.002
1748908800000,-0.00029552,2025-06-03 00:00:00.000
1748923200001,-0.00026861,2025-06-03 04:00:00.001
1748937600000,-0.00030493,2025-06-03 08:00:00.000
1748952000000,-0.00036509,2025-06-03 12:00:00.000
1748966400001,-0.00030408,2025-06-03 16:00:00.001
1748980800000,-0.00031463,2025-06-03 20:00:00.000
1748995200000,-0.00040947,2025-06-04 00:00:00.000
1749009600001,-0.00028951,2025-06-04 04:00:00.001
1749024000000,-0.00033582,2025-06-04 08:00:00.000
1749038400000,-0.00024222,2025-06-04 12:00:00.000
1749052800000,-0.00019449,2025-06-04 16:00:00.000
1749067200001,-0.00026362,2025-06-04 20:00:00.001
1749081600016,-0.00016957,2025-06-05 00:00:00.016
1749096000001,-0.00026736,2025-06-05 04:00:00.001
1749110400000,-0.00018515,2025-06-05 08:00:00.000
1749124800003,-0.00024906,2025-06-05 12:00:00.003
1749139200000,-0.00019219,2025-06-05 16:00:00.000
1749153600002,-0.0002214,2025-06-05 20:00:00.002
1749168000002,-0.00019635,2025-06-06 00:00:00.002
1749182400000,-0.00026712,2025-06-06 04:00:00.000
1749196800000,-0.00032593,2025-06-06 08:00:00.000
1749211200002,-0.00025397,2025-06-06 12:00:00.002
1749225600006,-0.00021507,2025-06-06 16:00:00.006
1749240000000,-7.497e-05,2025-06-06 20:00:00.000
1749254400000,-7.739e-05,2025-06-07 00:00:00.000
1749268800000,-0.00013793,2025-06-07 04:00:00.000
1749283200000,-0.00020325,2025-06-07 08:00:00.000
1749297600000,-0.00020316,2025-06-07 12:00:00.000
1749312000002,-0.00010121,2025-06-07 16:00:00.002
1749326400002,-0.00012727,2025-06-07 20:00:00.002
1749340800000,-0.00018434,2025-06-08 00:00:00.000
1749355200000,-7.844e-05,2025-06-08 04:00:00.000
1749369600000,-0.00029806,2025-06-08 08:00:00.000
1749384000020,-7.494e-05,2025-06-08 12:00:00.020
1749398400000,-9.022e-05,2025-06-08 16:00:00.000
1749412800001,-0.00027587,2025-06-08 20:00:00.001
1749427200000,-0.00025653,2025-06-09 00:00:00.000
1749441600003,-0.00011822,2025-06-09 04:00:00.003
1749456000001,-0.00033022,2025-06-09 08:00:00.001
1749470400000,-0.00036372,2025-06-09 12:00:00.000
1749484800001,-0.00021849,2025-06-09 16:00:00.001
1749499200012,-0.00012121,2025-06-09 20:00:00.012
1749513600000,-0.00016036,2025-06-10 00:00:00.000
1749528000000,-0.00013919,2025-06-10 04:00:00.000
1749542400001,-4.537e-05,2025-06-10 08:00:00.001
1749556800005,-0.00020278,2025-06-10 12:00:00.005
1749571200003,-6.143e-05,2025-06-10 16:00:00.003
1749585600010,-0.0002136,2025-06-10 20:00:00.010
1749600000000,-0.00013273,2025-06-11 00:00:00.000
1749614400006,-0.000201,2025-06-11 04:00:00.006
1749628800000,-0.00035904,2025-06-11 08:00:00.000
1749643200007,-0.00013618,2025-06-11 12:00:00.007
1749657600010,-0.00010232,2025-06-11 16:00:00.010
1749672000012,-0.00020718,2025-06-11 20:00:00.012
1749686400002,-0.00021085,2025-06-12 00:00:00.002
1749700800000,-0.0002279,2025-06-12 04:00:00.000
1749715200003,-0.00026755,2025-06-12 08:00:00.003
1749729600001,-0.00026909,2025-06-12 12:00:00.001
1749744000001,-0.00035874,2025-06-12 16:00:00.001
1749758400003,-0.00049501,2025-06-12 20:00:00.003
1749772800000,-0.00038917,2025-06-13 00:00:00.000
1749787200002,-0.00044186,2025-06-13 04:00:00.002
1749801600001,-0.00044725,2025-06-13 08:00:00.001
1749816000000,-0.00039453,2025-06-13 12:00:00.000
1749830400004,-0.00047052,2025-06-13 16:00:00.004
1749844800001,-0.00043845,2025-06-13 20:00:00.001
1749859200000,-0.0003668,2025-06-14 00:00:00.000
1749873600000,-0.00041851,2025-06-14 04:00:00.000
1749888000000,-0.0005145,2025-06-14 08:00:00.000
1749902400007,-0.00040815,2025-06-14 12:00:00.007
1749916800000,-0.00027893,2025-06-14 16:00:00.000
1749931200005,-0.00010637,2025-06-14 20:00:00.005
1749945600005,-0.00018619,2025-06-15 00:00:00.005
1749960000004,-0.00024172,2025-06-15 04:00:00.004
1749974400009,-0.00032122,2025-06-15 08:00:00.009
1749988800000,-0.00025261,2025-06-15 12:00:00.000
1750003200000,-0.00033587,2025-06-15 16:00:00.000
1750017600000,-0.00030278,2025-06-15 20:00:00.000
1750032000000,-0.00013306,2025-06-16 00:00:00.000
1750046400009,-0.00020638,2025-06-16 04:00:00.009
1750060800000,-0.00017326,2025-06-16 08:00:00.000
1750075200000,-0.00030615,2025-06-16 12:00:00.000
1750089600003,-0.00019201,2025-06-16 16:00:00.003
1750104000000,-0.000288,2025-06-16 20:00:00.000
1750118400000,-0.00027685,2025-06-17 00:00:00.000
1750132800000,-0.00033462,2025-06-17 04:00:00.000
1750147200006,-0.00029802,2025-06-17 08:00:00.006
1750161600001,-0.0002017,2025-06-17 12:00:00.001
1750176000001,-0.00027028,2025-06-17 16:00:00.001
1750190400000,-0.00024158,2025-06-17 20:00:00.000
1750204800001,-0.00010344,2025-06-18 00:00:00.001
1750219200001,-0.00034759,2025-06-18 04:00:00.001
1750233600001,-0.00030244,2025-06-18 08:00:00.001
1750248000003,-0.0002747,2025-06-18 12:00:00.003
1750262400001,-0.00037733,2025-06-18 16:00:00.001
1750276800000,-0.00037324,2025-06-18 20:00:00.000
1750291200005,-0.00037066,2025-06-19 00:00:00.005
1750305600005,-0.00049027,2025-06-19 04:00:00.005
1750320000003,-0.00029091,2025-06-19 08:00:00.003
1750334400000,-0.00034807,2025-06-19 12:00:00.000
1750348800000,-0.00056074,2025-06-19 16:00:00.000
1750363200000,-0.00053561,2025-06-19 20:00:00.000
1750377600000,-0.00027629,2025-06-20 00:00:00.000
1750392000017,-0.00029455,2025-06-20 04:00:00.017
1750406400002,-0.00020997,2025-06-20 08:00:00.002
1750420800002,-0.00023026,2025-06-20 12:00:00.002
1750435200001,-0.00036969,2025-06-20 16:00:00.001
1750449600000,-0.00041566,2025-06-20 20:00:00.000
1750464000002,-0.00030664,2025-06-21 00:00:00.002
1750478400003,-0.00024457,2025-06-21 04:00:00.003
1750492800005,-0.00025998,2025-06-21 08:00:00.005
1750507200000,-0.00024835,2025-06-21 12:00:00.000
1750521600000,-0.00033638,2025-06-21 16:00:00.000
1750536000002,-0.00047645,2025-06-21 20:00:00.002
1750550400005,-0.00028612,2025-06-22 00:00:00.005
1750564800000,-0.00041571,2025-06-22 04:00:00.000
1750579200000,-0.00018017,2025-06-22 08:00:00.000
1750593600003,-0.00040485,2025-06-22 12:00:00.003
1750608000003,-0.00023222,2025-06-22 16:00:00.003
1750622400005,-0.00019149,2025-06-22 20:00:00.005
1750636800000,-0.00055303,2025-06-23 00:00:00.000
1750651200007,-0.0003373,2025-06-23 04:00:00.007
1750665600004,-0.00036148,2025-06-23 08:00:00.004
1750680000001,-0.00063261,2025-06-23 12:00:00.001
1750694400013,-0.00030244,2025-06-23 16:00:00.013
1750708800000,-0.00014796,2025-06-23 20:00:00.000
1750723200003,-0.00031514,2025-06-24 00:00:00.003
1750737600001,-0.00039491,2025-06-24 04:00:00.001
1750752000000,-0.00040528,2025-06-24 08:00:00.000
1750766400001,-0.00029658,2025-06-24 12:00:00.001
1750780800000,-0.00020273,2025-06-24 16:00:00.000
1750795200000,-0.00025506,2025-06-24 20:00:00.000
1750809600005,-0.00022645,2025-06-25 00:00:00.005
1750824000000,-0.00020951,2025-06-25 04:00:00.000
1750838400000,-0.00034624,2025-06-25 08:00:00.000
1750852800003,-0.0003987,2025-06-25 12:00:00.003
1750867200005,-0.00037678,2025-06-25 16:00:00.005
1750881600002,-0.00040785,2025-06-25 20:00:00.002
1750896000000,-0.00035403,2025-06-26 00:00:00.000
1750910400000,-0.00050613,2025-06-26 04:00:00.000
1750924800006,-0.00031906,2025-06-26 08:00:00.006
1750939200005,-0.00028993,2025-06-26 12:00:00.005
1750953600007,-0.00016205,2025-06-26 16:00:00.007
1750968000000,-0.00023699,2025-06-26 20:00:00.000
1750982400000,-9.974e-05,2025-06-27 00:00:00.000
1750996800001,-7.301e-05,2025-06-27 04:00:00.001
1751011200000,-0.00030706,2025-06-27 08:00:00.000
1751025600003,-0.00033798,2025-06-27 12:00:00.003
1751040000009,-0.00017668,2025-06-27 16:00:00.009
1751054400002,-0.00031549,2025-06-27 20:00:00.002
1751068800001,-0.00016483,2025-06-28 00:00:00.001
1751083200000,-0.00034426,2025-06-28 04:00:00.000
1751097600002,-0.00025165,2025-06-28 08:00:00.002
1751112000000,-0.00021604,2025-06-28 12:00:00.000
1751126400000,-0.00024906,2025-06-28 16:00:00.000
1751140800007,-0.00030254,2025-06-28 20:00:00.007
1751155200004,-0.00020255,2025-06-29 00:00:00.004
1751169600003,-0.00030613,2025-06-29 04:00:00.003
1751184000001,-0.00013877,2025-06-29 08:00:00.001
1751198400003,-0.0003564,2025-06-29 12:00:00.003
1751212800001,-0.000204,2025-06-29 16:00:00.001
1751227200003,-0.00027344,2025-06-29 20:00:00.003
1751241600000,-0.00032086,2025-06-30 00:00:00.000
1751256000003,-0.00016282,2025-06-30 04:00:00.003
1751270400005,-0.00010589,2025-06-30 08:00:00.005
1751284800000,-0.00033764,2025-06-30 12:00:00.000
1751299200002,-0.0004238,2025-06-30 16:00:00.002
1751313600000,-0.00059194,2025-06-30 20:00:00.000
1751328000007,-0.00053874,2025-07-01 00:00:00.007
1751342400000,-0.00041,2025-07-01 04:00:00.000
1751356800002,-0.00040989,2025-07-01 08:00:00.002
1751371200000,-0.00035393,2025-07-01 12:00:00.000
1751385600000,-0.00030165,2025-07-01 16:00:00.000
1751400000000,-0.00042771,2025-07-01 20:00:00.000
1751414400001,-0.00033384,2025-07-02 00:00:00.001
1751428800001,-0.00035229,2025-07-02 04:00:00.001
1751443200000,-0.00028371,2025-07-02 08:00:00.000
1751457600001,-0.00026969,2025-07-02 12:00:00.001
1751472000003,-0.0002469,2025-07-02 16:00:00.003
1751486400000,-0.00040565,2025-07-02 20:00:00.000
1751500800006,-0.00027524,2025-07-03 00:00:00.006
1751515200002,-0.00049055,2025-07-03 04:00:00.002
1751529600003,-0.00042965,2025-07-03 08:00:00.003
1751544000001,-0.00046907,2025-07-03 12:00:00.001
1751558400003,-0.00045214,2025-07-03 16:00:00.003
1751572800000,-0.00041894,2025-07-03 20:00:00.000
1751587200005,-0.00029903,2025-07-04 00:00:00.005
1751601600002,-0.0004683,2025-07-04 04:00:00.002
1751616000003,-0.00047517,2025-07-04 08:00:00.003
1751630400000,-0.00037226,2025-07-04 12:00:00.000
1751644800001,-0.00031983,2025-07-04 16:00:00.001
1751659200000,-0.00035197,2025-07-04 20:00:00.000
1751673600004,-0.00013275,2025-07-05 00:00:00.004
1751688000005,-8.53e-05,2025-07-05 04:00:00.005
1751702400009,-0.00022706,2025-07-05 08:00:00.009
1751716800000,-0.00013476,2025-07-05 12:00:00.000
1751731200006,-0.00013697,2025-07-05 16:00:00.006
1751745600000,-0.00010116,2025-07-05 20:00:00.000
1751760000001,-0.00026849,2025-07-06 00:00:00.001
1751774400000,-0.00029354,2025-07-06 04:00:00.000
1751788800002,-0.00023302,2025-07-06 08:00:00.002
1751803200001,-0.00025161,2025-07-06 12:00:00.001
1751817600004,-0.00036403,2025-07-06 16:00:00.004
1751832000006,-0.00024085,2025-07-06 20:00:00.006
1751846400000,-0.00043616,2025-07-07 00:00:00.000
1751860800000,-0.0002178,2025-07-07 04:00:00.000
1751875200007,-8.631e-05,2025-07-07 08:00:00.007
1751889600000,-0.00022751,2025-07-07 12:00:00.000
1751904000000,-0.00014816,2025-07-07 16:00:00.000
1751918400013,-0.00027335,2025-07-07 20:00:00.013
1751932800010,-0.00015009,2025-07-08 00:00:00.010
1751947200000,-0.00013322,2025-07-08 04:00:00.000
1751961600003,-0.00017691,2025-07-08 08:00:00.003
1751976000004,-0.00019954,2025-07-08 12:00:00.004
1751990400000,-0.00019379,2025-07-08 16:00:00.000
1752004800002,-0.00022224,2025-07-08 20:00:00.002
1752019200002,-0.00041118,2025-07-09 00:00:00.002
1752033600010,-0.00030386,2025-07-09 04:00:00.010
1752048000006,-0.00018288,2025-07-09 08:00:00.006
1752062400000,-0.00039587,2025-07-09 12:00:00.000
1752076800001,-0.00041331,2025-07-09 16:00:00.001
1752091200007,-0.00021926,2025-07-09 20:00:00.007
1752105600003,-0.0002271,2025-07-10 00:00:00.003
1752120000001,-0.00015203,2025-07-10 04:00:00.001
1752134400000,-0.000412,2025-07-10 08:00:00.000
1752148800001,-2.565e-05,2025-07-10 12:00:00.001
1752163200004,5e-05,2025-07-10 16:00:00.004
1752177600000,5e-05,2025-07-10 20:00:00.000
1752192000004,-9.979e-05,2025-07-11 00:00:00.004
1752206400001,-0.00016499,2025-07-11 04:00:00.001
1752220800007,6.82e-06,2025-07-11 08:00:00.007
1752235200000,5e-05,2025-07-11 12:00:00.000
1752249600001,-4.957e-05,2025-07-11 16:00:00.001
1752264000006,-1.658e-05,2025-07-11 20:00:00.006
1752278400000,-5.752e-05,2025-07-12 00:00:00.000
1752292800005,-5.064e-05,2025-07-12 04:00:00.005
1752307200001,-0.00010614,2025-07-12 08:00:00.001
1752321600007,-0.00018545,2025-07-12 12:00:00.007
1752336000002,-0.00033814,2025-07-12 16:00:00.002
1752350400003,-0.00027344,2025-07-12 20:00:00.003
1752364800006,-0.00019341,2025-07-13 00:00:00.006
1752379200001,-0.00041201,2025-07-13 04:00:00.001
1752393600001,-0.00041555,2025-07-13 08:00:00.001
1752408000003,-0.00030588,2025-07-13 12:00:00.003
1752422400003,-0.00018173,2025-07-13 16:00:00.003
1752436800008,-0.00028171,2025-07-13 20:00:00.008
1752451200000,-0.00012947,2025-07-14 00:00:00.000
1752465600000,-0.00015947,2025-07-14 04:00:00.000
1752480000000,-6.282e-05,2025-07-14 08:00:00.000
1752494400001,-8.165e-05,2025-07-14 12:00:00.001
1752508800000,-0.00015112,2025-07-14 16:00:00.000
1752523200003,-0.00011845,2025-07-14 20:00:00.003
1752537600002,-0.00013261,2025-07-15 00:00:00.002
1752552000008,-0.00011113,2025-07-15 04:00:00.008
1752566400000,-0.00013678,2025-07-15 08:00:00.000
1752580800000,-0.00011153,2025-07-15 12:00:00.000
1752595200000,-0.00011534,2025-07-15 16:00:00.000
1752609600005,-5.889e-05,2025-07-15 20:00:00.005
1752624000000,8.46e-06,2025-07-16 00:00:00.000
1752638400000,-0.00010069,2025-07-16 04:00:00.000
1752652800000,-5.356e-05,2025-07-16 08:00:00.000
1752667200005,-0.00012772,2025-07-16 12:00:00.005
1752681600008,-0.00019342,2025-07-16 16:00:00.008
1752696000000,-0.00017269,2025-07-16 20:00:00.000
1752710400003,-5.717e-05,2025-07-17 00:00:00.003
1752724800000,-0.00026999,2025-07-17 04:00:00.000
1752739200000,-0.0002199,2025-07-17 08:00:00.000
1752753600000,-0.00027906,2025-07-17 12:00:00.000
1752768000000,-0.00015946,2025-07-17 16:00:00.000
1752782400000,-0.00017108,2025-07-17 20:00:00.000
1752796800004,-0.0001351,2025-07-18 00:00:00.004
1752811200000,2.774e-05,2025-07-18 04:00:00.000
1752825600000,-2.345e-05,2025-07-18 08:00:00.000
1752840000000,-0.00031987,2025-07-18 12:00:00.000
1752854400000,-0.00033638,2025-07-18 16:00:00.000
1752868800010,-0.00033599,2025-07-18 20:00:00.010
1752883200009,-0.00015012,2025-07-19 00:00:00.009
1752897600000,-0.00018408,2025-07-19 04:00:00.000
1752912000000,-0.00031853,2025-07-19 08:00:00.000
1752926400000,-0.0003074,2025-07-19 12:00:00.000
1752940800002,-0.00010246,2025-07-19 16:00:00.002
1752955200002,-0.00011922,2025-07-19 20:00:00.002
1752969600000,-9.29e-05,2025-07-20 00:00:00.000
1752984000007,-1.128e-05,2025-07-20 04:00:00.007
1752998400000,-1.216e-05,2025-07-20 08:00:00.000
1753012800003,-1.474e-05,2025-07-20 12:00:00.003
1753027200000,5e-05,2025-07-20 16:00:00.000
1753041600013,5e-05,2025-07-20 20:00:00.013
1753056000001,5e-05,2025-07-21 00:00:00.001
1753070400001,5e-05,2025-07-21 04:00:00.001
1753084800000,5e-05,2025-07-21 08:00:00.000
1753099200001,5e-05,2025-07-21 12:00:00.001
1753113600001,5e-05,2025-07-21 16:00:00.001
1753128000003,5e-05,2025-07-21 20:00:00.003
1753142400000,-2.495e-05,2025-07-22 00:00:00.000
1753156800001,5e-05,2025-07-22 04:00:00.001
1753171200010,-3.154e-05,2025-07-22 08:00:00.010
1753185600001,5e-05,2025-07-22 12:00:00.001
1753200000007,4.716e-05,2025-07-22 16:00:00.007
1753214400001,5e-05,2025-07-22 20:00:00.001
1753228800000,5e-05,2025-07-23 00:00:00.000
1753243200010,5e-05,2025-07-23 04:00:00.010
1753257600004,5e-05,2025-07-23 08:00:00.004
1753272000002,-0.00032537,2025-07-23 12:00:00.002
1753286400002,-0.00039744,2025-07-23 16:00:00.002
1753300800005,-0.00017015,2025-07-23 20:00:00.005
1753315200000,-0.00017105,2025-07-24 00:00:00.000
1753329600001,-0.00013621,2025-07-24 04:00:00.001
1753344000001,-0.0004029,2025-07-24 08:00:00.001
1753358400000,-0.00034119,2025-07-24 12:00:00.000
1753372800000,-0.00032627,2025-07-24 16:00:00.000
1753387200001,-0.00027668,2025-07-24 20:00:00.001
1753401600000,-0.0002198,2025-07-25 00:00:00.000
1753416000001,-0.00028692,2025-07-25 04:00:00.001
1753430400000,-0.00025591,2025-07-25 08:00:00.000
1753444800000,-0.00017584,2025-07-25 12:00:00.000
1753459200000,-0.00013054,2025-07-25 16:00:00.000
1753473600000,-0.00011257,2025-07-25 20:00:00.000
1753488000001,-0.00010123,2025-07-26 00:00:00.001
1753502400001,-6.475e-05,2025-07-26 04:00:00.001
1753516800005,-0.00015559,2025-07-26 08:00:00.005
1753531200004,-0.00027374,2025-07-26 12:00:00.004
1753545600001,-0.00021255,2025-07-26 16:00:00.001
1753560000000,-0.00021773,2025-07-26 20:00:00.000
1753574400001,-0.00013569,2025-07-27 00:00:00.001
1753588800000,-0.00025026,2025-07-27 04:00:00.000
1753603200000,-0.0001407,2025-07-27 08:00:00.000
1753617600000,-0.00011109,2025-07-27 12:00:00.000
1753632000008,-2.397e-05,2025-07-27 16:00:00.008
1753646400002,-0.00011977,2025-07-27 20:00:00.002
1753660800005,-3.047e-05,2025-07-28 00:00:00.005
1753675200001,-0.00010895,2025-07-28 04:00:00.001
1753689600000,-6.747e-05,2025-07-28 08:00:00.000
1753704000000,-7.695e-05,2025-07-28 12:00:00.000
1753718400000,-0.00013245,2025-07-28 16:00:00.000
1753732800005,-0.00023023,2025-07-28 20:00:00.005
1753747200001,-0.00033747,2025-07-29 00:00:00.001
1753761600001,-0.00021028,2025-07-29 04:00:00.001
1753776000000,-0.00012012,2025-07-29 08:00:00.000
1753790400001,-0.00010182,2025-07-29 12:00:00.001
1753804800000,-0.00021291,2025-07-29 16:00:00.000
1753819200000,-0.00014559,2025-07-29 20:00:00.000
1753833600011,3.085e-05,2025-07-30 00:00:00.011
1753848000000,-0.00010093,2025-07-30 04:00:00.000
1753862400000,-0.00017762,2025-07-30 08:00:00.000
1753876800003,-0.00021246,2025-07-30 12:00:00.003
1753891200008,-0.00014873,2025-07-30 16:00:00.008
1753905600000,-5.671e-05,2025-07-30 20:00:00.000
1753920000000,1.18e-06,2025-07-31 00:00:00.000
1753934400010,-0.00016638,2025-07-31 04:00:00.010
1753948800009,-5.78e-05,2025-07-31 08:00:00.009
1753963200003,-4.082e-05,2025-07-31 12:00:00.003
1753977600000,-0.00020859,2025-07-31 16:00:00.000
1753992000000,-0.00020633,2025-07-31 20:00:00.000
1754006400001,1.492e-05,2025-08-01 00:00:00.001
1754020800000,-7.354e-05,2025-08-01 04:00:00.000
1754035200003,-0.00013591,2025-08-01 08:00:00.003
1754049600001,-0.00019585,2025-08-01 12:00:00.001
1754064000000,-0.00014747,2025-08-01 16:00:00.000
1754078400004,-0.0001022,2025-08-01 20:00:00.004
1754092800004,-0.00013406,2025-08-02 00:00:00.004
1754107200000,-0.00019949,2025-08-02 04:00:00.000
1754121600000,-9.634e-05,2025-08-02 08:00:00.000
1754136000005,-0.00017529,2025-08-02 12:00:00.005
1754150400000,-0.00011555,2025-08-02 16:00:00.000
1754164800001,-4.635e-05,2025-08-02 20:00:00.001
1754179200000,-7.219e-05,2025-08-03 00:00:00.000
1754193600000,-5.533e-05,2025-08-03 04:00:00.000
1754208000000,-0.00015823,2025-08-03 08:00:00.000
1754222400001,-0.00026589,2025-08-03 12:00:00.001
1754236800003,-0.00018235,2025-08-03 16:00:00.003
1754251200002,-9.708e-05,2025-08-03 20:00:00.002
1754265600004,-9.462e-05,2025-08-04 00:00:00.004
1754280000000,-0.00012002,2025-08-04 04:00:00.000
1754294400000,-1.079e-05,2025-08-04 08:00:00.000
1754308800006,-0.00016575,2025-08-04 12:00:00.006
1754323200002,-0.00020766,2025-08-04 16:00:00.002
1754337600007,-0.00023052,2025-08-04 20:00:00.007
1754352000000,7.6e-07,2025-08-05 00:00:00.000
1754366400000,-3.1e-05,2025-08-05 04:00:00.000
1754380800000,-0.0001066,2025-08-05 08:00:00.000
1754395200004,3.777e-05,2025-08-05 12:00:00.004
1754409600000,-0.00018487,2025-08-05 16:00:00.000
1754424000003,-0.00011091,2025-08-05 20:00:00.003
1754438400005,-0.00011479,2025-08-06 00:00:00.005
1754452800000,-0.00030932,2025-08-06 04:00:00.000
1754467200000,-8.7e-06,2025-08-06 08:00:00.000
1754481600000,-0.00018548,2025-08-06 12:00:00.000
1754496000000,3.091e-05,2025-08-06 16:00:00.000
1754510400000,4.654e-05,2025-08-06 20:00:00.000
1754524800003,-5.145e-05,2025-08-07 00:00:00.003
1754539200004,-8.658e-05,2025-08-07 04:00:00.004
1754553600002,-0.00012747,2025-08-07 08:00:00.002
1754568000001,5e-05,2025-08-07 12:00:00.001
1754582400002,-3.854e-05,2025-08-07 16:00:00.002
1754596800001,5e-05,2025-08-07 20:00:00.001
1754611200002,5e-05,2025-08-08 00:00:00.002
1754625600010,-1.072e-05,2025-08-08 04:00:00.010
1754640000004,4.014e-05,2025-08-08 08:00:00.004
1754654400003,5e-05,2025-08-08 12:00:00.003
1754668800000,-7.316e-05,2025-08-08 16:00:00.000
1754683200004,-0.00010819,2025-08-08 20:00:00.004
1754697600005,-0.00021387,2025-08-09 00:00:00.005
1754712000015,-5.109e-05,2025-08-09 04:00:00.015
1754726400000,-3.511e-05,2025-08-09 08:00:00.000
1754740800003,-9.933e-05,2025-08-09 12:00:00.003
1754755200007,-3.737e-05,2025-08-09 16:00:00.007
1754769600000,-0.00010529,2025-08-09 20:00:00.000
1754784000003,2.197e-05,2025-08-10 00:00:00.003
1754798400006,-5.501e-05,2025-08-10 04:00:00.006
1754812800005,-5.364e-05,2025-08-10 08:00:00.005
1754827200006,-0.00028775,2025-08-10 12:00:00.006
1754841600002,-7.993e-05,2025-08-10 16:00:00.002
1754856000000,-5.303e-05,2025-08-10 20:00:00.000
1754870400000,5e-05,2025-08-11 00:00:00.000
1754884800000,5e-05,2025-08-11 04:00:00.000
1754899200000,-0.00012173,2025-08-11 08:00:00.000
1754913600000,-0.00047457,2025-08-11 12:00:00.000
1754928000000,-0.00028526,2025-08-11 16:00:00.000
1754942400000,4.642e-05,2025-08-11 20:00:00.000
1754956800000,-0.00010202,2025-08-12 00:00:00.000
1754971200001,-1.559e-05,2025-08-12 04:00:00.001
1754985600001,5e-05,2025-08-12 08:00:00.001
1755000000000,5e-05,2025-08-12 12:00:00.000
1755014400005,-7.61e-05,2025-08-12 16:00:00.005
1755028800000,5e-05,2025-08-12 20:00:00.000
1755043200000,5e-05,2025-08-13 00:00:00.000
1755057600000,5e-05,2025-08-13 04:00:00.000
1755072000002,5e-05,2025-08-13 08:00:00.002
1755086400000,5e-05,2025-08-13 12:00:00.000
1755100800006,5e-05,2025-08-13 16:00:00.006
1755115200001,5e-05,2025-08-13 20:00:00.001
1755129600002,5e-05,2025-08-14 00:00:00.002
1755144000009,5e-05,2025-08-14 04:00:00.009
1755158400003,5e-05,2025-08-14 08:00:00.003
1755172800001,5e-05,2025-08-14 12:00:00.001
1755187200000,-4.439e-05,2025-08-14 16:00:00.000
1755201600002,-0.00016209,2025-08-14 20:00:00.002
1755216000000,-7.194e-05,2025-08-15 00:00:00.000
1755230400000,-0.0001294,2025-08-15 04:00:00.000
1755244800000,-0.00010627,2025-08-15 08:00:00.000
1755259200001,-0.0001176,2025-08-15 12:00:00.001
1755273600000,-1.843e-05,2025-08-15 16:00:00.000
1755288000007,-0.00010015,2025-08-15 20:00:00.007
1755302400004,-8.818e-05,2025-08-16 00:00:00.004
1755316800000,-2.572e-05,2025-08-16 04:00:00.000
1755331200000,4.818e-05,2025-08-16 08:00:00.000
1755345600004,5e-05,2025-08-16 12:00:00.004
1755360000002,-0.00011655,2025-08-16 16:00:00.002
1755374400006,-0.00025943,2025-08-16 20:00:00.006
1755388800000,-8.484e-05,2025-08-17 00:00:00.000
1755403200000,-1.961e-05,2025-08-17 04:00:00.000
1755417600001,-0.00017568,2025-08-17 08:00:00.001
1755432000002,-0.00025393,2025-08-17 12:00:00.002
1755446400007,4.998e-05,2025-08-17 16:00:00.007
1755460800001,5e-05,2025-08-17 20:00:00.001
1755475200000,-8.553e-05,2025-08-18 00:00:00.000
1755489600010,5e-05,2025-08-18 04:00:00.010
1755504000001,5e-05,2025-08-18 08:00:00.001
1755518400002,5e-05,2025-08-18 12:00:00.002
1755532800002,5e-05,2025-08-18 16:00:00.002
1755547200007,5e-05,2025-08-18 20:00:00.007
1755561600000,5e-05,2025-08-19 00:00:00.000
1755576000000,5e-05,2025-08-19 04:00:00.000
1755590400001,5e-05,2025-08-19 08:00:00.001
1755604800001,5e-05,2025-08-19 12:00:00.001
1755619200000,5e-05,2025-08-19 16:00:00.000
1755633600000,5e-05,2025-08-19 20:00:00.000
1755648000000,5e-05,2025-08-20 00:00:00.000
1755662400000,5e-05,2025-08-20 04:00:00.000
1755676800000,5e-05,2025-08-20 08:00:00.000
1755691200002,5e-05,2025-08-20 12:00:00.002
1755705600000,5e-05,2025-08-20 16:00:00.000
1755720000001,5e-05,2025-08-20 20:00:00.001
1755734400006,5e-05,2025-08-21 00:00:00.006
1755748800003,5e-05,2025-08-21 04:00:00.003
1755763200000,5e-05,2025-08-21 08:00:00.000
1755777600009,5e-05,2025-08-21 12:00:00.009
1755792000003,5e-05,2025-08-21 16:00:00.003
1755806400000,5e-05,2025-08-21 20:00:00.000
1755820800010,5e-05,2025-08-22 00:00:00.010
1755835200003,5e-05,2025-08-22 04:00:00.003
1755849600007,5e-05,2025-08-22 08:00:00.007
1755864000001,5e-05,2025-08-22 12:00:00.001
1755878400001,5e-05,2025-08-22 16:00:00.001
1755892800004,5e-05,2025-08-22 20:00:00.004
1755907200004,5e-05,2025-08-23 00:00:00.004
1755921600000,5e-05,2025-08-23 04:00:00.000
1755936000006,5e-05,2025-08-23 08:00:00.006
1755950400000,5e-05,2025-08-23 12:00:00.000
1755964800000,5e-05,2025-08-23 16:00:00.000
1755979200005,5e-05,2025-08-23 20:00:00.005
1755993600001,5e-05,2025-08-24 00:00:00.001
1756008000000,5e-05,2025-08-24 04:00:00.000
1756022400002,5e-05,2025-08-24 08:00:00.002
1756036800003,5e-05,2025-08-24 12:00:00.003
1756051200001,5e-05,2025-08-24 16:00:00.001
1756065600008,5e-05,2025-08-24 20:00:00.008
1756080000000,-1.109e-05,2025-08-25 00:00:00.000
1756094400001,1.289e-05,2025-08-25 04:00:00.001
1756108800002,4.102e-05,2025-08-25 08:00:00.002
1756123200000,5e-05,2025-08-25 12:00:00.000
1756137600002,2.62e-06,2025-08-25 16:00:00.002
1756152000003,-8.849e-05,2025-08-25 20:00:00.003
1756166400000,-0.00013808,2025-08-26 00:00:00.000
1756180800007,-2.32e-05,2025-08-26 04:00:00.007
1756195200000,2.624e-05,2025-08-26 08:00:00.000
1756209600001,5e-05,2025-08-26 12:00:00.001
1756224000000,5e-05,2025-08-26 16:00:00.000
1756238400000,5e-05,2025-08-26 20:00:00.000
1756252800003,5e-05,2025-08-27 00:00:00.003
1756267200000,5e-05,2025-08-27 04:00:00.000
1756281600000,5e-05,2025-08-27 08:00:00.000
1756296000003,5e-05,2025-08-27 12:00:00.003
1756310400009,5e-05,2025-08-27 16:00:00.009
1756324800001,5e-05,2025-08-27 20:00:00.001
1756339200000,5e-05,2025-08-28 00:00:00.000
1756353600000,5e-05,2025-08-28 04:00:00.000
1756368000005,5e-05,2025-08-28 08:00:00.005
1756382400000,5e-05,2025-08-28 12:00:00.000
1756396800004,5e-05,2025-08-28 16:00:00.004
1756411200003,5e-05,2025-08-28 20:00:00.003
1756425600000,5e-05,2025-08-29 00:00:00.000
1756440000008,5e-05,2025-08-29 04:00:00.008
1756454400000,-0.00062786,2025-08-29 08:00:00.000
1756468800010,-5.51e-05,2025-08-29 12:00:00.010
1756483200005,-0.00012404,2025-08-29 16:00:00.005
1756497600000,1.907e-05,2025-08-29 20:00:00.000
1756512000000,5e-05,2025-08-30 00:00:00.000
1756526400000,5e-05,2025-08-30 04:00:00.000
1756540800002,5e-05,2025-08-30 08:00:00.002
1756555200006,5e-05,2025-08-30 12:00:00.006
1756569600003,5e-05,2025-08-30 16:00:00.003
1756584000000,5e-05,2025-08-30 20:00:00.000
1756598400016,5e-05,2025-08-31 00:00:00.016
1756612800000,5e-05,2025-08-31 04:00:00.000
1756627200000,5e-05,2025-08-31 08:00:00.000
1756641600003,5e-05,2025-08-31 12:00:00.003
1756656000001,5e-05,2025-08-31 16:00:00.001
1756670400000,5e-05,2025-08-31 20:00:00.000
1756684800000,5e-05,2025-09-01 00:00:00.000
1756699200005,5e-05,2025-09-01 04:00:00.005
1756713600000,5e-05,2025-09-01 08:00:00.000
1756728000014,5e-05,2025-09-01 12:00:00.014
1756742400001,5e-05,2025-09-01 16:00:00.001
1756756800008,5e-05,2025-09-01 20:00:00.008
1756771200000,5e-05,2025-09-02 00:00:00.000
1756785600009,5e-05,2025-09-02 04:00:00.009
1756800000005,5e-05,2025-09-02 08:00:00.005
1756814400003,5e-05,2025-09-02 12:00:00.003
1756828800007,5e-05,2025-09-02 16:00:00.007
1756843200001,5e-05,2025-09-02 20:00:00.001
1756857600006,5e-05,2025-09-03 00:00:00.006
1756872000003,5e-05,2025-09-03 04:00:00.003
1756886400002,5e-05,2025-09-03 08:00:00.002
1756900800000,5e-05,2025-09-03 12:00:00.000
1756915200002,5e-05,2025-09-03 16:00:00.002
1756929600006,5e-05,2025-09-03 20:00:00.006
1756944000002,5e-05,2025-09-04 00:00:00.002
1756958400000,5e-05,2025-09-04 04:00:00.000
1756972800000,5e-05,2025-09-04 08:00:00.000
1756987200002,5e-05,2025-09-04 12:00:00.002
1757001600000,5e-05,2025-09-04 16:00:00.000
1757016000000,4.848e-05,2025-09-04 20:00:00.000
1757030400001,5e-05,2025-09-05 00:00:00.001
1757044800000,5e-05,2025-09-05 04:00:00.000
1757059200006,5e-05,2025-09-05 08:00:00.006
1757073600001,5e-05,2025-09-05 12:00:00.001
1757088000000,5e-05,2025-09-05 16:00:00.000
1757102400000,5e-05,2025-09-05 20:00:00.000
1757116800000,5e-05,2025-09-06 00:00:00.000
1757131200000,5e-05,2025-09-06 04:00:00.000
1757145600005,5e-05,2025-09-06 08:00:00.005
1757160000000,4.065e-05,2025-09-06 12:00:00.000
1757174400000,5e-05,2025-09-06 16:00:00.000
1757188800001,2.574e-05,2025-09-06 20:00:00.001
1757203200000,5e-05,2025-09-07 00:00:00.000
1757217600008,5e-05,2025-09-07 04:00:00.008
1757232000000,5e-05,2025-09-07 08:00:00.000
1757246400000,5e-05,2025-09-07 12:00:00.000
1757260800000,5e-05,2025-09-07 16:00:00.000
1757275200003,5e-05,2025-09-07 20:00:00.003
1757289600007,5e-05,2025-09-08 00:00:00.007
1757304000008,5e-05,2025-09-08 04:00:00.008
1757318400000,5e-05,2025-09-08 08:00:00.000
1757332800005,5e-05,2025-09-08 12:00:00.005
1757347200000,5e-05,2025-09-08 16:00:00.000
1757361600001,5e-05,2025-09-08 20:00:00.001
1757376000000,5e-05,2025-09-09 00:00:00.000
1757390400000,5e-05,2025-09-09 04:00:00.000
1757404800000,5e-05,2025-09-09 08:00:00.000
1757419200004,5e-05,2025-09-09 12:00:00.004
1757433600000,5e-05,2025-09-09 16:00:00.000
1757448000000,5e-05,2025-09-09 20:00:00.000
1757462400000,5e-05,2025-09-10 00:00:00.000
1757476800001,5e-05,2025-09-10 04:00:00.001
1757491200002,5e-05,2025-09-10 08:00:00.002
1757505600004,5e-05,2025-09-10 12:00:00.004
1757520000000,5e-05,2025-09-10 16:00:00.000
1757534400007,5e-05,2025-09-10 20:00:00.007
1757548800000,5e-05,2025-09-11 00:00:00.000
1757563200003,5e-05,2025-09-11 04:00:00.003
1757577600000,5e-05,2025-09-11 08:00:00.000
1757592000005,5e-05,2025-09-11 12:00:00.005
1757606400001,5e-05,2025-09-11 16:00:00.001
1757620800001,5e-05,2025-09-11 20:00:00.001
1757635200002,5e-05,2025-09-12 00:00:00.002
1757649600004,5e-05,2025-09-12 04:00:00.004
1757664000001,5e-05,2025-09-12 08:00:00.001
1757678400001,5e-05,2025-09-12 12:00:00.001
1757692800005,5e-05,2025-09-12 16:00:00.005
1757707200000,5e-05,2025-09-12 20:00:00.000
1757721600005,5e-05,2025-09-13 00:00:00.005
1757736000002,5e-05,2025-09-13 04:00:00.002
1757750400002,5e-05,2025-09-13 08:00:00.002
1757764800005,5e-05,2025-09-13 12:00:00.005
1757779200000,5e-05,2025-09-13 16:00:00.000
1757793600001,5e-05,2025-09-13 20:00:00.001
1757808000006,5e-05,2025-09-14 00:00:00.006
1757822400001,5e-05,2025-09-14 04:00:00.001
1757836800000,5e-05,2025-09-14 08:00:00.000
1757851200004,5e-05,2025-09-14 12:00:00.004
1757865600001,5e-05,2025-09-14 16:00:00.001
1757880000000,5e-05,2025-09-14 20:00:00.000
1757894400006,5e-05,2025-09-15 00:00:00.006
1757908800000,5e-05,2025-09-15 04:00:00.000
1757923200002,5e-05,2025-09-15 08:00:00.002
1757937600003,5e-05,2025-09-15 12:00:00.003
1757952000001,5e-05,2025-09-15 16:00:00.001
1757966400001,5e-05,2025-09-15 20:00:00.001
1757980800001,5e-05,2025-09-16 00:00:00.001
1757995200000,5e-05,2025-09-16 04:00:00.000
1758009600000,5e-05,2025-09-16 08:00:00.000
1758024000002,5e-05,2025-09-16 12:00:00.002
1758038400000,5e-05,2025-09-16 16:00:00.000
1758052800004,5e-05,2025-09-16 20:00:00.004
1758067200001,5e-05,2025-09-17 00:00:00.001
1758081600004,5e-05,2025-09-17 04:00:00.004
1758096000000,5e-05,2025-09-17 08:00:00.000
1758110400000,5e-05,2025-09-17 12:00:00.000
1758124800003,5e-05,2025-09-17 16:00:00.003
1758139200000,5e-05,2025-09-17 20:00:00.000
1758153600006,5e-05,2025-09-18 00:00:00.006
1758168000001,5e-05,2025-09-18 04:00:00.001
1758182400002,5e-05,2025-09-18 08:00:00.002
1758196800000,5e-05,2025-09-18 12:00:00.000
1758211200000,5e-05,2025-09-18 16:00:00.000
1758225600008,5e-05,2025-09-18 20:00:00.008
1758240000000,5e-05,2025-09-19 00:00:00.000
1758254400003,5e-05,2025-09-19 04:00:00.003
1758268800005,5e-05,2025-09-19 08:00:00.005
1758283200000,5e-05,2025-09-19 12:00:00.000
1758297600000,5e-05,2025-09-19 16:00:00.000
1758312000004,5e-05,2025-09-19 20:00:00.004
1758326400000,5e-05,2025-09-20 00:00:00.000
1758340800000,5e-05,2025-09-20 04:00:00.000
1758355200000,5e-05,2025-09-20 08:00:00.000
1758369600008,5e-05,2025-09-20 12:00:00.008
1758384000002,5e-05,2025-09-20 16:00:00.002
1758398400000,5e-05,2025-09-20 20:00:00.000
1758412800000,5e-05,2025-09-21 00:00:00.000
1758427200002,5e-05,2025-09-21 04:00:00.002
1758441600000,5e-05,2025-09-21 08:00:00.000
1758456000002,5e-05,2025-09-21 12:00:00.002
1758470400000,5e-05,2025-09-21 16:00:00.000
1758484800000,5e-05,2025-09-21 20:00:00.000
1758499200005,5e-05,2025-09-22 00:00:00.005
1758513600000,5e-05,2025-09-22 04:00:00.000
1758528000003,4.508e-05,2025-09-22 08:00:00.003
1758542400005,7.87e-06,2025-09-22 12:00:00.005
1758556800000,2.857e-05,2025-09-22 16:00:00.000
1758571200001,3.428e-05,2025-09-22 20:00:00.001
1758585600000,2.288e-05,2025-09-23 00:00:00.000
1758600000012,2.952e-05,2025-09-23 04:00:00.012
1758614400001,5e-05,2025-09-23 08:00:00.001
1758628800000,4.417e-05,2025-09-23 12:00:00.000
1758643200000,4.726e-05,2025-09-23 16:00:00.000
1758657600001,3.341e-05,2025-09-23 20:00:00.001
1758672000003,5e-05,2025-09-24 00:00:00.003
1758686400000,5e-05,2025-09-24 04:00:00.000
1758700800001,5e-05,2025-09-24 08:00:00.001
1758715200001,5e-05,2025-09-24 12:00:00.001
1758729600002,5e-05,2025-09-24 16:00:00.002
1758744000001,5e-05,2025-09-24 20:00:00.001
1758758400000,5e-05,2025-09-25 00:00:00.000
1758772800000,5e-05,2025-09-25 04:00:00.000
1758787200001,5e-05,2025-09-25 08:00:00.001
1758801600000,5e-05,2025-09-25 12:00:00.000
1758816000000,5e-05,2025-09-25 16:00:00.000
1758830400000,5e-05,2025-09-25 20:00:00.000
1758844800000,5e-05,2025-09-26 00:00:00.000
1758859200002,5e-05,2025-09-26 04:00:00.002
1758873600000,5e-05,2025-09-26 08:00:00.000
1758888000000,5e-05,2025-09-26 12:00:00.000
1758902400008,5e-05,2025-09-26 16:00:00.008
1758916800005,5e-05,2025-09-26 20:00:00.005
1758931200000,3.117e-05,2025-09-27 00:00:00.000
1758945600000,-5.61e-06,2025-09-27 04:00:00.000
1758960000010,5e-05,2025-09-27 08:00:00.010
1758974400003,3.896e-05,2025-09-27 12:00:00.003
1758988800003,5e-05,2025-09-27 16:00:00.003
1759003200002,5e-05,2025-09-27 20:00:00.002
1759017600000,5e-05,2025-09-28 00:00:00.000
1759032000002,1.161e-05,2025-09-28 04:00:00.002
1759046400000,4.678e-05,2025-09-28 08:00:00.000
1759060800000,5e-05,2025-09-28 12:00:00.000
1759075200000,5e-05,2025-09-28 16:00:00.000
1759089600004,2.786e-05,2025-09-28 20:00:00.004
1759104000000,3.685e-05,2025-09-29 00:00:00.000
1759118400000,5e-05,2025-09-29 04:00:00.000
1759132800002,5e-05,2025-09-29 08:00:00.002
1759147200000,5e-05,2025-09-29 12:00:00.000
1759161600001,5e-05,2025-09-29 16:00:00.001
1759176000000,4.064e-05,2025-09-29 20:00:00.000
1759190400002,5e-05,2025-09-30 00:00:00.002
1759204800000,5e-05,2025-09-30 04:00:00.000
1759219200005,5e-05,2025-09-30 08:00:00.005
1759233600000,5e-05,2025-09-30 12:00:00.000
1759248000000,4e-05,2025-09-30 16:00:00.000
1759262400000,1.046e-05,2025-09-30 20:00:00.000
1759276800000,3.939e-05,2025-10-01 00:00:00.000
1759291200008,5e-05,2025-10-01 04:00:00.008
1759305600000,5e-05,2025-10-01 08:00:00.000
1759320000007,5e-05,2025-10-01 12:00:00.007
1759334400000,1.658e-05,2025-10-01 16:00:00.000
1759348800001,5e-05,2025-10-01 20:00:00.001
1759363200000,5e-05,2025-10-02 00:00:00.000
1759377600001,5e-05,2025-10-02 04:00:00.001
1759392000013,5e-05,2025-10-02 08:00:00.013
1759406400000,5e-05,2025-10-02 12:00:00.000
1759420800000,5e-05,2025-10-02 16:00:00.000
1759435200000,5e-05,2025-10-02 20:00:00.000
1759449600006,5e-05,2025-10-03 00:00:00.006
1759464000000,5e-05,2025-10-03 04:00:00.000
1759478400006,3.953e-05,2025-10-03 08:00:00.006
1759492800000,5e-05,2025-10-03 12:00:00.000
1759507200000,5e-05,2025-10-03 16:00:00.000
1759521600002,5e-05,2025-10-03 20:00:00.002
1759536000001,5e-05,2025-10-04 00:00:00.001
1759550400006,3.593e-05,2025-10-04 04:00:00.006
1759564800000,1.32e-05,2025-10-04 08:00:00.000
1759579200000,5e-05,2025-10-04 12:00:00.000
1759593600000,-3e-06,2025-10-04 16:00:00.000
1759608000003,5e-05,2025-10-04 20:00:00.003
1759622400000,5e-05,2025-10-05 00:00:00.000
1759636800000,5e-05,2025-10-05 04:00:00.000
1759651200003,5e-05,2025-10-05 08:00:00.003
1759665600000,5e-05,2025-10-05 12:00:00.000
1759680000009,5e-05,2025-10-05 16:00:00.009
1759694400004,5e-05,2025-10-05 20:00:00.004
1759708800004,5e-05,2025-10-06 00:00:00.004
1759723200003,5e-05,2025-10-06 04:00:00.003
1759737600002,5e-05,2025-10-06 08:00:00.002
1759752000000,5e-05,2025-10-06 12:00:00.000
1759766400004,5e-05,2025-10-06 16:00:00.004
1759780800002,5e-05,2025-10-06 20:00:00.002
1759795200000,5e-05,2025-10-07 00:00:00.000
1759809600001,5e-05,2025-10-07 04:00:00.001
1759824000003,5e-05,2025-10-07 08:00:00.003
1759838400005,5e-05,2025-10-07 12:00:00.005
1759852800000,5e-05,2025-10-07 16:00:00.000
1759867200002,5e-05,2025-10-07 20:00:00.002
1759881600000,5e-05,2025-10-08 00:00:00.000
1759896000002,5e-05,2025-10-08 04:00:00.002
1759910400006,5e-05,2025-10-08 08:00:00.006
1759924800003,5e-05,2025-10-08 12:00:00.003
1759939200002,5e-05,2025-10-08 16:00:00.002
1759953600000,5e-05,2025-10-08 20:00:00.000
1759968000001,5e-05,2025-10-09 00:00:00.001
1759982400003,5e-05,2025-10-09 04:00:00.003
1759996800000,5e-05,2025-10-09 08:00:00.000
1760011200002,5e-05,2025-10-09 12:00:00.002
1760025600000,5e-05,2025-10-09 16:00:00.000
1760040000010,5e-05,2025-10-09 20:00:00.010
1760054400005,5e-05,2025-10-10 00:00:00.005
1760068800001,5e-05,2025-10-10 04:00:00.001
1760083200002,5e-05,2025-10-10 08:00:00.002
1760097600004,5e-05,2025-10-10 12:00:00.004
1760112000014,5e-05,2025-10-10 16:00:00.014
1760126400003,5e-05,2025-10-10 20:00:00.003
1760140800000,5e-05,2025-10-11 00:00:00.000
1760155200000,1.918e-05,2025-10-11 04:00:00.000
1760169600003,-0.00010695,2025-10-11 08:00:00.003
1760184000003,-0.00010377,2025-10-11 12:00:00.003
1760198400000,-0.00010428,2025-10-11 16:00:00.000
1760212800001,-0.00021957,2025-10-11 20:00:00.001
1760227200004,-9.206e-05,2025-10-12 00:00:00.004
1760241600001,-0.00011922,2025-10-12 04:00:00.001
1760256000002,-0.00020819,2025-10-12 08:00:00.002
1760270400001,-0.00019668,2025-10-12 12:00:00.001
1760284800000,1.195e-05,2025-10-12 16:00:00.000
1760299200000,1.387e-05,2025-10-12 20:00:00.000
1760313600003,5e-05,2025-10-13 00:00:00.003
1760328000000,5e-05,2025-10-13 04:00:00.000
1760342400002,5e-05,2025-10-13 08:00:00.002
1760356800001,5e-05,2025-10-13 12:00:00.001
1760371200003,4.229e-05,2025-10-13 16:00:00.003
1760385600002,5e-05,2025-10-13 20:00:00.002
1760400000000,-3.714e-05,2025-10-14 00:00:00.000
1760414400000,1.31e-06,2025-10-14 04:00:00.000
1760428800000,5e-05,2025-10-14 08:00:00.000
1760443200000,-1.612e-05,2025-10-14 12:00:00.000
1760457600000,-2.98e-05,2025-10-14 16:00:00.000
1760472000000,5e-05,2025-10-14 20:00:00.000
1760486400006,5e-05,2025-10-15 00:00:00.006
1760500800001,3.418e-05,2025-10-15 04:00:00.001
1760515200002,4.71e-05,2025-10-15 08:00:00.002
1760529600005,-1.023e-05,2025-10-15 12:00:00.005
1760544000000,3.333e-05,2025-10-15 16:00:00.000
1760558400004,5e-05,2025-10-15 20:00:00.004
1760572800000,2.115e-05,2025-10-16 00:00:00.000
1760587200000,4.73e-06,2025-10-16 04:00:00.000
1760601600003,1.37e-06,2025-10-16 08:00:00.003
1760616000000,3.711e-05,2025-10-16 12:00:00.000
1760630400002,9.71e-06,2025-10-16 16:00:00.002
1760644800003,5.34e-06,2025-10-16 20:00:00.003
1760659200001,5e-05,2025-10-17 00:00:00.001
1760673600001,5e-05,2025-10-17 04:00:00.001
1760688000005,2.726e-05,2025-10-17 08:00:00.005
1760702400000,2.18e-05,2025-10-17 12:00:00.000
1760716800003,5e-05,2025-10-17 16:00:00.003
1760731200004,5.97e-06,2025-10-17 20:00:00.004
1760745600000,-2.265e-05,2025-10-18 00:00:00.000
1760760000000,4e-06,2025-10-18 04:00:00.000
1760774400002,-4.569e-05,2025-10-18 08:00:00.002
1760788800007,-8.455e-05,2025-10-18 12:00:00.007
1760803200001,-4.157e-05,2025-10-18 16:00:00.001
1760817600000,-6.68e-06,2025-10-18 20:00:00.000
1760832000001,2.308e-05,2025-10-19 00:00:00.001
1760846400000,5e-05,2025-10-19 04:00:00.000
1760860800001,-5.45e-06,2025-10-19 08:00:00.001
1760875200000,-1.69e-06,2025-10-19 12:00:00.000
1760889600001,5e-05,2025-10-19 16:00:00.001
1760904000000,5e-05,2025-10-19 20:00:00.000
1760918400004,5e-05,2025-10-20 00:00:00.004
1760932800000,5e-05,2025-10-20 04:00:00.000
1760947200001,5e-05,2025-10-20 08:00:00.001
1760961600000,5e-05,2025-10-20 12:00:00.000
1760976000000,8.6e-07,2025-10-20 16:00:00.000
1760990400000,2.937e-05,2025-10-20 20:00:00.000
1761004800009,5e-05,2025-10-21 00:00:00.009
1761019200003,5e-05,2025-10-21 04:00:00.003
1761033600000,-2.381e-05,2025-10-21 08:00:00.000
1761048000000,2.326e-05,2025-10-21 12:00:00.000
1761062400000,4.709e-05,2025-10-21 16:00:00.000
1761076800001,-3.194e-05,2025-10-21 20:00:00.001
1761091200004,-1.434e-05,2025-10-22 00:00:00.004
1761105600000,-2.347e-05,2025-10-22 04:00:00.000
1761120000000,2.379e-05,2025-10-22 08:00:00.000
1761134400000,1.72e-06,2025-10-22 12:00:00.000
1761148800000,1.814e-05,2025-10-22 16:00:00.000
1761163200004,-1.923e-05,2025-10-22 20:00:00.004
1761177600000,-0.00010431,2025-10-23 00:00:00.000
1761192000000,-5.312e-05,2025-10-23 04:00:00.000
1761206400001,-3.201e-05,2025-10-23 08:00:00.001
1761220800000,3.32e-05,2025-10-23 12:00:00.000
1761235200004,8.49e-06,2025-10-23 16:00:00.004
1761249600000,5e-05,2025-10-23 20:00:00.000
1761264000000,5e-05,2025-10-24 00:00:00.000
1761278400002,2.032e-05,2025-10-24 04:00:00.002
1761292800000,3.446e-05,2025-10-24 08:00:00.000
1761307200002,5e-05,2025-10-24 12:00:00.002
1761321600009,-2.687e-05,2025-10-24 16:00:00.009
1761336000000,5e-05,2025-10-24 20:00:00.000
1761350400000,5e-05,2025-10-25 00:00:00.000
1761364800000,-6.457e-05,2025-10-25 04:00:00.000
1761379200001,-1.514e-05,2025-10-25 08:00:00.001
1761393600000,5e-05,2025-10-25 12:00:00.000
1761408000001,5e-05,2025-10-25 16:00:00.001
1761422400002,5e-05,2025-10-25 20:00:00.002
1761436800001,5e-05,2025-10-26 00:00:00.001
1761451200000,5e-05,2025-10-26 04:00:00.000
1761465600001,3.35e-06,2025-10-26 08:00:00.001
1761480000002,2.161e-05,2025-10-26 12:00:00.002
1761494400000,5e-05,2025-10-26 16:00:00.000
1761508800000,5e-05,2025-10-26 20:00:00.000
1761523200000,5e-05,2025-10-27 00:00:00.000
1761537600000,5e-05,2025-10-27 04:00:00.000
1761552000005,5e-05,2025-10-27 08:00:00.005
1761566400003,4.303e-05,2025-10-27 12:00:00.003
1761580800000,5e-05,2025-10-27 16:00:00.000
1761595200001,2.867e-05,2025-10-27 20:00:00.001
1761609600000,2.675e-05,2025-10-28 00:00:00.000
1761624000004,4.589e-05,2025-10-28 04:00:00.004
1761638400000,3.457e-05,2025-10-28 08:00:00.000
1761652800000,3.179e-05,2025-10-28 12:00:00.000
1761667200004,4.424e-05,2025-10-28 16:00:00.004
1761681600004,1.028e-05,2025-10-28 20:00:00.004
1761696000004,-2.409e-05,2025-10-29 00:00:00.004
1761710400005,-0.00010501,2025-10-29 04:00:00.005
1761724800005,-6.398e-05,2025-10-29 08:00:00.005
1761739200011,1.276e-05,2025-10-29 12:00:00.011
1761753600000,8.32e-06,2025-10-29 16:00:00.000
1761768000008,1.448e-05,2025-10-29 20:00:00.008
1761782400004,-0.00014833,2025-10-30 00:00:00.004
1761796800001,-4.179e-05,2025-10-30 04:00:00.001
1761811200008,-9.755e-05,2025-10-30 08:00:00.008
1761825600006,-1.651e-05,2025-10-30 12:00:00.006
1761840000001,-0.00042709,2025-10-30 16:00:00.001
1761854400000,-0.00039717,2025-10-30 20:00:00.000
1761868800000,-0.00033264,2025-10-31 00:00:00.000
1761883200000,1.567e-05,2025-10-31 04:00:00.000
1761897600008,-6.365e-05,2025-10-31 08:00:00.008
1761912000008,-3.473e-05,2025-10-31 12:00:00.008
1761926400007,-9.22e-06,2025-10-31 16:00:00.007
1761940800001,-1.56e-06,2025-10-31 20:00:00.001
1761955200001,4.024e-05,2025-11-01 00:00:00.001
1761969600000,-0.00011063,2025-11-01 04:00:00.000
1761984000000,5e-05,2025-11-01 08:00:00.000
1761998400000,-7.59e-05,2025-11-01 12:00:00.000
1762012800000,4.216e-05,2025-11-01 16:00:00.000
1762027200003,-0.00013807,2025-11-01 20:00:00.003
1762041600007,-7.487e-05,2025-11-02 00:00:00.007
1762056000002,-5.962e-05,2025-11-02 04:00:00.002
1762070400000,-0.00012293,2025-11-02 08:00:00.000
1762084800001,-0.00012629,2025-11-02 12:00:00.001
1762099200001,-7.138e-05,2025-11-02 16:00:00.001
1762113600001,-1.989e-05,2025-11-02 20:00:00.001
1762128000000,-7.487e-05,2025-11-03 00:00:00.000
1762142400003,-0.00031036,2025-11-03 04:00:00.003
1762156800010,-0.00021368,2025-11-03 08:00:00.010
1762171200002,-0.00020104,2025-11-03 12:00:00.002
1762185600000,-0.00020754,2025-11-03 16:00:00.000
1762200000008,-0.00032771,2025-11-03 20:00:00.008
1762214400002,-8.393e-05,2025-11-04 00:00:00.002
1762228800000,-6.746e-05,2025-11-04 04:00:00.000
1762243200004,-4.365e-05,2025-11-04 08:00:00.004
1762257600000,-7.606e-05,2025-11-04 12:00:00.000
1762272000000,-2.604e-05,2025-11-04 16:00:00.000
1762286400001,2.873e-05,2025-11-04 20:00:00.001
1762300800000,-3.25e-05,2025-11-05 00:00:00.000
1762315200005,-4.983e-05,2025-11-05 04:00:00.005
1762329600000,-1.018e-05,2025-11-05 08:00:00.000
1762344000000,-0.00010056,2025-11-05 12:00:00.000
1762358400004,-0.00025156,2025-11-05 16:00:00.004
1762372800001,-0.00017367,2025-11-05 20:00:00.001
1762387200001,-0.00011213,2025-11-06 00:00:00.001
1762401600009,-1.74e-05,2025-11-06 04:00:00.009
1762416000000,-0.00051945,2025-11-06 08:00:00.000
1762430400001,-0.00022107,2025-11-06 12:00:00.001
1762444800001,-0.00018472,2025-11-06 16:00:00.001
1762459200006,-0.00016309,2025-11-06 20:00:00.006
1762473600005,-0.00016216,2025-11-07 00:00:00.005
1762488000000,-0.00020277,2025-11-07 04:00:00.000
1762502400003,-0.00010182,2025-11-07 08:00:00.003
1762516800005,5e-05,2025-11-07 12:00:00.005
1762531200005,5e-05,2025-11-07 16:00:00.005
1762545600000,4.897e-05,2025-11-07 20:00:00.000
1762560000011,-4.83e-06,2025-11-08 00:00:00.011
1762574400001,-0.00013395,2025-11-08 04:00:00.001
1762588800015,-1.188e-05,2025-11-08 08:00:00.015
1762603200000,-0.00014553,2025-11-08 12:00:00.000
1762617600001,-0.0001044,2025-11-08 16:00:00.001
1762632000006,-3.29e-05,2025-11-08 20:00:00.006
1762646400004,-7.38e-06,2025-11-09 00:00:00.004
1762660800000,-2.64e-06,2025-11-09 04:00:00.000
1762675200000,4.28e-06,2025-11-09 08:00:00.000
1762689600000,-0.00011902,2025-11-09 12:00:00.000
1762704000005,-0.00010463,2025-11-09 16:00:00.005
1762718400010,-7.52e-06,2025-11-09 20:00:00.010
1762732800000,5e-05,2025-11-10 00:00:00.000
1762747200005,3.04e-06,2025-11-10 04:00:00.005
1762761600000,-0.00024987,2025-11-10 08:00:00.000
1762776000003,4.848e-05,2025-11-10 12:00:00.003
1762790400003,-0.00011054,2025-11-10 16:00:00.003
1762804800000,-0.00014607,2025-11-10 20:00:00.000
1762819200007,-6.599e-05,2025-11-11 00:00:00.007
1762833600003,-0.00022468,2025-11-11 04:00:00.003
1762848000000,-1.203e-05,2025-11-11 08:00:00.000
1762862400002,-5.111e-05,2025-11-11 12:00:00.002
1762876800009,3.11e-06,2025-11-11 16:00:00.009
1762891200000,-6.37e-06,2025-11-11 20:00:00.000
1762905600000,-0.00019308,2025-11-12 00:00:00.000
1762920000000,-2.798e-05,2025-11-12 04:00:00.000
1762934400002,-0.00010102,2025-11-12 08:00:00.002
1762948800000,-7.67e-05,2025-11-12 12:00:00.000
1762963200000,2.562e-05,2025-11-12 16:00:00.000
1762977600001,-8.764e-05,2025-11-12 20:00:00.001
1762992000002,-5.869e-05,2025-11-13 00:00:00.002
1763006400000,-0.0001798,2025-11-13 04:00:00.000
1763020800000,-0.00013527,2025-11-13 08:00:00.000
1763035200001,-9.925e-05,2025-11-13 12:00:00.001
1763049600001,-0.00012589,2025-11-13 16:00:00.001
1763064000004,-0.00016658,2025-11-13 20:00:00.004
1763078400000,-6.036e-05,2025-11-14 00:00:00.000
1763092800000,-0.0001146,2025-11-14 04:00:00.000
1763107200000,-9.71e-05,2025-11-14 08:00:00.000
1763121600001,-0.00023284,2025-11-14 12:00:00.001
1763136000001,-0.00020277,2025-11-14 16:00:00.001
1763150400000,-6.33e-06,2025-11-14 20:00:00.000
1763164800005,-7.072e-05,2025-11-15 00:00:00.005
1763179200015,-9.525e-05,2025-11-15 04:00:00.015
1763193600000,5e-05,2025-11-15 08:00:00.000
1763208000008,5e-05,2025-11-15 12:00:00.008
1763222400001,-9.618e-05,2025-11-15 16:00:00.001
1763236800003,-0.00014477,2025-11-15 20:00:00.003
1763251200001,-9.361e-05,2025-11-16 00:00:00.001
1763265600003,-1.174e-05,2025-11-16 04:00:00.003
1763280000000,-1.912e-05,2025-11-16 08:00:00.000
1763294400003,-7.158e-05,2025-11-16 12:00:00.003
1763308800000,-5.83e-06,2025-11-16 16:00:00.000
1763323200000,-0.00011816,2025-11-16 20:00:00.000
1763337600003,-7.415e-05,2025-11-17 00:00:00.003
1763352000001,-7.037e-05,2025-11-17 04:00:00.001
1763366400003,-6.997e-05,2025-11-17 08:00:00.003
1763380800000,-1.34e-06,2025-11-17 12:00:00.000
1763395200000,-1.867e-05,2025-11-17 16:00:00.000
1763409600003,-0.00018848,2025-11-17 20:00:00.003
1763424000002,-4.381e-05,2025-11-18 00:00:00.002
1763438400000,-0.00015349,2025-11-18 04:00:00.000
1763452800004,1.342e-05,2025-11-18 08:00:00.004
1763467200000,-0.00011109,2025-11-18 12:00:00.000
1763481600000,-0.00018005,2025-11-18 16:00:00.000
1763496000002,-0.00011019,2025-11-18 20:00:00.002
1763510400000,-0.00018472,2025-11-19 00:00:00.000
1763524800000,-0.00018848,2025-11-19 04:00:00.000
1763539200000,3.33e-05,2025-11-19 08:00:00.000
1763553600000,-0.00017145,2025-11-19 12:00:00.000
1763568000008,-0.00017617,2025-11-19 16:00:00.008
1763582400000,-0.00030009,2025-11-19 20:00:00.000
1763596800000,-7.604e-05,2025-11-20 00:00:00.000
1763611200006,-0.00014062,2025-11-20 04:00:00.006
1763625600000,-0.0001877,2025-11-20 08:00:00.000
1763640000003,-0.00012714,2025-11-20 12:00:00.003
1763654400000,-1.638e-05,2025-11-20 16:00:00.000
1763668800002,-0.00029915,2025-11-20 20:00:00.002
1763683200001,-0.00030722,2025-11-21 00:00:00.001
1763697600000,-0.00024865,2025-11-21 04:00:00.000
1763712000000,-0.00030045,2025-11-21 08:00:00.000
1763726400001,-0.00013681,2025-11-21 12:00:00.001
1763740800001,-5.991e-05,2025-11-21 16:00:00.001
1763755200000,-0.00011884,2025-11-21 20:00:00.000
1763769600004,-0.00018135,2025-11-22 00:00:00.004
1763784000000,-0.00029034,2025-11-22 04:00:00.000
1763798400000,-0.00027625,2025-11-22 08:00:00.000
1763812800000,-0.00023344,2025-11-22 12:00:00.000
1763827200000,-0.00030677,2025-11-22 16:00:00.000
1763841600001,-0.00026813,2025-11-22 20:00:00.001
1763856000000,-0.00020715,2025-11-23 00:00:00.000
1763870400000,-0.00034505,2025-11-23 04:00:00.000
1763884800008,-0.00021614,2025-11-23 08:00:00.008
1763899200000,-0.00025403,2025-11-23 12:00:00.000
1763913600003,-0.0001606,2025-11-23 16:00:00.003
1763928000003,-0.00020404,2025-11-23 20:00:00.003
1763942400004,-0.00022914,2025-11-24 00:00:00.004
1763956800000,-0.00011865,2025-11-24 04:00:00.000
1763971200000,-8.763e-05,2025-11-24 08:00:00.000
1763985600000,2.052e-05,2025-11-24 12:00:00.000
1764000000006,-1.085e-05,2025-11-24 16:00:00.006
1764014400003,-5.43e-05,2025-11-24 20:00:00.003
1764028800000,-0.00017615,2025-11-25 00:00:00.000
1764043200000,-0.00024177,2025-11-25 04:00:00.000
1764057600009,-0.000212,2025-11-25 08:00:00.009
1764072000002,-0.00010567,2025-11-25 12:00:00.002
1764086400007,-0.00013269,2025-11-25 16:00:00.007
1764100800009,-0.00020438,2025-11-25 20:00:00.009
1764115200001,-0.00010987,2025-11-26 00:00:00.001
1764129600006,-0.00015621,2025-11-26 04:00:00.006
1764144000001,-0.00011211,2025-11-26 08:00:00.001
1764158400001,1.491e-05,2025-11-26 12:00:00.001
1764172800000,1.593e-05,2025-11-26 16:00:00.000
1764187200001,-0.00011629,2025-11-26 20:00:00.001
1764201600013,-9.898e-05,2025-11-27 00:00:00.013
1764216000007,-0.0001614,2025-11-27 04:00:00.007
1764230400000,-0.00014832,2025-11-27 08:00:00.000
1764244800002,-0.00015038,2025-11-27 12:00:00.002
1764259200004,-1.849e-05,2025-11-27 16:00:00.004
1764273600004,-0.00017036,2025-11-27 20:00:00.004
1764288000008,-0.0003011,2025-11-28 00:00:00.008
1764302400000,-0.00030372,2025-11-28 04:00:00.000
1764316800000,-0.00029355,2025-11-28 08:00:00.000
1764331200004,-0.00028399,2025-11-28 12:00:00.004
1764345600008,-0.00036441,2025-11-28 16:00:00.008
1764360000010,-0.00028936,2025-11-28 20:00:00.010
1764374400000,-0.00018362,2025-11-29 00:00:00.000
1764388800002,-0.00022507,2025-11-29 04:00:00.002
1764403200005,-0.0001997,2025-11-29 08:00:00.005
1764417600003,-0.00014918,2025-11-29 12:00:00.003
1764432000001,-4.033e-05,2025-11-29 16:00:00.001
1764446400000,-0.00018014,2025-11-29 20:00:00.000
1764460800003,-0.00011569,2025-11-30 00:00:00.003
1764475200004,-0.0001715,2025-11-30 04:00:00.004
1764489600000,-7.608e-05,2025-11-30 08:00:00.000
1764504000000,-0.00030408,2025-11-30 12:00:00.000
1764518400004,-0.00040103,2025-11-30 16:00:00.004
1764532800006,-0.00048962,2025-11-30 20:00:00.006
1764547200000,-0.00023952,2025-12-01 00:00:00.000
1764561600000,-0.00046769,2025-12-01 04:00:00.000
1764576000004,-0.00041735,2025-12-01 08:00:00.004
1764590400000,-0.00060048,2025-12-01 12:00:00.000
1764604800000,-0.00021472,2025-12-01 16:00:00.000
1764619200000,-0.00019427,2025-12-01 20:00:00.000
1764633600004,-0.00030995,2025-12-02 00:00:00.004
1764648000000,-0.00027675,2025-12-02 04:00:00.000
1764662400000,-0.00016186,2025-12-02 08:00:00.000
1764676800004,-0.00037248,2025-12-02 12:00:00.004
1764691200000,-0.00013833,2025-12-02 16:00:00.000
1764705600000,-5.622e-05,2025-12-02 20:00:00.000
1764720000000,4.732e-05,2025-12-03 00:00:00.000
1764734400004,-0.00013606,2025-12-03 04:00:00.004
1764748800000,1.636e-05,2025-12-03 08:00:00.000
1764763200001,-0.00011118,2025-12-03 12:00:00.001
1764777600005,-0.0001041,2025-12-03 16:00:00.005
1764792000002,4.105e-05,2025-12-03 20:00:00.002
1764806400012,4.59e-06,2025-12-04 00:00:00.012
1764820800000,-7.29e-05,2025-12-04 04:00:00.000
1764835200000,-0.00013106,2025-12-04 08:00:00.000
1764849600005,-0.00010791,2025-12-04 12:00:00.005
1764864000011,1.151e-05,2025-12-04 16:00:00.011
1764878400000,2.07e-06,2025-12-04 20:00:00.000
1764892800000,5e-05,2025-12-05 00:00:00.000
1764907200000,-7.818e-05,2025-12-05 04:00:00.000
1764921600000,-6.29e-05,2025-12-05 08:00:00.000
1764936000001,-4.848e-05,2025-12-05 12:00:00.001
1764950400010,2.534e-05,2025-12-05 16:00:00.010
1764964800001,-9.727e-05,2025-12-05 20:00:00.001
1764979200001,-5.126e-05,2025-12-06 00:00:00.001
1764993600000,-0.00014234,2025-12-06 04:00:00.000
1765008000001,-0.00014669,2025-12-06 08:00:00.001
1765022400000,-9.428e-05,2025-12-06 12:00:00.000
1765036800008,-0.00019164,2025-12-06 16:00:00.008
1765051200000,-0.00014774,2025-12-06 20:00:00.000
1765065600000,-0.00012021,2025-12-07 00:00:00.000
1765080000000,-0.00017118,2025-12-07 04:00:00.000
1765094400004,-0.00010953,2025-12-07 08:00:00.004
1765108800004,-0.0001581,2025-12-07 12:00:00.004
1765123200000,-4.768e-05,2025-12-07 16:00:00.000
1765137600000,-0.0001435,2025-12-07 20:00:00.000
1765152000000,-9.852e-05,2025-12-08 00:00:00.000
1765166400000,-6.16e-05,2025-12-08 04:00:00.000
1765180800000,1.097e-05,2025-12-08 08:00:00.000
1765195200001,3.761e-05,2025-12-08 12:00:00.001
1765209600001,-7.05e-06,2025-12-08 16:00:00.001
1765224000000,-4.63e-06,2025-12-08 20:00:00.000
1765238400001,-8.89e-06,2025-12-09 00:00:00.001
1765252800004,7.11e-06,2025-12-09 04:00:00.004
1765267200001,3.72e-05,2025-12-09 08:00:00.001
1765281600000,2.332e-05,2025-12-09 12:00:00.000
1765296000007,1.566e-05,2025-12-09 16:00:00.007
1765310400001,-1.281e-05,2025-12-09 20:00:00.001
1765324800007,-0.00014134,2025-12-10 00:00:00.007
1765339200012,-0.00021813,2025-12-10 04:00:00.012
1765353600002,-0.00016166,2025-12-10 08:00:00.002
1765368000000,-0.00013295,2025-12-10 12:00:00.000
1765382400012,-0.00012945,2025-12-10 16:00:00.012
1765396800000,-3.678e-05,2025-12-10 20:00:00.000
1765411200001,-0.00014537,2025-12-11 00:00:00.001
1765425600000,-0.00011911,2025-12-11 04:00:00.000
1765440000000,-0.00014171,2025-12-11 08:00:00.000
1765454400000,-8.399e-05,2025-12-11 12:00:00.000
1765468800000,-0.00012391,2025-12-11 16:00:00.000
1765483200001,-0.00028686,2025-12-11 20:00:00.001
1765497600005,-0.00017212,2025-12-12 00:00:00.005
1765512000000,-0.00037731,2025-12-12 04:00:00.000
1765526400007,-0.00026934,2025-12-12 08:00:00.007
1765540800000,-0.00029024,2025-12-12 12:00:00.000
1765555200002,-0.00025659,2025-12-12 16:00:00.002
1765569600004,-0.00033009,2025-12-12 20:00:00.004
1765584000001,-0.00049642,2025-12-13 00:00:00.001
1765598400006,-0.00032365,2025-12-13 04:00:00.006
1765612800006,-0.00036043,2025-12-13 08:00:00.006
1765627200002,-0.00025026,2025-12-13 12:00:00.002
1765641600000,-0.00025961,2025-12-13 16:00:00.000
1765656000000,-0.00019374,2025-12-13 20:00:00.000
1765670400000,-0.00013186,2025-12-14 00:00:00.000
1765684800001,-0.00021147,2025-12-14 04:00:00.001
1765699200003,-0.00011909,2025-12-14 08:00:00.003
1765713600000,-0.00012917,2025-12-14 12:00:00.000
1765728000005,-1.76e-05,2025-12-14 16:00:00.005
1765742400000,-0.00010782,2025-12-14 20:00:00.000
1765756800000,7.23e-06,2025-12-15 00:00:00.000
1765771200001,-4.641e-05,2025-12-15 04:00:00.001
1765785600000,-0.00012764,2025-12-15 08:00:00.000
1765800000000,-9.672e-05,2025-12-15 12:00:00.000
1765814400000,-0.00011723,2025-12-15 16:00:00.000
1765828800000,-8.037e-05,2025-12-15 20:00:00.000
1765843200002,-2.193e-05,2025-12-16 00:00:00.002
1765857600000,4.38e-06,2025-12-16 04:00:00.000
1765872000000,-6.055e-05,2025-12-16 08:00:00.000
1765886400008,-1.504e-05,2025-12-16 12:00:00.008
1765900800002,-2.6e-07,2025-12-16 16:00:00.002
1765915200000,5.9e-07,2025-12-16 20:00:00.000
1765929600004,-7.27e-06,2025-12-17 00:00:00.004
1765944000002,-4.562e-05,2025-12-17 04:00:00.002
1765958400000,1.56e-06,2025-12-17 08:00:00.000
1765972800000,-9.865e-05,2025-12-17 12:00:00.000
1765987200000,-0.00011954,2025-12-17 16:00:00.000
1766001600001,3.812e-05,2025-12-17 20:00:00.001
1766016000005,-4.407e-05,2025-12-18 00:00:00.005
1766030400000,-4.7e-06,2025-12-18 04:00:00.000
1766044800007,-9.036e-05,2025-12-18 08:00:00.007
1766059200000,-0.00029163,2025-12-18 12:00:00.000
1766073600001,-0.00011755,2025-12-18 16:00:00.001
1766088000000,-0.0001632,2025-12-18 20:00:00.000
1766102400000,-4.358e-05,2025-12-19 00:00:00.000
1766116800000,-8.381e-05,2025-12-19 04:00:00.000
1766131200001,-8.135e-05,2025-12-19 08:00:00.001
1766145600000,-9.009e-05,2025-12-19 12:00:00.000
1766160000000,-3.067e-05,2025-12-19 16:00:00.000
1766174400000,-4.571e-05,2025-12-19 20:00:00.000
1766188800005,-0.00014287,2025-12-20 00:00:00.005
1766203200001,-0.0001056,2025-12-20 04:00:00.001
1766217600000,-0.0001007,2025-12-20 08:00:00.000
1766232000000,-5.332e-05,2025-12-20 12:00:00.000
1766246400002,-9.097e-05,2025-12-20 16:00:00.002
1766260800009,-6.755e-05,2025-12-20 20:00:00.009
1766275200000,-0.00015019,2025-12-21 00:00:00.000
1766289600003,2.011e-05,2025-12-21 04:00:00.003
1766304000009,5e-05,2025-12-21 08:00:00.009
1766318400000,-2.503e-05,2025-12-21 12:00:00.000
1766332800000,-0.00017912,2025-12-21 16:00:00.000
1766347200009,-0.00014341,2025-12-21 20:00:00.009
1766361600000,-0.00012159,2025-12-22 00:00:00.000
1766376000000,-0.00013832,2025-12-22 04:00:00.000
1766390400005,1.836e-05,2025-12-22 08:00:00.005
1766404800002,5e-05,2025-12-22 12:00:00.002
1766419200009,4.04e-05,2025-12-22 16:00:00.009
1766433600001,4.89e-06,2025-12-22 20:00:00.001
1766448000000,-2.867e-05,2025-12-23 00:00:00.000
1766462400000,-5.852e-05,2025-12-23 04:00:00.000
1766476800000,-3.694e-05,2025-12-23 08:00:00.000
1766491200000,-0.00011618,2025-12-23 12:00:00.000
1766505600001,-4.202e-05,2025-12-23 16:00:00.001
1766520000005,6.33e-06,2025-12-23 20:00:00.005
1766534400001,6.91e-06,2025-12-24 00:00:00.001
1766548800000,9.59e-06,2025-12-24 04:00:00.000
1766563200001,-1.563e-05,2025-12-24 08:00:00.001
1766577600002,-3.724e-05,2025-12-24 12:00:00.002
1766592000000,-8.897e-05,2025-12-24 16:00:00.000
1766606400003,-8.546e-05,2025-12-24 20:00:00.003
1766620800000,-3.501e-05,2025-12-25 00:00:00.000
1766635200000,5e-05,2025-12-25 04:00:00.000
1766649600001,-3.222e-05,2025-12-25 08:00:00.001
1766664000008,-6.04e-06,2025-12-25 12:00:00.008
1766678400005,-1.854e-05,2025-12-25 16:00:00.005
1766692800001,5e-05,2025-12-25 20:00:00.001
1766707200004,-4.604e-05,2025-12-26 00:00:00.004
1766721600005,-0.00010236,2025-12-26 04:00:00.005
1766736000001,-0.00020194,2025-12-26 08:00:00.001
1766750400000,1.697e-05,2025-12-26 12:00:00.000
1766764800007,5e-05,2025-12-26 16:00:00.007
1766779200000,5e-05,2025-12-26 20:00:00.000
1766793600000,2.35e-05,2025-12-27 00:00:00.000
1766808000000,-7.58e-05,2025-12-27 04:00:00.000
1766822400000,-0.0001646,2025-12-27 08:00:00.000
1766836800000,-0.00022283,2025-12-27 12:00:00.000
1766851200011,-9.325e-05,2025-12-27 16:00:00.011
1766865600003,-0.00013967,2025-12-27 20:00:00.003
1766880000008,2.948e-05,2025-12-28 00:00:00.008
1766894400000,-7.838e-05,2025-12-28 04:00:00.000
1766908800000,5e-05,2025-12-28 08:00:00.000
1766923200010,-0.0001075,2025-12-28 12:00:00.010
1766937600000,-9.187e-05,2025-12-28 16:00:00.000
1766952000002,-0.0002818,2025-12-28 20:00:00.002
1766966400016,-0.00017212,2025-12-29 00:00:00.016
1766980800000,-0.00013994,2025-12-29 04:00:00.000
1766995200001,-0.00012119,2025-12-29 08:00:00.001
1767009600001,-0.00020219,2025-12-29 12:00:00.001
1767024000000,-0.00013696,2025-12-29 16:00:00.000
1767038400000,-0.00013572,2025-12-29 20:00:00.000
1767052800005,-0.00030142,2025-12-30 00:00:00.005
1767067200012,-0.00029458,2025-12-30 04:00:00.012
1767081600001,-0.00017992,2025-12-30 08:00:00.001
1767096000000,-4.818e-05,2025-12-30 12:00:00.000
1767110400003,-0.00022306,2025-12-30 16:00:00.003
1767124800001,-0.00036516,2025-12-30 20:00:00.001
1767139200004,-0.00034919,2025-12-31 00:00:00.004
1767153600008,-0.00017527,2025-12-31 04:00:00.008
1767168000001,-0.00011301,2025-12-31 08:00:00.001
1767182400007,-3.688e-05,2025-12-31 12:00:00.007
1767196800001,-9.016e-05,2025-12-31 16:00:00.001
1767211200009,-1.39e-06,2025-12-31 20:00:00.009
1767225600008,-7.6e-05,2026-01-01 00:00:00.008
1767240000000,-8.756e-05,2026-01-01 04:00:00.000
1767254400002,1.73e-05,2026-01-01 08:00:00.002
1767268800007,-2.777e-05,2026-01-01 12:00:00.007
1767283200001,-4.458e-05,2026-01-01 16:00:00.001
1767297600005,-0.0001501,2026-01-01 20:00:00.005
1767312000006,-0.00020755,2026-01-02 00:00:00.006
1767326400000,-2.578e-05,2026-01-02 04:00:00.000
1767340800007,-2.407e-05,2026-01-02 08:00:00.007
1767355200000,-0.00011732,2026-01-02 12:00:00.000
1767369600000,-8.789e-05,2026-01-02 16:00:00.000
1767384000000,1.521e-05,2026-01-02 20:00:00.000
1767398400001,2.111e-05,2026-01-03 00:00:00.001
1767412800000,-8.234e-05,2026-01-03 04:00:00.000
1767427200000,-0.00014311,2026-01-03 08:00:00.000
1767441600008,-2.525e-05,2026-01-03 12:00:00.008
1767456000000,-7.594e-05,2026-01-03 16:00:00.000
1767470400001,-0.00010251,2026-01-03 20:00:00.001
1767484800000,5e-05,2026-01-04 00:00:00.000
1767499200000,-0.00014723,2026-01-04 04:00:00.000
1767513600000,-0.00028958,2026-01-04 08:00:00.000
1767528000001,-4.18e-05,2026-01-04 12:00:00.001
1767542400001,-5.339e-05,2026-01-04 16:00:00.001
1767556800002,-7.707e-05,2026-01-04 20:00:00.002
1767571200000,-4.959e-05,2026-01-05 00:00:00.000
1767585600001,-0.0001363,2026-01-05 04:00:00.001
1767600000000,-0.00016602,2026-01-05 08:00:00.000
1767614400000,-8.781e-05,2026-01-05 12:00:00.000
1767628800000,-0.00018548,2026-01-05 16:00:00.000
1767643200000,-4.421e-05,2026-01-05 20:00:00.000
1767657600010,-8.214e-05,2026-01-06 00:00:00.010
1767672000000,5e-05,2026-01-06 04:00:00.000
1767686400000,-1.253e-05,2026-01-06 08:00:00.000
1767700800000,-1.285e-05,2026-01-06 12:00:00.000
1767715200000,5.18e-06,2026-01-06 16:00:00.000
1767729600002,-3.614e-05,2026-01-06 20:00:00.002
1767744000001,1.238e-05,2026-01-07 00:00:00.001
1767758400003,-5.81e-05,2026-01-07 04:00:00.003
1767772800001,1e-06,2026-01-07 08:00:00.001
1767787200000,-1.279e-05,2026-01-07 12:00:00.000
1767801600001,-0.0001767,2026-01-07 16:00:00.001
1767816000001,-0.0001158,2026-01-07 20:00:00.001
1767830400001,-5.213e-05,2026-01-08 00:00:00.001
1767844800000,-0.00011477,2026-01-08 04:00:00.000
1767859200000,5e-05,2026-01-08 08:00:00.000
1767873600002,5e-05,2026-01-08 12:00:00.002
1767888000000,5e-05,2026-01-08 16:00:00.000
1767902400000,5e-05,2026-01-08 20:00:00.000
1767916800003,4.808e-05,2026-01-09 00:00:00.003
1767931200000,-1.948e-05,2026-01-09 04:00:00.000
1767945600000,8.7e-06,2026-01-09 08:00:00.000
1767960000000,-3.101e-05,2026-01-09 12:00:00.000
1767974400001,-3.838e-05,2026-01-09 16:00:00.001
1767988800005,4.55e-05,2026-01-09 20:00:00.005
1768003200000,1.674e-05,2026-01-10 00:00:00.000
1768017600000,7.4e-07,2026-01-10 04:00:00.000
1768032000002,5e-05,2026-01-10 08:00:00.002
1768046400000,5e-05,2026-01-10 12:00:00.000
1768060800001,5e-05,2026-01-10 16:00:00.001
1768075200014,5e-05,2026-01-10 20:00:00.014
1768089600003,5e-05,2026-01-11 00:00:00.003
1768104000000,5e-05,2026-01-11 04:00:00.000
1768118400006,5e-05,2026-01-11 08:00:00.006
1768132800000,5e-05,2026-01-11 12:00:00.000
1768147200000,5e-05,2026-01-11 16:00:00.000
1768161600002,5e-05,2026-01-11 20:00:00.002
1768176000005,5e-05,2026-01-12 00:00:00.005
1768190400008,5e-05,2026-01-12 04:00:00.008
1768204800000,-3.224e-05,2026-01-12 08:00:00.000
1768219200000,1.707e-05,2026-01-12 12:00:00.000
1768233600000,2.992e-05,2026-01-12 16:00:00.000
1768248000000,4.62e-05,2026-01-12 20:00:00.000
1768262400007,-5.877e-05,2026-01-13 00:00:00.007
1768276800000,5e-05,2026-01-13 04:00:00.000
1768291200009,2.646e-05,2026-01-13 08:00:00.009
1768305600000,5e-05,2026-01-13 12:00:00.000
1768320000002,5e-05,2026-01-13 16:00:00.002
1768334400003,2.54e-06,2026-01-13 20:00:00.003
1768348800000,5e-05,2026-01-14 00:00:00.000
1768363200001,-2.64e-06,2026-01-14 04:00:00.001
1768377600001,-1.012e-05,2026-01-14 08:00:00.001
1768392000000,4.84e-06,2026-01-14 12:00:00.000
1768406400004,-7.557e-05,2026-01-14 16:00:00.004
1768420800007,1.9e-06,2026-01-14 20:00:00.007
1768435200000,-7.064e-05,2026-01-15 00:00:00.000
1768449600008,-1.81e-06,2026-01-15 04:00:00.008
1768464000004,-1.14e-05,2026-01-15 08:00:00.004
1768478400000,8.82e-06,2026-01-15 12:00:00.000
1768492800002,1.441e-05,2026-01-15 16:00:00.002
1768507200000,-3.711e-05,2026-01-15 20:00:00.000
1768521600000,-2.169e-05,2026-01-16 00:00:00.000
1768536000000,1.014e-05,2026-01-16 04:00:00.000
1768550400000,2.371e-05,2026-01-16 08:00:00.000
1768564800001,-6.016e-05,2026-01-16 12:00:00.001
1768579200001,-6.925e-05,2026-01-16 16:00:00.001
1768593600003,-0.00012045,2026-01-16 20:00:00.003
1768608000000,-6.158e-05,2026-01-17 00:00:00.000
1768622400000,-0.00011611,2026-01-17 04:00:00.000
1768636800000,-9.301e-05,2026-01-17 08:00:00.000
1768651200000,-8.255e-05,2026-01-17 12:00:00.000
1768665600002,-2.14e-06,2026-01-17 16:00:00.002
1768680000002,-4.803e-05,2026-01-17 20:00:00.002
1768694400001,-0.00020982,2026-01-18 00:00:00.001
1768708800002,-5.468e-05,2026-01-18 04:00:00.002
1768723200000,-0.0001524,2026-01-18 08:00:00.000
1768737600000,-0.00014794,2026-01-18 12:00:00.000
1768752000000,-0.00018732,2026-01-18 16:00:00.000
1768766400011,-0.00014669,2026-01-18 20:00:00.011
1768780800007,-0.00013619,2026-01-19 00:00:00.007
1768795200002,-0.00016667,2026-01-19 04:00:00.002
1768809600007,-0.00013439,2026-01-19 08:00:00.007
1768824000000,-8.699e-05,2026-01-19 12:00:00.000
1768838400007,-5.013e-05,2026-01-19 16:00:00.007
1768852800000,-5.42e-06,2026-01-19 20:00:00.000
1768867200005,-0.00020843,2026-01-20 00:00:00.005
1768881600008,-2.678e-05,2026-01-20 04:00:00.008
1768896000001,-0.00019285,2026-01-20 08:00:00.001
1768910400007,-0.00020962,2026-01-20 12:00:00.007
1768924800009,-0.00032215,2026-01-20 16:00:00.009
1768939200002,-0.00034219,2026-01-20 20:00:00.002
1768953600001,-0.00026541,2026-01-21 00:00:00.001
1768968000009,-0.00018126,2026-01-21 04:00:00.009
1768982400011,-0.0002446,2026-01-21 08:00:00.011
1768996800000,-5.434e-05,2026-01-21 12:00:00.000
1769011200011,-3.263e-05,2026-01-21 16:00:00.011
1769025600000,2.055e-05,2026-01-21 20:00:00.000
1769040000010,-0.00012408,2026-01-22 00:00:00.010
1769054400011,-0.00014591,2026-01-22 04:00:00.011
1769068800003,-1.745e-05,2026-01-22 08:00:00.003
1769083200000,-8.955e-05,2026-01-22 12:00:00.000
1769097600005,-0.00018139,2026-01-22 16:00:00.005
1769112000000,-0.00014048,2026-01-22 20:00:00.000
1769126400005,-0.00041216,2026-01-23 00:00:00.005
1769140800000,-0.00022289,2026-01-23 04:00:00.000
1769155200000,-9.275e-05,2026-01-23 08:00:00.000
1769169600002,-0.00011052,2026-01-23 12:00:00.002
1769184000011,-0.00020385,2026-01-23 16:00:00.011
1769198400000,-0.0001912,2026-01-23 20:00:00.000
1769212800011,-0.000235,2026-01-24 00:00:00.011
1769227200008,-8.725e-05,2026-01-24 04:00:00.008
1769241600002,-2.504e-05,2026-01-24 08:00:00.002
1769256000000,1.316e-05,2026-01-24 12:00:00.000
1769270400001,3.79e-06,2026-01-24 16:00:00.001
1769284800008,-3.735e-05,2026-01-24 20:00:00.008
1769299200002,-3.313e-05,2026-01-25 00:00:00.002
1769313600000,9.43e-06,2026-01-25 04:00:00.000
1769328000011,-2.163e-05,2026-01-25 08:00:00.011
1769342400000,5e-05,2026-01-25 12:00:00.000
1769356800005,2.847e-05,2026-01-25 16:00:00.005
1769371200001,-0.00022418,2026-01-25 20:00:00.001
1769385600000,-0.00012149,2026-01-26 00:00:00.000
1769400000000,-3.83e-05,2026-01-26 04:00:00.000
1769414400003,5e-05,2026-01-26 08:00:00.003
1769428800000,5e-05,2026-01-26 12:00:00.000
1769443200000,-1.136e-05,2026-01-26 16:00:00.000
1769457600000,5e-05,2026-01-26 20:00:00.000
1769472000002,4.435e-05,2026-01-27 00:00:00.002
1769486400002,-6.219e-05,2026-01-27 04:00:00.002
1769500800000,6.06e-06,2026-01-27 08:00:00.000
1769515200006,2.319e-05,2026-01-27 12:00:00.006
1769529600000,1.187e-05,2026-01-27 16:00:00.000
1769544000000,-2.663e-05,2026-01-27 20:00:00.000
1769558400000,1.294e-05,2026-01-28 00:00:00.000
1769572800008,5e-05,2026-01-28 04:00:00.008
1769587200000,5e-05,2026-01-28 08:00:00.000
1769601600005,5e-05,2026-01-28 12:00:00.005
1769616000000,5e-05,2026-01-28 16:00:00.000
1769630400004,4.145e-05,2026-01-28 20:00:00.004
1769644800000,5e-05,2026-01-29 00:00:00.000
1769659200000,1.865e-05,2026-01-29 04:00:00.000
1769673600009,3.935e-05,2026-01-29 08:00:00.009
1769688000000,4.047e-05,2026-01-29 12:00:00.000
1769702400000,4.052e-05,2026-01-29 16:00:00.000
1769716800004,4.411e-05,2026-01-29 20:00:00.004
1769731200008,1.758e-05,2026-01-30 00:00:00.008
1769745600005,5e-05,2026-01-30 04:00:00.005
1769760000000,4.46e-06,2026-01-30 08:00:00.000
1769774400005,2.74e-06,2026-01-30 12:00:00.005
1769788800001,-6.068e-05,2026-01-30 16:00:00.001
1769803200004,-2.066e-05,2026-01-30 20:00:00.004
1769817600000,1.34e-06,2026-01-31 00:00:00.000
1769832000002,-7.862e-05,2026-01-31 04:00:00.002
1769846400001,-9.721e-05,2026-01-31 08:00:00.001
1769860800010,-7.532e-05,2026-01-31 12:00:00.010
1769875200009,-0.00011611,2026-01-31 16:00:00.009
1769889600012,-6.024e-05,2026-01-31 20:00:00.012
1769904000001,-4.753e-05,2026-02-01 00:00:00.001
1769918400000,-8.692e-05,2026-02-01 04:00:00.000
1769932800004,-6.213e-05,2026-02-01 08:00:00.004
1769947200004,-0.00017845,2026-02-01 12:00:00.004
1769961600000,-0.0001495,2026-02-01 16:00:00.000
1769976000004,-0.00017288,2026-02-01 20:00:00.004
1769990400000,-0.00011054,2026-02-02 00:00:00.000
1770004800000,-2.577e-05,2026-02-02 04:00:00.000
1770019200014,-1.119e-05,2026-02-02 08:00:00.014
1770033600009,-1.277e-05,2026-02-02 12:00:00.009
1770048000000,2.37e-06,2026-02-02 16:00:00.000
1770062400000,-1.482e-05,2026-02-02 20:00:00.000
1770076800000,-3.882e-05,2026-02-03 00:00:00.000
1770091200001,1.055e-05,2026-02-03 04:00:00.001
1770105600007,9.05e-06,2026-02-03 08:00:00.007
1770120000006,-4.009e-05,2026-02-03 12:00:00.006
1770134400000,-3.199e-05,2026-02-03 16:00:00.000
1770148800009,2.076e-05,2026-02-03 20:00:00.009
1770163200002,5e-05,2026-02-04 00:00:00.002
1770177600004,4.114e-05,2026-02-04 04:00:00.004
1770192000007,2.342e-05,2026-02-04 08:00:00.007
1770206400010,-2.439e-05,2026-02-04 12:00:00.010
1770220800000,1.099e-05,2026-02-04 16:00:00.000
1770235200001,2.645e-05,2026-02-04 20:00:00.001
1770249600011,3.93e-05,2026-02-05 00:00:00.011
1770264000001,-1.557e-05,2026-02-05 04:00:00.001
1770278400000,7.2e-06,2026-02-05 08:00:00.000
1770292800006,-5.199e-05,2026-02-05 12:00:00.006
1770307200007,-2.766e-05,2026-02-05 16:00:00.007
1770321600000,-0.00011078,2026-02-05 20:00:00.000
1770336000000,-9.775e-05,2026-02-06 00:00:00.000
1770350400001,-9.448e-05,2026-02-06 04:00:00.001
1770364800001,-1.391e-05,2026-02-06 08:00:00.001
1770379200003,-8.227e-05,2026-02-06 12:00:00.003
1770393600000,-0.00013121,2026-02-06 16:00:00.000
1770408000005,1.656e-05,2026-02-06 20:00:00.005
1770422400003,3.89e-06,2026-02-07 00:00:00.003
1770436800024,-3.601e-05,2026-02-07 04:00:00.024
1770451200000,1.11e-05,2026-02-07 08:00:00.000
1770465600007,3.173e-05,2026-02-07 12:00:00.007
1770480000010,3.964e-05,2026-02-07 16:00:00.010
1770494400000,2.45e-06,2026-02-07 20:00:00.000
1770508800003,2.55e-06,2026-02-08 00:00:00.003
1770523200002,6.06e-06,2026-02-08 04:00:00.002
1770537600000,2.424e-05,2026-02-08 08:00:00.000
1770552000005,1.899e-05,2026-02-08 12:00:00.005
1770566400000,-3.893e-05,2026-02-08 16:00:00.000
1770580800000,4.14e-05,2026-02-08 20:00:00.000
1770595200002,-2.024e-05,2026-02-09 00:00:00.002
1770609600012,-3.718e-05,2026-02-09 04:00:00.012
1770624000001,1.71e-06,2026-02-09 08:00:00.001
1770638400003,-8.135e-05,2026-02-09 12:00:00.003
1770652800007,-1.372e-05,2026-02-09 16:00:00.007
1770667200006,-3.318e-05,2026-02-09 20:00:00.006
1770681600000,-4.567e-05,2026-02-10 00:00:00.000
1770696000000,-0.00023714,2026-02-10 04:00:00.000
1770710400007,-0.00030703,2026-02-10 08:00:00.007
1770724800000,-0.00024476,2026-02-10 12:00:00.000
1770739200000,-0.0003737,2026-02-10 16:00:00.000
1770753600007,-0.00016082,2026-02-10 20:00:00.007
1770768000000,-0.00036333,2026-02-11 00:00:00.000
1770782400000,-0.00058311,2026-02-11 04:00:00.000
1770796800006,-0.00053136,2026-02-11 08:00:00.006
1770811200000,-0.00056235,2026-02-11 12:00:00.000
1770825600000,-0.00064122,2026-02-11 16:00:00.000
1770840000003,-0.00020852,2026-02-11 20:00:00.003
1770854400000,-0.00011004,2026-02-12 00:00:00.000
1770868800000,-0.00011851,2026-02-12 04:00:00.000
1770883200001,-0.00017997,2026-02-12 08:00:00.001
1770897600002,-0.00012406,2026-02-12 12:00:00.002
1770912000001,-9.778e-05,2026-02-12 16:00:00.001
1770926400006,-4.853e-05,2026-02-12 20:00:00.006
1770940800007,1.226e-05,2026-02-13 00:00:00.007
1770955200000,-0.0001021,2026-02-13 04:00:00.000
1770969600003,1.513e-05,2026-02-13 08:00:00.003
1770984000000,3.13e-06,2026-02-13 12:00:00.000
1770998400005,-5.101e-05,2026-02-13 16:00:00.005
1771012800006,-2.792e-05,2026-02-13 20:00:00.006
1771027200002,-3.825e-05,2026-02-14 00:00:00.002
1771041600007,4.809e-05,2026-02-14 04:00:00.007
1771056000004,3.05e-05,2026-02-14 08:00:00.004
1771070400000,6.12e-06,2026-02-14 12:00:00.000
1771084800002,2.882e-05,2026-02-14 16:00:00.002
1771099200000,5e-05,2026-02-14 20:00:00.000
1771113600000,5e-05,2026-02-15 00:00:00.000
1771128000000,5e-05,2026-02-15 04:00:00.000
1771142400002,-8.6e-06,2026-02-15 08:00:00.002
1771156800005,2.497e-05,2026-02-15 12:00:00.005
1771171200000,-2.064e-05,2026-02-15 16:00:00.000
1771185600009,3.008e-05,2026-02-15 20:00:00.009
1771200000001,3.662e-05,2026-02-16 00:00:00.001
1771214400004,5e-05,2026-02-16 04:00:00.004
1771228800003,-3.002e-05,2026-02-16 08:00:00.003
1771243200000,5.15e-06,2026-02-16 12:00:00.000
1771257600000,-4.512e-05,2026-02-16 16:00:00.000
1771272000009,-8.691e-05,2026-02-16 20:00:00.009
1771286400008,5e-05,2026-02-17 00:00:00.008
1771300800003,5e-05,2026-02-17 04:00:00.003
1771315200001,-9.28e-06,2026-02-17 08:00:00.001
1771329600000,2.37e-05,2026-02-17 12:00:00.000
1771344000002,-2.378e-05,2026-02-17 16:00:00.002
1771358400002,4.81e-06,2026-02-17 20:00:00.002
1771372800000,-2.578e-05,2026-02-18 00:00:00.000
1771387200000,-3.001e-05,2026-02-18 04:00:00.000
1771401600000,-1.278e-05,2026-02-18 08:00:00.000
1771416000007,-4.321e-05,2026-02-18 12:00:00.007
1771430400011,-3.16e-05,2026-02-18 16:00:00.011
1771444800004,2.85e-05,2026-02-18 20:00:00.004
1771459200013,5e-05,2026-02-19 00:00:00.013
1771473600003,3.802e-05,2026-02-19 04:00:00.003
1771488000000,5e-05,2026-02-19 08:00:00.000
1771502400011,5e-05,2026-02-19 12:00:00.011
1771516800003,-2.066e-05,2026-02-19 16:00:00.003
1771531200000,-1.799e-05,2026-02-19 20:00:00.000
1771545600000,5e-05,2026-02-20 00:00:00.000
1771560000003,2.481e-05,2026-02-20 04:00:00.003
1771574400000,5e-05,2026-02-20 08:00:00.000
1771588800000,3.117e-05,2026-02-20 12:00:00.000
1771603200000,1.285e-05,2026-02-20 16:00:00.000
1771617600000,2.982e-05,2026-02-20 20:00:00.000
1771632000004,4.145e-05,2026-02-21 00:00:00.004
1771646400000,5e-05,2026-02-21 04:00:00.000
1771660800000,4.869e-05,2026-02-21 08:00:00.000
1771675200013,3.993e-05,2026-02-21 12:00:00.013
1771689600005,3.255e-05,2026-02-21 16:00:00.005
1771704000000,9.62e-06,2026-02-21 20:00:00.000
1771718400001,2.157e-05,2026-02-22 00:00:00.001
1771732800008,-2.23e-06,2026-02-22 04:00:00.008
1771747200004,3.433e-05,2026-02-22 08:00:00.004
1771761600008,3.806e-05,2026-02-22 12:00:00.008
1771776000000,1.533e-05,2026-02-22 16:00:00.000
1771790400000,2.455e-05,2026-02-22 20:00:00.000
1771804800001,4.835e-05,2026-02-23 00:00:00.001
1771819200000,1.418e-05,2026-02-23 04:00:00.000
1771833600000,-1.419e-05,2026-02-23 08:00:00.000
1771848000003,2.924e-05,2026-02-23 12:00:00.003
1771862400000,1.368e-05,2026-02-23 16:00:00.000
1771876800000,3.115e-05,2026-02-23 20:00:00.000
1771891200007,3.236e-05,2026-02-24 00:00:00.007
1771905600000,2.163e-05,2026-02-24 04:00:00.000
1771920000000,3.46e-05,2026-02-24 08:00:00.000
1771934400000,1.3e-05,2026-02-24 12:00:00.000
1771948800001,5e-05,2026-02-24 16:00:00.001
1771963200002,1.059e-05,2026-02-24 20:00:00.002
1771977600001,4.037e-05,2026-02-25 00:00:00.001
1771992000000,-2.212e-05,2026-02-25 04:00:00.000
1772006400007,-5.347e-05,2026-02-25 08:00:00.007
1772020800000,-5.393e-05,2026-02-25 12:00:00.000
1772035200000,4.944e-05,2026-02-25 16:00:00.000
1772049600006,5e-05,2026-02-25 20:00:00.006
1772064000000,3.52e-06,2026-02-26 00:00:00.000
1772078400000,-5.194e-05,2026-02-26 04:00:00.000
1772092800006,4.233e-05,2026-02-26 08:00:00.006
1772107200004,-4.594e-05,2026-02-26 12:00:00.004
1772121600002,-5.345e-05,2026-02-26 16:00:00.002
1772136000001,-9.16e-06,2026-02-26 20:00:00.001
1772150400007,-1.015e-05,2026-02-27 00:00:00.007
1772164800000,-6.1e-07,2026-02-27 04:00:00.000
1772179200000,1.391e-05,2026-02-27 08:00:00.000
1772193600000,-5.027e-05,2026-02-27 12:00:00.000
1772208000001,-1.95e-06,2026-02-27 16:00:00.001
1772222400007,-2.209e-05,2026-02-27 20:00:00.007
1772236800000,2.323e-05,2026-02-28 00:00:00.000
1772251200002,-3.172e-05,2026-02-28 04:00:00.002
1772265600000,-9e-07,2026-02-28 08:00:00.000
1772280000001,-5.181e-05,2026-02-28 12:00:00.001
1772294400004,5e-05,2026-02-28 16:00:00.004
1772308800000,-1.215e-05,2026-02-28 20:00:00.000
1772323200005,1.459e-05,2026-03-01 00:00:00.005
1772337600000,-1.924e-05,2026-03-01 04:00:00.000
1772352000000,-2.811e-05,2026-03-01 08:00:00.000
1772366400000,-1.39e-05,2026-03-01 12:00:00.000
1772380800002,-2.251e-05,2026-03-01 16:00:00.002
1772395200001,-5.518e-05,2026-03-01 20:00:00.001
1772409600001,2.789e-05,2026-03-02 00:00:00.001
1772424000001,-7.568e-05,2026-03-02 04:00:00.001
1772438400007,-9.672e-05,2026-03-02 08:00:00.007
1772452800002,-0.00010137,2026-03-02 12:00:00.002
1772467200000,-0.00017466,2026-03-02 16:00:00.000
1772481600000,-0.000209,2026-03-02 20:00:00.000
1772496000000,-0.000302,2026-03-03 00:00:00.000
1772510400009,-0.00011239,2026-03-03 04:00:00.009
1772524800000,-0.00018194,2026-03-03 08:00:00.000
1772539200017,-0.00019192,2026-03-03 12:00:00.017
1772553600007,-0.00027436,2026-03-03 16:00:00.007
1772568000000,-0.00010021,2026-03-03 20:00:00.000
1772582400001,-0.00016564,2026-03-04 00:00:00.001
1772596800000,-0.00021305,2026-03-04 04:00:00.000
1772611200005,-0.00018754,2026-03-04 08:00:00.005
1772625600008,-0.0003676,2026-03-04 12:00:00.008
1772640000000,-0.00037014,2026-03-04 16:00:00.000
1772654400000,-0.00038789,2026-03-04 20:00:00.000
1772668800000,-0.00019871,2026-03-05 00:00:00.000
1772683200000,-0.00029924,2026-03-05 04:00:00.000
1772697600000,-0.00034084,2026-03-05 08:00:00.000
1772712000000,-0.0004815,2026-03-05 12:00:00.000
1772726400004,-0.00041851,2026-03-05 16:00:00.004
1772740800000,-0.00044407,2026-03-05 20:00:00.000
1772755200001,-0.00021567,2026-03-06 00:00:00.001
1772769600003,-0.00020523,2026-03-06 04:00:00.003
1772784000001,-0.00015184,2026-03-06 08:00:00.001
1772798400005,-0.00020097,2026-03-06 12:00:00.005
1772812800004,-0.00019518,2026-03-06 16:00:00.004
1772827200010,-0.00034399,2026-03-06 20:00:00.010
1772841600001,-0.00024922,2026-03-07 00:00:00.001
1772856000006,-0.00027649,2026-03-07 04:00:00.006
1772870400012,-9.981e-05,2026-03-07 08:00:00.012
1772884800000,-0.00019279,2026-03-07 12:00:00.000
1772899200001,-0.00018515,2026-03-07 16:00:00.001
1772913600000,-0.0002211,2026-03-07 20:00:00.000
1772928000001,-0.00037633,2026-03-08 00:00:00.001
1772942400010,-0.00038009,2026-03-08 04:00:00.010
1772956800000,-0.00041596,2026-03-08 08:00:00.000
1772971200002,-0.00045817,2026-03-08 12:00:00.002
1772985600002,-0.00046585,2026-03-08 16:00:00.002
1773000000000,-0.00045607,2026-03-08 20:00:00.000
1773014400000,-0.00042511,2026-03-09 00:00:00.000
1773028800006,-0.00037848,2026-03-09 04:00:00.006
1773043200004,-0.00036465,2026-03-09 08:00:00.004
1773057600001,-0.00024489,2026-03-09 12:00:00.001
1773072000003,-0.00023264,2026-03-09 16:00:00.003
1773086400000,-0.00020042,2026-03-09 20:00:00.000
1773100800012,-0.00028886,2026-03-10 00:00:00.012
1773115200000,-0.00014725,2026-03-10 04:00:00.000
1773129600002,-0.00023278,2026-03-10 08:00:00.002
1773144000004,-0.00030062,2026-03-10 12:00:00.004
1773158400001,-0.00015308,2026-03-10 16:00:00.001
1773172800004,-0.00012268,2026-03-10 20:00:00.004
1773187200000,-0.00018188,2026-03-11 00:00:00.000
1773201600000,-0.00014311,2026-03-11 04:00:00.000
1773216000007,-0.0001729,2026-03-11 08:00:00.007
1773230400003,-7.121e-05,2026-03-11 12:00:00.003
1773244800010,-0.00028672,2026-03-11 16:00:00.010
1773259200004,-0.00031995,2026-03-11 20:00:00.004
1773273600000,-0.00035991,2026-03-12 00:00:00.000
1773288000001,-0.00020322,2026-03-12 04:00:00.001
1773302400000,-0.00027183,2026-03-12 08:00:00.000
1773316800006,-0.00040601,2026-03-12 12:00:00.006
1773331200000,-0.00016013,2026-03-12 16:00:00.000
1773345600006,-0.00027924,2026-03-12 20:00:00.006
1773360000006,-0.00012267,2026-03-13 00:00:00.006
1773374400005,-0.00010829,2026-03-13 04:00:00.005
1773388800001,-0.00026509,2026-03-13 08:00:00.001
1773403200003,-0.00020341,2026-03-13 12:00:00.003
1773417600000,5e-05,2026-03-13 16:00:00.000
1773432000000,-1.821e-05,2026-03-13 20:00:00.000
1773446400001,-6.029e-05,2026-03-14 00:00:00.001
1773460800002,-2.859e-05,2026-03-14 04:00:00.002
1773475200000,-1.839e-05,2026-03-14 08:00:00.000
1773489600000,-5.699e-05,2026-03-14 12:00:00.000
1773504000007,-5.14e-06,2026-03-14 16:00:00.007
1773518400000,-0.00012189,2026-03-14 20:00:00.000
1773532800000,-0.00019333,2026-03-15 00:00:00.000
1773547200000,-0.00023507,2026-03-15 04:00:00.000
1773561600000,-0.00012387,2026-03-15 08:00:00.000
1773576000002,-0.0002927,2026-03-15 12:00:00.002
1773590400000,-0.00016119,2026-03-15 16:00:00.000
1773604800000,-0.00014515,2026-03-15 20:00:00.000
1773619200000,-0.00013073,2026-03-16 00:00:00.000
1773633600006,-0.00025532,2026-03-16 04:00:00.006
1773648000010,-0.00021697,2026-03-16 08:00:00.010
1773662400002,-0.00027371,2026-03-16 12:00:00.002
1773676800000,-0.00025029,2026-03-16 16:00:00.000
1773691200001,-0.00016102,2026-03-16 20:00:00.001
1773705600000,-9.355e-05,2026-03-17 00:00:00.000
1773720000008,-4.612e-05,2026-03-17 04:00:00.008
1773734400002,-1.679e-05,2026-03-17 08:00:00.002
1773748800012,-0.00014563,2026-03-17 12:00:00.012
1773763200011,-0.00021032,2026-03-17 16:00:00.011
1773777600000,-0.00013717,2026-03-17 20:00:00.000
1773792000002,-0.00013341,2026-03-18 00:00:00.002
1773806400000,-6.078e-05,2026-03-18 04:00:00.000
1773820800002,-4.035e-05,2026-03-18 08:00:00.002
1773835200001,-2.762e-05,2026-03-18 12:00:00.001
1773849600005,-7.697e-05,2026-03-18 16:00:00.005
1773864000008,-2.343e-05,2026-03-18 20:00:00.008
1773878400000,-2.536e-05,2026-03-19 00:00:00.000
1773892800000,-1.465e-05,2026-03-19 04:00:00.000
1773907200003,3.324e-05,2026-03-19 08:00:00.003
1773921600002,8.56e-06,2026-03-19 12:00:00.002
1773936000003,-7.22e-06,2026-03-19 16:00:00.003
1773950400000,-3.949e-05,2026-03-19 20:00:00.000
1773964800002,-7.106e-05,2026-03-20 00:00:00.002
1773979200008,-0.0001607,2026-03-20 04:00:00.008
1773993600000,-3.478e-05,2026-03-20 08:00:00.000
1774008000000,-0.00010146,2026-03-20 12:00:00.000
1774022400000,-7.954e-05,2026-03-20 16:00:00.000
1774036800007,-4.418e-05,2026-03-20 20:00:00.007
1774051200000,-8.354e-05,2026-03-21 00:00:00.000
1774065600002,-5.988e-05,2026-03-21 04:00:00.002
1774080000000,-2.493e-05,2026-03-21 08:00:00.000
1774094400003,-8.713e-05,2026-03-21 12:00:00.003
1774108800014,-5.42e-06,2026-03-21 16:00:00.014
1774123200000,-6.487e-05,2026-03-21 20:00:00.000
1774137600012,-1.495e-05,2026-03-22 00:00:00.012
1774152000003,-6.981e-05,2026-03-22 04:00:00.003
1774166400007,2.568e-05,2026-03-22 08:00:00.007
1774180800000,-5.95e-06,2026-03-22 12:00:00.000
1774195200002,-3.742e-05,2026-03-22 16:00:00.002
1774209600000,1.429e-05,2026-03-22 20:00:00.000
1774224000000,3.632e-05,2026-03-23 00:00:00.000
1774238400000,-3.292e-05,2026-03-23 04:00:00.000
1774252800003,-9.955e-05,2026-03-23 08:00:00.003
1774267200000,-9.571e-05,2026-03-23 12:00:00.000
1774281600002,-0.00019011,2026-03-23 16:00:00.002
1774296000000,-6.538e-05,2026-03-23 20:00:00.000
1774310400000,-0.00010249,2026-03-24 00:00:00.000
1774324800001,3.749e-05,2026-03-24 04:00:00.001
1774339200000,5e-05,2026-03-24 08:00:00.000
1774353600000,5e-05,2026-03-24 12:00:00.000
1774368000003,3.445e-05,2026-03-24 16:00:00.003
1774382400000,-1.038e-05,2026-03-24 20:00:00.000
1774396800000,5e-05,2026-03-25 00:00:00.000
1774411200000,-8.73e-06,2026-03-25 04:00:00.000
1774425600000,2.418e-05,2026-03-25 08:00:00.000
1774440000005,-7.16e-06,2026-03-25 12:00:00.005
1774454400013,-4.82e-05,2026-03-25 16:00:00.013
1774468800001,-9.2e-06,2026-03-25 20:00:00.001
1774483200001,-6.359e-05,2026-03-26 00:00:00.001
1774497600002,1.685e-05,2026-03-26 04:00:00.002
1774512000001,-0.00010478,2026-03-26 08:00:00.001
1774526400000,1.861e-05,2026-03-26 12:00:00.000
1774540800000,-0.00010816,2026-03-26 16:00:00.000
1774555200003,-8.947e-05,2026-03-26 20:00:00.003
1774569600006,5e-05,2026-03-27 00:00:00.006
1774584000001,-0.00013918,2026-03-27 04:00:00.001
1774598400000,-6.378e-05,2026-03-27 08:00:00.000
1774612800002,3.824e-05,2026-03-27 12:00:00.002
1774627200000,-6.487e-05,2026-03-27 16:00:00.000
1774641600000,-3.829e-05,2026-03-27 20:00:00.000
1774656000005,-7.714e-05,2026-03-28 00:00:00.005
1774670400003,-0.00013897,2026-03-28 04:00:00.003
1774684800005,-2.225e-05,2026-03-28 08:00:00.005
1774699200006,-1.807e-05,2026-03-28 12:00:00.006
1774713600000,-1.702e-05,2026-03-28 16:00:00.000
1774728000003,-0.00013497,2026-03-28 20:00:00.003
1774742400003,-2.629e-05,2026-03-29 00:00:00.003
1774756800000,-3.812e-05,2026-03-29 04:00:00.000
1774771200001,2.804e-05,2026-03-29 08:00:00.001
1774785600000,-9.17e-06,2026-03-29 12:00:00.000
1774800000000,1.599e-05,2026-03-29 16:00:00.000
1774814400000,-5.29e-05,2026-03-29 20:00:00.000
1774828800000,-3.672e-05,2026-03-30 00:00:00.000
1774843200012,-3.243e-05,2026-03-30 04:00:00.012
1774857600005,6.02e-06,2026-03-30 08:00:00.005
1774872000005,-3.114e-05,2026-03-30 12:00:00.005
1774886400000,-0.00013502,2026-03-30 16:00:00.000
1774900800000,-0.00020156,2026-03-30 20:00:00.000
1774915200000,-9.437e-05,2026-03-31 00:00:00.000
1774929600000,-0.00021265,2026-03-31 04:00:00.000
1774944000000,-0.0002193,2026-03-31 08:00:00.000
1774958400001,-0.00011357,2026-03-31 12:00:00.001
1774972800000,-0.00024284,2026-03-31 16:00:00.000
1774987200002,-4.882e-05,2026-03-31 20:00:00.002
1775001600000,-9.974e-05,2026-04-01 00:00:00.000
1775016000004,-0.00019315,2026-04-01 04:00:00.004
1775030400000,-2.542e-05,2026-04-01 08:00:00.000
1775044800000,4.121e-05,2026-04-01 12:00:00.000
1775059200000,-1.43e-05,2026-04-01 16:00:00.000
1775073600000,-2.107e-05,2026-04-01 20:00:00.000
1775088000003,2.57e-06,2026-04-02 00:00:00.003
1775102400003,-3.571e-05,2026-04-02 04:00:00.003
1775116800001,4.763e-05,2026-04-02 08:00:00.001
1775131200003,-7.02e-05,2026-04-02 12:00:00.003
1775145600001,-0.00011285,2026-04-02 16:00:00.001
1775160000003,-7.556e-05,2026-04-02 20:00:00.003
1775174400000,-0.00011362,2026-04-03 00:00:00.000
1775188800000,-1.969e-05,2026-04-03 04:00:00.000
1775203200008,5e-05,2026-04-03 08:00:00.008
1775217600006,-3.176e-05,2026-04-03 12:00:00.006
1775232000008,2.814e-05,2026-04-03 16:00:00.008
1775246400001,-1.72e-06,2026-04-03 20:00:00.001
1775260800000,1.304e-05,2026-04-04 00:00:00.000
1775275200001,-6e-06,2026-04-04 04:00:00.001
1775289600003,5e-05,2026-04-04 08:00:00.003
1775304000000,4.9e-07,2026-04-04 12:00:00.000
1775318400000,-5.62e-06,2026-04-04 16:00:00.000
1775332800000,3.243e-05,2026-04-04 20:00:00.000
1775347200008,7.13e-06,2026-04-05 00:00:00.008
1775361600002,4.11e-06,2026-04-05 04:00:00.002
1775376000000,-8.4e-07,2026-04-05 08:00:00.000
1775390400003,1.254e-05,2026-04-05 12:00:00.003
1775404800001,-4.763e-05,2026-04-05 16:00:00.001
1775419200003,-8.456e-05,2026-04-05 20:00:00.003
1775433600004,-5.562e-05,2026-04-06 00:00:00.004
1775448000005,5e-05,2026-04-06 04:00:00.005
1775462400001,5e-05,2026-04-06 08:00:00.001
1775476800002,5e-05,2026-04-06 12:00:00.002
1775491200003,5e-05,2026-04-06 16:00:00.003
1775505600000,5e-05,2026-04-06 20:00:00.000
1775520000000,-3.713e-05,2026-04-07 00:00:00.000
1775534400003,2.835e-05,2026-04-07 04:00:00.003
1775548800000,1.505e-05,2026-04-07 08:00:00.000
1775563200008,3.936e-05,2026-04-07 12:00:00.008
1775577600000,-9.16e-06,2026-04-07 16:00:00.000
1775592000000,-7.67e-06,2026-04-07 20:00:00.000
1775606400000,-9.953e-05,2026-04-08 00:00:00.000
1775620800002,-2.131e-05,2026-04-08 04:00:00.002
1775635200000,4.903e-05,2026-04-08 08:00:00.000
1775649600013,4.503e-05,2026-04-08 12:00:00.013
1775664000006,5e-05,2026-04-08 16:00:00.006
1775678400005,1.418e-05,2026-04-08 20:00:00.005
1775692800000,5e-05,2026-04-09 00:00:00.000
1775707200005,5e-05,2026-04-09 04:00:00.005
1775721600010,4.206e-05,2026-04-09 08:00:00.010
1775736000001,5e-05,2026-04-09 12:00:00.001
1775750400001,1.138e-05,2026-04-09 16:00:00.001
1775764800001,3.678e-05,2026-04-09 20:00:00.001
1775779200000,5e-05,2026-04-10 00:00:00.000
1775793600000,-1.47e-06,2026-04-10 04:00:00.000
1775808000005,5e-05,2026-04-10 08:00:00.005
1775822400000,5e-05,2026-04-10 12:00:00.000
1775836800000,3.969e-05,2026-04-10 16:00:00.000
1775851200002,3.928e-05,2026-04-10 20:00:00.002
1775865600000,5e-05,2026-04-11 00:00:00.000
1775880000009,9.7e-07,2026-04-11 04:00:00.009
1775894400000,4.672e-05,2026-04-11 08:00:00.000
1775908800002,1.365e-05,2026-04-11 12:00:00.002
1775923200003,3.187e-05,2026-04-11 16:00:00.003
1775937600001,5e-05,2026-04-11 20:00:00.001
1775952000000,4.738e-05,2026-04-12 00:00:00.000
1775966400000,2.878e-05,2026-04-12 04:00:00.000
1775980800000,5e-05,2026-04-12 08:00:00.000
1775995200000,7.81e-06,2026-04-12 12:00:00.000
1776009600000,5e-05,2026-04-12 16:00:00.000
1776024000013,5e-05,2026-04-12 20:00:00.013
1776038400011,5e-05,2026-04-13 00:00:00.011
1776052800003,5e-05,2026-04-13 04:00:00.003
1776067200006,3.388e-05,2026-04-13 08:00:00.006
1776081600010,-1.234e-05,2026-04-13 12:00:00.010
1776096000000,1.824e-05,2026-04-13 16:00:00.000
1776110400000,3.224e-05,2026-04-13 20:00:00.000
1776124800005,5e-05,2026-04-14 00:00:00.005
1776139200000,5e-05,2026-04-14 04:00:00.000
1776153600003,5e-05,2026-04-14 08:00:00.003
1776168000000,5e-05,2026-04-14 12:00:00.000
1776182400001,2.32e-06,2026-04-14 16:00:00.001
1776196800009,4.629e-05,2026-04-14 20:00:00.009
1776211200000,2.138e-05,2026-04-15 00:00:00.000
1776225600000,3.259e-05,2026-04-15 04:00:00.000
1776240000000,-4.308e-05,2026-04-15 08:00:00.000
1776254400000,4.91e-06,2026-04-15 12:00:00.000
1776268800000,2.052e-05,2026-04-15 16:00:00.000
1776283200009,4.307e-05,2026-04-15 20:00:00.009
1776297600013,2.79e-05,2026-04-16 00:00:00.013
1776312000008,5e-05,2026-04-16 04:00:00.008
1776326400000,5e-05,2026-04-16 08:00:00.000
1776340800004,5e-05,2026-04-16 12:00:00.004
1776355200000,1.745e-05,2026-04-16 16:00:00.000
1776369600000,5e-05,2026-04-16 20:00:00.000
1776384000001,5e-05,2026-04-17 00:00:00.001
1776398400003,5e-05,2026-04-17 04:00:00.003
1776412800011,1.643e-05,2026-04-17 08:00:00.011
1776427200003,5e-05,2026-04-17 12:00:00.003
1776441600001,5e-05,2026-04-17 16:00:00.001
1776456000005,5e-05,2026-04-17 20:00:00.005
1776470400001,3.117e-05,2026-04-18 00:00:00.001
1776484800003,1.017e-05,2026-04-18 04:00:00.003
1776499200006,2.75e-05,2026-04-18 08:00:00.006
1776513600000,-4.132e-05,2026-04-18 12:00:00.000
1776528000000,-1.975e-05,2026-04-18 16:00:00.000
1776542400002,-4.845e-05,2026-04-18 20:00:00.002
1776556800002,5.41e-06,2026-04-19 00:00:00.002
1776571200000,-0.00010404,2026-04-19 04:00:00.000
1776585600010,-3.258e-05,2026-04-19 08:00:00.010
1776600000003,-2.961e-05,2026-04-19 12:00:00.003
1776614400001,-0.00012148,2026-04-19 16:00:00.001
1776628800005,-0.00011779,2026-04-19 20:00:00.005
1776643200000,-4.171e-05,2026-04-20 00:00:00.000
1776657600001,-4.913e-05,2026-04-20 04:00:00.001
1776672000000,-9.327e-05,2026-04-20 08:00:00.000
1776686400009,-0.00011168,2026-04-20 12:00:00.009
1776700800001,-4.779e-05,2026-04-20 16:00:00.001
1776715200000,-3.757e-05,2026-04-20 20:00:00.000
1776729600000,5e-05,2026-04-21 00:00:00.000
1776744000000,5e-05,2026-04-21 04:00:00.000
1776758400004,4.798e-05,2026-04-21 08:00:00.004
1776772800000,5.99e-06,2026-04-21 12:00:00.000
1776787200004,5e-05,2026-04-21 16:00:00.004
1776801600003,3.87e-06,2026-04-21 20:00:00.003
1776816000004,3.864e-05,2026-04-22 00:00:00.004
1776830400003,-6.069e-05,2026-04-22 04:00:00.003
1776844800000,5e-05,2026-04-22 08:00:00.000
1776859200000,-9.219e-05,2026-04-22 12:00:00.000
1776873600000,1.015e-05,2026-04-22 16:00:00.000
1776888000003,-6.048e-05,2026-04-22 20:00:00.003
1776902400000,1.468e-05,2026-04-23 00:00:00.000
1776916800000,5e-05,2026-04-23 04:00:00.000
1776931200000,-1.469e-05,2026-04-23 08:00:00.000
1776945600000,3.325e-05,2026-04-23 12:00:00.000
1776960000004,5e-05,2026-04-23 16:00:00.004
1776974400006,5e-05,2026-04-23 20:00:00.006
1776988800006,-1.685e-05,2026-04-24 00:00:00.006
1777003200000,-9.99e-06,2026-04-24 04:00:00.000
1777017600000,3.962e-05,2026-04-24 08:00:00.000
1777032000002,1.009e-05,2026-04-24 12:00:00.002
1777046400000,3.26e-06,2026-04-24 16:00:00.000
1777060800003,2.155e-05,2026-04-24 20:00:00.003
1777075200000,1.83e-06,2026-04-25 00:00:00.000
1777089600005,2.323e-05,2026-04-25 04:00:00.005
1777104000002,-7.009e-05,2026-04-25 08:00:00.002
1777118400001,-4.244e-05,2026-04-25 12:00:00.001
1777132800002,2.528e-05,2026-04-25 16:00:00.002
1777147200001,-7.716e-05,2026-04-25 20:00:00.001
1777161600003,-0.00013591,2026-04-26 00:00:00.003
1777176000001,-0.00012976,2026-04-26 04:00:00.001
1777190400007,3.8e-07,2026-04-26 08:00:00.007
1777204800001,5e-05,2026-04-26 12:00:00.001
1777219200004,2.909e-05,2026-04-26 16:00:00.004
1777233600014,5e-05,2026-04-26 20:00:00.014
1777248000004,5e-05,2026-04-27 00:00:00.004
1777262400000,5e-05,2026-04-27 04:00:00.000
1777276800000,5e-05,2026-04-27 08:00:00.000
1777291200004,5e-05,2026-04-27 12:00:00.004
1777305600002,5e-05,2026-04-27 16:00:00.002
1777320000000,-6.19e-06,2026-04-27 20:00:00.000
1777334400001,5e-05,2026-04-28 00:00:00.001
1777348800006,9.67e-06,2026-04-28 04:00:00.006
1777363200000,-0.00012522,2026-04-28 08:00:00.000
1777377600000,-0.00011776,2026-04-28 12:00:00.000
1777392000004,5e-05,2026-04-28 16:00:00.004
1777406400001,5e-05,2026-04-28 20:00:00.001
1777420800006,5e-05,2026-04-29 00:00:00.006
1777435200003,5e-05,2026-04-29 04:00:00.003
1777449600011,5e-05,2026-04-29 08:00:00.011
1777464000000,-3.294e-05,2026-04-29 12:00:00.000
1777478400003,5e-05,2026-04-29 16:00:00.003
1777492800004,5e-05,2026-04-29 20:00:00.004
1777507200002,5e-05,2026-04-30 00:00:00.002
1777521600000,5e-05,2026-04-30 04:00:00.000
1777536000000,5e-05,2026-04-30 08:00:00.000
1777550400000,5e-05,2026-04-30 12:00:00.000
1777564800000,5e-05,2026-04-30 16:00:00.000
1777579200002,1.156e-05,2026-04-30 20:00:00.002
1777593600000,3.61e-05,2026-05-01 00:00:00.000
1777608000003,5e-05,2026-05-01 04:00:00.003
1777622400005,5e-05,2026-05-01 08:00:00.005
1777636800000,5e-05,2026-05-01 12:00:00.000
1777651200000,5e-05,2026-05-01 16:00:00.000
1777665600009,4.897e-05,2026-05-01 20:00:00.009
1777680000006,-4.534e-05,2026-05-02 00:00:00.006
1777694400000,4.565e-05,2026-05-02 04:00:00.000
1777708800000,5e-05,2026-05-02 08:00:00.000
1777723200009,5e-05,2026-05-02 12:00:00.009
1777737600010,5e-05,2026-05-02 16:00:00.010
1777752000000,5e-05,2026-05-02 20:00:00.000
1777766400005,5e-05,2026-05-03 00:00:00.005
1777780800014,5e-05,2026-05-03 04:00:00.014
1777795200003,-2.125e-05,2026-05-03 08:00:00.003
1777809600004,3.823e-05,2026-05-03 12:00:00.004
1777824000000,5e-05,2026-05-03 16:00:00.000
1777838400000,1.932e-05,2026-05-03 20:00:00.000
1777852800000,5e-05,2026-05-04 00:00:00.000
1777867200003,5e-05,2026-05-04 04:00:00.003
1777881600000,5e-05,2026-05-04 08:00:00.000
1777896000000,-7.96e-06,2026-05-04 12:00:00.000
1777910400003,4.509e-05,2026-05-04 16:00:00.003
1777924800007,5e-05,2026-05-04 20:00:00.007
1777939200000,5e-05,2026-05-05 00:00:00.000
1777953600000,3.07e-05,2026-05-05 04:00:00.000
1777968000011,4.399e-05,2026-05-05 08:00:00.011
1777982400006,3.124e-05,2026-05-05 12:00:00.006
1777996800000,3.63e-05,2026-05-05 16:00:00.000
1778011200000,-5.35e-05,2026-05-05 20:00:00.000
1778025600010,4.884e-05,2026-05-06 00:00:00.010
1778040000000,5e-05,2026-05-06 04:00:00.000
1778054400000,-2.952e-05,2026-05-06 08:00:00.000
1778068800000,5e-05,2026-05-06 12:00:00.000
1778083200002,5e-05,2026-05-06 16:00:00.002
1778097600000,5e-05,2026-05-06 20:00:00.000
1778112000000,5e-05,2026-05-07 00:00:00.000
1778126400001,3.505e-05,2026-05-07 04:00:00.001
1778140800000,5e-05,2026-05-07 08:00:00.000
1778155200000,5e-05,2026-05-07 12:00:00.000
1778169600004,5e-05,2026-05-07 16:00:00.004
1778184000005,5e-05,2026-05-07 20:00:00.005
1778198400003,5e-05,2026-05-08 00:00:00.003
1778212800000,5e-05,2026-05-08 04:00:00.000
1778227200002,5e-05,2026-05-08 08:00:00.002
1778241600000,-2.76e-06,2026-05-08 12:00:00.000
1778256000003,-5.67e-06,2026-05-08 16:00:00.003
1778270400000,3.493e-05,2026-05-08 20:00:00.000
1778284800000,-7.042e-05,2026-05-09 00:00:00.000
1778299200000,5e-05,2026-05-09 04:00:00.000
1778313600001,4.112e-05,2026-05-09 08:00:00.001
1778328000000,5e-05,2026-05-09 12:00:00.000
1778342400002,2.84e-06,2026-05-09 16:00:00.002
1778356800000,-2.624e-05,2026-05-09 20:00:00.000
1778371200003,-2.501e-05,2026-05-10 00:00:00.003
1778385600005,3.985e-05,2026-05-10 04:00:00.005
1778400000000,2.534e-05,2026-05-10 08:00:00.000
1778414400007,5e-05,2026-05-10 12:00:00.007
1778428800000,5e-05,2026-05-10 16:00:00.000
1778443200002,5e-05,2026-05-10 20:00:00.002
1778457600000,5e-05,2026-05-11 00:00:00.000
1778472000000,5e-05,2026-05-11 04:00:00.000
1778486400000,5e-05,2026-05-11 08:00:00.000
1778500800001,5e-05,2026-05-11 12:00:00.001
1778515200000,5e-05,2026-05-11 16:00:00.000
1778529600014,5e-05,2026-05-11 20:00:00.014
1778544000002,5e-05,2026-05-12 00:00:00.002
1778558400000,5e-05,2026-05-12 04:00:00.000
1778572800008,5e-05,2026-05-12 08:00:00.008
1778587200003,5e-05,2026-05-12 12:00:00.003
1778601600000,5e-05,2026-05-12 16:00:00.000
1778616000000,5e-05,2026-05-12 20:00:00.000
1778630400010,3.391e-05,2026-05-13 00:00:00.010
1778644800003,5e-05,2026-05-13 04:00:00.003
1778659200003,5e-05,2026-05-13 08:00:00.003
1778673600004,5e-05,2026-05-13 12:00:00.004
1778688000001,-2.675e-05,2026-05-13 16:00:00.001
1778702400004,-1.203e-05,2026-05-13 20:00:00.004
1778716800005,-1.775e-05,2026-05-14 00:00:00.005
1778731200005,-2.42e-05,2026-05-14 04:00:00.005
1778745600000,-2.998e-05,2026-05-14 08:00:00.000
1778760000001,5e-05,2026-05-14 12:00:00.001
1778774400000,5e-05,2026-05-14 16:00:00.000
1778788800000,5e-05,2026-05-14 20:00:00.000
1778803200000,5e-05,2026-05-15 00:00:00.000
1778817600006,5e-05,2026-05-15 04:00:00.006
1778832000016,3.981e-05,2026-05-15 08:00:00.016
1778846400001,3.876e-05,2026-05-15 12:00:00.001
1778860800012,-6.861e-05,2026-05-15 16:00:00.012
1778875200001,-8.487e-05,2026-05-15 20:00:00.001
1778889600005,4.49e-06,2026-05-16 00:00:00.005
1778904000000,1.919e-05,2026-05-16 04:00:00.000
1778918400000,2.792e-05,2026-05-16 08:00:00.000
1778932800002,5e-05,2026-05-16 12:00:00.002
1778947200005,2.467e-05,2026-05-16 16:00:00.005
1778961600000,-9.52e-06,2026-05-16 20:00:00.000
1778976000000,5e-05,2026-05-17 00:00:00.000
1778990400012,5e-05,2026-05-17 04:00:00.012
1779004800010,5e-05,2026-05-17 08:00:00.010
1779019200014,5e-05,2026-05-17 12:00:00.014
1779033600009,5e-05,2026-05-17 16:00:00.009
1779048000002,5e-05,2026-05-17 20:00:00.002
1779062400007,5e-05,2026-05-18 00:00:00.007
1779076800000,2.47e-05,2026-05-18 04:00:00.000
1779091200002,5e-05,2026-05-18 08:00:00.002
1779105600001,5e-05,2026-05-18 12:00:00.001
1779120000007,3.638e-05,2026-05-18 16:00:00.007
1779134400000,5e-05,2026-05-18 20:00:00.000
1779148800001,5e-05,2026-05-19 00:00:00.001
1779163200003,5e-05,2026-05-19 04:00:00.003
1779177600001,5e-05,2026-05-19 08:00:00.001
1779192000000,5e-05,2026-05-19 12:00:00.000
1779206400009,5e-05,2026-05-19 16:00:00.009
1779220800001,1.638e-05,2026-05-19 20:00:00.001
1779235200001,5e-05,2026-05-20 00:00:00.001
1779249600001,5e-05,2026-05-20 04:00:00.001
1779264000006,5e-05,2026-05-20 08:00:00.006
1779278400001,5e-05,2026-05-20 12:00:00.001
1779292800000,5e-05,2026-05-20 16:00:00.000
1779307200019,5e-05,2026-05-20 20:00:00.019
1779321600001,5e-05,2026-05-21 00:00:00.001
1779336000000,5e-05,2026-05-21 04:00:00.000
1779350400000,5e-05,2026-05-21 08:00:00.000
1779364800000,5e-05,2026-05-21 12:00:00.000
1779379200000,4.485e-05,2026-05-21 16:00:00.000
1779393600001,5e-05,2026-05-21 20:00:00.001
1779408000000,4.647e-05,2026-05-22 00:00:00.000
1779422400000,5e-05,2026-05-22 04:00:00.000
1779436800004,5e-05,2026-05-22 08:00:00.004
1779451200000,5e-05,2026-05-22 12:00:00.000
1779465600001,5e-05,2026-05-22 16:00:00.001
1779480000002,4.623e-05,2026-05-22 20:00:00.002
1779494400009,4.351e-05,2026-05-23 00:00:00.009
1779508800006,5e-05,2026-05-23 04:00:00.006
1779523200001,1.404e-05,2026-05-23 08:00:00.001
1779537600000,-8.642e-05,2026-05-23 12:00:00.000
1779552000003,5e-05,2026-05-23 16:00:00.003
1779566400007,5e-05,2026-05-23 20:00:00.007
1779580800011,5e-05,2026-05-24 00:00:00.011
1779595200001,5e-05,2026-05-24 04:00:00.001
1779609600008,5e-05,2026-05-24 08:00:00.008
1779624000001,5e-05,2026-05-24 12:00:00.001
1779638400000,4.7e-05,2026-05-24 16:00:00.000
1779652800002,5e-05,2026-05-24 20:00:00.002
1779667200001,5e-05,2026-05-25 00:00:00.001
1779681600000,5e-05,2026-05-25 04:00:00.000
1779696000001,5e-05,2026-05-25 08:00:00.001
1779710400008,5e-05,2026-05-25 12:00:00.008
1779724800001,5e-05,2026-05-25 16:00:00.001
1779739200000,5e-05,2026-05-25 20:00:00.000
1779753600000,5e-05,2026-05-26 00:00:00.000
1779768000003,5e-05,2026-05-26 04:00:00.003
1779782400003,5e-05,2026-05-26 08:00:00.003
1779796800000,5e-05,2026-05-26 12:00:00.000
1779811200000,5e-05,2026-05-26 16:00:00.000
1779825600000,5e-05,2026-05-26 20:00:00.000
1779840000000,5e-05,2026-05-27 00:00:00.000
1779854400002,5e-05,2026-05-27 04:00:00.002
1779868800004,5e-05,2026-05-27 08:00:00.004
1779883200007,5e-05,2026-05-27 12:00:00.007
1779897600009,5e-05,2026-05-27 16:00:00.009
1779912000001,5e-05,2026-05-27 20:00:00.001
1779926400001,5e-05,2026-05-28 00:00:00.001
1779940800000,5e-05,2026-05-28 04:00:00.000
1779955200000,-2.14e-05,2026-05-28 08:00:00.000
1779969600000,4.376e-05,2026-05-28 12:00:00.000
1779984000001,1.693e-05,2026-05-28 16:00:00.001
1779998400005,5e-05,2026-05-28 20:00:00.005
1780012800000,-3.318e-05,2026-05-29 00:00:00.000
1780027200000,5e-05,2026-05-29 04:00:00.000
1780041600001,5e-05,2026-05-29 08:00:00.001
1780056000001,1.515e-05,2026-05-29 12:00:00.001
1780070400008,5e-05,2026-05-29 16:00:00.008
1780084800000,5e-05,2026-05-29 20:00:00.000
1780099200000,4.562e-05,2026-05-30 00:00:00.000
1780113600004,5e-05,2026-05-30 04:00:00.004
1780128000001,5e-05,2026-05-30 08:00:00.001
1780142400000,5e-05,2026-05-30 12:00:00.000
1780156800000,5e-05,2026-05-30 16:00:00.000
1780171200000,5e-05,2026-05-30 20:00:00.000
1780185600000,5e-05,2026-05-31 00:00:00.000
1780200000006,5e-05,2026-05-31 04:00:00.006
1780214400000,5e-05,2026-05-31 08:00:00.000
1780228800005,5e-05,2026-05-31 12:00:00.005
1780243200004,5e-05,2026-05-31 16:00:00.004
1780257600010,5e-05,2026-05-31 20:00:00.010
1780272000001,5e-05,2026-06-01 00:00:00.001
1780286400006,5e-05,2026-06-01 04:00:00.006
1780300800001,5e-05,2026-06-01 08:00:00.001
1780315200000,5e-05,2026-06-01 12:00:00.000
1780329600000,5e-05,2026-06-01 16:00:00.000
1780344000000,5e-05,2026-06-01 20:00:00.000
1780358400000,5e-05,2026-06-02 00:00:00.000
1780372800008,5e-05,2026-06-02 04:00:00.008
1780387200000,5e-05,2026-06-02 08:00:00.000
1780401600002,5e-05,2026-06-02 12:00:00.002
1780416000000,5e-05,2026-06-02 16:00:00.000
1780430400000,5e-05,2026-06-02 20:00:00.000
1780444800013,5e-05,2026-06-03 00:00:00.013
1780459200000,5e-05,2026-06-03 04:00:00.000
1780473600000,5e-05,2026-06-03 08:00:00.000
1780488000000,5e-05,2026-06-03 12:00:00.000
1780502400001,5e-05,2026-06-03 16:00:00.001
1780516800002,5e-05,2026-06-03 20:00:00.002
1780531200009,5e-05,2026-06-04 00:00:00.009
1780545600000,5e-05,2026-06-04 04:00:00.000
1780560000000,5e-05,2026-06-04 08:00:00.000
1780574400002,5e-05,2026-06-04 12:00:00.002
1780588800003,5e-05,2026-06-04 16:00:00.003
1780603200001,5e-05,2026-06-04 20:00:00.001
1780617600000,3.098e-05,2026-06-05 00:00:00.000
1780632000001,5e-05,2026-06-05 04:00:00.001
1780646400004,5e-05,2026-06-05 08:00:00.004
1780660800000,4.659e-05,2026-06-05 12:00:00.000
1780675200009,5e-05,2026-06-05 16:00:00.009
1780689600000,5e-05,2026-06-05 20:00:00.000
1780704000000,5e-05,2026-06-06 00:00:00.000
1780718400000,5e-05,2026-06-06 04:00:00.000
1780732800000,5e-05,2026-06-06 08:00:00.000
1780747200002,5e-05,2026-06-06 12:00:00.002
1780761600000,5e-05,2026-06-06 16:00:00.000
1780776000003,5e-05,2026-06-06 20:00:00.003
1780790400001,5e-05,2026-06-07 00:00:00.001
1780804800000,5e-05,2026-06-07 04:00:00.000
1780819200000,5e-05,2026-06-07 08:00:00.000
